experiment_name,b5e74caf-e0a3-47e9-8491-94b6c740d416,function_instantiate_time,1779123917.5593286,0.011238047
experiment_name,546cfdba-759b-4b9f-ab81-438dde267e43,function_instantiate_time,1779123917.6063278,0.010590122
experiment_name,10614005-b1a8-4731-93ca-2bc8b9398e1b,function_instantiate_time,1779123917.5592308,0.011970569
experiment_name,10614005-b1a8-4731-93ca-2bc8b9398e1b,function_init_time,1779123917.5592759,0.000061069
experiment_name,b5e74caf-e0a3-47e9-8491-94b6c740d416,function_init_time,1779123917.5594468,0.000109891
experiment_name,546cfdba-759b-4b9f-ab81-438dde267e43,function_init_time,1779123917.6063702,0.000045599
experiment_name,546cfdba-759b-4b9f-ab81-438dde267e43,function_execution_time,1779123917.7970676,0.00238224
experiment_name,546cfdba-759b-4b9f-ab81-438dde267e43,function_execution_time,1779123917.8057706,0.001833991
experiment_name,546cfdba-759b-4b9f-ab81-438dde267e43,function_execution_time,1779123917.80865,0.001093872
experiment_name,546cfdba-759b-4b9f-ab81-438dde267e43,function_execution_time,1779123917.8163004,0.000998792
experiment_name,546cfdba-759b-4b9f-ab81-438dde267e43,function_execution_time,1779123917.8192759,0.001095956
experiment_name,546cfdba-759b-4b9f-ab81-438dde267e43,function_execution_time,1779123917.8264692,0.001016797
experiment_name,546cfdba-759b-4b9f-ab81-438dde267e43,function_execution_time,1779123917.8298502,0.001054361
experiment_name,546cfdba-759b-4b9f-ab81-438dde267e43,function_execution_time,1779123917.836879,0.001037682
experiment_name,546cfdba-759b-4b9f-ab81-438dde267e43,function_execution_time,1779123917.8405273,0.001095993
experiment_name,546cfdba-759b-4b9f-ab81-438dde267e43,function_execution_time,1779123917.847176,0.000975234
experiment_name,546cfdba-759b-4b9f-ab81-438dde267e43,function_execution_time,1779123917.8511505,0.001027085
experiment_name,546cfdba-759b-4b9f-ab81-438dde267e43,function_execution_time,1779123917.85736,0.001071631
experiment_name,546cfdba-759b-4b9f-ab81-438dde267e43,function_execution_time,1779123917.862279,0.001005743
experiment_name,546cfdba-759b-4b9f-ab81-438dde267e43,function_execution_time,1779123917.867332,0.000997258
experiment_name,546cfdba-759b-4b9f-ab81-438dde267e43,function_execution_time,1779123917.877368,0.001010324
experiment_name,546cfdba-759b-4b9f-ab81-438dde267e43,function_execution_time,1779123917.8987339,0.001161628
experiment_name,546cfdba-759b-4b9f-ab81-438dde267e43,function_execution_time,1779123917.9082553,0.001299856
experiment_name,546cfdba-759b-4b9f-ab81-438dde267e43,function_execution_time,1779123917.910913,0.001390564
experiment_name,546cfdba-759b-4b9f-ab81-438dde267e43,function_execution_time,1779123917.9194877,0.001261965
experiment_name,546cfdba-759b-4b9f-ab81-438dde267e43,function_execution_time,1779123917.92165,0.000896443
experiment_name,546cfdba-759b-4b9f-ab81-438dde267e43,function_execution_time,1779123917.9291904,0.001290549
experiment_name,546cfdba-759b-4b9f-ab81-438dde267e43,function_execution_time,1779123917.932109,0.001665703
experiment_name,546cfdba-759b-4b9f-ab81-438dde267e43,function_execution_time,1779123917.9395595,0.001198009
experiment_name,546cfdba-759b-4b9f-ab81-438dde267e43,function_execution_time,1779123917.9430878,0.001274567
experiment_name,546cfdba-759b-4b9f-ab81-438dde267e43,function_execution_time,1779123917.9506323,0.001208621
experiment_name,546cfdba-759b-4b9f-ab81-438dde267e43,function_execution_time,1779123917.9526303,0.000864527
experiment_name,546cfdba-759b-4b9f-ab81-438dde267e43,function_execution_time,1779123917.9604106,0.001197901
experiment_name,546cfdba-759b-4b9f-ab81-438dde267e43,function_execution_time,1779123917.9649546,0.001354277
experiment_name,546cfdba-759b-4b9f-ab81-438dde267e43,function_execution_time,1779123917.9709084,0.001306618
experiment_name,546cfdba-759b-4b9f-ab81-438dde267e43,function_execution_time,1779123917.9819806,0.001852408
experiment_name,10614005-b1a8-4731-93ca-2bc8b9398e1b,function_execution_time,1779123917.5594716,0.000175964
experiment_name,10614005-b1a8-4731-93ca-2bc8b9398e1b,function_execution_time,1779123917.6607118,0.000097156
experiment_name,10614005-b1a8-4731-93ca-2bc8b9398e1b,function_execution_time,1779123917.7619462,0.000079349
experiment_name,10614005-b1a8-4731-93ca-2bc8b9398e1b,function_execution_time,1779123917.8629072,0.00030561
experiment_name,10614005-b1a8-4731-93ca-2bc8b9398e1b,function_execution_time,1779123917.9634912,0.000099313
experiment_name,10614005-b1a8-4731-93ca-2bc8b9398e1b,function_execution_time,1779123918.0653832,0.000083528
experiment_name,10614005-b1a8-4731-93ca-2bc8b9398e1b,function_execution_time,1779123918.1666243,0.000077074
experiment_name,10614005-b1a8-4731-93ca-2bc8b9398e1b,function_execution_time,1779123918.2680337,0.000086129
experiment_name,10614005-b1a8-4731-93ca-2bc8b9398e1b,function_execution_time,1779123918.3693805,0.000079619
experiment_name,10614005-b1a8-4731-93ca-2bc8b9398e1b,function_execution_time,1779123918.470609,0.000076483
experiment_name,10614005-b1a8-4731-93ca-2bc8b9398e1b,function_execution_time,1779123918.572032,0.000149631
experiment_name,10614005-b1a8-4731-93ca-2bc8b9398e1b,function_execution_time,1779123918.673293,0.000068135
experiment_name,10614005-b1a8-4731-93ca-2bc8b9398e1b,function_execution_time,1779123918.7746103,0.000071865
experiment_name,10614005-b1a8-4731-93ca-2bc8b9398e1b,function_execution_time,1779123918.8759594,0.000073951
experiment_name,10614005-b1a8-4731-93ca-2bc8b9398e1b,function_execution_time,1779123918.9772713,0.000078911
experiment_name,10614005-b1a8-4731-93ca-2bc8b9398e1b,function_execution_time,1779123919.0786097,0.000068963
experiment_name,10614005-b1a8-4731-93ca-2bc8b9398e1b,function_execution_time,1779123919.1800623,0.000077043
experiment_name,10614005-b1a8-4731-93ca-2bc8b9398e1b,function_execution_time,1779123919.2813249,0.000079823
experiment_name,10614005-b1a8-4731-93ca-2bc8b9398e1b,function_execution_time,1779123919.382638,0.000072359
experiment_name,10614005-b1a8-4731-93ca-2bc8b9398e1b,function_execution_time,1779123919.483949,0.000071165
experiment_name,10614005-b1a8-4731-93ca-2bc8b9398e1b,function_execution_time,1779123919.5853589,0.000139789
experiment_name,b5e74caf-e0a3-47e9-8491-94b6c740d416,function_execution_time,1779123917.6607969,0.000066828
experiment_name,b5e74caf-e0a3-47e9-8491-94b6c740d416,function_execution_time,1779123917.7621017,0.000062311
experiment_name,b5e74caf-e0a3-47e9-8491-94b6c740d416,function_execution_time,1779123917.862909,0.000205994
experiment_name,b5e74caf-e0a3-47e9-8491-94b6c740d416,function_execution_time,1779123917.9635594,0.000066033
experiment_name,b5e74caf-e0a3-47e9-8491-94b6c740d416,function_execution_time,1779123918.0654233,0.000085027
experiment_name,b5e74caf-e0a3-47e9-8491-94b6c740d416,function_execution_time,1779123918.1667442,0.000082359
experiment_name,b5e74caf-e0a3-47e9-8491-94b6c740d416,function_execution_time,1779123918.2681115,0.000059245
experiment_name,b5e74caf-e0a3-47e9-8491-94b6c740d416,function_execution_time,1779123918.369456,0.000070382
experiment_name,b5e74caf-e0a3-47e9-8491-94b6c740d416,function_execution_time,1779123918.4707763,0.000065075
experiment_name,b5e74caf-e0a3-47e9-8491-94b6c740d416,function_execution_time,1779123918.5720992,0.000066249
experiment_name,b5e74caf-e0a3-47e9-8491-94b6c740d416,function_execution_time,1779123918.6734638,0.000083006
experiment_name,b5e74caf-e0a3-47e9-8491-94b6c740d416,function_execution_time,1779123918.7747896,0.000078756
experiment_name,b5e74caf-e0a3-47e9-8491-94b6c740d416,function_execution_time,1779123918.8761146,0.000059643
experiment_name,b5e74caf-e0a3-47e9-8491-94b6c740d416,function_execution_time,1779123918.9774427,0.000061668
experiment_name,b5e74caf-e0a3-47e9-8491-94b6c740d416,function_execution_time,1779123919.078765,0.000058997
experiment_name,b5e74caf-e0a3-47e9-8491-94b6c740d416,function_execution_time,1779123919.1801505,0.000066893
experiment_name,b5e74caf-e0a3-47e9-8491-94b6c740d416,function_execution_time,1779123919.2815032,0.000073322
experiment_name,b5e74caf-e0a3-47e9-8491-94b6c740d416,function_execution_time,1779123919.3827918,0.000055997
experiment_name,b5e74caf-e0a3-47e9-8491-94b6c740d416,function_execution_time,1779123919.4840946,0.000055718
experiment_name,b5e74caf-e0a3-47e9-8491-94b6c740d416,function_execution_time,1779123919.5854166,0.000056882
experiment_name,546cfdba-759b-4b9f-ab81-438dde267e43,function_transfer_time,1779123917.7946668,0.016476316
experiment_name,546cfdba-759b-4b9f-ab81-438dde267e43,function_transfer_time,1779123917.8039284,0.010239283
experiment_name,546cfdba-759b-4b9f-ab81-438dde267e43,function_transfer_time,1779123917.8075564,0.016744176
experiment_name,546cfdba-759b-4b9f-ab81-438dde267e43,function_transfer_time,1779123917.8152986,0.018810563
experiment_name,546cfdba-759b-4b9f-ab81-438dde267e43,function_transfer_time,1779123917.8181732,0.035549656
experiment_name,546cfdba-759b-4b9f-ab81-438dde267e43,function_transfer_time,1779123917.8254528,0.026460873
experiment_name,546cfdba-759b-4b9f-ab81-438dde267e43,function_transfer_time,1779123917.8287945,0.036249412
experiment_name,546cfdba-759b-4b9f-ab81-438dde267e43,function_transfer_time,1779123917.8358333,0.033188723
experiment_name,546cfdba-759b-4b9f-ab81-438dde267e43,function_transfer_time,1779123917.839434,0.045021721
experiment_name,546cfdba-759b-4b9f-ab81-438dde267e43,function_transfer_time,1779123917.8461916,0.041953884
experiment_name,546cfdba-759b-4b9f-ab81-438dde267e43,function_transfer_time,1779123917.8501253,0.064449353
experiment_name,546cfdba-759b-4b9f-ab81-438dde267e43,function_transfer_time,1779123917.8562868,0.049284994
experiment_name,546cfdba-759b-4b9f-ab81-438dde267e43,function_transfer_time,1779123917.8612666,0.066242654
experiment_name,546cfdba-759b-4b9f-ab81-438dde267e43,function_transfer_time,1779123917.866341,0.057446116
experiment_name,546cfdba-759b-4b9f-ab81-438dde267e43,function_transfer_time,1779123917.8763494,0.070876729
experiment_name,546cfdba-759b-4b9f-ab81-438dde267e43,function_transfer_time,1779123917.897571,0.000147538
experiment_name,546cfdba-759b-4b9f-ab81-438dde267e43,function_transfer_time,1779123917.9069517,0.000141426
experiment_name,546cfdba-759b-4b9f-ab81-438dde267e43,function_transfer_time,1779123917.9095206,0.000194506
experiment_name,546cfdba-759b-4b9f-ab81-438dde267e43,function_transfer_time,1779123917.9182217,0.00017117
experiment_name,546cfdba-759b-4b9f-ab81-438dde267e43,function_transfer_time,1779123917.920752,0.000186425
experiment_name,546cfdba-759b-4b9f-ab81-438dde267e43,function_transfer_time,1779123917.927902,0.000171372
experiment_name,546cfdba-759b-4b9f-ab81-438dde267e43,function_transfer_time,1779123917.9304426,0.000173694
experiment_name,546cfdba-759b-4b9f-ab81-438dde267e43,function_transfer_time,1779123917.938364,0.000176287
experiment_name,546cfdba-759b-4b9f-ab81-438dde267e43,function_transfer_time,1779123917.9418106,0.000174415
experiment_name,546cfdba-759b-4b9f-ab81-438dde267e43,function_transfer_time,1779123917.9493396,0.000171722
experiment_name,546cfdba-759b-4b9f-ab81-438dde267e43,function_transfer_time,1779123917.9517505,0.000168711
experiment_name,546cfdba-759b-4b9f-ab81-438dde267e43,function_transfer_time,1779123917.9591515,0.000495488
experiment_name,546cfdba-759b-4b9f-ab81-438dde267e43,function_transfer_time,1779123917.9635856,0.000195021
experiment_name,546cfdba-759b-4b9f-ab81-438dde267e43,function_transfer_time,1779123917.9695115,0.000477514
experiment_name,546cfdba-759b-4b9f-ab81-438dde267e43,function_transfer_time,1779123917.9801276,0.001217325
experiment_name,10614005-b1a8-4731-93ca-2bc8b9398e1b,function_transfer_time,1779123917.559282,0.000025766
experiment_name,10614005-b1a8-4731-93ca-2bc8b9398e1b,function_transfer_time,1779123917.660554,0.0000318
experiment_name,10614005-b1a8-4731-93ca-2bc8b9398e1b,function_transfer_time,1779123917.7618678,0.000078775
experiment_name,10614005-b1a8-4731-93ca-2bc8b9398e1b,function_transfer_time,1779123917.8625906,0.000083491
experiment_name,10614005-b1a8-4731-93ca-2bc8b9398e1b,function_transfer_time,1779123917.9633896,0.000016116
experiment_name,10614005-b1a8-4731-93ca-2bc8b9398e1b,function_transfer_time,1779123918.0652301,0.000091269
experiment_name,10614005-b1a8-4731-93ca-2bc8b9398e1b,function_transfer_time,1779123918.1665454,0.0000777
experiment_name,10614005-b1a8-4731-93ca-2bc8b9398e1b,function_transfer_time,1779123918.26788,0.000092002
experiment_name,10614005-b1a8-4731-93ca-2bc8b9398e1b,function_transfer_time,1779123918.3692198,0.00007877
experiment_name,10614005-b1a8-4731-93ca-2bc8b9398e1b,function_transfer_time,1779123918.4705262,0.00009155
experiment_name,10614005-b1a8-4731-93ca-2bc8b9398e1b,function_transfer_time,1779123918.57187,0.000078392
experiment_name,10614005-b1a8-4731-93ca-2bc8b9398e1b,function_transfer_time,1779123918.6732159,0.000078455
experiment_name,10614005-b1a8-4731-93ca-2bc8b9398e1b,function_transfer_time,1779123918.774532,0.00007686
experiment_name,10614005-b1a8-4731-93ca-2bc8b9398e1b,function_transfer_time,1779123918.8758812,0.000083916
experiment_name,10614005-b1a8-4731-93ca-2bc8b9398e1b,function_transfer_time,1779123918.9771948,0.000082203
experiment_name,10614005-b1a8-4731-93ca-2bc8b9398e1b,function_transfer_time,1779123919.0785313,0.000076662
experiment_name,10614005-b1a8-4731-93ca-2bc8b9398e1b,function_transfer_time,1779123919.179929,0.000024603
experiment_name,10614005-b1a8-4731-93ca-2bc8b9398e1b,function_transfer_time,1779123919.2812455,0.000085946
experiment_name,10614005-b1a8-4731-93ca-2bc8b9398e1b,function_transfer_time,1779123919.3825605,0.000083259
experiment_name,10614005-b1a8-4731-93ca-2bc8b9398e1b,function_transfer_time,1779123919.4838762,0.000074934
experiment_name,10614005-b1a8-4731-93ca-2bc8b9398e1b,function_transfer_time,1779123919.5852025,0.00007384
experiment_name,b5e74caf-e0a3-47e9-8491-94b6c740d416,function_transfer_time,1779123917.6607156,0.000099045
experiment_name,b5e74caf-e0a3-47e9-8491-94b6c740d416,function_transfer_time,1779123917.7620351,0.000106264
experiment_name,b5e74caf-e0a3-47e9-8491-94b6c740d416,function_transfer_time,1779123917.8627012,0.000020152
experiment_name,b5e74caf-e0a3-47e9-8491-94b6c740d416,function_transfer_time,1779123917.9634864,0.000028839
experiment_name,b5e74caf-e0a3-47e9-8491-94b6c740d416,function_transfer_time,1779123918.0653868,0.000042589
experiment_name,b5e74caf-e0a3-47e9-8491-94b6c740d416,function_transfer_time,1779123918.1667025,0.000049604
experiment_name,b5e74caf-e0a3-47e9-8491-94b6c740d416,function_transfer_time,1779123918.2680373,0.000099109
experiment_name,b5e74caf-e0a3-47e9-8491-94b6c740d416,function_transfer_time,1779123918.3693876,0.000086828
experiment_name,b5e74caf-e0a3-47e9-8491-94b6c740d416,function_transfer_time,1779123918.4707074,0.000114606
experiment_name,b5e74caf-e0a3-47e9-8491-94b6c740d416,function_transfer_time,1779123918.5720277,0.000035587
experiment_name,b5e74caf-e0a3-47e9-8491-94b6c740d416,function_transfer_time,1779123918.6733754,0.000100933
experiment_name,b5e74caf-e0a3-47e9-8491-94b6c740d416,function_transfer_time,1779123918.7747054,0.000111185
experiment_name,b5e74caf-e0a3-47e9-8491-94b6c740d416,function_transfer_time,1779123918.8760502,0.000107322
experiment_name,b5e74caf-e0a3-47e9-8491-94b6c740d416,function_transfer_time,1779123918.9773653,0.000102367
experiment_name,b5e74caf-e0a3-47e9-8491-94b6c740d416,function_transfer_time,1779123919.0787017,0.000110495
experiment_name,b5e74caf-e0a3-47e9-8491-94b6c740d416,function_transfer_time,1779123919.180067,0.000090495
experiment_name,b5e74caf-e0a3-47e9-8491-94b6c740d416,function_transfer_time,1779123919.2814162,0.000109202
experiment_name,b5e74caf-e0a3-47e9-8491-94b6c740d416,function_transfer_time,1779123919.3827307,0.000109671
experiment_name,b5e74caf-e0a3-47e9-8491-94b6c740d416,function_transfer_time,1779123919.4840345,0.000100548
experiment_name,b5e74caf-e0a3-47e9-8491-94b6c740d416,function_transfer_time,1779123919.5853548,0.000034434
experiment_name,cc414501-794e-469a-ba4b-e664fa969592,function_instantiate_time,1779123917.80291,0.236161829
experiment_name,dcf404bf-db25-446b-ab55-5380a8231e06,function_instantiate_time,1779123917.7941742,0.196887649
experiment_name,eb3290bf-34bd-499e-9fc5-10839b3b8fd9,function_instantiate_time,1779123917.791332,0.20701433
experiment_name,774d7fca-742e-453a-9db8-75068e61dff4,function_instantiate_time,1779123917.7962077,0.242845097
experiment_name,eaf9c98d-4a6f-4126-b5ac-7993bbd52ba1,function_instantiate_time,1779123917.8061955,0.242090796
experiment_name,0eae3c94-95fa-4cad-8d87-03a8e2b172a0,function_instantiate_time,1779123917.7917407,0.205333911
experiment_name,821c0178-bf43-4518-ad58-7dada8da9cf4,function_instantiate_time,1779123917.8012805,0.229162354
experiment_name,8ede8f45-7ff6-4cac-ad9d-7c0341c1c4e1,function_instantiate_time,1779123917.7913265,0.191774113
experiment_name,cc414501-794e-469a-ba4b-e664fa969592,function_init_time,1779123917.804485,0.001596271
experiment_name,821c0178-bf43-4518-ad58-7dada8da9cf4,function_init_time,1779123917.801291,0.000725671
experiment_name,0eae3c94-95fa-4cad-8d87-03a8e2b172a0,function_init_time,1779123917.7941918,0.000808802
experiment_name,dcf404bf-db25-446b-ab55-5380a8231e06,function_init_time,1779123917.7942016,0.001169064
experiment_name,eb3290bf-34bd-499e-9fc5-10839b3b8fd9,function_init_time,1779123917.7913382,0.000475744
experiment_name,774d7fca-742e-453a-9db8-75068e61dff4,function_init_time,1779123917.7971532,0.000958358
experiment_name,eaf9c98d-4a6f-4126-b5ac-7993bbd52ba1,function_init_time,1779123917.8069198,0.000751191
experiment_name,8ede8f45-7ff6-4cac-ad9d-7c0341c1c4e1,function_init_time,1779123917.794212,0.003572747
experiment_name,cc414501-794e-469a-ba4b-e664fa969592,function_execution_time,1779123917.8600466,0.055450164
experiment_name,cc414501-794e-469a-ba4b-e664fa969592,function_execution_time,1779123917.9638517,0.000269261
experiment_name,eb3290bf-34bd-499e-9fc5-10839b3b8fd9,function_execution_time,1779123917.8084764,0.016702338
experiment_name,eb3290bf-34bd-499e-9fc5-10839b3b8fd9,function_execution_time,1779123917.9117792,0.000272113
experiment_name,dcf404bf-db25-446b-ab55-5380a8231e06,function_execution_time,1779123917.8498087,0.055490535
experiment_name,dcf404bf-db25-446b-ab55-5380a8231e06,function_execution_time,1779123917.9540656,0.000267261
experiment_name,821c0178-bf43-4518-ad58-7dada8da9cf4,function_execution_time,1779123917.8798811,0.077690633
experiment_name,821c0178-bf43-4518-ad58-7dada8da9cf4,function_execution_time,1779123917.9854982,0.000273242
experiment_name,774d7fca-742e-453a-9db8-75068e61dff4,function_execution_time,1779123917.8290727,0.031876648
experiment_name,774d7fca-742e-453a-9db8-75068e61dff4,function_execution_time,1779123917.9327219,0.000274779
experiment_name,0eae3c94-95fa-4cad-8d87-03a8e2b172a0,function_execution_time,1779123917.8189838,0.024557486
experiment_name,0eae3c94-95fa-4cad-8d87-03a8e2b172a0,function_execution_time,1779123917.9229918,0.000278484
experiment_name,eaf9c98d-4a6f-4126-b5ac-7993bbd52ba1,function_execution_time,1779123917.869844,0.062916235
experiment_name,eaf9c98d-4a6f-4126-b5ac-7993bbd52ba1,function_execution_time,1779123917.9743397,0.000291947
experiment_name,8ede8f45-7ff6-4cac-ad9d-7c0341c1c4e1,function_execution_time,1779123917.8394587,0.045142685
experiment_name,8ede8f45-7ff6-4cac-ad9d-7c0341c1c4e1,function_execution_time,1779123917.943063,0.000272539
experiment_name,8ede8f45-7ff6-4cac-ad9d-7c0341c1c4e1,function_transfer_time,1779123917.7943094,0.000805376
experiment_name,8ede8f45-7ff6-4cac-ad9d-7c0341c1c4e1,function_transfer_time,1779123917.942805,0.003577658
experiment_name,eb3290bf-34bd-499e-9fc5-10839b3b8fd9,function_transfer_time,1779123917.791726,0.000681394
experiment_name,eb3290bf-34bd-499e-9fc5-10839b3b8fd9,function_transfer_time,1779123917.9114869,0.003650095
experiment_name,774d7fca-742e-453a-9db8-75068e61dff4,function_transfer_time,1779123917.7971604,0.000113483
experiment_name,774d7fca-742e-453a-9db8-75068e61dff4,function_transfer_time,1779123917.932442,0.003593392
experiment_name,cc414501-794e-469a-ba4b-e664fa969592,function_transfer_time,1779123917.8044941,0.000140927
experiment_name,cc414501-794e-469a-ba4b-e664fa969592,function_transfer_time,1779123917.96357,0.003585262
experiment_name,0eae3c94-95fa-4cad-8d87-03a8e2b172a0,function_transfer_time,1779123917.7954729,0.002070348
experiment_name,0eae3c94-95fa-4cad-8d87-03a8e2b172a0,function_transfer_time,1779123917.922699,0.003562336
experiment_name,eaf9c98d-4a6f-4126-b5ac-7993bbd52ba1,function_transfer_time,1779123917.8069308,0.000091816
experiment_name,eaf9c98d-4a6f-4126-b5ac-7993bbd52ba1,function_transfer_time,1779123917.9740431,0.003565407
experiment_name,dcf404bf-db25-446b-ab55-5380a8231e06,function_transfer_time,1779123917.7943041,0.001308527
experiment_name,dcf404bf-db25-446b-ab55-5380a8231e06,function_transfer_time,1779123917.953797,0.003605157
experiment_name,821c0178-bf43-4518-ad58-7dada8da9cf4,function_transfer_time,1779123917.8022,0.001700198
experiment_name,821c0178-bf43-4518-ad58-7dada8da9cf4,function_transfer_time,1779123917.9852207,0.003559527
experiment_name,810a4717-74af-459c-a14c-d5719fc17fb0,function_instantiate_time,1779123917.7797759,0.196718181
experiment_name,39dd5984-6339-4395-af84-27823c6af1df,function_instantiate_time,1779123917.771215,0.197000924
experiment_name,c6b4ed72-0a36-44ae-adb5-55dca069c7ca,function_instantiate_time,1779123917.7798169,0.212186991
experiment_name,5306c2bf-303d-4c02-a8cc-28a856b6a625,function_instantiate_time,1779123917.7766216,0.224138453
experiment_name,e0b8d11f-874f-47b8-a23f-ea90df5b9714,function_instantiate_time,1779123917.7712328,0.177412317
experiment_name,119acb05-d51a-4afd-9863-2b9aff67b164,function_instantiate_time,1779123917.7777424,0.215851286
experiment_name,b3aead95-59b5-4b28-a14d-22bc7602443d,function_instantiate_time,1779123917.7704775,0.180913481
experiment_name,e0b8d11f-874f-47b8-a23f-ea90df5b9714,function_init_time,1779123917.7798066,0.006885346
experiment_name,810a4717-74af-459c-a14c-d5719fc17fb0,function_init_time,1779123917.7799032,0.001558859
experiment_name,c6b4ed72-0a36-44ae-adb5-55dca069c7ca,function_init_time,1779123917.787999,0.009910804
experiment_name,5306c2bf-303d-4c02-a8cc-28a856b6a625,function_init_time,1779123917.7867362,0.010356472
experiment_name,119acb05-d51a-4afd-9863-2b9aff67b164,function_init_time,1779123917.7867415,0.009038911
experiment_name,b3aead95-59b5-4b28-a14d-22bc7602443d,function_init_time,1779123917.7740283,0.003510608
experiment_name,39dd5984-6339-4395-af84-27823c6af1df,function_init_time,1779123917.7770245,0.005631914
experiment_name,c6b4ed72-0a36-44ae-adb5-55dca069c7ca,function_execution_time,1779123917.8617623,0.071554025
experiment_name,c6b4ed72-0a36-44ae-adb5-55dca069c7ca,function_execution_time,1779123917.9652662,0.000299594
experiment_name,b3aead95-59b5-4b28-a14d-22bc7602443d,function_execution_time,1779123917.7962878,0.022133119
experiment_name,b3aead95-59b5-4b28-a14d-22bc7602443d,function_execution_time,1779123917.899041,0.000332797
experiment_name,e0b8d11f-874f-47b8-a23f-ea90df5b9714,function_execution_time,1779123917.8399596,0.059967455
experiment_name,e0b8d11f-874f-47b8-a23f-ea90df5b9714,function_execution_time,1779123917.9434865,0.000306001
experiment_name,39dd5984-6339-4395-af84-27823c6af1df,function_execution_time,1779123917.818662,0.041807521
experiment_name,39dd5984-6339-4395-af84-27823c6af1df,function_execution_time,1779123917.9220483,0.000282464
experiment_name,810a4717-74af-459c-a14c-d5719fc17fb0,function_execution_time,1779123917.8506973,0.070673522
experiment_name,810a4717-74af-459c-a14c-d5719fc17fb0,function_execution_time,1779123917.9531784,0.000416039
experiment_name,119acb05-d51a-4afd-9863-2b9aff67b164,function_execution_time,1779123917.8293915,0.041254759
experiment_name,119acb05-d51a-4afd-9863-2b9aff67b164,function_execution_time,1779123917.932468,0.000303557
experiment_name,5306c2bf-303d-4c02-a8cc-28a856b6a625,function_execution_time,1779123917.808189,0.021311818
experiment_name,5306c2bf-303d-4c02-a8cc-28a856b6a625,function_execution_time,1779123917.9112482,0.000303094
experiment_name,c6b4ed72-0a36-44ae-adb5-55dca069c7ca,function_transfer_time,1779123917.7939608,0.002354547
experiment_name,c6b4ed72-0a36-44ae-adb5-55dca069c7ca,function_transfer_time,1779123917.9649613,0.000450413
experiment_name,5306c2bf-303d-4c02-a8cc-28a856b6a625,function_transfer_time,1779123917.7870483,0.000415854
experiment_name,5306c2bf-303d-4c02-a8cc-28a856b6a625,function_transfer_time,1779123917.9109573,0.000522764
experiment_name,39dd5984-6339-4395-af84-27823c6af1df,function_transfer_time,1779123917.777034,0.000466002
experiment_name,39dd5984-6339-4395-af84-27823c6af1df,function_transfer_time,1779123917.9217613,0.000507976
experiment_name,e0b8d11f-874f-47b8-a23f-ea90df5b9714,function_transfer_time,1779123917.7801013,0.001974009
experiment_name,e0b8d11f-874f-47b8-a23f-ea90df5b9714,function_transfer_time,1779123917.9431746,0.000506278
experiment_name,810a4717-74af-459c-a14c-d5719fc17fb0,function_transfer_time,1779123917.7801142,0.000493947
experiment_name,810a4717-74af-459c-a14c-d5719fc17fb0,function_transfer_time,1779123917.9527457,0.000487115
experiment_name,b3aead95-59b5-4b28-a14d-22bc7602443d,function_transfer_time,1779123917.7740352,0.002518993
experiment_name,b3aead95-59b5-4b28-a14d-22bc7602443d,function_transfer_time,1779123917.8987038,0.000585309
experiment_name,119acb05-d51a-4afd-9863-2b9aff67b164,function_transfer_time,1779123917.7881367,0.001392543
experiment_name,119acb05-d51a-4afd-9863-2b9aff67b164,function_transfer_time,1779123917.932163,0.000476666
experiment_name,b5e74caf-e0a3-47e9-8491-94b6c740d416,function_execution_time,1779123919.6871636,0.000076915
experiment_name,b5e74caf-e0a3-47e9-8491-94b6c740d416,function_execution_time,1779123919.7880583,0.000057144
experiment_name,b5e74caf-e0a3-47e9-8491-94b6c740d416,function_execution_time,1779123919.889377,0.000062153
experiment_name,b5e74caf-e0a3-47e9-8491-94b6c740d416,function_execution_time,1779123919.990715,0.000060587
experiment_name,b5e74caf-e0a3-47e9-8491-94b6c740d416,function_execution_time,1779123920.0920289,0.000064817
experiment_name,b5e74caf-e0a3-47e9-8491-94b6c740d416,function_execution_time,1779123920.193278,0.000064166
experiment_name,b5e74caf-e0a3-47e9-8491-94b6c740d416,function_execution_time,1779123920.2936096,0.000058188
experiment_name,b5e74caf-e0a3-47e9-8491-94b6c740d416,function_execution_time,1779123920.3950071,0.000061487
experiment_name,b5e74caf-e0a3-47e9-8491-94b6c740d416,function_execution_time,1779123920.4965227,0.000059739
experiment_name,b5e74caf-e0a3-47e9-8491-94b6c740d416,function_execution_time,1779123920.5978386,0.000073873
experiment_name,b5e74caf-e0a3-47e9-8491-94b6c740d416,function_execution_time,1779123920.699161,0.000071661
experiment_name,b5e74caf-e0a3-47e9-8491-94b6c740d416,function_execution_time,1779123920.8005085,0.000083922
experiment_name,b5e74caf-e0a3-47e9-8491-94b6c740d416,function_execution_time,1779123920.9018137,0.000064046
experiment_name,b5e74caf-e0a3-47e9-8491-94b6c740d416,function_execution_time,1779123921.0031724,0.000077563
experiment_name,b5e74caf-e0a3-47e9-8491-94b6c740d416,function_execution_time,1779123921.104468,0.000069856
experiment_name,b5e74caf-e0a3-47e9-8491-94b6c740d416,function_execution_time,1779123921.2057722,0.000057302
experiment_name,b5e74caf-e0a3-47e9-8491-94b6c740d416,function_execution_time,1779123921.3070762,0.000074722
experiment_name,b5e74caf-e0a3-47e9-8491-94b6c740d416,function_execution_time,1779123921.408453,0.000060405
experiment_name,b5e74caf-e0a3-47e9-8491-94b6c740d416,function_execution_time,1779123921.509791,0.000066417
experiment_name,b5e74caf-e0a3-47e9-8491-94b6c740d416,function_execution_time,1779123921.6111016,0.000060044
experiment_name,b5e74caf-e0a3-47e9-8491-94b6c740d416,function_execution_time,1779123921.7125025,0.000074335
experiment_name,b5e74caf-e0a3-47e9-8491-94b6c740d416,function_execution_time,1779123921.8137455,0.00006505
experiment_name,b5e74caf-e0a3-47e9-8491-94b6c740d416,function_execution_time,1779123921.9150407,0.00006814
experiment_name,b5e74caf-e0a3-47e9-8491-94b6c740d416,function_execution_time,1779123922.016262,0.000063453
experiment_name,b5e74caf-e0a3-47e9-8491-94b6c740d416,function_execution_time,1779123922.1175637,0.00005644
experiment_name,b5e74caf-e0a3-47e9-8491-94b6c740d416,function_execution_time,1779123922.2188635,0.00006529
experiment_name,b5e74caf-e0a3-47e9-8491-94b6c740d416,function_execution_time,1779123922.3200195,0.00005534
experiment_name,b5e74caf-e0a3-47e9-8491-94b6c740d416,function_execution_time,1779123922.4212885,0.000069949
experiment_name,b5e74caf-e0a3-47e9-8491-94b6c740d416,function_execution_time,1779123922.5225618,0.000059124
experiment_name,b5e74caf-e0a3-47e9-8491-94b6c740d416,function_execution_time,1779123922.6239452,0.000068069
experiment_name,b5e74caf-e0a3-47e9-8491-94b6c740d416,function_execution_time,1779123922.7252944,0.00006881
experiment_name,b5e74caf-e0a3-47e9-8491-94b6c740d416,function_execution_time,1779123922.8257873,0.000070041
experiment_name,b5e74caf-e0a3-47e9-8491-94b6c740d416,function_execution_time,1779123922.9271083,0.000059634
experiment_name,b5e74caf-e0a3-47e9-8491-94b6c740d416,function_execution_time,1779123923.028422,0.000058184
experiment_name,b5e74caf-e0a3-47e9-8491-94b6c740d416,function_execution_time,1779123923.1297581,0.000058579
experiment_name,b5e74caf-e0a3-47e9-8491-94b6c740d416,function_execution_time,1779123923.2312636,0.000060726
experiment_name,b5e74caf-e0a3-47e9-8491-94b6c740d416,function_execution_time,1779123923.331578,0.000065411
experiment_name,b5e74caf-e0a3-47e9-8491-94b6c740d416,function_execution_time,1779123923.4329169,0.000062591
experiment_name,b5e74caf-e0a3-47e9-8491-94b6c740d416,function_execution_time,1779123923.5342312,0.000060927
experiment_name,b5e74caf-e0a3-47e9-8491-94b6c740d416,function_execution_time,1779123923.6345983,0.000065757
experiment_name,b5e74caf-e0a3-47e9-8491-94b6c740d416,function_execution_time,1779123923.7359676,0.000066014
experiment_name,b5e74caf-e0a3-47e9-8491-94b6c740d416,function_execution_time,1779123923.837272,0.000058297
experiment_name,b5e74caf-e0a3-47e9-8491-94b6c740d416,function_execution_time,1779123923.9376419,0.000055263
experiment_name,b5e74caf-e0a3-47e9-8491-94b6c740d416,function_execution_time,1779123924.0389528,0.00006155
experiment_name,b5e74caf-e0a3-47e9-8491-94b6c740d416,function_execution_time,1779123924.1402996,0.000060427
experiment_name,b5e74caf-e0a3-47e9-8491-94b6c740d416,function_execution_time,1779123924.2416227,0.00006769
experiment_name,b5e74caf-e0a3-47e9-8491-94b6c740d416,function_execution_time,1779123924.3428674,0.000065217
experiment_name,b5e74caf-e0a3-47e9-8491-94b6c740d416,function_execution_time,1779123924.4443583,0.000057568
experiment_name,b5e74caf-e0a3-47e9-8491-94b6c740d416,function_execution_time,1779123924.5456867,0.000057733
experiment_name,10614005-b1a8-4731-93ca-2bc8b9398e1b,function_execution_time,1779123919.6870959,0.000133269
experiment_name,10614005-b1a8-4731-93ca-2bc8b9398e1b,function_execution_time,1779123919.7878914,0.000099248
experiment_name,10614005-b1a8-4731-93ca-2bc8b9398e1b,function_execution_time,1779123919.8892958,0.000092488
experiment_name,10614005-b1a8-4731-93ca-2bc8b9398e1b,function_execution_time,1779123919.9905667,0.000090249
experiment_name,10614005-b1a8-4731-93ca-2bc8b9398e1b,function_execution_time,1779123920.0919456,0.000077308
experiment_name,10614005-b1a8-4731-93ca-2bc8b9398e1b,function_execution_time,1779123920.1931882,0.000079118
experiment_name,10614005-b1a8-4731-93ca-2bc8b9398e1b,function_execution_time,1779123920.2935264,0.000094791
experiment_name,10614005-b1a8-4731-93ca-2bc8b9398e1b,function_execution_time,1779123920.3948326,0.000083537
experiment_name,10614005-b1a8-4731-93ca-2bc8b9398e1b,function_execution_time,1779123920.4963577,0.000073766
experiment_name,10614005-b1a8-4731-93ca-2bc8b9398e1b,function_execution_time,1779123920.5977478,0.000149267
experiment_name,10614005-b1a8-4731-93ca-2bc8b9398e1b,function_execution_time,1779123920.6989858,0.000078555
experiment_name,10614005-b1a8-4731-93ca-2bc8b9398e1b,function_execution_time,1779123920.8003268,0.000067826
experiment_name,10614005-b1a8-4731-93ca-2bc8b9398e1b,function_execution_time,1779123920.9016461,0.000070447
experiment_name,10614005-b1a8-4731-93ca-2bc8b9398e1b,function_execution_time,1779123921.0029964,0.000083892
experiment_name,10614005-b1a8-4731-93ca-2bc8b9398e1b,function_execution_time,1779123921.1043015,0.000068509
experiment_name,10614005-b1a8-4731-93ca-2bc8b9398e1b,function_execution_time,1779123921.205624,0.000068476
experiment_name,10614005-b1a8-4731-93ca-2bc8b9398e1b,function_execution_time,1779123921.306963,0.000070122
experiment_name,10614005-b1a8-4731-93ca-2bc8b9398e1b,function_execution_time,1779123921.4083526,0.000083215
experiment_name,10614005-b1a8-4731-93ca-2bc8b9398e1b,function_execution_time,1779123921.509632,0.000069261
experiment_name,10614005-b1a8-4731-93ca-2bc8b9398e1b,function_execution_time,1779123921.6110282,0.000143577
experiment_name,10614005-b1a8-4731-93ca-2bc8b9398e1b,function_execution_time,1779123921.7124057,0.000081048
experiment_name,10614005-b1a8-4731-93ca-2bc8b9398e1b,function_execution_time,1779123921.8136435,0.000067625
experiment_name,10614005-b1a8-4731-93ca-2bc8b9398e1b,function_execution_time,1779123921.9149528,0.00007142
experiment_name,10614005-b1a8-4731-93ca-2bc8b9398e1b,function_execution_time,1779123922.0161982,0.000092714
experiment_name,10614005-b1a8-4731-93ca-2bc8b9398e1b,function_execution_time,1779123922.117415,0.00006955
experiment_name,10614005-b1a8-4731-93ca-2bc8b9398e1b,function_execution_time,1779123922.218695,0.000070225
experiment_name,10614005-b1a8-4731-93ca-2bc8b9398e1b,function_execution_time,1779123922.3200178,0.000087371
experiment_name,10614005-b1a8-4731-93ca-2bc8b9398e1b,function_execution_time,1779123922.421217,0.000085596
experiment_name,10614005-b1a8-4731-93ca-2bc8b9398e1b,function_execution_time,1779123922.5224848,0.000096177
experiment_name,10614005-b1a8-4731-93ca-2bc8b9398e1b,function_execution_time,1779123922.6238763,0.000157035
experiment_name,10614005-b1a8-4731-93ca-2bc8b9398e1b,function_execution_time,1779123922.7251194,0.000072968
experiment_name,10614005-b1a8-4731-93ca-2bc8b9398e1b,function_execution_time,1779123922.8256264,0.000069782
experiment_name,10614005-b1a8-4731-93ca-2bc8b9398e1b,function_execution_time,1779123922.9269578,0.000068833
experiment_name,10614005-b1a8-4731-93ca-2bc8b9398e1b,function_execution_time,1779123923.0283432,0.000084407
experiment_name,10614005-b1a8-4731-93ca-2bc8b9398e1b,function_execution_time,1779123923.1296048,0.000070365
experiment_name,10614005-b1a8-4731-93ca-2bc8b9398e1b,function_execution_time,1779123923.2311075,0.00007987
experiment_name,10614005-b1a8-4731-93ca-2bc8b9398e1b,function_execution_time,1779123923.331483,0.00008271
experiment_name,10614005-b1a8-4731-93ca-2bc8b9398e1b,function_execution_time,1779123923.4327643,0.00007002
experiment_name,10614005-b1a8-4731-93ca-2bc8b9398e1b,function_execution_time,1779123923.5340722,0.000079992
experiment_name,10614005-b1a8-4731-93ca-2bc8b9398e1b,function_execution_time,1779123923.6345172,0.000177066
experiment_name,10614005-b1a8-4731-93ca-2bc8b9398e1b,function_execution_time,1779123923.73587,0.000083856
experiment_name,10614005-b1a8-4731-93ca-2bc8b9398e1b,function_execution_time,1779123923.8371181,0.000069323
experiment_name,10614005-b1a8-4731-93ca-2bc8b9398e1b,function_execution_time,1779123923.9375637,0.000087255
experiment_name,10614005-b1a8-4731-93ca-2bc8b9398e1b,function_execution_time,1779123924.0388727,0.000082992
experiment_name,10614005-b1a8-4731-93ca-2bc8b9398e1b,function_execution_time,1779123924.1401422,0.00007244
experiment_name,10614005-b1a8-4731-93ca-2bc8b9398e1b,function_execution_time,1779123924.2414582,0.000088093
experiment_name,10614005-b1a8-4731-93ca-2bc8b9398e1b,function_execution_time,1779123924.342777,0.000077579
experiment_name,10614005-b1a8-4731-93ca-2bc8b9398e1b,function_execution_time,1779123924.4442067,0.000081457
experiment_name,10614005-b1a8-4731-93ca-2bc8b9398e1b,function_execution_time,1779123924.545528,0.000072314
experiment_name,10614005-b1a8-4731-93ca-2bc8b9398e1b,function_transfer_time,1779123919.686941,0.000034385
experiment_name,10614005-b1a8-4731-93ca-2bc8b9398e1b,function_transfer_time,1779123919.7878873,0.000040346
experiment_name,10614005-b1a8-4731-93ca-2bc8b9398e1b,function_transfer_time,1779123919.8891482,0.000087706
experiment_name,10614005-b1a8-4731-93ca-2bc8b9398e1b,function_transfer_time,1779123919.9904697,0.000084296
experiment_name,10614005-b1a8-4731-93ca-2bc8b9398e1b,function_transfer_time,1779123920.0918133,0.000080807
experiment_name,10614005-b1a8-4731-93ca-2bc8b9398e1b,function_transfer_time,1779123920.193051,0.000023134
experiment_name,10614005-b1a8-4731-93ca-2bc8b9398e1b,function_transfer_time,1779123920.2933798,0.000084398
experiment_name,10614005-b1a8-4731-93ca-2bc8b9398e1b,function_transfer_time,1779123920.3946853,0.000081533
experiment_name,10614005-b1a8-4731-93ca-2bc8b9398e1b,function_transfer_time,1779123920.4962788,0.00009929
experiment_name,10614005-b1a8-4731-93ca-2bc8b9398e1b,function_transfer_time,1779123920.597593,0.000084488
experiment_name,10614005-b1a8-4731-93ca-2bc8b9398e1b,function_transfer_time,1779123920.6989038,0.000022631
experiment_name,10614005-b1a8-4731-93ca-2bc8b9398e1b,function_transfer_time,1779123920.8002453,0.000083109
experiment_name,10614005-b1a8-4731-93ca-2bc8b9398e1b,function_transfer_time,1779123920.901563,0.00008281
experiment_name,10614005-b1a8-4731-93ca-2bc8b9398e1b,function_transfer_time,1779123921.0029128,0.000078474
experiment_name,10614005-b1a8-4731-93ca-2bc8b9398e1b,function_transfer_time,1779123921.104224,0.000078548
experiment_name,10614005-b1a8-4731-93ca-2bc8b9398e1b,function_transfer_time,1779123921.2055402,0.000079246
experiment_name,10614005-b1a8-4731-93ca-2bc8b9398e1b,function_transfer_time,1779123921.306886,0.000083862
experiment_name,10614005-b1a8-4731-93ca-2bc8b9398e1b,function_transfer_time,1779123921.4082031,0.000079502
experiment_name,10614005-b1a8-4731-93ca-2bc8b9398e1b,function_transfer_time,1779123921.5095503,0.000082218
experiment_name,10614005-b1a8-4731-93ca-2bc8b9398e1b,function_transfer_time,1779123921.6108787,0.000090315
experiment_name,10614005-b1a8-4731-93ca-2bc8b9398e1b,function_transfer_time,1779123921.7122529,0.000080957
experiment_name,10614005-b1a8-4731-93ca-2bc8b9398e1b,function_transfer_time,1779123921.8135664,0.000077959
experiment_name,10614005-b1a8-4731-93ca-2bc8b9398e1b,function_transfer_time,1779123921.9148293,0.00002477
experiment_name,10614005-b1a8-4731-93ca-2bc8b9398e1b,function_transfer_time,1779123922.016091,0.000029473
experiment_name,10614005-b1a8-4731-93ca-2bc8b9398e1b,function_transfer_time,1779123922.1173313,0.000023502
experiment_name,10614005-b1a8-4731-93ca-2bc8b9398e1b,function_transfer_time,1779123922.2186205,0.00002251
experiment_name,10614005-b1a8-4731-93ca-2bc8b9398e1b,function_transfer_time,1779123922.3198636,0.000021599
experiment_name,10614005-b1a8-4731-93ca-2bc8b9398e1b,function_transfer_time,1779123922.4211185,0.00002525
experiment_name,10614005-b1a8-4731-93ca-2bc8b9398e1b,function_transfer_time,1779123922.5223854,0.000021962
experiment_name,10614005-b1a8-4731-93ca-2bc8b9398e1b,function_transfer_time,1779123922.6237078,0.000080448
experiment_name,10614005-b1a8-4731-93ca-2bc8b9398e1b,function_transfer_time,1779123922.7250412,0.000023904
experiment_name,10614005-b1a8-4731-93ca-2bc8b9398e1b,function_transfer_time,1779123922.825541,0.00008379
experiment_name,10614005-b1a8-4731-93ca-2bc8b9398e1b,function_transfer_time,1779123922.926875,0.000081098
experiment_name,10614005-b1a8-4731-93ca-2bc8b9398e1b,function_transfer_time,1779123923.028192,0.000075232
experiment_name,10614005-b1a8-4731-93ca-2bc8b9398e1b,function_transfer_time,1779123923.1296022,0.000089506
experiment_name,10614005-b1a8-4731-93ca-2bc8b9398e1b,function_transfer_time,1779123923.2310228,0.000080027
experiment_name,10614005-b1a8-4731-93ca-2bc8b9398e1b,function_transfer_time,1779123923.3313417,0.000081625
experiment_name,10614005-b1a8-4731-93ca-2bc8b9398e1b,function_transfer_time,1779123923.43268,0.000081069
experiment_name,10614005-b1a8-4731-93ca-2bc8b9398e1b,function_transfer_time,1779123923.5339954,0.000084041
experiment_name,10614005-b1a8-4731-93ca-2bc8b9398e1b,function_transfer_time,1779123923.6343293,0.000079247
experiment_name,10614005-b1a8-4731-93ca-2bc8b9398e1b,function_transfer_time,1779123923.7357233,0.000078271
experiment_name,10614005-b1a8-4731-93ca-2bc8b9398e1b,function_transfer_time,1779123923.8370388,0.0000795
experiment_name,10614005-b1a8-4731-93ca-2bc8b9398e1b,function_transfer_time,1779123923.9374118,0.000078689
experiment_name,10614005-b1a8-4731-93ca-2bc8b9398e1b,function_transfer_time,1779123924.03873,0.000085966
experiment_name,10614005-b1a8-4731-93ca-2bc8b9398e1b,function_transfer_time,1779123924.140066,0.000080911
experiment_name,10614005-b1a8-4731-93ca-2bc8b9398e1b,function_transfer_time,1779123924.2413716,0.000077184
experiment_name,10614005-b1a8-4731-93ca-2bc8b9398e1b,function_transfer_time,1779123924.342651,0.000018714
experiment_name,10614005-b1a8-4731-93ca-2bc8b9398e1b,function_transfer_time,1779123924.4441266,0.00008055
experiment_name,10614005-b1a8-4731-93ca-2bc8b9398e1b,function_transfer_time,1779123924.545453,0.000095084
experiment_name,b5e74caf-e0a3-47e9-8491-94b6c740d416,function_transfer_time,1779123919.6870878,0.000047796
experiment_name,b5e74caf-e0a3-47e9-8491-94b6c740d416,function_transfer_time,1779123919.787997,0.0001261
experiment_name,b5e74caf-e0a3-47e9-8491-94b6c740d416,function_transfer_time,1779123919.8892992,0.00009349
experiment_name,b5e74caf-e0a3-47e9-8491-94b6c740d416,function_transfer_time,1779123919.990647,0.00011615
experiment_name,b5e74caf-e0a3-47e9-8491-94b6c740d416,function_transfer_time,1779123920.0919516,0.000088372
experiment_name,b5e74caf-e0a3-47e9-8491-94b6c740d416,function_transfer_time,1779123920.193206,0.00009511
experiment_name,b5e74caf-e0a3-47e9-8491-94b6c740d416,function_transfer_time,1779123920.2935445,0.000107593
experiment_name,b5e74caf-e0a3-47e9-8491-94b6c740d416,function_transfer_time,1779123920.3948567,0.000101044
experiment_name,b5e74caf-e0a3-47e9-8491-94b6c740d416,function_transfer_time,1779123920.4964588,0.00010731
experiment_name,b5e74caf-e0a3-47e9-8491-94b6c740d416,function_transfer_time,1779123920.5977507,0.000040049
experiment_name,b5e74caf-e0a3-47e9-8491-94b6c740d416,function_transfer_time,1779123920.699083,0.000110795
experiment_name,b5e74caf-e0a3-47e9-8491-94b6c740d416,function_transfer_time,1779123920.8004076,0.00011089
experiment_name,b5e74caf-e0a3-47e9-8491-94b6c740d416,function_transfer_time,1779123920.9017448,0.000120948
experiment_name,b5e74caf-e0a3-47e9-8491-94b6c740d416,function_transfer_time,1779123921.0030887,0.000116523
experiment_name,b5e74caf-e0a3-47e9-8491-94b6c740d416,function_transfer_time,1779123921.1043928,0.000110818
experiment_name,b5e74caf-e0a3-47e9-8491-94b6c740d416,function_transfer_time,1779123921.2057087,0.000109371
experiment_name,b5e74caf-e0a3-47e9-8491-94b6c740d416,function_transfer_time,1779123921.3070395,0.00005344
experiment_name,b5e74caf-e0a3-47e9-8491-94b6c740d416,function_transfer_time,1779123921.4083712,0.000103481
experiment_name,b5e74caf-e0a3-47e9-8491-94b6c740d416,function_transfer_time,1779123921.5097191,0.000110175
experiment_name,b5e74caf-e0a3-47e9-8491-94b6c740d416,function_transfer_time,1779123921.6110313,0.000036214
experiment_name,b5e74caf-e0a3-47e9-8491-94b6c740d416,function_transfer_time,1779123921.712409,0.000103109
experiment_name,b5e74caf-e0a3-47e9-8491-94b6c740d416,function_transfer_time,1779123921.8137207,0.000051759
experiment_name,b5e74caf-e0a3-47e9-8491-94b6c740d416,function_transfer_time,1779123921.914956,0.000090045
experiment_name,b5e74caf-e0a3-47e9-8491-94b6c740d416,function_transfer_time,1779123922.0161939,0.00003442
experiment_name,b5e74caf-e0a3-47e9-8491-94b6c740d416,function_transfer_time,1779123922.1175032,0.000109836
experiment_name,b5e74caf-e0a3-47e9-8491-94b6c740d416,function_transfer_time,1779123922.21879,0.000107728
experiment_name,b5e74caf-e0a3-47e9-8491-94b6c740d416,function_transfer_time,1779123922.320014,0.000030162
experiment_name,b5e74caf-e0a3-47e9-8491-94b6c740d416,function_transfer_time,1779123922.4212127,0.000032404
experiment_name,b5e74caf-e0a3-47e9-8491-94b6c740d416,function_transfer_time,1779123922.5224879,0.000056929
experiment_name,b5e74caf-e0a3-47e9-8491-94b6c740d416,function_transfer_time,1779123922.6238725,0.000035244
experiment_name,b5e74caf-e0a3-47e9-8491-94b6c740d416,function_transfer_time,1779123922.7252207,0.000114857
experiment_name,b5e74caf-e0a3-47e9-8491-94b6c740d416,function_transfer_time,1779123922.8257115,0.000110629
experiment_name,b5e74caf-e0a3-47e9-8491-94b6c740d416,function_transfer_time,1779123922.9270444,0.000110996
experiment_name,b5e74caf-e0a3-47e9-8491-94b6c740d416,function_transfer_time,1779123923.0283465,0.000102265
experiment_name,b5e74caf-e0a3-47e9-8491-94b6c740d416,function_transfer_time,1779123923.1296964,0.000110315
experiment_name,b5e74caf-e0a3-47e9-8491-94b6c740d416,function_transfer_time,1779123923.2311978,0.000110726
experiment_name,b5e74caf-e0a3-47e9-8491-94b6c740d416,function_transfer_time,1779123923.3315058,0.000108142
experiment_name,b5e74caf-e0a3-47e9-8491-94b6c740d416,function_transfer_time,1779123923.432848,0.000107638
experiment_name,b5e74caf-e0a3-47e9-8491-94b6c740d416,function_transfer_time,1779123923.5341651,0.000107114
experiment_name,b5e74caf-e0a3-47e9-8491-94b6c740d416,function_transfer_time,1779123923.6345208,0.000042285
experiment_name,b5e74caf-e0a3-47e9-8491-94b6c740d416,function_transfer_time,1779123923.7358902,0.000101406
experiment_name,b5e74caf-e0a3-47e9-8491-94b6c740d416,function_transfer_time,1779123923.837209,0.00011037
experiment_name,b5e74caf-e0a3-47e9-8491-94b6c740d416,function_transfer_time,1779123923.9375813,0.000100141
experiment_name,b5e74caf-e0a3-47e9-8491-94b6c740d416,function_transfer_time,1779123924.0388758,0.000099452
experiment_name,b5e74caf-e0a3-47e9-8491-94b6c740d416,function_transfer_time,1779123924.1402342,0.000108793
experiment_name,b5e74caf-e0a3-47e9-8491-94b6c740d416,function_transfer_time,1779123924.2415502,0.000118874
experiment_name,b5e74caf-e0a3-47e9-8491-94b6c740d416,function_transfer_time,1779123924.3427806,0.000086809
experiment_name,b5e74caf-e0a3-47e9-8491-94b6c740d416,function_transfer_time,1779123924.4442961,0.000101688
experiment_name,b5e74caf-e0a3-47e9-8491-94b6c740d416,function_transfer_time,1779123924.5456252,0.000112202
experiment_name,b5e74caf-e0a3-47e9-8491-94b6c740d416,function_execution_time,1779123924.646968,0.000071763
experiment_name,b5e74caf-e0a3-47e9-8491-94b6c740d416,function_execution_time,1779123924.74832,0.000071831
experiment_name,b5e74caf-e0a3-47e9-8491-94b6c740d416,function_execution_time,1779123924.8496482,0.000061888
experiment_name,b5e74caf-e0a3-47e9-8491-94b6c740d416,function_execution_time,1779123924.9509556,0.000065737
experiment_name,b5e74caf-e0a3-47e9-8491-94b6c740d416,function_execution_time,1779123925.0522888,0.000070979
experiment_name,b5e74caf-e0a3-47e9-8491-94b6c740d416,function_execution_time,1779123925.1526046,0.000058123
experiment_name,b5e74caf-e0a3-47e9-8491-94b6c740d416,function_execution_time,1779123925.2539124,0.000062873
experiment_name,b5e74caf-e0a3-47e9-8491-94b6c740d416,function_execution_time,1779123925.3552363,0.000058358
experiment_name,b5e74caf-e0a3-47e9-8491-94b6c740d416,function_execution_time,1779123925.4555395,0.000056734
experiment_name,b5e74caf-e0a3-47e9-8491-94b6c740d416,function_execution_time,1779123925.5568705,0.000062977
experiment_name,b5e74caf-e0a3-47e9-8491-94b6c740d416,function_execution_time,1779123925.6581447,0.000063437
experiment_name,b5e74caf-e0a3-47e9-8491-94b6c740d416,function_execution_time,1779123925.759521,0.000055848
experiment_name,b5e74caf-e0a3-47e9-8491-94b6c740d416,function_execution_time,1779123925.8608441,0.000057262
experiment_name,b5e74caf-e0a3-47e9-8491-94b6c740d416,function_execution_time,1779123925.9621744,0.000062318
experiment_name,b5e74caf-e0a3-47e9-8491-94b6c740d416,function_execution_time,1779123926.0635216,0.000056947
experiment_name,b5e74caf-e0a3-47e9-8491-94b6c740d416,function_execution_time,1779123926.1648397,0.000064046
experiment_name,b5e74caf-e0a3-47e9-8491-94b6c740d416,function_execution_time,1779123926.2661512,0.000057412
experiment_name,b5e74caf-e0a3-47e9-8491-94b6c740d416,function_execution_time,1779123926.3675146,0.000058408
experiment_name,b5e74caf-e0a3-47e9-8491-94b6c740d416,function_execution_time,1779123926.4687526,0.000065548
experiment_name,b5e74caf-e0a3-47e9-8491-94b6c740d416,function_execution_time,1779123926.5700135,0.000061803
experiment_name,b5e74caf-e0a3-47e9-8491-94b6c740d416,function_execution_time,1779123926.671387,0.000056241
experiment_name,b5e74caf-e0a3-47e9-8491-94b6c740d416,function_execution_time,1779123926.7728071,0.000081684
experiment_name,b5e74caf-e0a3-47e9-8491-94b6c740d416,function_execution_time,1779123926.8740654,0.00006585
experiment_name,b5e74caf-e0a3-47e9-8491-94b6c740d416,function_execution_time,1779123926.9753778,0.00006384
experiment_name,b5e74caf-e0a3-47e9-8491-94b6c740d416,function_execution_time,1779123927.07672,0.000059654
experiment_name,b5e74caf-e0a3-47e9-8491-94b6c740d416,function_execution_time,1779123927.178036,0.000060569
experiment_name,b5e74caf-e0a3-47e9-8491-94b6c740d416,function_execution_time,1779123927.2793725,0.000059873
experiment_name,b5e74caf-e0a3-47e9-8491-94b6c740d416,function_execution_time,1779123927.3807101,0.000072677
experiment_name,b5e74caf-e0a3-47e9-8491-94b6c740d416,function_execution_time,1779123927.482026,0.000056866
experiment_name,b5e74caf-e0a3-47e9-8491-94b6c740d416,function_execution_time,1779123927.5833611,0.000057626
experiment_name,b5e74caf-e0a3-47e9-8491-94b6c740d416,function_execution_time,1779123927.6846783,0.000056846
experiment_name,b5e74caf-e0a3-47e9-8491-94b6c740d416,function_execution_time,1779123927.7860813,0.000064702
experiment_name,b5e74caf-e0a3-47e9-8491-94b6c740d416,function_execution_time,1779123927.8873887,0.000060392
experiment_name,b5e74caf-e0a3-47e9-8491-94b6c740d416,function_execution_time,1779123927.9887133,0.000057254
experiment_name,b5e74caf-e0a3-47e9-8491-94b6c740d416,function_execution_time,1779123928.0900211,0.000058502
experiment_name,b5e74caf-e0a3-47e9-8491-94b6c740d416,function_execution_time,1779123928.191343,0.000065977
experiment_name,b5e74caf-e0a3-47e9-8491-94b6c740d416,function_execution_time,1779123928.2927003,0.000061344
experiment_name,b5e74caf-e0a3-47e9-8491-94b6c740d416,function_execution_time,1779123928.394019,0.000064962
experiment_name,b5e74caf-e0a3-47e9-8491-94b6c740d416,function_execution_time,1779123928.4953349,0.000057219
experiment_name,b5e74caf-e0a3-47e9-8491-94b6c740d416,function_execution_time,1779123928.5966568,0.0000572
experiment_name,b5e74caf-e0a3-47e9-8491-94b6c740d416,function_execution_time,1779123928.6979866,0.000064908
experiment_name,b5e74caf-e0a3-47e9-8491-94b6c740d416,function_execution_time,1779123928.7993984,0.000077425
experiment_name,b5e74caf-e0a3-47e9-8491-94b6c740d416,function_execution_time,1779123928.900686,0.000061034
experiment_name,b5e74caf-e0a3-47e9-8491-94b6c740d416,function_execution_time,1779123929.002032,0.000062195
experiment_name,b5e74caf-e0a3-47e9-8491-94b6c740d416,function_execution_time,1779123929.1033518,0.000066559
experiment_name,b5e74caf-e0a3-47e9-8491-94b6c740d416,function_execution_time,1779123929.2046854,0.000061428
experiment_name,b5e74caf-e0a3-47e9-8491-94b6c740d416,function_execution_time,1779123929.305991,0.000061822
experiment_name,b5e74caf-e0a3-47e9-8491-94b6c740d416,function_execution_time,1779123929.4072905,0.000060193
experiment_name,b5e74caf-e0a3-47e9-8491-94b6c740d416,function_execution_time,1779123929.507611,0.000057471
experiment_name,b5e74caf-e0a3-47e9-8491-94b6c740d416,function_execution_time,1779123929.6089175,0.000064752
experiment_name,10614005-b1a8-4731-93ca-2bc8b9398e1b,function_execution_time,1779123924.6468914,0.000161857
experiment_name,10614005-b1a8-4731-93ca-2bc8b9398e1b,function_execution_time,1779123924.748167,0.000077273
experiment_name,10614005-b1a8-4731-93ca-2bc8b9398e1b,function_execution_time,1779123924.8494887,0.000089838
experiment_name,10614005-b1a8-4731-93ca-2bc8b9398e1b,function_execution_time,1779123924.9508023,0.000071995
experiment_name,10614005-b1a8-4731-93ca-2bc8b9398e1b,function_execution_time,1779123925.0521224,0.000081046
experiment_name,10614005-b1a8-4731-93ca-2bc8b9398e1b,function_execution_time,1779123925.152458,0.000084538
experiment_name,10614005-b1a8-4731-93ca-2bc8b9398e1b,function_execution_time,1779123925.2537882,0.000099312
experiment_name,10614005-b1a8-4731-93ca-2bc8b9398e1b,function_execution_time,1779123925.3551497,0.000089459
experiment_name,10614005-b1a8-4731-93ca-2bc8b9398e1b,function_execution_time,1779123925.4553888,0.000073006
experiment_name,10614005-b1a8-4731-93ca-2bc8b9398e1b,function_execution_time,1779123925.556713,0.000074075
experiment_name,10614005-b1a8-4731-93ca-2bc8b9398e1b,function_execution_time,1779123925.6580796,0.000149904
experiment_name,10614005-b1a8-4731-93ca-2bc8b9398e1b,function_execution_time,1779123925.7593565,0.000069405
experiment_name,10614005-b1a8-4731-93ca-2bc8b9398e1b,function_execution_time,1779123925.8606982,0.000076378
experiment_name,10614005-b1a8-4731-93ca-2bc8b9398e1b,function_execution_time,1779123925.962025,0.000073883
experiment_name,10614005-b1a8-4731-93ca-2bc8b9398e1b,function_execution_time,1779123926.0633602,0.000084835
experiment_name,10614005-b1a8-4731-93ca-2bc8b9398e1b,function_execution_time,1779123926.1646717,0.000072878
experiment_name,10614005-b1a8-4731-93ca-2bc8b9398e1b,function_execution_time,1779123926.266003,0.000070982
experiment_name,10614005-b1a8-4731-93ca-2bc8b9398e1b,function_execution_time,1779123926.3673437,0.000080725
experiment_name,10614005-b1a8-4731-93ca-2bc8b9398e1b,function_execution_time,1779123926.4685907,0.00006735
experiment_name,10614005-b1a8-4731-93ca-2bc8b9398e1b,function_execution_time,1779123926.5699344,0.000068855
experiment_name,10614005-b1a8-4731-93ca-2bc8b9398e1b,function_execution_time,1779123926.67133,0.000141736
experiment_name,10614005-b1a8-4731-93ca-2bc8b9398e1b,function_execution_time,1779123926.772684,0.000083773
experiment_name,10614005-b1a8-4731-93ca-2bc8b9398e1b,function_execution_time,1779123926.8738995,0.000071853
experiment_name,10614005-b1a8-4731-93ca-2bc8b9398e1b,function_execution_time,1779123926.9752204,0.00008016
experiment_name,10614005-b1a8-4731-93ca-2bc8b9398e1b,function_execution_time,1779123927.076569,0.000082708
experiment_name,10614005-b1a8-4731-93ca-2bc8b9398e1b,function_execution_time,1779123927.177882,0.000069265
experiment_name,10614005-b1a8-4731-93ca-2bc8b9398e1b,function_execution_time,1779123927.279222,0.000070108
experiment_name,10614005-b1a8-4731-93ca-2bc8b9398e1b,function_execution_time,1779123927.3805482,0.000077532
experiment_name,10614005-b1a8-4731-93ca-2bc8b9398e1b,function_execution_time,1779123927.4818716,0.000069352
experiment_name,10614005-b1a8-4731-93ca-2bc8b9398e1b,function_execution_time,1779123927.5832133,0.000071364
experiment_name,10614005-b1a8-4731-93ca-2bc8b9398e1b,function_execution_time,1779123927.6846104,0.000145175
experiment_name,10614005-b1a8-4731-93ca-2bc8b9398e1b,function_execution_time,1779123927.7859187,0.000080281
experiment_name,10614005-b1a8-4731-93ca-2bc8b9398e1b,function_execution_time,1779123927.8872259,0.000070608
experiment_name,10614005-b1a8-4731-93ca-2bc8b9398e1b,function_execution_time,1779123927.988567,0.00007045
experiment_name,10614005-b1a8-4731-93ca-2bc8b9398e1b,function_execution_time,1779123928.0898628,0.000081308
experiment_name,10614005-b1a8-4731-93ca-2bc8b9398e1b,function_execution_time,1779123928.1911862,0.000074719
experiment_name,10614005-b1a8-4731-93ca-2bc8b9398e1b,function_execution_time,1779123928.292535,0.000070776
experiment_name,10614005-b1a8-4731-93ca-2bc8b9398e1b,function_execution_time,1779123928.3938484,0.000069901
experiment_name,10614005-b1a8-4731-93ca-2bc8b9398e1b,function_execution_time,1779123928.4951813,0.000079985
experiment_name,10614005-b1a8-4731-93ca-2bc8b9398e1b,function_execution_time,1779123928.5965693,0.000090092
experiment_name,10614005-b1a8-4731-93ca-2bc8b9398e1b,function_execution_time,1779123928.6979094,0.000146622
experiment_name,10614005-b1a8-4731-93ca-2bc8b9398e1b,function_execution_time,1779123928.799249,0.000090947
experiment_name,10614005-b1a8-4731-93ca-2bc8b9398e1b,function_execution_time,1779123928.9005315,0.000076669
experiment_name,10614005-b1a8-4731-93ca-2bc8b9398e1b,function_execution_time,1779123929.0018687,0.00007189
experiment_name,10614005-b1a8-4731-93ca-2bc8b9398e1b,function_execution_time,1779123929.1031916,0.000071936
experiment_name,10614005-b1a8-4731-93ca-2bc8b9398e1b,function_execution_time,1779123929.204528,0.000081553
experiment_name,10614005-b1a8-4731-93ca-2bc8b9398e1b,function_execution_time,1779123929.3058274,0.000070568
experiment_name,10614005-b1a8-4731-93ca-2bc8b9398e1b,function_execution_time,1779123929.4071982,0.000076844
experiment_name,10614005-b1a8-4731-93ca-2bc8b9398e1b,function_execution_time,1779123929.507531,0.000095501
experiment_name,10614005-b1a8-4731-93ca-2bc8b9398e1b,function_execution_time,1779123929.608826,0.00007712
experiment_name,b5e74caf-e0a3-47e9-8491-94b6c740d416,function_transfer_time,1779123924.6468885,0.00003348
experiment_name,b5e74caf-e0a3-47e9-8491-94b6c740d416,function_transfer_time,1779123924.748239,0.000097283
experiment_name,b5e74caf-e0a3-47e9-8491-94b6c740d416,function_transfer_time,1779123924.8495815,0.000105021
experiment_name,b5e74caf-e0a3-47e9-8491-94b6c740d416,function_transfer_time,1779123924.950885,0.000100992
experiment_name,b5e74caf-e0a3-47e9-8491-94b6c740d416,function_transfer_time,1779123925.0522127,0.000101177
experiment_name,b5e74caf-e0a3-47e9-8491-94b6c740d416,function_transfer_time,1779123925.152542,0.00011046
experiment_name,b5e74caf-e0a3-47e9-8491-94b6c740d416,function_transfer_time,1779123925.2538388,0.000091047
experiment_name,b5e74caf-e0a3-47e9-8491-94b6c740d416,function_transfer_time,1779123925.3551717,0.000098846
experiment_name,b5e74caf-e0a3-47e9-8491-94b6c740d416,function_transfer_time,1779123925.4554772,0.000109928
experiment_name,b5e74caf-e0a3-47e9-8491-94b6c740d416,function_transfer_time,1779123925.556803,0.000109967
experiment_name,b5e74caf-e0a3-47e9-8491-94b6c740d416,function_transfer_time,1779123925.658076,0.000035973
experiment_name,b5e74caf-e0a3-47e9-8491-94b6c740d416,function_transfer_time,1779123925.759456,0.000111354
experiment_name,b5e74caf-e0a3-47e9-8491-94b6c740d416,function_transfer_time,1779123925.8607807,0.000095995
experiment_name,b5e74caf-e0a3-47e9-8491-94b6c740d416,function_transfer_time,1779123925.9621084,0.000119266
experiment_name,b5e74caf-e0a3-47e9-8491-94b6c740d416,function_transfer_time,1779123926.0634553,0.000099531
experiment_name,b5e74caf-e0a3-47e9-8491-94b6c740d416,function_transfer_time,1779123926.1647716,0.000119586
experiment_name,b5e74caf-e0a3-47e9-8491-94b6c740d416,function_transfer_time,1779123926.2660868,0.000100571
experiment_name,b5e74caf-e0a3-47e9-8491-94b6c740d416,function_transfer_time,1779123926.3674514,0.00012085
experiment_name,b5e74caf-e0a3-47e9-8491-94b6c740d416,function_transfer_time,1779123926.4686818,0.000112295
experiment_name,b5e74caf-e0a3-47e9-8491-94b6c740d416,function_transfer_time,1779123926.570009,0.00004793
experiment_name,b5e74caf-e0a3-47e9-8491-94b6c740d416,function_transfer_time,1779123926.6713257,0.000035327
experiment_name,b5e74caf-e0a3-47e9-8491-94b6c740d416,function_transfer_time,1779123926.772717,0.000111547
experiment_name,b5e74caf-e0a3-47e9-8491-94b6c740d416,function_transfer_time,1779123926.8739858,0.000098948
experiment_name,b5e74caf-e0a3-47e9-8491-94b6c740d416,function_transfer_time,1779123926.975309,0.000101258
experiment_name,b5e74caf-e0a3-47e9-8491-94b6c740d416,function_transfer_time,1779123927.0766544,0.000100281
experiment_name,b5e74caf-e0a3-47e9-8491-94b6c740d416,function_transfer_time,1779123927.1779706,0.000110697
experiment_name,b5e74caf-e0a3-47e9-8491-94b6c740d416,function_transfer_time,1779123927.2793064,0.000108918
experiment_name,b5e74caf-e0a3-47e9-8491-94b6c740d416,function_transfer_time,1779123927.3806372,0.000113589
experiment_name,b5e74caf-e0a3-47e9-8491-94b6c740d416,function_transfer_time,1779123927.4819636,0.000111306
experiment_name,b5e74caf-e0a3-47e9-8491-94b6c740d416,function_transfer_time,1779123927.5832984,0.000103648
experiment_name,b5e74caf-e0a3-47e9-8491-94b6c740d416,function_transfer_time,1779123927.6846135,0.000036513
experiment_name,b5e74caf-e0a3-47e9-8491-94b6c740d416,function_transfer_time,1779123927.7860076,0.000101924
experiment_name,b5e74caf-e0a3-47e9-8491-94b6c740d416,function_transfer_time,1779123927.887323,0.000114758
experiment_name,b5e74caf-e0a3-47e9-8491-94b6c740d416,function_transfer_time,1779123927.988654,0.000105355
experiment_name,b5e74caf-e0a3-47e9-8491-94b6c740d416,function_transfer_time,1779123928.0899572,0.000115764
experiment_name,b5e74caf-e0a3-47e9-8491-94b6c740d416,function_transfer_time,1779123928.191266,0.000106609
experiment_name,b5e74caf-e0a3-47e9-8491-94b6c740d416,function_transfer_time,1779123928.2926323,0.000117553
experiment_name,b5e74caf-e0a3-47e9-8491-94b6c740d416,function_transfer_time,1779123928.39395,0.000121936
experiment_name,b5e74caf-e0a3-47e9-8491-94b6c740d416,function_transfer_time,1779123928.4952717,0.000102354
experiment_name,b5e74caf-e0a3-47e9-8491-94b6c740d416,function_transfer_time,1779123928.5965927,0.00010494
experiment_name,b5e74caf-e0a3-47e9-8491-94b6c740d416,function_transfer_time,1779123928.6979125,0.000038185
experiment_name,b5e74caf-e0a3-47e9-8491-94b6c740d416,function_transfer_time,1779123928.79931,0.000093384
experiment_name,b5e74caf-e0a3-47e9-8491-94b6c740d416,function_transfer_time,1779123928.9006112,0.000099964
experiment_name,b5e74caf-e0a3-47e9-8491-94b6c740d416,function_transfer_time,1779123929.0019658,0.000112767
experiment_name,b5e74caf-e0a3-47e9-8491-94b6c740d416,function_transfer_time,1779123929.1032798,0.000108229
experiment_name,b5e74caf-e0a3-47e9-8491-94b6c740d416,function_transfer_time,1779123929.2046185,0.000102311
experiment_name,b5e74caf-e0a3-47e9-8491-94b6c740d416,function_transfer_time,1779123929.305924,0.000119334
experiment_name,b5e74caf-e0a3-47e9-8491-94b6c740d416,function_transfer_time,1779123929.4072232,0.000100452
experiment_name,b5e74caf-e0a3-47e9-8491-94b6c740d416,function_transfer_time,1779123929.507539,0.000108433
experiment_name,b5e74caf-e0a3-47e9-8491-94b6c740d416,function_transfer_time,1779123929.6088474,0.000091301
experiment_name,10614005-b1a8-4731-93ca-2bc8b9398e1b,function_transfer_time,1779123924.6467283,0.000014848
experiment_name,10614005-b1a8-4731-93ca-2bc8b9398e1b,function_transfer_time,1779123924.7480838,0.000084808
experiment_name,10614005-b1a8-4731-93ca-2bc8b9398e1b,function_transfer_time,1779123924.8494017,0.000084804
experiment_name,10614005-b1a8-4731-93ca-2bc8b9398e1b,function_transfer_time,1779123924.9507248,0.000081013
experiment_name,10614005-b1a8-4731-93ca-2bc8b9398e1b,function_transfer_time,1779123925.0520425,0.000078728
experiment_name,10614005-b1a8-4731-93ca-2bc8b9398e1b,function_transfer_time,1779123925.1523743,0.00007496
experiment_name,10614005-b1a8-4731-93ca-2bc8b9398e1b,function_transfer_time,1779123925.25368,0.000040866
experiment_name,10614005-b1a8-4731-93ca-2bc8b9398e1b,function_transfer_time,1779123925.3550062,0.000075475
experiment_name,10614005-b1a8-4731-93ca-2bc8b9398e1b,function_transfer_time,1779123925.4553084,0.000079346
experiment_name,10614005-b1a8-4731-93ca-2bc8b9398e1b,function_transfer_time,1779123925.556634,0.000079623
experiment_name,10614005-b1a8-4731-93ca-2bc8b9398e1b,function_transfer_time,1779123925.657917,0.000078778
experiment_name,10614005-b1a8-4731-93ca-2bc8b9398e1b,function_transfer_time,1779123925.7592762,0.00008006
experiment_name,10614005-b1a8-4731-93ca-2bc8b9398e1b,function_transfer_time,1779123925.860624,0.000082066
experiment_name,10614005-b1a8-4731-93ca-2bc8b9398e1b,function_transfer_time,1779123925.961928,0.000081919
experiment_name,10614005-b1a8-4731-93ca-2bc8b9398e1b,function_transfer_time,1779123926.0632756,0.000077112
experiment_name,10614005-b1a8-4731-93ca-2bc8b9398e1b,function_transfer_time,1779123926.1645942,0.000078899
experiment_name,10614005-b1a8-4731-93ca-2bc8b9398e1b,function_transfer_time,1779123926.2659278,0.000088449
experiment_name,10614005-b1a8-4731-93ca-2bc8b9398e1b,function_transfer_time,1779123926.367263,0.000079802
experiment_name,10614005-b1a8-4731-93ca-2bc8b9398e1b,function_transfer_time,1779123926.4685104,0.00001943
experiment_name,10614005-b1a8-4731-93ca-2bc8b9398e1b,function_transfer_time,1779123926.5698545,0.000084255
experiment_name,10614005-b1a8-4731-93ca-2bc8b9398e1b,function_transfer_time,1779123926.6711729,0.000084854
experiment_name,10614005-b1a8-4731-93ca-2bc8b9398e1b,function_transfer_time,1779123926.772537,0.000078796
experiment_name,10614005-b1a8-4731-93ca-2bc8b9398e1b,function_transfer_time,1779123926.873823,0.000080377
experiment_name,10614005-b1a8-4731-93ca-2bc8b9398e1b,function_transfer_time,1779123926.9751408,0.000081788
experiment_name,10614005-b1a8-4731-93ca-2bc8b9398e1b,function_transfer_time,1779123927.0764866,0.000078391
experiment_name,10614005-b1a8-4731-93ca-2bc8b9398e1b,function_transfer_time,1779123927.1778007,0.000079321
experiment_name,10614005-b1a8-4731-93ca-2bc8b9398e1b,function_transfer_time,1779123927.279138,0.00008204
experiment_name,10614005-b1a8-4731-93ca-2bc8b9398e1b,function_transfer_time,1779123927.3804607,0.000084841
experiment_name,10614005-b1a8-4731-93ca-2bc8b9398e1b,function_transfer_time,1779123927.4817894,0.0000784
experiment_name,10614005-b1a8-4731-93ca-2bc8b9398e1b,function_transfer_time,1779123927.5831356,0.000079758
experiment_name,10614005-b1a8-4731-93ca-2bc8b9398e1b,function_transfer_time,1779123927.6844592,0.00009054
experiment_name,10614005-b1a8-4731-93ca-2bc8b9398e1b,function_transfer_time,1779123927.7858396,0.00008203
experiment_name,10614005-b1a8-4731-93ca-2bc8b9398e1b,function_transfer_time,1779123927.8871465,0.000078611
experiment_name,10614005-b1a8-4731-93ca-2bc8b9398e1b,function_transfer_time,1779123927.988486,0.000092362
experiment_name,10614005-b1a8-4731-93ca-2bc8b9398e1b,function_transfer_time,1779123928.089779,0.000085048
experiment_name,10614005-b1a8-4731-93ca-2bc8b9398e1b,function_transfer_time,1779123928.1911063,0.000082158
experiment_name,10614005-b1a8-4731-93ca-2bc8b9398e1b,function_transfer_time,1779123928.292454,0.000090837
experiment_name,10614005-b1a8-4731-93ca-2bc8b9398e1b,function_transfer_time,1779123928.3937664,0.000079869
experiment_name,10614005-b1a8-4731-93ca-2bc8b9398e1b,function_transfer_time,1779123928.4951015,0.000075809
experiment_name,10614005-b1a8-4731-93ca-2bc8b9398e1b,function_transfer_time,1779123928.5964196,0.000076379
experiment_name,10614005-b1a8-4731-93ca-2bc8b9398e1b,function_transfer_time,1779123928.697757,0.000082473
experiment_name,10614005-b1a8-4731-93ca-2bc8b9398e1b,function_transfer_time,1779123928.7991536,0.000089994
experiment_name,10614005-b1a8-4731-93ca-2bc8b9398e1b,function_transfer_time,1779123928.900457,0.000085505
experiment_name,10614005-b1a8-4731-93ca-2bc8b9398e1b,function_transfer_time,1779123929.0017934,0.000076611
experiment_name,10614005-b1a8-4731-93ca-2bc8b9398e1b,function_transfer_time,1779123929.1031108,0.000090952
experiment_name,10614005-b1a8-4731-93ca-2bc8b9398e1b,function_transfer_time,1779123929.2044446,0.000076425
experiment_name,10614005-b1a8-4731-93ca-2bc8b9398e1b,function_transfer_time,1779123929.3057466,0.000084046
experiment_name,10614005-b1a8-4731-93ca-2bc8b9398e1b,function_transfer_time,1779123929.4070678,0.000076476
experiment_name,10614005-b1a8-4731-93ca-2bc8b9398e1b,function_transfer_time,1779123929.5073814,0.000076779
experiment_name,10614005-b1a8-4731-93ca-2bc8b9398e1b,function_transfer_time,1779123929.6086967,0.000083315
experiment_name,b5e74caf-e0a3-47e9-8491-94b6c740d416,function_execution_time,1779123929.7103958,0.000063755
experiment_name,b5e74caf-e0a3-47e9-8491-94b6c740d416,function_execution_time,1779123929.8116524,0.000058958
experiment_name,b5e74caf-e0a3-47e9-8491-94b6c740d416,function_execution_time,1779123929.9130843,0.000060285
experiment_name,b5e74caf-e0a3-47e9-8491-94b6c740d416,function_execution_time,1779123930.0144572,0.000078595
experiment_name,b5e74caf-e0a3-47e9-8491-94b6c740d416,function_execution_time,1779123930.115764,0.000056585
experiment_name,b5e74caf-e0a3-47e9-8491-94b6c740d416,function_execution_time,1779123930.2171056,0.00005649
experiment_name,b5e74caf-e0a3-47e9-8491-94b6c740d416,function_execution_time,1779123930.3183174,0.000069644
experiment_name,b5e74caf-e0a3-47e9-8491-94b6c740d416,function_execution_time,1779123930.419693,0.000057291
experiment_name,b5e74caf-e0a3-47e9-8491-94b6c740d416,function_execution_time,1779123930.52097,0.000068621
experiment_name,b5e74caf-e0a3-47e9-8491-94b6c740d416,function_execution_time,1779123930.622268,0.000056143
experiment_name,b5e74caf-e0a3-47e9-8491-94b6c740d416,function_execution_time,1779123930.7225697,0.00006055
experiment_name,b5e74caf-e0a3-47e9-8491-94b6c740d416,function_execution_time,1779123930.82389,0.000076391
experiment_name,b5e74caf-e0a3-47e9-8491-94b6c740d416,function_execution_time,1779123930.925217,0.00007981
experiment_name,b5e74caf-e0a3-47e9-8491-94b6c740d416,function_execution_time,1779123931.026518,0.000055781
experiment_name,b5e74caf-e0a3-47e9-8491-94b6c740d416,function_execution_time,1779123931.127849,0.000066364
experiment_name,b5e74caf-e0a3-47e9-8491-94b6c740d416,function_execution_time,1779123931.2291305,0.000062698
experiment_name,b5e74caf-e0a3-47e9-8491-94b6c740d416,function_execution_time,1779123931.3304744,0.000076043
experiment_name,b5e74caf-e0a3-47e9-8491-94b6c740d416,function_execution_time,1779123931.4317765,0.000061492
experiment_name,b5e74caf-e0a3-47e9-8491-94b6c740d416,function_execution_time,1779123931.5330923,0.000057692
experiment_name,b5e74caf-e0a3-47e9-8491-94b6c740d416,function_execution_time,1779123931.6344523,0.000062117
experiment_name,b5e74caf-e0a3-47e9-8491-94b6c740d416,function_execution_time,1779123931.7357533,0.000056469
experiment_name,b5e74caf-e0a3-47e9-8491-94b6c740d416,function_execution_time,1779123931.8369772,0.000044762
experiment_name,b5e74caf-e0a3-47e9-8491-94b6c740d416,function_execution_time,1779123931.938396,0.000059125
experiment_name,b5e74caf-e0a3-47e9-8491-94b6c740d416,function_execution_time,1779123932.0395582,0.000044844
experiment_name,b5e74caf-e0a3-47e9-8491-94b6c740d416,function_execution_time,1779123932.1408362,0.000043526
experiment_name,b5e74caf-e0a3-47e9-8491-94b6c740d416,function_execution_time,1779123932.2420845,0.000046293
experiment_name,b5e74caf-e0a3-47e9-8491-94b6c740d416,function_execution_time,1779123932.3435066,0.000067212
experiment_name,b5e74caf-e0a3-47e9-8491-94b6c740d416,function_execution_time,1779123932.4448419,0.000057197
experiment_name,b5e74caf-e0a3-47e9-8491-94b6c740d416,function_execution_time,1779123932.5461564,0.000057543
experiment_name,b5e74caf-e0a3-47e9-8491-94b6c740d416,function_execution_time,1779123932.6475267,0.000057058
experiment_name,b5e74caf-e0a3-47e9-8491-94b6c740d416,function_execution_time,1779123932.748822,0.000063736
experiment_name,b5e74caf-e0a3-47e9-8491-94b6c740d416,function_execution_time,1779123932.850232,0.000071728
experiment_name,b5e74caf-e0a3-47e9-8491-94b6c740d416,function_execution_time,1779123932.9514174,0.000073537
experiment_name,b5e74caf-e0a3-47e9-8491-94b6c740d416,function_execution_time,1779123933.0527592,0.000060481
experiment_name,b5e74caf-e0a3-47e9-8491-94b6c740d416,function_execution_time,1779123933.1541164,0.000066988
experiment_name,b5e74caf-e0a3-47e9-8491-94b6c740d416,function_execution_time,1779123933.2553997,0.000057433
experiment_name,b5e74caf-e0a3-47e9-8491-94b6c740d416,function_execution_time,1779123933.3567364,0.000057168
experiment_name,b5e74caf-e0a3-47e9-8491-94b6c740d416,function_execution_time,1779123933.4580626,0.000058719
experiment_name,b5e74caf-e0a3-47e9-8491-94b6c740d416,function_execution_time,1779123933.5594118,0.000061684
experiment_name,b5e74caf-e0a3-47e9-8491-94b6c740d416,function_execution_time,1779123933.660927,0.000063705
experiment_name,b5e74caf-e0a3-47e9-8491-94b6c740d416,function_execution_time,1779123933.7622254,0.000056841
experiment_name,b5e74caf-e0a3-47e9-8491-94b6c740d416,function_execution_time,1779123933.8626363,0.000055674
experiment_name,b5e74caf-e0a3-47e9-8491-94b6c740d416,function_execution_time,1779123933.9639378,0.00005926
experiment_name,b5e74caf-e0a3-47e9-8491-94b6c740d416,function_execution_time,1779123934.0652509,0.000061417
experiment_name,b5e74caf-e0a3-47e9-8491-94b6c740d416,function_execution_time,1779123934.1655378,0.000074255
experiment_name,b5e74caf-e0a3-47e9-8491-94b6c740d416,function_execution_time,1779123934.2669091,0.000063165
experiment_name,b5e74caf-e0a3-47e9-8491-94b6c740d416,function_execution_time,1779123934.3682,0.000060221
experiment_name,b5e74caf-e0a3-47e9-8491-94b6c740d416,function_execution_time,1779123934.4686835,0.000057775
experiment_name,b5e74caf-e0a3-47e9-8491-94b6c740d416,function_execution_time,1779123934.5699127,0.000072092
experiment_name,10614005-b1a8-4731-93ca-2bc8b9398e1b,function_execution_time,1779123929.710323,0.000170096
experiment_name,10614005-b1a8-4731-93ca-2bc8b9398e1b,function_execution_time,1779123929.811592,0.000101301
experiment_name,10614005-b1a8-4731-93ca-2bc8b9398e1b,function_execution_time,1779123929.9130075,0.000092
experiment_name,10614005-b1a8-4731-93ca-2bc8b9398e1b,function_execution_time,1779123930.014369,0.000105761
experiment_name,10614005-b1a8-4731-93ca-2bc8b9398e1b,function_execution_time,1779123930.1156151,0.00009247
experiment_name,10614005-b1a8-4731-93ca-2bc8b9398e1b,function_execution_time,1779123930.2169557,0.000073011
experiment_name,10614005-b1a8-4731-93ca-2bc8b9398e1b,function_execution_time,1779123930.3182163,0.000069313
experiment_name,10614005-b1a8-4731-93ca-2bc8b9398e1b,function_execution_time,1779123930.4195447,0.000075795
experiment_name,10614005-b1a8-4731-93ca-2bc8b9398e1b,function_execution_time,1779123930.5208015,0.00008386
experiment_name,10614005-b1a8-4731-93ca-2bc8b9398e1b,function_execution_time,1779123930.6221247,0.000072807
experiment_name,10614005-b1a8-4731-93ca-2bc8b9398e1b,function_execution_time,1779123930.7225075,0.000165638
experiment_name,10614005-b1a8-4731-93ca-2bc8b9398e1b,function_execution_time,1779123930.8238528,0.000085134
experiment_name,10614005-b1a8-4731-93ca-2bc8b9398e1b,function_execution_time,1779123930.92505,0.000071594
experiment_name,10614005-b1a8-4731-93ca-2bc8b9398e1b,function_execution_time,1779123931.0263588,0.000072772
experiment_name,10614005-b1a8-4731-93ca-2bc8b9398e1b,function_execution_time,1779123931.1276908,0.000070279
experiment_name,10614005-b1a8-4731-93ca-2bc8b9398e1b,function_execution_time,1779123931.228964,0.000078311
experiment_name,10614005-b1a8-4731-93ca-2bc8b9398e1b,function_execution_time,1779123931.330292,0.000071612
experiment_name,10614005-b1a8-4731-93ca-2bc8b9398e1b,function_execution_time,1779123931.4316275,0.000071295
experiment_name,10614005-b1a8-4731-93ca-2bc8b9398e1b,function_execution_time,1779123931.5329442,0.000080955
experiment_name,10614005-b1a8-4731-93ca-2bc8b9398e1b,function_execution_time,1779123931.6343513,0.00009718
experiment_name,10614005-b1a8-4731-93ca-2bc8b9398e1b,function_execution_time,1779123931.7356963,0.000156517
experiment_name,10614005-b1a8-4731-93ca-2bc8b9398e1b,function_execution_time,1779123931.8369012,0.00005274
experiment_name,10614005-b1a8-4731-93ca-2bc8b9398e1b,function_execution_time,1779123931.938318,0.000094711
experiment_name,10614005-b1a8-4731-93ca-2bc8b9398e1b,function_execution_time,1779123932.0394816,0.000060125
experiment_name,10614005-b1a8-4731-93ca-2bc8b9398e1b,function_execution_time,1779123932.140781,0.000061731
experiment_name,10614005-b1a8-4731-93ca-2bc8b9398e1b,function_execution_time,1779123932.2420146,0.000053771
experiment_name,10614005-b1a8-4731-93ca-2bc8b9398e1b,function_execution_time,1779123932.3433473,0.000071766
experiment_name,10614005-b1a8-4731-93ca-2bc8b9398e1b,function_execution_time,1779123932.4446852,0.000078495
experiment_name,10614005-b1a8-4731-93ca-2bc8b9398e1b,function_execution_time,1779123932.5460126,0.000075015
experiment_name,10614005-b1a8-4731-93ca-2bc8b9398e1b,function_execution_time,1779123932.6474404,0.000088993
experiment_name,10614005-b1a8-4731-93ca-2bc8b9398e1b,function_execution_time,1779123932.7487466,0.000142237
experiment_name,10614005-b1a8-4731-93ca-2bc8b9398e1b,function_execution_time,1779123932.850053,0.000072025
experiment_name,10614005-b1a8-4731-93ca-2bc8b9398e1b,function_execution_time,1779123932.9513075,0.000080582
experiment_name,10614005-b1a8-4731-93ca-2bc8b9398e1b,function_execution_time,1779123933.0526764,0.000079942
experiment_name,10614005-b1a8-4731-93ca-2bc8b9398e1b,function_execution_time,1779123933.1539567,0.000071173
experiment_name,10614005-b1a8-4731-93ca-2bc8b9398e1b,function_execution_time,1779123933.2553189,0.000077876
experiment_name,10614005-b1a8-4731-93ca-2bc8b9398e1b,function_execution_time,1779123933.356587,0.000079861
experiment_name,10614005-b1a8-4731-93ca-2bc8b9398e1b,function_execution_time,1779123933.4579082,0.000073881
experiment_name,10614005-b1a8-4731-93ca-2bc8b9398e1b,function_execution_time,1779123933.5592415,0.000075415
experiment_name,10614005-b1a8-4731-93ca-2bc8b9398e1b,function_execution_time,1779123933.6607664,0.000089215
experiment_name,10614005-b1a8-4731-93ca-2bc8b9398e1b,function_execution_time,1779123933.7621565,0.000148071
experiment_name,10614005-b1a8-4731-93ca-2bc8b9398e1b,function_execution_time,1779123933.862552,0.000096248
experiment_name,10614005-b1a8-4731-93ca-2bc8b9398e1b,function_execution_time,1779123933.9637709,0.000074147
experiment_name,10614005-b1a8-4731-93ca-2bc8b9398e1b,function_execution_time,1779123934.0651696,0.000087343
experiment_name,10614005-b1a8-4731-93ca-2bc8b9398e1b,function_execution_time,1779123934.1654172,0.00007136
experiment_name,10614005-b1a8-4731-93ca-2bc8b9398e1b,function_execution_time,1779123934.2667398,0.000073879
experiment_name,10614005-b1a8-4731-93ca-2bc8b9398e1b,function_execution_time,1779123934.3680763,0.000082807
experiment_name,10614005-b1a8-4731-93ca-2bc8b9398e1b,function_execution_time,1779123934.468528,0.000073368
experiment_name,10614005-b1a8-4731-93ca-2bc8b9398e1b,function_execution_time,1779123934.5698068,0.000068261
experiment_name,b5e74caf-e0a3-47e9-8491-94b6c740d416,function_transfer_time,1779123929.7103262,0.000040531
experiment_name,b5e74caf-e0a3-47e9-8491-94b6c740d416,function_transfer_time,1779123929.8115883,0.000027935
experiment_name,b5e74caf-e0a3-47e9-8491-94b6c740d416,function_transfer_time,1779123929.9130108,0.000118542
experiment_name,b5e74caf-e0a3-47e9-8491-94b6c740d416,function_transfer_time,1779123930.014373,0.000092417
experiment_name,b5e74caf-e0a3-47e9-8491-94b6c740d416,function_transfer_time,1779123930.1157029,0.000113511
experiment_name,b5e74caf-e0a3-47e9-8491-94b6c740d416,function_transfer_time,1779123930.2170453,0.000109257
experiment_name,b5e74caf-e0a3-47e9-8491-94b6c740d416,function_transfer_time,1779123930.3182893,0.000049997
experiment_name,b5e74caf-e0a3-47e9-8491-94b6c740d416,function_transfer_time,1779123930.419632,0.000101648
experiment_name,b5e74caf-e0a3-47e9-8491-94b6c740d416,function_transfer_time,1779123930.5208952,0.000107132
experiment_name,b5e74caf-e0a3-47e9-8491-94b6c740d416,function_transfer_time,1779123930.6222076,0.000100674
experiment_name,b5e74caf-e0a3-47e9-8491-94b6c740d416,function_transfer_time,1779123930.722504,0.000038821
experiment_name,b5e74caf-e0a3-47e9-8491-94b6c740d416,function_transfer_time,1779123930.823856,0.000048524
experiment_name,b5e74caf-e0a3-47e9-8491-94b6c740d416,function_transfer_time,1779123930.9251387,0.000105156
experiment_name,b5e74caf-e0a3-47e9-8491-94b6c740d416,function_transfer_time,1779123931.0264592,0.000120143
experiment_name,b5e74caf-e0a3-47e9-8491-94b6c740d416,function_transfer_time,1779123931.1277769,0.000111577
experiment_name,b5e74caf-e0a3-47e9-8491-94b6c740d416,function_transfer_time,1779123931.2290628,0.000112154
experiment_name,b5e74caf-e0a3-47e9-8491-94b6c740d416,function_transfer_time,1779123931.3303878,0.000112055
experiment_name,b5e74caf-e0a3-47e9-8491-94b6c740d416,function_transfer_time,1779123931.4317033,0.000100815
experiment_name,b5e74caf-e0a3-47e9-8491-94b6c740d416,function_transfer_time,1779123931.5330293,0.000110558
experiment_name,b5e74caf-e0a3-47e9-8491-94b6c740d416,function_transfer_time,1779123931.6343713,0.000096609
experiment_name,b5e74caf-e0a3-47e9-8491-94b6c740d416,function_transfer_time,1779123931.7356925,0.000038177
experiment_name,b5e74caf-e0a3-47e9-8491-94b6c740d416,function_transfer_time,1779123931.8369722,0.000060187
experiment_name,b5e74caf-e0a3-47e9-8491-94b6c740d416,function_transfer_time,1779123931.938321,0.000095571
experiment_name,b5e74caf-e0a3-47e9-8491-94b6c740d416,function_transfer_time,1779123932.0395088,0.000063251
experiment_name,b5e74caf-e0a3-47e9-8491-94b6c740d416,function_transfer_time,1779123932.1407871,0.000030261
experiment_name,b5e74caf-e0a3-47e9-8491-94b6c740d416,function_transfer_time,1779123932.242026,0.000067703
experiment_name,b5e74caf-e0a3-47e9-8491-94b6c740d416,function_transfer_time,1779123932.3434265,0.000110193
experiment_name,b5e74caf-e0a3-47e9-8491-94b6c740d416,function_transfer_time,1779123932.4447808,0.000108437
experiment_name,b5e74caf-e0a3-47e9-8491-94b6c740d416,function_transfer_time,1779123932.5460868,0.000099699
experiment_name,b5e74caf-e0a3-47e9-8491-94b6c740d416,function_transfer_time,1779123932.6474593,0.000110168
experiment_name,b5e74caf-e0a3-47e9-8491-94b6c740d416,function_transfer_time,1779123932.7487495,0.000037946
experiment_name,b5e74caf-e0a3-47e9-8491-94b6c740d416,function_transfer_time,1779123932.8501542,0.000117968
experiment_name,b5e74caf-e0a3-47e9-8491-94b6c740d416,function_transfer_time,1779123932.9513836,0.00005258
experiment_name,b5e74caf-e0a3-47e9-8491-94b6c740d416,function_transfer_time,1779123933.0526834,0.000089408
experiment_name,b5e74caf-e0a3-47e9-8491-94b6c740d416,function_transfer_time,1779123933.1540437,0.0001116
experiment_name,b5e74caf-e0a3-47e9-8491-94b6c740d416,function_transfer_time,1779123933.255322,0.000088522
experiment_name,b5e74caf-e0a3-47e9-8491-94b6c740d416,function_transfer_time,1779123933.356673,0.000103874
experiment_name,b5e74caf-e0a3-47e9-8491-94b6c740d416,function_transfer_time,1779123933.457999,0.000119683
experiment_name,b5e74caf-e0a3-47e9-8491-94b6c740d416,function_transfer_time,1779123933.5593405,0.000110935
experiment_name,b5e74caf-e0a3-47e9-8491-94b6c740d416,function_transfer_time,1779123933.6608586,0.000115741
experiment_name,b5e74caf-e0a3-47e9-8491-94b6c740d416,function_transfer_time,1779123933.762159,0.000037475
experiment_name,b5e74caf-e0a3-47e9-8491-94b6c740d416,function_transfer_time,1779123933.8625734,0.000103563
experiment_name,b5e74caf-e0a3-47e9-8491-94b6c740d416,function_transfer_time,1779123933.963873,0.000119117
experiment_name,b5e74caf-e0a3-47e9-8491-94b6c740d416,function_transfer_time,1779123934.065173,0.000090201
experiment_name,b5e74caf-e0a3-47e9-8491-94b6c740d416,function_transfer_time,1779123934.165496,0.000065093
experiment_name,b5e74caf-e0a3-47e9-8491-94b6c740d416,function_transfer_time,1779123934.2668273,0.000102093
experiment_name,b5e74caf-e0a3-47e9-8491-94b6c740d416,function_transfer_time,1779123934.3681302,0.000082034
experiment_name,b5e74caf-e0a3-47e9-8491-94b6c740d416,function_transfer_time,1779123934.4686213,0.000109216
experiment_name,b5e74caf-e0a3-47e9-8491-94b6c740d416,function_transfer_time,1779123934.569879,0.000050242
experiment_name,10614005-b1a8-4731-93ca-2bc8b9398e1b,function_transfer_time,1779123929.7101464,0.000076971
experiment_name,10614005-b1a8-4731-93ca-2bc8b9398e1b,function_transfer_time,1779123929.8114872,0.000028301
experiment_name,10614005-b1a8-4731-93ca-2bc8b9398e1b,function_transfer_time,1779123929.912835,0.000100568
experiment_name,10614005-b1a8-4731-93ca-2bc8b9398e1b,function_transfer_time,1779123930.0142062,0.000095782
experiment_name,10614005-b1a8-4731-93ca-2bc8b9398e1b,function_transfer_time,1779123930.1155255,0.000087545
experiment_name,10614005-b1a8-4731-93ca-2bc8b9398e1b,function_transfer_time,1779123930.216878,0.000083688
experiment_name,10614005-b1a8-4731-93ca-2bc8b9398e1b,function_transfer_time,1779123930.318137,0.000022649
experiment_name,10614005-b1a8-4731-93ca-2bc8b9398e1b,function_transfer_time,1779123930.4194698,0.000084413
experiment_name,10614005-b1a8-4731-93ca-2bc8b9398e1b,function_transfer_time,1779123930.5207186,0.00002215
experiment_name,10614005-b1a8-4731-93ca-2bc8b9398e1b,function_transfer_time,1779123930.622049,0.000083192
experiment_name,10614005-b1a8-4731-93ca-2bc8b9398e1b,function_transfer_time,1779123930.7223284,0.000023869
experiment_name,10614005-b1a8-4731-93ca-2bc8b9398e1b,function_transfer_time,1779123930.8236997,0.000075974
experiment_name,10614005-b1a8-4731-93ca-2bc8b9398e1b,function_transfer_time,1779123930.9249687,0.000022376
experiment_name,10614005-b1a8-4731-93ca-2bc8b9398e1b,function_transfer_time,1779123931.026279,0.000077771
experiment_name,10614005-b1a8-4731-93ca-2bc8b9398e1b,function_transfer_time,1779123931.127605,0.000077859
experiment_name,10614005-b1a8-4731-93ca-2bc8b9398e1b,function_transfer_time,1779123931.2288835,0.000019208
experiment_name,10614005-b1a8-4731-93ca-2bc8b9398e1b,function_transfer_time,1779123931.3302171,0.000089229
experiment_name,10614005-b1a8-4731-93ca-2bc8b9398e1b,function_transfer_time,1779123931.4315524,0.000077849
experiment_name,10614005-b1a8-4731-93ca-2bc8b9398e1b,function_transfer_time,1779123931.5328588,0.000085102
experiment_name,10614005-b1a8-4731-93ca-2bc8b9398e1b,function_transfer_time,1779123931.6342034,0.000087395
experiment_name,10614005-b1a8-4731-93ca-2bc8b9398e1b,function_transfer_time,1779123931.7355237,0.000089291
experiment_name,10614005-b1a8-4731-93ca-2bc8b9398e1b,function_transfer_time,1779123931.836824,0.000018559
experiment_name,10614005-b1a8-4731-93ca-2bc8b9398e1b,function_transfer_time,1779123931.9381607,0.000079425
experiment_name,10614005-b1a8-4731-93ca-2bc8b9398e1b,function_transfer_time,1779123932.0394025,0.000015798
experiment_name,10614005-b1a8-4731-93ca-2bc8b9398e1b,function_transfer_time,1779123932.1407177,0.000014274
experiment_name,10614005-b1a8-4731-93ca-2bc8b9398e1b,function_transfer_time,1779123932.2419305,0.000018499
experiment_name,10614005-b1a8-4731-93ca-2bc8b9398e1b,function_transfer_time,1779123932.3432624,0.000081633
experiment_name,10614005-b1a8-4731-93ca-2bc8b9398e1b,function_transfer_time,1779123932.4446082,0.00008145
experiment_name,10614005-b1a8-4731-93ca-2bc8b9398e1b,function_transfer_time,1779123932.5459356,0.000086238
experiment_name,10614005-b1a8-4731-93ca-2bc8b9398e1b,function_transfer_time,1779123932.647283,0.000080613
experiment_name,10614005-b1a8-4731-93ca-2bc8b9398e1b,function_transfer_time,1779123932.7485993,0.000085285
experiment_name,10614005-b1a8-4731-93ca-2bc8b9398e1b,function_transfer_time,1779123932.8499756,0.000085682
experiment_name,10614005-b1a8-4731-93ca-2bc8b9398e1b,function_transfer_time,1779123932.9512274,0.000022987
experiment_name,10614005-b1a8-4731-93ca-2bc8b9398e1b,function_transfer_time,1779123933.0525472,0.000080747
experiment_name,10614005-b1a8-4731-93ca-2bc8b9398e1b,function_transfer_time,1779123933.1538725,0.000088064
experiment_name,10614005-b1a8-4731-93ca-2bc8b9398e1b,function_transfer_time,1779123933.2551875,0.000081909
experiment_name,10614005-b1a8-4731-93ca-2bc8b9398e1b,function_transfer_time,1779123933.3565032,0.000078661
experiment_name,10614005-b1a8-4731-93ca-2bc8b9398e1b,function_transfer_time,1779123933.4578197,0.00008014
experiment_name,10614005-b1a8-4731-93ca-2bc8b9398e1b,function_transfer_time,1779123933.559167,0.00008527
experiment_name,10614005-b1a8-4731-93ca-2bc8b9398e1b,function_transfer_time,1779123933.660678,0.000083909
experiment_name,10614005-b1a8-4731-93ca-2bc8b9398e1b,function_transfer_time,1779123933.7620025,0.000081175
experiment_name,10614005-b1a8-4731-93ca-2bc8b9398e1b,function_transfer_time,1779123933.862398,0.00008721
experiment_name,10614005-b1a8-4731-93ca-2bc8b9398e1b,function_transfer_time,1779123933.9636924,0.000076753
experiment_name,10614005-b1a8-4731-93ca-2bc8b9398e1b,function_transfer_time,1779123934.0650294,0.000082498
experiment_name,10614005-b1a8-4731-93ca-2bc8b9398e1b,function_transfer_time,1779123934.165333,0.000078098
experiment_name,10614005-b1a8-4731-93ca-2bc8b9398e1b,function_transfer_time,1779123934.2666662,0.000079228
experiment_name,10614005-b1a8-4731-93ca-2bc8b9398e1b,function_transfer_time,1779123934.367992,0.000078275
experiment_name,10614005-b1a8-4731-93ca-2bc8b9398e1b,function_transfer_time,1779123934.468451,0.000080902
experiment_name,10614005-b1a8-4731-93ca-2bc8b9398e1b,function_transfer_time,1779123934.5697296,0.00002175
experiment_name,b5e74caf-e0a3-47e9-8491-94b6c740d416,function_execution_time,1779123934.6708763,0.000062683
experiment_name,b5e74caf-e0a3-47e9-8491-94b6c740d416,function_execution_time,1779123934.7722137,0.000055583
experiment_name,b5e74caf-e0a3-47e9-8491-94b6c740d416,function_execution_time,1779123934.872593,0.000068358
experiment_name,b5e74caf-e0a3-47e9-8491-94b6c740d416,function_execution_time,1779123934.9739025,0.000070176
experiment_name,b5e74caf-e0a3-47e9-8491-94b6c740d416,function_execution_time,1779123935.0751526,0.000059954
experiment_name,b5e74caf-e0a3-47e9-8491-94b6c740d416,function_execution_time,1779123935.1755307,0.000058801
experiment_name,b5e74caf-e0a3-47e9-8491-94b6c740d416,function_execution_time,1779123935.2768993,0.000057646
experiment_name,b5e74caf-e0a3-47e9-8491-94b6c740d416,function_execution_time,1779123935.3782344,0.000066261
experiment_name,b5e74caf-e0a3-47e9-8491-94b6c740d416,function_execution_time,1779123935.4785054,0.000091711
experiment_name,b5e74caf-e0a3-47e9-8491-94b6c740d416,function_execution_time,1779123935.57988,0.000059417
experiment_name,b5e74caf-e0a3-47e9-8491-94b6c740d416,function_execution_time,1779123935.681226,0.000060536
experiment_name,b5e74caf-e0a3-47e9-8491-94b6c740d416,function_execution_time,1779123935.7815874,0.000058601
experiment_name,b5e74caf-e0a3-47e9-8491-94b6c740d416,function_execution_time,1779123935.8829665,0.000068222
experiment_name,b5e74caf-e0a3-47e9-8491-94b6c740d416,function_execution_time,1779123935.9842887,0.000057505
experiment_name,b5e74caf-e0a3-47e9-8491-94b6c740d416,function_execution_time,1779123936.0845845,0.000091844
experiment_name,b5e74caf-e0a3-47e9-8491-94b6c740d416,function_execution_time,1779123936.1859384,0.000056626
experiment_name,b5e74caf-e0a3-47e9-8491-94b6c740d416,function_execution_time,1779123936.2872517,0.000082229
experiment_name,b5e74caf-e0a3-47e9-8491-94b6c740d416,function_execution_time,1779123936.3886628,0.000078116
experiment_name,b5e74caf-e0a3-47e9-8491-94b6c740d416,function_execution_time,1779123936.4899964,0.000072557
experiment_name,b5e74caf-e0a3-47e9-8491-94b6c740d416,function_execution_time,1779123936.5914695,0.000075238
experiment_name,b5e74caf-e0a3-47e9-8491-94b6c740d416,function_execution_time,1779123936.6927922,0.000059177
experiment_name,b5e74caf-e0a3-47e9-8491-94b6c740d416,function_execution_time,1779123936.7940612,0.000059113
experiment_name,b5e74caf-e0a3-47e9-8491-94b6c740d416,function_execution_time,1779123936.8954747,0.000076616
experiment_name,b5e74caf-e0a3-47e9-8491-94b6c740d416,function_execution_time,1779123936.9968128,0.00006492
experiment_name,b5e74caf-e0a3-47e9-8491-94b6c740d416,function_execution_time,1779123937.0981128,0.000061339
experiment_name,b5e74caf-e0a3-47e9-8491-94b6c740d416,function_execution_time,1779123937.1994774,0.000072938
experiment_name,b5e74caf-e0a3-47e9-8491-94b6c740d416,function_execution_time,1779123937.3007116,0.000059691
experiment_name,b5e74caf-e0a3-47e9-8491-94b6c740d416,function_execution_time,1779123937.4020576,0.000068186
experiment_name,b5e74caf-e0a3-47e9-8491-94b6c740d416,function_execution_time,1779123937.5033233,0.000056574
experiment_name,b5e74caf-e0a3-47e9-8491-94b6c740d416,function_execution_time,1779123937.6046605,0.000056303
experiment_name,b5e74caf-e0a3-47e9-8491-94b6c740d416,function_execution_time,1779123937.7060149,0.000056948
experiment_name,b5e74caf-e0a3-47e9-8491-94b6c740d416,function_execution_time,1779123937.8073149,0.000059414
experiment_name,b5e74caf-e0a3-47e9-8491-94b6c740d416,function_execution_time,1779123937.9087594,0.000065832
experiment_name,b5e74caf-e0a3-47e9-8491-94b6c740d416,function_execution_time,1779123938.0100389,0.00005693
experiment_name,b5e74caf-e0a3-47e9-8491-94b6c740d416,function_execution_time,1779123938.1113443,0.00006255
experiment_name,b5e74caf-e0a3-47e9-8491-94b6c740d416,function_execution_time,1779123938.212713,0.000056857
experiment_name,b5e74caf-e0a3-47e9-8491-94b6c740d416,function_execution_time,1779123938.314052,0.000064738
experiment_name,b5e74caf-e0a3-47e9-8491-94b6c740d416,function_execution_time,1779123938.4153678,0.000057196
experiment_name,b5e74caf-e0a3-47e9-8491-94b6c740d416,function_execution_time,1779123938.5166552,0.000057445
experiment_name,b5e74caf-e0a3-47e9-8491-94b6c740d416,function_execution_time,1779123938.6179574,0.000056837
experiment_name,b5e74caf-e0a3-47e9-8491-94b6c740d416,function_execution_time,1779123938.7192476,0.000056276
experiment_name,b5e74caf-e0a3-47e9-8491-94b6c740d416,function_execution_time,1779123938.819567,0.000065179
experiment_name,b5e74caf-e0a3-47e9-8491-94b6c740d416,function_execution_time,1779123938.9210415,0.000057338
experiment_name,b5e74caf-e0a3-47e9-8491-94b6c740d416,function_execution_time,1779123939.0223274,0.000056688
experiment_name,b5e74caf-e0a3-47e9-8491-94b6c740d416,function_execution_time,1779123939.123625,0.0000569
experiment_name,b5e74caf-e0a3-47e9-8491-94b6c740d416,function_execution_time,1779123939.2249491,0.000057336
experiment_name,b5e74caf-e0a3-47e9-8491-94b6c740d416,function_execution_time,1779123939.3261716,0.000058717
experiment_name,b5e74caf-e0a3-47e9-8491-94b6c740d416,function_execution_time,1779123939.4265265,0.000056262
experiment_name,b5e74caf-e0a3-47e9-8491-94b6c740d416,function_execution_time,1779123939.5278394,0.000063445
experiment_name,10614005-b1a8-4731-93ca-2bc8b9398e1b,function_execution_time,1779123934.6707249,0.000083817
experiment_name,10614005-b1a8-4731-93ca-2bc8b9398e1b,function_execution_time,1779123934.7721581,0.000164127
experiment_name,10614005-b1a8-4731-93ca-2bc8b9398e1b,function_execution_time,1779123934.8724961,0.000088912
experiment_name,10614005-b1a8-4731-93ca-2bc8b9398e1b,function_execution_time,1779123934.9737365,0.000073461
experiment_name,10614005-b1a8-4731-93ca-2bc8b9398e1b,function_execution_time,1779123935.075145,0.000080941
experiment_name,10614005-b1a8-4731-93ca-2bc8b9398e1b,function_execution_time,1779123935.1753798,0.000071138
experiment_name,10614005-b1a8-4731-93ca-2bc8b9398e1b,function_execution_time,1779123935.2767665,0.000101051
experiment_name,10614005-b1a8-4731-93ca-2bc8b9398e1b,function_execution_time,1779123935.3781385,0.000105857
experiment_name,10614005-b1a8-4731-93ca-2bc8b9398e1b,function_execution_time,1779123935.478385,0.000078714
experiment_name,10614005-b1a8-4731-93ca-2bc8b9398e1b,function_execution_time,1779123935.579721,0.000075896
experiment_name,10614005-b1a8-4731-93ca-2bc8b9398e1b,function_execution_time,1779123935.6810498,0.000077194
experiment_name,10614005-b1a8-4731-93ca-2bc8b9398e1b,function_execution_time,1779123935.7815852,0.000173528
experiment_name,10614005-b1a8-4731-93ca-2bc8b9398e1b,function_execution_time,1779123935.8827891,0.000075582
experiment_name,10614005-b1a8-4731-93ca-2bc8b9398e1b,function_execution_time,1779123935.9841316,0.000071006
experiment_name,10614005-b1a8-4731-93ca-2bc8b9398e1b,function_execution_time,1779123936.0845466,0.000111459
experiment_name,10614005-b1a8-4731-93ca-2bc8b9398e1b,function_execution_time,1779123936.1857834,0.000070791
experiment_name,10614005-b1a8-4731-93ca-2bc8b9398e1b,function_execution_time,1779123936.2871382,0.000071473
experiment_name,10614005-b1a8-4731-93ca-2bc8b9398e1b,function_execution_time,1779123936.3885462,0.000093702
experiment_name,10614005-b1a8-4731-93ca-2bc8b9398e1b,function_execution_time,1779123936.4898124,0.000083143
experiment_name,10614005-b1a8-4731-93ca-2bc8b9398e1b,function_execution_time,1779123936.5913107,0.000069722
experiment_name,10614005-b1a8-4731-93ca-2bc8b9398e1b,function_execution_time,1779123936.6926394,0.000070665
experiment_name,10614005-b1a8-4731-93ca-2bc8b9398e1b,function_execution_time,1779123936.7940037,0.000153505
experiment_name,10614005-b1a8-4731-93ca-2bc8b9398e1b,function_execution_time,1779123936.8952916,0.000071268
experiment_name,10614005-b1a8-4731-93ca-2bc8b9398e1b,function_execution_time,1779123936.9966364,0.000071967
experiment_name,10614005-b1a8-4731-93ca-2bc8b9398e1b,function_execution_time,1779123937.0979562,0.000072081
experiment_name,10614005-b1a8-4731-93ca-2bc8b9398e1b,function_execution_time,1779123937.1993687,0.000088298
experiment_name,10614005-b1a8-4731-93ca-2bc8b9398e1b,function_execution_time,1779123937.3005712,0.000064879
experiment_name,10614005-b1a8-4731-93ca-2bc8b9398e1b,function_execution_time,1779123937.4019036,0.00007034
experiment_name,10614005-b1a8-4731-93ca-2bc8b9398e1b,function_execution_time,1779123937.5031788,0.000074767
experiment_name,10614005-b1a8-4731-93ca-2bc8b9398e1b,function_execution_time,1779123937.6045716,0.000095057
experiment_name,10614005-b1a8-4731-93ca-2bc8b9398e1b,function_execution_time,1779123937.7058623,0.000071544
experiment_name,10614005-b1a8-4731-93ca-2bc8b9398e1b,function_execution_time,1779123937.8072464,0.000143919
experiment_name,10614005-b1a8-4731-93ca-2bc8b9398e1b,function_execution_time,1779123937.908592,0.00008524
experiment_name,10614005-b1a8-4731-93ca-2bc8b9398e1b,function_execution_time,1779123938.009892,0.000071849
experiment_name,10614005-b1a8-4731-93ca-2bc8b9398e1b,function_execution_time,1779123938.111294,0.000085215
experiment_name,10614005-b1a8-4731-93ca-2bc8b9398e1b,function_execution_time,1779123938.2125635,0.000080509
experiment_name,10614005-b1a8-4731-93ca-2bc8b9398e1b,function_execution_time,1779123938.3138788,0.000073226
experiment_name,10614005-b1a8-4731-93ca-2bc8b9398e1b,function_execution_time,1779123938.4152145,0.000070886
experiment_name,10614005-b1a8-4731-93ca-2bc8b9398e1b,function_execution_time,1779123938.5165558,0.000096144
experiment_name,10614005-b1a8-4731-93ca-2bc8b9398e1b,function_execution_time,1779123938.617803,0.000069417
experiment_name,10614005-b1a8-4731-93ca-2bc8b9398e1b,function_execution_time,1779123938.7190897,0.00007253
experiment_name,10614005-b1a8-4731-93ca-2bc8b9398e1b,function_execution_time,1779123938.8195033,0.000157454
experiment_name,10614005-b1a8-4731-93ca-2bc8b9398e1b,function_execution_time,1779123938.9208763,0.000077892
experiment_name,10614005-b1a8-4731-93ca-2bc8b9398e1b,function_execution_time,1779123939.0221798,0.00007132
experiment_name,10614005-b1a8-4731-93ca-2bc8b9398e1b,function_execution_time,1779123939.123476,0.000095189
experiment_name,10614005-b1a8-4731-93ca-2bc8b9398e1b,function_execution_time,1779123939.2247927,0.000082576
experiment_name,10614005-b1a8-4731-93ca-2bc8b9398e1b,function_execution_time,1779123939.3260577,0.000079873
experiment_name,10614005-b1a8-4731-93ca-2bc8b9398e1b,function_execution_time,1779123939.4263756,0.000070099
experiment_name,10614005-b1a8-4731-93ca-2bc8b9398e1b,function_execution_time,1779123939.52768,0.00006893
experiment_name,b5e74caf-e0a3-47e9-8491-94b6c740d416,function_transfer_time,1779123934.6708097,0.000104288
experiment_name,b5e74caf-e0a3-47e9-8491-94b6c740d416,function_transfer_time,1779123934.7721546,0.000035779
experiment_name,b5e74caf-e0a3-47e9-8491-94b6c740d416,function_transfer_time,1779123934.8725162,0.000093358
experiment_name,b5e74caf-e0a3-47e9-8491-94b6c740d416,function_transfer_time,1779123934.9738274,0.000109678
experiment_name,b5e74caf-e0a3-47e9-8491-94b6c740d416,function_transfer_time,1779123935.0751498,0.000037842
experiment_name,b5e74caf-e0a3-47e9-8491-94b6c740d416,function_transfer_time,1779123935.1754663,0.000101596
experiment_name,b5e74caf-e0a3-47e9-8491-94b6c740d416,function_transfer_time,1779123935.276897,0.000095188
experiment_name,b5e74caf-e0a3-47e9-8491-94b6c740d416,function_transfer_time,1779123935.3782334,0.000114637
experiment_name,b5e74caf-e0a3-47e9-8491-94b6c740d416,function_transfer_time,1779123935.478467,0.000052754
experiment_name,b5e74caf-e0a3-47e9-8491-94b6c740d416,function_transfer_time,1779123935.5798786,0.000112501
experiment_name,b5e74caf-e0a3-47e9-8491-94b6c740d416,function_transfer_time,1779123935.6812243,0.000137112
experiment_name,b5e74caf-e0a3-47e9-8491-94b6c740d416,function_transfer_time,1779123935.781587,0.000048637
experiment_name,b5e74caf-e0a3-47e9-8491-94b6c740d416,function_transfer_time,1779123935.8829648,0.000130462
experiment_name,b5e74caf-e0a3-47e9-8491-94b6c740d416,function_transfer_time,1779123935.9842873,0.000128971
experiment_name,b5e74caf-e0a3-47e9-8491-94b6c740d416,function_transfer_time,1779123936.0845423,0.000055175
experiment_name,b5e74caf-e0a3-47e9-8491-94b6c740d416,function_transfer_time,1779123936.1859372,0.000120128
experiment_name,b5e74caf-e0a3-47e9-8491-94b6c740d416,function_transfer_time,1779123936.2872117,0.000065101
experiment_name,b5e74caf-e0a3-47e9-8491-94b6c740d416,function_transfer_time,1779123936.388574,0.000135763
experiment_name,b5e74caf-e0a3-47e9-8491-94b6c740d416,function_transfer_time,1779123936.4899168,0.000117872
experiment_name,b5e74caf-e0a3-47e9-8491-94b6c740d416,function_transfer_time,1779123936.5913928,0.000116991
experiment_name,b5e74caf-e0a3-47e9-8491-94b6c740d416,function_transfer_time,1779123936.6927314,0.000115328
experiment_name,b5e74caf-e0a3-47e9-8491-94b6c740d416,function_transfer_time,1779123936.7940009,0.000041256
experiment_name,b5e74caf-e0a3-47e9-8491-94b6c740d416,function_transfer_time,1779123936.895398,0.000123461
experiment_name,b5e74caf-e0a3-47e9-8491-94b6c740d416,function_transfer_time,1779123936.9967458,0.000138035
experiment_name,b5e74caf-e0a3-47e9-8491-94b6c740d416,function_transfer_time,1779123937.0980487,0.000113639
experiment_name,b5e74caf-e0a3-47e9-8491-94b6c740d416,function_transfer_time,1779123937.1993976,0.000127011
experiment_name,b5e74caf-e0a3-47e9-8491-94b6c740d416,function_transfer_time,1779123937.3006628,0.000114831
experiment_name,b5e74caf-e0a3-47e9-8491-94b6c740d416,function_transfer_time,1779123937.4020033,0.000114404
experiment_name,b5e74caf-e0a3-47e9-8491-94b6c740d416,function_transfer_time,1779123937.5032651,0.000105406
experiment_name,b5e74caf-e0a3-47e9-8491-94b6c740d416,function_transfer_time,1779123937.6045978,0.000112501
experiment_name,b5e74caf-e0a3-47e9-8491-94b6c740d416,function_transfer_time,1779123937.7059562,0.000124348
experiment_name,b5e74caf-e0a3-47e9-8491-94b6c740d416,function_transfer_time,1779123937.8072486,0.000037338
experiment_name,b5e74caf-e0a3-47e9-8491-94b6c740d416,function_transfer_time,1779123937.9086926,0.000120299
experiment_name,b5e74caf-e0a3-47e9-8491-94b6c740d416,function_transfer_time,1779123938.0099785,0.000112992
experiment_name,b5e74caf-e0a3-47e9-8491-94b6c740d416,function_transfer_time,1779123938.1112988,0.000087789
experiment_name,b5e74caf-e0a3-47e9-8491-94b6c740d416,function_transfer_time,1779123938.2126522,0.000106615
experiment_name,b5e74caf-e0a3-47e9-8491-94b6c740d416,function_transfer_time,1779123938.3139865,0.000136676
experiment_name,b5e74caf-e0a3-47e9-8491-94b6c740d416,function_transfer_time,1779123938.4153063,0.000114659
experiment_name,b5e74caf-e0a3-47e9-8491-94b6c740d416,function_transfer_time,1779123938.5165854,0.00013351
experiment_name,b5e74caf-e0a3-47e9-8491-94b6c740d416,function_transfer_time,1779123938.6178954,0.000114831
experiment_name,b5e74caf-e0a3-47e9-8491-94b6c740d416,function_transfer_time,1779123938.7191901,0.000126427
experiment_name,b5e74caf-e0a3-47e9-8491-94b6c740d416,function_transfer_time,1779123938.819499,0.000038006
experiment_name,b5e74caf-e0a3-47e9-8491-94b6c740d416,function_transfer_time,1779123938.9209821,0.000141553
experiment_name,b5e74caf-e0a3-47e9-8491-94b6c740d416,function_transfer_time,1779123939.0222702,0.000104596
experiment_name,b5e74caf-e0a3-47e9-8491-94b6c740d416,function_transfer_time,1779123939.1235633,0.000129951
experiment_name,b5e74caf-e0a3-47e9-8491-94b6c740d416,function_transfer_time,1779123939.22489,0.0001273
experiment_name,b5e74caf-e0a3-47e9-8491-94b6c740d416,function_transfer_time,1779123939.3261094,0.000086201
experiment_name,b5e74caf-e0a3-47e9-8491-94b6c740d416,function_transfer_time,1779123939.4264686,0.000115185
experiment_name,b5e74caf-e0a3-47e9-8491-94b6c740d416,function_transfer_time,1779123939.527773,0.000116641
experiment_name,10614005-b1a8-4731-93ca-2bc8b9398e1b,function_transfer_time,1779123934.6706433,0.000081926
experiment_name,10614005-b1a8-4731-93ca-2bc8b9398e1b,function_transfer_time,1779123934.7719777,0.000081289
experiment_name,10614005-b1a8-4731-93ca-2bc8b9398e1b,function_transfer_time,1779123934.8723643,0.000095071
experiment_name,10614005-b1a8-4731-93ca-2bc8b9398e1b,function_transfer_time,1779123934.973657,0.000079224
experiment_name,10614005-b1a8-4731-93ca-2bc8b9398e1b,function_transfer_time,1779123935.0749938,0.00008038
experiment_name,10614005-b1a8-4731-93ca-2bc8b9398e1b,function_transfer_time,1779123935.175305,0.00008397
experiment_name,10614005-b1a8-4731-93ca-2bc8b9398e1b,function_transfer_time,1779123935.2766552,0.000089008
experiment_name,10614005-b1a8-4731-93ca-2bc8b9398e1b,function_transfer_time,1779123935.3779867,0.000090451
experiment_name,10614005-b1a8-4731-93ca-2bc8b9398e1b,function_transfer_time,1779123935.4783013,0.000080452
experiment_name,10614005-b1a8-4731-93ca-2bc8b9398e1b,function_transfer_time,1779123935.579645,0.000074563
experiment_name,10614005-b1a8-4731-93ca-2bc8b9398e1b,function_transfer_time,1779123935.6809664,0.0000833
experiment_name,10614005-b1a8-4731-93ca-2bc8b9398e1b,function_transfer_time,1779123935.7813287,0.00008498
experiment_name,10614005-b1a8-4731-93ca-2bc8b9398e1b,function_transfer_time,1779123935.8827069,0.000080911
experiment_name,10614005-b1a8-4731-93ca-2bc8b9398e1b,function_transfer_time,1779123935.9840424,0.000080737
experiment_name,10614005-b1a8-4731-93ca-2bc8b9398e1b,function_transfer_time,1779123936.0843768,0.000085319
experiment_name,10614005-b1a8-4731-93ca-2bc8b9398e1b,function_transfer_time,1779123936.1857004,0.000075323
experiment_name,10614005-b1a8-4731-93ca-2bc8b9398e1b,function_transfer_time,1779123936.287046,0.000076549
experiment_name,10614005-b1a8-4731-93ca-2bc8b9398e1b,function_transfer_time,1779123936.3883886,0.000085737
experiment_name,10614005-b1a8-4731-93ca-2bc8b9398e1b,function_transfer_time,1779123936.4897296,0.000078688
experiment_name,10614005-b1a8-4731-93ca-2bc8b9398e1b,function_transfer_time,1779123936.591221,0.000075611
experiment_name,10614005-b1a8-4731-93ca-2bc8b9398e1b,function_transfer_time,1779123936.692556,0.00008025
experiment_name,10614005-b1a8-4731-93ca-2bc8b9398e1b,function_transfer_time,1779123936.7938418,0.000077291
experiment_name,10614005-b1a8-4731-93ca-2bc8b9398e1b,function_transfer_time,1779123936.8952088,0.000084566
experiment_name,10614005-b1a8-4731-93ca-2bc8b9398e1b,function_transfer_time,1779123936.9965549,0.000081529
experiment_name,10614005-b1a8-4731-93ca-2bc8b9398e1b,function_transfer_time,1779123937.0978727,0.000082929
experiment_name,10614005-b1a8-4731-93ca-2bc8b9398e1b,function_transfer_time,1779123937.1992111,0.000078585
experiment_name,10614005-b1a8-4731-93ca-2bc8b9398e1b,function_transfer_time,1779123937.300493,0.000031803
experiment_name,10614005-b1a8-4731-93ca-2bc8b9398e1b,function_transfer_time,1779123937.401823,0.000086375
experiment_name,10614005-b1a8-4731-93ca-2bc8b9398e1b,function_transfer_time,1779123937.5031013,0.000018605
experiment_name,10614005-b1a8-4731-93ca-2bc8b9398e1b,function_transfer_time,1779123937.6044211,0.000084968
experiment_name,10614005-b1a8-4731-93ca-2bc8b9398e1b,function_transfer_time,1779123937.7057807,0.000098676
experiment_name,10614005-b1a8-4731-93ca-2bc8b9398e1b,function_transfer_time,1779123937.807098,0.000084915
experiment_name,10614005-b1a8-4731-93ca-2bc8b9398e1b,function_transfer_time,1779123937.9085097,0.000023363
experiment_name,10614005-b1a8-4731-93ca-2bc8b9398e1b,function_transfer_time,1779123938.0098114,0.000087613
experiment_name,10614005-b1a8-4731-93ca-2bc8b9398e1b,function_transfer_time,1779123938.1111417,0.000092
experiment_name,10614005-b1a8-4731-93ca-2bc8b9398e1b,function_transfer_time,1779123938.2124794,0.000082925
experiment_name,10614005-b1a8-4731-93ca-2bc8b9398e1b,function_transfer_time,1779123938.3137949,0.000082185
experiment_name,10614005-b1a8-4731-93ca-2bc8b9398e1b,function_transfer_time,1779123938.4151313,0.000075915
experiment_name,10614005-b1a8-4731-93ca-2bc8b9398e1b,function_transfer_time,1779123938.5163894,0.000022981
experiment_name,10614005-b1a8-4731-93ca-2bc8b9398e1b,function_transfer_time,1779123938.6177227,0.000079253
experiment_name,10614005-b1a8-4731-93ca-2bc8b9398e1b,function_transfer_time,1779123938.7190084,0.000020894
experiment_name,10614005-b1a8-4731-93ca-2bc8b9398e1b,function_transfer_time,1779123938.8193295,0.000079503
experiment_name,10614005-b1a8-4731-93ca-2bc8b9398e1b,function_transfer_time,1779123938.9207778,0.000024828
experiment_name,10614005-b1a8-4731-93ca-2bc8b9398e1b,function_transfer_time,1779123939.0221038,0.000080297
experiment_name,10614005-b1a8-4731-93ca-2bc8b9398e1b,function_transfer_time,1779123939.123373,0.000023044
experiment_name,10614005-b1a8-4731-93ca-2bc8b9398e1b,function_transfer_time,1779123939.2247078,0.000083987
experiment_name,10614005-b1a8-4731-93ca-2bc8b9398e1b,function_transfer_time,1779123939.3259676,0.000018091
experiment_name,10614005-b1a8-4731-93ca-2bc8b9398e1b,function_transfer_time,1779123939.426294,0.000086714
experiment_name,10614005-b1a8-4731-93ca-2bc8b9398e1b,function_transfer_time,1779123939.5275974,0.000077563
experiment_name,10614005-b1a8-4731-93ca-2bc8b9398e1b,function_execution_time,1779123939.6289063,0.000096182
experiment_name,10614005-b1a8-4731-93ca-2bc8b9398e1b,function_execution_time,1779123939.7299237,0.000070904
experiment_name,10614005-b1a8-4731-93ca-2bc8b9398e1b,function_execution_time,1779123939.8313537,0.0001786
experiment_name,10614005-b1a8-4731-93ca-2bc8b9398e1b,function_execution_time,1779123939.9326913,0.000089173
experiment_name,10614005-b1a8-4731-93ca-2bc8b9398e1b,function_execution_time,1779123940.0340376,0.000090242
experiment_name,10614005-b1a8-4731-93ca-2bc8b9398e1b,function_execution_time,1779123940.1352708,0.000088589
experiment_name,10614005-b1a8-4731-93ca-2bc8b9398e1b,function_execution_time,1779123940.2366548,0.000099211
experiment_name,10614005-b1a8-4731-93ca-2bc8b9398e1b,function_execution_time,1779123940.3380451,0.000097264
experiment_name,10614005-b1a8-4731-93ca-2bc8b9398e1b,function_execution_time,1779123940.4393098,0.00007359
experiment_name,10614005-b1a8-4731-93ca-2bc8b9398e1b,function_execution_time,1779123940.5406399,0.000082479
experiment_name,10614005-b1a8-4731-93ca-2bc8b9398e1b,function_execution_time,1779123940.6419961,0.000084458
experiment_name,10614005-b1a8-4731-93ca-2bc8b9398e1b,function_execution_time,1779123940.7433033,0.000075834
experiment_name,10614005-b1a8-4731-93ca-2bc8b9398e1b,function_execution_time,1779123940.844732,0.000149221
experiment_name,10614005-b1a8-4731-93ca-2bc8b9398e1b,function_execution_time,1779123940.946096,0.000082869
experiment_name,10614005-b1a8-4731-93ca-2bc8b9398e1b,function_execution_time,1779123941.0473375,0.000073362
experiment_name,10614005-b1a8-4731-93ca-2bc8b9398e1b,function_execution_time,1779123941.1488593,0.000070779
experiment_name,10614005-b1a8-4731-93ca-2bc8b9398e1b,function_execution_time,1779123941.2501767,0.000076019
experiment_name,10614005-b1a8-4731-93ca-2bc8b9398e1b,function_execution_time,1779123941.3515377,0.000098807
experiment_name,10614005-b1a8-4731-93ca-2bc8b9398e1b,function_execution_time,1779123941.4528062,0.000069733
experiment_name,10614005-b1a8-4731-93ca-2bc8b9398e1b,function_execution_time,1779123941.5541422,0.000073675
experiment_name,10614005-b1a8-4731-93ca-2bc8b9398e1b,function_execution_time,1779123941.655543,0.000099161
experiment_name,10614005-b1a8-4731-93ca-2bc8b9398e1b,function_execution_time,1779123941.7568085,0.000074219
experiment_name,10614005-b1a8-4731-93ca-2bc8b9398e1b,function_execution_time,1779123941.8582437,0.000146339
experiment_name,10614005-b1a8-4731-93ca-2bc8b9398e1b,function_execution_time,1779123941.9595401,0.000072513
experiment_name,10614005-b1a8-4731-93ca-2bc8b9398e1b,function_execution_time,1779123942.0608823,0.000089174
experiment_name,10614005-b1a8-4731-93ca-2bc8b9398e1b,function_execution_time,1779123942.162214,0.000072069
experiment_name,10614005-b1a8-4731-93ca-2bc8b9398e1b,function_execution_time,1779123942.263552,0.000072455
experiment_name,10614005-b1a8-4731-93ca-2bc8b9398e1b,function_execution_time,1779123942.3649032,0.000094958
experiment_name,10614005-b1a8-4731-93ca-2bc8b9398e1b,function_execution_time,1779123942.4661427,0.000075764
experiment_name,10614005-b1a8-4731-93ca-2bc8b9398e1b,function_execution_time,1779123942.567575,0.000091807
experiment_name,10614005-b1a8-4731-93ca-2bc8b9398e1b,function_execution_time,1779123942.6688027,0.000070699
experiment_name,10614005-b1a8-4731-93ca-2bc8b9398e1b,function_execution_time,1779123942.770139,0.000074118
experiment_name,10614005-b1a8-4731-93ca-2bc8b9398e1b,function_execution_time,1779123942.8714955,0.000162591
experiment_name,10614005-b1a8-4731-93ca-2bc8b9398e1b,function_execution_time,1779123942.9729078,0.000071133
experiment_name,10614005-b1a8-4731-93ca-2bc8b9398e1b,function_execution_time,1779123943.0742414,0.000074792
experiment_name,10614005-b1a8-4731-93ca-2bc8b9398e1b,function_execution_time,1779123943.175601,0.000089112
experiment_name,10614005-b1a8-4731-93ca-2bc8b9398e1b,function_execution_time,1779123943.2768748,0.000074766
experiment_name,10614005-b1a8-4731-93ca-2bc8b9398e1b,function_execution_time,1779123943.378128,0.000070076
experiment_name,10614005-b1a8-4731-93ca-2bc8b9398e1b,function_execution_time,1779123943.478462,0.000083914
experiment_name,10614005-b1a8-4731-93ca-2bc8b9398e1b,function_execution_time,1779123943.5798182,0.000081862
experiment_name,10614005-b1a8-4731-93ca-2bc8b9398e1b,function_execution_time,1779123943.6811433,0.000070818
experiment_name,10614005-b1a8-4731-93ca-2bc8b9398e1b,function_execution_time,1779123943.7825017,0.000093015
experiment_name,10614005-b1a8-4731-93ca-2bc8b9398e1b,function_execution_time,1779123943.8839629,0.000143277
experiment_name,10614005-b1a8-4731-93ca-2bc8b9398e1b,function_execution_time,1779123943.9852843,0.000068554
experiment_name,10614005-b1a8-4731-93ca-2bc8b9398e1b,function_execution_time,1779123944.0866077,0.000077936
experiment_name,10614005-b1a8-4731-93ca-2bc8b9398e1b,function_execution_time,1779123944.187938,0.000070981
experiment_name,10614005-b1a8-4731-93ca-2bc8b9398e1b,function_execution_time,1779123944.2892814,0.00009018
experiment_name,10614005-b1a8-4731-93ca-2bc8b9398e1b,function_execution_time,1779123944.3906214,0.00007321
experiment_name,10614005-b1a8-4731-93ca-2bc8b9398e1b,function_execution_time,1779123944.4919698,0.000071791
experiment_name,10614005-b1a8-4731-93ca-2bc8b9398e1b,function_execution_time,1779123944.5932868,0.000083487
experiment_name,b5e74caf-e0a3-47e9-8491-94b6c740d416,function_execution_time,1779123939.6289725,0.000059632
experiment_name,b5e74caf-e0a3-47e9-8491-94b6c740d416,function_execution_time,1779123939.7300746,0.000056208
experiment_name,b5e74caf-e0a3-47e9-8491-94b6c740d416,function_execution_time,1779123939.8314183,0.000060393
experiment_name,b5e74caf-e0a3-47e9-8491-94b6c740d416,function_execution_time,1779123939.9328375,0.000070325
experiment_name,b5e74caf-e0a3-47e9-8491-94b6c740d416,function_execution_time,1779123940.0341177,0.000067572
experiment_name,b5e74caf-e0a3-47e9-8491-94b6c740d416,function_execution_time,1779123940.135395,0.00008155
experiment_name,b5e74caf-e0a3-47e9-8491-94b6c740d416,function_execution_time,1779123940.2367535,0.000065143
experiment_name,b5e74caf-e0a3-47e9-8491-94b6c740d416,function_execution_time,1779123940.3380497,0.00006285
experiment_name,b5e74caf-e0a3-47e9-8491-94b6c740d416,function_execution_time,1779123940.4394832,0.000083702
experiment_name,b5e74caf-e0a3-47e9-8491-94b6c740d416,function_execution_time,1779123940.5407355,0.000064486
experiment_name,b5e74caf-e0a3-47e9-8491-94b6c740d416,function_execution_time,1779123940.6421542,0.000060404
experiment_name,b5e74caf-e0a3-47e9-8491-94b6c740d416,function_execution_time,1779123940.7434042,0.000067919
experiment_name,b5e74caf-e0a3-47e9-8491-94b6c740d416,function_execution_time,1779123940.844803,0.000066874
experiment_name,b5e74caf-e0a3-47e9-8491-94b6c740d416,function_execution_time,1779123940.9461544,0.000062029
experiment_name,b5e74caf-e0a3-47e9-8491-94b6c740d416,function_execution_time,1779123941.0475116,0.000055588
experiment_name,b5e74caf-e0a3-47e9-8491-94b6c740d416,function_execution_time,1779123941.1490088,0.00005647
experiment_name,b5e74caf-e0a3-47e9-8491-94b6c740d416,function_execution_time,1779123941.2503452,0.000057696
experiment_name,b5e74caf-e0a3-47e9-8491-94b6c740d416,function_execution_time,1779123941.3516586,0.000064214
experiment_name,b5e74caf-e0a3-47e9-8491-94b6c740d416,function_execution_time,1779123941.452955,0.00005526
experiment_name,b5e74caf-e0a3-47e9-8491-94b6c740d416,function_execution_time,1779123941.5542884,0.000055966
experiment_name,b5e74caf-e0a3-47e9-8491-94b6c740d416,function_execution_time,1779123941.655623,0.000057404
experiment_name,b5e74caf-e0a3-47e9-8491-94b6c740d416,function_execution_time,1779123941.7569752,0.000066558
experiment_name,b5e74caf-e0a3-47e9-8491-94b6c740d416,function_execution_time,1779123941.8582993,0.000056597
experiment_name,b5e74caf-e0a3-47e9-8491-94b6c740d416,function_execution_time,1779123941.9597151,0.000058246
experiment_name,b5e74caf-e0a3-47e9-8491-94b6c740d416,function_execution_time,1779123942.06099,0.000071673
experiment_name,b5e74caf-e0a3-47e9-8491-94b6c740d416,function_execution_time,1779123942.1623883,0.000071751
experiment_name,b5e74caf-e0a3-47e9-8491-94b6c740d416,function_execution_time,1779123942.2637057,0.000059843
experiment_name,b5e74caf-e0a3-47e9-8491-94b6c740d416,function_execution_time,1779123942.3649976,0.000057201
experiment_name,b5e74caf-e0a3-47e9-8491-94b6c740d416,function_execution_time,1779123942.466294,0.000058866
experiment_name,b5e74caf-e0a3-47e9-8491-94b6c740d416,function_execution_time,1779123942.5676432,0.000056876
experiment_name,b5e74caf-e0a3-47e9-8491-94b6c740d416,function_execution_time,1779123942.6689534,0.000055971
experiment_name,b5e74caf-e0a3-47e9-8491-94b6c740d416,function_execution_time,1779123942.7702866,0.000056926
experiment_name,b5e74caf-e0a3-47e9-8491-94b6c740d416,function_execution_time,1779123942.8715496,0.00005922
experiment_name,b5e74caf-e0a3-47e9-8491-94b6c740d416,function_execution_time,1779123942.973063,0.000070494
experiment_name,b5e74caf-e0a3-47e9-8491-94b6c740d416,function_execution_time,1779123943.0743892,0.000056525
experiment_name,b5e74caf-e0a3-47e9-8491-94b6c740d416,function_execution_time,1779123943.1756685,0.000057323
experiment_name,b5e74caf-e0a3-47e9-8491-94b6c740d416,function_execution_time,1779123943.2770164,0.000058319
experiment_name,b5e74caf-e0a3-47e9-8491-94b6c740d416,function_execution_time,1779123943.3782754,0.000065942
experiment_name,b5e74caf-e0a3-47e9-8491-94b6c740d416,function_execution_time,1779123943.4786034,0.00005947
experiment_name,b5e74caf-e0a3-47e9-8491-94b6c740d416,function_execution_time,1779123943.5799594,0.00005784
experiment_name,b5e74caf-e0a3-47e9-8491-94b6c740d416,function_execution_time,1779123943.6812873,0.000059857
experiment_name,b5e74caf-e0a3-47e9-8491-94b6c740d416,function_execution_time,1779123943.7826314,0.000054959
experiment_name,b5e74caf-e0a3-47e9-8491-94b6c740d416,function_execution_time,1779123943.8840277,0.000068613
experiment_name,b5e74caf-e0a3-47e9-8491-94b6c740d416,function_execution_time,1779123943.9854422,0.000055732
experiment_name,b5e74caf-e0a3-47e9-8491-94b6c740d416,function_execution_time,1779123944.0867689,0.000057204
experiment_name,b5e74caf-e0a3-47e9-8491-94b6c740d416,function_execution_time,1779123944.1880794,0.000057643
experiment_name,b5e74caf-e0a3-47e9-8491-94b6c740d416,function_execution_time,1779123944.2894342,0.000064968
experiment_name,b5e74caf-e0a3-47e9-8491-94b6c740d416,function_execution_time,1779123944.3907633,0.000060844
experiment_name,b5e74caf-e0a3-47e9-8491-94b6c740d416,function_execution_time,1779123944.492125,0.000062267
experiment_name,b5e74caf-e0a3-47e9-8491-94b6c740d416,function_execution_time,1779123944.593425,0.000055868
experiment_name,10614005-b1a8-4731-93ca-2bc8b9398e1b,function_transfer_time,1779123939.6288066,0.000019046
experiment_name,10614005-b1a8-4731-93ca-2bc8b9398e1b,function_transfer_time,1779123939.729831,0.000076336
experiment_name,10614005-b1a8-4731-93ca-2bc8b9398e1b,function_transfer_time,1779123939.8311687,0.000077852
experiment_name,10614005-b1a8-4731-93ca-2bc8b9398e1b,function_transfer_time,1779123939.9326048,0.000087518
experiment_name,10614005-b1a8-4731-93ca-2bc8b9398e1b,function_transfer_time,1779123940.0338895,0.000031571
experiment_name,10614005-b1a8-4731-93ca-2bc8b9398e1b,function_transfer_time,1779123940.1351726,0.00003234
experiment_name,10614005-b1a8-4731-93ca-2bc8b9398e1b,function_transfer_time,1779123940.2365,0.000079757
experiment_name,10614005-b1a8-4731-93ca-2bc8b9398e1b,function_transfer_time,1779123940.337888,0.000085909
experiment_name,10614005-b1a8-4731-93ca-2bc8b9398e1b,function_transfer_time,1779123940.4392164,0.000081686
experiment_name,10614005-b1a8-4731-93ca-2bc8b9398e1b,function_transfer_time,1779123940.540552,0.000080178
experiment_name,10614005-b1a8-4731-93ca-2bc8b9398e1b,function_transfer_time,1779123940.6418998,0.000078437
experiment_name,10614005-b1a8-4731-93ca-2bc8b9398e1b,function_transfer_time,1779123940.7432258,0.000080395
experiment_name,10614005-b1a8-4731-93ca-2bc8b9398e1b,function_transfer_time,1779123940.8445764,0.000084478
experiment_name,10614005-b1a8-4731-93ca-2bc8b9398e1b,function_transfer_time,1779123940.9459286,0.000075332
experiment_name,10614005-b1a8-4731-93ca-2bc8b9398e1b,function_transfer_time,1779123941.0472553,0.000078929
experiment_name,10614005-b1a8-4731-93ca-2bc8b9398e1b,function_transfer_time,1779123941.1487746,0.000080434
experiment_name,10614005-b1a8-4731-93ca-2bc8b9398e1b,function_transfer_time,1779123941.2500944,0.000080068
experiment_name,10614005-b1a8-4731-93ca-2bc8b9398e1b,function_transfer_time,1779123941.3514261,0.000073445
experiment_name,10614005-b1a8-4731-93ca-2bc8b9398e1b,function_transfer_time,1779123941.4527228,0.000076978
experiment_name,10614005-b1a8-4731-93ca-2bc8b9398e1b,function_transfer_time,1779123941.5540602,0.000081549
experiment_name,10614005-b1a8-4731-93ca-2bc8b9398e1b,function_transfer_time,1779123941.6553884,0.000086595
experiment_name,10614005-b1a8-4731-93ca-2bc8b9398e1b,function_transfer_time,1779123941.7567177,0.000079171
experiment_name,10614005-b1a8-4731-93ca-2bc8b9398e1b,function_transfer_time,1779123941.858082,0.000086807
experiment_name,10614005-b1a8-4731-93ca-2bc8b9398e1b,function_transfer_time,1779123941.959451,0.000083179
experiment_name,10614005-b1a8-4731-93ca-2bc8b9398e1b,function_transfer_time,1779123942.0607955,0.000083702
experiment_name,10614005-b1a8-4731-93ca-2bc8b9398e1b,function_transfer_time,1779123942.1621225,0.000084511
experiment_name,10614005-b1a8-4731-93ca-2bc8b9398e1b,function_transfer_time,1779123942.2634678,0.000084131
experiment_name,10614005-b1a8-4731-93ca-2bc8b9398e1b,function_transfer_time,1779123942.3647532,0.000022883
experiment_name,10614005-b1a8-4731-93ca-2bc8b9398e1b,function_transfer_time,1779123942.4660673,0.000082266
experiment_name,10614005-b1a8-4731-93ca-2bc8b9398e1b,function_transfer_time,1779123942.5674136,0.000081292
experiment_name,10614005-b1a8-4731-93ca-2bc8b9398e1b,function_transfer_time,1779123942.6687179,0.000073951
experiment_name,10614005-b1a8-4731-93ca-2bc8b9398e1b,function_transfer_time,1779123942.7700553,0.000077554
experiment_name,10614005-b1a8-4731-93ca-2bc8b9398e1b,function_transfer_time,1779123942.8713143,0.000022065
experiment_name,10614005-b1a8-4731-93ca-2bc8b9398e1b,function_transfer_time,1779123942.9728303,0.000096616
experiment_name,10614005-b1a8-4731-93ca-2bc8b9398e1b,function_transfer_time,1779123943.0741649,0.000079605
experiment_name,10614005-b1a8-4731-93ca-2bc8b9398e1b,function_transfer_time,1779123943.1754618,0.000078046
experiment_name,10614005-b1a8-4731-93ca-2bc8b9398e1b,function_transfer_time,1779123943.2767944,0.000089338
experiment_name,10614005-b1a8-4731-93ca-2bc8b9398e1b,function_transfer_time,1779123943.3780503,0.000027102
experiment_name,10614005-b1a8-4731-93ca-2bc8b9398e1b,function_transfer_time,1779123943.4783804,0.000086289
experiment_name,10614005-b1a8-4731-93ca-2bc8b9398e1b,function_transfer_time,1779123943.57974,0.000093217
experiment_name,10614005-b1a8-4731-93ca-2bc8b9398e1b,function_transfer_time,1779123943.6810648,0.000087244
experiment_name,10614005-b1a8-4731-93ca-2bc8b9398e1b,function_transfer_time,1779123943.78241,0.000082677
experiment_name,10614005-b1a8-4731-93ca-2bc8b9398e1b,function_transfer_time,1779123943.8838148,0.000026979
experiment_name,10614005-b1a8-4731-93ca-2bc8b9398e1b,function_transfer_time,1779123943.9851892,0.00008115
experiment_name,10614005-b1a8-4731-93ca-2bc8b9398e1b,function_transfer_time,1779123944.0865312,0.000091664
experiment_name,10614005-b1a8-4731-93ca-2bc8b9398e1b,function_transfer_time,1779123944.1878579,0.000084856
experiment_name,10614005-b1a8-4731-93ca-2bc8b9398e1b,function_transfer_time,1779123944.2891927,0.000078445
experiment_name,10614005-b1a8-4731-93ca-2bc8b9398e1b,function_transfer_time,1779123944.3905427,0.000106301
experiment_name,10614005-b1a8-4731-93ca-2bc8b9398e1b,function_transfer_time,1779123944.491891,0.000087
experiment_name,10614005-b1a8-4731-93ca-2bc8b9398e1b,function_transfer_time,1779123944.5932043,0.000080597
experiment_name,b5e74caf-e0a3-47e9-8491-94b6c740d416,function_transfer_time,1779123939.628903,0.000035981
experiment_name,b5e74caf-e0a3-47e9-8491-94b6c740d416,function_transfer_time,1779123939.7300172,0.000125181
experiment_name,b5e74caf-e0a3-47e9-8491-94b6c740d416,function_transfer_time,1779123939.8313563,0.000045371
experiment_name,b5e74caf-e0a3-47e9-8491-94b6c740d416,function_transfer_time,1779123939.9327822,0.000108997
experiment_name,b5e74caf-e0a3-47e9-8491-94b6c740d416,function_transfer_time,1779123940.0340436,0.000091249
experiment_name,b5e74caf-e0a3-47e9-8491-94b6c740d416,function_transfer_time,1779123940.1353445,0.000073758
experiment_name,b5e74caf-e0a3-47e9-8491-94b6c740d416,function_transfer_time,1779123940.2366831,0.000121019
experiment_name,b5e74caf-e0a3-47e9-8491-94b6c740d416,function_transfer_time,1779123940.3380487,0.000040866
experiment_name,b5e74caf-e0a3-47e9-8491-94b6c740d416,function_transfer_time,1779123940.4394064,0.000125587
experiment_name,b5e74caf-e0a3-47e9-8491-94b6c740d416,function_transfer_time,1779123940.5407114,0.000058049
experiment_name,b5e74caf-e0a3-47e9-8491-94b6c740d416,function_transfer_time,1779123940.6420918,0.000128058
experiment_name,b5e74caf-e0a3-47e9-8491-94b6c740d416,function_transfer_time,1779123940.7433743,0.000049124
experiment_name,b5e74caf-e0a3-47e9-8491-94b6c740d416,function_transfer_time,1779123940.8447347,0.000043598
experiment_name,b5e74caf-e0a3-47e9-8491-94b6c740d416,function_transfer_time,1779123940.9461038,0.000103219
experiment_name,b5e74caf-e0a3-47e9-8491-94b6c740d416,function_transfer_time,1779123941.047455,0.00014735
experiment_name,b5e74caf-e0a3-47e9-8491-94b6c740d416,function_transfer_time,1779123941.1489494,0.000114847
experiment_name,b5e74caf-e0a3-47e9-8491-94b6c740d416,function_transfer_time,1779123941.250286,0.000135332
experiment_name,b5e74caf-e0a3-47e9-8491-94b6c740d416,function_transfer_time,1779123941.351587,0.000087736
experiment_name,b5e74caf-e0a3-47e9-8491-94b6c740d416,function_transfer_time,1779123941.4528959,0.000114969
experiment_name,b5e74caf-e0a3-47e9-8491-94b6c740d416,function_transfer_time,1779123941.5542321,0.000116002
experiment_name,b5e74caf-e0a3-47e9-8491-94b6c740d416,function_transfer_time,1779123941.6555467,0.000099917
experiment_name,b5e74caf-e0a3-47e9-8491-94b6c740d416,function_transfer_time,1779123941.7569077,0.000131512
experiment_name,b5e74caf-e0a3-47e9-8491-94b6c740d416,function_transfer_time,1779123941.8582387,0.000036245
experiment_name,b5e74caf-e0a3-47e9-8491-94b6c740d416,function_transfer_time,1779123941.9596508,0.000138631
experiment_name,b5e74caf-e0a3-47e9-8491-94b6c740d416,function_transfer_time,1779123942.0609636,0.000050512
experiment_name,b5e74caf-e0a3-47e9-8491-94b6c740d416,function_transfer_time,1779123942.1623154,0.000135775
experiment_name,b5e74caf-e0a3-47e9-8491-94b6c740d416,function_transfer_time,1779123942.2636409,0.000112963
experiment_name,b5e74caf-e0a3-47e9-8491-94b6c740d416,function_transfer_time,1779123942.364928,0.000119951
experiment_name,b5e74caf-e0a3-47e9-8491-94b6c740d416,function_transfer_time,1779123942.4662313,0.000100861
experiment_name,b5e74caf-e0a3-47e9-8491-94b6c740d416,function_transfer_time,1779123942.5675783,0.00010483
experiment_name,b5e74caf-e0a3-47e9-8491-94b6c740d416,function_transfer_time,1779123942.6688938,0.000115797
experiment_name,b5e74caf-e0a3-47e9-8491-94b6c740d416,function_transfer_time,1779123942.7702286,0.00011805
experiment_name,b5e74caf-e0a3-47e9-8491-94b6c740d416,function_transfer_time,1779123942.8714883,0.00004537
experiment_name,b5e74caf-e0a3-47e9-8491-94b6c740d416,function_transfer_time,1779123942.973001,0.000111457
experiment_name,b5e74caf-e0a3-47e9-8491-94b6c740d416,function_transfer_time,1779123943.0743287,0.000105983
experiment_name,b5e74caf-e0a3-47e9-8491-94b6c740d416,function_transfer_time,1779123943.1756039,0.000096519
experiment_name,b5e74caf-e0a3-47e9-8491-94b6c740d416,function_transfer_time,1779123943.27697,0.000113067
experiment_name,b5e74caf-e0a3-47e9-8491-94b6c740d416,function_transfer_time,1779123943.378222,0.000108565
experiment_name,b5e74caf-e0a3-47e9-8491-94b6c740d416,function_transfer_time,1779123943.4785585,0.000114036
experiment_name,b5e74caf-e0a3-47e9-8491-94b6c740d416,function_transfer_time,1779123943.5799103,0.000103696
experiment_name,b5e74caf-e0a3-47e9-8491-94b6c740d416,function_transfer_time,1779123943.6812418,0.000113498
experiment_name,b5e74caf-e0a3-47e9-8491-94b6c740d416,function_transfer_time,1779123943.782574,0.000098196
experiment_name,b5e74caf-e0a3-47e9-8491-94b6c740d416,function_transfer_time,1779123943.88396,0.00003454
experiment_name,b5e74caf-e0a3-47e9-8491-94b6c740d416,function_transfer_time,1779123943.9853747,0.000127519
experiment_name,b5e74caf-e0a3-47e9-8491-94b6c740d416,function_transfer_time,1779123944.0867097,0.000122229
experiment_name,b5e74caf-e0a3-47e9-8491-94b6c740d416,function_transfer_time,1779123944.188034,0.000113317
experiment_name,b5e74caf-e0a3-47e9-8491-94b6c740d416,function_transfer_time,1779123944.2893791,0.000116297
experiment_name,b5e74caf-e0a3-47e9-8491-94b6c740d416,function_transfer_time,1779123944.3907187,0.000110354
experiment_name,b5e74caf-e0a3-47e9-8491-94b6c740d416,function_transfer_time,1779123944.4920747,0.000119906
experiment_name,b5e74caf-e0a3-47e9-8491-94b6c740d416,function_transfer_time,1779123944.5933678,0.000112691
experiment_name,b5e74caf-e0a3-47e9-8491-94b6c740d416,function_execution_time,1779123944.6953545,0.000065063
experiment_name,b5e74caf-e0a3-47e9-8491-94b6c740d416,function_execution_time,1779123944.7966816,0.000056221
experiment_name,b5e74caf-e0a3-47e9-8491-94b6c740d416,function_execution_time,1779123944.898151,0.00006029
experiment_name,b5e74caf-e0a3-47e9-8491-94b6c740d416,function_execution_time,1779123944.9985428,0.000055311
experiment_name,b5e74caf-e0a3-47e9-8491-94b6c740d416,function_execution_time,1779123945.0998592,0.000055968
experiment_name,b5e74caf-e0a3-47e9-8491-94b6c740d416,function_execution_time,1779123945.2011917,0.000062658
experiment_name,b5e74caf-e0a3-47e9-8491-94b6c740d416,function_execution_time,1779123945.302504,0.00006531
experiment_name,b5e74caf-e0a3-47e9-8491-94b6c740d416,function_execution_time,1779123945.4037158,0.000067227
experiment_name,b5e74caf-e0a3-47e9-8491-94b6c740d416,function_execution_time,1779123945.5051308,0.000061128
experiment_name,b5e74caf-e0a3-47e9-8491-94b6c740d416,function_execution_time,1779123945.6064672,0.000080635
experiment_name,b5e74caf-e0a3-47e9-8491-94b6c740d416,function_execution_time,1779123945.7077541,0.000056061
experiment_name,b5e74caf-e0a3-47e9-8491-94b6c740d416,function_execution_time,1779123945.8090491,0.000056063
experiment_name,b5e74caf-e0a3-47e9-8491-94b6c740d416,function_execution_time,1779123945.9103634,0.000058179
experiment_name,b5e74caf-e0a3-47e9-8491-94b6c740d416,function_execution_time,1779123946.0117445,0.000057196
experiment_name,b5e74caf-e0a3-47e9-8491-94b6c740d416,function_execution_time,1779123946.113079,0.000064843
experiment_name,b5e74caf-e0a3-47e9-8491-94b6c740d416,function_execution_time,1779123946.214409,0.000060197
experiment_name,b5e74caf-e0a3-47e9-8491-94b6c740d416,function_execution_time,1779123946.3157122,0.000057574
experiment_name,b5e74caf-e0a3-47e9-8491-94b6c740d416,function_execution_time,1779123946.41706,0.000058059
experiment_name,b5e74caf-e0a3-47e9-8491-94b6c740d416,function_execution_time,1779123946.518287,0.000061936
experiment_name,b5e74caf-e0a3-47e9-8491-94b6c740d416,function_execution_time,1779123946.6196196,0.000054717
experiment_name,b5e74caf-e0a3-47e9-8491-94b6c740d416,function_execution_time,1779123946.720913,0.000055095
experiment_name,b5e74caf-e0a3-47e9-8491-94b6c740d416,function_execution_time,1779123946.8222094,0.000055955
experiment_name,b5e74caf-e0a3-47e9-8491-94b6c740d416,function_execution_time,1779123946.9224622,0.000067835
experiment_name,b5e74caf-e0a3-47e9-8491-94b6c740d416,function_execution_time,1779123947.023836,0.000064959
experiment_name,b5e74caf-e0a3-47e9-8491-94b6c740d416,function_execution_time,1779123947.1251004,0.00005463
experiment_name,b5e74caf-e0a3-47e9-8491-94b6c740d416,function_execution_time,1779123947.226377,0.000056155
experiment_name,b5e74caf-e0a3-47e9-8491-94b6c740d416,function_execution_time,1779123947.3276165,0.000063107
experiment_name,b5e74caf-e0a3-47e9-8491-94b6c740d416,function_execution_time,1779123947.4288986,0.000061268
experiment_name,b5e74caf-e0a3-47e9-8491-94b6c740d416,function_execution_time,1779123947.530365,0.00005513
experiment_name,b5e74caf-e0a3-47e9-8491-94b6c740d416,function_execution_time,1779123947.631705,0.000057687
experiment_name,b5e74caf-e0a3-47e9-8491-94b6c740d416,function_execution_time,1779123947.7330136,0.000058395
experiment_name,b5e74caf-e0a3-47e9-8491-94b6c740d416,function_execution_time,1779123947.8342714,0.000065251
experiment_name,b5e74caf-e0a3-47e9-8491-94b6c740d416,function_execution_time,1779123947.9345906,0.000056985
experiment_name,b5e74caf-e0a3-47e9-8491-94b6c740d416,function_execution_time,1779123948.0360217,0.000060824
experiment_name,b5e74caf-e0a3-47e9-8491-94b6c740d416,function_execution_time,1779123948.1374938,0.000076115
experiment_name,b5e74caf-e0a3-47e9-8491-94b6c740d416,function_execution_time,1779123948.2388718,0.00006126
experiment_name,b5e74caf-e0a3-47e9-8491-94b6c740d416,function_execution_time,1779123948.3401551,0.000073705
experiment_name,b5e74caf-e0a3-47e9-8491-94b6c740d416,function_execution_time,1779123948.4415503,0.000058461
experiment_name,b5e74caf-e0a3-47e9-8491-94b6c740d416,function_execution_time,1779123948.5428085,0.000067734
experiment_name,b5e74caf-e0a3-47e9-8491-94b6c740d416,function_execution_time,1779123948.6442206,0.00006238
experiment_name,b5e74caf-e0a3-47e9-8491-94b6c740d416,function_execution_time,1779123948.7447531,0.000071053
experiment_name,b5e74caf-e0a3-47e9-8491-94b6c740d416,function_execution_time,1779123948.8460925,0.000061383
experiment_name,b5e74caf-e0a3-47e9-8491-94b6c740d416,function_execution_time,1779123948.947421,0.0000637
experiment_name,b5e74caf-e0a3-47e9-8491-94b6c740d416,function_execution_time,1779123949.0488405,0.00005862
experiment_name,b5e74caf-e0a3-47e9-8491-94b6c740d416,function_execution_time,1779123949.1501656,0.000057428
experiment_name,b5e74caf-e0a3-47e9-8491-94b6c740d416,function_execution_time,1779123949.2515244,0.000088109
experiment_name,b5e74caf-e0a3-47e9-8491-94b6c740d416,function_execution_time,1779123949.352791,0.000067154
experiment_name,b5e74caf-e0a3-47e9-8491-94b6c740d416,function_execution_time,1779123949.4540815,0.000059964
experiment_name,b5e74caf-e0a3-47e9-8491-94b6c740d416,function_execution_time,1779123949.5553868,0.00005898
experiment_name,10614005-b1a8-4731-93ca-2bc8b9398e1b,function_execution_time,1779123944.6952562,0.000080602
experiment_name,10614005-b1a8-4731-93ca-2bc8b9398e1b,function_execution_time,1779123944.7965353,0.000073738
experiment_name,10614005-b1a8-4731-93ca-2bc8b9398e1b,function_execution_time,1779123944.8980927,0.000156825
experiment_name,10614005-b1a8-4731-93ca-2bc8b9398e1b,function_execution_time,1779123944.9984007,0.000079974
experiment_name,10614005-b1a8-4731-93ca-2bc8b9398e1b,function_execution_time,1779123945.0997002,0.000072727
experiment_name,10614005-b1a8-4731-93ca-2bc8b9398e1b,function_execution_time,1779123945.2010295,0.000068714
experiment_name,10614005-b1a8-4731-93ca-2bc8b9398e1b,function_execution_time,1779123945.302402,0.00008357
experiment_name,10614005-b1a8-4731-93ca-2bc8b9398e1b,function_execution_time,1779123945.4037144,0.000102144
experiment_name,10614005-b1a8-4731-93ca-2bc8b9398e1b,function_execution_time,1779123945.5050454,0.000089955
experiment_name,10614005-b1a8-4731-93ca-2bc8b9398e1b,function_execution_time,1779123945.606353,0.000086661
experiment_name,10614005-b1a8-4731-93ca-2bc8b9398e1b,function_execution_time,1779123945.7075994,0.000073641
experiment_name,10614005-b1a8-4731-93ca-2bc8b9398e1b,function_execution_time,1779123945.808961,0.00007703
experiment_name,10614005-b1a8-4731-93ca-2bc8b9398e1b,function_execution_time,1779123945.9103072,0.000159262
experiment_name,10614005-b1a8-4731-93ca-2bc8b9398e1b,function_execution_time,1779123946.0116086,0.000071403
experiment_name,10614005-b1a8-4731-93ca-2bc8b9398e1b,function_execution_time,1779123946.1129289,0.000072399
experiment_name,10614005-b1a8-4731-93ca-2bc8b9398e1b,function_execution_time,1779123946.214263,0.000074394
experiment_name,10614005-b1a8-4731-93ca-2bc8b9398e1b,function_execution_time,1779123946.315569,0.000079257
experiment_name,10614005-b1a8-4731-93ca-2bc8b9398e1b,function_execution_time,1779123946.4168897,0.000071133
experiment_name,10614005-b1a8-4731-93ca-2bc8b9398e1b,function_execution_time,1779123946.5181398,0.000067961
experiment_name,10614005-b1a8-4731-93ca-2bc8b9398e1b,function_execution_time,1779123946.619532,0.000096715
experiment_name,10614005-b1a8-4731-93ca-2bc8b9398e1b,function_execution_time,1779123946.7207427,0.000071478
experiment_name,10614005-b1a8-4731-93ca-2bc8b9398e1b,function_execution_time,1779123946.8220541,0.000073285
experiment_name,10614005-b1a8-4731-93ca-2bc8b9398e1b,function_execution_time,1779123946.9223893,0.000134887
experiment_name,10614005-b1a8-4731-93ca-2bc8b9398e1b,function_execution_time,1779123947.0236726,0.000082739
experiment_name,10614005-b1a8-4731-93ca-2bc8b9398e1b,function_execution_time,1779123947.1249387,0.000069221
experiment_name,10614005-b1a8-4731-93ca-2bc8b9398e1b,function_execution_time,1779123947.2262228,0.000073116
experiment_name,10614005-b1a8-4731-93ca-2bc8b9398e1b,function_execution_time,1779123947.3274708,0.000073366
experiment_name,10614005-b1a8-4731-93ca-2bc8b9398e1b,function_execution_time,1779123947.4288118,0.000073068
experiment_name,10614005-b1a8-4731-93ca-2bc8b9398e1b,function_execution_time,1779123947.5302,0.000074292
experiment_name,10614005-b1a8-4731-93ca-2bc8b9398e1b,function_execution_time,1779123947.6315408,0.000084325
experiment_name,10614005-b1a8-4731-93ca-2bc8b9398e1b,function_execution_time,1779123947.732855,0.000074425
experiment_name,10614005-b1a8-4731-93ca-2bc8b9398e1b,function_execution_time,1779123947.8341212,0.000074189
experiment_name,10614005-b1a8-4731-93ca-2bc8b9398e1b,function_execution_time,1779123947.9345272,0.000152751
experiment_name,10614005-b1a8-4731-93ca-2bc8b9398e1b,function_execution_time,1779123948.0359232,0.000091096
experiment_name,10614005-b1a8-4731-93ca-2bc8b9398e1b,function_execution_time,1779123948.1373856,0.000076867
experiment_name,10614005-b1a8-4731-93ca-2bc8b9398e1b,function_execution_time,1779123948.238712,0.000079625
experiment_name,10614005-b1a8-4731-93ca-2bc8b9398e1b,function_execution_time,1779123948.3400495,0.000085498
experiment_name,10614005-b1a8-4731-93ca-2bc8b9398e1b,function_execution_time,1779123948.4413846,0.000076545
experiment_name,10614005-b1a8-4731-93ca-2bc8b9398e1b,function_execution_time,1779123948.5427122,0.000077364
experiment_name,10614005-b1a8-4731-93ca-2bc8b9398e1b,function_execution_time,1779123948.6440594,0.000085579
experiment_name,10614005-b1a8-4731-93ca-2bc8b9398e1b,function_execution_time,1779123948.7445638,0.000090175
experiment_name,10614005-b1a8-4731-93ca-2bc8b9398e1b,function_execution_time,1779123948.8459246,0.000082776
experiment_name,10614005-b1a8-4731-93ca-2bc8b9398e1b,function_execution_time,1779123948.9473605,0.000168508
experiment_name,10614005-b1a8-4731-93ca-2bc8b9398e1b,function_execution_time,1779123949.0486765,0.000086481
experiment_name,10614005-b1a8-4731-93ca-2bc8b9398e1b,function_execution_time,1779123949.1500218,0.000073523
experiment_name,10614005-b1a8-4731-93ca-2bc8b9398e1b,function_execution_time,1779123949.251323,0.000090877
experiment_name,10614005-b1a8-4731-93ca-2bc8b9398e1b,function_execution_time,1779123949.3526142,0.000083965
experiment_name,10614005-b1a8-4731-93ca-2bc8b9398e1b,function_execution_time,1779123949.453923,0.000075474
experiment_name,10614005-b1a8-4731-93ca-2bc8b9398e1b,function_execution_time,1779123949.5552394,0.000076341
experiment_name,10614005-b1a8-4731-93ca-2bc8b9398e1b,function_transfer_time,1779123944.6951091,0.000080901
experiment_name,10614005-b1a8-4731-93ca-2bc8b9398e1b,function_transfer_time,1779123944.796457,0.000087918
experiment_name,10614005-b1a8-4731-93ca-2bc8b9398e1b,function_transfer_time,1779123944.897925,0.000079238
experiment_name,10614005-b1a8-4731-93ca-2bc8b9398e1b,function_transfer_time,1779123944.9983182,0.000078784
experiment_name,10614005-b1a8-4731-93ca-2bc8b9398e1b,function_transfer_time,1779123945.0996246,0.000076486
experiment_name,10614005-b1a8-4731-93ca-2bc8b9398e1b,function_transfer_time,1779123945.200949,0.000083286
experiment_name,10614005-b1a8-4731-93ca-2bc8b9398e1b,function_transfer_time,1779123945.3022661,0.000081864
experiment_name,10614005-b1a8-4731-93ca-2bc8b9398e1b,function_transfer_time,1779123945.4035437,0.000037593
experiment_name,10614005-b1a8-4731-93ca-2bc8b9398e1b,function_transfer_time,1779123945.504887,0.000093105
experiment_name,10614005-b1a8-4731-93ca-2bc8b9398e1b,function_transfer_time,1779123945.606204,0.000077146
experiment_name,10614005-b1a8-4731-93ca-2bc8b9398e1b,function_transfer_time,1779123945.7075272,0.000074252
experiment_name,10614005-b1a8-4731-93ca-2bc8b9398e1b,function_transfer_time,1779123945.8088336,0.000085754
experiment_name,10614005-b1a8-4731-93ca-2bc8b9398e1b,function_transfer_time,1779123945.9101415,0.00007917
experiment_name,10614005-b1a8-4731-93ca-2bc8b9398e1b,function_transfer_time,1779123946.0115266,0.000072837
experiment_name,10614005-b1a8-4731-93ca-2bc8b9398e1b,function_transfer_time,1779123946.112845,0.000076896
experiment_name,10614005-b1a8-4731-93ca-2bc8b9398e1b,function_transfer_time,1779123946.214181,0.000077595
experiment_name,10614005-b1a8-4731-93ca-2bc8b9398e1b,function_transfer_time,1779123946.3154857,0.000079834
experiment_name,10614005-b1a8-4731-93ca-2bc8b9398e1b,function_transfer_time,1779123946.416811,0.00007776
experiment_name,10614005-b1a8-4731-93ca-2bc8b9398e1b,function_transfer_time,1779123946.5180602,0.000022531
experiment_name,10614005-b1a8-4731-93ca-2bc8b9398e1b,function_transfer_time,1779123946.6193848,0.000085336
experiment_name,10614005-b1a8-4731-93ca-2bc8b9398e1b,function_transfer_time,1779123946.7206652,0.000023059
experiment_name,10614005-b1a8-4731-93ca-2bc8b9398e1b,function_transfer_time,1779123946.821974,0.000079131
experiment_name,10614005-b1a8-4731-93ca-2bc8b9398e1b,function_transfer_time,1779123946.9222493,0.000021815
experiment_name,10614005-b1a8-4731-93ca-2bc8b9398e1b,function_transfer_time,1779123947.0235903,0.00008382
experiment_name,10614005-b1a8-4731-93ca-2bc8b9398e1b,function_transfer_time,1779123947.1248553,0.000022917
experiment_name,10614005-b1a8-4731-93ca-2bc8b9398e1b,function_transfer_time,1779123947.226143,0.000077938
experiment_name,10614005-b1a8-4731-93ca-2bc8b9398e1b,function_transfer_time,1779123947.3273916,0.000016127
experiment_name,10614005-b1a8-4731-93ca-2bc8b9398e1b,function_transfer_time,1779123947.4287317,0.000078651
experiment_name,10614005-b1a8-4731-93ca-2bc8b9398e1b,function_transfer_time,1779123947.5301192,0.000076565
experiment_name,10614005-b1a8-4731-93ca-2bc8b9398e1b,function_transfer_time,1779123947.6314569,0.000087766
experiment_name,10614005-b1a8-4731-93ca-2bc8b9398e1b,function_transfer_time,1779123947.7327738,0.000078868
experiment_name,10614005-b1a8-4731-93ca-2bc8b9398e1b,function_transfer_time,1779123947.8340383,0.000023387
experiment_name,10614005-b1a8-4731-93ca-2bc8b9398e1b,function_transfer_time,1779123947.9343705,0.000075895
experiment_name,10614005-b1a8-4731-93ca-2bc8b9398e1b,function_transfer_time,1779123948.035763,0.000087795
experiment_name,10614005-b1a8-4731-93ca-2bc8b9398e1b,function_transfer_time,1779123948.1373038,0.000090009
experiment_name,10614005-b1a8-4731-93ca-2bc8b9398e1b,function_transfer_time,1779123948.2386308,0.000087159
experiment_name,10614005-b1a8-4731-93ca-2bc8b9398e1b,function_transfer_time,1779123948.3399653,0.000080348
experiment_name,10614005-b1a8-4731-93ca-2bc8b9398e1b,function_transfer_time,1779123948.4413016,0.000084016
experiment_name,10614005-b1a8-4731-93ca-2bc8b9398e1b,function_transfer_time,1779123948.542627,0.000084414
experiment_name,10614005-b1a8-4731-93ca-2bc8b9398e1b,function_transfer_time,1779123948.644044,0.000081762
experiment_name,10614005-b1a8-4731-93ca-2bc8b9398e1b,function_transfer_time,1779123948.7444754,0.000092222
experiment_name,10614005-b1a8-4731-93ca-2bc8b9398e1b,function_transfer_time,1779123948.8458426,0.000086023
experiment_name,10614005-b1a8-4731-93ca-2bc8b9398e1b,function_transfer_time,1779123948.9471788,0.000091523
experiment_name,10614005-b1a8-4731-93ca-2bc8b9398e1b,function_transfer_time,1779123949.0485847,0.000089893
experiment_name,10614005-b1a8-4731-93ca-2bc8b9398e1b,function_transfer_time,1779123949.149938,0.000078281
experiment_name,10614005-b1a8-4731-93ca-2bc8b9398e1b,function_transfer_time,1779123949.2512238,0.000034425
experiment_name,10614005-b1a8-4731-93ca-2bc8b9398e1b,function_transfer_time,1779123949.3525336,0.000023911
experiment_name,10614005-b1a8-4731-93ca-2bc8b9398e1b,function_transfer_time,1779123949.453842,0.000082684
experiment_name,10614005-b1a8-4731-93ca-2bc8b9398e1b,function_transfer_time,1779123949.5551667,0.000078205
experiment_name,b5e74caf-e0a3-47e9-8491-94b6c740d416,function_transfer_time,1779123944.6952827,0.000118521
experiment_name,b5e74caf-e0a3-47e9-8491-94b6c740d416,function_transfer_time,1779123944.7966256,0.000112563
experiment_name,b5e74caf-e0a3-47e9-8491-94b6c740d416,function_transfer_time,1779123944.8980894,0.000037152
experiment_name,b5e74caf-e0a3-47e9-8491-94b6c740d416,function_transfer_time,1779123944.998486,0.000106578
experiment_name,b5e74caf-e0a3-47e9-8491-94b6c740d416,function_transfer_time,1779123945.099802,0.000124396
experiment_name,b5e74caf-e0a3-47e9-8491-94b6c740d416,function_transfer_time,1779123945.201128,0.000126733
experiment_name,b5e74caf-e0a3-47e9-8491-94b6c740d416,function_transfer_time,1779123945.3024416,0.000107844
experiment_name,b5e74caf-e0a3-47e9-8491-94b6c740d416,function_transfer_time,1779123945.4037106,0.000043554
experiment_name,b5e74caf-e0a3-47e9-8491-94b6c740d416,function_transfer_time,1779123945.505065,0.000114079
experiment_name,b5e74caf-e0a3-47e9-8491-94b6c740d416,function_transfer_time,1779123945.606379,0.000114893
experiment_name,b5e74caf-e0a3-47e9-8491-94b6c740d416,function_transfer_time,1779123945.707697,0.000116777
experiment_name,b5e74caf-e0a3-47e9-8491-94b6c740d416,function_transfer_time,1779123945.808989,0.000103523
experiment_name,b5e74caf-e0a3-47e9-8491-94b6c740d416,function_transfer_time,1779123945.9103045,0.000035816
experiment_name,b5e74caf-e0a3-47e9-8491-94b6c740d416,function_transfer_time,1779123946.011687,0.00010453
experiment_name,b5e74caf-e0a3-47e9-8491-94b6c740d416,function_transfer_time,1779123946.1130133,0.000111929
experiment_name,b5e74caf-e0a3-47e9-8491-94b6c740d416,function_transfer_time,1779123946.2143602,0.000112545
experiment_name,b5e74caf-e0a3-47e9-8491-94b6c740d416,function_transfer_time,1779123946.315653,0.0001067
experiment_name,b5e74caf-e0a3-47e9-8491-94b6c740d416,function_transfer_time,1779123946.417001,0.000136604
experiment_name,b5e74caf-e0a3-47e9-8491-94b6c740d416,function_transfer_time,1779123946.5182238,0.000110932
experiment_name,b5e74caf-e0a3-47e9-8491-94b6c740d416,function_transfer_time,1779123946.6195579,0.000122811
experiment_name,b5e74caf-e0a3-47e9-8491-94b6c740d416,function_transfer_time,1779123946.720857,0.000136748
experiment_name,b5e74caf-e0a3-47e9-8491-94b6c740d416,function_transfer_time,1779123946.8221526,0.000124521
experiment_name,b5e74caf-e0a3-47e9-8491-94b6c740d416,function_transfer_time,1779123946.9223914,0.000034994
experiment_name,b5e74caf-e0a3-47e9-8491-94b6c740d416,function_transfer_time,1779123947.0237706,0.000116275
experiment_name,b5e74caf-e0a3-47e9-8491-94b6c740d416,function_transfer_time,1779123947.1250448,0.000134742
experiment_name,b5e74caf-e0a3-47e9-8491-94b6c740d416,function_transfer_time,1779123947.2263205,0.000122678
experiment_name,b5e74caf-e0a3-47e9-8491-94b6c740d416,function_transfer_time,1779123947.3275743,0.000105103
experiment_name,b5e74caf-e0a3-47e9-8491-94b6c740d416,function_transfer_time,1779123947.4288313,0.000048788
experiment_name,b5e74caf-e0a3-47e9-8491-94b6c740d416,function_transfer_time,1779123947.5303078,0.000132567
experiment_name,b5e74caf-e0a3-47e9-8491-94b6c740d416,function_transfer_time,1779123947.6316466,0.000133454
experiment_name,b5e74caf-e0a3-47e9-8491-94b6c740d416,function_transfer_time,1779123947.7329538,0.00012486
experiment_name,b5e74caf-e0a3-47e9-8491-94b6c740d416,function_transfer_time,1779123947.8342037,0.000111148
experiment_name,b5e74caf-e0a3-47e9-8491-94b6c740d416,function_transfer_time,1779123947.9345307,0.000037489
experiment_name,b5e74caf-e0a3-47e9-8491-94b6c740d416,function_transfer_time,1779123948.035948,0.000121074
experiment_name,b5e74caf-e0a3-47e9-8491-94b6c740d416,function_transfer_time,1779123948.137461,0.000055676
experiment_name,b5e74caf-e0a3-47e9-8491-94b6c740d416,function_transfer_time,1779123948.2388098,0.000119558
experiment_name,b5e74caf-e0a3-47e9-8491-94b6c740d416,function_transfer_time,1779123948.340123,0.000057183
experiment_name,b5e74caf-e0a3-47e9-8491-94b6c740d416,function_transfer_time,1779123948.441491,0.000131519
experiment_name,b5e74caf-e0a3-47e9-8491-94b6c740d416,function_transfer_time,1779123948.542785,0.000054332
experiment_name,b5e74caf-e0a3-47e9-8491-94b6c740d416,function_transfer_time,1779123948.644159,0.000118062
experiment_name,b5e74caf-e0a3-47e9-8491-94b6c740d416,function_transfer_time,1779123948.7446787,0.000128679
experiment_name,b5e74caf-e0a3-47e9-8491-94b6c740d416,function_transfer_time,1779123948.84603,0.000125417
experiment_name,b5e74caf-e0a3-47e9-8491-94b6c740d416,function_transfer_time,1779123948.9473567,0.000042927
experiment_name,b5e74caf-e0a3-47e9-8491-94b6c740d416,function_transfer_time,1779123949.048781,0.000136239
experiment_name,b5e74caf-e0a3-47e9-8491-94b6c740d416,function_transfer_time,1779123949.150107,0.000111546
experiment_name,b5e74caf-e0a3-47e9-8491-94b6c740d416,function_transfer_time,1779123949.2514384,0.000144357
experiment_name,b5e74caf-e0a3-47e9-8491-94b6c740d416,function_transfer_time,1779123949.3527222,0.000128496
experiment_name,b5e74caf-e0a3-47e9-8491-94b6c740d416,function_transfer_time,1779123949.4540212,0.000123252
experiment_name,b5e74caf-e0a3-47e9-8491-94b6c740d416,function_transfer_time,1779123949.5553265,0.000104111
experiment_name,b5e74caf-e0a3-47e9-8491-94b6c740d416,function_execution_time,1779123949.6568723,0.000077099
experiment_name,b5e74caf-e0a3-47e9-8491-94b6c740d416,function_execution_time,1779123949.7581987,0.000061488
experiment_name,b5e74caf-e0a3-47e9-8491-94b6c740d416,function_execution_time,1779123949.8585296,0.000057925
experiment_name,b5e74caf-e0a3-47e9-8491-94b6c740d416,function_execution_time,1779123949.9598513,0.000059854
experiment_name,b5e74caf-e0a3-47e9-8491-94b6c740d416,function_execution_time,1779123950.0612628,0.000062096
experiment_name,b5e74caf-e0a3-47e9-8491-94b6c740d416,function_execution_time,1779123950.1615682,0.000062979
experiment_name,b5e74caf-e0a3-47e9-8491-94b6c740d416,function_execution_time,1779123950.262927,0.000058112
experiment_name,b5e74caf-e0a3-47e9-8491-94b6c740d416,function_execution_time,1779123950.3641903,0.000055622
experiment_name,b5e74caf-e0a3-47e9-8491-94b6c740d416,function_execution_time,1779123950.4655178,0.000055639
experiment_name,b5e74caf-e0a3-47e9-8491-94b6c740d416,function_execution_time,1779123950.56687,0.000063815
experiment_name,b5e74caf-e0a3-47e9-8491-94b6c740d416,function_execution_time,1779123950.668199,0.000058009
experiment_name,b5e74caf-e0a3-47e9-8491-94b6c740d416,function_execution_time,1779123950.76953,0.0000625
experiment_name,b5e74caf-e0a3-47e9-8491-94b6c740d416,function_execution_time,1779123950.8708217,0.000056341
experiment_name,b5e74caf-e0a3-47e9-8491-94b6c740d416,function_execution_time,1779123950.9721346,0.000061759
experiment_name,b5e74caf-e0a3-47e9-8491-94b6c740d416,function_execution_time,1779123951.072545,0.000060389
experiment_name,b5e74caf-e0a3-47e9-8491-94b6c740d416,function_execution_time,1779123951.1738653,0.000055698
experiment_name,b5e74caf-e0a3-47e9-8491-94b6c740d416,function_execution_time,1779123951.2752264,0.000055667
experiment_name,b5e74caf-e0a3-47e9-8491-94b6c740d416,function_execution_time,1779123951.3765194,0.000054973
experiment_name,b5e74caf-e0a3-47e9-8491-94b6c740d416,function_execution_time,1779123951.47787,0.000064713
experiment_name,b5e74caf-e0a3-47e9-8491-94b6c740d416,function_execution_time,1779123951.579194,0.000056787
experiment_name,b5e74caf-e0a3-47e9-8491-94b6c740d416,function_execution_time,1779123951.6805398,0.000057792
experiment_name,b5e74caf-e0a3-47e9-8491-94b6c740d416,function_execution_time,1779123951.781881,0.000056733
experiment_name,b5e74caf-e0a3-47e9-8491-94b6c740d416,function_execution_time,1779123951.883203,0.000065445
experiment_name,b5e74caf-e0a3-47e9-8491-94b6c740d416,function_execution_time,1779123951.9835322,0.000059917
experiment_name,b5e74caf-e0a3-47e9-8491-94b6c740d416,function_execution_time,1779123952.0849028,0.000061838
experiment_name,b5e74caf-e0a3-47e9-8491-94b6c740d416,function_execution_time,1779123952.1862414,0.00005847
experiment_name,b5e74caf-e0a3-47e9-8491-94b6c740d416,function_execution_time,1779123952.2865913,0.000056948
experiment_name,b5e74caf-e0a3-47e9-8491-94b6c740d416,function_execution_time,1779123952.387883,0.000064361
experiment_name,b5e74caf-e0a3-47e9-8491-94b6c740d416,function_execution_time,1779123952.4892197,0.000059577
experiment_name,b5e74caf-e0a3-47e9-8491-94b6c740d416,function_execution_time,1779123952.5895422,0.000058633
experiment_name,b5e74caf-e0a3-47e9-8491-94b6c740d416,function_execution_time,1779123952.690857,0.000062022
experiment_name,b5e74caf-e0a3-47e9-8491-94b6c740d416,function_execution_time,1779123952.7922077,0.000055987
experiment_name,b5e74caf-e0a3-47e9-8491-94b6c740d416,function_execution_time,1779123952.89352,0.000057983
experiment_name,b5e74caf-e0a3-47e9-8491-94b6c740d416,function_execution_time,1779123952.9948354,0.000056827
experiment_name,b5e74caf-e0a3-47e9-8491-94b6c740d416,function_execution_time,1779123953.0962021,0.000065578
experiment_name,b5e74caf-e0a3-47e9-8491-94b6c740d416,function_execution_time,1779123953.1965513,0.000063712
experiment_name,b5e74caf-e0a3-47e9-8491-94b6c740d416,function_execution_time,1779123953.2978466,0.000055466
experiment_name,b5e74caf-e0a3-47e9-8491-94b6c740d416,function_execution_time,1779123953.399181,0.000059964
experiment_name,b5e74caf-e0a3-47e9-8491-94b6c740d416,function_execution_time,1779123953.4994602,0.000081673
experiment_name,b5e74caf-e0a3-47e9-8491-94b6c740d416,function_execution_time,1779123953.600763,0.000063428
experiment_name,b5e74caf-e0a3-47e9-8491-94b6c740d416,function_execution_time,1779123953.7020879,0.00005605
experiment_name,b5e74caf-e0a3-47e9-8491-94b6c740d416,function_execution_time,1779123953.803351,0.000058642
experiment_name,b5e74caf-e0a3-47e9-8491-94b6c740d416,function_execution_time,1779123953.9046943,0.00005601
experiment_name,b5e74caf-e0a3-47e9-8491-94b6c740d416,function_execution_time,1779123954.0059845,0.000055941
experiment_name,b5e74caf-e0a3-47e9-8491-94b6c740d416,function_execution_time,1779123954.1073804,0.000063561
experiment_name,b5e74caf-e0a3-47e9-8491-94b6c740d416,function_execution_time,1779123954.208706,0.000055113
experiment_name,b5e74caf-e0a3-47e9-8491-94b6c740d416,function_execution_time,1779123954.310011,0.000055634
experiment_name,b5e74caf-e0a3-47e9-8491-94b6c740d416,function_execution_time,1779123954.4113421,0.000055715
experiment_name,b5e74caf-e0a3-47e9-8491-94b6c740d416,function_execution_time,1779123954.5126896,0.000066239
experiment_name,b5e74caf-e0a3-47e9-8491-94b6c740d416,function_execution_time,1779123954.614048,0.000056167
experiment_name,10614005-b1a8-4731-93ca-2bc8b9398e1b,function_execution_time,1779123949.656712,0.000099534
experiment_name,10614005-b1a8-4731-93ca-2bc8b9398e1b,function_execution_time,1779123949.7580485,0.000072241
experiment_name,10614005-b1a8-4731-93ca-2bc8b9398e1b,function_execution_time,1779123949.858377,0.000079633
experiment_name,10614005-b1a8-4731-93ca-2bc8b9398e1b,function_execution_time,1779123949.9597936,0.000169225
experiment_name,10614005-b1a8-4731-93ca-2bc8b9398e1b,function_execution_time,1779123950.0611014,0.000076222
experiment_name,10614005-b1a8-4731-93ca-2bc8b9398e1b,function_execution_time,1779123950.1614115,0.000069901
experiment_name,10614005-b1a8-4731-93ca-2bc8b9398e1b,function_execution_time,1779123950.262824,0.000090618
experiment_name,10614005-b1a8-4731-93ca-2bc8b9398e1b,function_execution_time,1779123950.3640444,0.000067763
experiment_name,10614005-b1a8-4731-93ca-2bc8b9398e1b,function_execution_time,1779123950.4653573,0.000068869
experiment_name,10614005-b1a8-4731-93ca-2bc8b9398e1b,function_execution_time,1779123950.566718,0.000070097
experiment_name,10614005-b1a8-4731-93ca-2bc8b9398e1b,function_execution_time,1779123950.6680336,0.000088493
experiment_name,10614005-b1a8-4731-93ca-2bc8b9398e1b,function_execution_time,1779123950.7693594,0.000068901
experiment_name,10614005-b1a8-4731-93ca-2bc8b9398e1b,function_execution_time,1779123950.8706753,0.000068799
experiment_name,10614005-b1a8-4731-93ca-2bc8b9398e1b,function_execution_time,1779123950.972062,0.000150391
experiment_name,10614005-b1a8-4731-93ca-2bc8b9398e1b,function_execution_time,1779123951.0724933,0.00008293
experiment_name,10614005-b1a8-4731-93ca-2bc8b9398e1b,function_execution_time,1779123951.173721,0.000067951
experiment_name,10614005-b1a8-4731-93ca-2bc8b9398e1b,function_execution_time,1779123951.2750616,0.000077362
experiment_name,10614005-b1a8-4731-93ca-2bc8b9398e1b,function_execution_time,1779123951.376364,0.00006941
experiment_name,10614005-b1a8-4731-93ca-2bc8b9398e1b,function_execution_time,1779123951.4776955,0.000069049
experiment_name,10614005-b1a8-4731-93ca-2bc8b9398e1b,function_execution_time,1779123951.579038,0.000069806
experiment_name,10614005-b1a8-4731-93ca-2bc8b9398e1b,function_execution_time,1779123951.6803684,0.000082614
experiment_name,10614005-b1a8-4731-93ca-2bc8b9398e1b,function_execution_time,1779123951.7817225,0.000073169
experiment_name,10614005-b1a8-4731-93ca-2bc8b9398e1b,function_execution_time,1779123951.883043,0.000073721
experiment_name,10614005-b1a8-4731-93ca-2bc8b9398e1b,function_execution_time,1779123951.983471,0.000165687
experiment_name,10614005-b1a8-4731-93ca-2bc8b9398e1b,function_execution_time,1779123952.0847504,0.000074369
experiment_name,10614005-b1a8-4731-93ca-2bc8b9398e1b,function_execution_time,1779123952.1860843,0.000074193
experiment_name,10614005-b1a8-4731-93ca-2bc8b9398e1b,function_execution_time,1779123952.286483,0.000085881
experiment_name,10614005-b1a8-4731-93ca-2bc8b9398e1b,function_execution_time,1779123952.3877969,0.000084461
experiment_name,10614005-b1a8-4731-93ca-2bc8b9398e1b,function_execution_time,1779123952.4890766,0.000070777
experiment_name,10614005-b1a8-4731-93ca-2bc8b9398e1b,function_execution_time,1779123952.5894017,0.000074441
experiment_name,10614005-b1a8-4731-93ca-2bc8b9398e1b,function_execution_time,1779123952.6908033,0.000085831
experiment_name,10614005-b1a8-4731-93ca-2bc8b9398e1b,function_execution_time,1779123952.792045,0.000081469
experiment_name,10614005-b1a8-4731-93ca-2bc8b9398e1b,function_execution_time,1779123952.8933578,0.000069487
experiment_name,10614005-b1a8-4731-93ca-2bc8b9398e1b,function_execution_time,1779123952.9947627,0.000143755
experiment_name,10614005-b1a8-4731-93ca-2bc8b9398e1b,function_execution_time,1779123953.0960515,0.000078666
experiment_name,10614005-b1a8-4731-93ca-2bc8b9398e1b,function_execution_time,1779123953.1964595,0.000086251
experiment_name,10614005-b1a8-4731-93ca-2bc8b9398e1b,function_execution_time,1779123953.2976885,0.000068099
experiment_name,10614005-b1a8-4731-93ca-2bc8b9398e1b,function_execution_time,1779123953.399027,0.000081126
experiment_name,10614005-b1a8-4731-93ca-2bc8b9398e1b,function_execution_time,1779123953.4994082,0.00008512
experiment_name,10614005-b1a8-4731-93ca-2bc8b9398e1b,function_execution_time,1779123953.600613,0.000068758
experiment_name,10614005-b1a8-4731-93ca-2bc8b9398e1b,function_execution_time,1779123953.7019506,0.000068157
experiment_name,10614005-b1a8-4731-93ca-2bc8b9398e1b,function_execution_time,1779123953.8031945,0.000078971
experiment_name,10614005-b1a8-4731-93ca-2bc8b9398e1b,function_execution_time,1779123953.904533,0.000068843
experiment_name,10614005-b1a8-4731-93ca-2bc8b9398e1b,function_execution_time,1779123954.0059297,0.000148647
experiment_name,10614005-b1a8-4731-93ca-2bc8b9398e1b,function_execution_time,1779123954.1072047,0.000081751
experiment_name,10614005-b1a8-4731-93ca-2bc8b9398e1b,function_execution_time,1779123954.2085633,0.000071149
experiment_name,10614005-b1a8-4731-93ca-2bc8b9398e1b,function_execution_time,1779123954.3098922,0.000085768
experiment_name,10614005-b1a8-4731-93ca-2bc8b9398e1b,function_execution_time,1779123954.411204,0.000067817
experiment_name,10614005-b1a8-4731-93ca-2bc8b9398e1b,function_execution_time,1779123954.5126045,0.000087204
experiment_name,10614005-b1a8-4731-93ca-2bc8b9398e1b,function_execution_time,1779123954.613877,0.000071065
experiment_name,10614005-b1a8-4731-93ca-2bc8b9398e1b,function_transfer_time,1779123949.656617,0.000088294
experiment_name,10614005-b1a8-4731-93ca-2bc8b9398e1b,function_transfer_time,1779123949.7579582,0.000084895
experiment_name,10614005-b1a8-4731-93ca-2bc8b9398e1b,function_transfer_time,1779123949.8582957,0.000075699
experiment_name,10614005-b1a8-4731-93ca-2bc8b9398e1b,function_transfer_time,1779123949.959613,0.000087049
experiment_name,10614005-b1a8-4731-93ca-2bc8b9398e1b,function_transfer_time,1779123950.0610182,0.000089152
experiment_name,10614005-b1a8-4731-93ca-2bc8b9398e1b,function_transfer_time,1779123950.1613328,0.000081341
experiment_name,10614005-b1a8-4731-93ca-2bc8b9398e1b,function_transfer_time,1779123950.2626705,0.00008186
experiment_name,10614005-b1a8-4731-93ca-2bc8b9398e1b,function_transfer_time,1779123950.36396,0.000019071
experiment_name,10614005-b1a8-4731-93ca-2bc8b9398e1b,function_transfer_time,1779123950.4652698,0.000075073
experiment_name,10614005-b1a8-4731-93ca-2bc8b9398e1b,function_transfer_time,1779123950.5666378,0.000095977
experiment_name,10614005-b1a8-4731-93ca-2bc8b9398e1b,function_transfer_time,1779123950.6679456,0.000080045
experiment_name,10614005-b1a8-4731-93ca-2bc8b9398e1b,function_transfer_time,1779123950.7692773,0.000076561
experiment_name,10614005-b1a8-4731-93ca-2bc8b9398e1b,function_transfer_time,1779123950.8705957,0.000081395
experiment_name,10614005-b1a8-4731-93ca-2bc8b9398e1b,function_transfer_time,1779123950.97191,0.000072805
experiment_name,10614005-b1a8-4731-93ca-2bc8b9398e1b,function_transfer_time,1779123951.0723445,0.000102899
experiment_name,10614005-b1a8-4731-93ca-2bc8b9398e1b,function_transfer_time,1779123951.1736407,0.000076968
experiment_name,10614005-b1a8-4731-93ca-2bc8b9398e1b,function_transfer_time,1779123951.2749789,0.000074587
experiment_name,10614005-b1a8-4731-93ca-2bc8b9398e1b,function_transfer_time,1779123951.3762815,0.000077051
experiment_name,10614005-b1a8-4731-93ca-2bc8b9398e1b,function_transfer_time,1779123951.4776125,0.000062959
experiment_name,10614005-b1a8-4731-93ca-2bc8b9398e1b,function_transfer_time,1779123951.578956,0.000079362
experiment_name,10614005-b1a8-4731-93ca-2bc8b9398e1b,function_transfer_time,1779123951.6802766,0.00007093
experiment_name,10614005-b1a8-4731-93ca-2bc8b9398e1b,function_transfer_time,1779123951.7816405,0.00008402
experiment_name,10614005-b1a8-4731-93ca-2bc8b9398e1b,function_transfer_time,1779123951.8829594,0.000083001
experiment_name,10614005-b1a8-4731-93ca-2bc8b9398e1b,function_transfer_time,1779123951.9832985,0.000079238
experiment_name,10614005-b1a8-4731-93ca-2bc8b9398e1b,function_transfer_time,1779123952.084663,0.000081754
experiment_name,10614005-b1a8-4731-93ca-2bc8b9398e1b,function_transfer_time,1779123952.186002,0.000083701
experiment_name,10614005-b1a8-4731-93ca-2bc8b9398e1b,function_transfer_time,1779123952.2863443,0.000080844
experiment_name,10614005-b1a8-4731-93ca-2bc8b9398e1b,function_transfer_time,1779123952.3876526,0.000085682
experiment_name,10614005-b1a8-4731-93ca-2bc8b9398e1b,function_transfer_time,1779123952.4889886,0.000080548
experiment_name,10614005-b1a8-4731-93ca-2bc8b9398e1b,function_transfer_time,1779123952.5893238,0.000097159
experiment_name,10614005-b1a8-4731-93ca-2bc8b9398e1b,function_transfer_time,1779123952.690652,0.000079557
experiment_name,10614005-b1a8-4731-93ca-2bc8b9398e1b,function_transfer_time,1779123952.791961,0.000091168
experiment_name,10614005-b1a8-4731-93ca-2bc8b9398e1b,function_transfer_time,1779123952.8932786,0.000078373
experiment_name,10614005-b1a8-4731-93ca-2bc8b9398e1b,function_transfer_time,1779123952.9946141,0.000079889
experiment_name,10614005-b1a8-4731-93ca-2bc8b9398e1b,function_transfer_time,1779123953.0959685,0.000076277
experiment_name,10614005-b1a8-4731-93ca-2bc8b9398e1b,function_transfer_time,1779123953.1963034,0.000081964
experiment_name,10614005-b1a8-4731-93ca-2bc8b9398e1b,function_transfer_time,1779123953.2975984,0.000073533
experiment_name,10614005-b1a8-4731-93ca-2bc8b9398e1b,function_transfer_time,1779123953.3989465,0.000084068
experiment_name,10614005-b1a8-4731-93ca-2bc8b9398e1b,function_transfer_time,1779123953.4992478,0.000025759
experiment_name,10614005-b1a8-4731-93ca-2bc8b9398e1b,function_transfer_time,1779123953.600533,0.000074095
experiment_name,10614005-b1a8-4731-93ca-2bc8b9398e1b,function_transfer_time,1779123953.7018702,0.000074893
experiment_name,10614005-b1a8-4731-93ca-2bc8b9398e1b,function_transfer_time,1779123953.8031075,0.000018786
experiment_name,10614005-b1a8-4731-93ca-2bc8b9398e1b,function_transfer_time,1779123953.9044514,0.000075129
experiment_name,10614005-b1a8-4731-93ca-2bc8b9398e1b,function_transfer_time,1779123954.0057669,0.000081503
experiment_name,10614005-b1a8-4731-93ca-2bc8b9398e1b,function_transfer_time,1779123954.1071248,0.000075191
experiment_name,10614005-b1a8-4731-93ca-2bc8b9398e1b,function_transfer_time,1779123954.2084758,0.000084234
experiment_name,10614005-b1a8-4731-93ca-2bc8b9398e1b,function_transfer_time,1779123954.309802,0.000087799
experiment_name,10614005-b1a8-4731-93ca-2bc8b9398e1b,function_transfer_time,1779123954.411123,0.00007861
experiment_name,10614005-b1a8-4731-93ca-2bc8b9398e1b,function_transfer_time,1779123954.5124512,0.000083405
experiment_name,10614005-b1a8-4731-93ca-2bc8b9398e1b,function_transfer_time,1779123954.6137772,0.000085015
experiment_name,b5e74caf-e0a3-47e9-8491-94b6c740d416,function_transfer_time,1779123949.6567953,0.000123768
experiment_name,b5e74caf-e0a3-47e9-8491-94b6c740d416,function_transfer_time,1779123949.7581406,0.000125226
experiment_name,b5e74caf-e0a3-47e9-8491-94b6c740d416,function_transfer_time,1779123949.8584692,0.000108976
experiment_name,b5e74caf-e0a3-47e9-8491-94b6c740d416,function_transfer_time,1779123949.9597905,0.000042575
experiment_name,b5e74caf-e0a3-47e9-8491-94b6c740d416,function_transfer_time,1779123950.0611959,0.000113951
experiment_name,b5e74caf-e0a3-47e9-8491-94b6c740d416,function_transfer_time,1779123950.1614978,0.000106734
experiment_name,b5e74caf-e0a3-47e9-8491-94b6c740d416,function_transfer_time,1779123950.2628577,0.000131425
experiment_name,b5e74caf-e0a3-47e9-8491-94b6c740d416,function_transfer_time,1779123950.36413,0.00011099
experiment_name,b5e74caf-e0a3-47e9-8491-94b6c740d416,function_transfer_time,1779123950.465461,0.000137981
experiment_name,b5e74caf-e0a3-47e9-8491-94b6c740d416,function_transfer_time,1779123950.566795,0.000106694
experiment_name,b5e74caf-e0a3-47e9-8491-94b6c740d416,function_transfer_time,1779123950.6681397,0.000129465
experiment_name,b5e74caf-e0a3-47e9-8491-94b6c740d416,function_transfer_time,1779123950.7694643,0.000128409
experiment_name,b5e74caf-e0a3-47e9-8491-94b6c740d416,function_transfer_time,1779123950.8707616,0.000106916
experiment_name,b5e74caf-e0a3-47e9-8491-94b6c740d416,function_transfer_time,1779123950.9720647,0.000042874
experiment_name,b5e74caf-e0a3-47e9-8491-94b6c740d416,function_transfer_time,1779123951.0724957,0.000091151
experiment_name,b5e74caf-e0a3-47e9-8491-94b6c740d416,function_transfer_time,1779123951.173799,0.000107091
experiment_name,b5e74caf-e0a3-47e9-8491-94b6c740d416,function_transfer_time,1779123951.2751696,0.000138967
experiment_name,b5e74caf-e0a3-47e9-8491-94b6c740d416,function_transfer_time,1779123951.376459,0.000119275
experiment_name,b5e74caf-e0a3-47e9-8491-94b6c740d416,function_transfer_time,1779123951.4778044,0.000137333
experiment_name,b5e74caf-e0a3-47e9-8491-94b6c740d416,function_transfer_time,1779123951.579133,0.000118079
experiment_name,b5e74caf-e0a3-47e9-8491-94b6c740d416,function_transfer_time,1779123951.68048,0.000141101
experiment_name,b5e74caf-e0a3-47e9-8491-94b6c740d416,function_transfer_time,1779123951.7818198,0.000117068
experiment_name,b5e74caf-e0a3-47e9-8491-94b6c740d416,function_transfer_time,1779123951.8831317,0.000117623
experiment_name,b5e74caf-e0a3-47e9-8491-94b6c740d416,function_transfer_time,1779123951.9834666,0.000043512
experiment_name,b5e74caf-e0a3-47e9-8491-94b6c740d416,function_transfer_time,1779123952.0848448,0.000123279
experiment_name,b5e74caf-e0a3-47e9-8491-94b6c740d416,function_transfer_time,1779123952.1861784,0.000115352
experiment_name,b5e74caf-e0a3-47e9-8491-94b6c740d416,function_transfer_time,1779123952.2865236,0.000124723
experiment_name,b5e74caf-e0a3-47e9-8491-94b6c740d416,function_transfer_time,1779123952.3878007,0.000096568
experiment_name,b5e74caf-e0a3-47e9-8491-94b6c740d416,function_transfer_time,1779123952.4891584,0.000117973
experiment_name,b5e74caf-e0a3-47e9-8491-94b6c740d416,function_transfer_time,1779123952.5894866,0.000103901
experiment_name,b5e74caf-e0a3-47e9-8491-94b6c740d416,function_transfer_time,1779123952.6908062,0.000089514
experiment_name,b5e74caf-e0a3-47e9-8491-94b6c740d416,function_transfer_time,1779123952.7921472,0.000118403
experiment_name,b5e74caf-e0a3-47e9-8491-94b6c740d416,function_transfer_time,1779123952.8934577,0.000107828
experiment_name,b5e74caf-e0a3-47e9-8491-94b6c740d416,function_transfer_time,1779123952.994765,0.000039839
experiment_name,b5e74caf-e0a3-47e9-8491-94b6c740d416,function_transfer_time,1779123953.096147,0.000100068
experiment_name,b5e74caf-e0a3-47e9-8491-94b6c740d416,function_transfer_time,1779123953.196475,0.000116346
experiment_name,b5e74caf-e0a3-47e9-8491-94b6c740d416,function_transfer_time,1779123953.297788,0.00011927
experiment_name,b5e74caf-e0a3-47e9-8491-94b6c740d416,function_transfer_time,1779123953.3991182,0.000118686
experiment_name,b5e74caf-e0a3-47e9-8491-94b6c740d416,function_transfer_time,1779123953.4994118,0.000081327
experiment_name,b5e74caf-e0a3-47e9-8491-94b6c740d416,function_transfer_time,1779123953.6006896,0.000105666
experiment_name,b5e74caf-e0a3-47e9-8491-94b6c740d416,function_transfer_time,1779123953.7020268,0.000108626
experiment_name,b5e74caf-e0a3-47e9-8491-94b6c740d416,function_transfer_time,1779123953.8032882,0.000114268
experiment_name,b5e74caf-e0a3-47e9-8491-94b6c740d416,function_transfer_time,1779123953.9046328,0.000127565
experiment_name,b5e74caf-e0a3-47e9-8491-94b6c740d416,function_transfer_time,1779123954.0059247,0.000035582
experiment_name,b5e74caf-e0a3-47e9-8491-94b6c740d416,function_transfer_time,1779123954.107315,0.000138965
experiment_name,b5e74caf-e0a3-47e9-8491-94b6c740d416,function_transfer_time,1779123954.2086492,0.000124267
experiment_name,b5e74caf-e0a3-47e9-8491-94b6c740d416,function_transfer_time,1779123954.309942,0.00008965
experiment_name,b5e74caf-e0a3-47e9-8491-94b6c740d416,function_transfer_time,1779123954.4112806,0.000107732
experiment_name,b5e74caf-e0a3-47e9-8491-94b6c740d416,function_transfer_time,1779123954.5126085,0.000102405
experiment_name,b5e74caf-e0a3-47e9-8491-94b6c740d416,function_transfer_time,1779123954.6139894,0.000157755
experiment_name,b5e74caf-e0a3-47e9-8491-94b6c740d416,function_execution_time,1779123954.714941,0.000067387
experiment_name,b5e74caf-e0a3-47e9-8491-94b6c740d416,function_execution_time,1779123954.8162727,0.000057562
experiment_name,b5e74caf-e0a3-47e9-8491-94b6c740d416,function_execution_time,1779123954.9166298,0.000058732
experiment_name,b5e74caf-e0a3-47e9-8491-94b6c740d416,function_execution_time,1779123955.0179305,0.000068324
experiment_name,b5e74caf-e0a3-47e9-8491-94b6c740d416,function_execution_time,1779123955.1193159,0.000062284
experiment_name,b5e74caf-e0a3-47e9-8491-94b6c740d416,function_execution_time,1779123955.2206538,0.000056186
experiment_name,b5e74caf-e0a3-47e9-8491-94b6c740d416,function_execution_time,1779123955.3221266,0.000056529
experiment_name,b5e74caf-e0a3-47e9-8491-94b6c740d416,function_execution_time,1779123955.4234927,0.000080921
experiment_name,b5e74caf-e0a3-47e9-8491-94b6c740d416,function_execution_time,1779123955.5247622,0.000075404
experiment_name,b5e74caf-e0a3-47e9-8491-94b6c740d416,function_execution_time,1779123955.626083,0.00005707
experiment_name,b5e74caf-e0a3-47e9-8491-94b6c740d416,function_execution_time,1779123955.7274008,0.000055635
experiment_name,b5e74caf-e0a3-47e9-8491-94b6c740d416,function_execution_time,1779123955.828736,0.000056173
experiment_name,b5e74caf-e0a3-47e9-8491-94b6c740d416,function_execution_time,1779123955.9300442,0.000069294
experiment_name,b5e74caf-e0a3-47e9-8491-94b6c740d416,function_execution_time,1779123956.031334,0.000055706
experiment_name,b5e74caf-e0a3-47e9-8491-94b6c740d416,function_execution_time,1779123956.132737,0.000059247
experiment_name,b5e74caf-e0a3-47e9-8491-94b6c740d416,function_execution_time,1779123956.2340279,0.000055247
experiment_name,b5e74caf-e0a3-47e9-8491-94b6c740d416,function_execution_time,1779123956.335308,0.000063336
experiment_name,b5e74caf-e0a3-47e9-8491-94b6c740d416,function_execution_time,1779123956.4366221,0.00005613
experiment_name,b5e74caf-e0a3-47e9-8491-94b6c740d416,function_execution_time,1779123956.5378299,0.000057005
experiment_name,b5e74caf-e0a3-47e9-8491-94b6c740d416,function_execution_time,1779123956.639178,0.000056499
experiment_name,b5e74caf-e0a3-47e9-8491-94b6c740d416,function_execution_time,1779123956.7404776,0.0000785
experiment_name,b5e74caf-e0a3-47e9-8491-94b6c740d416,function_execution_time,1779123956.8418772,0.000065012
experiment_name,b5e74caf-e0a3-47e9-8491-94b6c740d416,function_execution_time,1779123956.9431283,0.000069148
experiment_name,b5e74caf-e0a3-47e9-8491-94b6c740d416,function_execution_time,1779123957.0445194,0.000056973
experiment_name,b5e74caf-e0a3-47e9-8491-94b6c740d416,function_execution_time,1779123957.14586,0.000055138
experiment_name,b5e74caf-e0a3-47e9-8491-94b6c740d416,function_execution_time,1779123957.2473426,0.000070764
experiment_name,b5e74caf-e0a3-47e9-8491-94b6c740d416,function_execution_time,1779123957.3486998,0.000054821
experiment_name,b5e74caf-e0a3-47e9-8491-94b6c740d416,function_execution_time,1779123957.4500115,0.000055309
experiment_name,b5e74caf-e0a3-47e9-8491-94b6c740d416,function_execution_time,1779123957.5513525,0.000057986
experiment_name,b5e74caf-e0a3-47e9-8491-94b6c740d416,function_execution_time,1779123957.6527007,0.000059152
experiment_name,b5e74caf-e0a3-47e9-8491-94b6c740d416,function_execution_time,1779123957.7540324,0.000065635
experiment_name,b5e74caf-e0a3-47e9-8491-94b6c740d416,function_execution_time,1779123957.8553832,0.000057068
experiment_name,b5e74caf-e0a3-47e9-8491-94b6c740d416,function_execution_time,1779123957.9567099,0.000058509
experiment_name,b5e74caf-e0a3-47e9-8491-94b6c740d416,function_execution_time,1779123958.0580575,0.000055651
experiment_name,b5e74caf-e0a3-47e9-8491-94b6c740d416,function_execution_time,1779123958.1594384,0.000063782
experiment_name,b5e74caf-e0a3-47e9-8491-94b6c740d416,function_execution_time,1779123958.2607963,0.000058589
experiment_name,b5e74caf-e0a3-47e9-8491-94b6c740d416,function_execution_time,1779123958.3619826,0.000060114
experiment_name,b5e74caf-e0a3-47e9-8491-94b6c740d416,function_execution_time,1779123958.4633071,0.000059357
experiment_name,b5e74caf-e0a3-47e9-8491-94b6c740d416,function_execution_time,1779123958.564646,0.00005505
experiment_name,b5e74caf-e0a3-47e9-8491-94b6c740d416,function_execution_time,1779123958.6659966,0.000065287
experiment_name,b5e74caf-e0a3-47e9-8491-94b6c740d416,function_execution_time,1779123958.7673051,0.000055765
experiment_name,b5e74caf-e0a3-47e9-8491-94b6c740d416,function_execution_time,1779123958.8686454,0.000056789
experiment_name,b5e74caf-e0a3-47e9-8491-94b6c740d416,function_execution_time,1779123958.969934,0.000055137
experiment_name,b5e74caf-e0a3-47e9-8491-94b6c740d416,function_execution_time,1779123959.0712748,0.000064214
experiment_name,b5e74caf-e0a3-47e9-8491-94b6c740d416,function_execution_time,1779123959.172715,0.000055722
experiment_name,b5e74caf-e0a3-47e9-8491-94b6c740d416,function_execution_time,1779123959.27398,0.000055142
experiment_name,b5e74caf-e0a3-47e9-8491-94b6c740d416,function_execution_time,1779123959.3753004,0.000074423
experiment_name,b5e74caf-e0a3-47e9-8491-94b6c740d416,function_execution_time,1779123959.4755862,0.000079086
experiment_name,b5e74caf-e0a3-47e9-8491-94b6c740d416,function_execution_time,1779123959.5768685,0.00006123
experiment_name,10614005-b1a8-4731-93ca-2bc8b9398e1b,function_execution_time,1779123954.7147746,0.00008028
experiment_name,10614005-b1a8-4731-93ca-2bc8b9398e1b,function_execution_time,1779123954.8161023,0.000082853
experiment_name,10614005-b1a8-4731-93ca-2bc8b9398e1b,function_execution_time,1779123954.9164624,0.000092183
experiment_name,10614005-b1a8-4731-93ca-2bc8b9398e1b,function_execution_time,1779123955.017857,0.00016139
experiment_name,10614005-b1a8-4731-93ca-2bc8b9398e1b,function_execution_time,1779123955.1192646,0.000087666
experiment_name,10614005-b1a8-4731-93ca-2bc8b9398e1b,function_execution_time,1779123955.2205114,0.000090694
experiment_name,10614005-b1a8-4731-93ca-2bc8b9398e1b,function_execution_time,1779123955.3219874,0.000084529
experiment_name,10614005-b1a8-4731-93ca-2bc8b9398e1b,function_execution_time,1779123955.4233224,0.000077465
experiment_name,10614005-b1a8-4731-93ca-2bc8b9398e1b,function_execution_time,1779123955.524685,0.000089125
experiment_name,10614005-b1a8-4731-93ca-2bc8b9398e1b,function_execution_time,1779123955.6259398,0.000073735
experiment_name,10614005-b1a8-4731-93ca-2bc8b9398e1b,function_execution_time,1779123955.727256,0.000076104
experiment_name,10614005-b1a8-4731-93ca-2bc8b9398e1b,function_execution_time,1779123955.82859,0.00006775
experiment_name,10614005-b1a8-4731-93ca-2bc8b9398e1b,function_execution_time,1779123955.9298785,0.000074726
experiment_name,10614005-b1a8-4731-93ca-2bc8b9398e1b,function_execution_time,1779123956.0312788,0.000150622
experiment_name,10614005-b1a8-4731-93ca-2bc8b9398e1b,function_execution_time,1779123956.1326084,0.000079735
experiment_name,10614005-b1a8-4731-93ca-2bc8b9398e1b,function_execution_time,1779123956.2338846,0.000066421
experiment_name,10614005-b1a8-4731-93ca-2bc8b9398e1b,function_execution_time,1779123956.3353004,0.000084629
experiment_name,10614005-b1a8-4731-93ca-2bc8b9398e1b,function_execution_time,1779123956.4365618,0.000096183
experiment_name,10614005-b1a8-4731-93ca-2bc8b9398e1b,function_execution_time,1779123956.5377526,0.000069033
experiment_name,10614005-b1a8-4731-93ca-2bc8b9398e1b,function_execution_time,1779123956.6390388,0.00006986
experiment_name,10614005-b1a8-4731-93ca-2bc8b9398e1b,function_execution_time,1779123956.7403622,0.000080808
experiment_name,10614005-b1a8-4731-93ca-2bc8b9398e1b,function_execution_time,1779123956.8417144,0.000073335
experiment_name,10614005-b1a8-4731-93ca-2bc8b9398e1b,function_execution_time,1779123956.9430268,0.000070727
experiment_name,10614005-b1a8-4731-93ca-2bc8b9398e1b,function_execution_time,1779123957.0444505,0.000174512
experiment_name,10614005-b1a8-4731-93ca-2bc8b9398e1b,function_execution_time,1779123957.145763,0.000081023
experiment_name,10614005-b1a8-4731-93ca-2bc8b9398e1b,function_execution_time,1779123957.2471862,0.000066747
experiment_name,10614005-b1a8-4731-93ca-2bc8b9398e1b,function_execution_time,1779123957.348534,0.000067103
experiment_name,10614005-b1a8-4731-93ca-2bc8b9398e1b,function_execution_time,1779123957.4498625,0.000080306
experiment_name,10614005-b1a8-4731-93ca-2bc8b9398e1b,function_execution_time,1779123957.5512173,0.000070537
experiment_name,10614005-b1a8-4731-93ca-2bc8b9398e1b,function_execution_time,1779123957.6525543,0.000069464
experiment_name,10614005-b1a8-4731-93ca-2bc8b9398e1b,function_execution_time,1779123957.75389,0.000071707
experiment_name,10614005-b1a8-4731-93ca-2bc8b9398e1b,function_execution_time,1779123957.8552392,0.000080412
experiment_name,10614005-b1a8-4731-93ca-2bc8b9398e1b,function_execution_time,1779123957.9565759,0.000070413
experiment_name,10614005-b1a8-4731-93ca-2bc8b9398e1b,function_execution_time,1779123958.0580056,0.000150594
experiment_name,10614005-b1a8-4731-93ca-2bc8b9398e1b,function_execution_time,1779123958.1592872,0.000076761
experiment_name,10614005-b1a8-4731-93ca-2bc8b9398e1b,function_execution_time,1779123958.2606275,0.000081169
experiment_name,10614005-b1a8-4731-93ca-2bc8b9398e1b,function_execution_time,1779123958.361923,0.000078419
experiment_name,10614005-b1a8-4731-93ca-2bc8b9398e1b,function_execution_time,1779123958.4631543,0.000070535
experiment_name,10614005-b1a8-4731-93ca-2bc8b9398e1b,function_execution_time,1779123958.5645764,0.000094666
experiment_name,10614005-b1a8-4731-93ca-2bc8b9398e1b,function_execution_time,1779123958.66582,0.000073919
experiment_name,10614005-b1a8-4731-93ca-2bc8b9398e1b,function_execution_time,1779123958.767152,0.000068226
experiment_name,10614005-b1a8-4731-93ca-2bc8b9398e1b,function_execution_time,1779123958.8685443,0.000101457
experiment_name,10614005-b1a8-4731-93ca-2bc8b9398e1b,function_execution_time,1779123958.9697928,0.000067105
experiment_name,10614005-b1a8-4731-93ca-2bc8b9398e1b,function_execution_time,1779123959.071205,0.00014607
experiment_name,10614005-b1a8-4731-93ca-2bc8b9398e1b,function_execution_time,1779123959.1725113,0.000087547
experiment_name,10614005-b1a8-4731-93ca-2bc8b9398e1b,function_execution_time,1779123959.2738302,0.000068678
experiment_name,10614005-b1a8-4731-93ca-2bc8b9398e1b,function_execution_time,1779123959.375108,0.000091286
experiment_name,10614005-b1a8-4731-93ca-2bc8b9398e1b,function_execution_time,1779123959.4753947,0.000077875
experiment_name,10614005-b1a8-4731-93ca-2bc8b9398e1b,function_execution_time,1779123959.5767236,0.000088505
experiment_name,10614005-b1a8-4731-93ca-2bc8b9398e1b,function_transfer_time,1779123954.7146924,0.000078882
experiment_name,10614005-b1a8-4731-93ca-2bc8b9398e1b,function_transfer_time,1779123954.8160176,0.000086389
experiment_name,10614005-b1a8-4731-93ca-2bc8b9398e1b,function_transfer_time,1779123954.9163704,0.000083373
experiment_name,10614005-b1a8-4731-93ca-2bc8b9398e1b,function_transfer_time,1779123955.017693,0.000081042
experiment_name,10614005-b1a8-4731-93ca-2bc8b9398e1b,function_transfer_time,1779123955.1191132,0.000086954
experiment_name,10614005-b1a8-4731-93ca-2bc8b9398e1b,function_transfer_time,1779123955.2204204,0.000075398
experiment_name,10614005-b1a8-4731-93ca-2bc8b9398e1b,function_transfer_time,1779123955.321901,0.000080901
experiment_name,10614005-b1a8-4731-93ca-2bc8b9398e1b,function_transfer_time,1779123955.4232414,0.000083722
experiment_name,10614005-b1a8-4731-93ca-2bc8b9398e1b,function_transfer_time,1779123955.524527,0.000037689
experiment_name,10614005-b1a8-4731-93ca-2bc8b9398e1b,function_transfer_time,1779123955.6258569,0.000078324
experiment_name,10614005-b1a8-4731-93ca-2bc8b9398e1b,function_transfer_time,1779123955.727164,0.000079416
experiment_name,10614005-b1a8-4731-93ca-2bc8b9398e1b,function_transfer_time,1779123955.828512,0.000080443
experiment_name,10614005-b1a8-4731-93ca-2bc8b9398e1b,function_transfer_time,1779123955.9297948,0.000077189
experiment_name,10614005-b1a8-4731-93ca-2bc8b9398e1b,function_transfer_time,1779123956.0311213,0.000083824
experiment_name,10614005-b1a8-4731-93ca-2bc8b9398e1b,function_transfer_time,1779123956.1325185,0.000086154
experiment_name,10614005-b1a8-4731-93ca-2bc8b9398e1b,function_transfer_time,1779123956.2338047,0.000075467
experiment_name,10614005-b1a8-4731-93ca-2bc8b9398e1b,function_transfer_time,1779123956.3351417,0.000080353
experiment_name,10614005-b1a8-4731-93ca-2bc8b9398e1b,function_transfer_time,1779123956.4363961,0.000021653
experiment_name,10614005-b1a8-4731-93ca-2bc8b9398e1b,function_transfer_time,1779123956.5376723,0.000026556
experiment_name,10614005-b1a8-4731-93ca-2bc8b9398e1b,function_transfer_time,1779123956.6389549,0.00002119
experiment_name,10614005-b1a8-4731-93ca-2bc8b9398e1b,function_transfer_time,1779123956.7402809,0.000082451
experiment_name,10614005-b1a8-4731-93ca-2bc8b9398e1b,function_transfer_time,1779123956.8416326,0.000077448
experiment_name,10614005-b1a8-4731-93ca-2bc8b9398e1b,function_transfer_time,1779123956.942945,0.000081771
experiment_name,10614005-b1a8-4731-93ca-2bc8b9398e1b,function_transfer_time,1779123957.0442739,0.000076681
experiment_name,10614005-b1a8-4731-93ca-2bc8b9398e1b,function_transfer_time,1779123957.145689,0.000081144
experiment_name,10614005-b1a8-4731-93ca-2bc8b9398e1b,function_transfer_time,1779123957.2471068,0.000083206
experiment_name,10614005-b1a8-4731-93ca-2bc8b9398e1b,function_transfer_time,1779123957.3484523,0.000087166
experiment_name,10614005-b1a8-4731-93ca-2bc8b9398e1b,function_transfer_time,1779123957.4497845,0.000090014
experiment_name,10614005-b1a8-4731-93ca-2bc8b9398e1b,function_transfer_time,1779123957.5511408,0.000096676
experiment_name,10614005-b1a8-4731-93ca-2bc8b9398e1b,function_transfer_time,1779123957.6524696,0.000096843
experiment_name,10614005-b1a8-4731-93ca-2bc8b9398e1b,function_transfer_time,1779123957.7538145,0.000090805
experiment_name,10614005-b1a8-4731-93ca-2bc8b9398e1b,function_transfer_time,1779123957.8551612,0.000082558
experiment_name,10614005-b1a8-4731-93ca-2bc8b9398e1b,function_transfer_time,1779123957.9564881,0.000101094
experiment_name,10614005-b1a8-4731-93ca-2bc8b9398e1b,function_transfer_time,1779123958.0578449,0.000083034
experiment_name,10614005-b1a8-4731-93ca-2bc8b9398e1b,function_transfer_time,1779123958.159205,0.000081586
experiment_name,10614005-b1a8-4731-93ca-2bc8b9398e1b,function_transfer_time,1779123958.2605448,0.000082931
experiment_name,10614005-b1a8-4731-93ca-2bc8b9398e1b,function_transfer_time,1779123958.361775,0.000023874
experiment_name,10614005-b1a8-4731-93ca-2bc8b9398e1b,function_transfer_time,1779123958.4630725,0.000077186
experiment_name,10614005-b1a8-4731-93ca-2bc8b9398e1b,function_transfer_time,1779123958.564415,0.000082533
experiment_name,10614005-b1a8-4731-93ca-2bc8b9398e1b,function_transfer_time,1779123958.6657376,0.00007983
experiment_name,10614005-b1a8-4731-93ca-2bc8b9398e1b,function_transfer_time,1779123958.7670703,0.00007748
experiment_name,10614005-b1a8-4731-93ca-2bc8b9398e1b,function_transfer_time,1779123958.8683884,0.000075134
experiment_name,10614005-b1a8-4731-93ca-2bc8b9398e1b,function_transfer_time,1779123958.9697115,0.000079575
experiment_name,10614005-b1a8-4731-93ca-2bc8b9398e1b,function_transfer_time,1779123959.071051,0.000077264
experiment_name,10614005-b1a8-4731-93ca-2bc8b9398e1b,function_transfer_time,1779123959.1724045,0.000075127
experiment_name,10614005-b1a8-4731-93ca-2bc8b9398e1b,function_transfer_time,1779123959.2737522,0.00008265
experiment_name,10614005-b1a8-4731-93ca-2bc8b9398e1b,function_transfer_time,1779123959.375017,0.000026957
experiment_name,10614005-b1a8-4731-93ca-2bc8b9398e1b,function_transfer_time,1779123959.4753072,0.000031412
experiment_name,10614005-b1a8-4731-93ca-2bc8b9398e1b,function_transfer_time,1779123959.576639,0.000087926
experiment_name,b5e74caf-e0a3-47e9-8491-94b6c740d416,function_transfer_time,1779123954.7148702,0.000110474
experiment_name,b5e74caf-e0a3-47e9-8491-94b6c740d416,function_transfer_time,1779123954.8162122,0.000139401
experiment_name,b5e74caf-e0a3-47e9-8491-94b6c740d416,function_transfer_time,1779123954.9165673,0.000136582
experiment_name,b5e74caf-e0a3-47e9-8491-94b6c740d416,function_transfer_time,1779123955.0178597,0.000045406
experiment_name,b5e74caf-e0a3-47e9-8491-94b6c740d416,function_transfer_time,1779123955.11927,0.000086109
experiment_name,b5e74caf-e0a3-47e9-8491-94b6c740d416,function_transfer_time,1779123955.2205875,0.000097235
experiment_name,b5e74caf-e0a3-47e9-8491-94b6c740d416,function_transfer_time,1779123955.3220649,0.000112287
experiment_name,b5e74caf-e0a3-47e9-8491-94b6c740d416,function_transfer_time,1779123955.4234128,0.000112544
experiment_name,b5e74caf-e0a3-47e9-8491-94b6c740d416,function_transfer_time,1779123955.524691,0.000096788
experiment_name,b5e74caf-e0a3-47e9-8491-94b6c740d416,function_transfer_time,1779123955.626015,0.000105272
experiment_name,b5e74caf-e0a3-47e9-8491-94b6c740d416,function_transfer_time,1779123955.727344,0.000120229
experiment_name,b5e74caf-e0a3-47e9-8491-94b6c740d416,function_transfer_time,1779123955.828674,0.000109365
experiment_name,b5e74caf-e0a3-47e9-8491-94b6c740d416,function_transfer_time,1779123955.929973,0.000119321
experiment_name,b5e74caf-e0a3-47e9-8491-94b6c740d416,function_transfer_time,1779123956.0312746,0.000032426
experiment_name,b5e74caf-e0a3-47e9-8491-94b6c740d416,function_transfer_time,1779123956.1326692,0.000097469
experiment_name,b5e74caf-e0a3-47e9-8491-94b6c740d416,function_transfer_time,1779123956.2339613,0.000107751
experiment_name,b5e74caf-e0a3-47e9-8491-94b6c740d416,function_transfer_time,1779123956.335305,0.000040828
experiment_name,b5e74caf-e0a3-47e9-8491-94b6c740d416,function_transfer_time,1779123956.4365642,0.000101342
experiment_name,b5e74caf-e0a3-47e9-8491-94b6c740d416,function_transfer_time,1779123956.537827,0.000055211
experiment_name,b5e74caf-e0a3-47e9-8491-94b6c740d416,function_transfer_time,1779123956.639123,0.000110251
experiment_name,b5e74caf-e0a3-47e9-8491-94b6c740d416,function_transfer_time,1779123956.7404535,0.000056176
experiment_name,b5e74caf-e0a3-47e9-8491-94b6c740d416,function_transfer_time,1779123956.8418052,0.000116494
experiment_name,b5e74caf-e0a3-47e9-8491-94b6c740d416,function_transfer_time,1779123956.9431045,0.000052701
experiment_name,b5e74caf-e0a3-47e9-8491-94b6c740d416,function_transfer_time,1779123957.0444534,0.000053861
experiment_name,b5e74caf-e0a3-47e9-8491-94b6c740d416,function_transfer_time,1779123957.1457963,0.000112419
experiment_name,b5e74caf-e0a3-47e9-8491-94b6c740d416,function_transfer_time,1779123957.2472737,0.000106669
experiment_name,b5e74caf-e0a3-47e9-8491-94b6c740d416,function_transfer_time,1779123957.3486433,0.000141175
experiment_name,b5e74caf-e0a3-47e9-8491-94b6c740d416,function_transfer_time,1779123957.4499521,0.000115932
experiment_name,b5e74caf-e0a3-47e9-8491-94b6c740d416,function_transfer_time,1779123957.5513027,0.000105349
experiment_name,b5e74caf-e0a3-47e9-8491-94b6c740d416,function_transfer_time,1779123957.652648,0.000122617
experiment_name,b5e74caf-e0a3-47e9-8491-94b6c740d416,function_transfer_time,1779123957.7539754,0.000103342
experiment_name,b5e74caf-e0a3-47e9-8491-94b6c740d416,function_transfer_time,1779123957.8553307,0.000107708
experiment_name,b5e74caf-e0a3-47e9-8491-94b6c740d416,function_transfer_time,1779123957.9566596,0.000113224
experiment_name,b5e74caf-e0a3-47e9-8491-94b6c740d416,function_transfer_time,1779123958.0580022,0.000035254
experiment_name,b5e74caf-e0a3-47e9-8491-94b6c740d416,function_transfer_time,1779123958.1593623,0.000107856
experiment_name,b5e74caf-e0a3-47e9-8491-94b6c740d416,function_transfer_time,1779123958.2607365,0.000132381
experiment_name,b5e74caf-e0a3-47e9-8491-94b6c740d416,function_transfer_time,1779123958.361927,0.000085856
experiment_name,b5e74caf-e0a3-47e9-8491-94b6c740d416,function_transfer_time,1779123958.4632456,0.000118761
experiment_name,b5e74caf-e0a3-47e9-8491-94b6c740d416,function_transfer_time,1779123958.5645797,0.000097972
experiment_name,b5e74caf-e0a3-47e9-8491-94b6c740d416,function_transfer_time,1779123958.6659303,0.000137212
experiment_name,b5e74caf-e0a3-47e9-8491-94b6c740d416,function_transfer_time,1779123958.767246,0.000117782
experiment_name,b5e74caf-e0a3-47e9-8491-94b6c740d416,function_transfer_time,1779123958.868576,0.000118271
experiment_name,b5e74caf-e0a3-47e9-8491-94b6c740d416,function_transfer_time,1779123958.9698753,0.000107175
experiment_name,b5e74caf-e0a3-47e9-8491-94b6c740d416,function_transfer_time,1779123959.0712078,0.000044127
experiment_name,b5e74caf-e0a3-47e9-8491-94b6c740d416,function_transfer_time,1779123959.1725674,0.000098769
experiment_name,b5e74caf-e0a3-47e9-8491-94b6c740d416,function_transfer_time,1779123959.273917,0.000107119
experiment_name,b5e74caf-e0a3-47e9-8491-94b6c740d416,function_transfer_time,1779123959.3752177,0.000138208
experiment_name,b5e74caf-e0a3-47e9-8491-94b6c740d416,function_transfer_time,1779123959.4754965,0.000130211
experiment_name,b5e74caf-e0a3-47e9-8491-94b6c740d416,function_transfer_time,1779123959.5768101,0.000111259
experiment_name,b5e74caf-e0a3-47e9-8491-94b6c740d416,function_execution_time,1779123959.6781428,0.000063004
experiment_name,b5e74caf-e0a3-47e9-8491-94b6c740d416,function_execution_time,1779123959.7795324,0.000061719
experiment_name,b5e74caf-e0a3-47e9-8491-94b6c740d416,function_execution_time,1779123959.880822,0.000058475
experiment_name,b5e74caf-e0a3-47e9-8491-94b6c740d416,function_execution_time,1779123959.9821658,0.000064061
experiment_name,b5e74caf-e0a3-47e9-8491-94b6c740d416,function_execution_time,1779123960.0835054,0.00007278
experiment_name,b5e74caf-e0a3-47e9-8491-94b6c740d416,function_execution_time,1779123960.1848803,0.000057112
experiment_name,b5e74caf-e0a3-47e9-8491-94b6c740d416,function_execution_time,1779123960.286228,0.000060188
experiment_name,b5e74caf-e0a3-47e9-8491-94b6c740d416,function_execution_time,1779123960.3865566,0.000064952
experiment_name,b5e74caf-e0a3-47e9-8491-94b6c740d416,function_execution_time,1779123960.4879148,0.000059509
experiment_name,b5e74caf-e0a3-47e9-8491-94b6c740d416,function_execution_time,1779123960.589223,0.000057502
experiment_name,b5e74caf-e0a3-47e9-8491-94b6c740d416,function_execution_time,1779123960.6895645,0.00005824
experiment_name,b5e74caf-e0a3-47e9-8491-94b6c740d416,function_execution_time,1779123960.7908897,0.000057381
experiment_name,b5e74caf-e0a3-47e9-8491-94b6c740d416,function_execution_time,1779123960.892224,0.000062537
experiment_name,b5e74caf-e0a3-47e9-8491-94b6c740d416,function_execution_time,1779123960.9925985,0.00005443
experiment_name,b5e74caf-e0a3-47e9-8491-94b6c740d416,function_execution_time,1779123961.0938926,0.000055397
experiment_name,b5e74caf-e0a3-47e9-8491-94b6c740d416,function_execution_time,1779123961.1953886,0.000058721
experiment_name,b5e74caf-e0a3-47e9-8491-94b6c740d416,function_execution_time,1779123961.296707,0.000062974
experiment_name,b5e74caf-e0a3-47e9-8491-94b6c740d416,function_execution_time,1779123961.3980174,0.000057141
experiment_name,b5e74caf-e0a3-47e9-8491-94b6c740d416,function_execution_time,1779123961.4993696,0.000055523
experiment_name,b5e74caf-e0a3-47e9-8491-94b6c740d416,function_execution_time,1779123961.6008344,0.000057235
experiment_name,b5e74caf-e0a3-47e9-8491-94b6c740d416,function_execution_time,1779123961.7021737,0.000055542
experiment_name,b5e74caf-e0a3-47e9-8491-94b6c740d416,function_execution_time,1779123961.8034418,0.000066999
experiment_name,b5e74caf-e0a3-47e9-8491-94b6c740d416,function_execution_time,1779123961.9048553,0.000055174
experiment_name,b5e74caf-e0a3-47e9-8491-94b6c740d416,function_execution_time,1779123962.0061631,0.000060001
experiment_name,b5e74caf-e0a3-47e9-8491-94b6c740d416,function_execution_time,1779123962.1074917,0.000067116
experiment_name,b5e74caf-e0a3-47e9-8491-94b6c740d416,function_execution_time,1779123962.20891,0.000063962
experiment_name,b5e74caf-e0a3-47e9-8491-94b6c740d416,function_execution_time,1779123962.3104022,0.000060224
experiment_name,b5e74caf-e0a3-47e9-8491-94b6c740d416,function_execution_time,1779123962.4116626,0.000055824
experiment_name,b5e74caf-e0a3-47e9-8491-94b6c740d416,function_execution_time,1779123962.5130281,0.000055241
experiment_name,b5e74caf-e0a3-47e9-8491-94b6c740d416,function_execution_time,1779123962.6143672,0.000063533
experiment_name,b5e74caf-e0a3-47e9-8491-94b6c740d416,function_execution_time,1779123962.7157366,0.00005866
experiment_name,b5e74caf-e0a3-47e9-8491-94b6c740d416,function_execution_time,1779123962.8170192,0.000055775
experiment_name,b5e74caf-e0a3-47e9-8491-94b6c740d416,function_execution_time,1779123962.918314,0.000058493
experiment_name,b5e74caf-e0a3-47e9-8491-94b6c740d416,function_execution_time,1779123963.0196195,0.000063692
experiment_name,b5e74caf-e0a3-47e9-8491-94b6c740d416,function_execution_time,1779123963.120896,0.000054662
experiment_name,b5e74caf-e0a3-47e9-8491-94b6c740d416,function_execution_time,1779123963.2222576,0.000059419
experiment_name,b5e74caf-e0a3-47e9-8491-94b6c740d416,function_execution_time,1779123963.32253,0.000059098
experiment_name,b5e74caf-e0a3-47e9-8491-94b6c740d416,function_execution_time,1779123963.4238997,0.000073002
experiment_name,b5e74caf-e0a3-47e9-8491-94b6c740d416,function_execution_time,1779123963.5251424,0.000061036
experiment_name,b5e74caf-e0a3-47e9-8491-94b6c740d416,function_execution_time,1779123963.6265085,0.000056106
experiment_name,b5e74caf-e0a3-47e9-8491-94b6c740d416,function_execution_time,1779123963.727758,0.000060245
experiment_name,b5e74caf-e0a3-47e9-8491-94b6c740d416,function_execution_time,1779123963.828995,0.00006999
experiment_name,b5e74caf-e0a3-47e9-8491-94b6c740d416,function_execution_time,1779123963.9302483,0.000061456
experiment_name,b5e74caf-e0a3-47e9-8491-94b6c740d416,function_execution_time,1779123964.031643,0.000061413
experiment_name,b5e74caf-e0a3-47e9-8491-94b6c740d416,function_execution_time,1779123964.1329808,0.000056868
experiment_name,b5e74caf-e0a3-47e9-8491-94b6c740d416,function_execution_time,1779123964.2343657,0.000057602
experiment_name,b5e74caf-e0a3-47e9-8491-94b6c740d416,function_execution_time,1779123964.33563,0.000063243
experiment_name,b5e74caf-e0a3-47e9-8491-94b6c740d416,function_execution_time,1779123964.4370277,0.000055871
experiment_name,b5e74caf-e0a3-47e9-8491-94b6c740d416,function_execution_time,1779123964.538275,0.000062978
experiment_name,10614005-b1a8-4731-93ca-2bc8b9398e1b,function_execution_time,1779123959.678067,0.000089154
experiment_name,10614005-b1a8-4731-93ca-2bc8b9398e1b,function_execution_time,1779123959.7793622,0.000096223
experiment_name,10614005-b1a8-4731-93ca-2bc8b9398e1b,function_execution_time,1779123959.880673,0.000077789
experiment_name,10614005-b1a8-4731-93ca-2bc8b9398e1b,function_execution_time,1779123959.9820123,0.000079595
experiment_name,10614005-b1a8-4731-93ca-2bc8b9398e1b,function_execution_time,1779123960.0834453,0.000169587
experiment_name,10614005-b1a8-4731-93ca-2bc8b9398e1b,function_execution_time,1779123960.1847231,0.000076482
experiment_name,10614005-b1a8-4731-93ca-2bc8b9398e1b,function_execution_time,1779123960.286073,0.000074716
experiment_name,10614005-b1a8-4731-93ca-2bc8b9398e1b,function_execution_time,1779123960.386395,0.000081884
experiment_name,10614005-b1a8-4731-93ca-2bc8b9398e1b,function_execution_time,1779123960.4877574,0.000080794
experiment_name,10614005-b1a8-4731-93ca-2bc8b9398e1b,function_execution_time,1779123960.5890663,0.000077766
experiment_name,10614005-b1a8-4731-93ca-2bc8b9398e1b,function_execution_time,1779123960.6894116,0.000079417
experiment_name,10614005-b1a8-4731-93ca-2bc8b9398e1b,function_execution_time,1779123960.7907476,0.000081377
experiment_name,10614005-b1a8-4731-93ca-2bc8b9398e1b,function_execution_time,1779123960.892079,0.000072778
experiment_name,10614005-b1a8-4731-93ca-2bc8b9398e1b,function_execution_time,1779123960.9924395,0.000073428
experiment_name,10614005-b1a8-4731-93ca-2bc8b9398e1b,function_execution_time,1779123961.093839,0.000161135
experiment_name,10614005-b1a8-4731-93ca-2bc8b9398e1b,function_execution_time,1779123961.1952455,0.000073595
experiment_name,10614005-b1a8-4731-93ca-2bc8b9398e1b,function_execution_time,1779123961.296555,0.000076489
experiment_name,10614005-b1a8-4731-93ca-2bc8b9398e1b,function_execution_time,1779123961.3978722,0.000077046
experiment_name,10614005-b1a8-4731-93ca-2bc8b9398e1b,function_execution_time,1779123961.499224,0.000084474
experiment_name,10614005-b1a8-4731-93ca-2bc8b9398e1b,function_execution_time,1779123961.6006877,0.000077488
experiment_name,10614005-b1a8-4731-93ca-2bc8b9398e1b,function_execution_time,1779123961.7020285,0.000078991
experiment_name,10614005-b1a8-4731-93ca-2bc8b9398e1b,function_execution_time,1779123961.803364,0.000088851
experiment_name,10614005-b1a8-4731-93ca-2bc8b9398e1b,function_execution_time,1779123961.9046884,0.000078935
experiment_name,10614005-b1a8-4731-93ca-2bc8b9398e1b,function_execution_time,1779123962.0060341,0.000089865
experiment_name,10614005-b1a8-4731-93ca-2bc8b9398e1b,function_execution_time,1779123962.107425,0.000149293
experiment_name,10614005-b1a8-4731-93ca-2bc8b9398e1b,function_execution_time,1779123962.2088037,0.000088278
experiment_name,10614005-b1a8-4731-93ca-2bc8b9398e1b,function_execution_time,1779123962.3102329,0.000078037
experiment_name,10614005-b1a8-4731-93ca-2bc8b9398e1b,function_execution_time,1779123962.4115195,0.000062173
experiment_name,10614005-b1a8-4731-93ca-2bc8b9398e1b,function_execution_time,1779123962.5128896,0.00008006
experiment_name,10614005-b1a8-4731-93ca-2bc8b9398e1b,function_execution_time,1779123962.6142137,0.000072348
experiment_name,10614005-b1a8-4731-93ca-2bc8b9398e1b,function_execution_time,1779123962.715566,0.000079693
experiment_name,10614005-b1a8-4731-93ca-2bc8b9398e1b,function_execution_time,1779123962.8168762,0.00007329
experiment_name,10614005-b1a8-4731-93ca-2bc8b9398e1b,function_execution_time,1779123962.9181662,0.000080322
experiment_name,10614005-b1a8-4731-93ca-2bc8b9398e1b,function_execution_time,1779123963.0195446,0.0000968
experiment_name,10614005-b1a8-4731-93ca-2bc8b9398e1b,function_execution_time,1779123963.1208375,0.000165343
experiment_name,10614005-b1a8-4731-93ca-2bc8b9398e1b,function_execution_time,1779123963.222114,0.000070257
experiment_name,10614005-b1a8-4731-93ca-2bc8b9398e1b,function_execution_time,1779123963.3223934,0.000082073
experiment_name,10614005-b1a8-4731-93ca-2bc8b9398e1b,function_execution_time,1779123963.4237435,0.000073912
experiment_name,10614005-b1a8-4731-93ca-2bc8b9398e1b,function_execution_time,1779123963.525002,0.00007111
experiment_name,10614005-b1a8-4731-93ca-2bc8b9398e1b,function_execution_time,1779123963.626355,0.000084957
experiment_name,10614005-b1a8-4731-93ca-2bc8b9398e1b,function_execution_time,1779123963.727619,0.000073628
experiment_name,10614005-b1a8-4731-93ca-2bc8b9398e1b,function_execution_time,1779123963.8288934,0.000050678
experiment_name,10614005-b1a8-4731-93ca-2bc8b9398e1b,function_execution_time,1779123963.9302442,0.000085599
experiment_name,10614005-b1a8-4731-93ca-2bc8b9398e1b,function_execution_time,1779123964.031591,0.000104351
experiment_name,10614005-b1a8-4731-93ca-2bc8b9398e1b,function_execution_time,1779123964.1329257,0.000147285
experiment_name,10614005-b1a8-4731-93ca-2bc8b9398e1b,function_execution_time,1779123964.2342608,0.000085212
experiment_name,10614005-b1a8-4731-93ca-2bc8b9398e1b,function_execution_time,1779123964.3355315,0.000081181
experiment_name,10614005-b1a8-4731-93ca-2bc8b9398e1b,function_execution_time,1779123964.4368598,0.000073895
experiment_name,10614005-b1a8-4731-93ca-2bc8b9398e1b,function_execution_time,1779123964.5381784,0.000072835
experiment_name,10614005-b1a8-4731-93ca-2bc8b9398e1b,function_transfer_time,1779123959.6779134,0.000078748
experiment_name,10614005-b1a8-4731-93ca-2bc8b9398e1b,function_transfer_time,1779123959.779263,0.000087831
experiment_name,10614005-b1a8-4731-93ca-2bc8b9398e1b,function_transfer_time,1779123959.8805954,0.000082645
experiment_name,10614005-b1a8-4731-93ca-2bc8b9398e1b,function_transfer_time,1779123959.9819305,0.000082422
experiment_name,10614005-b1a8-4731-93ca-2bc8b9398e1b,function_transfer_time,1779123960.0832465,0.000081158
experiment_name,10614005-b1a8-4731-93ca-2bc8b9398e1b,function_transfer_time,1779123960.1846457,0.00008568
experiment_name,10614005-b1a8-4731-93ca-2bc8b9398e1b,function_transfer_time,1779123960.2859843,0.000080802
experiment_name,10614005-b1a8-4731-93ca-2bc8b9398e1b,function_transfer_time,1779123960.3863137,0.000085924
experiment_name,10614005-b1a8-4731-93ca-2bc8b9398e1b,function_transfer_time,1779123960.4876661,0.000087736
experiment_name,10614005-b1a8-4731-93ca-2bc8b9398e1b,function_transfer_time,1779123960.5889874,0.000084608
experiment_name,10614005-b1a8-4731-93ca-2bc8b9398e1b,function_transfer_time,1779123960.6893258,0.000085708
experiment_name,10614005-b1a8-4731-93ca-2bc8b9398e1b,function_transfer_time,1779123960.7906606,0.000083263
experiment_name,10614005-b1a8-4731-93ca-2bc8b9398e1b,function_transfer_time,1779123960.8919969,0.00007999
experiment_name,10614005-b1a8-4731-93ca-2bc8b9398e1b,function_transfer_time,1779123960.9923513,0.000089955
experiment_name,10614005-b1a8-4731-93ca-2bc8b9398e1b,function_transfer_time,1779123961.093677,0.000083216
experiment_name,10614005-b1a8-4731-93ca-2bc8b9398e1b,function_transfer_time,1779123961.1951683,0.000084898
experiment_name,10614005-b1a8-4731-93ca-2bc8b9398e1b,function_transfer_time,1779123961.2964778,0.000075427
experiment_name,10614005-b1a8-4731-93ca-2bc8b9398e1b,function_transfer_time,1779123961.3977942,0.000076089
experiment_name,10614005-b1a8-4731-93ca-2bc8b9398e1b,function_transfer_time,1779123961.4991398,0.000077076
experiment_name,10614005-b1a8-4731-93ca-2bc8b9398e1b,function_transfer_time,1779123961.600609,0.00007725
experiment_name,10614005-b1a8-4731-93ca-2bc8b9398e1b,function_transfer_time,1779123961.701947,0.000075444
experiment_name,10614005-b1a8-4731-93ca-2bc8b9398e1b,function_transfer_time,1779123961.8032608,0.000085778
experiment_name,10614005-b1a8-4731-93ca-2bc8b9398e1b,function_transfer_time,1779123961.9046102,0.00008347
experiment_name,10614005-b1a8-4731-93ca-2bc8b9398e1b,function_transfer_time,1779123962.0059395,0.000089889
experiment_name,10614005-b1a8-4731-93ca-2bc8b9398e1b,function_transfer_time,1779123962.1072624,0.000081233
experiment_name,10614005-b1a8-4731-93ca-2bc8b9398e1b,function_transfer_time,1779123962.2086513,0.000083601
experiment_name,10614005-b1a8-4731-93ca-2bc8b9398e1b,function_transfer_time,1779123962.310149,0.000082409
experiment_name,10614005-b1a8-4731-93ca-2bc8b9398e1b,function_transfer_time,1779123962.4114408,0.000021804
experiment_name,10614005-b1a8-4731-93ca-2bc8b9398e1b,function_transfer_time,1779123962.512756,0.000090255
experiment_name,10614005-b1a8-4731-93ca-2bc8b9398e1b,function_transfer_time,1779123962.6141348,0.000077671
experiment_name,10614005-b1a8-4731-93ca-2bc8b9398e1b,function_transfer_time,1779123962.7154794,0.000077149
experiment_name,10614005-b1a8-4731-93ca-2bc8b9398e1b,function_transfer_time,1779123962.816798,0.000077818
experiment_name,10614005-b1a8-4731-93ca-2bc8b9398e1b,function_transfer_time,1779123962.9180772,0.000020901
experiment_name,10614005-b1a8-4731-93ca-2bc8b9398e1b,function_transfer_time,1779123963.0193896,0.000077595
experiment_name,10614005-b1a8-4731-93ca-2bc8b9398e1b,function_transfer_time,1779123963.1206658,0.000022188
experiment_name,10614005-b1a8-4731-93ca-2bc8b9398e1b,function_transfer_time,1779123963.2220292,0.000039642
experiment_name,10614005-b1a8-4731-93ca-2bc8b9398e1b,function_transfer_time,1779123963.3223152,0.000028475
experiment_name,10614005-b1a8-4731-93ca-2bc8b9398e1b,function_transfer_time,1779123963.4236653,0.000088075
experiment_name,10614005-b1a8-4731-93ca-2bc8b9398e1b,function_transfer_time,1779123963.5249238,0.000026034
experiment_name,10614005-b1a8-4731-93ca-2bc8b9398e1b,function_transfer_time,1779123963.6262677,0.000086134
experiment_name,10614005-b1a8-4731-93ca-2bc8b9398e1b,function_transfer_time,1779123963.727533,0.000027559
experiment_name,10614005-b1a8-4731-93ca-2bc8b9398e1b,function_transfer_time,1779123963.8288038,0.000020393
experiment_name,10614005-b1a8-4731-93ca-2bc8b9398e1b,function_transfer_time,1779123963.9300992,0.000080421
experiment_name,10614005-b1a8-4731-93ca-2bc8b9398e1b,function_transfer_time,1779123964.031409,0.000091833
experiment_name,10614005-b1a8-4731-93ca-2bc8b9398e1b,function_transfer_time,1779123964.1328282,0.000084463
experiment_name,10614005-b1a8-4731-93ca-2bc8b9398e1b,function_transfer_time,1779123964.2341187,0.000084571
experiment_name,10614005-b1a8-4731-93ca-2bc8b9398e1b,function_transfer_time,1779123964.335452,0.000087635
experiment_name,10614005-b1a8-4731-93ca-2bc8b9398e1b,function_transfer_time,1779123964.436779,0.000090698
experiment_name,10614005-b1a8-4731-93ca-2bc8b9398e1b,function_transfer_time,1779123964.5381021,0.000076192
experiment_name,b5e74caf-e0a3-47e9-8491-94b6c740d416,function_transfer_time,1779123959.6780713,0.000094608
experiment_name,b5e74caf-e0a3-47e9-8491-94b6c740d416,function_transfer_time,1779123959.7794702,0.000136129
experiment_name,b5e74caf-e0a3-47e9-8491-94b6c740d416,function_transfer_time,1779123959.8807578,0.000101409
experiment_name,b5e74caf-e0a3-47e9-8491-94b6c740d416,function_transfer_time,1779123959.9821038,0.00011471
experiment_name,b5e74caf-e0a3-47e9-8491-94b6c740d416,function_transfer_time,1779123960.0834386,0.00003768
experiment_name,b5e74caf-e0a3-47e9-8491-94b6c740d416,function_transfer_time,1779123960.1848187,0.000111538
experiment_name,b5e74caf-e0a3-47e9-8491-94b6c740d416,function_transfer_time,1779123960.286166,0.000121698
experiment_name,b5e74caf-e0a3-47e9-8491-94b6c740d416,function_transfer_time,1779123960.386488,0.000112675
experiment_name,b5e74caf-e0a3-47e9-8491-94b6c740d416,function_transfer_time,1779123960.487848,0.000119921
experiment_name,b5e74caf-e0a3-47e9-8491-94b6c740d416,function_transfer_time,1779123960.5891616,0.00011204
experiment_name,b5e74caf-e0a3-47e9-8491-94b6c740d416,function_transfer_time,1779123960.6895034,0.000119457
experiment_name,b5e74caf-e0a3-47e9-8491-94b6c740d416,function_transfer_time,1779123960.7908382,0.000114824
experiment_name,b5e74caf-e0a3-47e9-8491-94b6c740d416,function_transfer_time,1779123960.8921602,0.000111527
experiment_name,b5e74caf-e0a3-47e9-8491-94b6c740d416,function_transfer_time,1779123960.992544,0.000140904
experiment_name,b5e74caf-e0a3-47e9-8491-94b6c740d416,function_transfer_time,1779123961.0938365,0.000034082
experiment_name,b5e74caf-e0a3-47e9-8491-94b6c740d416,function_transfer_time,1779123961.1953351,0.000112329
experiment_name,b5e74caf-e0a3-47e9-8491-94b6c740d416,function_transfer_time,1779123961.2966352,0.00010298
experiment_name,b5e74caf-e0a3-47e9-8491-94b6c740d416,function_transfer_time,1779123961.3979573,0.000101804
experiment_name,b5e74caf-e0a3-47e9-8491-94b6c740d416,function_transfer_time,1779123961.4993117,0.000106902
experiment_name,b5e74caf-e0a3-47e9-8491-94b6c740d416,function_transfer_time,1779123961.6007667,0.000103406
experiment_name,b5e74caf-e0a3-47e9-8491-94b6c740d416,function_transfer_time,1779123961.7021163,0.000113167
experiment_name,b5e74caf-e0a3-47e9-8491-94b6c740d416,function_transfer_time,1779123961.8033679,0.000043508
experiment_name,b5e74caf-e0a3-47e9-8491-94b6c740d416,function_transfer_time,1779123961.904798,0.000132977
experiment_name,b5e74caf-e0a3-47e9-8491-94b6c740d416,function_transfer_time,1779123962.006091,0.000097479
experiment_name,b5e74caf-e0a3-47e9-8491-94b6c740d416,function_transfer_time,1779123962.1074202,0.000034579
experiment_name,b5e74caf-e0a3-47e9-8491-94b6c740d416,function_transfer_time,1779123962.208833,0.000125228
experiment_name,b5e74caf-e0a3-47e9-8491-94b6c740d416,function_transfer_time,1779123962.3103406,0.000135043
experiment_name,b5e74caf-e0a3-47e9-8491-94b6c740d416,function_transfer_time,1779123962.4115977,0.000109831
experiment_name,b5e74caf-e0a3-47e9-8491-94b6c740d416,function_transfer_time,1779123962.5129728,0.000160116
experiment_name,b5e74caf-e0a3-47e9-8491-94b6c740d416,function_transfer_time,1779123962.614293,0.000105899
experiment_name,b5e74caf-e0a3-47e9-8491-94b6c740d416,function_transfer_time,1779123962.7156765,0.000141474
experiment_name,b5e74caf-e0a3-47e9-8491-94b6c740d416,function_transfer_time,1779123962.8169537,0.00010357
experiment_name,b5e74caf-e0a3-47e9-8491-94b6c740d416,function_transfer_time,1779123962.918254,0.000113848
experiment_name,b5e74caf-e0a3-47e9-8491-94b6c740d416,function_transfer_time,1779123963.0195484,0.000085805
experiment_name,b5e74caf-e0a3-47e9-8491-94b6c740d416,function_transfer_time,1779123963.12084,0.000043793
experiment_name,b5e74caf-e0a3-47e9-8491-94b6c740d416,function_transfer_time,1779123963.222205,0.000123816
experiment_name,b5e74caf-e0a3-47e9-8491-94b6c740d416,function_transfer_time,1779123963.3224792,0.000097661
experiment_name,b5e74caf-e0a3-47e9-8491-94b6c740d416,function_transfer_time,1779123963.4238477,0.000111368
experiment_name,b5e74caf-e0a3-47e9-8491-94b6c740d416,function_transfer_time,1779123963.5250897,0.000106615
experiment_name,b5e74caf-e0a3-47e9-8491-94b6c740d416,function_transfer_time,1779123963.6264524,0.000120988
experiment_name,b5e74caf-e0a3-47e9-8491-94b6c740d416,function_transfer_time,1779123963.7277045,0.000110782
experiment_name,b5e74caf-e0a3-47e9-8491-94b6c740d416,function_transfer_time,1779123963.8289227,0.000077498
experiment_name,b5e74caf-e0a3-47e9-8491-94b6c740d416,function_transfer_time,1779123963.930247,0.000040047
experiment_name,b5e74caf-e0a3-47e9-8491-94b6c740d416,function_transfer_time,1779123964.0315943,0.000098281
experiment_name,b5e74caf-e0a3-47e9-8491-94b6c740d416,function_transfer_time,1779123964.132921,0.000034445
experiment_name,b5e74caf-e0a3-47e9-8491-94b6c740d416,function_transfer_time,1779123964.2342954,0.00012477
experiment_name,b5e74caf-e0a3-47e9-8491-94b6c740d416,function_transfer_time,1779123964.3355634,0.00005185
experiment_name,b5e74caf-e0a3-47e9-8491-94b6c740d416,function_transfer_time,1779123964.4369714,0.000137395
experiment_name,b5e74caf-e0a3-47e9-8491-94b6c740d416,function_transfer_time,1779123964.5382519,0.000048547
experiment_name,10614005-b1a8-4731-93ca-2bc8b9398e1b,function_execution_time,1779123964.6394103,0.000071506
experiment_name,10614005-b1a8-4731-93ca-2bc8b9398e1b,function_execution_time,1779123964.7409596,0.000083756
experiment_name,10614005-b1a8-4731-93ca-2bc8b9398e1b,function_execution_time,1779123964.8422258,0.000075053
experiment_name,10614005-b1a8-4731-93ca-2bc8b9398e1b,function_execution_time,1779123964.9435427,0.00007496
experiment_name,10614005-b1a8-4731-93ca-2bc8b9398e1b,function_execution_time,1779123965.0448148,0.000083483
experiment_name,10614005-b1a8-4731-93ca-2bc8b9398e1b,function_execution_time,1779123965.1461985,0.000166266
experiment_name,10614005-b1a8-4731-93ca-2bc8b9398e1b,function_execution_time,1779123965.2475257,0.000088045
experiment_name,10614005-b1a8-4731-93ca-2bc8b9398e1b,function_execution_time,1779123965.3488724,0.000072956
experiment_name,10614005-b1a8-4731-93ca-2bc8b9398e1b,function_execution_time,1779123965.4501932,0.000076857
experiment_name,10614005-b1a8-4731-93ca-2bc8b9398e1b,function_execution_time,1779123965.551572,0.000109767
experiment_name,10614005-b1a8-4731-93ca-2bc8b9398e1b,function_execution_time,1779123965.6528118,0.000086294
experiment_name,10614005-b1a8-4731-93ca-2bc8b9398e1b,function_execution_time,1779123965.7542126,0.000091107
experiment_name,10614005-b1a8-4731-93ca-2bc8b9398e1b,function_execution_time,1779123965.85542,0.000074719
experiment_name,10614005-b1a8-4731-93ca-2bc8b9398e1b,function_execution_time,1779123965.9569044,0.000073701
experiment_name,10614005-b1a8-4731-93ca-2bc8b9398e1b,function_execution_time,1779123966.0583143,0.000087227
experiment_name,10614005-b1a8-4731-93ca-2bc8b9398e1b,function_execution_time,1779123966.1596425,0.000152106
experiment_name,10614005-b1a8-4731-93ca-2bc8b9398e1b,function_execution_time,1779123966.2609403,0.000069648
experiment_name,10614005-b1a8-4731-93ca-2bc8b9398e1b,function_execution_time,1779123966.362224,0.000070858
experiment_name,10614005-b1a8-4731-93ca-2bc8b9398e1b,function_execution_time,1779123966.4635475,0.000086897
experiment_name,10614005-b1a8-4731-93ca-2bc8b9398e1b,function_execution_time,1779123966.5649002,0.000073028
experiment_name,10614005-b1a8-4731-93ca-2bc8b9398e1b,function_execution_time,1779123966.6662266,0.000077322
experiment_name,10614005-b1a8-4731-93ca-2bc8b9398e1b,function_execution_time,1779123966.7676618,0.000094963
experiment_name,10614005-b1a8-4731-93ca-2bc8b9398e1b,function_execution_time,1779123966.8688884,0.000069472
experiment_name,10614005-b1a8-4731-93ca-2bc8b9398e1b,function_execution_time,1779123966.9702084,0.000074284
experiment_name,10614005-b1a8-4731-93ca-2bc8b9398e1b,function_execution_time,1779123967.071542,0.000073188
experiment_name,10614005-b1a8-4731-93ca-2bc8b9398e1b,function_execution_time,1779123967.1729438,0.000173543
experiment_name,10614005-b1a8-4731-93ca-2bc8b9398e1b,function_execution_time,1779123967.2742887,0.000073321
experiment_name,10614005-b1a8-4731-93ca-2bc8b9398e1b,function_execution_time,1779123967.3756223,0.000071865
experiment_name,10614005-b1a8-4731-93ca-2bc8b9398e1b,function_execution_time,1779123967.4768858,0.000057523
experiment_name,10614005-b1a8-4731-93ca-2bc8b9398e1b,function_execution_time,1779123967.578183,0.000077054
experiment_name,10614005-b1a8-4731-93ca-2bc8b9398e1b,function_execution_time,1779123967.6795173,0.000087616
experiment_name,10614005-b1a8-4731-93ca-2bc8b9398e1b,function_execution_time,1779123967.7808769,0.000071474
experiment_name,10614005-b1a8-4731-93ca-2bc8b9398e1b,function_execution_time,1779123967.8822103,0.000072623
experiment_name,10614005-b1a8-4731-93ca-2bc8b9398e1b,function_execution_time,1779123967.9835675,0.000072952
experiment_name,10614005-b1a8-4731-93ca-2bc8b9398e1b,function_execution_time,1779123968.0849087,0.000083502
experiment_name,10614005-b1a8-4731-93ca-2bc8b9398e1b,function_execution_time,1779123968.186272,0.000154317
experiment_name,10614005-b1a8-4731-93ca-2bc8b9398e1b,function_execution_time,1779123968.2875943,0.000079115
experiment_name,10614005-b1a8-4731-93ca-2bc8b9398e1b,function_execution_time,1779123968.3889143,0.000090746
experiment_name,10614005-b1a8-4731-93ca-2bc8b9398e1b,function_execution_time,1779123968.4902673,0.000086862
experiment_name,10614005-b1a8-4731-93ca-2bc8b9398e1b,function_execution_time,1779123968.5915594,0.000099507
experiment_name,10614005-b1a8-4731-93ca-2bc8b9398e1b,function_execution_time,1779123968.6928978,0.000085511
experiment_name,10614005-b1a8-4731-93ca-2bc8b9398e1b,function_execution_time,1779123968.7941833,0.000084434
experiment_name,10614005-b1a8-4731-93ca-2bc8b9398e1b,function_execution_time,1779123968.89444,0.000075688
experiment_name,10614005-b1a8-4731-93ca-2bc8b9398e1b,function_execution_time,1779123968.995825,0.000070146
experiment_name,10614005-b1a8-4731-93ca-2bc8b9398e1b,function_execution_time,1779123969.0973105,0.000080244
experiment_name,10614005-b1a8-4731-93ca-2bc8b9398e1b,function_execution_time,1779123969.198722,0.000138962
experiment_name,10614005-b1a8-4731-93ca-2bc8b9398e1b,function_execution_time,1779123969.3000145,0.000070291
experiment_name,10614005-b1a8-4731-93ca-2bc8b9398e1b,function_execution_time,1779123969.4013681,0.00007018
experiment_name,10614005-b1a8-4731-93ca-2bc8b9398e1b,function_execution_time,1779123969.50283,0.00010326
experiment_name,10614005-b1a8-4731-93ca-2bc8b9398e1b,function_execution_time,1779123969.60412,0.000079382
experiment_name,b5e74caf-e0a3-47e9-8491-94b6c740d416,function_execution_time,1779123964.639557,0.00006414
experiment_name,b5e74caf-e0a3-47e9-8491-94b6c740d416,function_execution_time,1779123964.7409685,0.000073114
experiment_name,b5e74caf-e0a3-47e9-8491-94b6c740d416,function_execution_time,1779123964.8423865,0.000062608
experiment_name,b5e74caf-e0a3-47e9-8491-94b6c740d416,function_execution_time,1779123964.943633,0.000060741
experiment_name,b5e74caf-e0a3-47e9-8491-94b6c740d416,function_execution_time,1779123965.0449777,0.000056596
experiment_name,b5e74caf-e0a3-47e9-8491-94b6c740d416,function_execution_time,1779123965.146266,0.000058974
experiment_name,b5e74caf-e0a3-47e9-8491-94b6c740d416,function_execution_time,1779123965.247702,0.000068695
experiment_name,b5e74caf-e0a3-47e9-8491-94b6c740d416,function_execution_time,1779123965.3490171,0.000055671
experiment_name,b5e74caf-e0a3-47e9-8491-94b6c740d416,function_execution_time,1779123965.4503284,0.000057618
experiment_name,b5e74caf-e0a3-47e9-8491-94b6c740d416,function_execution_time,1779123965.5515752,0.000058572
experiment_name,b5e74caf-e0a3-47e9-8491-94b6c740d416,function_execution_time,1779123965.6529787,0.000066289
experiment_name,b5e74caf-e0a3-47e9-8491-94b6c740d416,function_execution_time,1779123965.7543266,0.000067494
experiment_name,b5e74caf-e0a3-47e9-8491-94b6c740d416,function_execution_time,1779123965.8555684,0.000057406
experiment_name,b5e74caf-e0a3-47e9-8491-94b6c740d416,function_execution_time,1779123965.957047,0.000058478
experiment_name,b5e74caf-e0a3-47e9-8491-94b6c740d416,function_execution_time,1779123966.0583944,0.000058078
experiment_name,b5e74caf-e0a3-47e9-8491-94b6c740d416,function_execution_time,1779123966.1597118,0.000066311
experiment_name,b5e74caf-e0a3-47e9-8491-94b6c740d416,function_execution_time,1779123966.2610826,0.00005585
experiment_name,b5e74caf-e0a3-47e9-8491-94b6c740d416,function_execution_time,1779123966.3623717,0.000055335
experiment_name,b5e74caf-e0a3-47e9-8491-94b6c740d416,function_execution_time,1779123966.4637098,0.000055827
experiment_name,b5e74caf-e0a3-47e9-8491-94b6c740d416,function_execution_time,1779123966.5650449,0.000055568
experiment_name,b5e74caf-e0a3-47e9-8491-94b6c740d416,function_execution_time,1779123966.6663673,0.000063461
experiment_name,b5e74caf-e0a3-47e9-8491-94b6c740d416,function_execution_time,1779123966.7677124,0.000060612
experiment_name,b5e74caf-e0a3-47e9-8491-94b6c740d416,function_execution_time,1779123966.8690324,0.000055862
experiment_name,b5e74caf-e0a3-47e9-8491-94b6c740d416,function_execution_time,1779123966.9703555,0.000055705
experiment_name,b5e74caf-e0a3-47e9-8491-94b6c740d416,function_execution_time,1779123967.0717022,0.000063807
experiment_name,b5e74caf-e0a3-47e9-8491-94b6c740d416,function_execution_time,1779123967.1730146,0.000057285
experiment_name,b5e74caf-e0a3-47e9-8491-94b6c740d416,function_execution_time,1779123967.2744465,0.000058223
experiment_name,b5e74caf-e0a3-47e9-8491-94b6c740d416,function_execution_time,1779123967.3757033,0.000054635
experiment_name,b5e74caf-e0a3-47e9-8491-94b6c740d416,function_execution_time,1779123967.4770582,0.000059315
experiment_name,b5e74caf-e0a3-47e9-8491-94b6c740d416,function_execution_time,1779123967.578334,0.000063631
experiment_name,b5e74caf-e0a3-47e9-8491-94b6c740d416,function_execution_time,1779123967.6796634,0.000056002
experiment_name,b5e74caf-e0a3-47e9-8491-94b6c740d416,function_execution_time,1779123967.781011,0.000056899
experiment_name,b5e74caf-e0a3-47e9-8491-94b6c740d416,function_execution_time,1779123967.8823495,0.000060057
experiment_name,b5e74caf-e0a3-47e9-8491-94b6c740d416,function_execution_time,1779123967.9837132,0.000066773
experiment_name,b5e74caf-e0a3-47e9-8491-94b6c740d416,function_execution_time,1779123968.0850532,0.000057676
experiment_name,b5e74caf-e0a3-47e9-8491-94b6c740d416,function_execution_time,1779123968.1863272,0.000058325
experiment_name,b5e74caf-e0a3-47e9-8491-94b6c740d416,function_execution_time,1779123968.2876656,0.000059422
experiment_name,b5e74caf-e0a3-47e9-8491-94b6c740d416,function_execution_time,1779123968.3889375,0.000067724
experiment_name,b5e74caf-e0a3-47e9-8491-94b6c740d416,function_execution_time,1779123968.4903355,0.00006999
experiment_name,b5e74caf-e0a3-47e9-8491-94b6c740d416,function_execution_time,1779123968.5916536,0.000055906
experiment_name,b5e74caf-e0a3-47e9-8491-94b6c740d416,function_execution_time,1779123968.692955,0.000063737
experiment_name,b5e74caf-e0a3-47e9-8491-94b6c740d416,function_execution_time,1779123968.7942514,0.000057986
experiment_name,b5e74caf-e0a3-47e9-8491-94b6c740d416,function_execution_time,1779123968.8945985,0.000065015
experiment_name,b5e74caf-e0a3-47e9-8491-94b6c740d416,function_execution_time,1779123968.995988,0.000056912
experiment_name,b5e74caf-e0a3-47e9-8491-94b6c740d416,function_execution_time,1779123969.0974696,0.000072797
experiment_name,b5e74caf-e0a3-47e9-8491-94b6c740d416,function_execution_time,1779123969.1987755,0.000055931
experiment_name,b5e74caf-e0a3-47e9-8491-94b6c740d416,function_execution_time,1779123969.3001788,0.00005641
experiment_name,b5e74caf-e0a3-47e9-8491-94b6c740d416,function_execution_time,1779123969.4015157,0.000055206
experiment_name,b5e74caf-e0a3-47e9-8491-94b6c740d416,function_execution_time,1779123969.5028327,0.000061737
experiment_name,b5e74caf-e0a3-47e9-8491-94b6c740d416,function_execution_time,1779123969.6042974,0.000081292
experiment_name,10614005-b1a8-4731-93ca-2bc8b9398e1b,function_transfer_time,1779123964.6393378,0.000017027
experiment_name,10614005-b1a8-4731-93ca-2bc8b9398e1b,function_transfer_time,1779123964.740798,0.000078305
experiment_name,10614005-b1a8-4731-93ca-2bc8b9398e1b,function_transfer_time,1779123964.8421474,0.000085833
experiment_name,10614005-b1a8-4731-93ca-2bc8b9398e1b,function_transfer_time,1779123964.943461,0.000086588
experiment_name,10614005-b1a8-4731-93ca-2bc8b9398e1b,function_transfer_time,1779123965.0447276,0.000023093
experiment_name,10614005-b1a8-4731-93ca-2bc8b9398e1b,function_transfer_time,1779123965.1460216,0.000080417
experiment_name,10614005-b1a8-4731-93ca-2bc8b9398e1b,function_transfer_time,1779123965.2474198,0.00008359
experiment_name,10614005-b1a8-4731-93ca-2bc8b9398e1b,function_transfer_time,1779123965.3487952,0.000082954
experiment_name,10614005-b1a8-4731-93ca-2bc8b9398e1b,function_transfer_time,1779123965.4501042,0.000081124
experiment_name,10614005-b1a8-4731-93ca-2bc8b9398e1b,function_transfer_time,1779123965.5514054,0.000032811
experiment_name,10614005-b1a8-4731-93ca-2bc8b9398e1b,function_transfer_time,1779123965.652724,0.000085143
experiment_name,10614005-b1a8-4731-93ca-2bc8b9398e1b,function_transfer_time,1779123965.7540581,0.000081499
experiment_name,10614005-b1a8-4731-93ca-2bc8b9398e1b,function_transfer_time,1779123965.855346,0.000021957
experiment_name,10614005-b1a8-4731-93ca-2bc8b9398e1b,function_transfer_time,1779123965.956817,0.000087504
experiment_name,10614005-b1a8-4731-93ca-2bc8b9398e1b,function_transfer_time,1779123966.0581603,0.000076163
experiment_name,10614005-b1a8-4731-93ca-2bc8b9398e1b,function_transfer_time,1779123966.1594791,0.000077589
experiment_name,10614005-b1a8-4731-93ca-2bc8b9398e1b,function_transfer_time,1779123966.2608607,0.000081697
experiment_name,10614005-b1a8-4731-93ca-2bc8b9398e1b,function_transfer_time,1779123966.3621476,0.000078126
experiment_name,10614005-b1a8-4731-93ca-2bc8b9398e1b,function_transfer_time,1779123966.463464,0.00007996
experiment_name,10614005-b1a8-4731-93ca-2bc8b9398e1b,function_transfer_time,1779123966.564825,0.000087183
experiment_name,10614005-b1a8-4731-93ca-2bc8b9398e1b,function_transfer_time,1779123966.6661532,0.000097378
experiment_name,10614005-b1a8-4731-93ca-2bc8b9398e1b,function_transfer_time,1779123966.7674913,0.00008459
experiment_name,10614005-b1a8-4731-93ca-2bc8b9398e1b,function_transfer_time,1779123966.868809,0.000080209
experiment_name,10614005-b1a8-4731-93ca-2bc8b9398e1b,function_transfer_time,1779123966.9701252,0.000074997
experiment_name,10614005-b1a8-4731-93ca-2bc8b9398e1b,function_transfer_time,1779123967.0714622,0.000077913
experiment_name,10614005-b1a8-4731-93ca-2bc8b9398e1b,function_transfer_time,1779123967.1727693,0.00007632
experiment_name,10614005-b1a8-4731-93ca-2bc8b9398e1b,function_transfer_time,1779123967.2742054,0.000087595
experiment_name,10614005-b1a8-4731-93ca-2bc8b9398e1b,function_transfer_time,1779123967.3755393,0.000096112
experiment_name,10614005-b1a8-4731-93ca-2bc8b9398e1b,function_transfer_time,1779123967.4768066,0.000028982
experiment_name,10614005-b1a8-4731-93ca-2bc8b9398e1b,function_transfer_time,1779123967.5781078,0.000086903
experiment_name,10614005-b1a8-4731-93ca-2bc8b9398e1b,function_transfer_time,1779123967.6794417,0.000095353
experiment_name,10614005-b1a8-4731-93ca-2bc8b9398e1b,function_transfer_time,1779123967.7807922,0.000089301
experiment_name,10614005-b1a8-4731-93ca-2bc8b9398e1b,function_transfer_time,1779123967.8821278,0.000097707
experiment_name,10614005-b1a8-4731-93ca-2bc8b9398e1b,function_transfer_time,1779123967.9834864,0.000102399
experiment_name,10614005-b1a8-4731-93ca-2bc8b9398e1b,function_transfer_time,1779123968.0848217,0.000099127
experiment_name,10614005-b1a8-4731-93ca-2bc8b9398e1b,function_transfer_time,1779123968.1861076,0.000030708
experiment_name,10614005-b1a8-4731-93ca-2bc8b9398e1b,function_transfer_time,1779123968.2874513,0.000032708
experiment_name,10614005-b1a8-4731-93ca-2bc8b9398e1b,function_transfer_time,1779123968.3887553,0.000088408
experiment_name,10614005-b1a8-4731-93ca-2bc8b9398e1b,function_transfer_time,1779123968.4901128,0.000087539
experiment_name,10614005-b1a8-4731-93ca-2bc8b9398e1b,function_transfer_time,1779123968.5914068,0.000077591
experiment_name,10614005-b1a8-4731-93ca-2bc8b9398e1b,function_transfer_time,1779123968.6927488,0.000087113
experiment_name,10614005-b1a8-4731-93ca-2bc8b9398e1b,function_transfer_time,1779123968.7940269,0.000081922
experiment_name,10614005-b1a8-4731-93ca-2bc8b9398e1b,function_transfer_time,1779123968.8943517,0.000083116
experiment_name,10614005-b1a8-4731-93ca-2bc8b9398e1b,function_transfer_time,1779123968.9958193,0.000087559
experiment_name,10614005-b1a8-4731-93ca-2bc8b9398e1b,function_transfer_time,1779123969.097223,0.000078392
experiment_name,10614005-b1a8-4731-93ca-2bc8b9398e1b,function_transfer_time,1779123969.1985655,0.000080064
experiment_name,10614005-b1a8-4731-93ca-2bc8b9398e1b,function_transfer_time,1779123969.2999213,0.000079724
experiment_name,10614005-b1a8-4731-93ca-2bc8b9398e1b,function_transfer_time,1779123969.4012856,0.000091896
experiment_name,10614005-b1a8-4731-93ca-2bc8b9398e1b,function_transfer_time,1779123969.5026484,0.000098264
experiment_name,10614005-b1a8-4731-93ca-2bc8b9398e1b,function_transfer_time,1779123969.6040335,0.000038481
experiment_name,b5e74caf-e0a3-47e9-8491-94b6c740d416,function_transfer_time,1779123964.639486,0.00010407
experiment_name,b5e74caf-e0a3-47e9-8491-94b6c740d416,function_transfer_time,1779123964.7409656,0.000042315
experiment_name,b5e74caf-e0a3-47e9-8491-94b6c740d416,function_transfer_time,1779123964.8423193,0.00011143
experiment_name,b5e74caf-e0a3-47e9-8491-94b6c740d416,function_transfer_time,1779123964.9436183,0.000053029
experiment_name,b5e74caf-e0a3-47e9-8491-94b6c740d416,function_transfer_time,1779123965.0449173,0.000130159
experiment_name,b5e74caf-e0a3-47e9-8491-94b6c740d416,function_transfer_time,1779123965.1462023,0.000039217
experiment_name,b5e74caf-e0a3-47e9-8491-94b6c740d416,function_transfer_time,1779123965.247633,0.000144931
experiment_name,b5e74caf-e0a3-47e9-8491-94b6c740d416,function_transfer_time,1779123965.3489518,0.000104405
experiment_name,b5e74caf-e0a3-47e9-8491-94b6c740d416,function_transfer_time,1779123965.4502735,0.000109431
experiment_name,b5e74caf-e0a3-47e9-8491-94b6c740d416,function_transfer_time,1779123965.5515642,0.000036625
experiment_name,b5e74caf-e0a3-47e9-8491-94b6c740d416,function_transfer_time,1779123965.6529088,0.000117272
experiment_name,b5e74caf-e0a3-47e9-8491-94b6c740d416,function_transfer_time,1779123965.7542458,0.000125168
experiment_name,b5e74caf-e0a3-47e9-8491-94b6c740d416,function_transfer_time,1779123965.855508,0.000101262
experiment_name,b5e74caf-e0a3-47e9-8491-94b6c740d416,function_transfer_time,1779123965.9569824,0.000112904
experiment_name,b5e74caf-e0a3-47e9-8491-94b6c740d416,function_transfer_time,1779123966.058318,0.000111221
experiment_name,b5e74caf-e0a3-47e9-8491-94b6c740d416,function_transfer_time,1779123966.159645,0.000047174
experiment_name,b5e74caf-e0a3-47e9-8491-94b6c740d416,function_transfer_time,1779123966.261017,0.000106052
experiment_name,b5e74caf-e0a3-47e9-8491-94b6c740d416,function_transfer_time,1779123966.3623116,0.000105786
experiment_name,b5e74caf-e0a3-47e9-8491-94b6c740d416,function_transfer_time,1779123966.4636536,0.000128002
experiment_name,b5e74caf-e0a3-47e9-8491-94b6c740d416,function_transfer_time,1779123966.5649872,0.000113404
experiment_name,b5e74caf-e0a3-47e9-8491-94b6c740d416,function_transfer_time,1779123966.6663072,0.000101699
experiment_name,b5e74caf-e0a3-47e9-8491-94b6c740d416,function_transfer_time,1779123966.7676663,0.000099721
experiment_name,b5e74caf-e0a3-47e9-8491-94b6c740d416,function_transfer_time,1779123966.8689659,0.000104375
experiment_name,b5e74caf-e0a3-47e9-8491-94b6c740d416,function_transfer_time,1779123966.9702978,0.000117236
experiment_name,b5e74caf-e0a3-47e9-8491-94b6c740d416,function_transfer_time,1779123967.0716355,0.000113339
experiment_name,b5e74caf-e0a3-47e9-8491-94b6c740d416,function_transfer_time,1779123967.1729467,0.000045537
experiment_name,b5e74caf-e0a3-47e9-8491-94b6c740d416,function_transfer_time,1779123967.27438,0.000121696
experiment_name,b5e74caf-e0a3-47e9-8491-94b6c740d416,function_transfer_time,1779123967.3757,0.000053521
experiment_name,b5e74caf-e0a3-47e9-8491-94b6c740d416,function_transfer_time,1779123967.476998,0.000148281
experiment_name,b5e74caf-e0a3-47e9-8491-94b6c740d416,function_transfer_time,1779123967.5782695,0.000111957
experiment_name,b5e74caf-e0a3-47e9-8491-94b6c740d416,function_transfer_time,1779123967.679604,0.000118228
experiment_name,b5e74caf-e0a3-47e9-8491-94b6c740d416,function_transfer_time,1779123967.7809587,0.00011076
experiment_name,b5e74caf-e0a3-47e9-8491-94b6c740d416,function_transfer_time,1779123967.8822975,0.00011106
experiment_name,b5e74caf-e0a3-47e9-8491-94b6c740d416,function_transfer_time,1779123967.9836555,0.00010907
experiment_name,b5e74caf-e0a3-47e9-8491-94b6c740d416,function_transfer_time,1779123968.085,0.000113929
experiment_name,b5e74caf-e0a3-47e9-8491-94b6c740d416,function_transfer_time,1779123968.1862686,0.000038749
experiment_name,b5e74caf-e0a3-47e9-8491-94b6c740d416,function_transfer_time,1779123968.2875988,0.000089482
experiment_name,b5e74caf-e0a3-47e9-8491-94b6c740d416,function_transfer_time,1779123968.3889177,0.000055298
experiment_name,b5e74caf-e0a3-47e9-8491-94b6c740d416,function_transfer_time,1779123968.4902713,0.000088644
experiment_name,b5e74caf-e0a3-47e9-8491-94b6c740d416,function_transfer_time,1779123968.5915926,0.000119825
experiment_name,b5e74caf-e0a3-47e9-8491-94b6c740d416,function_transfer_time,1779123968.6929011,0.000086695
experiment_name,b5e74caf-e0a3-47e9-8491-94b6c740d416,function_transfer_time,1779123968.7941873,0.000095083
experiment_name,b5e74caf-e0a3-47e9-8491-94b6c740d416,function_transfer_time,1779123968.8945334,0.000125365
experiment_name,b5e74caf-e0a3-47e9-8491-94b6c740d416,function_transfer_time,1779123968.99593,0.000133855
experiment_name,b5e74caf-e0a3-47e9-8491-94b6c740d416,function_transfer_time,1779123969.0974011,0.000122234
experiment_name,b5e74caf-e0a3-47e9-8491-94b6c740d416,function_transfer_time,1779123969.198717,0.000033254
experiment_name,b5e74caf-e0a3-47e9-8491-94b6c740d416,function_transfer_time,1779123969.3001208,0.000144383
experiment_name,b5e74caf-e0a3-47e9-8491-94b6c740d416,function_transfer_time,1779123969.4014595,0.000128592
experiment_name,b5e74caf-e0a3-47e9-8491-94b6c740d416,function_transfer_time,1779123969.5028322,0.00005048
experiment_name,b5e74caf-e0a3-47e9-8491-94b6c740d416,function_transfer_time,1779123969.6042132,0.000118135
experiment_name,b5e74caf-e0a3-47e9-8491-94b6c740d416,function_execution_time,1779123969.7053277,0.000070892
experiment_name,b5e74caf-e0a3-47e9-8491-94b6c740d416,function_execution_time,1779123969.8065445,0.000064636
experiment_name,b5e74caf-e0a3-47e9-8491-94b6c740d416,function_execution_time,1779123969.90796,0.000059561
experiment_name,b5e74caf-e0a3-47e9-8491-94b6c740d416,function_execution_time,1779123970.009292,0.000068188
experiment_name,b5e74caf-e0a3-47e9-8491-94b6c740d416,function_execution_time,1779123970.1095884,0.000059193
experiment_name,b5e74caf-e0a3-47e9-8491-94b6c740d416,function_execution_time,1779123970.210936,0.000058461
experiment_name,b5e74caf-e0a3-47e9-8491-94b6c740d416,function_execution_time,1779123970.3123033,0.000059315
experiment_name,b5e74caf-e0a3-47e9-8491-94b6c740d416,function_execution_time,1779123970.413658,0.000058624
experiment_name,b5e74caf-e0a3-47e9-8491-94b6c740d416,function_execution_time,1779123970.5148911,0.000064873
experiment_name,b5e74caf-e0a3-47e9-8491-94b6c740d416,function_execution_time,1779123970.6162987,0.000056426
experiment_name,b5e74caf-e0a3-47e9-8491-94b6c740d416,function_execution_time,1779123970.7176507,0.000057471
experiment_name,b5e74caf-e0a3-47e9-8491-94b6c740d416,function_execution_time,1779123970.8189774,0.000057388
experiment_name,b5e74caf-e0a3-47e9-8491-94b6c740d416,function_execution_time,1779123970.9202607,0.000065059
experiment_name,b5e74caf-e0a3-47e9-8491-94b6c740d416,function_execution_time,1779123971.0205662,0.000055128
experiment_name,b5e74caf-e0a3-47e9-8491-94b6c740d416,function_execution_time,1779123971.1218586,0.000056555
experiment_name,b5e74caf-e0a3-47e9-8491-94b6c740d416,function_execution_time,1779123971.2231326,0.000053792
experiment_name,b5e74caf-e0a3-47e9-8491-94b6c740d416,function_execution_time,1779123971.3245041,0.000070459
experiment_name,b5e74caf-e0a3-47e9-8491-94b6c740d416,function_execution_time,1779123971.4258196,0.000059834
experiment_name,b5e74caf-e0a3-47e9-8491-94b6c740d416,function_execution_time,1779123971.5270889,0.000056443
experiment_name,b5e74caf-e0a3-47e9-8491-94b6c740d416,function_execution_time,1779123971.6284263,0.000059789
experiment_name,b5e74caf-e0a3-47e9-8491-94b6c740d416,function_execution_time,1779123971.729756,0.000060361
experiment_name,b5e74caf-e0a3-47e9-8491-94b6c740d416,function_execution_time,1779123971.8310385,0.000063448
experiment_name,b5e74caf-e0a3-47e9-8491-94b6c740d416,function_execution_time,1779123971.932388,0.000069064
experiment_name,b5e74caf-e0a3-47e9-8491-94b6c740d416,function_execution_time,1779123972.0337176,0.000066567
experiment_name,b5e74caf-e0a3-47e9-8491-94b6c740d416,function_execution_time,1779123972.1350553,0.000065046
experiment_name,b5e74caf-e0a3-47e9-8491-94b6c740d416,function_execution_time,1779123972.2364056,0.000066209
experiment_name,b5e74caf-e0a3-47e9-8491-94b6c740d416,function_execution_time,1779123972.33771,0.00006265
experiment_name,b5e74caf-e0a3-47e9-8491-94b6c740d416,function_execution_time,1779123972.4390423,0.000058344
experiment_name,b5e74caf-e0a3-47e9-8491-94b6c740d416,function_execution_time,1779123972.540381,0.000058694
experiment_name,b5e74caf-e0a3-47e9-8491-94b6c740d416,function_execution_time,1779123972.6417909,0.000056283
experiment_name,b5e74caf-e0a3-47e9-8491-94b6c740d416,function_execution_time,1779123972.7430494,0.000071457
experiment_name,b5e74caf-e0a3-47e9-8491-94b6c740d416,function_execution_time,1779123972.8444529,0.000055685
experiment_name,b5e74caf-e0a3-47e9-8491-94b6c740d416,function_execution_time,1779123972.945691,0.000062985
experiment_name,b5e74caf-e0a3-47e9-8491-94b6c740d416,function_execution_time,1779123973.0471072,0.000045642
experiment_name,b5e74caf-e0a3-47e9-8491-94b6c740d416,function_execution_time,1779123973.1475534,0.000066503
experiment_name,b5e74caf-e0a3-47e9-8491-94b6c740d416,function_execution_time,1779123973.248879,0.000067479
experiment_name,b5e74caf-e0a3-47e9-8491-94b6c740d416,function_execution_time,1779123973.350301,0.000061955
experiment_name,b5e74caf-e0a3-47e9-8491-94b6c740d416,function_execution_time,1779123973.450612,0.000059272
experiment_name,b5e74caf-e0a3-47e9-8491-94b6c740d416,function_execution_time,1779123973.5519094,0.000057585
experiment_name,b5e74caf-e0a3-47e9-8491-94b6c740d416,function_execution_time,1779123973.6532433,0.000066486
experiment_name,b5e74caf-e0a3-47e9-8491-94b6c740d416,function_execution_time,1779123973.7535548,0.000055267
experiment_name,b5e74caf-e0a3-47e9-8491-94b6c740d416,function_execution_time,1779123973.8549056,0.000056295
experiment_name,b5e74caf-e0a3-47e9-8491-94b6c740d416,function_execution_time,1779123973.9562116,0.000056186
experiment_name,b5e74caf-e0a3-47e9-8491-94b6c740d416,function_execution_time,1779123974.056566,0.000063213
experiment_name,b5e74caf-e0a3-47e9-8491-94b6c740d416,function_execution_time,1779123974.157883,0.000059323
experiment_name,b5e74caf-e0a3-47e9-8491-94b6c740d416,function_execution_time,1779123974.2592041,0.000055681
experiment_name,b5e74caf-e0a3-47e9-8491-94b6c740d416,function_execution_time,1779123974.3596015,0.000058297
experiment_name,b5e74caf-e0a3-47e9-8491-94b6c740d416,function_execution_time,1779123974.4609442,0.00006105
experiment_name,b5e74caf-e0a3-47e9-8491-94b6c740d416,function_execution_time,1779123974.5622947,0.00007342
experiment_name,10614005-b1a8-4731-93ca-2bc8b9398e1b,function_execution_time,1779123969.7052147,0.000092494
experiment_name,10614005-b1a8-4731-93ca-2bc8b9398e1b,function_execution_time,1779123969.8065424,0.000108018
experiment_name,10614005-b1a8-4731-93ca-2bc8b9398e1b,function_execution_time,1779123969.9077923,0.000073927
experiment_name,10614005-b1a8-4731-93ca-2bc8b9398e1b,function_execution_time,1779123970.0091128,0.000079676
experiment_name,10614005-b1a8-4731-93ca-2bc8b9398e1b,function_execution_time,1779123970.109441,0.000076421
experiment_name,10614005-b1a8-4731-93ca-2bc8b9398e1b,function_execution_time,1779123970.2108786,0.000168668
experiment_name,10614005-b1a8-4731-93ca-2bc8b9398e1b,function_execution_time,1779123970.312224,0.000081361
experiment_name,10614005-b1a8-4731-93ca-2bc8b9398e1b,function_execution_time,1779123970.4135613,0.00009917
experiment_name,10614005-b1a8-4731-93ca-2bc8b9398e1b,function_execution_time,1779123970.5148325,0.000097463
experiment_name,10614005-b1a8-4731-93ca-2bc8b9398e1b,function_execution_time,1779123970.616148,0.000069953
experiment_name,10614005-b1a8-4731-93ca-2bc8b9398e1b,function_execution_time,1779123970.717583,0.00009962
experiment_name,10614005-b1a8-4731-93ca-2bc8b9398e1b,function_execution_time,1779123970.8188229,0.000083347
experiment_name,10614005-b1a8-4731-93ca-2bc8b9398e1b,function_execution_time,1779123970.9201076,0.000070843
experiment_name,10614005-b1a8-4731-93ca-2bc8b9398e1b,function_execution_time,1779123971.0204172,0.000071595
experiment_name,10614005-b1a8-4731-93ca-2bc8b9398e1b,function_execution_time,1779123971.1217003,0.000068927
experiment_name,10614005-b1a8-4731-93ca-2bc8b9398e1b,function_execution_time,1779123971.223078,0.000135079
experiment_name,10614005-b1a8-4731-93ca-2bc8b9398e1b,function_execution_time,1779123971.324328,0.000068173
experiment_name,10614005-b1a8-4731-93ca-2bc8b9398e1b,function_execution_time,1779123971.4256573,0.000068974
experiment_name,10614005-b1a8-4731-93ca-2bc8b9398e1b,function_execution_time,1779123971.5269232,0.000080141
experiment_name,10614005-b1a8-4731-93ca-2bc8b9398e1b,function_execution_time,1779123971.6282814,0.000070695
experiment_name,10614005-b1a8-4731-93ca-2bc8b9398e1b,function_execution_time,1779123971.7296083,0.00007345
experiment_name,10614005-b1a8-4731-93ca-2bc8b9398e1b,function_execution_time,1779123971.8309445,0.000070034
experiment_name,10614005-b1a8-4731-93ca-2bc8b9398e1b,function_execution_time,1779123971.9322927,0.000081935
experiment_name,10614005-b1a8-4731-93ca-2bc8b9398e1b,function_execution_time,1779123972.0336182,0.000071398
experiment_name,10614005-b1a8-4731-93ca-2bc8b9398e1b,function_execution_time,1779123972.1349623,0.000074143
experiment_name,10614005-b1a8-4731-93ca-2bc8b9398e1b,function_execution_time,1779123972.2363417,0.00015132
experiment_name,10614005-b1a8-4731-93ca-2bc8b9398e1b,function_execution_time,1779123972.3376951,0.000085074
experiment_name,10614005-b1a8-4731-93ca-2bc8b9398e1b,function_execution_time,1779123972.4389486,0.000073178
experiment_name,10614005-b1a8-4731-93ca-2bc8b9398e1b,function_execution_time,1779123972.5402932,0.000077836
experiment_name,10614005-b1a8-4731-93ca-2bc8b9398e1b,function_execution_time,1779123972.641637,0.000081127
experiment_name,10614005-b1a8-4731-93ca-2bc8b9398e1b,function_execution_time,1779123972.7429502,0.000074149
experiment_name,10614005-b1a8-4731-93ca-2bc8b9398e1b,function_execution_time,1779123972.8442879,0.000070971
experiment_name,10614005-b1a8-4731-93ca-2bc8b9398e1b,function_execution_time,1779123972.9456859,0.000091953
experiment_name,10614005-b1a8-4731-93ca-2bc8b9398e1b,function_execution_time,1779123973.047032,0.000072764
experiment_name,10614005-b1a8-4731-93ca-2bc8b9398e1b,function_execution_time,1779123973.1474557,0.000088941
experiment_name,10614005-b1a8-4731-93ca-2bc8b9398e1b,function_execution_time,1779123973.248808,0.000171948
experiment_name,10614005-b1a8-4731-93ca-2bc8b9398e1b,function_execution_time,1779123973.3501306,0.000075302
experiment_name,10614005-b1a8-4731-93ca-2bc8b9398e1b,function_execution_time,1779123973.450508,0.000099235
experiment_name,10614005-b1a8-4731-93ca-2bc8b9398e1b,function_execution_time,1779123973.551844,0.000086194
experiment_name,10614005-b1a8-4731-93ca-2bc8b9398e1b,function_execution_time,1779123973.6530855,0.000072365
experiment_name,10614005-b1a8-4731-93ca-2bc8b9398e1b,function_execution_time,1779123973.7534063,0.000070695
experiment_name,10614005-b1a8-4731-93ca-2bc8b9398e1b,function_execution_time,1779123973.8548112,0.000088692
experiment_name,10614005-b1a8-4731-93ca-2bc8b9398e1b,function_execution_time,1779123973.9560595,0.000069854
experiment_name,10614005-b1a8-4731-93ca-2bc8b9398e1b,function_execution_time,1779123974.056403,0.000073402
experiment_name,10614005-b1a8-4731-93ca-2bc8b9398e1b,function_execution_time,1779123974.1577187,0.000071243
experiment_name,10614005-b1a8-4731-93ca-2bc8b9398e1b,function_execution_time,1779123974.2591407,0.000155335
experiment_name,10614005-b1a8-4731-93ca-2bc8b9398e1b,function_execution_time,1779123974.3594644,0.000087748
experiment_name,10614005-b1a8-4731-93ca-2bc8b9398e1b,function_execution_time,1779123974.460796,0.000072897
experiment_name,10614005-b1a8-4731-93ca-2bc8b9398e1b,function_execution_time,1779123974.5621362,0.000083797
experiment_name,b5e74caf-e0a3-47e9-8491-94b6c740d416,function_transfer_time,1779123969.7052436,0.000126928
experiment_name,b5e74caf-e0a3-47e9-8491-94b6c740d416,function_transfer_time,1779123969.8065343,0.000056752
experiment_name,b5e74caf-e0a3-47e9-8491-94b6c740d416,function_transfer_time,1779123969.9078968,0.000122417
experiment_name,b5e74caf-e0a3-47e9-8491-94b6c740d416,function_transfer_time,1779123970.0092216,0.000134154
experiment_name,b5e74caf-e0a3-47e9-8491-94b6c740d416,function_transfer_time,1779123970.1095185,0.000113827
experiment_name,b5e74caf-e0a3-47e9-8491-94b6c740d416,function_transfer_time,1779123970.2108748,0.000040074
experiment_name,b5e74caf-e0a3-47e9-8491-94b6c740d416,function_transfer_time,1779123970.312228,0.000092328
experiment_name,b5e74caf-e0a3-47e9-8491-94b6c740d416,function_transfer_time,1779123970.413589,0.00011166
experiment_name,b5e74caf-e0a3-47e9-8491-94b6c740d416,function_transfer_time,1779123970.5148284,0.000028904
experiment_name,b5e74caf-e0a3-47e9-8491-94b6c740d416,function_transfer_time,1779123970.616238,0.00011486
experiment_name,b5e74caf-e0a3-47e9-8491-94b6c740d416,function_transfer_time,1779123970.7175858,0.000111329
experiment_name,b5e74caf-e0a3-47e9-8491-94b6c740d416,function_transfer_time,1779123970.818915,0.000114396
experiment_name,b5e74caf-e0a3-47e9-8491-94b6c740d416,function_transfer_time,1779123970.920195,0.000118156
experiment_name,b5e74caf-e0a3-47e9-8491-94b6c740d416,function_transfer_time,1779123971.0205076,0.000113171
experiment_name,b5e74caf-e0a3-47e9-8491-94b6c740d416,function_transfer_time,1779123971.1218014,0.000131311
experiment_name,b5e74caf-e0a3-47e9-8491-94b6c740d416,function_transfer_time,1779123971.2230747,0.000027301
experiment_name,b5e74caf-e0a3-47e9-8491-94b6c740d416,function_transfer_time,1779123971.3244388,0.000145756
experiment_name,b5e74caf-e0a3-47e9-8491-94b6c740d416,function_transfer_time,1779123971.425758,0.000114918
experiment_name,b5e74caf-e0a3-47e9-8491-94b6c740d416,function_transfer_time,1779123971.527031,0.00013461
experiment_name,b5e74caf-e0a3-47e9-8491-94b6c740d416,function_transfer_time,1779123971.628378,0.000121678
experiment_name,b5e74caf-e0a3-47e9-8491-94b6c740d416,function_transfer_time,1779123971.7297065,0.000122413
experiment_name,b5e74caf-e0a3-47e9-8491-94b6c740d416,function_transfer_time,1779123971.8309717,0.000050345
experiment_name,b5e74caf-e0a3-47e9-8491-94b6c740d416,function_transfer_time,1779123971.9323688,0.000047705
experiment_name,b5e74caf-e0a3-47e9-8491-94b6c740d416,function_transfer_time,1779123972.033692,0.000054882
experiment_name,b5e74caf-e0a3-47e9-8491-94b6c740d416,function_transfer_time,1779123972.1350327,0.000053037
experiment_name,b5e74caf-e0a3-47e9-8491-94b6c740d416,function_transfer_time,1779123972.2363374,0.000031673
experiment_name,b5e74caf-e0a3-47e9-8491-94b6c740d416,function_transfer_time,1779123972.337691,0.000039135
experiment_name,b5e74caf-e0a3-47e9-8491-94b6c740d416,function_transfer_time,1779123972.43898,0.000062236
experiment_name,b5e74caf-e0a3-47e9-8491-94b6c740d416,function_transfer_time,1779123972.5403209,0.000058762
experiment_name,b5e74caf-e0a3-47e9-8491-94b6c740d416,function_transfer_time,1779123972.6417286,0.000105693
experiment_name,b5e74caf-e0a3-47e9-8491-94b6c740d416,function_transfer_time,1779123972.7430212,0.000053968
experiment_name,b5e74caf-e0a3-47e9-8491-94b6c740d416,function_transfer_time,1779123972.8443792,0.000114295
experiment_name,b5e74caf-e0a3-47e9-8491-94b6c740d416,function_transfer_time,1779123972.9456737,0.000040649
experiment_name,b5e74caf-e0a3-47e9-8491-94b6c740d416,function_transfer_time,1779123973.04706,0.000065688
experiment_name,b5e74caf-e0a3-47e9-8491-94b6c740d416,function_transfer_time,1779123973.1474805,0.000121079
experiment_name,b5e74caf-e0a3-47e9-8491-94b6c740d416,function_transfer_time,1779123973.2488115,0.000044059
experiment_name,b5e74caf-e0a3-47e9-8491-94b6c740d416,function_transfer_time,1779123973.350238,0.000121163
experiment_name,b5e74caf-e0a3-47e9-8491-94b6c740d416,function_transfer_time,1779123973.4505382,0.000122091
experiment_name,b5e74caf-e0a3-47e9-8491-94b6c740d416,function_transfer_time,1779123973.5518484,0.000087855
experiment_name,b5e74caf-e0a3-47e9-8491-94b6c740d416,function_transfer_time,1779123973.653175,0.000123468
experiment_name,b5e74caf-e0a3-47e9-8491-94b6c740d416,function_transfer_time,1779123973.7534966,0.000113625
experiment_name,b5e74caf-e0a3-47e9-8491-94b6c740d416,function_transfer_time,1779123973.854837,0.00012264
experiment_name,b5e74caf-e0a3-47e9-8491-94b6c740d416,function_transfer_time,1779123973.9561439,0.000113998
experiment_name,b5e74caf-e0a3-47e9-8491-94b6c740d416,function_transfer_time,1779123974.0565014,0.000125441
experiment_name,b5e74caf-e0a3-47e9-8491-94b6c740d416,function_transfer_time,1779123974.1578197,0.000124045
experiment_name,b5e74caf-e0a3-47e9-8491-94b6c740d416,function_transfer_time,1779123974.259143,0.000043113
experiment_name,b5e74caf-e0a3-47e9-8491-94b6c740d416,function_transfer_time,1779123974.3595524,0.000114021
experiment_name,b5e74caf-e0a3-47e9-8491-94b6c740d416,function_transfer_time,1779123974.460892,0.00012229
experiment_name,b5e74caf-e0a3-47e9-8491-94b6c740d416,function_transfer_time,1779123974.562225,0.000112965
experiment_name,10614005-b1a8-4731-93ca-2bc8b9398e1b,function_transfer_time,1779123969.7050593,0.000091355
experiment_name,10614005-b1a8-4731-93ca-2bc8b9398e1b,function_transfer_time,1779123969.8063667,0.000075113
experiment_name,10614005-b1a8-4731-93ca-2bc8b9398e1b,function_transfer_time,1779123969.9077132,0.000082528
experiment_name,10614005-b1a8-4731-93ca-2bc8b9398e1b,function_transfer_time,1779123970.00903,0.000080366
experiment_name,10614005-b1a8-4731-93ca-2bc8b9398e1b,function_transfer_time,1779123970.1093514,0.000077261
experiment_name,10614005-b1a8-4731-93ca-2bc8b9398e1b,function_transfer_time,1779123970.2106986,0.000080786
experiment_name,10614005-b1a8-4731-93ca-2bc8b9398e1b,function_transfer_time,1779123970.312087,0.000084441
experiment_name,10614005-b1a8-4731-93ca-2bc8b9398e1b,function_transfer_time,1779123970.4134138,0.000085232
experiment_name,10614005-b1a8-4731-93ca-2bc8b9398e1b,function_transfer_time,1779123970.5147338,0.00008598
experiment_name,10614005-b1a8-4731-93ca-2bc8b9398e1b,function_transfer_time,1779123970.6160634,0.000080876
experiment_name,10614005-b1a8-4731-93ca-2bc8b9398e1b,function_transfer_time,1779123970.717413,0.000081026
experiment_name,10614005-b1a8-4731-93ca-2bc8b9398e1b,function_transfer_time,1779123970.8187382,0.000084951
experiment_name,10614005-b1a8-4731-93ca-2bc8b9398e1b,function_transfer_time,1779123970.9200222,0.000023207
experiment_name,10614005-b1a8-4731-93ca-2bc8b9398e1b,function_transfer_time,1779123971.0203335,0.000078447
experiment_name,10614005-b1a8-4731-93ca-2bc8b9398e1b,function_transfer_time,1779123971.1216147,0.000022104
experiment_name,10614005-b1a8-4731-93ca-2bc8b9398e1b,function_transfer_time,1779123971.2229345,0.00008164
experiment_name,10614005-b1a8-4731-93ca-2bc8b9398e1b,function_transfer_time,1779123971.324233,0.000022121
experiment_name,10614005-b1a8-4731-93ca-2bc8b9398e1b,function_transfer_time,1779123971.425577,0.000067625
experiment_name,10614005-b1a8-4731-93ca-2bc8b9398e1b,function_transfer_time,1779123971.5268435,0.000034532
experiment_name,10614005-b1a8-4731-93ca-2bc8b9398e1b,function_transfer_time,1779123971.6281943,0.000085107
experiment_name,10614005-b1a8-4731-93ca-2bc8b9398e1b,function_transfer_time,1779123971.729522,0.000087033
experiment_name,10614005-b1a8-4731-93ca-2bc8b9398e1b,function_transfer_time,1779123971.830861,0.000084394
experiment_name,10614005-b1a8-4731-93ca-2bc8b9398e1b,function_transfer_time,1779123971.9322083,0.000078286
experiment_name,10614005-b1a8-4731-93ca-2bc8b9398e1b,function_transfer_time,1779123972.0335343,0.000074601
experiment_name,10614005-b1a8-4731-93ca-2bc8b9398e1b,function_transfer_time,1779123972.1348817,0.000077728
experiment_name,10614005-b1a8-4731-93ca-2bc8b9398e1b,function_transfer_time,1779123972.236185,0.000077717
experiment_name,10614005-b1a8-4731-93ca-2bc8b9398e1b,function_transfer_time,1779123972.3375542,0.000076921
experiment_name,10614005-b1a8-4731-93ca-2bc8b9398e1b,function_transfer_time,1779123972.4388564,0.000082579
experiment_name,10614005-b1a8-4731-93ca-2bc8b9398e1b,function_transfer_time,1779123972.540206,0.000089963
experiment_name,10614005-b1a8-4731-93ca-2bc8b9398e1b,function_transfer_time,1779123972.6415524,0.000077485
experiment_name,10614005-b1a8-4731-93ca-2bc8b9398e1b,function_transfer_time,1779123972.7428684,0.000074745
experiment_name,10614005-b1a8-4731-93ca-2bc8b9398e1b,function_transfer_time,1779123972.844205,0.000076723
experiment_name,10614005-b1a8-4731-93ca-2bc8b9398e1b,function_transfer_time,1779123972.9455345,0.000095861
experiment_name,10614005-b1a8-4731-93ca-2bc8b9398e1b,function_transfer_time,1779123973.0469315,0.00008537
experiment_name,10614005-b1a8-4731-93ca-2bc8b9398e1b,function_transfer_time,1779123973.147306,0.000079111
experiment_name,10614005-b1a8-4731-93ca-2bc8b9398e1b,function_transfer_time,1779123973.2486296,0.00009281
experiment_name,10614005-b1a8-4731-93ca-2bc8b9398e1b,function_transfer_time,1779123973.3500495,0.000080531
experiment_name,10614005-b1a8-4731-93ca-2bc8b9398e1b,function_transfer_time,1779123973.450363,0.000076431
experiment_name,10614005-b1a8-4731-93ca-2bc8b9398e1b,function_transfer_time,1779123973.551694,0.000077891
experiment_name,10614005-b1a8-4731-93ca-2bc8b9398e1b,function_transfer_time,1779123973.6529942,0.000078438
experiment_name,10614005-b1a8-4731-93ca-2bc8b9398e1b,function_transfer_time,1779123973.7533233,0.000080752
experiment_name,10614005-b1a8-4731-93ca-2bc8b9398e1b,function_transfer_time,1779123973.8546627,0.000081129
experiment_name,10614005-b1a8-4731-93ca-2bc8b9398e1b,function_transfer_time,1779123973.955977,0.000081651
experiment_name,10614005-b1a8-4731-93ca-2bc8b9398e1b,function_transfer_time,1779123974.0563202,0.000082791
experiment_name,10614005-b1a8-4731-93ca-2bc8b9398e1b,function_transfer_time,1779123974.157636,0.00008048
experiment_name,10614005-b1a8-4731-93ca-2bc8b9398e1b,function_transfer_time,1779123974.2589815,0.000083182
experiment_name,10614005-b1a8-4731-93ca-2bc8b9398e1b,function_transfer_time,1779123974.3593798,0.000095804
experiment_name,10614005-b1a8-4731-93ca-2bc8b9398e1b,function_transfer_time,1779123974.4607096,0.00008259
experiment_name,10614005-b1a8-4731-93ca-2bc8b9398e1b,function_transfer_time,1779123974.562054,0.000083036
experiment_name,b5e74caf-e0a3-47e9-8491-94b6c740d416,function_execution_time,1779123974.6641154,0.000058838
experiment_name,b5e74caf-e0a3-47e9-8491-94b6c740d416,function_execution_time,1779123974.76549,0.000075219
experiment_name,b5e74caf-e0a3-47e9-8491-94b6c740d416,function_execution_time,1779123974.8668268,0.000062471
experiment_name,b5e74caf-e0a3-47e9-8491-94b6c740d416,function_execution_time,1779123974.9681342,0.000069093
experiment_name,b5e74caf-e0a3-47e9-8491-94b6c740d416,function_execution_time,1779123975.069409,0.000064603
experiment_name,b5e74caf-e0a3-47e9-8491-94b6c740d416,function_execution_time,1779123975.1707983,0.000056553
experiment_name,b5e74caf-e0a3-47e9-8491-94b6c740d416,function_execution_time,1779123975.2723086,0.000060617
experiment_name,b5e74caf-e0a3-47e9-8491-94b6c740d416,function_execution_time,1779123975.3737893,0.00006034
experiment_name,b5e74caf-e0a3-47e9-8491-94b6c740d416,function_execution_time,1779123975.475106,0.0000631
experiment_name,b5e74caf-e0a3-47e9-8491-94b6c740d416,function_execution_time,1779123975.576315,0.000055513
experiment_name,b5e74caf-e0a3-47e9-8491-94b6c740d416,function_execution_time,1779123975.6777794,0.000066912
experiment_name,b5e74caf-e0a3-47e9-8491-94b6c740d416,function_execution_time,1779123975.7790391,0.000065588
experiment_name,b5e74caf-e0a3-47e9-8491-94b6c740d416,function_execution_time,1779123975.8803458,0.000061156
experiment_name,b5e74caf-e0a3-47e9-8491-94b6c740d416,function_execution_time,1779123975.9816906,0.000068936
experiment_name,b5e74caf-e0a3-47e9-8491-94b6c740d416,function_execution_time,1779123976.0829973,0.000061072
experiment_name,b5e74caf-e0a3-47e9-8491-94b6c740d416,function_execution_time,1779123976.1843867,0.000058775
experiment_name,b5e74caf-e0a3-47e9-8491-94b6c740d416,function_execution_time,1779123976.2856739,0.000055446
experiment_name,b5e74caf-e0a3-47e9-8491-94b6c740d416,function_execution_time,1779123976.3870697,0.000061385
experiment_name,b5e74caf-e0a3-47e9-8491-94b6c740d416,function_execution_time,1779123976.4883928,0.000055964
experiment_name,b5e74caf-e0a3-47e9-8491-94b6c740d416,function_execution_time,1779123976.5896971,0.000055285
experiment_name,b5e74caf-e0a3-47e9-8491-94b6c740d416,function_execution_time,1779123976.6910179,0.000056558
experiment_name,b5e74caf-e0a3-47e9-8491-94b6c740d416,function_execution_time,1779123976.7923594,0.000063144
experiment_name,b5e74caf-e0a3-47e9-8491-94b6c740d416,function_execution_time,1779123976.8936634,0.000057897
experiment_name,b5e74caf-e0a3-47e9-8491-94b6c740d416,function_execution_time,1779123976.9950182,0.000059789
experiment_name,b5e74caf-e0a3-47e9-8491-94b6c740d416,function_execution_time,1779123977.0963151,0.000058722
experiment_name,b5e74caf-e0a3-47e9-8491-94b6c740d416,function_execution_time,1779123977.1978753,0.000059155
experiment_name,b5e74caf-e0a3-47e9-8491-94b6c740d416,function_execution_time,1779123977.2991703,0.000064851
experiment_name,b5e74caf-e0a3-47e9-8491-94b6c740d416,function_execution_time,1779123977.3995945,0.000058696
experiment_name,b5e74caf-e0a3-47e9-8491-94b6c740d416,function_execution_time,1779123977.5009294,0.000058398
experiment_name,b5e74caf-e0a3-47e9-8491-94b6c740d416,function_execution_time,1779123977.6022587,0.000056378
experiment_name,10614005-b1a8-4731-93ca-2bc8b9398e1b,function_execution_time,1779123974.6639698,0.000074823
experiment_name,10614005-b1a8-4731-93ca-2bc8b9398e1b,function_execution_time,1779123974.7653022,0.000073407
experiment_name,10614005-b1a8-4731-93ca-2bc8b9398e1b,function_execution_time,1779123974.8666475,0.00007405
experiment_name,10614005-b1a8-4731-93ca-2bc8b9398e1b,function_execution_time,1779123974.9680626,0.000083883
experiment_name,10614005-b1a8-4731-93ca-2bc8b9398e1b,function_execution_time,1779123975.0693245,0.000074278
experiment_name,10614005-b1a8-4731-93ca-2bc8b9398e1b,function_execution_time,1779123975.1706393,0.000069746
experiment_name,10614005-b1a8-4731-93ca-2bc8b9398e1b,function_execution_time,1779123975.2722406,0.00017024
experiment_name,10614005-b1a8-4731-93ca-2bc8b9398e1b,function_execution_time,1779123975.3736212,0.000072752
experiment_name,10614005-b1a8-4731-93ca-2bc8b9398e1b,function_execution_time,1779123975.474948,0.000069082
experiment_name,10614005-b1a8-4731-93ca-2bc8b9398e1b,function_execution_time,1779123975.5761988,0.000076966
experiment_name,10614005-b1a8-4731-93ca-2bc8b9398e1b,function_execution_time,1779123975.677637,0.000098644
experiment_name,10614005-b1a8-4731-93ca-2bc8b9398e1b,function_execution_time,1779123975.7789521,0.000084434
experiment_name,10614005-b1a8-4731-93ca-2bc8b9398e1b,function_execution_time,1779123975.8802598,0.000068334
experiment_name,10614005-b1a8-4731-93ca-2bc8b9398e1b,function_execution_time,1779123975.9815989,0.00007158
experiment_name,10614005-b1a8-4731-93ca-2bc8b9398e1b,function_execution_time,1779123976.0829113,0.000078253
experiment_name,10614005-b1a8-4731-93ca-2bc8b9398e1b,function_execution_time,1779123976.1842828,0.000079813
experiment_name,10614005-b1a8-4731-93ca-2bc8b9398e1b,function_execution_time,1779123976.285608,0.000131071
experiment_name,10614005-b1a8-4731-93ca-2bc8b9398e1b,function_execution_time,1779123976.3869026,0.000066055
experiment_name,10614005-b1a8-4731-93ca-2bc8b9398e1b,function_execution_time,1779123976.4882355,0.00008088
experiment_name,10614005-b1a8-4731-93ca-2bc8b9398e1b,function_execution_time,1779123976.5895374,0.00006957
experiment_name,10614005-b1a8-4731-93ca-2bc8b9398e1b,function_execution_time,1779123976.6908786,0.000068599
experiment_name,10614005-b1a8-4731-93ca-2bc8b9398e1b,function_execution_time,1779123976.7922587,0.000084716
experiment_name,10614005-b1a8-4731-93ca-2bc8b9398e1b,function_execution_time,1779123976.893585,0.000090467
experiment_name,10614005-b1a8-4731-93ca-2bc8b9398e1b,function_execution_time,1779123976.9948416,0.00006901
experiment_name,10614005-b1a8-4731-93ca-2bc8b9398e1b,function_execution_time,1779123977.0961502,0.0000719
experiment_name,10614005-b1a8-4731-93ca-2bc8b9398e1b,function_execution_time,1779123977.1977036,0.000080254
experiment_name,10614005-b1a8-4731-93ca-2bc8b9398e1b,function_execution_time,1779123977.2991006,0.000140141
experiment_name,10614005-b1a8-4731-93ca-2bc8b9398e1b,function_execution_time,1779123977.3994145,0.000070696
experiment_name,10614005-b1a8-4731-93ca-2bc8b9398e1b,function_execution_time,1779123977.5007603,0.000075656
experiment_name,10614005-b1a8-4731-93ca-2bc8b9398e1b,function_execution_time,1779123977.6020923,0.000067949
experiment_name,10614005-b1a8-4731-93ca-2bc8b9398e1b,function_stop_time,1779123977.633576,0.000037559
experiment_name,546cfdba-759b-4b9f-ab81-438dde267e43,function_stop_time,1779123977.6282797,0.000062555
experiment_name,b5e74caf-e0a3-47e9-8491-94b6c740d416,function_stop_time,1779123977.625173,0.000033076
experiment_name,10614005-b1a8-4731-93ca-2bc8b9398e1b,function_transfer_time,1779123974.663878,0.000081478
experiment_name,10614005-b1a8-4731-93ca-2bc8b9398e1b,function_transfer_time,1779123974.7652247,0.00007718
experiment_name,10614005-b1a8-4731-93ca-2bc8b9398e1b,function_transfer_time,1779123974.8665519,0.000091106
experiment_name,10614005-b1a8-4731-93ca-2bc8b9398e1b,function_transfer_time,1779123974.9678957,0.000084195
experiment_name,10614005-b1a8-4731-93ca-2bc8b9398e1b,function_transfer_time,1779123975.0692444,0.000084918
experiment_name,10614005-b1a8-4731-93ca-2bc8b9398e1b,function_transfer_time,1779123975.1705596,0.000082361
experiment_name,10614005-b1a8-4731-93ca-2bc8b9398e1b,function_transfer_time,1779123975.2720726,0.000088293
experiment_name,10614005-b1a8-4731-93ca-2bc8b9398e1b,function_transfer_time,1779123975.3735394,0.000082491
experiment_name,10614005-b1a8-4731-93ca-2bc8b9398e1b,function_transfer_time,1779123975.4748645,0.000074696
experiment_name,10614005-b1a8-4731-93ca-2bc8b9398e1b,function_transfer_time,1779123975.5761178,0.000021594
experiment_name,10614005-b1a8-4731-93ca-2bc8b9398e1b,function_transfer_time,1779123975.677539,0.000109564
experiment_name,10614005-b1a8-4731-93ca-2bc8b9398e1b,function_transfer_time,1779123975.7788703,0.00008816
experiment_name,10614005-b1a8-4731-93ca-2bc8b9398e1b,function_transfer_time,1779123975.8801782,0.000076084
experiment_name,10614005-b1a8-4731-93ca-2bc8b9398e1b,function_transfer_time,1779123975.9815161,0.000085208
experiment_name,10614005-b1a8-4731-93ca-2bc8b9398e1b,function_transfer_time,1779123976.0828297,0.000077365
experiment_name,10614005-b1a8-4731-93ca-2bc8b9398e1b,function_transfer_time,1779123976.184155,0.000083618
experiment_name,10614005-b1a8-4731-93ca-2bc8b9398e1b,function_transfer_time,1779123976.2854712,0.000079578
experiment_name,10614005-b1a8-4731-93ca-2bc8b9398e1b,function_transfer_time,1779123976.3868263,0.000076538
experiment_name,10614005-b1a8-4731-93ca-2bc8b9398e1b,function_transfer_time,1779123976.488156,0.000081611
experiment_name,10614005-b1a8-4731-93ca-2bc8b9398e1b,function_transfer_time,1779123976.58946,0.000078857
experiment_name,10614005-b1a8-4731-93ca-2bc8b9398e1b,function_transfer_time,1779123976.690788,0.000084725
experiment_name,10614005-b1a8-4731-93ca-2bc8b9398e1b,function_transfer_time,1779123976.7921116,0.000074389
experiment_name,10614005-b1a8-4731-93ca-2bc8b9398e1b,function_transfer_time,1779123976.8934436,0.000078669
experiment_name,10614005-b1a8-4731-93ca-2bc8b9398e1b,function_transfer_time,1779123976.9947557,0.000078049
experiment_name,10614005-b1a8-4731-93ca-2bc8b9398e1b,function_transfer_time,1779123977.096147,0.000078805
experiment_name,10614005-b1a8-4731-93ca-2bc8b9398e1b,function_transfer_time,1779123977.197624,0.000084385
experiment_name,10614005-b1a8-4731-93ca-2bc8b9398e1b,function_transfer_time,1779123977.2989514,0.000083793
experiment_name,10614005-b1a8-4731-93ca-2bc8b9398e1b,function_transfer_time,1779123977.3993237,0.000080978
experiment_name,10614005-b1a8-4731-93ca-2bc8b9398e1b,function_transfer_time,1779123977.5006783,0.00008249
experiment_name,10614005-b1a8-4731-93ca-2bc8b9398e1b,function_transfer_time,1779123977.6020055,0.000085122
experiment_name,b5e74caf-e0a3-47e9-8491-94b6c740d416,function_transfer_time,1779123974.6640556,0.000121045
experiment_name,b5e74caf-e0a3-47e9-8491-94b6c740d416,function_transfer_time,1779123974.7654128,0.000132544
experiment_name,b5e74caf-e0a3-47e9-8491-94b6c740d416,function_transfer_time,1779123974.8667634,0.000152546
experiment_name,b5e74caf-e0a3-47e9-8491-94b6c740d416,function_transfer_time,1779123974.968066,0.000106727
experiment_name,b5e74caf-e0a3-47e9-8491-94b6c740d416,function_transfer_time,1779123975.0694046,0.000050417
experiment_name,b5e74caf-e0a3-47e9-8491-94b6c740d416,function_transfer_time,1779123975.1707397,0.000124811
experiment_name,b5e74caf-e0a3-47e9-8491-94b6c740d416,function_transfer_time,1779123975.2722387,0.000037024
experiment_name,b5e74caf-e0a3-47e9-8491-94b6c740d416,function_transfer_time,1779123975.3737288,0.000133703
experiment_name,b5e74caf-e0a3-47e9-8491-94b6c740d416,function_transfer_time,1779123975.4750419,0.000124141
experiment_name,b5e74caf-e0a3-47e9-8491-94b6c740d416,function_transfer_time,1779123975.576256,0.000083394
experiment_name,b5e74caf-e0a3-47e9-8491-94b6c740d416,function_transfer_time,1779123975.677701,0.000102366
experiment_name,b5e74caf-e0a3-47e9-8491-94b6c740d416,function_transfer_time,1779123975.779036,0.00004335
experiment_name,b5e74caf-e0a3-47e9-8491-94b6c740d416,function_transfer_time,1779123975.8803298,0.000054055
experiment_name,b5e74caf-e0a3-47e9-8491-94b6c740d416,function_transfer_time,1779123975.981671,0.000055105
experiment_name,b5e74caf-e0a3-47e9-8491-94b6c740d416,function_transfer_time,1779123976.0829818,0.000053727
experiment_name,b5e74caf-e0a3-47e9-8491-94b6c740d416,function_transfer_time,1779123976.184321,0.000115518
experiment_name,b5e74caf-e0a3-47e9-8491-94b6c740d416,function_transfer_time,1779123976.285613,0.000039757
experiment_name,b5e74caf-e0a3-47e9-8491-94b6c740d416,function_transfer_time,1779123976.3870077,0.000130007
experiment_name,b5e74caf-e0a3-47e9-8491-94b6c740d416,function_transfer_time,1779123976.488336,0.000118207
experiment_name,b5e74caf-e0a3-47e9-8491-94b6c740d416,function_transfer_time,1779123976.589641,0.000128301
experiment_name,b5e74caf-e0a3-47e9-8491-94b6c740d416,function_transfer_time,1779123976.6909623,0.000118106
experiment_name,b5e74caf-e0a3-47e9-8491-94b6c740d416,function_transfer_time,1779123976.7922897,0.000126835
experiment_name,b5e74caf-e0a3-47e9-8491-94b6c740d416,function_transfer_time,1779123976.893599,0.000103028
experiment_name,b5e74caf-e0a3-47e9-8491-94b6c740d416,function_transfer_time,1779123976.9949572,0.000146647
experiment_name,b5e74caf-e0a3-47e9-8491-94b6c740d416,function_transfer_time,1779123977.0962565,0.000125969
experiment_name,b5e74caf-e0a3-47e9-8491-94b6c740d416,function_transfer_time,1779123977.1978161,0.000128998
experiment_name,b5e74caf-e0a3-47e9-8491-94b6c740d416,function_transfer_time,1779123977.2991033,0.000037874
experiment_name,b5e74caf-e0a3-47e9-8491-94b6c740d416,function_transfer_time,1779123977.3995354,0.000155993
experiment_name,b5e74caf-e0a3-47e9-8491-94b6c740d416,function_transfer_time,1779123977.5008705,0.000132965
experiment_name,b5e74caf-e0a3-47e9-8491-94b6c740d416,function_transfer_time,1779123977.6021965,0.000138085
experiment_name,8ede8f45-7ff6-4cac-ad9d-7c0341c1c4e1,function_stop_time,1779123977.6313393,0.000031463
experiment_name,dcf404bf-db25-446b-ab55-5380a8231e06,function_stop_time,1779123977.6360118,0.000028907
experiment_name,774d7fca-742e-453a-9db8-75068e61dff4,function_stop_time,1779123977.6261442,0.000055074
experiment_name,eaf9c98d-4a6f-4126-b5ac-7993bbd52ba1,function_stop_time,1779123977.6291554,0.000031482
experiment_name,821c0178-bf43-4518-ad58-7dada8da9cf4,function_stop_time,1779123977.6367285,0.000043575
experiment_name,eb3290bf-34bd-499e-9fc5-10839b3b8fd9,function_stop_time,1779123977.635567,0.000052611
experiment_name,0eae3c94-95fa-4cad-8d87-03a8e2b172a0,function_stop_time,1779123977.6253877,0.000062556
experiment_name,cc414501-794e-469a-ba4b-e664fa969592,function_stop_time,1779123977.6280148,0.000081149
experiment_name,39dd5984-6339-4395-af84-27823c6af1df,function_stop_time,1779123977.6267378,0.000058666
experiment_name,c6b4ed72-0a36-44ae-adb5-55dca069c7ca,function_stop_time,1779123977.6241035,0.000069742
experiment_name,119acb05-d51a-4afd-9863-2b9aff67b164,function_stop_time,1779123977.6272202,0.000037981
experiment_name,810a4717-74af-459c-a14c-d5719fc17fb0,function_stop_time,1779123977.627849,0.000052037
experiment_name,b3aead95-59b5-4b28-a14d-22bc7602443d,function_stop_time,1779123977.632019,0.000037056
experiment_name,e0b8d11f-874f-47b8-a23f-ea90df5b9714,function_stop_time,1779123977.633239,0.000041407
experiment_name,5306c2bf-303d-4c02-a8cc-28a856b6a625,function_stop_time,1779123977.6315591,0.000045685
