experiment_name,b9378986-f8ed-4874-b02a-dc3f06f63cdb,function_instantiate_time,1780474499.7147753,0.016742371
experiment_name,a48cfd35-9c5d-4f91-86d8-f18f35847628,function_instantiate_time,1780474499.714547,0.017569702
experiment_name,7aa60b4b-8831-4dd7-8aca-11fb2f521a23,function_instantiate_time,1780474499.7139862,0.013169798
experiment_name,7aa60b4b-8831-4dd7-8aca-11fb2f521a23,function_init_time,1780474499.7140195,0.000045679
experiment_name,a48cfd35-9c5d-4f91-86d8-f18f35847628,function_init_time,1780474499.714592,0.00005389
experiment_name,b9378986-f8ed-4874-b02a-dc3f06f63cdb,function_init_time,1780474499.7148027,0.000023606
experiment_name,b9378986-f8ed-4874-b02a-dc3f06f63cdb,function_execution_time,1780474499.7148614,0.000047739
experiment_name,b9378986-f8ed-4874-b02a-dc3f06f63cdb,function_execution_time,1780474499.8160179,0.000071131
experiment_name,b9378986-f8ed-4874-b02a-dc3f06f63cdb,function_execution_time,1780474499.9167414,0.00007096
experiment_name,b9378986-f8ed-4874-b02a-dc3f06f63cdb,function_execution_time,1780474500.018061,0.000067761
experiment_name,b9378986-f8ed-4874-b02a-dc3f06f63cdb,function_execution_time,1780474500.1194077,0.000061157
experiment_name,b9378986-f8ed-4874-b02a-dc3f06f63cdb,function_execution_time,1780474500.2197218,0.000060642
experiment_name,b9378986-f8ed-4874-b02a-dc3f06f63cdb,function_execution_time,1780474500.3209395,0.000080311
experiment_name,b9378986-f8ed-4874-b02a-dc3f06f63cdb,function_execution_time,1780474500.422343,0.000060548
experiment_name,b9378986-f8ed-4874-b02a-dc3f06f63cdb,function_execution_time,1780474500.5236392,0.000056932
experiment_name,b9378986-f8ed-4874-b02a-dc3f06f63cdb,function_execution_time,1780474500.6250312,0.000055201
experiment_name,b9378986-f8ed-4874-b02a-dc3f06f63cdb,function_execution_time,1780474500.7263048,0.00006591
experiment_name,b9378986-f8ed-4874-b02a-dc3f06f63cdb,function_execution_time,1780474500.8275545,0.000057838
experiment_name,b9378986-f8ed-4874-b02a-dc3f06f63cdb,function_execution_time,1780474500.9289665,0.000054708
experiment_name,a48cfd35-9c5d-4f91-86d8-f18f35847628,function_execution_time,1780474499.7147176,0.000100437
experiment_name,a48cfd35-9c5d-4f91-86d8-f18f35847628,function_execution_time,1780474499.8159509,0.00012515
experiment_name,a48cfd35-9c5d-4f91-86d8-f18f35847628,function_execution_time,1780474499.9166424,0.000091547
experiment_name,a48cfd35-9c5d-4f91-86d8-f18f35847628,function_execution_time,1780474500.0179055,0.000079635
experiment_name,a48cfd35-9c5d-4f91-86d8-f18f35847628,function_execution_time,1780474500.1193163,0.000086781
experiment_name,a48cfd35-9c5d-4f91-86d8-f18f35847628,function_execution_time,1780474500.2196076,0.000097929
experiment_name,a48cfd35-9c5d-4f91-86d8-f18f35847628,function_execution_time,1780474500.3208385,0.000072117
experiment_name,a48cfd35-9c5d-4f91-86d8-f18f35847628,function_execution_time,1780474500.4221902,0.000073005
experiment_name,a48cfd35-9c5d-4f91-86d8-f18f35847628,function_execution_time,1780474500.5235755,0.000101427
experiment_name,a48cfd35-9c5d-4f91-86d8-f18f35847628,function_execution_time,1780474500.6249385,0.000086536
experiment_name,a48cfd35-9c5d-4f91-86d8-f18f35847628,function_execution_time,1780474500.7262425,0.000158644
experiment_name,a48cfd35-9c5d-4f91-86d8-f18f35847628,function_execution_time,1780474500.8274996,0.000101608
experiment_name,a48cfd35-9c5d-4f91-86d8-f18f35847628,function_execution_time,1780474500.9288135,0.000084693
experiment_name,7aa60b4b-8831-4dd7-8aca-11fb2f521a23,function_execution_time,1780474499.8673155,0.022003918
experiment_name,7aa60b4b-8831-4dd7-8aca-11fb2f521a23,function_execution_time,1780474499.9776435,0.008498537
experiment_name,b9378986-f8ed-4874-b02a-dc3f06f63cdb,function_transfer_time,1780474499.7148037,0.000148616
experiment_name,b9378986-f8ed-4874-b02a-dc3f06f63cdb,function_transfer_time,1780474499.8159456,0.0000429
experiment_name,b9378986-f8ed-4874-b02a-dc3f06f63cdb,function_transfer_time,1780474499.916665,0.000110073
experiment_name,b9378986-f8ed-4874-b02a-dc3f06f63cdb,function_transfer_time,1780474500.0179918,0.000113974
experiment_name,b9378986-f8ed-4874-b02a-dc3f06f63cdb,function_transfer_time,1780474500.119342,0.000130277
experiment_name,b9378986-f8ed-4874-b02a-dc3f06f63cdb,function_transfer_time,1780474500.2196543,0.000091009
experiment_name,b9378986-f8ed-4874-b02a-dc3f06f63cdb,function_transfer_time,1780474500.3209183,0.000052988
experiment_name,b9378986-f8ed-4874-b02a-dc3f06f63cdb,function_transfer_time,1780474500.4222746,0.000123096
experiment_name,b9378986-f8ed-4874-b02a-dc3f06f63cdb,function_transfer_time,1780474500.5235803,0.000101599
experiment_name,b9378986-f8ed-4874-b02a-dc3f06f63cdb,function_transfer_time,1780474500.6249692,0.000113673
experiment_name,b9378986-f8ed-4874-b02a-dc3f06f63cdb,function_transfer_time,1780474500.7262397,0.000037276
experiment_name,b9378986-f8ed-4874-b02a-dc3f06f63cdb,function_transfer_time,1780474500.8274965,0.000039872
experiment_name,b9378986-f8ed-4874-b02a-dc3f06f63cdb,function_transfer_time,1780474500.928911,0.00012193
experiment_name,7aa60b4b-8831-4dd7-8aca-11fb2f521a23,function_transfer_time,1780474499.845314,0.106198032
experiment_name,7aa60b4b-8831-4dd7-8aca-11fb2f521a23,function_transfer_time,1780474499.9691427,0.001439363
experiment_name,a48cfd35-9c5d-4f91-86d8-f18f35847628,function_transfer_time,1780474499.7146087,0.000025765
experiment_name,a48cfd35-9c5d-4f91-86d8-f18f35847628,function_transfer_time,1780474499.8158212,0.000036776
experiment_name,a48cfd35-9c5d-4f91-86d8-f18f35847628,function_transfer_time,1780474499.9164965,0.00003791
experiment_name,a48cfd35-9c5d-4f91-86d8-f18f35847628,function_transfer_time,1780474500.0178242,0.000092738
experiment_name,a48cfd35-9c5d-4f91-86d8-f18f35847628,function_transfer_time,1780474500.1191564,0.000084553
experiment_name,a48cfd35-9c5d-4f91-86d8-f18f35847628,function_transfer_time,1780474500.2195017,0.000084078
experiment_name,a48cfd35-9c5d-4f91-86d8-f18f35847628,function_transfer_time,1780474500.3207536,0.000027865
experiment_name,a48cfd35-9c5d-4f91-86d8-f18f35847628,function_transfer_time,1780474500.4221022,0.000089019
experiment_name,a48cfd35-9c5d-4f91-86d8-f18f35847628,function_transfer_time,1780474500.5234156,0.000086245
experiment_name,a48cfd35-9c5d-4f91-86d8-f18f35847628,function_transfer_time,1780474500.624805,0.000081501
experiment_name,a48cfd35-9c5d-4f91-86d8-f18f35847628,function_transfer_time,1780474500.7260766,0.000077116
experiment_name,a48cfd35-9c5d-4f91-86d8-f18f35847628,function_transfer_time,1780474500.8273933,0.000028097
experiment_name,a48cfd35-9c5d-4f91-86d8-f18f35847628,function_transfer_time,1780474500.9287293,0.000090557
experiment_name,22fbea89-a236-4614-856d-08ecc0410309,function_instantiate_time,1780474499.7277567,0.027848603
experiment_name,22fbea89-a236-4614-856d-08ecc0410309,function_init_time,1780474499.7305164,0.002771779
experiment_name,22fbea89-a236-4614-856d-08ecc0410309,function_execution_time,1780474499.8458846,0.115347386
experiment_name,22fbea89-a236-4614-856d-08ecc0410309,function_execution_time,1780474499.980091,0.002311016
experiment_name,22fbea89-a236-4614-856d-08ecc0410309,function_transfer_time,1780474499.7305195,0.000049519
experiment_name,22fbea89-a236-4614-856d-08ecc0410309,function_transfer_time,1780474499.977782,0.000727235
experiment_name,b9378986-f8ed-4874-b02a-dc3f06f63cdb,function_execution_time,1780474501.029711,0.000099053
experiment_name,b9378986-f8ed-4874-b02a-dc3f06f63cdb,function_execution_time,1780474501.1310823,0.000088814
experiment_name,b9378986-f8ed-4874-b02a-dc3f06f63cdb,function_execution_time,1780474501.2326198,0.000074827
experiment_name,b9378986-f8ed-4874-b02a-dc3f06f63cdb,function_execution_time,1780474501.3340864,0.000058367
experiment_name,b9378986-f8ed-4874-b02a-dc3f06f63cdb,function_execution_time,1780474501.4354749,0.000079947
experiment_name,b9378986-f8ed-4874-b02a-dc3f06f63cdb,function_execution_time,1780474501.5357816,0.000060872
experiment_name,b9378986-f8ed-4874-b02a-dc3f06f63cdb,function_execution_time,1780474501.6371303,0.000063234
experiment_name,b9378986-f8ed-4874-b02a-dc3f06f63cdb,function_execution_time,1780474501.7383833,0.000059344
experiment_name,b9378986-f8ed-4874-b02a-dc3f06f63cdb,function_execution_time,1780474501.8387835,0.000055957
experiment_name,b9378986-f8ed-4874-b02a-dc3f06f63cdb,function_execution_time,1780474501.9400976,0.00005722
experiment_name,b9378986-f8ed-4874-b02a-dc3f06f63cdb,function_execution_time,1780474502.0414555,0.000076349
experiment_name,b9378986-f8ed-4874-b02a-dc3f06f63cdb,function_execution_time,1780474502.1416566,0.000056989
experiment_name,b9378986-f8ed-4874-b02a-dc3f06f63cdb,function_execution_time,1780474502.2429235,0.000067641
experiment_name,b9378986-f8ed-4874-b02a-dc3f06f63cdb,function_execution_time,1780474502.3442533,0.000061295
experiment_name,b9378986-f8ed-4874-b02a-dc3f06f63cdb,function_execution_time,1780474502.4447355,0.000057237
experiment_name,b9378986-f8ed-4874-b02a-dc3f06f63cdb,function_execution_time,1780474502.5459423,0.000066249
experiment_name,b9378986-f8ed-4874-b02a-dc3f06f63cdb,function_execution_time,1780474502.6473732,0.000055218
experiment_name,b9378986-f8ed-4874-b02a-dc3f06f63cdb,function_execution_time,1780474502.7486954,0.000057634
experiment_name,b9378986-f8ed-4874-b02a-dc3f06f63cdb,function_execution_time,1780474502.8500476,0.000059335
experiment_name,b9378986-f8ed-4874-b02a-dc3f06f63cdb,function_execution_time,1780474502.951296,0.00007107
experiment_name,b9378986-f8ed-4874-b02a-dc3f06f63cdb,function_execution_time,1780474503.0526905,0.000056549
experiment_name,b9378986-f8ed-4874-b02a-dc3f06f63cdb,function_execution_time,1780474503.1540177,0.000056501
experiment_name,b9378986-f8ed-4874-b02a-dc3f06f63cdb,function_execution_time,1780474503.2555177,0.000054035
experiment_name,b9378986-f8ed-4874-b02a-dc3f06f63cdb,function_execution_time,1780474503.3568492,0.000058781
experiment_name,b9378986-f8ed-4874-b02a-dc3f06f63cdb,function_execution_time,1780474503.4583478,0.00006837
experiment_name,b9378986-f8ed-4874-b02a-dc3f06f63cdb,function_execution_time,1780474503.559628,0.000057054
experiment_name,b9378986-f8ed-4874-b02a-dc3f06f63cdb,function_execution_time,1780474503.660944,0.000059971
experiment_name,b9378986-f8ed-4874-b02a-dc3f06f63cdb,function_execution_time,1780474503.762337,0.00007442
experiment_name,b9378986-f8ed-4874-b02a-dc3f06f63cdb,function_execution_time,1780474503.8628361,0.000063313
experiment_name,b9378986-f8ed-4874-b02a-dc3f06f63cdb,function_execution_time,1780474503.964086,0.00006456
experiment_name,b9378986-f8ed-4874-b02a-dc3f06f63cdb,function_execution_time,1780474504.065513,0.000055952
experiment_name,b9378986-f8ed-4874-b02a-dc3f06f63cdb,function_execution_time,1780474504.166754,0.000058252
experiment_name,b9378986-f8ed-4874-b02a-dc3f06f63cdb,function_execution_time,1780474504.268135,0.000056149
experiment_name,b9378986-f8ed-4874-b02a-dc3f06f63cdb,function_execution_time,1780474504.369374,0.000071183
experiment_name,b9378986-f8ed-4874-b02a-dc3f06f63cdb,function_execution_time,1780474504.4697607,0.000057166
experiment_name,b9378986-f8ed-4874-b02a-dc3f06f63cdb,function_execution_time,1780474504.5711317,0.000057713
experiment_name,b9378986-f8ed-4874-b02a-dc3f06f63cdb,function_execution_time,1780474504.672419,0.00005979
experiment_name,b9378986-f8ed-4874-b02a-dc3f06f63cdb,function_execution_time,1780474504.7727606,0.000073895
experiment_name,b9378986-f8ed-4874-b02a-dc3f06f63cdb,function_execution_time,1780474504.8740945,0.000058066
experiment_name,b9378986-f8ed-4874-b02a-dc3f06f63cdb,function_execution_time,1780474504.9754612,0.000067402
experiment_name,b9378986-f8ed-4874-b02a-dc3f06f63cdb,function_execution_time,1780474505.07578,0.000055867
experiment_name,b9378986-f8ed-4874-b02a-dc3f06f63cdb,function_execution_time,1780474505.1771123,0.000062616
experiment_name,b9378986-f8ed-4874-b02a-dc3f06f63cdb,function_execution_time,1780474505.2784517,0.00005445
experiment_name,b9378986-f8ed-4874-b02a-dc3f06f63cdb,function_execution_time,1780474505.3787105,0.000058974
experiment_name,b9378986-f8ed-4874-b02a-dc3f06f63cdb,function_execution_time,1780474505.4800012,0.000054785
experiment_name,b9378986-f8ed-4874-b02a-dc3f06f63cdb,function_execution_time,1780474505.5813289,0.000055874
experiment_name,b9378986-f8ed-4874-b02a-dc3f06f63cdb,function_execution_time,1780474505.6826017,0.000065768
experiment_name,b9378986-f8ed-4874-b02a-dc3f06f63cdb,function_execution_time,1780474505.7840047,0.000057465
experiment_name,b9378986-f8ed-4874-b02a-dc3f06f63cdb,function_execution_time,1780474505.885376,0.000056041
experiment_name,b9378986-f8ed-4874-b02a-dc3f06f63cdb,function_execution_time,1780474505.985747,0.000062907
experiment_name,a48cfd35-9c5d-4f91-86d8-f18f35847628,function_execution_time,1780474501.029661,0.000155893
experiment_name,a48cfd35-9c5d-4f91-86d8-f18f35847628,function_execution_time,1780474501.1308782,0.000071824
experiment_name,a48cfd35-9c5d-4f91-86d8-f18f35847628,function_execution_time,1780474501.2324972,0.000110714
experiment_name,a48cfd35-9c5d-4f91-86d8-f18f35847628,function_execution_time,1780474501.3339455,0.000071377
experiment_name,a48cfd35-9c5d-4f91-86d8-f18f35847628,function_execution_time,1780474501.4352984,0.000070688
experiment_name,a48cfd35-9c5d-4f91-86d8-f18f35847628,function_execution_time,1780474501.5356743,0.000086062
experiment_name,a48cfd35-9c5d-4f91-86d8-f18f35847628,function_execution_time,1780474501.6370304,0.000097977
experiment_name,a48cfd35-9c5d-4f91-86d8-f18f35847628,function_execution_time,1780474501.7383256,0.000170913
experiment_name,a48cfd35-9c5d-4f91-86d8-f18f35847628,function_execution_time,1780474501.8386273,0.000072693
experiment_name,a48cfd35-9c5d-4f91-86d8-f18f35847628,function_execution_time,1780474501.9399524,0.000080601
experiment_name,a48cfd35-9c5d-4f91-86d8-f18f35847628,function_execution_time,1780474502.0412774,0.000081867
experiment_name,a48cfd35-9c5d-4f91-86d8-f18f35847628,function_execution_time,1780474502.1415741,0.000078343
experiment_name,a48cfd35-9c5d-4f91-86d8-f18f35847628,function_execution_time,1780474502.2428648,0.000102205
experiment_name,a48cfd35-9c5d-4f91-86d8-f18f35847628,function_execution_time,1780474502.3442388,0.00009521
experiment_name,a48cfd35-9c5d-4f91-86d8-f18f35847628,function_execution_time,1780474502.4445975,0.000070829
experiment_name,a48cfd35-9c5d-4f91-86d8-f18f35847628,function_execution_time,1780474502.5458796,0.000093013
experiment_name,a48cfd35-9c5d-4f91-86d8-f18f35847628,function_execution_time,1780474502.6472201,0.000077088
experiment_name,a48cfd35-9c5d-4f91-86d8-f18f35847628,function_execution_time,1780474502.7486422,0.000173698
experiment_name,a48cfd35-9c5d-4f91-86d8-f18f35847628,function_execution_time,1780474502.8499038,0.00007008
experiment_name,a48cfd35-9c5d-4f91-86d8-f18f35847628,function_execution_time,1780474502.9512713,0.000089385
experiment_name,a48cfd35-9c5d-4f91-86d8-f18f35847628,function_execution_time,1780474503.0525496,0.000084503
experiment_name,a48cfd35-9c5d-4f91-86d8-f18f35847628,function_execution_time,1780474503.1539302,0.000087166
experiment_name,a48cfd35-9c5d-4f91-86d8-f18f35847628,function_execution_time,1780474503.2553692,0.000074885
experiment_name,a48cfd35-9c5d-4f91-86d8-f18f35847628,function_execution_time,1780474503.3567317,0.000083611
experiment_name,a48cfd35-9c5d-4f91-86d8-f18f35847628,function_execution_time,1780474503.4582036,0.000097263
experiment_name,a48cfd35-9c5d-4f91-86d8-f18f35847628,function_execution_time,1780474503.559574,0.000094777
experiment_name,a48cfd35-9c5d-4f91-86d8-f18f35847628,function_execution_time,1780474503.660858,0.000077106
experiment_name,a48cfd35-9c5d-4f91-86d8-f18f35847628,function_execution_time,1780474503.762297,0.00018241
experiment_name,a48cfd35-9c5d-4f91-86d8-f18f35847628,function_execution_time,1780474503.8626866,0.000073762
experiment_name,a48cfd35-9c5d-4f91-86d8-f18f35847628,function_execution_time,1780474503.9640694,0.000094043
experiment_name,a48cfd35-9c5d-4f91-86d8-f18f35847628,function_execution_time,1780474504.0653899,0.000085424
experiment_name,a48cfd35-9c5d-4f91-86d8-f18f35847628,function_execution_time,1780474504.1666987,0.000102447
experiment_name,a48cfd35-9c5d-4f91-86d8-f18f35847628,function_execution_time,1780474504.2680252,0.000089943
experiment_name,a48cfd35-9c5d-4f91-86d8-f18f35847628,function_execution_time,1780474504.3693554,0.000083618
experiment_name,a48cfd35-9c5d-4f91-86d8-f18f35847628,function_execution_time,1780474504.4696023,0.000087673
experiment_name,a48cfd35-9c5d-4f91-86d8-f18f35847628,function_execution_time,1780474504.570959,0.000080667
experiment_name,a48cfd35-9c5d-4f91-86d8-f18f35847628,function_execution_time,1780474504.6723163,0.000096149
experiment_name,a48cfd35-9c5d-4f91-86d8-f18f35847628,function_execution_time,1780474504.7726982,0.000163961
experiment_name,a48cfd35-9c5d-4f91-86d8-f18f35847628,function_execution_time,1780474504.8740275,0.000087844
experiment_name,a48cfd35-9c5d-4f91-86d8-f18f35847628,function_execution_time,1780474504.9753072,0.000077783
experiment_name,a48cfd35-9c5d-4f91-86d8-f18f35847628,function_execution_time,1780474505.0756238,0.000074134
experiment_name,a48cfd35-9c5d-4f91-86d8-f18f35847628,function_execution_time,1780474505.1769598,0.000082659
experiment_name,a48cfd35-9c5d-4f91-86d8-f18f35847628,function_execution_time,1780474505.2782998,0.00007616
experiment_name,a48cfd35-9c5d-4f91-86d8-f18f35847628,function_execution_time,1780474505.378571,0.000079009
experiment_name,a48cfd35-9c5d-4f91-86d8-f18f35847628,function_execution_time,1780474505.4798622,0.00007899
experiment_name,a48cfd35-9c5d-4f91-86d8-f18f35847628,function_execution_time,1780474505.581243,0.000084188
experiment_name,a48cfd35-9c5d-4f91-86d8-f18f35847628,function_execution_time,1780474505.6825395,0.000113528
experiment_name,a48cfd35-9c5d-4f91-86d8-f18f35847628,function_execution_time,1780474505.7839527,0.000158282
experiment_name,a48cfd35-9c5d-4f91-86d8-f18f35847628,function_execution_time,1780474505.8853204,0.000090964
experiment_name,a48cfd35-9c5d-4f91-86d8-f18f35847628,function_execution_time,1780474505.9855995,0.000077706
experiment_name,b9378986-f8ed-4874-b02a-dc3f06f63cdb,function_transfer_time,1780474501.0296106,0.000032067
experiment_name,b9378986-f8ed-4874-b02a-dc3f06f63cdb,function_transfer_time,1780474501.130994,0.000144415
experiment_name,b9378986-f8ed-4874-b02a-dc3f06f63cdb,function_transfer_time,1780474501.2325416,0.000105003
experiment_name,b9378986-f8ed-4874-b02a-dc3f06f63cdb,function_transfer_time,1780474501.3340278,0.000112862
experiment_name,b9378986-f8ed-4874-b02a-dc3f06f63cdb,function_transfer_time,1780474501.4353886,0.000118406
experiment_name,b9378986-f8ed-4874-b02a-dc3f06f63cdb,function_transfer_time,1780474501.5357156,0.000119352
experiment_name,b9378986-f8ed-4874-b02a-dc3f06f63cdb,function_transfer_time,1780474501.6370625,0.000112744
experiment_name,b9378986-f8ed-4874-b02a-dc3f06f63cdb,function_transfer_time,1780474501.7383223,0.000041886
experiment_name,b9378986-f8ed-4874-b02a-dc3f06f63cdb,function_transfer_time,1780474501.8387268,0.000128485
experiment_name,b9378986-f8ed-4874-b02a-dc3f06f63cdb,function_transfer_time,1780474501.94004,0.00010976
experiment_name,b9378986-f8ed-4874-b02a-dc3f06f63cdb,function_transfer_time,1780474502.0413783,0.000127657
experiment_name,b9378986-f8ed-4874-b02a-dc3f06f63cdb,function_transfer_time,1780474502.1415987,0.000054672
experiment_name,b9378986-f8ed-4874-b02a-dc3f06f63cdb,function_transfer_time,1780474502.2428474,0.000033631
experiment_name,b9378986-f8ed-4874-b02a-dc3f06f63cdb,function_transfer_time,1780474502.3442342,0.000044284
experiment_name,b9378986-f8ed-4874-b02a-dc3f06f63cdb,function_transfer_time,1780474502.444677,0.000107942
experiment_name,b9378986-f8ed-4874-b02a-dc3f06f63cdb,function_transfer_time,1780474502.5458763,0.00003307
experiment_name,b9378986-f8ed-4874-b02a-dc3f06f63cdb,function_transfer_time,1780474502.6473174,0.000126632
experiment_name,b9378986-f8ed-4874-b02a-dc3f06f63cdb,function_transfer_time,1780474502.748639,0.000035502
experiment_name,b9378986-f8ed-4874-b02a-dc3f06f63cdb,function_transfer_time,1780474502.8499837,0.000116438
experiment_name,b9378986-f8ed-4874-b02a-dc3f06f63cdb,function_transfer_time,1780474502.951268,0.000035549
experiment_name,b9378986-f8ed-4874-b02a-dc3f06f63cdb,function_transfer_time,1780474503.0526333,0.000116376
experiment_name,b9378986-f8ed-4874-b02a-dc3f06f63cdb,function_transfer_time,1780474503.1539526,0.000109957
experiment_name,b9378986-f8ed-4874-b02a-dc3f06f63cdb,function_transfer_time,1780474503.255458,0.000115922
experiment_name,b9378986-f8ed-4874-b02a-dc3f06f63cdb,function_transfer_time,1780474503.3567889,0.000086418
experiment_name,b9378986-f8ed-4874-b02a-dc3f06f63cdb,function_transfer_time,1780474503.4582727,0.000109646
experiment_name,b9378986-f8ed-4874-b02a-dc3f06f63cdb,function_transfer_time,1780474503.5595708,0.000037676
experiment_name,b9378986-f8ed-4874-b02a-dc3f06f63cdb,function_transfer_time,1780474503.6609282,0.000057771
experiment_name,b9378986-f8ed-4874-b02a-dc3f06f63cdb,function_transfer_time,1780474503.7622576,0.000032898
experiment_name,b9378986-f8ed-4874-b02a-dc3f06f63cdb,function_transfer_time,1780474503.8627722,0.000115091
experiment_name,b9378986-f8ed-4874-b02a-dc3f06f63cdb,function_transfer_time,1780474503.9640653,0.000034711
experiment_name,b9378986-f8ed-4874-b02a-dc3f06f63cdb,function_transfer_time,1780474504.0654511,0.000105437
experiment_name,b9378986-f8ed-4874-b02a-dc3f06f63cdb,function_transfer_time,1780474504.1666958,0.000035276
experiment_name,b9378986-f8ed-4874-b02a-dc3f06f63cdb,function_transfer_time,1780474504.2680717,0.000094859
experiment_name,b9378986-f8ed-4874-b02a-dc3f06f63cdb,function_transfer_time,1780474504.3693514,0.000036257
experiment_name,b9378986-f8ed-4874-b02a-dc3f06f63cdb,function_transfer_time,1780474504.469703,0.000123566
experiment_name,b9378986-f8ed-4874-b02a-dc3f06f63cdb,function_transfer_time,1780474504.5710726,0.000135599
experiment_name,b9378986-f8ed-4874-b02a-dc3f06f63cdb,function_transfer_time,1780474504.6723516,0.00008801
experiment_name,b9378986-f8ed-4874-b02a-dc3f06f63cdb,function_transfer_time,1780474504.7726796,0.000033277
experiment_name,b9378986-f8ed-4874-b02a-dc3f06f63cdb,function_transfer_time,1780474504.8740308,0.000090607
experiment_name,b9378986-f8ed-4874-b02a-dc3f06f63cdb,function_transfer_time,1780474504.9753902,0.000110909
experiment_name,b9378986-f8ed-4874-b02a-dc3f06f63cdb,function_transfer_time,1780474505.0757236,0.000124066
experiment_name,b9378986-f8ed-4874-b02a-dc3f06f63cdb,function_transfer_time,1780474505.1770487,0.000113872
experiment_name,b9378986-f8ed-4874-b02a-dc3f06f63cdb,function_transfer_time,1780474505.2783742,0.00010612
experiment_name,b9378986-f8ed-4874-b02a-dc3f06f63cdb,function_transfer_time,1780474505.378651,0.000114458
experiment_name,b9378986-f8ed-4874-b02a-dc3f06f63cdb,function_transfer_time,1780474505.479946,0.000115489
experiment_name,b9378986-f8ed-4874-b02a-dc3f06f63cdb,function_transfer_time,1780474505.5812662,0.000113198
experiment_name,b9378986-f8ed-4874-b02a-dc3f06f63cdb,function_transfer_time,1780474505.6825364,0.000039736
experiment_name,b9378986-f8ed-4874-b02a-dc3f06f63cdb,function_transfer_time,1780474505.7839491,0.000037526
experiment_name,b9378986-f8ed-4874-b02a-dc3f06f63cdb,function_transfer_time,1780474505.8853238,0.000095031
experiment_name,b9378986-f8ed-4874-b02a-dc3f06f63cdb,function_transfer_time,1780474505.9856842,0.000111246
experiment_name,a48cfd35-9c5d-4f91-86d8-f18f35847628,function_transfer_time,1780474501.0294986,0.000096043
experiment_name,a48cfd35-9c5d-4f91-86d8-f18f35847628,function_transfer_time,1780474501.1307948,0.000093476
experiment_name,a48cfd35-9c5d-4f91-86d8-f18f35847628,function_transfer_time,1780474501.2323852,0.000087097
experiment_name,a48cfd35-9c5d-4f91-86d8-f18f35847628,function_transfer_time,1780474501.3338623,0.000082304
experiment_name,a48cfd35-9c5d-4f91-86d8-f18f35847628,function_transfer_time,1780474501.435218,0.000081756
experiment_name,a48cfd35-9c5d-4f91-86d8-f18f35847628,function_transfer_time,1780474501.5355442,0.000083754
experiment_name,a48cfd35-9c5d-4f91-86d8-f18f35847628,function_transfer_time,1780474501.6368895,0.000096849
experiment_name,a48cfd35-9c5d-4f91-86d8-f18f35847628,function_transfer_time,1780474501.738143,0.000020984
experiment_name,a48cfd35-9c5d-4f91-86d8-f18f35847628,function_transfer_time,1780474501.838546,0.000085502
experiment_name,a48cfd35-9c5d-4f91-86d8-f18f35847628,function_transfer_time,1780474501.9398751,0.000088646
experiment_name,a48cfd35-9c5d-4f91-86d8-f18f35847628,function_transfer_time,1780474502.0412002,0.000078322
experiment_name,a48cfd35-9c5d-4f91-86d8-f18f35847628,function_transfer_time,1780474502.1414921,0.000027841
experiment_name,a48cfd35-9c5d-4f91-86d8-f18f35847628,function_transfer_time,1780474502.2427554,0.000024819
experiment_name,a48cfd35-9c5d-4f91-86d8-f18f35847628,function_transfer_time,1780474502.3440924,0.000086623
experiment_name,a48cfd35-9c5d-4f91-86d8-f18f35847628,function_transfer_time,1780474502.4445176,0.000101203
experiment_name,a48cfd35-9c5d-4f91-86d8-f18f35847628,function_transfer_time,1780474502.5457892,0.000027635
experiment_name,a48cfd35-9c5d-4f91-86d8-f18f35847628,function_transfer_time,1780474502.6471384,0.000101213
experiment_name,a48cfd35-9c5d-4f91-86d8-f18f35847628,function_transfer_time,1780474502.7484658,0.000090953
experiment_name,a48cfd35-9c5d-4f91-86d8-f18f35847628,function_transfer_time,1780474502.8498206,0.000025958
experiment_name,a48cfd35-9c5d-4f91-86d8-f18f35847628,function_transfer_time,1780474502.9511378,0.000085048
experiment_name,a48cfd35-9c5d-4f91-86d8-f18f35847628,function_transfer_time,1780474503.0524628,0.000085486
experiment_name,a48cfd35-9c5d-4f91-86d8-f18f35847628,function_transfer_time,1780474503.1537917,0.000083284
experiment_name,a48cfd35-9c5d-4f91-86d8-f18f35847628,function_transfer_time,1780474503.2552915,0.000099077
experiment_name,a48cfd35-9c5d-4f91-86d8-f18f35847628,function_transfer_time,1780474503.3566449,0.000094777
experiment_name,a48cfd35-9c5d-4f91-86d8-f18f35847628,function_transfer_time,1780474503.4581044,0.000091669
experiment_name,a48cfd35-9c5d-4f91-86d8-f18f35847628,function_transfer_time,1780474503.5594764,0.000107857
experiment_name,a48cfd35-9c5d-4f91-86d8-f18f35847628,function_transfer_time,1780474503.660773,0.000077486
experiment_name,a48cfd35-9c5d-4f91-86d8-f18f35847628,function_transfer_time,1780474503.7621114,0.00008363
experiment_name,a48cfd35-9c5d-4f91-86d8-f18f35847628,function_transfer_time,1780474503.8626034,0.000077682
experiment_name,a48cfd35-9c5d-4f91-86d8-f18f35847628,function_transfer_time,1780474503.9639287,0.000089229
experiment_name,a48cfd35-9c5d-4f91-86d8-f18f35847628,function_transfer_time,1780474504.0652974,0.000028679
experiment_name,a48cfd35-9c5d-4f91-86d8-f18f35847628,function_transfer_time,1780474504.166592,0.00008442
experiment_name,a48cfd35-9c5d-4f91-86d8-f18f35847628,function_transfer_time,1780474504.2679276,0.000085517
experiment_name,a48cfd35-9c5d-4f91-86d8-f18f35847628,function_transfer_time,1780474504.3692183,0.000082678
experiment_name,a48cfd35-9c5d-4f91-86d8-f18f35847628,function_transfer_time,1780474504.469522,0.000083891
experiment_name,a48cfd35-9c5d-4f91-86d8-f18f35847628,function_transfer_time,1780474504.5708833,0.000086934
experiment_name,a48cfd35-9c5d-4f91-86d8-f18f35847628,function_transfer_time,1780474504.6722114,0.000098877
experiment_name,a48cfd35-9c5d-4f91-86d8-f18f35847628,function_transfer_time,1780474504.7725313,0.00007977
experiment_name,a48cfd35-9c5d-4f91-86d8-f18f35847628,function_transfer_time,1780474504.873891,0.000083081
experiment_name,a48cfd35-9c5d-4f91-86d8-f18f35847628,function_transfer_time,1780474504.9752247,0.000097398
experiment_name,a48cfd35-9c5d-4f91-86d8-f18f35847628,function_transfer_time,1780474505.0755482,0.000083926
experiment_name,a48cfd35-9c5d-4f91-86d8-f18f35847628,function_transfer_time,1780474505.176878,0.000093454
experiment_name,a48cfd35-9c5d-4f91-86d8-f18f35847628,function_transfer_time,1780474505.2782173,0.000078979
experiment_name,a48cfd35-9c5d-4f91-86d8-f18f35847628,function_transfer_time,1780474505.3784788,0.000021907
experiment_name,a48cfd35-9c5d-4f91-86d8-f18f35847628,function_transfer_time,1780474505.4797802,0.000027912
experiment_name,a48cfd35-9c5d-4f91-86d8-f18f35847628,function_transfer_time,1780474505.581102,0.000085722
experiment_name,a48cfd35-9c5d-4f91-86d8-f18f35847628,function_transfer_time,1780474505.6824238,0.000097165
experiment_name,a48cfd35-9c5d-4f91-86d8-f18f35847628,function_transfer_time,1780474505.7837846,0.000080532
experiment_name,a48cfd35-9c5d-4f91-86d8-f18f35847628,function_transfer_time,1780474505.885166,0.000084563
experiment_name,a48cfd35-9c5d-4f91-86d8-f18f35847628,function_transfer_time,1780474505.9855208,0.000098279
experiment_name,a48cfd35-9c5d-4f91-86d8-f18f35847628,function_execution_time,1780474506.087341,0.000075774
experiment_name,a48cfd35-9c5d-4f91-86d8-f18f35847628,function_execution_time,1780474506.1886952,0.000082827
experiment_name,a48cfd35-9c5d-4f91-86d8-f18f35847628,function_execution_time,1780474506.2900364,0.000089577
experiment_name,a48cfd35-9c5d-4f91-86d8-f18f35847628,function_execution_time,1780474506.391324,0.000093347
experiment_name,a48cfd35-9c5d-4f91-86d8-f18f35847628,function_execution_time,1780474506.4916635,0.000074644
experiment_name,a48cfd35-9c5d-4f91-86d8-f18f35847628,function_execution_time,1780474506.5931723,0.000071594
experiment_name,a48cfd35-9c5d-4f91-86d8-f18f35847628,function_execution_time,1780474506.6945865,0.000111492
experiment_name,a48cfd35-9c5d-4f91-86d8-f18f35847628,function_execution_time,1780474506.7959294,0.000171193
experiment_name,a48cfd35-9c5d-4f91-86d8-f18f35847628,function_execution_time,1780474506.8972359,0.000078032
experiment_name,a48cfd35-9c5d-4f91-86d8-f18f35847628,function_execution_time,1780474506.9986057,0.000098211
experiment_name,a48cfd35-9c5d-4f91-86d8-f18f35847628,function_execution_time,1780474507.0998654,0.000070505
experiment_name,a48cfd35-9c5d-4f91-86d8-f18f35847628,function_execution_time,1780474507.2012005,0.000074095
experiment_name,a48cfd35-9c5d-4f91-86d8-f18f35847628,function_execution_time,1780474507.3025815,0.000083405
experiment_name,a48cfd35-9c5d-4f91-86d8-f18f35847628,function_execution_time,1780474507.40404,0.00008222
experiment_name,a48cfd35-9c5d-4f91-86d8-f18f35847628,function_execution_time,1780474507.5053766,0.000086771
experiment_name,a48cfd35-9c5d-4f91-86d8-f18f35847628,function_execution_time,1780474507.605822,0.000078252
experiment_name,a48cfd35-9c5d-4f91-86d8-f18f35847628,function_execution_time,1780474507.7071483,0.000113437
experiment_name,a48cfd35-9c5d-4f91-86d8-f18f35847628,function_execution_time,1780474507.8085418,0.000189266
experiment_name,a48cfd35-9c5d-4f91-86d8-f18f35847628,function_execution_time,1780474507.9098675,0.000078871
experiment_name,a48cfd35-9c5d-4f91-86d8-f18f35847628,function_execution_time,1780474508.0111752,0.000079143
experiment_name,a48cfd35-9c5d-4f91-86d8-f18f35847628,function_execution_time,1780474508.1125455,0.000085056
experiment_name,a48cfd35-9c5d-4f91-86d8-f18f35847628,function_execution_time,1780474508.2139096,0.000089312
experiment_name,a48cfd35-9c5d-4f91-86d8-f18f35847628,function_execution_time,1780474508.3151631,0.000074582
experiment_name,a48cfd35-9c5d-4f91-86d8-f18f35847628,function_execution_time,1780474508.4166043,0.000103859
experiment_name,a48cfd35-9c5d-4f91-86d8-f18f35847628,function_execution_time,1780474508.5178432,0.000070222
experiment_name,a48cfd35-9c5d-4f91-86d8-f18f35847628,function_execution_time,1780474508.619217,0.00008565
experiment_name,a48cfd35-9c5d-4f91-86d8-f18f35847628,function_execution_time,1780474508.7204134,0.000073872
experiment_name,a48cfd35-9c5d-4f91-86d8-f18f35847628,function_execution_time,1780474508.8218858,0.000157103
experiment_name,a48cfd35-9c5d-4f91-86d8-f18f35847628,function_execution_time,1780474508.923225,0.000091957
experiment_name,a48cfd35-9c5d-4f91-86d8-f18f35847628,function_execution_time,1780474509.0245361,0.000104499
experiment_name,a48cfd35-9c5d-4f91-86d8-f18f35847628,function_execution_time,1780474509.1259317,0.000096539
experiment_name,a48cfd35-9c5d-4f91-86d8-f18f35847628,function_execution_time,1780474509.22712,0.000076524
experiment_name,a48cfd35-9c5d-4f91-86d8-f18f35847628,function_execution_time,1780474509.3284411,0.000073998
experiment_name,a48cfd35-9c5d-4f91-86d8-f18f35847628,function_execution_time,1780474509.429823,0.000111224
experiment_name,a48cfd35-9c5d-4f91-86d8-f18f35847628,function_execution_time,1780474509.531055,0.000078689
experiment_name,a48cfd35-9c5d-4f91-86d8-f18f35847628,function_execution_time,1780474509.6324172,0.000083739
experiment_name,a48cfd35-9c5d-4f91-86d8-f18f35847628,function_execution_time,1780474509.7337306,0.000070933
experiment_name,a48cfd35-9c5d-4f91-86d8-f18f35847628,function_execution_time,1780474509.8351393,0.000166426
experiment_name,a48cfd35-9c5d-4f91-86d8-f18f35847628,function_execution_time,1780474509.9365091,0.000133366
experiment_name,a48cfd35-9c5d-4f91-86d8-f18f35847628,function_execution_time,1780474510.0378883,0.00009912
experiment_name,a48cfd35-9c5d-4f91-86d8-f18f35847628,function_execution_time,1780474510.1392293,0.0000954
experiment_name,a48cfd35-9c5d-4f91-86d8-f18f35847628,function_execution_time,1780474510.2404606,0.00011277
experiment_name,a48cfd35-9c5d-4f91-86d8-f18f35847628,function_execution_time,1780474510.3417506,0.000080174
experiment_name,a48cfd35-9c5d-4f91-86d8-f18f35847628,function_execution_time,1780474510.443077,0.000078548
experiment_name,a48cfd35-9c5d-4f91-86d8-f18f35847628,function_execution_time,1780474510.5443823,0.000105758
experiment_name,a48cfd35-9c5d-4f91-86d8-f18f35847628,function_execution_time,1780474510.6457791,0.000091905
experiment_name,a48cfd35-9c5d-4f91-86d8-f18f35847628,function_execution_time,1780474510.7470627,0.000075101
experiment_name,a48cfd35-9c5d-4f91-86d8-f18f35847628,function_execution_time,1780474510.848564,0.000183596
experiment_name,a48cfd35-9c5d-4f91-86d8-f18f35847628,function_execution_time,1780474510.9498215,0.000084409
experiment_name,b9378986-f8ed-4874-b02a-dc3f06f63cdb,function_execution_time,1780474506.0875125,0.000082271
experiment_name,b9378986-f8ed-4874-b02a-dc3f06f63cdb,function_execution_time,1780474506.1888468,0.000059185
experiment_name,b9378986-f8ed-4874-b02a-dc3f06f63cdb,function_execution_time,1780474506.290191,0.000055938
experiment_name,b9378986-f8ed-4874-b02a-dc3f06f63cdb,function_execution_time,1780474506.3913846,0.000063607
experiment_name,b9378986-f8ed-4874-b02a-dc3f06f63cdb,function_execution_time,1780474506.4918416,0.000064591
experiment_name,b9378986-f8ed-4874-b02a-dc3f06f63cdb,function_execution_time,1780474506.5933478,0.000067945
experiment_name,b9378986-f8ed-4874-b02a-dc3f06f63cdb,function_execution_time,1780474506.6946108,0.00006991
experiment_name,b9378986-f8ed-4874-b02a-dc3f06f63cdb,function_execution_time,1780474506.7959952,0.000070126
experiment_name,b9378986-f8ed-4874-b02a-dc3f06f63cdb,function_execution_time,1780474506.8973901,0.000054998
experiment_name,b9378986-f8ed-4874-b02a-dc3f06f63cdb,function_execution_time,1780474506.9986806,0.000063073
experiment_name,b9378986-f8ed-4874-b02a-dc3f06f63cdb,function_execution_time,1780474507.0999615,0.000070559
experiment_name,b9378986-f8ed-4874-b02a-dc3f06f63cdb,function_execution_time,1780474507.2013495,0.000068725
experiment_name,b9378986-f8ed-4874-b02a-dc3f06f63cdb,function_execution_time,1780474507.3026648,0.000055964
experiment_name,b9378986-f8ed-4874-b02a-dc3f06f63cdb,function_execution_time,1780474507.4041927,0.000060566
experiment_name,b9378986-f8ed-4874-b02a-dc3f06f63cdb,function_execution_time,1780474507.5054862,0.000072511
experiment_name,b9378986-f8ed-4874-b02a-dc3f06f63cdb,function_execution_time,1780474507.6059108,0.000063697
experiment_name,b9378986-f8ed-4874-b02a-dc3f06f63cdb,function_execution_time,1780474507.7072062,0.000076947
experiment_name,b9378986-f8ed-4874-b02a-dc3f06f63cdb,function_execution_time,1780474507.8086026,0.000059148
experiment_name,b9378986-f8ed-4874-b02a-dc3f06f63cdb,function_execution_time,1780474507.9099603,0.000067113
experiment_name,b9378986-f8ed-4874-b02a-dc3f06f63cdb,function_execution_time,1780474508.011313,0.000054602
experiment_name,b9378986-f8ed-4874-b02a-dc3f06f63cdb,function_execution_time,1780474508.112689,0.000064422
experiment_name,b9378986-f8ed-4874-b02a-dc3f06f63cdb,function_execution_time,1780474508.2139843,0.000055957
experiment_name,b9378986-f8ed-4874-b02a-dc3f06f63cdb,function_execution_time,1780474508.315322,0.000056009
experiment_name,b9378986-f8ed-4874-b02a-dc3f06f63cdb,function_execution_time,1780474508.4166574,0.000064735
experiment_name,b9378986-f8ed-4874-b02a-dc3f06f63cdb,function_execution_time,1780474508.5179937,0.000056621
experiment_name,b9378986-f8ed-4874-b02a-dc3f06f63cdb,function_execution_time,1780474508.6193137,0.000066441
experiment_name,b9378986-f8ed-4874-b02a-dc3f06f63cdb,function_execution_time,1780474508.7205532,0.000056305
experiment_name,b9378986-f8ed-4874-b02a-dc3f06f63cdb,function_execution_time,1780474508.8219397,0.000056288
experiment_name,b9378986-f8ed-4874-b02a-dc3f06f63cdb,function_execution_time,1780474508.9233353,0.000058733
experiment_name,b9378986-f8ed-4874-b02a-dc3f06f63cdb,function_execution_time,1780474509.0246572,0.000067244
experiment_name,b9378986-f8ed-4874-b02a-dc3f06f63cdb,function_execution_time,1780474509.1260006,0.000055784
experiment_name,b9378986-f8ed-4874-b02a-dc3f06f63cdb,function_execution_time,1780474509.2272801,0.00006008
experiment_name,b9378986-f8ed-4874-b02a-dc3f06f63cdb,function_execution_time,1780474509.328521,0.000053927
experiment_name,b9378986-f8ed-4874-b02a-dc3f06f63cdb,function_execution_time,1780474509.4298434,0.000082487
experiment_name,b9378986-f8ed-4874-b02a-dc3f06f63cdb,function_execution_time,1780474509.531207,0.000058955
experiment_name,b9378986-f8ed-4874-b02a-dc3f06f63cdb,function_execution_time,1780474509.6325622,0.000055289
experiment_name,b9378986-f8ed-4874-b02a-dc3f06f63cdb,function_execution_time,1780474509.7338927,0.00006028
experiment_name,b9378986-f8ed-4874-b02a-dc3f06f63cdb,function_execution_time,1780474509.8351908,0.000055116
experiment_name,b9378986-f8ed-4874-b02a-dc3f06f63cdb,function_execution_time,1780474509.9366207,0.000067609
experiment_name,b9378986-f8ed-4874-b02a-dc3f06f63cdb,function_execution_time,1780474510.0379844,0.000058339
experiment_name,b9378986-f8ed-4874-b02a-dc3f06f63cdb,function_execution_time,1780474510.1393232,0.00006128
experiment_name,b9378986-f8ed-4874-b02a-dc3f06f63cdb,function_execution_time,1780474510.2405221,0.000064585
experiment_name,b9378986-f8ed-4874-b02a-dc3f06f63cdb,function_execution_time,1780474510.3419034,0.00006696
experiment_name,b9378986-f8ed-4874-b02a-dc3f06f63cdb,function_execution_time,1780474510.4431608,0.000061838
experiment_name,b9378986-f8ed-4874-b02a-dc3f06f63cdb,function_execution_time,1780474510.5444605,0.000068005
experiment_name,b9378986-f8ed-4874-b02a-dc3f06f63cdb,function_execution_time,1780474510.6458898,0.000057303
experiment_name,b9378986-f8ed-4874-b02a-dc3f06f63cdb,function_execution_time,1780474510.7471411,0.000060369
experiment_name,b9378986-f8ed-4874-b02a-dc3f06f63cdb,function_execution_time,1780474510.8486536,0.000065354
experiment_name,b9378986-f8ed-4874-b02a-dc3f06f63cdb,function_execution_time,1780474510.9499078,0.00005745
experiment_name,b9378986-f8ed-4874-b02a-dc3f06f63cdb,function_transfer_time,1780474506.087447,0.000117106
experiment_name,b9378986-f8ed-4874-b02a-dc3f06f63cdb,function_transfer_time,1780474506.188787,0.00012409
experiment_name,b9378986-f8ed-4874-b02a-dc3f06f63cdb,function_transfer_time,1780474506.2901375,0.000125631
experiment_name,b9378986-f8ed-4874-b02a-dc3f06f63cdb,function_transfer_time,1780474506.3913207,0.000035953
experiment_name,b9378986-f8ed-4874-b02a-dc3f06f63cdb,function_transfer_time,1780474506.4917712,0.000128567
experiment_name,b9378986-f8ed-4874-b02a-dc3f06f63cdb,function_transfer_time,1780474506.593279,0.000140516
experiment_name,b9378986-f8ed-4874-b02a-dc3f06f63cdb,function_transfer_time,1780474506.6945822,0.000035699
experiment_name,b9378986-f8ed-4874-b02a-dc3f06f63cdb,function_transfer_time,1780474506.7959256,0.000042642
experiment_name,b9378986-f8ed-4874-b02a-dc3f06f63cdb,function_transfer_time,1780474506.8973343,0.000124336
experiment_name,b9378986-f8ed-4874-b02a-dc3f06f63cdb,function_transfer_time,1780474506.9986095,0.000100028
experiment_name,b9378986-f8ed-4874-b02a-dc3f06f63cdb,function_transfer_time,1780474507.0999386,0.000064295
experiment_name,b9378986-f8ed-4874-b02a-dc3f06f63cdb,function_transfer_time,1780474507.2012806,0.000105007
experiment_name,b9378986-f8ed-4874-b02a-dc3f06f63cdb,function_transfer_time,1780474507.3026023,0.000104306
experiment_name,b9378986-f8ed-4874-b02a-dc3f06f63cdb,function_transfer_time,1780474507.4041314,0.000120698
experiment_name,b9378986-f8ed-4874-b02a-dc3f06f63cdb,function_transfer_time,1780474507.5054016,0.000117616
experiment_name,b9378986-f8ed-4874-b02a-dc3f06f63cdb,function_transfer_time,1780474507.605893,0.00004865
experiment_name,b9378986-f8ed-4874-b02a-dc3f06f63cdb,function_transfer_time,1780474507.7071292,0.000037165
experiment_name,b9378986-f8ed-4874-b02a-dc3f06f63cdb,function_transfer_time,1780474507.8085387,0.000040466
experiment_name,b9378986-f8ed-4874-b02a-dc3f06f63cdb,function_transfer_time,1780474507.9099338,0.0000619
experiment_name,b9378986-f8ed-4874-b02a-dc3f06f63cdb,function_transfer_time,1780474508.011258,0.000104978
experiment_name,b9378986-f8ed-4874-b02a-dc3f06f63cdb,function_transfer_time,1780474508.1126196,0.000105883
experiment_name,b9378986-f8ed-4874-b02a-dc3f06f63cdb,function_transfer_time,1780474508.2139268,0.000106138
experiment_name,b9378986-f8ed-4874-b02a-dc3f06f63cdb,function_transfer_time,1780474508.3152657,0.000127552
experiment_name,b9378986-f8ed-4874-b02a-dc3f06f63cdb,function_transfer_time,1780474508.4166076,0.000096088
experiment_name,b9378986-f8ed-4874-b02a-dc3f06f63cdb,function_transfer_time,1780474508.5179365,0.000125563
experiment_name,b9378986-f8ed-4874-b02a-dc3f06f63cdb,function_transfer_time,1780474508.6192403,0.000103921
experiment_name,b9378986-f8ed-4874-b02a-dc3f06f63cdb,function_transfer_time,1780474508.7204964,0.000111431
experiment_name,b9378986-f8ed-4874-b02a-dc3f06f63cdb,function_transfer_time,1780474508.821883,0.000036815
experiment_name,b9378986-f8ed-4874-b02a-dc3f06f63cdb,function_transfer_time,1780474508.9232693,0.000093569
experiment_name,b9378986-f8ed-4874-b02a-dc3f06f63cdb,function_transfer_time,1780474509.0245848,0.000096647
experiment_name,b9378986-f8ed-4874-b02a-dc3f06f63cdb,function_transfer_time,1780474509.1259356,0.00010302
experiment_name,b9378986-f8ed-4874-b02a-dc3f06f63cdb,function_transfer_time,1780474509.227219,0.000125435
experiment_name,b9378986-f8ed-4874-b02a-dc3f06f63cdb,function_transfer_time,1780474509.3285127,0.000056717
experiment_name,b9378986-f8ed-4874-b02a-dc3f06f63cdb,function_transfer_time,1780474509.4298193,0.00003484
experiment_name,b9378986-f8ed-4874-b02a-dc3f06f63cdb,function_transfer_time,1780474509.5311441,0.000115061
experiment_name,b9378986-f8ed-4874-b02a-dc3f06f63cdb,function_transfer_time,1780474509.6325064,0.000113088
experiment_name,b9378986-f8ed-4874-b02a-dc3f06f63cdb,function_transfer_time,1780474509.7338316,0.000136319
experiment_name,b9378986-f8ed-4874-b02a-dc3f06f63cdb,function_transfer_time,1780474509.835136,0.000036319
experiment_name,b9378986-f8ed-4874-b02a-dc3f06f63cdb,function_transfer_time,1780474509.9365413,0.000092338
experiment_name,b9378986-f8ed-4874-b02a-dc3f06f63cdb,function_transfer_time,1780474510.0379193,0.000124554
experiment_name,b9378986-f8ed-4874-b02a-dc3f06f63cdb,function_transfer_time,1780474510.139257,0.000125682
experiment_name,b9378986-f8ed-4874-b02a-dc3f06f63cdb,function_transfer_time,1780474510.2404578,0.000050353
experiment_name,b9378986-f8ed-4874-b02a-dc3f06f63cdb,function_transfer_time,1780474510.3418357,0.000113028
experiment_name,b9378986-f8ed-4874-b02a-dc3f06f63cdb,function_transfer_time,1780474510.443098,0.000055054
experiment_name,b9378986-f8ed-4874-b02a-dc3f06f63cdb,function_transfer_time,1780474510.5443802,0.000036017
experiment_name,b9378986-f8ed-4874-b02a-dc3f06f63cdb,function_transfer_time,1780474510.645826,0.000095956
experiment_name,b9378986-f8ed-4874-b02a-dc3f06f63cdb,function_transfer_time,1780474510.7471385,0.000050321
experiment_name,b9378986-f8ed-4874-b02a-dc3f06f63cdb,function_transfer_time,1780474510.8485878,0.000106544
experiment_name,b9378986-f8ed-4874-b02a-dc3f06f63cdb,function_transfer_time,1780474510.9498425,0.000049883
experiment_name,a48cfd35-9c5d-4f91-86d8-f18f35847628,function_transfer_time,1780474506.0872543,0.000085127
experiment_name,a48cfd35-9c5d-4f91-86d8-f18f35847628,function_transfer_time,1780474506.1886117,0.000085345
experiment_name,a48cfd35-9c5d-4f91-86d8-f18f35847628,function_transfer_time,1780474506.2899485,0.000098771
experiment_name,a48cfd35-9c5d-4f91-86d8-f18f35847628,function_transfer_time,1780474506.3912258,0.000028192
experiment_name,a48cfd35-9c5d-4f91-86d8-f18f35847628,function_transfer_time,1780474506.4915862,0.000026187
experiment_name,a48cfd35-9c5d-4f91-86d8-f18f35847628,function_transfer_time,1780474506.593086,0.00008303
experiment_name,a48cfd35-9c5d-4f91-86d8-f18f35847628,function_transfer_time,1780474506.694443,0.000078667
experiment_name,a48cfd35-9c5d-4f91-86d8-f18f35847628,function_transfer_time,1780474506.7957506,0.000082181
experiment_name,a48cfd35-9c5d-4f91-86d8-f18f35847628,function_transfer_time,1780474506.8971577,0.000083786
experiment_name,a48cfd35-9c5d-4f91-86d8-f18f35847628,function_transfer_time,1780474506.9984627,0.000093828
experiment_name,a48cfd35-9c5d-4f91-86d8-f18f35847628,function_transfer_time,1780474507.0997753,0.000083823
experiment_name,a48cfd35-9c5d-4f91-86d8-f18f35847628,function_transfer_time,1780474507.2011232,0.000086331
experiment_name,a48cfd35-9c5d-4f91-86d8-f18f35847628,function_transfer_time,1780474507.3024392,0.000088078
experiment_name,a48cfd35-9c5d-4f91-86d8-f18f35847628,function_transfer_time,1780474507.4039514,0.000098131
experiment_name,a48cfd35-9c5d-4f91-86d8-f18f35847628,function_transfer_time,1780474507.5052316,0.00002645
experiment_name,a48cfd35-9c5d-4f91-86d8-f18f35847628,function_transfer_time,1780474507.605743,0.000087341
experiment_name,a48cfd35-9c5d-4f91-86d8-f18f35847628,function_transfer_time,1780474507.7070313,0.000027125
experiment_name,a48cfd35-9c5d-4f91-86d8-f18f35847628,function_transfer_time,1780474507.808353,0.000094807
experiment_name,a48cfd35-9c5d-4f91-86d8-f18f35847628,function_transfer_time,1780474507.9097736,0.000083219
experiment_name,a48cfd35-9c5d-4f91-86d8-f18f35847628,function_transfer_time,1780474508.0110981,0.000084673
experiment_name,a48cfd35-9c5d-4f91-86d8-f18f35847628,function_transfer_time,1780474508.1124587,0.000107839
experiment_name,a48cfd35-9c5d-4f91-86d8-f18f35847628,function_transfer_time,1780474508.213764,0.000085132
experiment_name,a48cfd35-9c5d-4f91-86d8-f18f35847628,function_transfer_time,1780474508.3150861,0.000081924
experiment_name,a48cfd35-9c5d-4f91-86d8-f18f35847628,function_transfer_time,1780474508.416494,0.000087953
experiment_name,a48cfd35-9c5d-4f91-86d8-f18f35847628,function_transfer_time,1780474508.5177608,0.000090441
experiment_name,a48cfd35-9c5d-4f91-86d8-f18f35847628,function_transfer_time,1780474508.6190848,0.000079184
experiment_name,a48cfd35-9c5d-4f91-86d8-f18f35847628,function_transfer_time,1780474508.7203305,0.000028466
experiment_name,a48cfd35-9c5d-4f91-86d8-f18f35847628,function_transfer_time,1780474508.8217297,0.000095823
experiment_name,a48cfd35-9c5d-4f91-86d8-f18f35847628,function_transfer_time,1780474508.9231243,0.000082024
experiment_name,a48cfd35-9c5d-4f91-86d8-f18f35847628,function_transfer_time,1780474509.0244217,0.000085133
experiment_name,a48cfd35-9c5d-4f91-86d8-f18f35847628,function_transfer_time,1780474509.125781,0.000090136
experiment_name,a48cfd35-9c5d-4f91-86d8-f18f35847628,function_transfer_time,1780474509.2270389,0.000028652
experiment_name,a48cfd35-9c5d-4f91-86d8-f18f35847628,function_transfer_time,1780474509.328357,0.000082803
experiment_name,a48cfd35-9c5d-4f91-86d8-f18f35847628,function_transfer_time,1780474509.4296694,0.000095114
experiment_name,a48cfd35-9c5d-4f91-86d8-f18f35847628,function_transfer_time,1780474509.531051,0.000082091
experiment_name,a48cfd35-9c5d-4f91-86d8-f18f35847628,function_transfer_time,1780474509.6323364,0.000083727
experiment_name,a48cfd35-9c5d-4f91-86d8-f18f35847628,function_transfer_time,1780474509.7336457,0.000083009
experiment_name,a48cfd35-9c5d-4f91-86d8-f18f35847628,function_transfer_time,1780474509.8349705,0.000077795
experiment_name,a48cfd35-9c5d-4f91-86d8-f18f35847628,function_transfer_time,1780474509.9363673,0.000094392
experiment_name,a48cfd35-9c5d-4f91-86d8-f18f35847628,function_transfer_time,1780474510.0377376,0.000091123
experiment_name,a48cfd35-9c5d-4f91-86d8-f18f35847628,function_transfer_time,1780474510.1390817,0.000080145
experiment_name,a48cfd35-9c5d-4f91-86d8-f18f35847628,function_transfer_time,1780474510.2403452,0.000027294
experiment_name,a48cfd35-9c5d-4f91-86d8-f18f35847628,function_transfer_time,1780474510.3416715,0.000082103
experiment_name,a48cfd35-9c5d-4f91-86d8-f18f35847628,function_transfer_time,1780474510.442988,0.000084021
experiment_name,a48cfd35-9c5d-4f91-86d8-f18f35847628,function_transfer_time,1780474510.5442798,0.000030772
experiment_name,a48cfd35-9c5d-4f91-86d8-f18f35847628,function_transfer_time,1780474510.6456804,0.000087002
experiment_name,a48cfd35-9c5d-4f91-86d8-f18f35847628,function_transfer_time,1780474510.746986,0.000087382
experiment_name,a48cfd35-9c5d-4f91-86d8-f18f35847628,function_transfer_time,1780474510.8483956,0.000091951
experiment_name,a48cfd35-9c5d-4f91-86d8-f18f35847628,function_transfer_time,1780474510.9497395,0.000028596
experiment_name,b9378986-f8ed-4874-b02a-dc3f06f63cdb,function_execution_time,1780474511.050967,0.000057679
experiment_name,b9378986-f8ed-4874-b02a-dc3f06f63cdb,function_execution_time,1780474511.1521437,0.000058806
experiment_name,b9378986-f8ed-4874-b02a-dc3f06f63cdb,function_execution_time,1780474511.2535625,0.000055969
experiment_name,b9378986-f8ed-4874-b02a-dc3f06f63cdb,function_execution_time,1780474511.3549998,0.000057187
experiment_name,b9378986-f8ed-4874-b02a-dc3f06f63cdb,function_execution_time,1780474511.456339,0.000065715
experiment_name,b9378986-f8ed-4874-b02a-dc3f06f63cdb,function_execution_time,1780474511.5566921,0.000056639
experiment_name,b9378986-f8ed-4874-b02a-dc3f06f63cdb,function_execution_time,1780474511.6582046,0.000064047
experiment_name,b9378986-f8ed-4874-b02a-dc3f06f63cdb,function_execution_time,1780474511.7594812,0.000080767
experiment_name,b9378986-f8ed-4874-b02a-dc3f06f63cdb,function_execution_time,1780474511.860837,0.000059692
experiment_name,b9378986-f8ed-4874-b02a-dc3f06f63cdb,function_execution_time,1780474511.9622192,0.000055343
experiment_name,b9378986-f8ed-4874-b02a-dc3f06f63cdb,function_execution_time,1780474512.0636127,0.000063429
experiment_name,b9378986-f8ed-4874-b02a-dc3f06f63cdb,function_execution_time,1780474512.1649141,0.000064629
experiment_name,b9378986-f8ed-4874-b02a-dc3f06f63cdb,function_execution_time,1780474512.2662766,0.000055349
experiment_name,b9378986-f8ed-4874-b02a-dc3f06f63cdb,function_execution_time,1780474512.3675904,0.000055896
experiment_name,b9378986-f8ed-4874-b02a-dc3f06f63cdb,function_execution_time,1780474512.4688926,0.000055863
experiment_name,b9378986-f8ed-4874-b02a-dc3f06f63cdb,function_execution_time,1780474512.5702825,0.00005471
experiment_name,b9378986-f8ed-4874-b02a-dc3f06f63cdb,function_execution_time,1780474512.6716096,0.000068633
experiment_name,b9378986-f8ed-4874-b02a-dc3f06f63cdb,function_execution_time,1780474512.7731202,0.000055893
experiment_name,b9378986-f8ed-4874-b02a-dc3f06f63cdb,function_execution_time,1780474512.874465,0.000071365
experiment_name,b9378986-f8ed-4874-b02a-dc3f06f63cdb,function_execution_time,1780474512.9758914,0.000059014
experiment_name,b9378986-f8ed-4874-b02a-dc3f06f63cdb,function_execution_time,1780474513.0772166,0.000071715
experiment_name,b9378986-f8ed-4874-b02a-dc3f06f63cdb,function_execution_time,1780474513.178509,0.000080669
experiment_name,b9378986-f8ed-4874-b02a-dc3f06f63cdb,function_execution_time,1780474513.2798815,0.000056134
experiment_name,b9378986-f8ed-4874-b02a-dc3f06f63cdb,function_execution_time,1780474513.3813376,0.000057164
experiment_name,b9378986-f8ed-4874-b02a-dc3f06f63cdb,function_execution_time,1780474513.482626,0.000067281
experiment_name,b9378986-f8ed-4874-b02a-dc3f06f63cdb,function_execution_time,1780474513.5840158,0.000057344
experiment_name,b9378986-f8ed-4874-b02a-dc3f06f63cdb,function_execution_time,1780474513.6853478,0.000059511
experiment_name,b9378986-f8ed-4874-b02a-dc3f06f63cdb,function_execution_time,1780474513.786713,0.000058308
experiment_name,b9378986-f8ed-4874-b02a-dc3f06f63cdb,function_execution_time,1780474513.8879814,0.00005444
experiment_name,b9378986-f8ed-4874-b02a-dc3f06f63cdb,function_execution_time,1780474513.9893267,0.000075422
experiment_name,b9378986-f8ed-4874-b02a-dc3f06f63cdb,function_execution_time,1780474514.0906758,0.000055136
experiment_name,b9378986-f8ed-4874-b02a-dc3f06f63cdb,function_execution_time,1780474514.191955,0.00005637
experiment_name,b9378986-f8ed-4874-b02a-dc3f06f63cdb,function_execution_time,1780474514.2932715,0.000059057
experiment_name,b9378986-f8ed-4874-b02a-dc3f06f63cdb,function_execution_time,1780474514.3945577,0.00006377
experiment_name,b9378986-f8ed-4874-b02a-dc3f06f63cdb,function_execution_time,1780474514.4959624,0.000055538
experiment_name,b9378986-f8ed-4874-b02a-dc3f06f63cdb,function_execution_time,1780474514.5974493,0.000058277
experiment_name,b9378986-f8ed-4874-b02a-dc3f06f63cdb,function_execution_time,1780474514.6977913,0.000058697
experiment_name,b9378986-f8ed-4874-b02a-dc3f06f63cdb,function_execution_time,1780474514.7990887,0.000056485
experiment_name,b9378986-f8ed-4874-b02a-dc3f06f63cdb,function_execution_time,1780474514.900417,0.000065749
experiment_name,b9378986-f8ed-4874-b02a-dc3f06f63cdb,function_execution_time,1780474515.0018287,0.000059319
experiment_name,b9378986-f8ed-4874-b02a-dc3f06f63cdb,function_execution_time,1780474515.1031442,0.000059732
experiment_name,b9378986-f8ed-4874-b02a-dc3f06f63cdb,function_execution_time,1780474515.2045166,0.000056978
experiment_name,b9378986-f8ed-4874-b02a-dc3f06f63cdb,function_execution_time,1780474515.3058262,0.000061544
experiment_name,b9378986-f8ed-4874-b02a-dc3f06f63cdb,function_execution_time,1780474515.4071624,0.000057156
experiment_name,b9378986-f8ed-4874-b02a-dc3f06f63cdb,function_execution_time,1780474515.5086346,0.000057325
experiment_name,b9378986-f8ed-4874-b02a-dc3f06f63cdb,function_execution_time,1780474515.6099885,0.000057784
experiment_name,b9378986-f8ed-4874-b02a-dc3f06f63cdb,function_execution_time,1780474515.711319,0.000059539
experiment_name,b9378986-f8ed-4874-b02a-dc3f06f63cdb,function_execution_time,1780474515.8126614,0.000067245
experiment_name,b9378986-f8ed-4874-b02a-dc3f06f63cdb,function_execution_time,1780474515.913891,0.000056092
experiment_name,b9378986-f8ed-4874-b02a-dc3f06f63cdb,function_execution_time,1780474516.0152469,0.000056375
experiment_name,a48cfd35-9c5d-4f91-86d8-f18f35847628,function_execution_time,1780474511.050802,0.000075035
experiment_name,a48cfd35-9c5d-4f91-86d8-f18f35847628,function_execution_time,1780474511.1520905,0.000098829
experiment_name,a48cfd35-9c5d-4f91-86d8-f18f35847628,function_execution_time,1780474511.2535496,0.00010856
experiment_name,a48cfd35-9c5d-4f91-86d8-f18f35847628,function_execution_time,1780474511.354931,0.000088095
experiment_name,a48cfd35-9c5d-4f91-86d8-f18f35847628,function_execution_time,1780474511.4562473,0.000071904
experiment_name,a48cfd35-9c5d-4f91-86d8-f18f35847628,function_execution_time,1780474511.556598,0.000091615
experiment_name,a48cfd35-9c5d-4f91-86d8-f18f35847628,function_execution_time,1780474511.6580281,0.000077055
experiment_name,a48cfd35-9c5d-4f91-86d8-f18f35847628,function_execution_time,1780474511.7593749,0.000080024
experiment_name,a48cfd35-9c5d-4f91-86d8-f18f35847628,function_execution_time,1780474511.8607838,0.000169593
experiment_name,a48cfd35-9c5d-4f91-86d8-f18f35847628,function_execution_time,1780474511.9621515,0.00009878
experiment_name,a48cfd35-9c5d-4f91-86d8-f18f35847628,function_execution_time,1780474512.0635016,0.000105166
experiment_name,a48cfd35-9c5d-4f91-86d8-f18f35847628,function_execution_time,1780474512.1647615,0.000081701
experiment_name,a48cfd35-9c5d-4f91-86d8-f18f35847628,function_execution_time,1780474512.2661695,0.000092839
experiment_name,a48cfd35-9c5d-4f91-86d8-f18f35847628,function_execution_time,1780474512.367452,0.000073975
experiment_name,a48cfd35-9c5d-4f91-86d8-f18f35847628,function_execution_time,1780474512.468831,0.000080819
experiment_name,a48cfd35-9c5d-4f91-86d8-f18f35847628,function_execution_time,1780474512.5701334,0.000082742
experiment_name,a48cfd35-9c5d-4f91-86d8-f18f35847628,function_execution_time,1780474512.6714892,0.000110607
experiment_name,a48cfd35-9c5d-4f91-86d8-f18f35847628,function_execution_time,1780474512.7729607,0.000075343
experiment_name,a48cfd35-9c5d-4f91-86d8-f18f35847628,function_execution_time,1780474512.8743963,0.000167543
experiment_name,a48cfd35-9c5d-4f91-86d8-f18f35847628,function_execution_time,1780474512.9757884,0.00009549
experiment_name,a48cfd35-9c5d-4f91-86d8-f18f35847628,function_execution_time,1780474513.0770655,0.000072252
experiment_name,a48cfd35-9c5d-4f91-86d8-f18f35847628,function_execution_time,1780474513.1783957,0.000072856
experiment_name,a48cfd35-9c5d-4f91-86d8-f18f35847628,function_execution_time,1780474513.2797382,0.00008659
experiment_name,a48cfd35-9c5d-4f91-86d8-f18f35847628,function_execution_time,1780474513.381249,0.00008571
experiment_name,a48cfd35-9c5d-4f91-86d8-f18f35847628,function_execution_time,1780474513.482533,0.000086203
experiment_name,a48cfd35-9c5d-4f91-86d8-f18f35847628,function_execution_time,1780474513.5838592,0.000074643
experiment_name,a48cfd35-9c5d-4f91-86d8-f18f35847628,function_execution_time,1780474513.685199,0.000094183
experiment_name,a48cfd35-9c5d-4f91-86d8-f18f35847628,function_execution_time,1780474513.7865415,0.000076989
experiment_name,a48cfd35-9c5d-4f91-86d8-f18f35847628,function_execution_time,1780474513.8879292,0.000151415
experiment_name,a48cfd35-9c5d-4f91-86d8-f18f35847628,function_execution_time,1780474513.9892912,0.000100098
experiment_name,a48cfd35-9c5d-4f91-86d8-f18f35847628,function_execution_time,1780474514.0905426,0.000076774
experiment_name,a48cfd35-9c5d-4f91-86d8-f18f35847628,function_execution_time,1780474514.1918716,0.000090029
experiment_name,a48cfd35-9c5d-4f91-86d8-f18f35847628,function_execution_time,1780474514.293136,0.000083309
experiment_name,a48cfd35-9c5d-4f91-86d8-f18f35847628,function_execution_time,1780474514.3945446,0.000111035
experiment_name,a48cfd35-9c5d-4f91-86d8-f18f35847628,function_execution_time,1780474514.4958272,0.000080143
experiment_name,a48cfd35-9c5d-4f91-86d8-f18f35847628,function_execution_time,1780474514.597275,0.000075038
experiment_name,a48cfd35-9c5d-4f91-86d8-f18f35847628,function_execution_time,1780474514.6976938,0.000094016
experiment_name,a48cfd35-9c5d-4f91-86d8-f18f35847628,function_execution_time,1780474514.7989342,0.000078304
experiment_name,a48cfd35-9c5d-4f91-86d8-f18f35847628,function_execution_time,1780474514.9003546,0.000169929
experiment_name,a48cfd35-9c5d-4f91-86d8-f18f35847628,function_execution_time,1780474515.0017614,0.000095133
experiment_name,a48cfd35-9c5d-4f91-86d8-f18f35847628,function_execution_time,1780474515.1030793,0.000086003
experiment_name,a48cfd35-9c5d-4f91-86d8-f18f35847628,function_execution_time,1780474515.2043593,0.000073714
experiment_name,a48cfd35-9c5d-4f91-86d8-f18f35847628,function_execution_time,1780474515.305669,0.000081703
experiment_name,a48cfd35-9c5d-4f91-86d8-f18f35847628,function_execution_time,1780474515.4070704,0.000088941
experiment_name,a48cfd35-9c5d-4f91-86d8-f18f35847628,function_execution_time,1780474515.508517,0.000103307
experiment_name,a48cfd35-9c5d-4f91-86d8-f18f35847628,function_execution_time,1780474515.6098218,0.000077243
experiment_name,a48cfd35-9c5d-4f91-86d8-f18f35847628,function_execution_time,1780474515.7112231,0.00009423
experiment_name,a48cfd35-9c5d-4f91-86d8-f18f35847628,function_execution_time,1780474515.8125653,0.000098284
experiment_name,a48cfd35-9c5d-4f91-86d8-f18f35847628,function_execution_time,1780474515.9138381,0.000152383
experiment_name,a48cfd35-9c5d-4f91-86d8-f18f35847628,function_execution_time,1780474516.0151176,0.00007294
experiment_name,b9378986-f8ed-4874-b02a-dc3f06f63cdb,function_transfer_time,1780474511.0509093,0.000147746
experiment_name,b9378986-f8ed-4874-b02a-dc3f06f63cdb,function_transfer_time,1780474511.1520867,0.000038262
experiment_name,b9378986-f8ed-4874-b02a-dc3f06f63cdb,function_transfer_time,1780474511.2535462,0.000034124
experiment_name,b9378986-f8ed-4874-b02a-dc3f06f63cdb,function_transfer_time,1780474511.3549342,0.000047128
experiment_name,b9378986-f8ed-4874-b02a-dc3f06f63cdb,function_transfer_time,1780474511.456272,0.000064232
experiment_name,b9378986-f8ed-4874-b02a-dc3f06f63cdb,function_transfer_time,1780474511.5566335,0.000082039
experiment_name,b9378986-f8ed-4874-b02a-dc3f06f63cdb,function_transfer_time,1780474511.65814,0.000144013
experiment_name,b9378986-f8ed-4874-b02a-dc3f06f63cdb,function_transfer_time,1780474511.759452,0.000051059
experiment_name,b9378986-f8ed-4874-b02a-dc3f06f63cdb,function_transfer_time,1780474511.8607786,0.000036873
experiment_name,b9378986-f8ed-4874-b02a-dc3f06f63cdb,function_transfer_time,1780474511.962155,0.000092153
experiment_name,b9378986-f8ed-4874-b02a-dc3f06f63cdb,function_transfer_time,1780474512.0635445,0.000130707
experiment_name,b9378986-f8ed-4874-b02a-dc3f06f63cdb,function_transfer_time,1780474512.1648488,0.000116316
experiment_name,b9378986-f8ed-4874-b02a-dc3f06f63cdb,function_transfer_time,1780474512.2662148,0.00012855
experiment_name,b9378986-f8ed-4874-b02a-dc3f06f63cdb,function_transfer_time,1780474512.367534,0.000121128
experiment_name,b9378986-f8ed-4874-b02a-dc3f06f63cdb,function_transfer_time,1780474512.4688344,0.000085184
experiment_name,b9378986-f8ed-4874-b02a-dc3f06f63cdb,function_transfer_time,1780474512.5702274,0.000127891
experiment_name,b9378986-f8ed-4874-b02a-dc3f06f63cdb,function_transfer_time,1780474512.671534,0.000098935
experiment_name,b9378986-f8ed-4874-b02a-dc3f06f63cdb,function_transfer_time,1780474512.773064,0.000126943
experiment_name,b9378986-f8ed-4874-b02a-dc3f06f63cdb,function_transfer_time,1780474512.8743932,0.000038924
experiment_name,b9378986-f8ed-4874-b02a-dc3f06f63cdb,function_transfer_time,1780474512.9758239,0.000130907
experiment_name,b9378986-f8ed-4874-b02a-dc3f06f63cdb,function_transfer_time,1780474513.0771427,0.000114231
experiment_name,b9378986-f8ed-4874-b02a-dc3f06f63cdb,function_transfer_time,1780474513.1784763,0.000060437
experiment_name,b9378986-f8ed-4874-b02a-dc3f06f63cdb,function_transfer_time,1780474513.2798262,0.000124868
experiment_name,b9378986-f8ed-4874-b02a-dc3f06f63cdb,function_transfer_time,1780474513.381274,0.000105246
experiment_name,b9378986-f8ed-4874-b02a-dc3f06f63cdb,function_transfer_time,1780474513.4825585,0.000059715
experiment_name,b9378986-f8ed-4874-b02a-dc3f06f63cdb,function_transfer_time,1780474513.5839581,0.000130153
experiment_name,b9378986-f8ed-4874-b02a-dc3f06f63cdb,function_transfer_time,1780474513.6852818,0.00012033
experiment_name,b9378986-f8ed-4874-b02a-dc3f06f63cdb,function_transfer_time,1780474513.7866538,0.000136306
experiment_name,b9378986-f8ed-4874-b02a-dc3f06f63cdb,function_transfer_time,1780474513.8879266,0.000037157
experiment_name,b9378986-f8ed-4874-b02a-dc3f06f63cdb,function_transfer_time,1780474513.9892862,0.000037038
experiment_name,b9378986-f8ed-4874-b02a-dc3f06f63cdb,function_transfer_time,1780474514.0906203,0.000106782
experiment_name,b9378986-f8ed-4874-b02a-dc3f06f63cdb,function_transfer_time,1780474514.191892,0.000104238
experiment_name,b9378986-f8ed-4874-b02a-dc3f06f63cdb,function_transfer_time,1780474514.293212,0.000101331
experiment_name,b9378986-f8ed-4874-b02a-dc3f06f63cdb,function_transfer_time,1780474514.3945398,0.000032889
experiment_name,b9378986-f8ed-4874-b02a-dc3f06f63cdb,function_transfer_time,1780474514.495907,0.000108829
experiment_name,b9378986-f8ed-4874-b02a-dc3f06f63cdb,function_transfer_time,1780474514.5973752,0.000127535
experiment_name,b9378986-f8ed-4874-b02a-dc3f06f63cdb,function_transfer_time,1780474514.6977255,0.000135079
experiment_name,b9378986-f8ed-4874-b02a-dc3f06f63cdb,function_transfer_time,1780474514.799032,0.000124423
experiment_name,b9378986-f8ed-4874-b02a-dc3f06f63cdb,function_transfer_time,1780474514.9003515,0.00003645
experiment_name,b9378986-f8ed-4874-b02a-dc3f06f63cdb,function_transfer_time,1780474515.001765,0.000105473
experiment_name,b9378986-f8ed-4874-b02a-dc3f06f63cdb,function_transfer_time,1780474515.1030822,0.000111415
experiment_name,b9378986-f8ed-4874-b02a-dc3f06f63cdb,function_transfer_time,1780474515.204457,0.000128752
experiment_name,b9378986-f8ed-4874-b02a-dc3f06f63cdb,function_transfer_time,1780474515.3057644,0.000118526
experiment_name,b9378986-f8ed-4874-b02a-dc3f06f63cdb,function_transfer_time,1780474515.4070973,0.000116467
experiment_name,b9378986-f8ed-4874-b02a-dc3f06f63cdb,function_transfer_time,1780474515.5085669,0.000093437
experiment_name,b9378986-f8ed-4874-b02a-dc3f06f63cdb,function_transfer_time,1780474515.6099303,0.000134922
experiment_name,b9378986-f8ed-4874-b02a-dc3f06f63cdb,function_transfer_time,1780474515.711253,0.000121938
experiment_name,b9378986-f8ed-4874-b02a-dc3f06f63cdb,function_transfer_time,1780474515.8125892,0.000128727
experiment_name,b9378986-f8ed-4874-b02a-dc3f06f63cdb,function_transfer_time,1780474515.9138353,0.000035675
experiment_name,b9378986-f8ed-4874-b02a-dc3f06f63cdb,function_transfer_time,1780474516.015186,0.000102897
experiment_name,a48cfd35-9c5d-4f91-86d8-f18f35847628,function_transfer_time,1780474511.050709,0.000080715
experiment_name,a48cfd35-9c5d-4f91-86d8-f18f35847628,function_transfer_time,1780474511.1519873,0.000026254
experiment_name,a48cfd35-9c5d-4f91-86d8-f18f35847628,function_transfer_time,1780474511.2534754,0.000083131
experiment_name,a48cfd35-9c5d-4f91-86d8-f18f35847628,function_transfer_time,1780474511.3548396,0.000083548
experiment_name,a48cfd35-9c5d-4f91-86d8-f18f35847628,function_transfer_time,1780474511.4561572,0.000085513
experiment_name,a48cfd35-9c5d-4f91-86d8-f18f35847628,function_transfer_time,1780474511.556502,0.000084692
experiment_name,a48cfd35-9c5d-4f91-86d8-f18f35847628,function_transfer_time,1780474511.6579428,0.000093266
experiment_name,a48cfd35-9c5d-4f91-86d8-f18f35847628,function_transfer_time,1780474511.7592962,0.000097279
experiment_name,a48cfd35-9c5d-4f91-86d8-f18f35847628,function_transfer_time,1780474511.860611,0.000077351
experiment_name,a48cfd35-9c5d-4f91-86d8-f18f35847628,function_transfer_time,1780474511.9620092,0.000097185
experiment_name,a48cfd35-9c5d-4f91-86d8-f18f35847628,function_transfer_time,1780474512.0633566,0.000097272
experiment_name,a48cfd35-9c5d-4f91-86d8-f18f35847628,function_transfer_time,1780474512.1647463,0.000091328
experiment_name,a48cfd35-9c5d-4f91-86d8-f18f35847628,function_transfer_time,1780474512.2660272,0.000094929
experiment_name,a48cfd35-9c5d-4f91-86d8-f18f35847628,function_transfer_time,1780474512.3673618,0.000092274
experiment_name,a48cfd35-9c5d-4f91-86d8-f18f35847628,function_transfer_time,1780474512.4687002,0.000083707
experiment_name,a48cfd35-9c5d-4f91-86d8-f18f35847628,function_transfer_time,1780474512.5700488,0.000100195
experiment_name,a48cfd35-9c5d-4f91-86d8-f18f35847628,function_transfer_time,1780474512.6713748,0.000087787
experiment_name,a48cfd35-9c5d-4f91-86d8-f18f35847628,function_transfer_time,1780474512.7728846,0.000094089
experiment_name,a48cfd35-9c5d-4f91-86d8-f18f35847628,function_transfer_time,1780474512.8742244,0.000106508
experiment_name,a48cfd35-9c5d-4f91-86d8-f18f35847628,function_transfer_time,1780474512.9756303,0.000095287
experiment_name,a48cfd35-9c5d-4f91-86d8-f18f35847628,function_transfer_time,1780474513.0769763,0.00008793
experiment_name,a48cfd35-9c5d-4f91-86d8-f18f35847628,function_transfer_time,1780474513.1783173,0.000085692
experiment_name,a48cfd35-9c5d-4f91-86d8-f18f35847628,function_transfer_time,1780474513.2797217,0.000081087
experiment_name,a48cfd35-9c5d-4f91-86d8-f18f35847628,function_transfer_time,1780474513.3811176,0.0000791
experiment_name,a48cfd35-9c5d-4f91-86d8-f18f35847628,function_transfer_time,1780474513.482442,0.000080474
experiment_name,a48cfd35-9c5d-4f91-86d8-f18f35847628,function_transfer_time,1780474513.5837748,0.00008798
experiment_name,a48cfd35-9c5d-4f91-86d8-f18f35847628,function_transfer_time,1780474513.6850996,0.000078699
experiment_name,a48cfd35-9c5d-4f91-86d8-f18f35847628,function_transfer_time,1780474513.7864637,0.000097647
experiment_name,a48cfd35-9c5d-4f91-86d8-f18f35847628,function_transfer_time,1780474513.8877783,0.000077442
experiment_name,a48cfd35-9c5d-4f91-86d8-f18f35847628,function_transfer_time,1780474513.989156,0.000087511
experiment_name,a48cfd35-9c5d-4f91-86d8-f18f35847628,function_transfer_time,1780474514.0904613,0.000087637
experiment_name,a48cfd35-9c5d-4f91-86d8-f18f35847628,function_transfer_time,1780474514.1917346,0.000025185
experiment_name,a48cfd35-9c5d-4f91-86d8-f18f35847628,function_transfer_time,1780474514.2930536,0.000088376
experiment_name,a48cfd35-9c5d-4f91-86d8-f18f35847628,function_transfer_time,1780474514.394388,0.000099439
experiment_name,a48cfd35-9c5d-4f91-86d8-f18f35847628,function_transfer_time,1780474514.495812,0.000087365
experiment_name,a48cfd35-9c5d-4f91-86d8-f18f35847628,function_transfer_time,1780474514.5971954,0.000085256
experiment_name,a48cfd35-9c5d-4f91-86d8-f18f35847628,function_transfer_time,1780474514.6975367,0.000093338
experiment_name,a48cfd35-9c5d-4f91-86d8-f18f35847628,function_transfer_time,1780474514.7988544,0.000084427
experiment_name,a48cfd35-9c5d-4f91-86d8-f18f35847628,function_transfer_time,1780474514.900183,0.000083529
experiment_name,a48cfd35-9c5d-4f91-86d8-f18f35847628,function_transfer_time,1780474515.0015986,0.00008662
experiment_name,a48cfd35-9c5d-4f91-86d8-f18f35847628,function_transfer_time,1780474515.1029134,0.000082413
experiment_name,a48cfd35-9c5d-4f91-86d8-f18f35847628,function_transfer_time,1780474515.2042737,0.00008583
experiment_name,a48cfd35-9c5d-4f91-86d8-f18f35847628,function_transfer_time,1780474515.3055875,0.000087205
experiment_name,a48cfd35-9c5d-4f91-86d8-f18f35847628,function_transfer_time,1780474515.4069242,0.000086392
experiment_name,a48cfd35-9c5d-4f91-86d8-f18f35847628,function_transfer_time,1780474515.508406,0.000079906
experiment_name,a48cfd35-9c5d-4f91-86d8-f18f35847628,function_transfer_time,1780474515.6097426,0.000087377
experiment_name,a48cfd35-9c5d-4f91-86d8-f18f35847628,function_transfer_time,1780474515.7110753,0.000077075
experiment_name,a48cfd35-9c5d-4f91-86d8-f18f35847628,function_transfer_time,1780474515.8123937,0.000086944
experiment_name,a48cfd35-9c5d-4f91-86d8-f18f35847628,function_transfer_time,1780474515.9136808,0.000028657
experiment_name,a48cfd35-9c5d-4f91-86d8-f18f35847628,function_transfer_time,1780474516.015036,0.000078572
experiment_name,b9378986-f8ed-4874-b02a-dc3f06f63cdb,function_execution_time,1780474516.1159182,0.000058836
experiment_name,b9378986-f8ed-4874-b02a-dc3f06f63cdb,function_execution_time,1780474516.2173295,0.000063636
experiment_name,b9378986-f8ed-4874-b02a-dc3f06f63cdb,function_execution_time,1780474516.3186579,0.000055567
experiment_name,b9378986-f8ed-4874-b02a-dc3f06f63cdb,function_execution_time,1780474516.4199762,0.000058265
experiment_name,b9378986-f8ed-4874-b02a-dc3f06f63cdb,function_execution_time,1780474516.5212193,0.000057114
experiment_name,b9378986-f8ed-4874-b02a-dc3f06f63cdb,function_execution_time,1780474516.6226087,0.000061955
experiment_name,b9378986-f8ed-4874-b02a-dc3f06f63cdb,function_execution_time,1780474516.7239244,0.000066977
experiment_name,b9378986-f8ed-4874-b02a-dc3f06f63cdb,function_execution_time,1780474516.8252304,0.000060283
experiment_name,b9378986-f8ed-4874-b02a-dc3f06f63cdb,function_execution_time,1780474516.9265285,0.000066077
experiment_name,b9378986-f8ed-4874-b02a-dc3f06f63cdb,function_execution_time,1780474517.0279179,0.000069835
experiment_name,b9378986-f8ed-4874-b02a-dc3f06f63cdb,function_execution_time,1780474517.1292772,0.000057017
experiment_name,b9378986-f8ed-4874-b02a-dc3f06f63cdb,function_execution_time,1780474517.2305963,0.000058193
experiment_name,b9378986-f8ed-4874-b02a-dc3f06f63cdb,function_execution_time,1780474517.3319225,0.000057381
experiment_name,b9378986-f8ed-4874-b02a-dc3f06f63cdb,function_execution_time,1780474517.4334178,0.000068299
experiment_name,b9378986-f8ed-4874-b02a-dc3f06f63cdb,function_execution_time,1780474517.5337515,0.000056652
experiment_name,b9378986-f8ed-4874-b02a-dc3f06f63cdb,function_execution_time,1780474517.6349888,0.000062099
experiment_name,b9378986-f8ed-4874-b02a-dc3f06f63cdb,function_execution_time,1780474517.7362921,0.000058698
experiment_name,b9378986-f8ed-4874-b02a-dc3f06f63cdb,function_execution_time,1780474517.837646,0.000055272
experiment_name,b9378986-f8ed-4874-b02a-dc3f06f63cdb,function_execution_time,1780474517.939109,0.000066466
experiment_name,b9378986-f8ed-4874-b02a-dc3f06f63cdb,function_execution_time,1780474518.0405777,0.000057547
experiment_name,b9378986-f8ed-4874-b02a-dc3f06f63cdb,function_execution_time,1780474518.1419036,0.000057327
experiment_name,b9378986-f8ed-4874-b02a-dc3f06f63cdb,function_execution_time,1780474518.2431016,0.000063376
experiment_name,b9378986-f8ed-4874-b02a-dc3f06f63cdb,function_execution_time,1780474518.3444371,0.000069671
experiment_name,b9378986-f8ed-4874-b02a-dc3f06f63cdb,function_execution_time,1780474518.4458091,0.000056421
experiment_name,b9378986-f8ed-4874-b02a-dc3f06f63cdb,function_execution_time,1780474518.5470653,0.000055356
experiment_name,b9378986-f8ed-4874-b02a-dc3f06f63cdb,function_execution_time,1780474518.6484957,0.000062281
experiment_name,b9378986-f8ed-4874-b02a-dc3f06f63cdb,function_execution_time,1780474518.7497509,0.000068407
experiment_name,b9378986-f8ed-4874-b02a-dc3f06f63cdb,function_execution_time,1780474518.851122,0.000072907
experiment_name,b9378986-f8ed-4874-b02a-dc3f06f63cdb,function_execution_time,1780474518.9523423,0.000058051
experiment_name,b9378986-f8ed-4874-b02a-dc3f06f63cdb,function_execution_time,1780474519.052769,0.000062455
experiment_name,b9378986-f8ed-4874-b02a-dc3f06f63cdb,function_execution_time,1780474519.1539562,0.000039179
experiment_name,b9378986-f8ed-4874-b02a-dc3f06f63cdb,function_execution_time,1780474519.2552223,0.00004136
experiment_name,b9378986-f8ed-4874-b02a-dc3f06f63cdb,function_execution_time,1780474519.3564978,0.000033441
experiment_name,b9378986-f8ed-4874-b02a-dc3f06f63cdb,function_execution_time,1780474519.4578314,0.000070987
experiment_name,b9378986-f8ed-4874-b02a-dc3f06f63cdb,function_execution_time,1780474519.559272,0.000043192
experiment_name,b9378986-f8ed-4874-b02a-dc3f06f63cdb,function_execution_time,1780474519.6606672,0.00006365
experiment_name,b9378986-f8ed-4874-b02a-dc3f06f63cdb,function_execution_time,1780474519.7619956,0.000056383
experiment_name,b9378986-f8ed-4874-b02a-dc3f06f63cdb,function_execution_time,1780474519.8632283,0.000063635
experiment_name,b9378986-f8ed-4874-b02a-dc3f06f63cdb,function_execution_time,1780474519.9646008,0.000053935
experiment_name,b9378986-f8ed-4874-b02a-dc3f06f63cdb,function_execution_time,1780474520.0660648,0.000076741
experiment_name,b9378986-f8ed-4874-b02a-dc3f06f63cdb,function_execution_time,1780474520.167395,0.000059123
experiment_name,b9378986-f8ed-4874-b02a-dc3f06f63cdb,function_execution_time,1780474520.267724,0.000056521
experiment_name,b9378986-f8ed-4874-b02a-dc3f06f63cdb,function_execution_time,1780474520.3690617,0.000058406
experiment_name,b9378986-f8ed-4874-b02a-dc3f06f63cdb,function_execution_time,1780474520.470418,0.000065715
experiment_name,b9378986-f8ed-4874-b02a-dc3f06f63cdb,function_execution_time,1780474520.5707417,0.000056228
experiment_name,b9378986-f8ed-4874-b02a-dc3f06f63cdb,function_execution_time,1780474520.671977,0.000064373
experiment_name,b9378986-f8ed-4874-b02a-dc3f06f63cdb,function_execution_time,1780474520.7733855,0.000059738
experiment_name,b9378986-f8ed-4874-b02a-dc3f06f63cdb,function_execution_time,1780474520.8738604,0.000078199
experiment_name,b9378986-f8ed-4874-b02a-dc3f06f63cdb,function_execution_time,1780474520.9751825,0.000056602
experiment_name,a48cfd35-9c5d-4f91-86d8-f18f35847628,function_execution_time,1780474516.1159124,0.000098444
experiment_name,a48cfd35-9c5d-4f91-86d8-f18f35847628,function_execution_time,1780474516.2171824,0.000077137
experiment_name,a48cfd35-9c5d-4f91-86d8-f18f35847628,function_execution_time,1780474516.3185692,0.000096904
experiment_name,a48cfd35-9c5d-4f91-86d8-f18f35847628,function_execution_time,1780474516.4198534,0.000089062
experiment_name,a48cfd35-9c5d-4f91-86d8-f18f35847628,function_execution_time,1780474516.5210803,0.000075423
experiment_name,a48cfd35-9c5d-4f91-86d8-f18f35847628,function_execution_time,1780474516.62256,0.000126811
experiment_name,a48cfd35-9c5d-4f91-86d8-f18f35847628,function_execution_time,1780474516.723743,0.000085075
experiment_name,a48cfd35-9c5d-4f91-86d8-f18f35847628,function_execution_time,1780474516.8250828,0.000080391
experiment_name,a48cfd35-9c5d-4f91-86d8-f18f35847628,function_execution_time,1780474516.9264665,0.000186087
experiment_name,a48cfd35-9c5d-4f91-86d8-f18f35847628,function_execution_time,1780474517.0277822,0.000087771
experiment_name,a48cfd35-9c5d-4f91-86d8-f18f35847628,function_execution_time,1780474517.1291368,0.000076562
experiment_name,a48cfd35-9c5d-4f91-86d8-f18f35847628,function_execution_time,1780474517.2304735,0.000098757
experiment_name,a48cfd35-9c5d-4f91-86d8-f18f35847628,function_execution_time,1780474517.3318357,0.000087302
experiment_name,a48cfd35-9c5d-4f91-86d8-f18f35847628,function_execution_time,1780474517.4332693,0.000075239
experiment_name,a48cfd35-9c5d-4f91-86d8-f18f35847628,function_execution_time,1780474517.5336661,0.000101807
experiment_name,a48cfd35-9c5d-4f91-86d8-f18f35847628,function_execution_time,1780474517.6348965,0.000091841
experiment_name,a48cfd35-9c5d-4f91-86d8-f18f35847628,function_execution_time,1780474517.7361486,0.000055483
experiment_name,a48cfd35-9c5d-4f91-86d8-f18f35847628,function_execution_time,1780474517.8375604,0.000098101
experiment_name,a48cfd35-9c5d-4f91-86d8-f18f35847628,function_execution_time,1780474517.9390478,0.000158299
experiment_name,a48cfd35-9c5d-4f91-86d8-f18f35847628,function_execution_time,1780474518.0404882,0.000098235
experiment_name,a48cfd35-9c5d-4f91-86d8-f18f35847628,function_execution_time,1780474518.141763,0.000070569
experiment_name,a48cfd35-9c5d-4f91-86d8-f18f35847628,function_execution_time,1780474518.2430413,0.000099547
experiment_name,a48cfd35-9c5d-4f91-86d8-f18f35847628,function_execution_time,1780474518.3444047,0.00009677
experiment_name,a48cfd35-9c5d-4f91-86d8-f18f35847628,function_execution_time,1780474518.4456527,0.000073584
experiment_name,a48cfd35-9c5d-4f91-86d8-f18f35847628,function_execution_time,1780474518.5469828,0.000078236
experiment_name,a48cfd35-9c5d-4f91-86d8-f18f35847628,function_execution_time,1780474518.648408,0.000099854
experiment_name,a48cfd35-9c5d-4f91-86d8-f18f35847628,function_execution_time,1780474518.749749,0.000098223
experiment_name,a48cfd35-9c5d-4f91-86d8-f18f35847628,function_execution_time,1780474518.8510203,0.000088007
experiment_name,a48cfd35-9c5d-4f91-86d8-f18f35847628,function_execution_time,1780474518.9522874,0.00016263
experiment_name,a48cfd35-9c5d-4f91-86d8-f18f35847628,function_execution_time,1780474519.0527236,0.000125039
experiment_name,a48cfd35-9c5d-4f91-86d8-f18f35847628,function_execution_time,1780474519.1538837,0.000065753
experiment_name,a48cfd35-9c5d-4f91-86d8-f18f35847628,function_execution_time,1780474519.255149,0.000054217
experiment_name,a48cfd35-9c5d-4f91-86d8-f18f35847628,function_execution_time,1780474519.3564246,0.000055835
experiment_name,a48cfd35-9c5d-4f91-86d8-f18f35847628,function_execution_time,1780474519.4578018,0.0001327
experiment_name,a48cfd35-9c5d-4f91-86d8-f18f35847628,function_execution_time,1780474519.5591857,0.000091007
experiment_name,a48cfd35-9c5d-4f91-86d8-f18f35847628,function_execution_time,1780474519.6605773,0.000109291
experiment_name,a48cfd35-9c5d-4f91-86d8-f18f35847628,function_execution_time,1780474519.7618444,0.000071991
experiment_name,a48cfd35-9c5d-4f91-86d8-f18f35847628,function_execution_time,1780474519.8631442,0.000069952
experiment_name,a48cfd35-9c5d-4f91-86d8-f18f35847628,function_execution_time,1780474519.9645495,0.000164323
experiment_name,a48cfd35-9c5d-4f91-86d8-f18f35847628,function_execution_time,1780474520.0658994,0.000094626
experiment_name,a48cfd35-9c5d-4f91-86d8-f18f35847628,function_execution_time,1780474520.1672378,0.000079994
experiment_name,a48cfd35-9c5d-4f91-86d8-f18f35847628,function_execution_time,1780474520.267584,0.000074551
experiment_name,a48cfd35-9c5d-4f91-86d8-f18f35847628,function_execution_time,1780474520.3689969,0.000098053
experiment_name,a48cfd35-9c5d-4f91-86d8-f18f35847628,function_execution_time,1780474520.47025,0.000079959
experiment_name,a48cfd35-9c5d-4f91-86d8-f18f35847628,function_execution_time,1780474520.570603,0.000073128
experiment_name,a48cfd35-9c5d-4f91-86d8-f18f35847628,function_execution_time,1780474520.6718872,0.000072325
experiment_name,a48cfd35-9c5d-4f91-86d8-f18f35847628,function_execution_time,1780474520.7732594,0.000098547
experiment_name,a48cfd35-9c5d-4f91-86d8-f18f35847628,function_execution_time,1780474520.8737013,0.000072931
experiment_name,a48cfd35-9c5d-4f91-86d8-f18f35847628,function_execution_time,1780474520.9751267,0.000157268
experiment_name,b9378986-f8ed-4874-b02a-dc3f06f63cdb,function_transfer_time,1780474516.1159163,0.000042122
experiment_name,b9378986-f8ed-4874-b02a-dc3f06f63cdb,function_transfer_time,1780474516.217267,0.000107276
experiment_name,b9378986-f8ed-4874-b02a-dc3f06f63cdb,function_transfer_time,1780474516.3185956,0.000114821
experiment_name,b9378986-f8ed-4874-b02a-dc3f06f63cdb,function_transfer_time,1780474516.41991,0.000106721
experiment_name,b9378986-f8ed-4874-b02a-dc3f06f63cdb,function_transfer_time,1780474516.5211554,0.000104519
experiment_name,b9378986-f8ed-4874-b02a-dc3f06f63cdb,function_transfer_time,1780474516.6225646,0.000113537
experiment_name,b9378986-f8ed-4874-b02a-dc3f06f63cdb,function_transfer_time,1780474516.723856,0.000139776
experiment_name,b9378986-f8ed-4874-b02a-dc3f06f63cdb,function_transfer_time,1780474516.8251693,0.00011534
experiment_name,b9378986-f8ed-4874-b02a-dc3f06f63cdb,function_transfer_time,1780474516.9264622,0.00003939
experiment_name,b9378986-f8ed-4874-b02a-dc3f06f63cdb,function_transfer_time,1780474517.0279152,0.000108803
experiment_name,b9378986-f8ed-4874-b02a-dc3f06f63cdb,function_transfer_time,1780474517.1292148,0.000113271
experiment_name,b9378986-f8ed-4874-b02a-dc3f06f63cdb,function_transfer_time,1780474517.2305312,0.000115351
experiment_name,b9378986-f8ed-4874-b02a-dc3f06f63cdb,function_transfer_time,1780474517.331857,0.000105527
experiment_name,b9378986-f8ed-4874-b02a-dc3f06f63cdb,function_transfer_time,1780474517.4333577,0.000108806
experiment_name,b9378986-f8ed-4874-b02a-dc3f06f63cdb,function_transfer_time,1780474517.5336907,0.000129817
experiment_name,b9378986-f8ed-4874-b02a-dc3f06f63cdb,function_transfer_time,1780474517.6349716,0.000055739
experiment_name,b9378986-f8ed-4874-b02a-dc3f06f63cdb,function_transfer_time,1780474517.736238,0.00012968
experiment_name,b9378986-f8ed-4874-b02a-dc3f06f63cdb,function_transfer_time,1780474517.8375826,0.000110948
experiment_name,b9378986-f8ed-4874-b02a-dc3f06f63cdb,function_transfer_time,1780474517.939045,0.000034942
experiment_name,b9378986-f8ed-4874-b02a-dc3f06f63cdb,function_transfer_time,1780474518.0405142,0.000101627
experiment_name,b9378986-f8ed-4874-b02a-dc3f06f63cdb,function_transfer_time,1780474518.141846,0.000111179
experiment_name,b9378986-f8ed-4874-b02a-dc3f06f63cdb,function_transfer_time,1780474518.2430387,0.000036324
experiment_name,b9378986-f8ed-4874-b02a-dc3f06f63cdb,function_transfer_time,1780474518.3444088,0.000039935
experiment_name,b9378986-f8ed-4874-b02a-dc3f06f63cdb,function_transfer_time,1780474518.4457524,0.000127977
experiment_name,b9378986-f8ed-4874-b02a-dc3f06f63cdb,function_transfer_time,1780474518.5470624,0.000052107
experiment_name,b9378986-f8ed-4874-b02a-dc3f06f63cdb,function_transfer_time,1780474518.6484368,0.000112122
experiment_name,b9378986-f8ed-4874-b02a-dc3f06f63cdb,function_transfer_time,1780474518.7497451,0.000032245
experiment_name,b9378986-f8ed-4874-b02a-dc3f06f63cdb,function_transfer_time,1780474518.8510442,0.000121782
experiment_name,b9378986-f8ed-4874-b02a-dc3f06f63cdb,function_transfer_time,1780474518.9522843,0.000037953
experiment_name,b9378986-f8ed-4874-b02a-dc3f06f63cdb,function_transfer_time,1780474519.052727,0.000092622
experiment_name,b9378986-f8ed-4874-b02a-dc3f06f63cdb,function_transfer_time,1780474519.1538866,0.00005133
experiment_name,b9378986-f8ed-4874-b02a-dc3f06f63cdb,function_transfer_time,1780474519.255219,0.000064491
experiment_name,b9378986-f8ed-4874-b02a-dc3f06f63cdb,function_transfer_time,1780474519.356493,0.000067005
experiment_name,b9378986-f8ed-4874-b02a-dc3f06f63cdb,function_transfer_time,1780474519.457758,0.00003142
experiment_name,b9378986-f8ed-4874-b02a-dc3f06f63cdb,function_transfer_time,1780474519.559269,0.000050771
experiment_name,b9378986-f8ed-4874-b02a-dc3f06f63cdb,function_transfer_time,1780474519.6605947,0.000106645
experiment_name,b9378986-f8ed-4874-b02a-dc3f06f63cdb,function_transfer_time,1780474519.7619379,0.000127125
experiment_name,b9378986-f8ed-4874-b02a-dc3f06f63cdb,function_transfer_time,1780474519.8632257,0.000058185
experiment_name,b9378986-f8ed-4874-b02a-dc3f06f63cdb,function_transfer_time,1780474519.9645464,0.000038899
experiment_name,b9378986-f8ed-4874-b02a-dc3f06f63cdb,function_transfer_time,1780474520.0659914,0.000121064
experiment_name,b9378986-f8ed-4874-b02a-dc3f06f63cdb,function_transfer_time,1780474520.167334,0.00012221
experiment_name,b9378986-f8ed-4874-b02a-dc3f06f63cdb,function_transfer_time,1780474520.2676663,0.000114935
experiment_name,b9378986-f8ed-4874-b02a-dc3f06f63cdb,function_transfer_time,1780474520.3690002,0.000109423
experiment_name,b9378986-f8ed-4874-b02a-dc3f06f63cdb,function_transfer_time,1780474520.4703517,0.00012749
experiment_name,b9378986-f8ed-4874-b02a-dc3f06f63cdb,function_transfer_time,1780474520.570684,0.000112584
experiment_name,b9378986-f8ed-4874-b02a-dc3f06f63cdb,function_transfer_time,1780474520.671912,0.000071526
experiment_name,b9378986-f8ed-4874-b02a-dc3f06f63cdb,function_transfer_time,1780474520.7733238,0.000096715
experiment_name,b9378986-f8ed-4874-b02a-dc3f06f63cdb,function_transfer_time,1780474520.8737807,0.000103943
experiment_name,b9378986-f8ed-4874-b02a-dc3f06f63cdb,function_transfer_time,1780474520.9751236,0.000034663
experiment_name,a48cfd35-9c5d-4f91-86d8-f18f35847628,function_transfer_time,1780474516.1157393,0.000081728
experiment_name,a48cfd35-9c5d-4f91-86d8-f18f35847628,function_transfer_time,1780474516.2171037,0.00008855
experiment_name,a48cfd35-9c5d-4f91-86d8-f18f35847628,function_transfer_time,1780474516.3184192,0.000083358
experiment_name,a48cfd35-9c5d-4f91-86d8-f18f35847628,function_transfer_time,1780474516.4197545,0.000082886
experiment_name,a48cfd35-9c5d-4f91-86d8-f18f35847628,function_transfer_time,1780474516.5210016,0.000027221
experiment_name,a48cfd35-9c5d-4f91-86d8-f18f35847628,function_transfer_time,1780474516.6223598,0.000090604
experiment_name,a48cfd35-9c5d-4f91-86d8-f18f35847628,function_transfer_time,1780474516.7236605,0.000026883
experiment_name,a48cfd35-9c5d-4f91-86d8-f18f35847628,function_transfer_time,1780474516.825002,0.000085244
experiment_name,a48cfd35-9c5d-4f91-86d8-f18f35847628,function_transfer_time,1780474516.9262834,0.000025645
experiment_name,a48cfd35-9c5d-4f91-86d8-f18f35847628,function_transfer_time,1780474517.0276837,0.000087823
experiment_name,a48cfd35-9c5d-4f91-86d8-f18f35847628,function_transfer_time,1780474517.129052,0.000102939
experiment_name,a48cfd35-9c5d-4f91-86d8-f18f35847628,function_transfer_time,1780474517.230366,0.000080539
experiment_name,a48cfd35-9c5d-4f91-86d8-f18f35847628,function_transfer_time,1780474517.3316991,0.000076014
experiment_name,a48cfd35-9c5d-4f91-86d8-f18f35847628,function_transfer_time,1780474517.4331899,0.000084306
experiment_name,a48cfd35-9c5d-4f91-86d8-f18f35847628,function_transfer_time,1780474517.533506,0.000082957
experiment_name,a48cfd35-9c5d-4f91-86d8-f18f35847628,function_transfer_time,1780474517.63481,0.000027568
experiment_name,a48cfd35-9c5d-4f91-86d8-f18f35847628,function_transfer_time,1780474517.7360637,0.00002007
experiment_name,a48cfd35-9c5d-4f91-86d8-f18f35847628,function_transfer_time,1780474517.8374107,0.000085327
experiment_name,a48cfd35-9c5d-4f91-86d8-f18f35847628,function_transfer_time,1780474517.9388914,0.0000867
experiment_name,a48cfd35-9c5d-4f91-86d8-f18f35847628,function_transfer_time,1780474518.040362,0.000085216
experiment_name,a48cfd35-9c5d-4f91-86d8-f18f35847628,function_transfer_time,1780474518.1416838,0.000078368
experiment_name,a48cfd35-9c5d-4f91-86d8-f18f35847628,function_transfer_time,1780474518.2429435,0.000027765
experiment_name,a48cfd35-9c5d-4f91-86d8-f18f35847628,function_transfer_time,1780474518.3442562,0.00007701
experiment_name,a48cfd35-9c5d-4f91-86d8-f18f35847628,function_transfer_time,1780474518.4455707,0.000082756
experiment_name,a48cfd35-9c5d-4f91-86d8-f18f35847628,function_transfer_time,1780474518.546902,0.000085552
experiment_name,a48cfd35-9c5d-4f91-86d8-f18f35847628,function_transfer_time,1780474518.6482577,0.000081954
experiment_name,a48cfd35-9c5d-4f91-86d8-f18f35847628,function_transfer_time,1780474518.7495933,0.000093621
experiment_name,a48cfd35-9c5d-4f91-86d8-f18f35847628,function_transfer_time,1780474518.8508708,0.000026818
experiment_name,a48cfd35-9c5d-4f91-86d8-f18f35847628,function_transfer_time,1780474518.952121,0.00003148
experiment_name,a48cfd35-9c5d-4f91-86d8-f18f35847628,function_transfer_time,1780474519.0525298,0.000092778
experiment_name,a48cfd35-9c5d-4f91-86d8-f18f35847628,function_transfer_time,1780474519.153803,0.000018708
experiment_name,a48cfd35-9c5d-4f91-86d8-f18f35847628,function_transfer_time,1780474519.2550642,0.000017049
experiment_name,a48cfd35-9c5d-4f91-86d8-f18f35847628,function_transfer_time,1780474519.3563406,0.0000162
experiment_name,a48cfd35-9c5d-4f91-86d8-f18f35847628,function_transfer_time,1780474519.4576597,0.000079783
experiment_name,a48cfd35-9c5d-4f91-86d8-f18f35847628,function_transfer_time,1780474519.5590982,0.000092827
experiment_name,a48cfd35-9c5d-4f91-86d8-f18f35847628,function_transfer_time,1780474519.6604235,0.000081474
experiment_name,a48cfd35-9c5d-4f91-86d8-f18f35847628,function_transfer_time,1780474519.7617605,0.000077596
experiment_name,a48cfd35-9c5d-4f91-86d8-f18f35847628,function_transfer_time,1780474519.863059,0.000025466
experiment_name,a48cfd35-9c5d-4f91-86d8-f18f35847628,function_transfer_time,1780474519.9643812,0.000081032
experiment_name,a48cfd35-9c5d-4f91-86d8-f18f35847628,function_transfer_time,1780474520.0657973,0.000086862
experiment_name,a48cfd35-9c5d-4f91-86d8-f18f35847628,function_transfer_time,1780474520.1671562,0.000102668
experiment_name,a48cfd35-9c5d-4f91-86d8-f18f35847628,function_transfer_time,1780474520.2675002,0.000083379
experiment_name,a48cfd35-9c5d-4f91-86d8-f18f35847628,function_transfer_time,1780474520.3688328,0.000098839
experiment_name,a48cfd35-9c5d-4f91-86d8-f18f35847628,function_transfer_time,1780474520.4701712,0.000080598
experiment_name,a48cfd35-9c5d-4f91-86d8-f18f35847628,function_transfer_time,1780474520.5705178,0.000089529
experiment_name,a48cfd35-9c5d-4f91-86d8-f18f35847628,function_transfer_time,1780474520.6717873,0.00002847
experiment_name,a48cfd35-9c5d-4f91-86d8-f18f35847628,function_transfer_time,1780474520.7731578,0.000088118
experiment_name,a48cfd35-9c5d-4f91-86d8-f18f35847628,function_transfer_time,1780474520.8736267,0.000088802
experiment_name,a48cfd35-9c5d-4f91-86d8-f18f35847628,function_transfer_time,1780474520.9749708,0.000095349
experiment_name,b9378986-f8ed-4874-b02a-dc3f06f63cdb,function_execution_time,1780474521.0761104,0.000061181
experiment_name,b9378986-f8ed-4874-b02a-dc3f06f63cdb,function_execution_time,1780474521.1773686,0.000060892
experiment_name,b9378986-f8ed-4874-b02a-dc3f06f63cdb,function_execution_time,1780474521.2776945,0.000055549
experiment_name,b9378986-f8ed-4874-b02a-dc3f06f63cdb,function_execution_time,1780474521.37894,0.000069458
experiment_name,b9378986-f8ed-4874-b02a-dc3f06f63cdb,function_execution_time,1780474521.4803681,0.000055978
experiment_name,b9378986-f8ed-4874-b02a-dc3f06f63cdb,function_execution_time,1780474521.5808463,0.000056683
experiment_name,b9378986-f8ed-4874-b02a-dc3f06f63cdb,function_execution_time,1780474521.682167,0.000059744
experiment_name,b9378986-f8ed-4874-b02a-dc3f06f63cdb,function_execution_time,1780474521.783537,0.000064276
experiment_name,b9378986-f8ed-4874-b02a-dc3f06f63cdb,function_execution_time,1780474521.8848362,0.000058649
experiment_name,b9378986-f8ed-4874-b02a-dc3f06f63cdb,function_execution_time,1780474521.9861877,0.000065227
experiment_name,b9378986-f8ed-4874-b02a-dc3f06f63cdb,function_execution_time,1780474522.087549,0.000055746
experiment_name,b9378986-f8ed-4874-b02a-dc3f06f63cdb,function_execution_time,1780474522.1888967,0.0000558
experiment_name,b9378986-f8ed-4874-b02a-dc3f06f63cdb,function_execution_time,1780474522.2902265,0.000070771
experiment_name,b9378986-f8ed-4874-b02a-dc3f06f63cdb,function_execution_time,1780474522.3915029,0.000081605
experiment_name,b9378986-f8ed-4874-b02a-dc3f06f63cdb,function_execution_time,1780474522.492869,0.000060785
experiment_name,b9378986-f8ed-4874-b02a-dc3f06f63cdb,function_execution_time,1780474522.594087,0.000059936
experiment_name,b9378986-f8ed-4874-b02a-dc3f06f63cdb,function_execution_time,1780474522.6954985,0.00007741
experiment_name,b9378986-f8ed-4874-b02a-dc3f06f63cdb,function_execution_time,1780474522.796786,0.000057505
experiment_name,b9378986-f8ed-4874-b02a-dc3f06f63cdb,function_execution_time,1780474522.898121,0.000057731
experiment_name,b9378986-f8ed-4874-b02a-dc3f06f63cdb,function_execution_time,1780474522.999497,0.000073968
experiment_name,b9378986-f8ed-4874-b02a-dc3f06f63cdb,function_execution_time,1780474523.1008902,0.000060523
experiment_name,b9378986-f8ed-4874-b02a-dc3f06f63cdb,function_execution_time,1780474523.2022393,0.000064617
experiment_name,b9378986-f8ed-4874-b02a-dc3f06f63cdb,function_execution_time,1780474523.3034854,0.000067506
experiment_name,b9378986-f8ed-4874-b02a-dc3f06f63cdb,function_execution_time,1780474523.4047914,0.000058073
experiment_name,b9378986-f8ed-4874-b02a-dc3f06f63cdb,function_execution_time,1780474523.50609,0.000061551
experiment_name,b9378986-f8ed-4874-b02a-dc3f06f63cdb,function_execution_time,1780474523.6073236,0.000068009
experiment_name,b9378986-f8ed-4874-b02a-dc3f06f63cdb,function_execution_time,1780474523.7077777,0.000057324
experiment_name,b9378986-f8ed-4874-b02a-dc3f06f63cdb,function_execution_time,1780474523.8090734,0.000055599
experiment_name,b9378986-f8ed-4874-b02a-dc3f06f63cdb,function_execution_time,1780474523.910418,0.000057309
experiment_name,b9378986-f8ed-4874-b02a-dc3f06f63cdb,function_execution_time,1780474524.0107267,0.000062836
experiment_name,b9378986-f8ed-4874-b02a-dc3f06f63cdb,function_execution_time,1780474524.1121302,0.000056415
experiment_name,b9378986-f8ed-4874-b02a-dc3f06f63cdb,function_execution_time,1780474524.2134426,0.000056721
experiment_name,b9378986-f8ed-4874-b02a-dc3f06f63cdb,function_execution_time,1780474524.3137813,0.000060732
experiment_name,b9378986-f8ed-4874-b02a-dc3f06f63cdb,function_execution_time,1780474524.4150333,0.000056112
experiment_name,b9378986-f8ed-4874-b02a-dc3f06f63cdb,function_execution_time,1780474524.5163572,0.000062516
experiment_name,b9378986-f8ed-4874-b02a-dc3f06f63cdb,function_execution_time,1780474524.6167743,0.000058068
experiment_name,b9378986-f8ed-4874-b02a-dc3f06f63cdb,function_execution_time,1780474524.7181013,0.000056543
experiment_name,b9378986-f8ed-4874-b02a-dc3f06f63cdb,function_execution_time,1780474524.819418,0.00005857
experiment_name,b9378986-f8ed-4874-b02a-dc3f06f63cdb,function_execution_time,1780474524.9197886,0.000065696
experiment_name,b9378986-f8ed-4874-b02a-dc3f06f63cdb,function_execution_time,1780474525.020954,0.00005849
experiment_name,b9378986-f8ed-4874-b02a-dc3f06f63cdb,function_execution_time,1780474525.1223705,0.000056204
experiment_name,b9378986-f8ed-4874-b02a-dc3f06f63cdb,function_execution_time,1780474525.2236912,0.000059851
experiment_name,b9378986-f8ed-4874-b02a-dc3f06f63cdb,function_execution_time,1780474525.3250432,0.000056962
experiment_name,b9378986-f8ed-4874-b02a-dc3f06f63cdb,function_execution_time,1780474525.4263473,0.000066917
experiment_name,b9378986-f8ed-4874-b02a-dc3f06f63cdb,function_execution_time,1780474525.5276842,0.000058462
experiment_name,b9378986-f8ed-4874-b02a-dc3f06f63cdb,function_execution_time,1780474525.6290476,0.000055282
experiment_name,b9378986-f8ed-4874-b02a-dc3f06f63cdb,function_execution_time,1780474525.7304895,0.000072723
experiment_name,b9378986-f8ed-4874-b02a-dc3f06f63cdb,function_execution_time,1780474525.8318264,0.000065522
experiment_name,b9378986-f8ed-4874-b02a-dc3f06f63cdb,function_execution_time,1780474525.9331331,0.000060563
experiment_name,a48cfd35-9c5d-4f91-86d8-f18f35847628,function_execution_time,1780474521.0760229,0.000098253
experiment_name,a48cfd35-9c5d-4f91-86d8-f18f35847628,function_execution_time,1780474521.1772823,0.000071391
experiment_name,a48cfd35-9c5d-4f91-86d8-f18f35847628,function_execution_time,1780474521.2776418,0.000093953
experiment_name,a48cfd35-9c5d-4f91-86d8-f18f35847628,function_execution_time,1780474521.3788748,0.000093116
experiment_name,a48cfd35-9c5d-4f91-86d8-f18f35847628,function_execution_time,1780474521.4802077,0.000085911
experiment_name,a48cfd35-9c5d-4f91-86d8-f18f35847628,function_execution_time,1780474521.580759,0.000085303
experiment_name,a48cfd35-9c5d-4f91-86d8-f18f35847628,function_execution_time,1780474521.6820269,0.00007579
experiment_name,a48cfd35-9c5d-4f91-86d8-f18f35847628,function_execution_time,1780474521.783463,0.000101029
experiment_name,a48cfd35-9c5d-4f91-86d8-f18f35847628,function_execution_time,1780474521.884702,0.000075995
experiment_name,a48cfd35-9c5d-4f91-86d8-f18f35847628,function_execution_time,1780474521.9861257,0.000158611
experiment_name,a48cfd35-9c5d-4f91-86d8-f18f35847628,function_execution_time,1780474522.0874054,0.00007832
experiment_name,a48cfd35-9c5d-4f91-86d8-f18f35847628,function_execution_time,1780474522.188813,0.000099541
experiment_name,a48cfd35-9c5d-4f91-86d8-f18f35847628,function_execution_time,1780474522.2900558,0.00007576
experiment_name,a48cfd35-9c5d-4f91-86d8-f18f35847628,function_execution_time,1780474522.391397,0.000071568
experiment_name,a48cfd35-9c5d-4f91-86d8-f18f35847628,function_execution_time,1780474522.4928117,0.000091123
experiment_name,a48cfd35-9c5d-4f91-86d8-f18f35847628,function_execution_time,1780474522.594001,0.000075209
experiment_name,a48cfd35-9c5d-4f91-86d8-f18f35847628,function_execution_time,1780474522.695392,0.000085912
experiment_name,a48cfd35-9c5d-4f91-86d8-f18f35847628,function_execution_time,1780474522.7967017,0.000089149
experiment_name,a48cfd35-9c5d-4f91-86d8-f18f35847628,function_execution_time,1780474522.897986,0.000073719
experiment_name,a48cfd35-9c5d-4f91-86d8-f18f35847628,function_execution_time,1780474522.9994245,0.000158087
experiment_name,a48cfd35-9c5d-4f91-86d8-f18f35847628,function_execution_time,1780474523.1007204,0.000071369
experiment_name,a48cfd35-9c5d-4f91-86d8-f18f35847628,function_execution_time,1780474523.2021408,0.00008566
experiment_name,a48cfd35-9c5d-4f91-86d8-f18f35847628,function_execution_time,1780474523.3033314,0.000077705
experiment_name,a48cfd35-9c5d-4f91-86d8-f18f35847628,function_execution_time,1780474523.4046257,0.000075046
experiment_name,a48cfd35-9c5d-4f91-86d8-f18f35847628,function_execution_time,1780474523.5059445,0.000082541
experiment_name,a48cfd35-9c5d-4f91-86d8-f18f35847628,function_execution_time,1780474523.607236,0.000100888
experiment_name,a48cfd35-9c5d-4f91-86d8-f18f35847628,function_execution_time,1780474523.70762,0.000071204
experiment_name,a48cfd35-9c5d-4f91-86d8-f18f35847628,function_execution_time,1780474523.8089657,0.000095008
experiment_name,a48cfd35-9c5d-4f91-86d8-f18f35847628,function_execution_time,1780474523.9103298,0.000095437
experiment_name,a48cfd35-9c5d-4f91-86d8-f18f35847628,function_execution_time,1780474524.0106673,0.000155989
experiment_name,a48cfd35-9c5d-4f91-86d8-f18f35847628,function_execution_time,1780474524.1119742,0.000072023
experiment_name,a48cfd35-9c5d-4f91-86d8-f18f35847628,function_execution_time,1780474524.213375,0.000089019
experiment_name,a48cfd35-9c5d-4f91-86d8-f18f35847628,function_execution_time,1780474524.3136225,0.000074982
experiment_name,a48cfd35-9c5d-4f91-86d8-f18f35847628,function_execution_time,1780474524.4149802,0.000095941
experiment_name,a48cfd35-9c5d-4f91-86d8-f18f35847628,function_execution_time,1780474524.5163388,0.000087912
experiment_name,a48cfd35-9c5d-4f91-86d8-f18f35847628,function_execution_time,1780474524.6166158,0.000083908
experiment_name,a48cfd35-9c5d-4f91-86d8-f18f35847628,function_execution_time,1780474524.7179382,0.000079673
experiment_name,a48cfd35-9c5d-4f91-86d8-f18f35847628,function_execution_time,1780474524.819271,0.000073282
experiment_name,a48cfd35-9c5d-4f91-86d8-f18f35847628,function_execution_time,1780474524.9196155,0.000087496
experiment_name,a48cfd35-9c5d-4f91-86d8-f18f35847628,function_execution_time,1780474525.0208983,0.000091793
experiment_name,a48cfd35-9c5d-4f91-86d8-f18f35847628,function_execution_time,1780474525.1222103,0.000076896
experiment_name,a48cfd35-9c5d-4f91-86d8-f18f35847628,function_execution_time,1780474525.2236,0.000082225
experiment_name,a48cfd35-9c5d-4f91-86d8-f18f35847628,function_execution_time,1780474525.324882,0.000078912
experiment_name,a48cfd35-9c5d-4f91-86d8-f18f35847628,function_execution_time,1780474525.4262033,0.000070966
experiment_name,a48cfd35-9c5d-4f91-86d8-f18f35847628,function_execution_time,1780474525.5275407,0.000072832
experiment_name,a48cfd35-9c5d-4f91-86d8-f18f35847628,function_execution_time,1780474525.628912,0.000087885
experiment_name,a48cfd35-9c5d-4f91-86d8-f18f35847628,function_execution_time,1780474525.7303197,0.000070375
experiment_name,a48cfd35-9c5d-4f91-86d8-f18f35847628,function_execution_time,1780474525.8316808,0.000073786
experiment_name,a48cfd35-9c5d-4f91-86d8-f18f35847628,function_execution_time,1780474525.9329903,0.00008284
experiment_name,a48cfd35-9c5d-4f91-86d8-f18f35847628,function_transfer_time,1780474521.0758653,0.00008474
experiment_name,a48cfd35-9c5d-4f91-86d8-f18f35847628,function_transfer_time,1780474521.1771932,0.000078277
experiment_name,a48cfd35-9c5d-4f91-86d8-f18f35847628,function_transfer_time,1780474521.277546,0.000081412
experiment_name,a48cfd35-9c5d-4f91-86d8-f18f35847628,function_transfer_time,1780474521.378782,0.000023142
experiment_name,a48cfd35-9c5d-4f91-86d8-f18f35847628,function_transfer_time,1780474521.4801254,0.000106123
experiment_name,a48cfd35-9c5d-4f91-86d8-f18f35847628,function_transfer_time,1780474521.5806332,0.000099255
experiment_name,a48cfd35-9c5d-4f91-86d8-f18f35847628,function_transfer_time,1780474521.6819482,0.000083037
experiment_name,a48cfd35-9c5d-4f91-86d8-f18f35847628,function_transfer_time,1780474521.783296,0.000081296
experiment_name,a48cfd35-9c5d-4f91-86d8-f18f35847628,function_transfer_time,1780474521.8846214,0.000085068
experiment_name,a48cfd35-9c5d-4f91-86d8-f18f35847628,function_transfer_time,1780474521.9859571,0.00008069
experiment_name,a48cfd35-9c5d-4f91-86d8-f18f35847628,function_transfer_time,1780474522.0873246,0.00007843
experiment_name,a48cfd35-9c5d-4f91-86d8-f18f35847628,function_transfer_time,1780474522.1886618,0.000082165
experiment_name,a48cfd35-9c5d-4f91-86d8-f18f35847628,function_transfer_time,1780474522.2899785,0.000077679
experiment_name,a48cfd35-9c5d-4f91-86d8-f18f35847628,function_transfer_time,1780474522.3913033,0.00008356
experiment_name,a48cfd35-9c5d-4f91-86d8-f18f35847628,function_transfer_time,1780474522.492651,0.000080177
experiment_name,a48cfd35-9c5d-4f91-86d8-f18f35847628,function_transfer_time,1780474522.5939062,0.000028167
experiment_name,a48cfd35-9c5d-4f91-86d8-f18f35847628,function_transfer_time,1780474522.695251,0.000084418
experiment_name,a48cfd35-9c5d-4f91-86d8-f18f35847628,function_transfer_time,1780474522.7965498,0.000084455
experiment_name,a48cfd35-9c5d-4f91-86d8-f18f35847628,function_transfer_time,1780474522.8979013,0.000085896
experiment_name,a48cfd35-9c5d-4f91-86d8-f18f35847628,function_transfer_time,1780474522.9992588,0.00008161
experiment_name,a48cfd35-9c5d-4f91-86d8-f18f35847628,function_transfer_time,1780474523.1006365,0.000087169
experiment_name,a48cfd35-9c5d-4f91-86d8-f18f35847628,function_transfer_time,1780474523.2019932,0.000086121
experiment_name,a48cfd35-9c5d-4f91-86d8-f18f35847628,function_transfer_time,1780474523.303249,0.000026492
experiment_name,a48cfd35-9c5d-4f91-86d8-f18f35847628,function_transfer_time,1780474523.4045439,0.000026235
experiment_name,a48cfd35-9c5d-4f91-86d8-f18f35847628,function_transfer_time,1780474523.5058577,0.000083582
experiment_name,a48cfd35-9c5d-4f91-86d8-f18f35847628,function_transfer_time,1780474523.6071444,0.000023477
experiment_name,a48cfd35-9c5d-4f91-86d8-f18f35847628,function_transfer_time,1780474523.7075384,0.000024965
experiment_name,a48cfd35-9c5d-4f91-86d8-f18f35847628,function_transfer_time,1780474523.808864,0.000085248
experiment_name,a48cfd35-9c5d-4f91-86d8-f18f35847628,function_transfer_time,1780474523.9101913,0.000083243
experiment_name,a48cfd35-9c5d-4f91-86d8-f18f35847628,function_transfer_time,1780474524.0105069,0.000094408
experiment_name,a48cfd35-9c5d-4f91-86d8-f18f35847628,function_transfer_time,1780474524.1118906,0.000080979
experiment_name,a48cfd35-9c5d-4f91-86d8-f18f35847628,function_transfer_time,1780474524.2132158,0.000080614
experiment_name,a48cfd35-9c5d-4f91-86d8-f18f35847628,function_transfer_time,1780474524.3135412,0.000081422
experiment_name,a48cfd35-9c5d-4f91-86d8-f18f35847628,function_transfer_time,1780474524.4148872,0.000085683
experiment_name,a48cfd35-9c5d-4f91-86d8-f18f35847628,function_transfer_time,1780474524.516201,0.000090748
experiment_name,a48cfd35-9c5d-4f91-86d8-f18f35847628,function_transfer_time,1780474524.6165364,0.000076578
experiment_name,a48cfd35-9c5d-4f91-86d8-f18f35847628,function_transfer_time,1780474524.7178607,0.000083166
experiment_name,a48cfd35-9c5d-4f91-86d8-f18f35847628,function_transfer_time,1780474524.8191898,0.000079196
experiment_name,a48cfd35-9c5d-4f91-86d8-f18f35847628,function_transfer_time,1780474524.9195309,0.000078728
experiment_name,a48cfd35-9c5d-4f91-86d8-f18f35847628,function_transfer_time,1780474525.0208013,0.000024817
experiment_name,a48cfd35-9c5d-4f91-86d8-f18f35847628,function_transfer_time,1780474525.12213,0.000082418
experiment_name,a48cfd35-9c5d-4f91-86d8-f18f35847628,function_transfer_time,1780474525.223441,0.000084798
experiment_name,a48cfd35-9c5d-4f91-86d8-f18f35847628,function_transfer_time,1780474525.324784,0.000080637
experiment_name,a48cfd35-9c5d-4f91-86d8-f18f35847628,function_transfer_time,1780474525.4261253,0.000087288
experiment_name,a48cfd35-9c5d-4f91-86d8-f18f35847628,function_transfer_time,1780474525.527459,0.000091716
experiment_name,a48cfd35-9c5d-4f91-86d8-f18f35847628,function_transfer_time,1780474525.6288157,0.00010326
experiment_name,a48cfd35-9c5d-4f91-86d8-f18f35847628,function_transfer_time,1780474525.7302337,0.000026967
experiment_name,a48cfd35-9c5d-4f91-86d8-f18f35847628,function_transfer_time,1780474525.8315926,0.000086122
experiment_name,a48cfd35-9c5d-4f91-86d8-f18f35847628,function_transfer_time,1780474525.9329073,0.000079057
experiment_name,b9378986-f8ed-4874-b02a-dc3f06f63cdb,function_transfer_time,1780474521.0760436,0.000120716
experiment_name,b9378986-f8ed-4874-b02a-dc3f06f63cdb,function_transfer_time,1780474521.1773064,0.000064308
experiment_name,b9378986-f8ed-4874-b02a-dc3f06f63cdb,function_transfer_time,1780474521.277639,0.000035836
experiment_name,b9378986-f8ed-4874-b02a-dc3f06f63cdb,function_transfer_time,1780474521.3788717,0.000036441
experiment_name,b9378986-f8ed-4874-b02a-dc3f06f63cdb,function_transfer_time,1780474521.480312,0.000127386
experiment_name,b9378986-f8ed-4874-b02a-dc3f06f63cdb,function_transfer_time,1780474521.5807855,0.00010298
experiment_name,b9378986-f8ed-4874-b02a-dc3f06f63cdb,function_transfer_time,1780474521.6821141,0.000106875
experiment_name,b9378986-f8ed-4874-b02a-dc3f06f63cdb,function_transfer_time,1780474521.783466,0.000120302
experiment_name,b9378986-f8ed-4874-b02a-dc3f06f63cdb,function_transfer_time,1780474521.884787,0.000104739
experiment_name,b9378986-f8ed-4874-b02a-dc3f06f63cdb,function_transfer_time,1780474521.9861221,0.000039124
experiment_name,b9378986-f8ed-4874-b02a-dc3f06f63cdb,function_transfer_time,1780474522.087494,0.000110456
experiment_name,b9378986-f8ed-4874-b02a-dc3f06f63cdb,function_transfer_time,1780474522.188834,0.000108825
experiment_name,b9378986-f8ed-4874-b02a-dc3f06f63cdb,function_transfer_time,1780474522.290155,0.000124489
experiment_name,b9378986-f8ed-4874-b02a-dc3f06f63cdb,function_transfer_time,1780474522.3914804,0.000064786
experiment_name,b9378986-f8ed-4874-b02a-dc3f06f63cdb,function_transfer_time,1780474522.492815,0.0000958
experiment_name,b9378986-f8ed-4874-b02a-dc3f06f63cdb,function_transfer_time,1780474522.5940263,0.000063925
experiment_name,b9378986-f8ed-4874-b02a-dc3f06f63cdb,function_transfer_time,1780474522.6954165,0.000115472
experiment_name,b9378986-f8ed-4874-b02a-dc3f06f63cdb,function_transfer_time,1780474522.7967238,0.00012168
experiment_name,b9378986-f8ed-4874-b02a-dc3f06f63cdb,function_transfer_time,1780474522.8980622,0.000107199
experiment_name,b9378986-f8ed-4874-b02a-dc3f06f63cdb,function_transfer_time,1780474522.9994211,0.000039243
experiment_name,b9378986-f8ed-4874-b02a-dc3f06f63cdb,function_transfer_time,1780474523.1008291,0.000139509
experiment_name,b9378986-f8ed-4874-b02a-dc3f06f63cdb,function_transfer_time,1780474523.202168,0.0001181
experiment_name,b9378986-f8ed-4874-b02a-dc3f06f63cdb,function_transfer_time,1780474523.3034158,0.000112394
experiment_name,b9378986-f8ed-4874-b02a-dc3f06f63cdb,function_transfer_time,1780474523.4047327,0.000134981
experiment_name,b9378986-f8ed-4874-b02a-dc3f06f63cdb,function_transfer_time,1780474523.5060446,0.000119048
experiment_name,b9378986-f8ed-4874-b02a-dc3f06f63cdb,function_transfer_time,1780474523.6072521,0.000052502
experiment_name,b9378986-f8ed-4874-b02a-dc3f06f63cdb,function_transfer_time,1780474523.70772,0.00012842
experiment_name,b9378986-f8ed-4874-b02a-dc3f06f63cdb,function_transfer_time,1780474523.8090105,0.000094609
experiment_name,b9378986-f8ed-4874-b02a-dc3f06f63cdb,function_transfer_time,1780474523.9103563,0.000107032
experiment_name,b9378986-f8ed-4874-b02a-dc3f06f63cdb,function_transfer_time,1780474524.0106642,0.000037592
experiment_name,b9378986-f8ed-4874-b02a-dc3f06f63cdb,function_transfer_time,1780474524.1120734,0.000130189
experiment_name,b9378986-f8ed-4874-b02a-dc3f06f63cdb,function_transfer_time,1780474524.2133782,0.000108794
experiment_name,b9378986-f8ed-4874-b02a-dc3f06f63cdb,function_transfer_time,1780474524.3137202,0.000123966
experiment_name,b9378986-f8ed-4874-b02a-dc3f06f63cdb,function_transfer_time,1780474524.4149773,0.000031888
experiment_name,b9378986-f8ed-4874-b02a-dc3f06f63cdb,function_transfer_time,1780474524.5163434,0.000041401
experiment_name,b9378986-f8ed-4874-b02a-dc3f06f63cdb,function_transfer_time,1780474524.6167161,0.000120129
experiment_name,b9378986-f8ed-4874-b02a-dc3f06f63cdb,function_transfer_time,1780474524.718043,0.000128603
experiment_name,b9378986-f8ed-4874-b02a-dc3f06f63cdb,function_transfer_time,1780474524.8193588,0.000116295
experiment_name,b9378986-f8ed-4874-b02a-dc3f06f63cdb,function_transfer_time,1780474524.9197226,0.000139489
experiment_name,b9378986-f8ed-4874-b02a-dc3f06f63cdb,function_transfer_time,1780474525.0208955,0.000035077
experiment_name,b9378986-f8ed-4874-b02a-dc3f06f63cdb,function_transfer_time,1780474525.122314,0.000130578
experiment_name,b9378986-f8ed-4874-b02a-dc3f06f63cdb,function_transfer_time,1780474525.2236247,0.000124148
experiment_name,b9378986-f8ed-4874-b02a-dc3f06f63cdb,function_transfer_time,1780474525.324986,0.000141178
experiment_name,b9378986-f8ed-4874-b02a-dc3f06f63cdb,function_transfer_time,1780474525.4262795,0.000103729
experiment_name,b9378986-f8ed-4874-b02a-dc3f06f63cdb,function_transfer_time,1780474525.5276256,0.000114199
experiment_name,b9378986-f8ed-4874-b02a-dc3f06f63cdb,function_transfer_time,1780474525.6289852,0.00010766
experiment_name,b9378986-f8ed-4874-b02a-dc3f06f63cdb,function_transfer_time,1780474525.7304149,0.000127811
experiment_name,b9378986-f8ed-4874-b02a-dc3f06f63cdb,function_transfer_time,1780474525.8317604,0.000114345
experiment_name,b9378986-f8ed-4874-b02a-dc3f06f63cdb,function_transfer_time,1780474525.9330692,0.000112823
experiment_name,b9378986-f8ed-4874-b02a-dc3f06f63cdb,function_execution_time,1780474526.0343955,0.000084032
experiment_name,b9378986-f8ed-4874-b02a-dc3f06f63cdb,function_execution_time,1780474526.1347644,0.000057408
experiment_name,b9378986-f8ed-4874-b02a-dc3f06f63cdb,function_execution_time,1780474526.2359552,0.00006658
experiment_name,b9378986-f8ed-4874-b02a-dc3f06f63cdb,function_execution_time,1780474526.337278,0.000058291
experiment_name,b9378986-f8ed-4874-b02a-dc3f06f63cdb,function_execution_time,1780474526.4386704,0.000057396
experiment_name,b9378986-f8ed-4874-b02a-dc3f06f63cdb,function_execution_time,1780474526.5400035,0.00005558
experiment_name,b9378986-f8ed-4874-b02a-dc3f06f63cdb,function_execution_time,1780474526.6413355,0.000059413
experiment_name,b9378986-f8ed-4874-b02a-dc3f06f63cdb,function_execution_time,1780474526.7426069,0.000064569
experiment_name,b9378986-f8ed-4874-b02a-dc3f06f63cdb,function_execution_time,1780474526.8439965,0.000065083
experiment_name,b9378986-f8ed-4874-b02a-dc3f06f63cdb,function_execution_time,1780474526.9452446,0.000066682
experiment_name,b9378986-f8ed-4874-b02a-dc3f06f63cdb,function_execution_time,1780474527.0466726,0.000058432
experiment_name,b9378986-f8ed-4874-b02a-dc3f06f63cdb,function_execution_time,1780474527.1480143,0.000067877
experiment_name,b9378986-f8ed-4874-b02a-dc3f06f63cdb,function_execution_time,1780474527.2494574,0.000080238
experiment_name,b9378986-f8ed-4874-b02a-dc3f06f63cdb,function_execution_time,1780474527.3506083,0.000059067
experiment_name,b9378986-f8ed-4874-b02a-dc3f06f63cdb,function_execution_time,1780474527.4519246,0.000060154
experiment_name,b9378986-f8ed-4874-b02a-dc3f06f63cdb,function_execution_time,1780474527.5533707,0.000060954
experiment_name,b9378986-f8ed-4874-b02a-dc3f06f63cdb,function_execution_time,1780474527.653743,0.000063633
experiment_name,b9378986-f8ed-4874-b02a-dc3f06f63cdb,function_execution_time,1780474527.755028,0.00005711
experiment_name,b9378986-f8ed-4874-b02a-dc3f06f63cdb,function_execution_time,1780474527.856305,0.000055524
experiment_name,b9378986-f8ed-4874-b02a-dc3f06f63cdb,function_execution_time,1780474527.957682,0.000056201
experiment_name,b9378986-f8ed-4874-b02a-dc3f06f63cdb,function_execution_time,1780474528.0589478,0.000056423
experiment_name,b9378986-f8ed-4874-b02a-dc3f06f63cdb,function_execution_time,1780474528.16037,0.000065364
experiment_name,b9378986-f8ed-4874-b02a-dc3f06f63cdb,function_execution_time,1780474528.2606196,0.000059237
experiment_name,b9378986-f8ed-4874-b02a-dc3f06f63cdb,function_execution_time,1780474528.3620152,0.000056644
experiment_name,b9378986-f8ed-4874-b02a-dc3f06f63cdb,function_execution_time,1780474528.4633536,0.000056552
experiment_name,b9378986-f8ed-4874-b02a-dc3f06f63cdb,function_execution_time,1780474528.563856,0.000067287
experiment_name,b9378986-f8ed-4874-b02a-dc3f06f63cdb,function_execution_time,1780474528.6651516,0.000055541
experiment_name,b9378986-f8ed-4874-b02a-dc3f06f63cdb,function_execution_time,1780474528.7664511,0.000059989
experiment_name,b9378986-f8ed-4874-b02a-dc3f06f63cdb,function_execution_time,1780474528.8676772,0.000063348
experiment_name,b9378986-f8ed-4874-b02a-dc3f06f63cdb,function_execution_time,1780474528.9689703,0.000076092
experiment_name,b9378986-f8ed-4874-b02a-dc3f06f63cdb,function_execution_time,1780474529.0703294,0.000053804
experiment_name,b9378986-f8ed-4874-b02a-dc3f06f63cdb,function_execution_time,1780474529.17069,0.000058828
experiment_name,b9378986-f8ed-4874-b02a-dc3f06f63cdb,function_execution_time,1780474529.2721229,0.000055417
experiment_name,b9378986-f8ed-4874-b02a-dc3f06f63cdb,function_execution_time,1780474529.3735726,0.000059702
experiment_name,b9378986-f8ed-4874-b02a-dc3f06f63cdb,function_execution_time,1780474529.4750936,0.000056732
experiment_name,b9378986-f8ed-4874-b02a-dc3f06f63cdb,function_execution_time,1780474529.576343,0.000063775
experiment_name,b9378986-f8ed-4874-b02a-dc3f06f63cdb,function_execution_time,1780474529.676753,0.000056265
experiment_name,b9378986-f8ed-4874-b02a-dc3f06f63cdb,function_execution_time,1780474529.7780428,0.000060303
experiment_name,b9378986-f8ed-4874-b02a-dc3f06f63cdb,function_execution_time,1780474529.879462,0.000071964
experiment_name,b9378986-f8ed-4874-b02a-dc3f06f63cdb,function_execution_time,1780474529.9806895,0.000063434
experiment_name,b9378986-f8ed-4874-b02a-dc3f06f63cdb,function_execution_time,1780474530.0820575,0.000058441
experiment_name,b9378986-f8ed-4874-b02a-dc3f06f63cdb,function_execution_time,1780474530.1834948,0.000066152
experiment_name,b9378986-f8ed-4874-b02a-dc3f06f63cdb,function_execution_time,1780474530.28478,0.000055669
experiment_name,b9378986-f8ed-4874-b02a-dc3f06f63cdb,function_execution_time,1780474530.3860304,0.000055068
experiment_name,b9378986-f8ed-4874-b02a-dc3f06f63cdb,function_execution_time,1780474530.4873905,0.000063681
experiment_name,b9378986-f8ed-4874-b02a-dc3f06f63cdb,function_execution_time,1780474530.5876381,0.00005468
experiment_name,b9378986-f8ed-4874-b02a-dc3f06f63cdb,function_execution_time,1780474530.6889977,0.000064572
experiment_name,b9378986-f8ed-4874-b02a-dc3f06f63cdb,function_execution_time,1780474530.790353,0.000059281
experiment_name,b9378986-f8ed-4874-b02a-dc3f06f63cdb,function_execution_time,1780474530.8916535,0.000066635
experiment_name,b9378986-f8ed-4874-b02a-dc3f06f63cdb,function_execution_time,1780474530.9930232,0.000060716
experiment_name,a48cfd35-9c5d-4f91-86d8-f18f35847628,function_execution_time,1780474526.0343425,0.000115203
experiment_name,a48cfd35-9c5d-4f91-86d8-f18f35847628,function_execution_time,1780474526.1346009,0.000084507
experiment_name,a48cfd35-9c5d-4f91-86d8-f18f35847628,function_execution_time,1780474526.2358906,0.000099653
experiment_name,a48cfd35-9c5d-4f91-86d8-f18f35847628,function_execution_time,1780474526.3371985,0.000081231
experiment_name,a48cfd35-9c5d-4f91-86d8-f18f35847628,function_execution_time,1780474526.4385343,0.000069949
experiment_name,a48cfd35-9c5d-4f91-86d8-f18f35847628,function_execution_time,1780474526.5399134,0.000086893
experiment_name,a48cfd35-9c5d-4f91-86d8-f18f35847628,function_execution_time,1780474526.6412303,0.000088868
experiment_name,a48cfd35-9c5d-4f91-86d8-f18f35847628,function_execution_time,1780474526.7425938,0.000113302
experiment_name,a48cfd35-9c5d-4f91-86d8-f18f35847628,function_execution_time,1780474526.8438945,0.000099138
experiment_name,a48cfd35-9c5d-4f91-86d8-f18f35847628,function_execution_time,1780474526.945221,0.000102244
experiment_name,a48cfd35-9c5d-4f91-86d8-f18f35847628,function_execution_time,1780474527.0466173,0.000157247
experiment_name,a48cfd35-9c5d-4f91-86d8-f18f35847628,function_execution_time,1780474527.147923,0.000073063
experiment_name,a48cfd35-9c5d-4f91-86d8-f18f35847628,function_execution_time,1780474527.249344,0.000089406
experiment_name,a48cfd35-9c5d-4f91-86d8-f18f35847628,function_execution_time,1780474527.350606,0.000096551
experiment_name,a48cfd35-9c5d-4f91-86d8-f18f35847628,function_execution_time,1780474527.4518101,0.000090009
experiment_name,a48cfd35-9c5d-4f91-86d8-f18f35847628,function_execution_time,1780474527.553288,0.000070746
experiment_name,a48cfd35-9c5d-4f91-86d8-f18f35847628,function_execution_time,1780474527.6536195,0.00009817
experiment_name,a48cfd35-9c5d-4f91-86d8-f18f35847628,function_execution_time,1780474527.7548718,0.000073025
experiment_name,a48cfd35-9c5d-4f91-86d8-f18f35847628,function_execution_time,1780474527.8562012,0.000088573
experiment_name,a48cfd35-9c5d-4f91-86d8-f18f35847628,function_execution_time,1780474527.9575934,0.000102436
experiment_name,a48cfd35-9c5d-4f91-86d8-f18f35847628,function_execution_time,1780474528.0588949,0.000150707
experiment_name,a48cfd35-9c5d-4f91-86d8-f18f35847628,function_execution_time,1780474528.160206,0.00007255
experiment_name,a48cfd35-9c5d-4f91-86d8-f18f35847628,function_execution_time,1780474528.2606175,0.000090811
experiment_name,a48cfd35-9c5d-4f91-86d8-f18f35847628,function_execution_time,1780474528.3619304,0.000086479
experiment_name,a48cfd35-9c5d-4f91-86d8-f18f35847628,function_execution_time,1780474528.463258,0.000092064
experiment_name,a48cfd35-9c5d-4f91-86d8-f18f35847628,function_execution_time,1780474528.5636783,0.00007423
experiment_name,a48cfd35-9c5d-4f91-86d8-f18f35847628,function_execution_time,1780474528.6650245,0.000089205
experiment_name,a48cfd35-9c5d-4f91-86d8-f18f35847628,function_execution_time,1780474528.7663515,0.000075211
experiment_name,a48cfd35-9c5d-4f91-86d8-f18f35847628,function_execution_time,1780474528.8676715,0.00008947
experiment_name,a48cfd35-9c5d-4f91-86d8-f18f35847628,function_execution_time,1780474528.9689393,0.000104763
experiment_name,a48cfd35-9c5d-4f91-86d8-f18f35847628,function_execution_time,1780474529.0703275,0.00015512
experiment_name,a48cfd35-9c5d-4f91-86d8-f18f35847628,function_execution_time,1780474529.1705964,0.000075164
experiment_name,a48cfd35-9c5d-4f91-86d8-f18f35847628,function_execution_time,1780474529.2720428,0.000088492
experiment_name,a48cfd35-9c5d-4f91-86d8-f18f35847628,function_execution_time,1780474529.3734772,0.000097162
experiment_name,a48cfd35-9c5d-4f91-86d8-f18f35847628,function_execution_time,1780474529.4749377,0.000072161
experiment_name,a48cfd35-9c5d-4f91-86d8-f18f35847628,function_execution_time,1780474529.5762544,0.000075622
experiment_name,a48cfd35-9c5d-4f91-86d8-f18f35847628,function_execution_time,1780474529.6766095,0.000085357
experiment_name,a48cfd35-9c5d-4f91-86d8-f18f35847628,function_execution_time,1780474529.7779553,0.00007571
experiment_name,a48cfd35-9c5d-4f91-86d8-f18f35847628,function_execution_time,1780474529.8793058,0.000079775
experiment_name,a48cfd35-9c5d-4f91-86d8-f18f35847628,function_execution_time,1780474529.9805973,0.000069655
experiment_name,a48cfd35-9c5d-4f91-86d8-f18f35847628,function_execution_time,1780474530.0820026,0.000163187
experiment_name,a48cfd35-9c5d-4f91-86d8-f18f35847628,function_execution_time,1780474530.183326,0.000077414
experiment_name,a48cfd35-9c5d-4f91-86d8-f18f35847628,function_execution_time,1780474530.284726,0.000086806
experiment_name,a48cfd35-9c5d-4f91-86d8-f18f35847628,function_execution_time,1780474530.3859735,0.000084663
experiment_name,a48cfd35-9c5d-4f91-86d8-f18f35847628,function_execution_time,1780474530.487239,0.000077738
experiment_name,a48cfd35-9c5d-4f91-86d8-f18f35847628,function_execution_time,1780474530.587556,0.000077424
experiment_name,a48cfd35-9c5d-4f91-86d8-f18f35847628,function_execution_time,1780474530.6888587,0.000070676
experiment_name,a48cfd35-9c5d-4f91-86d8-f18f35847628,function_execution_time,1780474530.7901936,0.000083227
experiment_name,a48cfd35-9c5d-4f91-86d8-f18f35847628,function_execution_time,1780474530.8915606,0.000075777
experiment_name,a48cfd35-9c5d-4f91-86d8-f18f35847628,function_execution_time,1780474530.9928846,0.000073251
experiment_name,b9378986-f8ed-4874-b02a-dc3f06f63cdb,function_transfer_time,1780474526.0343103,0.000029818
experiment_name,b9378986-f8ed-4874-b02a-dc3f06f63cdb,function_transfer_time,1780474526.134707,0.000133691
experiment_name,b9378986-f8ed-4874-b02a-dc3f06f63cdb,function_transfer_time,1780474526.235888,0.000037897
experiment_name,b9378986-f8ed-4874-b02a-dc3f06f63cdb,function_transfer_time,1780474526.337275,0.000049616
experiment_name,b9378986-f8ed-4874-b02a-dc3f06f63cdb,function_transfer_time,1780474526.438612,0.000110212
experiment_name,b9378986-f8ed-4874-b02a-dc3f06f63cdb,function_transfer_time,1780474526.5399437,0.000111748
experiment_name,b9378986-f8ed-4874-b02a-dc3f06f63cdb,function_transfer_time,1780474526.641269,0.000133493
experiment_name,b9378986-f8ed-4874-b02a-dc3f06f63cdb,function_transfer_time,1780474526.742589,0.00003555
experiment_name,b9378986-f8ed-4874-b02a-dc3f06f63cdb,function_transfer_time,1780474526.8439248,0.000129651
experiment_name,b9378986-f8ed-4874-b02a-dc3f06f63cdb,function_transfer_time,1780474526.9452248,0.00004515
experiment_name,b9378986-f8ed-4874-b02a-dc3f06f63cdb,function_transfer_time,1780474527.0466144,0.000031826
experiment_name,b9378986-f8ed-4874-b02a-dc3f06f63cdb,function_transfer_time,1780474527.147992,0.000065176
experiment_name,b9378986-f8ed-4874-b02a-dc3f06f63cdb,function_transfer_time,1780474527.2493699,0.000126356
experiment_name,b9378986-f8ed-4874-b02a-dc3f06f63cdb,function_transfer_time,1780474527.3506024,0.000036912
experiment_name,b9378986-f8ed-4874-b02a-dc3f06f63cdb,function_transfer_time,1780474527.451854,0.000085643
experiment_name,b9378986-f8ed-4874-b02a-dc3f06f63cdb,function_transfer_time,1780474527.5533583,0.000056017
experiment_name,b9378986-f8ed-4874-b02a-dc3f06f63cdb,function_transfer_time,1780474527.6536705,0.000097346
experiment_name,b9378986-f8ed-4874-b02a-dc3f06f63cdb,function_transfer_time,1780474527.7549706,0.000131927
experiment_name,b9378986-f8ed-4874-b02a-dc3f06f63cdb,function_transfer_time,1780474527.8562422,0.00008915
experiment_name,b9378986-f8ed-4874-b02a-dc3f06f63cdb,function_transfer_time,1780474527.957619,0.000123723
experiment_name,b9378986-f8ed-4874-b02a-dc3f06f63cdb,function_transfer_time,1780474528.0588918,0.000039487
experiment_name,b9378986-f8ed-4874-b02a-dc3f06f63cdb,function_transfer_time,1780474528.1603045,0.000133415
experiment_name,b9378986-f8ed-4874-b02a-dc3f06f63cdb,function_transfer_time,1780474528.260614,0.000035897
experiment_name,b9378986-f8ed-4874-b02a-dc3f06f63cdb,function_transfer_time,1780474528.3619518,0.000116729
experiment_name,b9378986-f8ed-4874-b02a-dc3f06f63cdb,function_transfer_time,1780474528.4632885,0.00011098
experiment_name,b9378986-f8ed-4874-b02a-dc3f06f63cdb,function_transfer_time,1780474528.5637887,0.000136531
experiment_name,b9378986-f8ed-4874-b02a-dc3f06f63cdb,function_transfer_time,1780474528.66509,0.000106551
experiment_name,b9378986-f8ed-4874-b02a-dc3f06f63cdb,function_transfer_time,1780474528.7664204,0.000052195
experiment_name,b9378986-f8ed-4874-b02a-dc3f06f63cdb,function_transfer_time,1780474528.8676763,0.000041532
experiment_name,b9378986-f8ed-4874-b02a-dc3f06f63cdb,function_transfer_time,1780474528.9689345,0.000036683
experiment_name,b9378986-f8ed-4874-b02a-dc3f06f63cdb,function_transfer_time,1780474529.070324,0.000047135
experiment_name,b9378986-f8ed-4874-b02a-dc3f06f63cdb,function_transfer_time,1780474529.1706302,0.000074569
experiment_name,b9378986-f8ed-4874-b02a-dc3f06f63cdb,function_transfer_time,1780474529.2720635,0.000105885
experiment_name,b9378986-f8ed-4874-b02a-dc3f06f63cdb,function_transfer_time,1780474529.373504,0.000128707
experiment_name,b9378986-f8ed-4874-b02a-dc3f06f63cdb,function_transfer_time,1780474529.4750369,0.000128839
experiment_name,b9378986-f8ed-4874-b02a-dc3f06f63cdb,function_transfer_time,1780474529.5763285,0.000050124
experiment_name,b9378986-f8ed-4874-b02a-dc3f06f63cdb,function_transfer_time,1780474529.676696,0.000115299
experiment_name,b9378986-f8ed-4874-b02a-dc3f06f63cdb,function_transfer_time,1780474529.7779818,0.000061802
experiment_name,b9378986-f8ed-4874-b02a-dc3f06f63cdb,function_transfer_time,1780474529.8793867,0.000112994
experiment_name,b9378986-f8ed-4874-b02a-dc3f06f63cdb,function_transfer_time,1780474529.9806178,0.000058292
experiment_name,b9378986-f8ed-4874-b02a-dc3f06f63cdb,function_transfer_time,1780474530.0819993,0.000041985
experiment_name,b9378986-f8ed-4874-b02a-dc3f06f63cdb,function_transfer_time,1780474530.1834347,0.0001308
experiment_name,b9378986-f8ed-4874-b02a-dc3f06f63cdb,function_transfer_time,1780474530.2847288,0.00010094
experiment_name,b9378986-f8ed-4874-b02a-dc3f06f63cdb,function_transfer_time,1780474530.3859766,0.000094785
experiment_name,b9378986-f8ed-4874-b02a-dc3f06f63cdb,function_transfer_time,1780474530.4873264,0.000117072
experiment_name,b9378986-f8ed-4874-b02a-dc3f06f63cdb,function_transfer_time,1780474530.587584,0.000049856
experiment_name,b9378986-f8ed-4874-b02a-dc3f06f63cdb,function_transfer_time,1780474530.688951,0.000104443
experiment_name,b9378986-f8ed-4874-b02a-dc3f06f63cdb,function_transfer_time,1780474530.790293,0.000127915
experiment_name,b9378986-f8ed-4874-b02a-dc3f06f63cdb,function_transfer_time,1780474530.8915863,0.000059647
experiment_name,b9378986-f8ed-4874-b02a-dc3f06f63cdb,function_transfer_time,1780474530.99298,0.000104418
experiment_name,a48cfd35-9c5d-4f91-86d8-f18f35847628,function_transfer_time,1780474526.0342236,0.00002381
experiment_name,a48cfd35-9c5d-4f91-86d8-f18f35847628,function_transfer_time,1780474526.1345184,0.00008746
experiment_name,a48cfd35-9c5d-4f91-86d8-f18f35847628,function_transfer_time,1780474526.235789,0.000028181
experiment_name,a48cfd35-9c5d-4f91-86d8-f18f35847628,function_transfer_time,1780474526.337116,0.000085835
experiment_name,a48cfd35-9c5d-4f91-86d8-f18f35847628,function_transfer_time,1780474526.4384487,0.000086081
experiment_name,a48cfd35-9c5d-4f91-86d8-f18f35847628,function_transfer_time,1780474526.5397801,0.00007903
experiment_name,a48cfd35-9c5d-4f91-86d8-f18f35847628,function_transfer_time,1780474526.6410854,0.000082181
experiment_name,a48cfd35-9c5d-4f91-86d8-f18f35847628,function_transfer_time,1780474526.742423,0.000086741
experiment_name,a48cfd35-9c5d-4f91-86d8-f18f35847628,function_transfer_time,1780474526.843733,0.000034548
experiment_name,a48cfd35-9c5d-4f91-86d8-f18f35847628,function_transfer_time,1780474526.9450645,0.00008548
experiment_name,a48cfd35-9c5d-4f91-86d8-f18f35847628,function_transfer_time,1780474527.0464613,0.000122611
experiment_name,a48cfd35-9c5d-4f91-86d8-f18f35847628,function_transfer_time,1780474527.1478298,0.000081341
experiment_name,a48cfd35-9c5d-4f91-86d8-f18f35847628,function_transfer_time,1780474527.2491958,0.000100516
experiment_name,a48cfd35-9c5d-4f91-86d8-f18f35847628,function_transfer_time,1780474527.3504503,0.000028854
experiment_name,a48cfd35-9c5d-4f91-86d8-f18f35847628,function_transfer_time,1780474527.4517143,0.000029868
experiment_name,a48cfd35-9c5d-4f91-86d8-f18f35847628,function_transfer_time,1780474527.5532033,0.000092308
experiment_name,a48cfd35-9c5d-4f91-86d8-f18f35847628,function_transfer_time,1780474527.6535146,0.000078938
experiment_name,a48cfd35-9c5d-4f91-86d8-f18f35847628,function_transfer_time,1780474527.754786,0.000028909
experiment_name,a48cfd35-9c5d-4f91-86d8-f18f35847628,function_transfer_time,1780474527.856105,0.000080298
experiment_name,a48cfd35-9c5d-4f91-86d8-f18f35847628,function_transfer_time,1780474527.9574392,0.000099554
experiment_name,a48cfd35-9c5d-4f91-86d8-f18f35847628,function_transfer_time,1780474528.058739,0.000027547
experiment_name,a48cfd35-9c5d-4f91-86d8-f18f35847628,function_transfer_time,1780474528.1601188,0.000095233
experiment_name,a48cfd35-9c5d-4f91-86d8-f18f35847628,function_transfer_time,1780474528.2604737,0.000089816
experiment_name,a48cfd35-9c5d-4f91-86d8-f18f35847628,function_transfer_time,1780474528.3617814,0.000086162
experiment_name,a48cfd35-9c5d-4f91-86d8-f18f35847628,function_transfer_time,1780474528.4631248,0.000081125
experiment_name,a48cfd35-9c5d-4f91-86d8-f18f35847628,function_transfer_time,1780474528.5635993,0.000088378
experiment_name,a48cfd35-9c5d-4f91-86d8-f18f35847628,function_transfer_time,1780474528.6649244,0.000082554
experiment_name,a48cfd35-9c5d-4f91-86d8-f18f35847628,function_transfer_time,1780474528.7662716,0.000081675
experiment_name,a48cfd35-9c5d-4f91-86d8-f18f35847628,function_transfer_time,1780474528.8675272,0.000023317
experiment_name,a48cfd35-9c5d-4f91-86d8-f18f35847628,function_transfer_time,1780474528.968803,0.000028591
experiment_name,a48cfd35-9c5d-4f91-86d8-f18f35847628,function_transfer_time,1780474529.070112,0.000090066
experiment_name,a48cfd35-9c5d-4f91-86d8-f18f35847628,function_transfer_time,1780474529.1705027,0.000081224
experiment_name,a48cfd35-9c5d-4f91-86d8-f18f35847628,function_transfer_time,1780474529.2719066,0.000082636
experiment_name,a48cfd35-9c5d-4f91-86d8-f18f35847628,function_transfer_time,1780474529.3733113,0.000023927
experiment_name,a48cfd35-9c5d-4f91-86d8-f18f35847628,function_transfer_time,1780474529.4748569,0.000091043
experiment_name,a48cfd35-9c5d-4f91-86d8-f18f35847628,function_transfer_time,1780474529.5761752,0.000082491
experiment_name,a48cfd35-9c5d-4f91-86d8-f18f35847628,function_transfer_time,1780474529.676529,0.000095112
experiment_name,a48cfd35-9c5d-4f91-86d8-f18f35847628,function_transfer_time,1780474529.7778661,0.000089377
experiment_name,a48cfd35-9c5d-4f91-86d8-f18f35847628,function_transfer_time,1780474529.8792212,0.000096577
experiment_name,a48cfd35-9c5d-4f91-86d8-f18f35847628,function_transfer_time,1780474529.9805124,0.000025981
experiment_name,a48cfd35-9c5d-4f91-86d8-f18f35847628,function_transfer_time,1780474530.081832,0.000084754
experiment_name,a48cfd35-9c5d-4f91-86d8-f18f35847628,function_transfer_time,1780474530.1832416,0.00008884
experiment_name,a48cfd35-9c5d-4f91-86d8-f18f35847628,function_transfer_time,1780474530.284567,0.000081701
experiment_name,a48cfd35-9c5d-4f91-86d8-f18f35847628,function_transfer_time,1780474530.3858304,0.000021061
experiment_name,a48cfd35-9c5d-4f91-86d8-f18f35847628,function_transfer_time,1780474530.4871562,0.000079438
experiment_name,a48cfd35-9c5d-4f91-86d8-f18f35847628,function_transfer_time,1780474530.5874825,0.000081217
experiment_name,a48cfd35-9c5d-4f91-86d8-f18f35847628,function_transfer_time,1780474530.6887767,0.000028449
experiment_name,a48cfd35-9c5d-4f91-86d8-f18f35847628,function_transfer_time,1780474530.7901049,0.000087972
experiment_name,a48cfd35-9c5d-4f91-86d8-f18f35847628,function_transfer_time,1780474530.8914716,0.000096558
experiment_name,a48cfd35-9c5d-4f91-86d8-f18f35847628,function_transfer_time,1780474530.9928079,0.000088987
experiment_name,b9378986-f8ed-4874-b02a-dc3f06f63cdb,function_execution_time,1780474531.094007,0.000079788
experiment_name,b9378986-f8ed-4874-b02a-dc3f06f63cdb,function_execution_time,1780474531.1955206,0.000056486
experiment_name,b9378986-f8ed-4874-b02a-dc3f06f63cdb,function_execution_time,1780474531.296731,0.000071463
experiment_name,b9378986-f8ed-4874-b02a-dc3f06f63cdb,function_execution_time,1780474531.3980632,0.00006063
experiment_name,b9378986-f8ed-4874-b02a-dc3f06f63cdb,function_execution_time,1780474531.4993367,0.000058568
experiment_name,b9378986-f8ed-4874-b02a-dc3f06f63cdb,function_execution_time,1780474531.6005862,0.000056989
experiment_name,b9378986-f8ed-4874-b02a-dc3f06f63cdb,function_execution_time,1780474531.7018502,0.000062044
experiment_name,b9378986-f8ed-4874-b02a-dc3f06f63cdb,function_execution_time,1780474531.8032143,0.000067597
experiment_name,b9378986-f8ed-4874-b02a-dc3f06f63cdb,function_execution_time,1780474531.9044836,0.000070033
experiment_name,b9378986-f8ed-4874-b02a-dc3f06f63cdb,function_execution_time,1780474532.005881,0.000063633
experiment_name,b9378986-f8ed-4874-b02a-dc3f06f63cdb,function_execution_time,1780474532.1072257,0.000063444
experiment_name,b9378986-f8ed-4874-b02a-dc3f06f63cdb,function_execution_time,1780474532.208562,0.000063465
experiment_name,b9378986-f8ed-4874-b02a-dc3f06f63cdb,function_execution_time,1780474532.3098025,0.000057412
experiment_name,b9378986-f8ed-4874-b02a-dc3f06f63cdb,function_execution_time,1780474532.4110198,0.000064398
experiment_name,b9378986-f8ed-4874-b02a-dc3f06f63cdb,function_execution_time,1780474532.5123518,0.000058389
experiment_name,b9378986-f8ed-4874-b02a-dc3f06f63cdb,function_execution_time,1780474532.613571,0.000058013
experiment_name,b9378986-f8ed-4874-b02a-dc3f06f63cdb,function_execution_time,1780474532.7149107,0.000068166
experiment_name,b9378986-f8ed-4874-b02a-dc3f06f63cdb,function_execution_time,1780474532.8161738,0.000055155
experiment_name,b9378986-f8ed-4874-b02a-dc3f06f63cdb,function_execution_time,1780474532.9174407,0.000059667
experiment_name,b9378986-f8ed-4874-b02a-dc3f06f63cdb,function_execution_time,1780474533.017718,0.000064855
experiment_name,b9378986-f8ed-4874-b02a-dc3f06f63cdb,function_execution_time,1780474533.1191084,0.000111051
experiment_name,b9378986-f8ed-4874-b02a-dc3f06f63cdb,function_execution_time,1780474533.2205265,0.000067727
experiment_name,b9378986-f8ed-4874-b02a-dc3f06f63cdb,function_execution_time,1780474533.3217986,0.000063846
experiment_name,b9378986-f8ed-4874-b02a-dc3f06f63cdb,function_execution_time,1780474533.4231265,0.000055972
experiment_name,b9378986-f8ed-4874-b02a-dc3f06f63cdb,function_execution_time,1780474533.5244024,0.000055845
experiment_name,b9378986-f8ed-4874-b02a-dc3f06f63cdb,function_execution_time,1780474533.6246848,0.000066972
experiment_name,b9378986-f8ed-4874-b02a-dc3f06f63cdb,function_execution_time,1780474533.7259474,0.00005564
experiment_name,b9378986-f8ed-4874-b02a-dc3f06f63cdb,function_execution_time,1780474533.8272352,0.000056109
experiment_name,b9378986-f8ed-4874-b02a-dc3f06f63cdb,function_execution_time,1780474533.9284968,0.000062543
experiment_name,b9378986-f8ed-4874-b02a-dc3f06f63cdb,function_execution_time,1780474534.0297835,0.000065498
experiment_name,b9378986-f8ed-4874-b02a-dc3f06f63cdb,function_execution_time,1780474534.1309807,0.00005433
experiment_name,b9378986-f8ed-4874-b02a-dc3f06f63cdb,function_execution_time,1780474534.2323036,0.000054978
experiment_name,b9378986-f8ed-4874-b02a-dc3f06f63cdb,function_execution_time,1780474534.3328152,0.000059428
experiment_name,b9378986-f8ed-4874-b02a-dc3f06f63cdb,function_execution_time,1780474534.434086,0.000065631
experiment_name,b9378986-f8ed-4874-b02a-dc3f06f63cdb,function_execution_time,1780474534.5352807,0.000056021
experiment_name,b9378986-f8ed-4874-b02a-dc3f06f63cdb,function_execution_time,1780474534.6365428,0.00005282
experiment_name,b9378986-f8ed-4874-b02a-dc3f06f63cdb,function_execution_time,1780474534.7378306,0.000062645
experiment_name,b9378986-f8ed-4874-b02a-dc3f06f63cdb,function_execution_time,1780474534.8392496,0.000057892
experiment_name,b9378986-f8ed-4874-b02a-dc3f06f63cdb,function_execution_time,1780474534.9405847,0.000063268
experiment_name,b9378986-f8ed-4874-b02a-dc3f06f63cdb,function_execution_time,1780474535.0419354,0.000055309
experiment_name,b9378986-f8ed-4874-b02a-dc3f06f63cdb,function_execution_time,1780474535.1431792,0.000065802
experiment_name,b9378986-f8ed-4874-b02a-dc3f06f63cdb,function_execution_time,1780474535.2445292,0.000055134
experiment_name,b9378986-f8ed-4874-b02a-dc3f06f63cdb,function_execution_time,1780474535.3458002,0.000066298
experiment_name,b9378986-f8ed-4874-b02a-dc3f06f63cdb,function_execution_time,1780474535.4471931,0.000056044
experiment_name,b9378986-f8ed-4874-b02a-dc3f06f63cdb,function_execution_time,1780474535.5484726,0.000077341
experiment_name,b9378986-f8ed-4874-b02a-dc3f06f63cdb,function_execution_time,1780474535.6497662,0.000055082
experiment_name,b9378986-f8ed-4874-b02a-dc3f06f63cdb,function_execution_time,1780474535.7510056,0.000059538
experiment_name,b9378986-f8ed-4874-b02a-dc3f06f63cdb,function_execution_time,1780474535.8524165,0.000064544
experiment_name,b9378986-f8ed-4874-b02a-dc3f06f63cdb,function_execution_time,1780474535.9526768,0.000062137
experiment_name,a48cfd35-9c5d-4f91-86d8-f18f35847628,function_execution_time,1780474531.0939643,0.000190333
experiment_name,a48cfd35-9c5d-4f91-86d8-f18f35847628,function_execution_time,1780474531.1953528,0.000075148
experiment_name,a48cfd35-9c5d-4f91-86d8-f18f35847628,function_execution_time,1780474531.2966335,0.00007474
experiment_name,a48cfd35-9c5d-4f91-86d8-f18f35847628,function_execution_time,1780474531.3979135,0.000069637
experiment_name,a48cfd35-9c5d-4f91-86d8-f18f35847628,function_execution_time,1780474531.499231,0.000087839
experiment_name,a48cfd35-9c5d-4f91-86d8-f18f35847628,function_execution_time,1780474531.6004539,0.000070765
experiment_name,a48cfd35-9c5d-4f91-86d8-f18f35847628,function_execution_time,1780474531.7017045,0.000069887
experiment_name,a48cfd35-9c5d-4f91-86d8-f18f35847628,function_execution_time,1780474531.803103,0.000094203
experiment_name,a48cfd35-9c5d-4f91-86d8-f18f35847628,function_execution_time,1780474531.9043133,0.000072889
experiment_name,a48cfd35-9c5d-4f91-86d8-f18f35847628,function_execution_time,1780474532.0058684,0.00009403
experiment_name,a48cfd35-9c5d-4f91-86d8-f18f35847628,function_execution_time,1780474532.107166,0.000175676
experiment_name,a48cfd35-9c5d-4f91-86d8-f18f35847628,function_execution_time,1780474532.208393,0.000073098
experiment_name,a48cfd35-9c5d-4f91-86d8-f18f35847628,function_execution_time,1780474532.3096647,0.000070814
experiment_name,a48cfd35-9c5d-4f91-86d8-f18f35847628,function_execution_time,1780474532.410999,0.000087215
experiment_name,a48cfd35-9c5d-4f91-86d8-f18f35847628,function_execution_time,1780474532.512195,0.000082491
experiment_name,a48cfd35-9c5d-4f91-86d8-f18f35847628,function_execution_time,1780474532.6135163,0.00010859
experiment_name,a48cfd35-9c5d-4f91-86d8-f18f35847628,function_execution_time,1780474532.7147446,0.000068863
experiment_name,a48cfd35-9c5d-4f91-86d8-f18f35847628,function_execution_time,1780474532.8160195,0.000080495
experiment_name,a48cfd35-9c5d-4f91-86d8-f18f35847628,function_execution_time,1780474532.9172878,0.00007089
experiment_name,a48cfd35-9c5d-4f91-86d8-f18f35847628,function_execution_time,1780474533.017626,0.000076012
experiment_name,a48cfd35-9c5d-4f91-86d8-f18f35847628,function_execution_time,1780474533.119069,0.000229163
experiment_name,a48cfd35-9c5d-4f91-86d8-f18f35847628,function_execution_time,1780474533.2204409,0.000086693
experiment_name,a48cfd35-9c5d-4f91-86d8-f18f35847628,function_execution_time,1780474533.3217828,0.000096623
experiment_name,a48cfd35-9c5d-4f91-86d8-f18f35847628,function_execution_time,1780474533.4229758,0.000071198
experiment_name,a48cfd35-9c5d-4f91-86d8-f18f35847628,function_execution_time,1780474533.5242577,0.000084498
experiment_name,a48cfd35-9c5d-4f91-86d8-f18f35847628,function_execution_time,1780474533.6246328,0.000087298
experiment_name,a48cfd35-9c5d-4f91-86d8-f18f35847628,function_execution_time,1780474533.7258115,0.000068832
experiment_name,a48cfd35-9c5d-4f91-86d8-f18f35847628,function_execution_time,1780474533.8270903,0.000080123
experiment_name,a48cfd35-9c5d-4f91-86d8-f18f35847628,function_execution_time,1780474533.9283478,0.000082617
experiment_name,a48cfd35-9c5d-4f91-86d8-f18f35847628,function_execution_time,1780474534.0296824,0.000085928
experiment_name,a48cfd35-9c5d-4f91-86d8-f18f35847628,function_execution_time,1780474534.1309297,0.000137889
experiment_name,a48cfd35-9c5d-4f91-86d8-f18f35847628,function_execution_time,1780474534.2321954,0.000092753
experiment_name,a48cfd35-9c5d-4f91-86d8-f18f35847628,function_execution_time,1780474534.332672,0.000080434
experiment_name,a48cfd35-9c5d-4f91-86d8-f18f35847628,function_execution_time,1780474534.4339273,0.000076334
experiment_name,a48cfd35-9c5d-4f91-86d8-f18f35847628,function_execution_time,1780474534.5351999,0.000070384
experiment_name,a48cfd35-9c5d-4f91-86d8-f18f35847628,function_execution_time,1780474534.636466,0.00009165
experiment_name,a48cfd35-9c5d-4f91-86d8-f18f35847628,function_execution_time,1780474534.7377415,0.000070104
experiment_name,a48cfd35-9c5d-4f91-86d8-f18f35847628,function_execution_time,1780474534.8390877,0.000075239
experiment_name,a48cfd35-9c5d-4f91-86d8-f18f35847628,function_execution_time,1780474534.9404838,0.000091926
experiment_name,a48cfd35-9c5d-4f91-86d8-f18f35847628,function_execution_time,1780474535.0417774,0.000075044
experiment_name,a48cfd35-9c5d-4f91-86d8-f18f35847628,function_execution_time,1780474535.1431134,0.000162596
experiment_name,a48cfd35-9c5d-4f91-86d8-f18f35847628,function_execution_time,1780474535.244462,0.00008961
experiment_name,a48cfd35-9c5d-4f91-86d8-f18f35847628,function_execution_time,1780474535.3457096,0.000080968
experiment_name,a48cfd35-9c5d-4f91-86d8-f18f35847628,function_execution_time,1780474535.4470348,0.000078491
experiment_name,a48cfd35-9c5d-4f91-86d8-f18f35847628,function_execution_time,1780474535.5483973,0.000101073
experiment_name,a48cfd35-9c5d-4f91-86d8-f18f35847628,function_execution_time,1780474535.6496565,0.000101667
experiment_name,a48cfd35-9c5d-4f91-86d8-f18f35847628,function_execution_time,1780474535.7509227,0.000075484
experiment_name,a48cfd35-9c5d-4f91-86d8-f18f35847628,function_execution_time,1780474535.852247,0.000087058
experiment_name,a48cfd35-9c5d-4f91-86d8-f18f35847628,function_execution_time,1780474535.9526613,0.000087507
experiment_name,a48cfd35-9c5d-4f91-86d8-f18f35847628,function_transfer_time,1780474531.0937655,0.000078903
experiment_name,a48cfd35-9c5d-4f91-86d8-f18f35847628,function_transfer_time,1780474531.195275,0.000079904
experiment_name,a48cfd35-9c5d-4f91-86d8-f18f35847628,function_transfer_time,1780474531.29654,0.000028857
experiment_name,a48cfd35-9c5d-4f91-86d8-f18f35847628,function_transfer_time,1780474531.3978302,0.000025354
experiment_name,a48cfd35-9c5d-4f91-86d8-f18f35847628,function_transfer_time,1780474531.4990864,0.000026547
experiment_name,a48cfd35-9c5d-4f91-86d8-f18f35847628,function_transfer_time,1780474531.6003597,0.000025789
experiment_name,a48cfd35-9c5d-4f91-86d8-f18f35847628,function_transfer_time,1780474531.701624,0.000029959
experiment_name,a48cfd35-9c5d-4f91-86d8-f18f35847628,function_transfer_time,1780474531.802955,0.000085825
experiment_name,a48cfd35-9c5d-4f91-86d8-f18f35847628,function_transfer_time,1780474531.9043086,0.000022994
experiment_name,a48cfd35-9c5d-4f91-86d8-f18f35847628,function_transfer_time,1780474532.0057216,0.00008588
experiment_name,a48cfd35-9c5d-4f91-86d8-f18f35847628,function_transfer_time,1780474532.106994,0.000024952
experiment_name,a48cfd35-9c5d-4f91-86d8-f18f35847628,function_transfer_time,1780474532.2083142,0.00002537
experiment_name,a48cfd35-9c5d-4f91-86d8-f18f35847628,function_transfer_time,1780474532.3095815,0.000024817
experiment_name,a48cfd35-9c5d-4f91-86d8-f18f35847628,function_transfer_time,1780474532.4108653,0.000022486
experiment_name,a48cfd35-9c5d-4f91-86d8-f18f35847628,function_transfer_time,1780474532.512113,0.000024212
experiment_name,a48cfd35-9c5d-4f91-86d8-f18f35847628,function_transfer_time,1780474532.6134024,0.000026962
experiment_name,a48cfd35-9c5d-4f91-86d8-f18f35847628,function_transfer_time,1780474532.7146583,0.000024015
experiment_name,a48cfd35-9c5d-4f91-86d8-f18f35847628,function_transfer_time,1780474532.815935,0.00002273
experiment_name,a48cfd35-9c5d-4f91-86d8-f18f35847628,function_transfer_time,1780474532.9172063,0.000025247
experiment_name,a48cfd35-9c5d-4f91-86d8-f18f35847628,function_transfer_time,1780474533.0175388,0.000090805
experiment_name,a48cfd35-9c5d-4f91-86d8-f18f35847628,function_transfer_time,1780474533.1188338,0.000026571
experiment_name,a48cfd35-9c5d-4f91-86d8-f18f35847628,function_transfer_time,1780474533.2203448,0.000084408
experiment_name,a48cfd35-9c5d-4f91-86d8-f18f35847628,function_transfer_time,1780474533.3216352,0.000025811
experiment_name,a48cfd35-9c5d-4f91-86d8-f18f35847628,function_transfer_time,1780474533.4228885,0.000026087
experiment_name,a48cfd35-9c5d-4f91-86d8-f18f35847628,function_transfer_time,1780474533.524169,0.000025823
experiment_name,a48cfd35-9c5d-4f91-86d8-f18f35847628,function_transfer_time,1780474533.6244721,0.000031972
experiment_name,a48cfd35-9c5d-4f91-86d8-f18f35847628,function_transfer_time,1780474533.7257318,0.000026729
experiment_name,a48cfd35-9c5d-4f91-86d8-f18f35847628,function_transfer_time,1780474533.8270113,0.000022399
experiment_name,a48cfd35-9c5d-4f91-86d8-f18f35847628,function_transfer_time,1780474533.9282691,0.000025719
experiment_name,a48cfd35-9c5d-4f91-86d8-f18f35847628,function_transfer_time,1780474534.029545,0.000026673
experiment_name,a48cfd35-9c5d-4f91-86d8-f18f35847628,function_transfer_time,1780474534.1307902,0.00002281
experiment_name,a48cfd35-9c5d-4f91-86d8-f18f35847628,function_transfer_time,1780474534.2320979,0.000024619
experiment_name,a48cfd35-9c5d-4f91-86d8-f18f35847628,function_transfer_time,1780474534.3325868,0.00009228
experiment_name,a48cfd35-9c5d-4f91-86d8-f18f35847628,function_transfer_time,1780474534.4338467,0.000023168
experiment_name,a48cfd35-9c5d-4f91-86d8-f18f35847628,function_transfer_time,1780474534.535117,0.00002427
experiment_name,a48cfd35-9c5d-4f91-86d8-f18f35847628,function_transfer_time,1780474534.6363738,0.000026257
experiment_name,a48cfd35-9c5d-4f91-86d8-f18f35847628,function_transfer_time,1780474534.7376556,0.000023767
experiment_name,a48cfd35-9c5d-4f91-86d8-f18f35847628,function_transfer_time,1780474534.8390088,0.000079465
experiment_name,a48cfd35-9c5d-4f91-86d8-f18f35847628,function_transfer_time,1780474534.9403365,0.000089406
experiment_name,a48cfd35-9c5d-4f91-86d8-f18f35847628,function_transfer_time,1780474535.0416982,0.000102944
experiment_name,a48cfd35-9c5d-4f91-86d8-f18f35847628,function_transfer_time,1780474535.142956,0.000029215
experiment_name,a48cfd35-9c5d-4f91-86d8-f18f35847628,function_transfer_time,1780474535.2442918,0.000022679
experiment_name,a48cfd35-9c5d-4f91-86d8-f18f35847628,function_transfer_time,1780474535.3456316,0.000100609
experiment_name,a48cfd35-9c5d-4f91-86d8-f18f35847628,function_transfer_time,1780474535.4469583,0.000083305
experiment_name,a48cfd35-9c5d-4f91-86d8-f18f35847628,function_transfer_time,1780474535.5482948,0.000078007
experiment_name,a48cfd35-9c5d-4f91-86d8-f18f35847628,function_transfer_time,1780474535.6495478,0.000026409
experiment_name,a48cfd35-9c5d-4f91-86d8-f18f35847628,function_transfer_time,1780474535.7508357,0.000029646
experiment_name,a48cfd35-9c5d-4f91-86d8-f18f35847628,function_transfer_time,1780474535.8521624,0.000078444
experiment_name,a48cfd35-9c5d-4f91-86d8-f18f35847628,function_transfer_time,1780474535.9525135,0.000099389
experiment_name,b9378986-f8ed-4874-b02a-dc3f06f63cdb,function_transfer_time,1780474531.093921,0.000033848
experiment_name,b9378986-f8ed-4874-b02a-dc3f06f63cdb,function_transfer_time,1780474531.1954603,0.000133076
experiment_name,b9378986-f8ed-4874-b02a-dc3f06f63cdb,function_transfer_time,1780474531.296702,0.000064339
experiment_name,b9378986-f8ed-4874-b02a-dc3f06f63cdb,function_transfer_time,1780474531.3980038,0.000117146
experiment_name,b9378986-f8ed-4874-b02a-dc3f06f63cdb,function_transfer_time,1780474531.4992714,0.000129239
experiment_name,b9378986-f8ed-4874-b02a-dc3f06f63cdb,function_transfer_time,1780474531.600541,0.000118261
experiment_name,b9378986-f8ed-4874-b02a-dc3f06f63cdb,function_transfer_time,1780474531.7018042,0.000113105
experiment_name,b9378986-f8ed-4874-b02a-dc3f06f63cdb,function_transfer_time,1780474531.80314,0.000126461
experiment_name,b9378986-f8ed-4874-b02a-dc3f06f63cdb,function_transfer_time,1780474531.9044087,0.000121082
experiment_name,b9378986-f8ed-4874-b02a-dc3f06f63cdb,function_transfer_time,1780474532.005865,0.000037412
experiment_name,b9378986-f8ed-4874-b02a-dc3f06f63cdb,function_transfer_time,1780474532.107163,0.000039811
experiment_name,b9378986-f8ed-4874-b02a-dc3f06f63cdb,function_transfer_time,1780474532.2084978,0.000132141
experiment_name,b9378986-f8ed-4874-b02a-dc3f06f63cdb,function_transfer_time,1780474532.3097446,0.000110576
experiment_name,b9378986-f8ed-4874-b02a-dc3f06f63cdb,function_transfer_time,1780474532.4109948,0.000036778
experiment_name,b9378986-f8ed-4874-b02a-dc3f06f63cdb,function_transfer_time,1780474532.5122926,0.000120193
experiment_name,b9378986-f8ed-4874-b02a-dc3f06f63cdb,function_transfer_time,1780474532.613513,0.000038286
experiment_name,b9378986-f8ed-4874-b02a-dc3f06f63cdb,function_transfer_time,1780474532.7148426,0.000131595
experiment_name,b9378986-f8ed-4874-b02a-dc3f06f63cdb,function_transfer_time,1780474532.816118,0.000130827
experiment_name,b9378986-f8ed-4874-b02a-dc3f06f63cdb,function_transfer_time,1780474532.9173717,0.000111645
experiment_name,b9378986-f8ed-4874-b02a-dc3f06f63cdb,function_transfer_time,1780474533.017652,0.000060149
experiment_name,b9378986-f8ed-4874-b02a-dc3f06f63cdb,function_transfer_time,1780474533.1189938,0.000034516
experiment_name,b9378986-f8ed-4874-b02a-dc3f06f63cdb,function_transfer_time,1780474533.2205088,0.000051171
experiment_name,b9378986-f8ed-4874-b02a-dc3f06f63cdb,function_transfer_time,1780474533.3217795,0.000038642
experiment_name,b9378986-f8ed-4874-b02a-dc3f06f63cdb,function_transfer_time,1780474533.42307,0.000127665
experiment_name,b9378986-f8ed-4874-b02a-dc3f06f63cdb,function_transfer_time,1780474533.5243466,0.000122964
experiment_name,b9378986-f8ed-4874-b02a-dc3f06f63cdb,function_transfer_time,1780474533.6246362,0.000090375
experiment_name,b9378986-f8ed-4874-b02a-dc3f06f63cdb,function_transfer_time,1780474533.725891,0.000108549
experiment_name,b9378986-f8ed-4874-b02a-dc3f06f63cdb,function_transfer_time,1780474533.8271785,0.000110303
experiment_name,b9378986-f8ed-4874-b02a-dc3f06f63cdb,function_transfer_time,1780474533.928441,0.000103706
experiment_name,b9378986-f8ed-4874-b02a-dc3f06f63cdb,function_transfer_time,1780474534.029711,0.000114059
experiment_name,b9378986-f8ed-4874-b02a-dc3f06f63cdb,function_transfer_time,1780474534.1309268,0.000033475
experiment_name,b9378986-f8ed-4874-b02a-dc3f06f63cdb,function_transfer_time,1780474534.232246,0.000094549
experiment_name,b9378986-f8ed-4874-b02a-dc3f06f63cdb,function_transfer_time,1780474534.3327553,0.000114071
experiment_name,b9378986-f8ed-4874-b02a-dc3f06f63cdb,function_transfer_time,1780474534.4340196,0.000118912
experiment_name,b9378986-f8ed-4874-b02a-dc3f06f63cdb,function_transfer_time,1780474534.535224,0.000053228
experiment_name,b9378986-f8ed-4874-b02a-dc3f06f63cdb,function_transfer_time,1780474534.63654,0.000060438
experiment_name,b9378986-f8ed-4874-b02a-dc3f06f63cdb,function_transfer_time,1780474534.7378151,0.000059626
experiment_name,b9378986-f8ed-4874-b02a-dc3f06f63cdb,function_transfer_time,1780474534.8391907,0.00012932
experiment_name,b9378986-f8ed-4874-b02a-dc3f06f63cdb,function_transfer_time,1780474534.9405146,0.000122268
experiment_name,b9378986-f8ed-4874-b02a-dc3f06f63cdb,function_transfer_time,1780474535.0418773,0.000124983
experiment_name,b9378986-f8ed-4874-b02a-dc3f06f63cdb,function_transfer_time,1780474535.1431103,0.000033357
experiment_name,b9378986-f8ed-4874-b02a-dc3f06f63cdb,function_transfer_time,1780474535.2444658,0.000127691
experiment_name,b9378986-f8ed-4874-b02a-dc3f06f63cdb,function_transfer_time,1780474535.345783,0.000046735
experiment_name,b9378986-f8ed-4874-b02a-dc3f06f63cdb,function_transfer_time,1780474535.447137,0.000124438
experiment_name,b9378986-f8ed-4874-b02a-dc3f06f63cdb,function_transfer_time,1780474535.5483944,0.000036616
experiment_name,b9378986-f8ed-4874-b02a-dc3f06f63cdb,function_transfer_time,1780474535.6497025,0.000092994
experiment_name,b9378986-f8ed-4874-b02a-dc3f06f63cdb,function_transfer_time,1780474535.7509453,0.000054084
experiment_name,b9378986-f8ed-4874-b02a-dc3f06f63cdb,function_transfer_time,1780474535.8523517,0.000128903
experiment_name,b9378986-f8ed-4874-b02a-dc3f06f63cdb,function_transfer_time,1780474535.9526653,0.000047988
experiment_name,b9378986-f8ed-4874-b02a-dc3f06f63cdb,function_execution_time,1780474536.0539033,0.00005742
experiment_name,b9378986-f8ed-4874-b02a-dc3f06f63cdb,function_execution_time,1780474536.1552863,0.000073175
experiment_name,b9378986-f8ed-4874-b02a-dc3f06f63cdb,function_execution_time,1780474536.2566667,0.000056311
experiment_name,b9378986-f8ed-4874-b02a-dc3f06f63cdb,function_execution_time,1780474536.3579445,0.000056672
experiment_name,b9378986-f8ed-4874-b02a-dc3f06f63cdb,function_execution_time,1780474536.4591498,0.000062785
experiment_name,b9378986-f8ed-4874-b02a-dc3f06f63cdb,function_execution_time,1780474536.5604084,0.00006754
experiment_name,b9378986-f8ed-4874-b02a-dc3f06f63cdb,function_execution_time,1780474536.6616707,0.000060476
experiment_name,b9378986-f8ed-4874-b02a-dc3f06f63cdb,function_execution_time,1780474536.7630713,0.000056189
experiment_name,b9378986-f8ed-4874-b02a-dc3f06f63cdb,function_execution_time,1780474536.8642766,0.000066257
experiment_name,b9378986-f8ed-4874-b02a-dc3f06f63cdb,function_execution_time,1780474536.9657454,0.000071092
experiment_name,b9378986-f8ed-4874-b02a-dc3f06f63cdb,function_execution_time,1780474537.0670946,0.000069073
experiment_name,b9378986-f8ed-4874-b02a-dc3f06f63cdb,function_execution_time,1780474537.1683843,0.000060274
experiment_name,b9378986-f8ed-4874-b02a-dc3f06f63cdb,function_execution_time,1780474537.2687924,0.000058501
experiment_name,b9378986-f8ed-4874-b02a-dc3f06f63cdb,function_execution_time,1780474537.370112,0.000057996
experiment_name,b9378986-f8ed-4874-b02a-dc3f06f63cdb,function_execution_time,1780474537.4714496,0.000064659
experiment_name,b9378986-f8ed-4874-b02a-dc3f06f63cdb,function_execution_time,1780474537.5716002,0.000061192
experiment_name,b9378986-f8ed-4874-b02a-dc3f06f63cdb,function_execution_time,1780474537.672894,0.000060149
experiment_name,b9378986-f8ed-4874-b02a-dc3f06f63cdb,function_execution_time,1780474537.7742443,0.000058679
experiment_name,b9378986-f8ed-4874-b02a-dc3f06f63cdb,function_execution_time,1780474537.8746638,0.000068244
experiment_name,b9378986-f8ed-4874-b02a-dc3f06f63cdb,function_execution_time,1780474537.9760518,0.000064687
experiment_name,b9378986-f8ed-4874-b02a-dc3f06f63cdb,function_execution_time,1780474538.0773358,0.000065868
experiment_name,b9378986-f8ed-4874-b02a-dc3f06f63cdb,function_execution_time,1780474538.1776981,0.00005968
experiment_name,b9378986-f8ed-4874-b02a-dc3f06f63cdb,function_execution_time,1780474538.2791774,0.000063591
experiment_name,b9378986-f8ed-4874-b02a-dc3f06f63cdb,function_execution_time,1780474538.3805099,0.000079019
experiment_name,b9378986-f8ed-4874-b02a-dc3f06f63cdb,function_execution_time,1780474538.481865,0.000059944
experiment_name,b9378986-f8ed-4874-b02a-dc3f06f63cdb,function_execution_time,1780474538.5831802,0.000056221
experiment_name,b9378986-f8ed-4874-b02a-dc3f06f63cdb,function_execution_time,1780474538.6845942,0.000057695
experiment_name,b9378986-f8ed-4874-b02a-dc3f06f63cdb,function_execution_time,1780474538.7859533,0.000067867
experiment_name,b9378986-f8ed-4874-b02a-dc3f06f63cdb,function_execution_time,1780474538.8871326,0.000065381
experiment_name,b9378986-f8ed-4874-b02a-dc3f06f63cdb,function_execution_time,1780474538.988405,0.000066917
experiment_name,b9378986-f8ed-4874-b02a-dc3f06f63cdb,function_execution_time,1780474539.0897403,0.000059955
experiment_name,b9378986-f8ed-4874-b02a-dc3f06f63cdb,function_execution_time,1780474539.191092,0.00006814
experiment_name,b9378986-f8ed-4874-b02a-dc3f06f63cdb,function_execution_time,1780474539.2923596,0.000069708
experiment_name,b9378986-f8ed-4874-b02a-dc3f06f63cdb,function_execution_time,1780474539.3926964,0.000060626
experiment_name,b9378986-f8ed-4874-b02a-dc3f06f63cdb,function_execution_time,1780474539.4940255,0.000064514
experiment_name,b9378986-f8ed-4874-b02a-dc3f06f63cdb,function_execution_time,1780474539.595463,0.000072968
experiment_name,b9378986-f8ed-4874-b02a-dc3f06f63cdb,function_execution_time,1780474539.6957793,0.000058809
experiment_name,b9378986-f8ed-4874-b02a-dc3f06f63cdb,function_execution_time,1780474539.7970235,0.000059532
experiment_name,b9378986-f8ed-4874-b02a-dc3f06f63cdb,function_execution_time,1780474539.8982663,0.000062033
experiment_name,b9378986-f8ed-4874-b02a-dc3f06f63cdb,function_execution_time,1780474539.999663,0.000068928
experiment_name,b9378986-f8ed-4874-b02a-dc3f06f63cdb,function_execution_time,1780474540.1010418,0.000056627
experiment_name,b9378986-f8ed-4874-b02a-dc3f06f63cdb,function_execution_time,1780474540.202313,0.000054701
experiment_name,b9378986-f8ed-4874-b02a-dc3f06f63cdb,function_execution_time,1780474540.3027403,0.000064231
experiment_name,b9378986-f8ed-4874-b02a-dc3f06f63cdb,function_execution_time,1780474540.4040391,0.00006853
experiment_name,b9378986-f8ed-4874-b02a-dc3f06f63cdb,function_execution_time,1780474540.505414,0.000057105
experiment_name,b9378986-f8ed-4874-b02a-dc3f06f63cdb,function_execution_time,1780474540.6057916,0.000061049
experiment_name,b9378986-f8ed-4874-b02a-dc3f06f63cdb,function_execution_time,1780474540.7069633,0.000061462
experiment_name,b9378986-f8ed-4874-b02a-dc3f06f63cdb,function_execution_time,1780474540.80834,0.000057603
experiment_name,b9378986-f8ed-4874-b02a-dc3f06f63cdb,function_execution_time,1780474540.9096613,0.000064141
experiment_name,b9378986-f8ed-4874-b02a-dc3f06f63cdb,function_execution_time,1780474541.0109627,0.000057552
experiment_name,a48cfd35-9c5d-4f91-86d8-f18f35847628,function_execution_time,1780474536.053834,0.000073506
experiment_name,a48cfd35-9c5d-4f91-86d8-f18f35847628,function_execution_time,1780474536.155217,0.00018726
experiment_name,a48cfd35-9c5d-4f91-86d8-f18f35847628,function_execution_time,1780474536.2565248,0.000076029
experiment_name,a48cfd35-9c5d-4f91-86d8-f18f35847628,function_execution_time,1780474536.357851,0.000087663
experiment_name,a48cfd35-9c5d-4f91-86d8-f18f35847628,function_execution_time,1780474536.459065,0.000068807
experiment_name,a48cfd35-9c5d-4f91-86d8-f18f35847628,function_execution_time,1780474536.5603468,0.000089023
experiment_name,a48cfd35-9c5d-4f91-86d8-f18f35847628,function_execution_time,1780474536.661586,0.000079113
experiment_name,a48cfd35-9c5d-4f91-86d8-f18f35847628,function_execution_time,1780474536.762963,0.000096798
experiment_name,a48cfd35-9c5d-4f91-86d8-f18f35847628,function_execution_time,1780474536.8641944,0.000078657
experiment_name,a48cfd35-9c5d-4f91-86d8-f18f35847628,function_execution_time,1780474536.9655535,0.000079282
experiment_name,a48cfd35-9c5d-4f91-86d8-f18f35847628,function_execution_time,1780474537.0669048,0.000071658
experiment_name,a48cfd35-9c5d-4f91-86d8-f18f35847628,function_execution_time,1780474537.1683278,0.000155154
experiment_name,a48cfd35-9c5d-4f91-86d8-f18f35847628,function_execution_time,1780474537.2686312,0.000071972
experiment_name,a48cfd35-9c5d-4f91-86d8-f18f35847628,function_execution_time,1780474537.3700216,0.000097007
experiment_name,a48cfd35-9c5d-4f91-86d8-f18f35847628,function_execution_time,1780474537.4713323,0.000078521
experiment_name,a48cfd35-9c5d-4f91-86d8-f18f35847628,function_execution_time,1780474537.5715113,0.000084526
experiment_name,a48cfd35-9c5d-4f91-86d8-f18f35847628,function_execution_time,1780474537.6728098,0.000084209
experiment_name,a48cfd35-9c5d-4f91-86d8-f18f35847628,function_execution_time,1780474537.7741508,0.00009533
experiment_name,a48cfd35-9c5d-4f91-86d8-f18f35847628,function_execution_time,1780474537.8745759,0.000078696
experiment_name,a48cfd35-9c5d-4f91-86d8-f18f35847628,function_execution_time,1780474537.9759629,0.000072862
experiment_name,a48cfd35-9c5d-4f91-86d8-f18f35847628,function_execution_time,1780474538.0772438,0.000095782
experiment_name,a48cfd35-9c5d-4f91-86d8-f18f35847628,function_execution_time,1780474538.1776423,0.000168434
experiment_name,a48cfd35-9c5d-4f91-86d8-f18f35847628,function_execution_time,1780474538.2790706,0.000083681
experiment_name,a48cfd35-9c5d-4f91-86d8-f18f35847628,function_execution_time,1780474538.380392,0.000090849
experiment_name,a48cfd35-9c5d-4f91-86d8-f18f35847628,function_execution_time,1780474538.481779,0.000076727
experiment_name,a48cfd35-9c5d-4f91-86d8-f18f35847628,function_execution_time,1780474538.5830991,0.000081304
experiment_name,a48cfd35-9c5d-4f91-86d8-f18f35847628,function_execution_time,1780474538.6844556,0.000088076
experiment_name,a48cfd35-9c5d-4f91-86d8-f18f35847628,function_execution_time,1780474538.7858443,0.00008896
experiment_name,a48cfd35-9c5d-4f91-86d8-f18f35847628,function_execution_time,1780474538.8870437,0.000072005
experiment_name,a48cfd35-9c5d-4f91-86d8-f18f35847628,function_execution_time,1780474538.988313,0.000076593
experiment_name,a48cfd35-9c5d-4f91-86d8-f18f35847628,function_execution_time,1780474539.0896037,0.000093728
experiment_name,a48cfd35-9c5d-4f91-86d8-f18f35847628,function_execution_time,1780474539.191024,0.000114455
experiment_name,a48cfd35-9c5d-4f91-86d8-f18f35847628,function_execution_time,1780474539.2922683,0.000083847
experiment_name,a48cfd35-9c5d-4f91-86d8-f18f35847628,function_execution_time,1780474539.392616,0.000074594
experiment_name,a48cfd35-9c5d-4f91-86d8-f18f35847628,function_execution_time,1780474539.4939353,0.000072879
experiment_name,a48cfd35-9c5d-4f91-86d8-f18f35847628,function_execution_time,1780474539.5953581,0.000088474
experiment_name,a48cfd35-9c5d-4f91-86d8-f18f35847628,function_execution_time,1780474539.6956172,0.000083409
experiment_name,a48cfd35-9c5d-4f91-86d8-f18f35847628,function_execution_time,1780474539.7968857,0.000070583
experiment_name,a48cfd35-9c5d-4f91-86d8-f18f35847628,function_execution_time,1780474539.8981838,0.000070892
experiment_name,a48cfd35-9c5d-4f91-86d8-f18f35847628,function_execution_time,1780474539.9995832,0.000105735
experiment_name,a48cfd35-9c5d-4f91-86d8-f18f35847628,function_execution_time,1780474540.100874,0.000072445
experiment_name,a48cfd35-9c5d-4f91-86d8-f18f35847628,function_execution_time,1780474540.2022598,0.000158678
experiment_name,a48cfd35-9c5d-4f91-86d8-f18f35847628,function_execution_time,1780474540.3027215,0.000094358
experiment_name,a48cfd35-9c5d-4f91-86d8-f18f35847628,function_execution_time,1780474540.4039576,0.00008265
experiment_name,a48cfd35-9c5d-4f91-86d8-f18f35847628,function_execution_time,1780474540.5052736,0.000073444
experiment_name,a48cfd35-9c5d-4f91-86d8-f18f35847628,function_execution_time,1780474540.605622,0.000079399
experiment_name,a48cfd35-9c5d-4f91-86d8-f18f35847628,function_execution_time,1780474540.7068808,0.000088984
experiment_name,a48cfd35-9c5d-4f91-86d8-f18f35847628,function_execution_time,1780474540.808171,0.000074201
experiment_name,a48cfd35-9c5d-4f91-86d8-f18f35847628,function_execution_time,1780474540.909492,0.000088301
experiment_name,a48cfd35-9c5d-4f91-86d8-f18f35847628,function_execution_time,1780474541.0108685,0.000086866
experiment_name,b9378986-f8ed-4874-b02a-dc3f06f63cdb,function_transfer_time,1780474536.0539,0.000052625
experiment_name,b9378986-f8ed-4874-b02a-dc3f06f63cdb,function_transfer_time,1780474536.1552134,0.000038762
experiment_name,b9378986-f8ed-4874-b02a-dc3f06f63cdb,function_transfer_time,1780474536.2566097,0.000107604
experiment_name,b9378986-f8ed-4874-b02a-dc3f06f63cdb,function_transfer_time,1780474536.3578813,0.000127962
experiment_name,b9378986-f8ed-4874-b02a-dc3f06f63cdb,function_transfer_time,1780474536.4591355,0.000052615
experiment_name,b9378986-f8ed-4874-b02a-dc3f06f63cdb,function_transfer_time,1780474536.5603428,0.000037196
experiment_name,b9378986-f8ed-4874-b02a-dc3f06f63cdb,function_transfer_time,1780474536.6616547,0.000057415
experiment_name,b9378986-f8ed-4874-b02a-dc3f06f63cdb,function_transfer_time,1780474536.7630103,0.0000952
experiment_name,b9378986-f8ed-4874-b02a-dc3f06f63cdb,function_transfer_time,1780474536.8642726,0.000056787
experiment_name,b9378986-f8ed-4874-b02a-dc3f06f63cdb,function_transfer_time,1780474536.9656737,0.000146849
experiment_name,b9378986-f8ed-4874-b02a-dc3f06f63cdb,function_transfer_time,1780474537.0670238,0.000163178
experiment_name,b9378986-f8ed-4874-b02a-dc3f06f63cdb,function_transfer_time,1780474537.1683245,0.000044418
experiment_name,b9378986-f8ed-4874-b02a-dc3f06f63cdb,function_transfer_time,1780474537.2687335,0.000135199
experiment_name,b9378986-f8ed-4874-b02a-dc3f06f63cdb,function_transfer_time,1780474537.3700473,0.000110814
experiment_name,b9378986-f8ed-4874-b02a-dc3f06f63cdb,function_transfer_time,1780474537.471363,0.000129357
experiment_name,b9378986-f8ed-4874-b02a-dc3f06f63cdb,function_transfer_time,1780474537.5715787,0.000052668
experiment_name,b9378986-f8ed-4874-b02a-dc3f06f63cdb,function_transfer_time,1780474537.6728327,0.000060661
experiment_name,b9378986-f8ed-4874-b02a-dc3f06f63cdb,function_transfer_time,1780474537.7741766,0.000116402
experiment_name,b9378986-f8ed-4874-b02a-dc3f06f63cdb,function_transfer_time,1780474537.8746612,0.000052445
experiment_name,b9378986-f8ed-4874-b02a-dc3f06f63cdb,function_transfer_time,1780474537.9760387,0.000068004
experiment_name,b9378986-f8ed-4874-b02a-dc3f06f63cdb,function_transfer_time,1780474538.0772688,0.000054499
experiment_name,b9378986-f8ed-4874-b02a-dc3f06f63cdb,function_transfer_time,1780474538.1776388,0.000038777
experiment_name,b9378986-f8ed-4874-b02a-dc3f06f63cdb,function_transfer_time,1780474538.2791076,0.000117303
experiment_name,b9378986-f8ed-4874-b02a-dc3f06f63cdb,function_transfer_time,1780474538.3804207,0.00011321
experiment_name,b9378986-f8ed-4874-b02a-dc3f06f63cdb,function_transfer_time,1780474538.4818041,0.000054385
experiment_name,b9378986-f8ed-4874-b02a-dc3f06f63cdb,function_transfer_time,1780474538.5831234,0.000052991
experiment_name,b9378986-f8ed-4874-b02a-dc3f06f63cdb,function_transfer_time,1780474538.684532,0.000122798
experiment_name,b9378986-f8ed-4874-b02a-dc3f06f63cdb,function_transfer_time,1780474538.785879,0.000126637
experiment_name,b9378986-f8ed-4874-b02a-dc3f06f63cdb,function_transfer_time,1780474538.887112,0.000050081
experiment_name,b9378986-f8ed-4874-b02a-dc3f06f63cdb,function_transfer_time,1780474538.988383,0.000058937
experiment_name,b9378986-f8ed-4874-b02a-dc3f06f63cdb,function_transfer_time,1780474539.0896735,0.000119391
experiment_name,b9378986-f8ed-4874-b02a-dc3f06f63cdb,function_transfer_time,1780474539.19102,0.000048919
experiment_name,b9378986-f8ed-4874-b02a-dc3f06f63cdb,function_transfer_time,1780474539.292288,0.000063466
experiment_name,b9378986-f8ed-4874-b02a-dc3f06f63cdb,function_transfer_time,1780474539.392684,0.00004858
experiment_name,b9378986-f8ed-4874-b02a-dc3f06f63cdb,function_transfer_time,1780474539.4940057,0.000056264
experiment_name,b9378986-f8ed-4874-b02a-dc3f06f63cdb,function_transfer_time,1780474539.5953832,0.000111741
experiment_name,b9378986-f8ed-4874-b02a-dc3f06f63cdb,function_transfer_time,1780474539.6957197,0.00012916
experiment_name,b9378986-f8ed-4874-b02a-dc3f06f63cdb,function_transfer_time,1780474539.7969747,0.000107777
experiment_name,b9378986-f8ed-4874-b02a-dc3f06f63cdb,function_transfer_time,1780474539.8982637,0.00005441
experiment_name,b9378986-f8ed-4874-b02a-dc3f06f63cdb,function_transfer_time,1780474539.9995868,0.000106656
experiment_name,b9378986-f8ed-4874-b02a-dc3f06f63cdb,function_transfer_time,1780474540.1009846,0.000143505
experiment_name,b9378986-f8ed-4874-b02a-dc3f06f63cdb,function_transfer_time,1780474540.2022567,0.000035707
experiment_name,b9378986-f8ed-4874-b02a-dc3f06f63cdb,function_transfer_time,1780474540.3027172,0.000038667
experiment_name,b9378986-f8ed-4874-b02a-dc3f06f63cdb,function_transfer_time,1780474540.4040365,0.000046021
experiment_name,b9378986-f8ed-4874-b02a-dc3f06f63cdb,function_transfer_time,1780474540.505356,0.00010836
experiment_name,b9378986-f8ed-4874-b02a-dc3f06f63cdb,function_transfer_time,1780474540.6057305,0.000133486
experiment_name,b9378986-f8ed-4874-b02a-dc3f06f63cdb,function_transfer_time,1780474540.7069604,0.000051335
experiment_name,b9378986-f8ed-4874-b02a-dc3f06f63cdb,function_transfer_time,1780474540.8082817,0.000139402
experiment_name,b9378986-f8ed-4874-b02a-dc3f06f63cdb,function_transfer_time,1780474540.9095964,0.000126568
experiment_name,b9378986-f8ed-4874-b02a-dc3f06f63cdb,function_transfer_time,1780474541.0108979,0.000114666
experiment_name,a48cfd35-9c5d-4f91-86d8-f18f35847628,function_transfer_time,1780474536.053748,0.000076311
experiment_name,a48cfd35-9c5d-4f91-86d8-f18f35847628,function_transfer_time,1780474536.1550221,0.000025926
experiment_name,a48cfd35-9c5d-4f91-86d8-f18f35847628,function_transfer_time,1780474536.2564414,0.000081538
experiment_name,a48cfd35-9c5d-4f91-86d8-f18f35847628,function_transfer_time,1780474536.3576949,0.000024615
experiment_name,a48cfd35-9c5d-4f91-86d8-f18f35847628,function_transfer_time,1780474536.4589853,0.000028659
experiment_name,a48cfd35-9c5d-4f91-86d8-f18f35847628,function_transfer_time,1780474536.5602512,0.000024853
experiment_name,a48cfd35-9c5d-4f91-86d8-f18f35847628,function_transfer_time,1780474536.6615016,0.000025248
experiment_name,a48cfd35-9c5d-4f91-86d8-f18f35847628,function_transfer_time,1780474536.7628596,0.000084838
experiment_name,a48cfd35-9c5d-4f91-86d8-f18f35847628,function_transfer_time,1780474536.864105,0.000022574
experiment_name,a48cfd35-9c5d-4f91-86d8-f18f35847628,function_transfer_time,1780474536.96547,0.000081169
experiment_name,a48cfd35-9c5d-4f91-86d8-f18f35847628,function_transfer_time,1780474537.0668087,0.000089928
experiment_name,a48cfd35-9c5d-4f91-86d8-f18f35847628,function_transfer_time,1780474537.1681602,0.000083048
experiment_name,a48cfd35-9c5d-4f91-86d8-f18f35847628,function_transfer_time,1780474537.268547,0.00009358
experiment_name,a48cfd35-9c5d-4f91-86d8-f18f35847628,function_transfer_time,1780474537.3698769,0.000080426
experiment_name,a48cfd35-9c5d-4f91-86d8-f18f35847628,function_transfer_time,1780474537.4711866,0.00002369
experiment_name,a48cfd35-9c5d-4f91-86d8-f18f35847628,function_transfer_time,1780474537.5714264,0.000022361
experiment_name,a48cfd35-9c5d-4f91-86d8-f18f35847628,function_transfer_time,1780474537.67272,0.0000264
experiment_name,a48cfd35-9c5d-4f91-86d8-f18f35847628,function_transfer_time,1780474537.7740035,0.000026326
experiment_name,a48cfd35-9c5d-4f91-86d8-f18f35847628,function_transfer_time,1780474537.8744943,0.000076799
experiment_name,a48cfd35-9c5d-4f91-86d8-f18f35847628,function_transfer_time,1780474537.9758666,0.000101515
experiment_name,a48cfd35-9c5d-4f91-86d8-f18f35847628,function_transfer_time,1780474538.0771477,0.000024985
experiment_name,a48cfd35-9c5d-4f91-86d8-f18f35847628,function_transfer_time,1780474538.1774652,0.000035871
experiment_name,a48cfd35-9c5d-4f91-86d8-f18f35847628,function_transfer_time,1780474538.2789402,0.000085573
experiment_name,a48cfd35-9c5d-4f91-86d8-f18f35847628,function_transfer_time,1780474538.3802557,0.000081037
experiment_name,a48cfd35-9c5d-4f91-86d8-f18f35847628,function_transfer_time,1780474538.481696,0.000027342
experiment_name,a48cfd35-9c5d-4f91-86d8-f18f35847628,function_transfer_time,1780474538.5830152,0.000078579
experiment_name,a48cfd35-9c5d-4f91-86d8-f18f35847628,function_transfer_time,1780474538.6843605,0.000079213
experiment_name,a48cfd35-9c5d-4f91-86d8-f18f35847628,function_transfer_time,1780474538.7856956,0.000088142
experiment_name,a48cfd35-9c5d-4f91-86d8-f18f35847628,function_transfer_time,1780474538.886966,0.000022566
experiment_name,a48cfd35-9c5d-4f91-86d8-f18f35847628,function_transfer_time,1780474538.9882202,0.000023626
experiment_name,a48cfd35-9c5d-4f91-86d8-f18f35847628,function_transfer_time,1780474539.0895069,0.000028559
experiment_name,a48cfd35-9c5d-4f91-86d8-f18f35847628,function_transfer_time,1780474539.1909008,0.000092351
experiment_name,a48cfd35-9c5d-4f91-86d8-f18f35847628,function_transfer_time,1780474539.292174,0.00002897
experiment_name,a48cfd35-9c5d-4f91-86d8-f18f35847628,function_transfer_time,1780474539.3925354,0.000093161
experiment_name,a48cfd35-9c5d-4f91-86d8-f18f35847628,function_transfer_time,1780474539.4938552,0.000089817
experiment_name,a48cfd35-9c5d-4f91-86d8-f18f35847628,function_transfer_time,1780474539.5952196,0.000103665
experiment_name,a48cfd35-9c5d-4f91-86d8-f18f35847628,function_transfer_time,1780474539.695531,0.000094826
experiment_name,a48cfd35-9c5d-4f91-86d8-f18f35847628,function_transfer_time,1780474539.7968044,0.000024591
experiment_name,a48cfd35-9c5d-4f91-86d8-f18f35847628,function_transfer_time,1780474539.898101,0.000025838
experiment_name,a48cfd35-9c5d-4f91-86d8-f18f35847628,function_transfer_time,1780474539.9994192,0.000083153
experiment_name,a48cfd35-9c5d-4f91-86d8-f18f35847628,function_transfer_time,1780474540.1007888,0.000096095
experiment_name,a48cfd35-9c5d-4f91-86d8-f18f35847628,function_transfer_time,1780474540.2021015,0.000081669
experiment_name,a48cfd35-9c5d-4f91-86d8-f18f35847628,function_transfer_time,1780474540.3025794,0.000087241
experiment_name,a48cfd35-9c5d-4f91-86d8-f18f35847628,function_transfer_time,1780474540.4038737,0.000078811
experiment_name,a48cfd35-9c5d-4f91-86d8-f18f35847628,function_transfer_time,1780474540.5051966,0.000077993
experiment_name,a48cfd35-9c5d-4f91-86d8-f18f35847628,function_transfer_time,1780474540.6055434,0.00009268
experiment_name,a48cfd35-9c5d-4f91-86d8-f18f35847628,function_transfer_time,1780474540.7067955,0.000024481
experiment_name,a48cfd35-9c5d-4f91-86d8-f18f35847628,function_transfer_time,1780474540.8080914,0.000028287
experiment_name,a48cfd35-9c5d-4f91-86d8-f18f35847628,function_transfer_time,1780474540.9094062,0.000080068
experiment_name,a48cfd35-9c5d-4f91-86d8-f18f35847628,function_transfer_time,1780474541.0107327,0.000086144
experiment_name,b9378986-f8ed-4874-b02a-dc3f06f63cdb,function_execution_time,1780474541.111821,0.000072789
experiment_name,b9378986-f8ed-4874-b02a-dc3f06f63cdb,function_execution_time,1780474541.2131503,0.000061188
experiment_name,b9378986-f8ed-4874-b02a-dc3f06f63cdb,function_execution_time,1780474541.3144956,0.000074897
experiment_name,b9378986-f8ed-4874-b02a-dc3f06f63cdb,function_execution_time,1780474541.4158223,0.000066858
experiment_name,b9378986-f8ed-4874-b02a-dc3f06f63cdb,function_execution_time,1780474541.5171468,0.000065362
experiment_name,b9378986-f8ed-4874-b02a-dc3f06f63cdb,function_execution_time,1780474541.6184115,0.000059938
experiment_name,b9378986-f8ed-4874-b02a-dc3f06f63cdb,function_execution_time,1780474541.71982,0.000056362
experiment_name,b9378986-f8ed-4874-b02a-dc3f06f63cdb,function_execution_time,1780474541.8211477,0.000057111
experiment_name,b9378986-f8ed-4874-b02a-dc3f06f63cdb,function_execution_time,1780474541.9224825,0.000082706
experiment_name,b9378986-f8ed-4874-b02a-dc3f06f63cdb,function_execution_time,1780474542.02382,0.000055388
experiment_name,b9378986-f8ed-4874-b02a-dc3f06f63cdb,function_execution_time,1780474542.1250587,0.000071199
experiment_name,b9378986-f8ed-4874-b02a-dc3f06f63cdb,function_execution_time,1780474542.2263892,0.000063264
experiment_name,b9378986-f8ed-4874-b02a-dc3f06f63cdb,function_execution_time,1780474542.3267598,0.000063185
experiment_name,b9378986-f8ed-4874-b02a-dc3f06f63cdb,function_execution_time,1780474542.4280837,0.000065787
experiment_name,b9378986-f8ed-4874-b02a-dc3f06f63cdb,function_execution_time,1780474542.5294368,0.000055617
experiment_name,b9378986-f8ed-4874-b02a-dc3f06f63cdb,function_execution_time,1780474542.6297412,0.000056669
experiment_name,b9378986-f8ed-4874-b02a-dc3f06f63cdb,function_execution_time,1780474542.731066,0.00005509
experiment_name,b9378986-f8ed-4874-b02a-dc3f06f63cdb,function_execution_time,1780474542.8323631,0.000063106
experiment_name,b9378986-f8ed-4874-b02a-dc3f06f63cdb,function_execution_time,1780474542.9328349,0.000055164
experiment_name,b9378986-f8ed-4874-b02a-dc3f06f63cdb,function_execution_time,1780474543.0341911,0.000054649
experiment_name,b9378986-f8ed-4874-b02a-dc3f06f63cdb,function_execution_time,1780474543.1355531,0.000056306
experiment_name,b9378986-f8ed-4874-b02a-dc3f06f63cdb,function_execution_time,1780474543.2368867,0.000055788
experiment_name,b9378986-f8ed-4874-b02a-dc3f06f63cdb,function_execution_time,1780474543.3382854,0.000064073
experiment_name,b9378986-f8ed-4874-b02a-dc3f06f63cdb,function_execution_time,1780474543.439636,0.000059394
experiment_name,b9378986-f8ed-4874-b02a-dc3f06f63cdb,function_execution_time,1780474543.540906,0.000060277
experiment_name,b9378986-f8ed-4874-b02a-dc3f06f63cdb,function_execution_time,1780474543.6423273,0.000056217
experiment_name,b9378986-f8ed-4874-b02a-dc3f06f63cdb,function_execution_time,1780474543.743601,0.000067625
experiment_name,b9378986-f8ed-4874-b02a-dc3f06f63cdb,function_execution_time,1780474543.8449996,0.000055834
experiment_name,b9378986-f8ed-4874-b02a-dc3f06f63cdb,function_execution_time,1780474543.9462824,0.000071026
experiment_name,b9378986-f8ed-4874-b02a-dc3f06f63cdb,function_execution_time,1780474544.0476084,0.00005683
experiment_name,b9378986-f8ed-4874-b02a-dc3f06f63cdb,function_execution_time,1780474544.1488168,0.00007166
experiment_name,b9378986-f8ed-4874-b02a-dc3f06f63cdb,function_execution_time,1780474544.250261,0.000057032
experiment_name,b9378986-f8ed-4874-b02a-dc3f06f63cdb,function_execution_time,1780474544.3515925,0.000055677
experiment_name,b9378986-f8ed-4874-b02a-dc3f06f63cdb,function_execution_time,1780474544.4530046,0.000056699
experiment_name,b9378986-f8ed-4874-b02a-dc3f06f63cdb,function_execution_time,1780474544.5542006,0.00005536
experiment_name,b9378986-f8ed-4874-b02a-dc3f06f63cdb,function_execution_time,1780474544.6555417,0.000059921
experiment_name,b9378986-f8ed-4874-b02a-dc3f06f63cdb,function_execution_time,1780474544.7569773,0.000056305
experiment_name,b9378986-f8ed-4874-b02a-dc3f06f63cdb,function_execution_time,1780474544.8582745,0.000056698
experiment_name,b9378986-f8ed-4874-b02a-dc3f06f63cdb,function_execution_time,1780474544.9596224,0.000055307
experiment_name,b9378986-f8ed-4874-b02a-dc3f06f63cdb,function_execution_time,1780474545.060958,0.000063231
experiment_name,b9378986-f8ed-4874-b02a-dc3f06f63cdb,function_execution_time,1780474545.1622834,0.000059222
experiment_name,b9378986-f8ed-4874-b02a-dc3f06f63cdb,function_execution_time,1780474545.263632,0.000058168
experiment_name,b9378986-f8ed-4874-b02a-dc3f06f63cdb,function_execution_time,1780474545.3649757,0.000065089
experiment_name,b9378986-f8ed-4874-b02a-dc3f06f63cdb,function_execution_time,1780474545.466397,0.000061038
experiment_name,b9378986-f8ed-4874-b02a-dc3f06f63cdb,function_execution_time,1780474545.566693,0.000087775
experiment_name,b9378986-f8ed-4874-b02a-dc3f06f63cdb,function_execution_time,1780474545.668112,0.000054504
experiment_name,b9378986-f8ed-4874-b02a-dc3f06f63cdb,function_execution_time,1780474545.7693455,0.000057677
experiment_name,b9378986-f8ed-4874-b02a-dc3f06f63cdb,function_execution_time,1780474545.8707101,0.000059571
experiment_name,b9378986-f8ed-4874-b02a-dc3f06f63cdb,function_execution_time,1780474545.9719753,0.00006313
experiment_name,a48cfd35-9c5d-4f91-86d8-f18f35847628,function_execution_time,1780474541.1116607,0.000083059
experiment_name,a48cfd35-9c5d-4f91-86d8-f18f35847628,function_execution_time,1780474541.2130928,0.000160954
experiment_name,a48cfd35-9c5d-4f91-86d8-f18f35847628,function_execution_time,1780474541.3143373,0.000074712
experiment_name,a48cfd35-9c5d-4f91-86d8-f18f35847628,function_execution_time,1780474541.4156585,0.000086299
experiment_name,a48cfd35-9c5d-4f91-86d8-f18f35847628,function_execution_time,1780474541.517037,0.000096941
experiment_name,a48cfd35-9c5d-4f91-86d8-f18f35847628,function_execution_time,1780474541.6183546,0.00009881
experiment_name,a48cfd35-9c5d-4f91-86d8-f18f35847628,function_execution_time,1780474541.719661,0.000080988
experiment_name,a48cfd35-9c5d-4f91-86d8-f18f35847628,function_execution_time,1780474541.8210652,0.000086533
experiment_name,a48cfd35-9c5d-4f91-86d8-f18f35847628,function_execution_time,1780474541.92231,0.000077668
experiment_name,a48cfd35-9c5d-4f91-86d8-f18f35847628,function_execution_time,1780474542.0236576,0.000071347
experiment_name,a48cfd35-9c5d-4f91-86d8-f18f35847628,function_execution_time,1780474542.125056,0.000104936
experiment_name,a48cfd35-9c5d-4f91-86d8-f18f35847628,function_execution_time,1780474542.2263298,0.000102589
experiment_name,a48cfd35-9c5d-4f91-86d8-f18f35847628,function_execution_time,1780474542.3266032,0.000069776
experiment_name,a48cfd35-9c5d-4f91-86d8-f18f35847628,function_execution_time,1780474542.4279373,0.000086058
experiment_name,a48cfd35-9c5d-4f91-86d8-f18f35847628,function_execution_time,1780474542.5292878,0.000076117
experiment_name,a48cfd35-9c5d-4f91-86d8-f18f35847628,function_execution_time,1780474542.6296473,0.000083911
experiment_name,a48cfd35-9c5d-4f91-86d8-f18f35847628,function_execution_time,1780474542.7309318,0.000074439
experiment_name,a48cfd35-9c5d-4f91-86d8-f18f35847628,function_execution_time,1780474542.8322618,0.000092453
experiment_name,a48cfd35-9c5d-4f91-86d8-f18f35847628,function_execution_time,1780474542.9326954,0.000074156
experiment_name,a48cfd35-9c5d-4f91-86d8-f18f35847628,function_execution_time,1780474543.0340564,0.000082954
experiment_name,a48cfd35-9c5d-4f91-86d8-f18f35847628,function_execution_time,1780474543.135392,0.000088844
experiment_name,a48cfd35-9c5d-4f91-86d8-f18f35847628,function_execution_time,1780474543.2368298,0.000172601
experiment_name,a48cfd35-9c5d-4f91-86d8-f18f35847628,function_execution_time,1780474543.3381217,0.000074586
experiment_name,a48cfd35-9c5d-4f91-86d8-f18f35847628,function_execution_time,1780474543.4395893,0.000096102
experiment_name,a48cfd35-9c5d-4f91-86d8-f18f35847628,function_execution_time,1780474543.5408244,0.000084027
experiment_name,a48cfd35-9c5d-4f91-86d8-f18f35847628,function_execution_time,1780474543.6421618,0.00008407
experiment_name,a48cfd35-9c5d-4f91-86d8-f18f35847628,function_execution_time,1780474543.7435832,0.000091772
experiment_name,a48cfd35-9c5d-4f91-86d8-f18f35847628,function_execution_time,1780474543.8448336,0.000083264
experiment_name,a48cfd35-9c5d-4f91-86d8-f18f35847628,function_execution_time,1780474543.9461823,0.000079229
experiment_name,a48cfd35-9c5d-4f91-86d8-f18f35847628,function_execution_time,1780474544.0474486,0.000075904
experiment_name,a48cfd35-9c5d-4f91-86d8-f18f35847628,function_execution_time,1780474544.1487951,0.000098484
experiment_name,a48cfd35-9c5d-4f91-86d8-f18f35847628,function_execution_time,1780474544.250173,0.000140869
experiment_name,a48cfd35-9c5d-4f91-86d8-f18f35847628,function_execution_time,1780474544.3515415,0.000109195
experiment_name,a48cfd35-9c5d-4f91-86d8-f18f35847628,function_execution_time,1780474544.4528666,0.000078371
experiment_name,a48cfd35-9c5d-4f91-86d8-f18f35847628,function_execution_time,1780474544.5541468,0.000104607
experiment_name,a48cfd35-9c5d-4f91-86d8-f18f35847628,function_execution_time,1780474544.6555374,0.000092082
experiment_name,a48cfd35-9c5d-4f91-86d8-f18f35847628,function_execution_time,1780474544.756814,0.000072128
experiment_name,a48cfd35-9c5d-4f91-86d8-f18f35847628,function_execution_time,1780474544.858159,0.000092468
experiment_name,a48cfd35-9c5d-4f91-86d8-f18f35847628,function_execution_time,1780474544.9595551,0.000101536
experiment_name,a48cfd35-9c5d-4f91-86d8-f18f35847628,function_execution_time,1780474545.060797,0.000074821
experiment_name,a48cfd35-9c5d-4f91-86d8-f18f35847628,function_execution_time,1780474545.1621299,0.000070421
experiment_name,a48cfd35-9c5d-4f91-86d8-f18f35847628,function_execution_time,1780474545.263575,0.000197927
experiment_name,a48cfd35-9c5d-4f91-86d8-f18f35847628,function_execution_time,1780474545.364884,0.00007452
experiment_name,a48cfd35-9c5d-4f91-86d8-f18f35847628,function_execution_time,1780474545.466251,0.00007131
experiment_name,a48cfd35-9c5d-4f91-86d8-f18f35847628,function_execution_time,1780474545.5666373,0.00012328
experiment_name,a48cfd35-9c5d-4f91-86d8-f18f35847628,function_execution_time,1780474545.668025,0.000087781
experiment_name,a48cfd35-9c5d-4f91-86d8-f18f35847628,function_execution_time,1780474545.7692075,0.000077375
experiment_name,a48cfd35-9c5d-4f91-86d8-f18f35847628,function_execution_time,1780474545.870617,0.00008985
experiment_name,a48cfd35-9c5d-4f91-86d8-f18f35847628,function_execution_time,1780474545.9718795,0.000083194
experiment_name,b9378986-f8ed-4874-b02a-dc3f06f63cdb,function_transfer_time,1780474541.1117473,0.000113536
experiment_name,b9378986-f8ed-4874-b02a-dc3f06f63cdb,function_transfer_time,1780474541.2130895,0.000037762
experiment_name,b9378986-f8ed-4874-b02a-dc3f06f63cdb,function_transfer_time,1780474541.3144195,0.00010869
experiment_name,b9378986-f8ed-4874-b02a-dc3f06f63cdb,function_transfer_time,1780474541.4157546,0.000124128
experiment_name,b9378986-f8ed-4874-b02a-dc3f06f63cdb,function_transfer_time,1780474541.5170763,0.000090242
experiment_name,b9378986-f8ed-4874-b02a-dc3f06f63cdb,function_transfer_time,1780474541.6183517,0.000036974
experiment_name,b9378986-f8ed-4874-b02a-dc3f06f63cdb,function_transfer_time,1780474541.7197638,0.000136567
experiment_name,b9378986-f8ed-4874-b02a-dc3f06f63cdb,function_transfer_time,1780474541.8210857,0.00010949
experiment_name,b9378986-f8ed-4874-b02a-dc3f06f63cdb,function_transfer_time,1780474541.922397,0.000113355
experiment_name,b9378986-f8ed-4874-b02a-dc3f06f63cdb,function_transfer_time,1780474542.0237641,0.000134957
experiment_name,b9378986-f8ed-4874-b02a-dc3f06f63cdb,function_transfer_time,1780474542.1250515,0.00003203
experiment_name,b9378986-f8ed-4874-b02a-dc3f06f63cdb,function_transfer_time,1780474542.2263265,0.000035245
experiment_name,b9378986-f8ed-4874-b02a-dc3f06f63cdb,function_transfer_time,1780474542.3266962,0.000126775
experiment_name,b9378986-f8ed-4874-b02a-dc3f06f63cdb,function_transfer_time,1780474542.4280148,0.000110866
experiment_name,b9378986-f8ed-4874-b02a-dc3f06f63cdb,function_transfer_time,1780474542.529371,0.000111337
experiment_name,b9378986-f8ed-4874-b02a-dc3f06f63cdb,function_transfer_time,1780474542.629678,0.000114739
experiment_name,b9378986-f8ed-4874-b02a-dc3f06f63cdb,function_transfer_time,1780474542.7310107,0.000108711
experiment_name,b9378986-f8ed-4874-b02a-dc3f06f63cdb,function_transfer_time,1780474542.8322916,0.00012045
experiment_name,b9378986-f8ed-4874-b02a-dc3f06f63cdb,function_transfer_time,1780474542.9327796,0.000111807
experiment_name,b9378986-f8ed-4874-b02a-dc3f06f63cdb,function_transfer_time,1780474543.0341358,0.000107462
experiment_name,b9378986-f8ed-4874-b02a-dc3f06f63cdb,function_transfer_time,1780474543.1354964,0.000136073
experiment_name,b9378986-f8ed-4874-b02a-dc3f06f63cdb,function_transfer_time,1780474543.236827,0.000036816
experiment_name,b9378986-f8ed-4874-b02a-dc3f06f63cdb,function_transfer_time,1780474543.338221,0.000127481
experiment_name,b9378986-f8ed-4874-b02a-dc3f06f63cdb,function_transfer_time,1780474543.4395933,0.000100518
experiment_name,b9378986-f8ed-4874-b02a-dc3f06f63cdb,function_transfer_time,1780474543.5408459,0.000044476
experiment_name,b9378986-f8ed-4874-b02a-dc3f06f63cdb,function_transfer_time,1780474543.6422703,0.000138049
experiment_name,b9378986-f8ed-4874-b02a-dc3f06f63cdb,function_transfer_time,1780474543.7435868,0.000046305
experiment_name,b9378986-f8ed-4874-b02a-dc3f06f63cdb,function_transfer_time,1780474543.8449435,0.000138604
experiment_name,b9378986-f8ed-4874-b02a-dc3f06f63cdb,function_transfer_time,1780474543.9462616,0.000056445
experiment_name,b9378986-f8ed-4874-b02a-dc3f06f63cdb,function_transfer_time,1780474544.0475516,0.00013579
experiment_name,b9378986-f8ed-4874-b02a-dc3f06f63cdb,function_transfer_time,1780474544.1487908,0.000034668
experiment_name,b9378986-f8ed-4874-b02a-dc3f06f63cdb,function_transfer_time,1780474544.2502036,0.000098277
experiment_name,b9378986-f8ed-4874-b02a-dc3f06f63cdb,function_transfer_time,1780474544.351537,0.000041185
experiment_name,b9378986-f8ed-4874-b02a-dc3f06f63cdb,function_transfer_time,1780474544.4529433,0.000110556
experiment_name,b9378986-f8ed-4874-b02a-dc3f06f63cdb,function_transfer_time,1780474544.5541441,0.000034303
experiment_name,b9378986-f8ed-4874-b02a-dc3f06f63cdb,function_transfer_time,1780474544.6555407,0.00005942
experiment_name,b9378986-f8ed-4874-b02a-dc3f06f63cdb,function_transfer_time,1780474544.75692,0.000139139
experiment_name,b9378986-f8ed-4874-b02a-dc3f06f63cdb,function_transfer_time,1780474544.8582106,0.000102174
experiment_name,b9378986-f8ed-4874-b02a-dc3f06f63cdb,function_transfer_time,1780474544.9595585,0.000105793
experiment_name,b9378986-f8ed-4874-b02a-dc3f06f63cdb,function_transfer_time,1780474545.0608945,0.000123866
experiment_name,b9378986-f8ed-4874-b02a-dc3f06f63cdb,function_transfer_time,1780474545.1622236,0.000126512
experiment_name,b9378986-f8ed-4874-b02a-dc3f06f63cdb,function_transfer_time,1780474545.2635787,0.000044354
experiment_name,b9378986-f8ed-4874-b02a-dc3f06f63cdb,function_transfer_time,1780474545.3649592,0.000058098
experiment_name,b9378986-f8ed-4874-b02a-dc3f06f63cdb,function_transfer_time,1780474545.4663467,0.000128403
experiment_name,b9378986-f8ed-4874-b02a-dc3f06f63cdb,function_transfer_time,1780474545.566604,0.000033872
experiment_name,b9378986-f8ed-4874-b02a-dc3f06f63cdb,function_transfer_time,1780474545.6680508,0.000111526
experiment_name,b9378986-f8ed-4874-b02a-dc3f06f63cdb,function_transfer_time,1780474545.7692978,0.000107003
experiment_name,b9378986-f8ed-4874-b02a-dc3f06f63cdb,function_transfer_time,1780474545.8706439,0.00011222
experiment_name,b9378986-f8ed-4874-b02a-dc3f06f63cdb,function_transfer_time,1780474545.9719117,0.000054534
experiment_name,a48cfd35-9c5d-4f91-86d8-f18f35847628,function_transfer_time,1780474541.1115746,0.000029236
experiment_name,a48cfd35-9c5d-4f91-86d8-f18f35847628,function_transfer_time,1780474541.2129226,0.000092644
experiment_name,a48cfd35-9c5d-4f91-86d8-f18f35847628,function_transfer_time,1780474541.3142562,0.000022866
experiment_name,a48cfd35-9c5d-4f91-86d8-f18f35847628,function_transfer_time,1780474541.4155695,0.000083427
experiment_name,a48cfd35-9c5d-4f91-86d8-f18f35847628,function_transfer_time,1780474541.5169334,0.000096956
experiment_name,a48cfd35-9c5d-4f91-86d8-f18f35847628,function_transfer_time,1780474541.618257,0.000088275
experiment_name,a48cfd35-9c5d-4f91-86d8-f18f35847628,function_transfer_time,1780474541.719577,0.000085993
experiment_name,a48cfd35-9c5d-4f91-86d8-f18f35847628,function_transfer_time,1780474541.820925,0.000081128
experiment_name,a48cfd35-9c5d-4f91-86d8-f18f35847628,function_transfer_time,1780474541.9222279,0.000079432
experiment_name,a48cfd35-9c5d-4f91-86d8-f18f35847628,function_transfer_time,1780474542.0235791,0.000087089
experiment_name,a48cfd35-9c5d-4f91-86d8-f18f35847628,function_transfer_time,1780474542.1248982,0.000082171
experiment_name,a48cfd35-9c5d-4f91-86d8-f18f35847628,function_transfer_time,1780474542.2262282,0.000080057
experiment_name,a48cfd35-9c5d-4f91-86d8-f18f35847628,function_transfer_time,1780474542.3265202,0.000082555
experiment_name,a48cfd35-9c5d-4f91-86d8-f18f35847628,function_transfer_time,1780474542.427847,0.000085472
experiment_name,a48cfd35-9c5d-4f91-86d8-f18f35847628,function_transfer_time,1780474542.529203,0.000076354
experiment_name,a48cfd35-9c5d-4f91-86d8-f18f35847628,function_transfer_time,1780474542.6295161,0.000080048
experiment_name,a48cfd35-9c5d-4f91-86d8-f18f35847628,function_transfer_time,1780474542.7308495,0.000086408
experiment_name,a48cfd35-9c5d-4f91-86d8-f18f35847628,function_transfer_time,1780474542.832113,0.000026681
experiment_name,a48cfd35-9c5d-4f91-86d8-f18f35847628,function_transfer_time,1780474542.932619,0.000085135
experiment_name,a48cfd35-9c5d-4f91-86d8-f18f35847628,function_transfer_time,1780474543.0339708,0.000090534
experiment_name,a48cfd35-9c5d-4f91-86d8-f18f35847628,function_transfer_time,1780474543.1353056,0.00008809
experiment_name,a48cfd35-9c5d-4f91-86d8-f18f35847628,function_transfer_time,1780474543.2366571,0.000082837
experiment_name,a48cfd35-9c5d-4f91-86d8-f18f35847628,function_transfer_time,1780474543.3380432,0.000085469
experiment_name,a48cfd35-9c5d-4f91-86d8-f18f35847628,function_transfer_time,1780474543.4394095,0.000106113
experiment_name,a48cfd35-9c5d-4f91-86d8-f18f35847628,function_transfer_time,1780474543.5407422,0.000082845
experiment_name,a48cfd35-9c5d-4f91-86d8-f18f35847628,function_transfer_time,1780474543.642076,0.000095031
experiment_name,a48cfd35-9c5d-4f91-86d8-f18f35847628,function_transfer_time,1780474543.743425,0.00007852
experiment_name,a48cfd35-9c5d-4f91-86d8-f18f35847628,function_transfer_time,1780474543.8447547,0.000085213
experiment_name,a48cfd35-9c5d-4f91-86d8-f18f35847628,function_transfer_time,1780474543.9461005,0.000092339
experiment_name,a48cfd35-9c5d-4f91-86d8-f18f35847628,function_transfer_time,1780474544.0473607,0.000025482
experiment_name,a48cfd35-9c5d-4f91-86d8-f18f35847628,function_transfer_time,1780474544.148654,0.000027655
experiment_name,a48cfd35-9c5d-4f91-86d8-f18f35847628,function_transfer_time,1780474544.2499857,0.000081706
experiment_name,a48cfd35-9c5d-4f91-86d8-f18f35847628,function_transfer_time,1780474544.3514252,0.00008797
experiment_name,a48cfd35-9c5d-4f91-86d8-f18f35847628,function_transfer_time,1780474544.4527848,0.000090022
experiment_name,a48cfd35-9c5d-4f91-86d8-f18f35847628,function_transfer_time,1780474544.554045,0.00002701
experiment_name,a48cfd35-9c5d-4f91-86d8-f18f35847628,function_transfer_time,1780474544.6553767,0.000084808
experiment_name,a48cfd35-9c5d-4f91-86d8-f18f35847628,function_transfer_time,1780474544.756729,0.000098565
experiment_name,a48cfd35-9c5d-4f91-86d8-f18f35847628,function_transfer_time,1780474544.8580573,0.000079514
experiment_name,a48cfd35-9c5d-4f91-86d8-f18f35847628,function_transfer_time,1780474544.9593945,0.000080979
experiment_name,a48cfd35-9c5d-4f91-86d8-f18f35847628,function_transfer_time,1780474545.060719,0.000093737
experiment_name,a48cfd35-9c5d-4f91-86d8-f18f35847628,function_transfer_time,1780474545.1620455,0.000080338
experiment_name,a48cfd35-9c5d-4f91-86d8-f18f35847628,function_transfer_time,1780474545.2633698,0.00008864
experiment_name,a48cfd35-9c5d-4f91-86d8-f18f35847628,function_transfer_time,1780474545.3647983,0.00007843
experiment_name,a48cfd35-9c5d-4f91-86d8-f18f35847628,function_transfer_time,1780474545.466159,0.000087351
experiment_name,a48cfd35-9c5d-4f91-86d8-f18f35847628,function_transfer_time,1780474545.566511,0.000100969
experiment_name,a48cfd35-9c5d-4f91-86d8-f18f35847628,function_transfer_time,1780474545.667888,0.000083849
experiment_name,a48cfd35-9c5d-4f91-86d8-f18f35847628,function_transfer_time,1780474545.7691278,0.000022856
experiment_name,a48cfd35-9c5d-4f91-86d8-f18f35847628,function_transfer_time,1780474545.8704767,0.000090981
experiment_name,a48cfd35-9c5d-4f91-86d8-f18f35847628,function_transfer_time,1780474545.9717987,0.00008693
experiment_name,a48cfd35-9c5d-4f91-86d8-f18f35847628,function_execution_time,1780474546.0733426,0.000092894
experiment_name,a48cfd35-9c5d-4f91-86d8-f18f35847628,function_execution_time,1780474546.1735725,0.000076293
experiment_name,a48cfd35-9c5d-4f91-86d8-f18f35847628,function_execution_time,1780474546.2750094,0.000193415
experiment_name,a48cfd35-9c5d-4f91-86d8-f18f35847628,function_execution_time,1780474546.3763855,0.000095809
experiment_name,a48cfd35-9c5d-4f91-86d8-f18f35847628,function_execution_time,1780474546.4766295,0.000073496
experiment_name,a48cfd35-9c5d-4f91-86d8-f18f35847628,function_execution_time,1780474546.577965,0.000080382
experiment_name,a48cfd35-9c5d-4f91-86d8-f18f35847628,function_execution_time,1780474546.6793196,0.000088583
experiment_name,a48cfd35-9c5d-4f91-86d8-f18f35847628,function_execution_time,1780474546.78067,0.000075397
experiment_name,a48cfd35-9c5d-4f91-86d8-f18f35847628,function_execution_time,1780474546.882043,0.000079329
experiment_name,a48cfd35-9c5d-4f91-86d8-f18f35847628,function_execution_time,1780474546.9833782,0.000085352
experiment_name,a48cfd35-9c5d-4f91-86d8-f18f35847628,function_execution_time,1780474547.0847332,0.000072329
experiment_name,a48cfd35-9c5d-4f91-86d8-f18f35847628,function_execution_time,1780474547.1860576,0.000078523
experiment_name,a48cfd35-9c5d-4f91-86d8-f18f35847628,function_execution_time,1780474547.287391,0.000089747
experiment_name,a48cfd35-9c5d-4f91-86d8-f18f35847628,function_execution_time,1780474547.3887184,0.000070336
experiment_name,a48cfd35-9c5d-4f91-86d8-f18f35847628,function_execution_time,1780474547.4901252,0.000089098
experiment_name,a48cfd35-9c5d-4f91-86d8-f18f35847628,function_execution_time,1780474547.5914068,0.000085467
experiment_name,a48cfd35-9c5d-4f91-86d8-f18f35847628,function_execution_time,1780474547.6928697,0.000083889
experiment_name,a48cfd35-9c5d-4f91-86d8-f18f35847628,function_execution_time,1780474547.7942147,0.000085286
experiment_name,a48cfd35-9c5d-4f91-86d8-f18f35847628,function_execution_time,1780474547.8946311,0.000072481
experiment_name,a48cfd35-9c5d-4f91-86d8-f18f35847628,function_execution_time,1780474547.9959636,0.000096808
experiment_name,a48cfd35-9c5d-4f91-86d8-f18f35847628,function_execution_time,1780474548.0972545,0.000093357
experiment_name,a48cfd35-9c5d-4f91-86d8-f18f35847628,function_execution_time,1780474548.1985588,0.000094838
experiment_name,a48cfd35-9c5d-4f91-86d8-f18f35847628,function_execution_time,1780474548.2999408,0.000149893
experiment_name,a48cfd35-9c5d-4f91-86d8-f18f35847628,function_execution_time,1780474548.4012828,0.000123551
experiment_name,a48cfd35-9c5d-4f91-86d8-f18f35847628,function_execution_time,1780474548.5015633,0.000073059
experiment_name,a48cfd35-9c5d-4f91-86d8-f18f35847628,function_execution_time,1780474548.6028595,0.000078993
experiment_name,a48cfd35-9c5d-4f91-86d8-f18f35847628,function_execution_time,1780474548.7041836,0.00007852
experiment_name,a48cfd35-9c5d-4f91-86d8-f18f35847628,function_execution_time,1780474548.805549,0.000076474
experiment_name,a48cfd35-9c5d-4f91-86d8-f18f35847628,function_execution_time,1780474548.9068794,0.000075768
experiment_name,a48cfd35-9c5d-4f91-86d8-f18f35847628,function_execution_time,1780474549.0082133,0.000078339
experiment_name,a48cfd35-9c5d-4f91-86d8-f18f35847628,function_execution_time,1780474549.1095438,0.000083669
experiment_name,a48cfd35-9c5d-4f91-86d8-f18f35847628,function_execution_time,1780474549.21082,0.000073521
experiment_name,a48cfd35-9c5d-4f91-86d8-f18f35847628,function_execution_time,1780474549.3123875,0.00016583
experiment_name,a48cfd35-9c5d-4f91-86d8-f18f35847628,function_execution_time,1780474549.4136784,0.000099848
experiment_name,a48cfd35-9c5d-4f91-86d8-f18f35847628,function_execution_time,1780474549.5150619,0.000095197
experiment_name,a48cfd35-9c5d-4f91-86d8-f18f35847628,function_execution_time,1780474549.61632,0.000072243
experiment_name,a48cfd35-9c5d-4f91-86d8-f18f35847628,function_execution_time,1780474549.7176402,0.000071838
experiment_name,a48cfd35-9c5d-4f91-86d8-f18f35847628,function_execution_time,1780474549.8189957,0.000080959
experiment_name,a48cfd35-9c5d-4f91-86d8-f18f35847628,function_execution_time,1780474549.9203432,0.000098556
experiment_name,a48cfd35-9c5d-4f91-86d8-f18f35847628,function_execution_time,1780474550.0217457,0.000105345
experiment_name,a48cfd35-9c5d-4f91-86d8-f18f35847628,function_execution_time,1780474550.1229808,0.00007026
experiment_name,a48cfd35-9c5d-4f91-86d8-f18f35847628,function_execution_time,1780474550.2243848,0.000140271
experiment_name,a48cfd35-9c5d-4f91-86d8-f18f35847628,function_execution_time,1780474550.3248405,0.000157365
experiment_name,a48cfd35-9c5d-4f91-86d8-f18f35847628,function_execution_time,1780474550.426144,0.000070879
experiment_name,a48cfd35-9c5d-4f91-86d8-f18f35847628,function_execution_time,1780474550.5275676,0.000101785
experiment_name,a48cfd35-9c5d-4f91-86d8-f18f35847628,function_execution_time,1780474550.6288085,0.000081284
experiment_name,a48cfd35-9c5d-4f91-86d8-f18f35847628,function_execution_time,1780474550.7301397,0.000079189
experiment_name,a48cfd35-9c5d-4f91-86d8-f18f35847628,function_execution_time,1780474550.8305793,0.000072334
experiment_name,a48cfd35-9c5d-4f91-86d8-f18f35847628,function_execution_time,1780474550.9319263,0.000088059
experiment_name,b9378986-f8ed-4874-b02a-dc3f06f63cdb,function_execution_time,1780474546.073469,0.000081822
experiment_name,b9378986-f8ed-4874-b02a-dc3f06f63cdb,function_execution_time,1780474546.1737387,0.00006451
experiment_name,b9378986-f8ed-4874-b02a-dc3f06f63cdb,function_execution_time,1780474546.2750702,0.000064309
experiment_name,b9378986-f8ed-4874-b02a-dc3f06f63cdb,function_execution_time,1780474546.3763983,0.000075571
experiment_name,b9378986-f8ed-4874-b02a-dc3f06f63cdb,function_execution_time,1780474546.4767866,0.000054672
experiment_name,b9378986-f8ed-4874-b02a-dc3f06f63cdb,function_execution_time,1780474546.578043,0.000059629
experiment_name,b9378986-f8ed-4874-b02a-dc3f06f63cdb,function_execution_time,1780474546.6795003,0.000068927
experiment_name,b9378986-f8ed-4874-b02a-dc3f06f63cdb,function_execution_time,1780474546.780764,0.000072078
experiment_name,b9378986-f8ed-4874-b02a-dc3f06f63cdb,function_execution_time,1780474546.8821833,0.000058566
experiment_name,b9378986-f8ed-4874-b02a-dc3f06f63cdb,function_execution_time,1780474546.9834695,0.000073454
experiment_name,b9378986-f8ed-4874-b02a-dc3f06f63cdb,function_execution_time,1780474547.0848906,0.000055436
experiment_name,b9378986-f8ed-4874-b02a-dc3f06f63cdb,function_execution_time,1780474547.1862009,0.000057715
experiment_name,b9378986-f8ed-4874-b02a-dc3f06f63cdb,function_execution_time,1780474547.2874656,0.000078267
experiment_name,b9378986-f8ed-4874-b02a-dc3f06f63cdb,function_execution_time,1780474547.3888013,0.000061193
experiment_name,b9378986-f8ed-4874-b02a-dc3f06f63cdb,function_execution_time,1780474547.4901872,0.000056028
experiment_name,b9378986-f8ed-4874-b02a-dc3f06f63cdb,function_execution_time,1780474547.5915444,0.000054997
experiment_name,b9378986-f8ed-4874-b02a-dc3f06f63cdb,function_execution_time,1780474547.6930187,0.000058822
experiment_name,b9378986-f8ed-4874-b02a-dc3f06f63cdb,function_execution_time,1780474547.7943032,0.000066747
experiment_name,b9378986-f8ed-4874-b02a-dc3f06f63cdb,function_execution_time,1780474547.894786,0.000055808
experiment_name,b9378986-f8ed-4874-b02a-dc3f06f63cdb,function_execution_time,1780474547.995967,0.0000667
experiment_name,b9378986-f8ed-4874-b02a-dc3f06f63cdb,function_execution_time,1780474548.097309,0.00005755
experiment_name,b9378986-f8ed-4874-b02a-dc3f06f63cdb,function_execution_time,1780474548.19862,0.000064752
experiment_name,b9378986-f8ed-4874-b02a-dc3f06f63cdb,function_execution_time,1780474548.2999923,0.000053858
experiment_name,b9378986-f8ed-4874-b02a-dc3f06f63cdb,function_execution_time,1780474548.4013288,0.000073676
experiment_name,b9378986-f8ed-4874-b02a-dc3f06f63cdb,function_execution_time,1780474548.501703,0.000057785
experiment_name,b9378986-f8ed-4874-b02a-dc3f06f63cdb,function_execution_time,1780474548.6030126,0.000054915
experiment_name,b9378986-f8ed-4874-b02a-dc3f06f63cdb,function_execution_time,1780474548.7043476,0.000063238
experiment_name,b9378986-f8ed-4874-b02a-dc3f06f63cdb,function_execution_time,1780474548.8056955,0.000056347
experiment_name,b9378986-f8ed-4874-b02a-dc3f06f63cdb,function_execution_time,1780474548.9070141,0.000056128
experiment_name,b9378986-f8ed-4874-b02a-dc3f06f63cdb,function_execution_time,1780474549.0083678,0.000054554
experiment_name,b9378986-f8ed-4874-b02a-dc3f06f63cdb,function_execution_time,1780474549.1097195,0.00006688
experiment_name,b9378986-f8ed-4874-b02a-dc3f06f63cdb,function_execution_time,1780474549.2109935,0.000071837
experiment_name,b9378986-f8ed-4874-b02a-dc3f06f63cdb,function_execution_time,1780474549.312449,0.000068544
experiment_name,b9378986-f8ed-4874-b02a-dc3f06f63cdb,function_execution_time,1780474549.4137404,0.000065187
experiment_name,b9378986-f8ed-4874-b02a-dc3f06f63cdb,function_execution_time,1780474549.5151355,0.000060356
experiment_name,b9378986-f8ed-4874-b02a-dc3f06f63cdb,function_execution_time,1780474549.6164534,0.00010227
experiment_name,b9378986-f8ed-4874-b02a-dc3f06f63cdb,function_execution_time,1780474549.717777,0.000058563
experiment_name,b9378986-f8ed-4874-b02a-dc3f06f63cdb,function_execution_time,1780474549.819084,0.000062579
experiment_name,b9378986-f8ed-4874-b02a-dc3f06f63cdb,function_execution_time,1780474549.920491,0.000072466
experiment_name,b9378986-f8ed-4874-b02a-dc3f06f63cdb,function_execution_time,1780474550.021766,0.000070639
experiment_name,b9378986-f8ed-4874-b02a-dc3f06f63cdb,function_execution_time,1780474550.123062,0.000063062
experiment_name,b9378986-f8ed-4874-b02a-dc3f06f63cdb,function_execution_time,1780474550.2244248,0.000093311
experiment_name,b9378986-f8ed-4874-b02a-dc3f06f63cdb,function_execution_time,1780474550.3248935,0.000055194
experiment_name,b9378986-f8ed-4874-b02a-dc3f06f63cdb,function_execution_time,1780474550.4262214,0.000058121
experiment_name,b9378986-f8ed-4874-b02a-dc3f06f63cdb,function_execution_time,1780474550.5276666,0.000065038
experiment_name,b9378986-f8ed-4874-b02a-dc3f06f63cdb,function_execution_time,1780474550.6289842,0.000059288
experiment_name,b9378986-f8ed-4874-b02a-dc3f06f63cdb,function_execution_time,1780474550.730239,0.000064814
experiment_name,b9378986-f8ed-4874-b02a-dc3f06f63cdb,function_execution_time,1780474550.8307104,0.000056859
experiment_name,b9378986-f8ed-4874-b02a-dc3f06f63cdb,function_execution_time,1780474550.9321003,0.000064765
experiment_name,a48cfd35-9c5d-4f91-86d8-f18f35847628,function_transfer_time,1780474546.0731866,0.000084432
experiment_name,a48cfd35-9c5d-4f91-86d8-f18f35847628,function_transfer_time,1780474546.1734824,0.000025116
experiment_name,a48cfd35-9c5d-4f91-86d8-f18f35847628,function_transfer_time,1780474546.27481,0.000090613
experiment_name,a48cfd35-9c5d-4f91-86d8-f18f35847628,function_transfer_time,1780474546.3762295,0.000083277
experiment_name,a48cfd35-9c5d-4f91-86d8-f18f35847628,function_transfer_time,1780474546.4765522,0.000087932
experiment_name,a48cfd35-9c5d-4f91-86d8-f18f35847628,function_transfer_time,1780474546.5778866,0.000087309
experiment_name,a48cfd35-9c5d-4f91-86d8-f18f35847628,function_transfer_time,1780474546.6792355,0.000084537
experiment_name,a48cfd35-9c5d-4f91-86d8-f18f35847628,function_transfer_time,1780474546.7805824,0.000095887
experiment_name,a48cfd35-9c5d-4f91-86d8-f18f35847628,function_transfer_time,1780474546.8819635,0.000095676
experiment_name,a48cfd35-9c5d-4f91-86d8-f18f35847628,function_transfer_time,1780474546.983296,0.000089993
experiment_name,a48cfd35-9c5d-4f91-86d8-f18f35847628,function_transfer_time,1780474547.084653,0.000098154
experiment_name,a48cfd35-9c5d-4f91-86d8-f18f35847628,function_transfer_time,1780474547.1859744,0.000077847
experiment_name,a48cfd35-9c5d-4f91-86d8-f18f35847628,function_transfer_time,1780474547.2873032,0.00008245
experiment_name,a48cfd35-9c5d-4f91-86d8-f18f35847628,function_transfer_time,1780474547.3886404,0.000084503
experiment_name,a48cfd35-9c5d-4f91-86d8-f18f35847628,function_transfer_time,1780474547.4899807,0.000103135
experiment_name,a48cfd35-9c5d-4f91-86d8-f18f35847628,function_transfer_time,1780474547.5913253,0.000095777
experiment_name,a48cfd35-9c5d-4f91-86d8-f18f35847628,function_transfer_time,1780474547.6927829,0.000080326
experiment_name,a48cfd35-9c5d-4f91-86d8-f18f35847628,function_transfer_time,1780474547.794133,0.000089931
experiment_name,a48cfd35-9c5d-4f91-86d8-f18f35847628,function_transfer_time,1780474547.8945434,0.000085835
experiment_name,a48cfd35-9c5d-4f91-86d8-f18f35847628,function_transfer_time,1780474547.995815,0.000023403
experiment_name,a48cfd35-9c5d-4f91-86d8-f18f35847628,function_transfer_time,1780474548.0971565,0.000099548
experiment_name,a48cfd35-9c5d-4f91-86d8-f18f35847628,function_transfer_time,1780474548.19846,0.000090348
experiment_name,a48cfd35-9c5d-4f91-86d8-f18f35847628,function_transfer_time,1780474548.299787,0.000077359
experiment_name,a48cfd35-9c5d-4f91-86d8-f18f35847628,function_transfer_time,1780474548.4011548,0.000085853
experiment_name,a48cfd35-9c5d-4f91-86d8-f18f35847628,function_transfer_time,1780474548.501478,0.000080239
experiment_name,a48cfd35-9c5d-4f91-86d8-f18f35847628,function_transfer_time,1780474548.6027753,0.000027948
experiment_name,a48cfd35-9c5d-4f91-86d8-f18f35847628,function_transfer_time,1780474548.704097,0.000083434
experiment_name,a48cfd35-9c5d-4f91-86d8-f18f35847628,function_transfer_time,1780474548.8054693,0.00010118
experiment_name,a48cfd35-9c5d-4f91-86d8-f18f35847628,function_transfer_time,1780474548.906782,0.000085053
experiment_name,a48cfd35-9c5d-4f91-86d8-f18f35847628,function_transfer_time,1780474549.0081294,0.000078606
experiment_name,a48cfd35-9c5d-4f91-86d8-f18f35847628,function_transfer_time,1780474549.1094608,0.000087393
experiment_name,a48cfd35-9c5d-4f91-86d8-f18f35847628,function_transfer_time,1780474549.2107368,0.000033935
experiment_name,a48cfd35-9c5d-4f91-86d8-f18f35847628,function_transfer_time,1780474549.3122077,0.000036086
experiment_name,a48cfd35-9c5d-4f91-86d8-f18f35847628,function_transfer_time,1780474549.413577,0.000079192
experiment_name,a48cfd35-9c5d-4f91-86d8-f18f35847628,function_transfer_time,1780474549.5149117,0.000087119
experiment_name,a48cfd35-9c5d-4f91-86d8-f18f35847628,function_transfer_time,1780474549.6162395,0.000080532
experiment_name,a48cfd35-9c5d-4f91-86d8-f18f35847628,function_transfer_time,1780474549.7175543,0.000077004
experiment_name,a48cfd35-9c5d-4f91-86d8-f18f35847628,function_transfer_time,1780474549.818912,0.000090043
experiment_name,a48cfd35-9c5d-4f91-86d8-f18f35847628,function_transfer_time,1780474549.9202359,0.000083766
experiment_name,a48cfd35-9c5d-4f91-86d8-f18f35847628,function_transfer_time,1780474550.0215878,0.000082089
experiment_name,a48cfd35-9c5d-4f91-86d8-f18f35847628,function_transfer_time,1780474550.1228988,0.000077382
experiment_name,a48cfd35-9c5d-4f91-86d8-f18f35847628,function_transfer_time,1780474550.2242362,0.000084969
experiment_name,a48cfd35-9c5d-4f91-86d8-f18f35847628,function_transfer_time,1780474550.3246844,0.000079875
experiment_name,a48cfd35-9c5d-4f91-86d8-f18f35847628,function_transfer_time,1780474550.4260628,0.000085421
experiment_name,a48cfd35-9c5d-4f91-86d8-f18f35847628,function_transfer_time,1780474550.5274067,0.000081699
experiment_name,a48cfd35-9c5d-4f91-86d8-f18f35847628,function_transfer_time,1780474550.6287224,0.000082063
experiment_name,a48cfd35-9c5d-4f91-86d8-f18f35847628,function_transfer_time,1780474550.7301252,0.000079449
experiment_name,a48cfd35-9c5d-4f91-86d8-f18f35847628,function_transfer_time,1780474550.8304937,0.000097406
experiment_name,a48cfd35-9c5d-4f91-86d8-f18f35847628,function_transfer_time,1780474550.9318423,0.000094391
experiment_name,b9378986-f8ed-4874-b02a-dc3f06f63cdb,function_transfer_time,1780474546.073373,0.000131708
experiment_name,b9378986-f8ed-4874-b02a-dc3f06f63cdb,function_transfer_time,1780474546.1736736,0.000134946
experiment_name,b9378986-f8ed-4874-b02a-dc3f06f63cdb,function_transfer_time,1780474546.275006,0.000045143
experiment_name,b9378986-f8ed-4874-b02a-dc3f06f63cdb,function_transfer_time,1780474546.3763812,0.000033743
experiment_name,b9378986-f8ed-4874-b02a-dc3f06f63cdb,function_transfer_time,1780474546.476726,0.000124567
experiment_name,b9378986-f8ed-4874-b02a-dc3f06f63cdb,function_transfer_time,1780474546.5780406,0.000046873
experiment_name,b9378986-f8ed-4874-b02a-dc3f06f63cdb,function_transfer_time,1780474546.67944,0.000132874
experiment_name,b9378986-f8ed-4874-b02a-dc3f06f63cdb,function_transfer_time,1780474546.7806933,0.000054394
experiment_name,b9378986-f8ed-4874-b02a-dc3f06f63cdb,function_transfer_time,1780474546.88213,0.000108806
experiment_name,b9378986-f8ed-4874-b02a-dc3f06f63cdb,function_transfer_time,1780474546.9834497,0.000050704
experiment_name,b9378986-f8ed-4874-b02a-dc3f06f63cdb,function_transfer_time,1780474547.0848348,0.000130565
experiment_name,b9378986-f8ed-4874-b02a-dc3f06f63cdb,function_transfer_time,1780474547.186142,0.000113723
experiment_name,b9378986-f8ed-4874-b02a-dc3f06f63cdb,function_transfer_time,1780474547.287388,0.000028889
experiment_name,b9378986-f8ed-4874-b02a-dc3f06f63cdb,function_transfer_time,1780474547.3887987,0.000049598
experiment_name,b9378986-f8ed-4874-b02a-dc3f06f63cdb,function_transfer_time,1780474547.4901288,0.000097879
experiment_name,b9378986-f8ed-4874-b02a-dc3f06f63cdb,function_transfer_time,1780474547.5914862,0.000103596
experiment_name,b9378986-f8ed-4874-b02a-dc3f06f63cdb,function_transfer_time,1780474547.692958,0.000115246
experiment_name,b9378986-f8ed-4874-b02a-dc3f06f63cdb,function_transfer_time,1780474547.7942367,0.000047364
experiment_name,b9378986-f8ed-4874-b02a-dc3f06f63cdb,function_transfer_time,1780474547.8947291,0.000134593
experiment_name,b9378986-f8ed-4874-b02a-dc3f06f63cdb,function_transfer_time,1780474547.9959593,0.000036799
experiment_name,b9378986-f8ed-4874-b02a-dc3f06f63cdb,function_transfer_time,1780474548.0972517,0.000037796
experiment_name,b9378986-f8ed-4874-b02a-dc3f06f63cdb,function_transfer_time,1780474548.198556,0.000038949
experiment_name,b9378986-f8ed-4874-b02a-dc3f06f63cdb,function_transfer_time,1780474548.2999382,0.000035244
experiment_name,b9378986-f8ed-4874-b02a-dc3f06f63cdb,function_transfer_time,1780474548.4012485,0.000029472
experiment_name,b9378986-f8ed-4874-b02a-dc3f06f63cdb,function_transfer_time,1780474548.5016556,0.000115293
experiment_name,b9378986-f8ed-4874-b02a-dc3f06f63cdb,function_transfer_time,1780474548.6029577,0.000128426
experiment_name,b9378986-f8ed-4874-b02a-dc3f06f63cdb,function_transfer_time,1780474548.7042842,0.000135388
experiment_name,b9378986-f8ed-4874-b02a-dc3f06f63cdb,function_transfer_time,1780474548.8056388,0.000117526
experiment_name,b9378986-f8ed-4874-b02a-dc3f06f63cdb,function_transfer_time,1780474548.906959,0.000120977
experiment_name,b9378986-f8ed-4874-b02a-dc3f06f63cdb,function_transfer_time,1780474549.008313,0.000130648
experiment_name,b9378986-f8ed-4874-b02a-dc3f06f63cdb,function_transfer_time,1780474549.1096518,0.000131553
experiment_name,b9378986-f8ed-4874-b02a-dc3f06f63cdb,function_transfer_time,1780474549.2109113,0.000129046
experiment_name,b9378986-f8ed-4874-b02a-dc3f06f63cdb,function_transfer_time,1780474549.312379,0.000047612
experiment_name,b9378986-f8ed-4874-b02a-dc3f06f63cdb,function_transfer_time,1780474549.4136755,0.000037462
experiment_name,b9378986-f8ed-4874-b02a-dc3f06f63cdb,function_transfer_time,1780474549.5150654,0.000109712
experiment_name,b9378986-f8ed-4874-b02a-dc3f06f63cdb,function_transfer_time,1780474549.6163888,0.000057388
experiment_name,b9378986-f8ed-4874-b02a-dc3f06f63cdb,function_transfer_time,1780474549.717717,0.000112202
experiment_name,b9378986-f8ed-4874-b02a-dc3f06f63cdb,function_transfer_time,1780474549.819063,0.000055632
experiment_name,b9378986-f8ed-4874-b02a-dc3f06f63cdb,function_transfer_time,1780474549.9204078,0.000110369
experiment_name,b9378986-f8ed-4874-b02a-dc3f06f63cdb,function_transfer_time,1780474550.0217423,0.000047585
experiment_name,b9378986-f8ed-4874-b02a-dc3f06f63cdb,function_transfer_time,1780474550.1230595,0.000056018
experiment_name,b9378986-f8ed-4874-b02a-dc3f06f63cdb,function_transfer_time,1780474550.224326,0.000034225
experiment_name,b9378986-f8ed-4874-b02a-dc3f06f63cdb,function_transfer_time,1780474550.3248377,0.000037429
experiment_name,b9378986-f8ed-4874-b02a-dc3f06f63cdb,function_transfer_time,1780474550.4262187,0.000053842
experiment_name,b9378986-f8ed-4874-b02a-dc3f06f63cdb,function_transfer_time,1780474550.5275948,0.000124227
experiment_name,b9378986-f8ed-4874-b02a-dc3f06f63cdb,function_transfer_time,1780474550.6289244,0.000143106
experiment_name,b9378986-f8ed-4874-b02a-dc3f06f63cdb,function_transfer_time,1780474550.7301981,0.000063903
experiment_name,b9378986-f8ed-4874-b02a-dc3f06f63cdb,function_transfer_time,1780474550.830653,0.00010898
experiment_name,b9378986-f8ed-4874-b02a-dc3f06f63cdb,function_transfer_time,1780474550.9320347,0.000131313
experiment_name,b9378986-f8ed-4874-b02a-dc3f06f63cdb,function_execution_time,1780474551.0327265,0.000072703
experiment_name,b9378986-f8ed-4874-b02a-dc3f06f63cdb,function_execution_time,1780474551.1342232,0.000059359
experiment_name,b9378986-f8ed-4874-b02a-dc3f06f63cdb,function_execution_time,1780474551.2354567,0.00007261
experiment_name,b9378986-f8ed-4874-b02a-dc3f06f63cdb,function_execution_time,1780474551.3368511,0.000067451
experiment_name,b9378986-f8ed-4874-b02a-dc3f06f63cdb,function_execution_time,1780474551.438253,0.000059235
experiment_name,b9378986-f8ed-4874-b02a-dc3f06f63cdb,function_execution_time,1780474551.5394504,0.000064801
experiment_name,b9378986-f8ed-4874-b02a-dc3f06f63cdb,function_execution_time,1780474551.6407843,0.000059005
experiment_name,b9378986-f8ed-4874-b02a-dc3f06f63cdb,function_execution_time,1780474551.742205,0.000065782
experiment_name,b9378986-f8ed-4874-b02a-dc3f06f63cdb,function_execution_time,1780474551.8434246,0.000056534
experiment_name,b9378986-f8ed-4874-b02a-dc3f06f63cdb,function_execution_time,1780474551.9448314,0.000056537
experiment_name,b9378986-f8ed-4874-b02a-dc3f06f63cdb,function_execution_time,1780474552.0461464,0.000060287
experiment_name,b9378986-f8ed-4874-b02a-dc3f06f63cdb,function_execution_time,1780474552.1475174,0.000058802
experiment_name,b9378986-f8ed-4874-b02a-dc3f06f63cdb,function_execution_time,1780474552.248789,0.000067766
experiment_name,b9378986-f8ed-4874-b02a-dc3f06f63cdb,function_execution_time,1780474552.3501027,0.000062715
experiment_name,b9378986-f8ed-4874-b02a-dc3f06f63cdb,function_execution_time,1780474552.4515173,0.00005876
experiment_name,b9378986-f8ed-4874-b02a-dc3f06f63cdb,function_execution_time,1780474552.5527894,0.000060069
experiment_name,b9378986-f8ed-4874-b02a-dc3f06f63cdb,function_execution_time,1780474552.6541433,0.000064914
experiment_name,b9378986-f8ed-4874-b02a-dc3f06f63cdb,function_execution_time,1780474552.7553225,0.000056786
experiment_name,b9378986-f8ed-4874-b02a-dc3f06f63cdb,function_execution_time,1780474552.8556638,0.000061041
experiment_name,b9378986-f8ed-4874-b02a-dc3f06f63cdb,function_execution_time,1780474552.9569983,0.00005787
experiment_name,b9378986-f8ed-4874-b02a-dc3f06f63cdb,function_execution_time,1780474553.0582094,0.000067302
experiment_name,b9378986-f8ed-4874-b02a-dc3f06f63cdb,function_execution_time,1780474553.1596112,0.000059066
experiment_name,b9378986-f8ed-4874-b02a-dc3f06f63cdb,function_execution_time,1780474553.2608745,0.000059787
experiment_name,b9378986-f8ed-4874-b02a-dc3f06f63cdb,function_execution_time,1780474553.362271,0.000069816
experiment_name,b9378986-f8ed-4874-b02a-dc3f06f63cdb,function_execution_time,1780474553.4626694,0.000062862
experiment_name,b9378986-f8ed-4874-b02a-dc3f06f63cdb,function_execution_time,1780474553.56408,0.000072262
experiment_name,b9378986-f8ed-4874-b02a-dc3f06f63cdb,function_execution_time,1780474553.6654384,0.000056734
experiment_name,b9378986-f8ed-4874-b02a-dc3f06f63cdb,function_execution_time,1780474553.765736,0.000057519
experiment_name,b9378986-f8ed-4874-b02a-dc3f06f63cdb,function_execution_time,1780474553.867059,0.000059247
experiment_name,b9378986-f8ed-4874-b02a-dc3f06f63cdb,function_execution_time,1780474553.968443,0.000064896
experiment_name,b9378986-f8ed-4874-b02a-dc3f06f63cdb,function_execution_time,1780474554.068669,0.000058921
experiment_name,b9378986-f8ed-4874-b02a-dc3f06f63cdb,function_execution_time,1780474554.1700184,0.000056374
experiment_name,b9378986-f8ed-4874-b02a-dc3f06f63cdb,function_execution_time,1780474554.2712908,0.000059833
experiment_name,b9378986-f8ed-4874-b02a-dc3f06f63cdb,function_execution_time,1780474554.3726304,0.000065748
experiment_name,b9378986-f8ed-4874-b02a-dc3f06f63cdb,function_execution_time,1780474554.4739718,0.000068732
experiment_name,b9378986-f8ed-4874-b02a-dc3f06f63cdb,function_execution_time,1780474554.5752425,0.000061178
experiment_name,b9378986-f8ed-4874-b02a-dc3f06f63cdb,function_execution_time,1780474554.6766438,0.000058621
experiment_name,b9378986-f8ed-4874-b02a-dc3f06f63cdb,function_execution_time,1780474554.7781143,0.000056757
experiment_name,b9378986-f8ed-4874-b02a-dc3f06f63cdb,function_execution_time,1780474554.879476,0.000080406
experiment_name,b9378986-f8ed-4874-b02a-dc3f06f63cdb,function_execution_time,1780474554.9797006,0.000055556
experiment_name,b9378986-f8ed-4874-b02a-dc3f06f63cdb,function_execution_time,1780474555.0810556,0.000058189
experiment_name,b9378986-f8ed-4874-b02a-dc3f06f63cdb,function_execution_time,1780474555.1825223,0.000056952
experiment_name,b9378986-f8ed-4874-b02a-dc3f06f63cdb,function_execution_time,1780474555.2837698,0.000066919
experiment_name,b9378986-f8ed-4874-b02a-dc3f06f63cdb,function_execution_time,1780474555.3851726,0.000064577
experiment_name,b9378986-f8ed-4874-b02a-dc3f06f63cdb,function_execution_time,1780474555.4865117,0.000075263
experiment_name,b9378986-f8ed-4874-b02a-dc3f06f63cdb,function_execution_time,1780474555.5878363,0.000060104
experiment_name,b9378986-f8ed-4874-b02a-dc3f06f63cdb,function_execution_time,1780474555.6893015,0.000055993
experiment_name,b9378986-f8ed-4874-b02a-dc3f06f63cdb,function_execution_time,1780474555.7906492,0.000068043
experiment_name,b9378986-f8ed-4874-b02a-dc3f06f63cdb,function_execution_time,1780474555.891922,0.000069089
experiment_name,b9378986-f8ed-4874-b02a-dc3f06f63cdb,function_execution_time,1780474555.9933114,0.000057659
experiment_name,a48cfd35-9c5d-4f91-86d8-f18f35847628,function_execution_time,1780474551.0326753,0.000102766
experiment_name,a48cfd35-9c5d-4f91-86d8-f18f35847628,function_execution_time,1780474551.1340551,0.000078144
experiment_name,a48cfd35-9c5d-4f91-86d8-f18f35847628,function_execution_time,1780474551.2353551,0.000079672
experiment_name,a48cfd35-9c5d-4f91-86d8-f18f35847628,function_execution_time,1780474551.336787,0.000186441
experiment_name,a48cfd35-9c5d-4f91-86d8-f18f35847628,function_execution_time,1780474551.4380946,0.000073949
experiment_name,a48cfd35-9c5d-4f91-86d8-f18f35847628,function_execution_time,1780474551.5393586,0.000072806
experiment_name,a48cfd35-9c5d-4f91-86d8-f18f35847628,function_execution_time,1780474551.6406999,0.000087485
experiment_name,a48cfd35-9c5d-4f91-86d8-f18f35847628,function_execution_time,1780474551.7420402,0.00007007
experiment_name,a48cfd35-9c5d-4f91-86d8-f18f35847628,function_execution_time,1780474551.8433719,0.000097787
experiment_name,a48cfd35-9c5d-4f91-86d8-f18f35847628,function_execution_time,1780474551.9446912,0.000081779
experiment_name,a48cfd35-9c5d-4f91-86d8-f18f35847628,function_execution_time,1780474552.04601,0.000069426
experiment_name,a48cfd35-9c5d-4f91-86d8-f18f35847628,function_execution_time,1780474552.1473308,0.000069852
experiment_name,a48cfd35-9c5d-4f91-86d8-f18f35847628,function_execution_time,1780474552.2486255,0.000075636
experiment_name,a48cfd35-9c5d-4f91-86d8-f18f35847628,function_execution_time,1780474552.3500443,0.000171122
experiment_name,a48cfd35-9c5d-4f91-86d8-f18f35847628,function_execution_time,1780474552.4513693,0.000070267
experiment_name,a48cfd35-9c5d-4f91-86d8-f18f35847628,function_execution_time,1780474552.5526297,0.000077726
experiment_name,a48cfd35-9c5d-4f91-86d8-f18f35847628,function_execution_time,1780474552.6539788,0.000084346
experiment_name,a48cfd35-9c5d-4f91-86d8-f18f35847628,function_execution_time,1780474552.7552402,0.000074573
experiment_name,a48cfd35-9c5d-4f91-86d8-f18f35847628,function_execution_time,1780474552.8556042,0.000103669
experiment_name,a48cfd35-9c5d-4f91-86d8-f18f35847628,function_execution_time,1780474552.95686,0.000070006
experiment_name,a48cfd35-9c5d-4f91-86d8-f18f35847628,function_execution_time,1780474553.0581887,0.000102402
experiment_name,a48cfd35-9c5d-4f91-86d8-f18f35847628,function_execution_time,1780474553.1594734,0.000092905
experiment_name,a48cfd35-9c5d-4f91-86d8-f18f35847628,function_execution_time,1780474553.2607894,0.000070848
experiment_name,a48cfd35-9c5d-4f91-86d8-f18f35847628,function_execution_time,1780474553.3622286,0.000182693
experiment_name,a48cfd35-9c5d-4f91-86d8-f18f35847628,function_execution_time,1780474553.462591,0.000070934
experiment_name,a48cfd35-9c5d-4f91-86d8-f18f35847628,function_execution_time,1780474553.5639179,0.000074818
experiment_name,a48cfd35-9c5d-4f91-86d8-f18f35847628,function_execution_time,1780474553.6652663,0.00007806
experiment_name,a48cfd35-9c5d-4f91-86d8-f18f35847628,function_execution_time,1780474553.7655873,0.000088779
experiment_name,a48cfd35-9c5d-4f91-86d8-f18f35847628,function_execution_time,1780474553.866984,0.000074966
experiment_name,a48cfd35-9c5d-4f91-86d8-f18f35847628,function_execution_time,1780474553.9683216,0.000092117
experiment_name,a48cfd35-9c5d-4f91-86d8-f18f35847628,function_execution_time,1780474554.068585,0.000086482
experiment_name,a48cfd35-9c5d-4f91-86d8-f18f35847628,function_execution_time,1780474554.1698766,0.000085277
experiment_name,a48cfd35-9c5d-4f91-86d8-f18f35847628,function_execution_time,1780474554.271146,0.00007789
experiment_name,a48cfd35-9c5d-4f91-86d8-f18f35847628,function_execution_time,1780474554.3725834,0.000180651
experiment_name,a48cfd35-9c5d-4f91-86d8-f18f35847628,function_execution_time,1780474554.4738016,0.000068563
experiment_name,a48cfd35-9c5d-4f91-86d8-f18f35847628,function_execution_time,1780474554.5751512,0.000082008
experiment_name,a48cfd35-9c5d-4f91-86d8-f18f35847628,function_execution_time,1780474554.676498,0.00009259
experiment_name,a48cfd35-9c5d-4f91-86d8-f18f35847628,function_execution_time,1780474554.7780256,0.000095555
experiment_name,a48cfd35-9c5d-4f91-86d8-f18f35847628,function_execution_time,1780474554.8793046,0.00007344
experiment_name,a48cfd35-9c5d-4f91-86d8-f18f35847628,function_execution_time,1780474554.9796495,0.000095878
experiment_name,a48cfd35-9c5d-4f91-86d8-f18f35847628,function_execution_time,1780474555.0810018,0.000101228
experiment_name,a48cfd35-9c5d-4f91-86d8-f18f35847628,function_execution_time,1780474555.1823735,0.000073262
experiment_name,a48cfd35-9c5d-4f91-86d8-f18f35847628,function_execution_time,1780474555.2837214,0.000099146
experiment_name,a48cfd35-9c5d-4f91-86d8-f18f35847628,function_execution_time,1780474555.385111,0.000148437
experiment_name,a48cfd35-9c5d-4f91-86d8-f18f35847628,function_execution_time,1780474555.486412,0.000078568
experiment_name,a48cfd35-9c5d-4f91-86d8-f18f35847628,function_execution_time,1780474555.587779,0.000093408
experiment_name,a48cfd35-9c5d-4f91-86d8-f18f35847628,function_execution_time,1780474555.6892095,0.000085055
experiment_name,a48cfd35-9c5d-4f91-86d8-f18f35847628,function_execution_time,1780474555.7905679,0.000109829
experiment_name,a48cfd35-9c5d-4f91-86d8-f18f35847628,function_execution_time,1780474555.8918273,0.000074649
experiment_name,a48cfd35-9c5d-4f91-86d8-f18f35847628,function_execution_time,1780474555.993148,0.000070939
experiment_name,a48cfd35-9c5d-4f91-86d8-f18f35847628,function_transfer_time,1780474551.0325634,0.0000793
experiment_name,a48cfd35-9c5d-4f91-86d8-f18f35847628,function_transfer_time,1780474551.1339736,0.000079139
experiment_name,a48cfd35-9c5d-4f91-86d8-f18f35847628,function_transfer_time,1780474551.235274,0.000026611
experiment_name,a48cfd35-9c5d-4f91-86d8-f18f35847628,function_transfer_time,1780474551.3365939,0.000084438
experiment_name,a48cfd35-9c5d-4f91-86d8-f18f35847628,function_transfer_time,1780474551.4380126,0.000082526
experiment_name,a48cfd35-9c5d-4f91-86d8-f18f35847628,function_transfer_time,1780474551.5392804,0.000026861
experiment_name,a48cfd35-9c5d-4f91-86d8-f18f35847628,function_transfer_time,1780474551.6406152,0.000086383
experiment_name,a48cfd35-9c5d-4f91-86d8-f18f35847628,function_transfer_time,1780474551.7419565,0.000078023
experiment_name,a48cfd35-9c5d-4f91-86d8-f18f35847628,function_transfer_time,1780474551.8432736,0.000086185
experiment_name,a48cfd35-9c5d-4f91-86d8-f18f35847628,function_transfer_time,1780474551.944615,0.000078652
experiment_name,a48cfd35-9c5d-4f91-86d8-f18f35847628,function_transfer_time,1780474552.0459268,0.000080827
experiment_name,a48cfd35-9c5d-4f91-86d8-f18f35847628,function_transfer_time,1780474552.1472545,0.000078971
experiment_name,a48cfd35-9c5d-4f91-86d8-f18f35847628,function_transfer_time,1780474552.2485442,0.000027059
experiment_name,a48cfd35-9c5d-4f91-86d8-f18f35847628,function_transfer_time,1780474552.3498752,0.000093065
experiment_name,a48cfd35-9c5d-4f91-86d8-f18f35847628,function_transfer_time,1780474552.451283,0.000084939
experiment_name,a48cfd35-9c5d-4f91-86d8-f18f35847628,function_transfer_time,1780474552.5525508,0.00003001
experiment_name,a48cfd35-9c5d-4f91-86d8-f18f35847628,function_transfer_time,1780474552.6538975,0.000095266
experiment_name,a48cfd35-9c5d-4f91-86d8-f18f35847628,function_transfer_time,1780474552.755161,0.000027479
experiment_name,a48cfd35-9c5d-4f91-86d8-f18f35847628,function_transfer_time,1780474552.8555033,0.000094963
experiment_name,a48cfd35-9c5d-4f91-86d8-f18f35847628,function_transfer_time,1780474552.9567804,0.000028507
experiment_name,a48cfd35-9c5d-4f91-86d8-f18f35847628,function_transfer_time,1780474553.058039,0.000025497
experiment_name,a48cfd35-9c5d-4f91-86d8-f18f35847628,function_transfer_time,1780474553.1593788,0.000083666
experiment_name,a48cfd35-9c5d-4f91-86d8-f18f35847628,function_transfer_time,1780474553.2607036,0.000086608
experiment_name,a48cfd35-9c5d-4f91-86d8-f18f35847628,function_transfer_time,1780474553.3620427,0.000081543
experiment_name,a48cfd35-9c5d-4f91-86d8-f18f35847628,function_transfer_time,1780474553.462498,0.000088607
experiment_name,a48cfd35-9c5d-4f91-86d8-f18f35847628,function_transfer_time,1780474553.5638306,0.000079544
experiment_name,a48cfd35-9c5d-4f91-86d8-f18f35847628,function_transfer_time,1780474553.6651871,0.000080163
experiment_name,a48cfd35-9c5d-4f91-86d8-f18f35847628,function_transfer_time,1780474553.7655022,0.000082941
experiment_name,a48cfd35-9c5d-4f91-86d8-f18f35847628,function_transfer_time,1780474553.866901,0.0000843
experiment_name,a48cfd35-9c5d-4f91-86d8-f18f35847628,function_transfer_time,1780474553.968221,0.00008403
experiment_name,a48cfd35-9c5d-4f91-86d8-f18f35847628,function_transfer_time,1780474554.0684972,0.000027576
experiment_name,a48cfd35-9c5d-4f91-86d8-f18f35847628,function_transfer_time,1780474554.1697943,0.00002507
experiment_name,a48cfd35-9c5d-4f91-86d8-f18f35847628,function_transfer_time,1780474554.271064,0.000024087
experiment_name,a48cfd35-9c5d-4f91-86d8-f18f35847628,function_transfer_time,1780474554.372467,0.000082701
experiment_name,a48cfd35-9c5d-4f91-86d8-f18f35847628,function_transfer_time,1780474554.4737203,0.000026065
experiment_name,a48cfd35-9c5d-4f91-86d8-f18f35847628,function_transfer_time,1780474554.5750601,0.000090997
experiment_name,a48cfd35-9c5d-4f91-86d8-f18f35847628,function_transfer_time,1780474554.6764853,0.000090523
experiment_name,a48cfd35-9c5d-4f91-86d8-f18f35847628,function_transfer_time,1780474554.7778814,0.000077155
experiment_name,a48cfd35-9c5d-4f91-86d8-f18f35847628,function_transfer_time,1780474554.8792198,0.000079753
experiment_name,a48cfd35-9c5d-4f91-86d8-f18f35847628,function_transfer_time,1780474554.9795506,0.00009162
experiment_name,a48cfd35-9c5d-4f91-86d8-f18f35847628,function_transfer_time,1780474555.0808966,0.000093197
experiment_name,a48cfd35-9c5d-4f91-86d8-f18f35847628,function_transfer_time,1780474555.1822956,0.000084093
experiment_name,a48cfd35-9c5d-4f91-86d8-f18f35847628,function_transfer_time,1780474555.2836204,0.000081874
experiment_name,a48cfd35-9c5d-4f91-86d8-f18f35847628,function_transfer_time,1780474555.3849568,0.000090467
experiment_name,a48cfd35-9c5d-4f91-86d8-f18f35847628,function_transfer_time,1780474555.4863174,0.000080743
experiment_name,a48cfd35-9c5d-4f91-86d8-f18f35847628,function_transfer_time,1780474555.587685,0.000100519
experiment_name,a48cfd35-9c5d-4f91-86d8-f18f35847628,function_transfer_time,1780474555.6890686,0.000078116
experiment_name,a48cfd35-9c5d-4f91-86d8-f18f35847628,function_transfer_time,1780474555.7904055,0.000089052
experiment_name,a48cfd35-9c5d-4f91-86d8-f18f35847628,function_transfer_time,1780474555.8917363,0.000086018
experiment_name,a48cfd35-9c5d-4f91-86d8-f18f35847628,function_transfer_time,1780474555.993069,0.000076695
experiment_name,b9378986-f8ed-4874-b02a-dc3f06f63cdb,function_transfer_time,1780474551.0326483,0.00002831
experiment_name,b9378986-f8ed-4874-b02a-dc3f06f63cdb,function_transfer_time,1780474551.1341634,0.00013746
experiment_name,b9378986-f8ed-4874-b02a-dc3f06f63cdb,function_transfer_time,1780474551.2353811,0.000056622
experiment_name,b9378986-f8ed-4874-b02a-dc3f06f63cdb,function_transfer_time,1780474551.3367836,0.000039723
experiment_name,b9378986-f8ed-4874-b02a-dc3f06f63cdb,function_transfer_time,1780474551.4381926,0.000127844
experiment_name,b9378986-f8ed-4874-b02a-dc3f06f63cdb,function_transfer_time,1780474551.5393772,0.000049928
experiment_name,b9378986-f8ed-4874-b02a-dc3f06f63cdb,function_transfer_time,1780474551.6407242,0.000050237
experiment_name,b9378986-f8ed-4874-b02a-dc3f06f63cdb,function_transfer_time,1780474551.742139,0.000131412
experiment_name,b9378986-f8ed-4874-b02a-dc3f06f63cdb,function_transfer_time,1780474551.8433678,0.00003333
experiment_name,b9378986-f8ed-4874-b02a-dc3f06f63cdb,function_transfer_time,1780474551.9447742,0.000111687
experiment_name,b9378986-f8ed-4874-b02a-dc3f06f63cdb,function_transfer_time,1780474552.0460832,0.000110086
experiment_name,b9378986-f8ed-4874-b02a-dc3f06f63cdb,function_transfer_time,1780474552.1474588,0.000153705
experiment_name,b9378986-f8ed-4874-b02a-dc3f06f63cdb,function_transfer_time,1780474552.2487202,0.000123892
experiment_name,b9378986-f8ed-4874-b02a-dc3f06f63cdb,function_transfer_time,1780474552.3500414,0.00003493
experiment_name,b9378986-f8ed-4874-b02a-dc3f06f63cdb,function_transfer_time,1780474552.4514666,0.000127005
experiment_name,b9378986-f8ed-4874-b02a-dc3f06f63cdb,function_transfer_time,1780474552.5527284,0.000123119
experiment_name,b9378986-f8ed-4874-b02a-dc3f06f63cdb,function_transfer_time,1780474552.6540778,0.000130212
experiment_name,b9378986-f8ed-4874-b02a-dc3f06f63cdb,function_transfer_time,1780474552.7552645,0.000051723
experiment_name,b9378986-f8ed-4874-b02a-dc3f06f63cdb,function_transfer_time,1780474552.8556013,0.000038316
experiment_name,b9378986-f8ed-4874-b02a-dc3f06f63cdb,function_transfer_time,1780474552.9569404,0.000108591
experiment_name,b9378986-f8ed-4874-b02a-dc3f06f63cdb,function_transfer_time,1780474553.0581853,0.000037056
experiment_name,b9378986-f8ed-4874-b02a-dc3f06f63cdb,function_transfer_time,1780474553.1595473,0.000120548
experiment_name,b9378986-f8ed-4874-b02a-dc3f06f63cdb,function_transfer_time,1780474553.2608716,0.000056934
experiment_name,b9378986-f8ed-4874-b02a-dc3f06f63cdb,function_transfer_time,1780474553.3621933,0.00003614
experiment_name,b9378986-f8ed-4874-b02a-dc3f06f63cdb,function_transfer_time,1780474553.4626667,0.000061844
experiment_name,b9378986-f8ed-4874-b02a-dc3f06f63cdb,function_transfer_time,1780474553.564006,0.000121181
experiment_name,b9378986-f8ed-4874-b02a-dc3f06f63cdb,function_transfer_time,1780474553.6653717,0.000131368
experiment_name,b9378986-f8ed-4874-b02a-dc3f06f63cdb,function_transfer_time,1780474553.7656777,0.00011322
experiment_name,b9378986-f8ed-4874-b02a-dc3f06f63cdb,function_transfer_time,1780474553.8670561,0.000053088
experiment_name,b9378986-f8ed-4874-b02a-dc3f06f63cdb,function_transfer_time,1780474553.9683635,0.000090053
experiment_name,b9378986-f8ed-4874-b02a-dc3f06f63cdb,function_transfer_time,1780474554.068609,0.000050581
experiment_name,b9378986-f8ed-4874-b02a-dc3f06f63cdb,function_transfer_time,1780474554.1699593,0.000102825
experiment_name,b9378986-f8ed-4874-b02a-dc3f06f63cdb,function_transfer_time,1780474554.2712297,0.000111462
experiment_name,b9378986-f8ed-4874-b02a-dc3f06f63cdb,function_transfer_time,1780474554.3725631,0.000037758
experiment_name,b9378986-f8ed-4874-b02a-dc3f06f63cdb,function_transfer_time,1780474554.4739027,0.000132346
experiment_name,b9378986-f8ed-4874-b02a-dc3f06f63cdb,function_transfer_time,1780474554.5751808,0.00005836
experiment_name,b9378986-f8ed-4874-b02a-dc3f06f63cdb,function_transfer_time,1780474554.6765857,0.000116621
experiment_name,b9378986-f8ed-4874-b02a-dc3f06f63cdb,function_transfer_time,1780474554.778053,0.00011497
experiment_name,b9378986-f8ed-4874-b02a-dc3f06f63cdb,function_transfer_time,1780474554.8793933,0.000119239
experiment_name,b9378986-f8ed-4874-b02a-dc3f06f63cdb,function_transfer_time,1780474554.9796467,0.000033578
experiment_name,b9378986-f8ed-4874-b02a-dc3f06f63cdb,function_transfer_time,1780474555.080999,0.000041835
experiment_name,b9378986-f8ed-4874-b02a-dc3f06f63cdb,function_transfer_time,1780474555.1824582,0.000115823
experiment_name,b9378986-f8ed-4874-b02a-dc3f06f63cdb,function_transfer_time,1780474555.2837024,0.000030769
experiment_name,b9378986-f8ed-4874-b02a-dc3f06f63cdb,function_transfer_time,1780474555.3851082,0.000036584
experiment_name,b9378986-f8ed-4874-b02a-dc3f06f63cdb,function_transfer_time,1780474555.4864843,0.000059297
experiment_name,b9378986-f8ed-4874-b02a-dc3f06f63cdb,function_transfer_time,1780474555.587776,0.000037085
experiment_name,b9378986-f8ed-4874-b02a-dc3f06f63cdb,function_transfer_time,1780474555.689239,0.0001206
experiment_name,b9378986-f8ed-4874-b02a-dc3f06f63cdb,function_transfer_time,1780474555.7905715,0.000106234
experiment_name,b9378986-f8ed-4874-b02a-dc3f06f63cdb,function_transfer_time,1780474555.8919013,0.000063087
experiment_name,b9378986-f8ed-4874-b02a-dc3f06f63cdb,function_transfer_time,1780474555.9932532,0.000132987
experiment_name,b9378986-f8ed-4874-b02a-dc3f06f63cdb,function_execution_time,1780474556.0938592,0.000057873
experiment_name,b9378986-f8ed-4874-b02a-dc3f06f63cdb,function_execution_time,1780474556.195139,0.000069949
experiment_name,b9378986-f8ed-4874-b02a-dc3f06f63cdb,function_execution_time,1780474556.2965658,0.000060118
experiment_name,b9378986-f8ed-4874-b02a-dc3f06f63cdb,function_execution_time,1780474556.3979497,0.000089161
experiment_name,b9378986-f8ed-4874-b02a-dc3f06f63cdb,function_execution_time,1780474556.499353,0.00005891
experiment_name,b9378986-f8ed-4874-b02a-dc3f06f63cdb,function_execution_time,1780474556.6006854,0.000059905
experiment_name,b9378986-f8ed-4874-b02a-dc3f06f63cdb,function_execution_time,1780474556.701967,0.000068047
experiment_name,b9378986-f8ed-4874-b02a-dc3f06f63cdb,function_execution_time,1780474556.8033726,0.000058378
experiment_name,b9378986-f8ed-4874-b02a-dc3f06f63cdb,function_execution_time,1780474556.9046047,0.000057371
experiment_name,b9378986-f8ed-4874-b02a-dc3f06f63cdb,function_execution_time,1780474557.0060227,0.000059637
experiment_name,b9378986-f8ed-4874-b02a-dc3f06f63cdb,function_execution_time,1780474557.1072557,0.000068932
experiment_name,b9378986-f8ed-4874-b02a-dc3f06f63cdb,function_execution_time,1780474557.2085993,0.000064855
experiment_name,b9378986-f8ed-4874-b02a-dc3f06f63cdb,function_execution_time,1780474557.3099782,0.000059862
experiment_name,b9378986-f8ed-4874-b02a-dc3f06f63cdb,function_execution_time,1780474557.4113739,0.000071171
experiment_name,b9378986-f8ed-4874-b02a-dc3f06f63cdb,function_execution_time,1780474557.5117896,0.000057374
experiment_name,b9378986-f8ed-4874-b02a-dc3f06f63cdb,function_execution_time,1780474557.6130712,0.000057743
experiment_name,b9378986-f8ed-4874-b02a-dc3f06f63cdb,function_execution_time,1780474557.7144606,0.000073821
experiment_name,b9378986-f8ed-4874-b02a-dc3f06f63cdb,function_execution_time,1780474557.8147547,0.000065046
experiment_name,b9378986-f8ed-4874-b02a-dc3f06f63cdb,function_execution_time,1780474557.916123,0.000057523
experiment_name,b9378986-f8ed-4874-b02a-dc3f06f63cdb,function_execution_time,1780474558.017412,0.000069927
experiment_name,b9378986-f8ed-4874-b02a-dc3f06f63cdb,function_execution_time,1780474558.1187809,0.000060886
experiment_name,b9378986-f8ed-4874-b02a-dc3f06f63cdb,function_execution_time,1780474558.2201416,0.000056876
experiment_name,b9378986-f8ed-4874-b02a-dc3f06f63cdb,function_execution_time,1780474558.3215044,0.000078847
experiment_name,b9378986-f8ed-4874-b02a-dc3f06f63cdb,function_execution_time,1780474558.422805,0.000067748
experiment_name,b9378986-f8ed-4874-b02a-dc3f06f63cdb,function_execution_time,1780474558.524202,0.00005765
experiment_name,b9378986-f8ed-4874-b02a-dc3f06f63cdb,function_execution_time,1780474558.6254108,0.000052487
experiment_name,b9378986-f8ed-4874-b02a-dc3f06f63cdb,function_execution_time,1780474558.7269084,0.000061125
experiment_name,b9378986-f8ed-4874-b02a-dc3f06f63cdb,function_execution_time,1780474558.828147,0.000060714
experiment_name,b9378986-f8ed-4874-b02a-dc3f06f63cdb,function_execution_time,1780474558.9295526,0.000064816
experiment_name,b9378986-f8ed-4874-b02a-dc3f06f63cdb,function_execution_time,1780474559.030894,0.000055888
experiment_name,b9378986-f8ed-4874-b02a-dc3f06f63cdb,function_execution_time,1780474559.1321902,0.000056897
experiment_name,b9378986-f8ed-4874-b02a-dc3f06f63cdb,function_execution_time,1780474559.2334867,0.000069036
experiment_name,b9378986-f8ed-4874-b02a-dc3f06f63cdb,function_execution_time,1780474559.3348992,0.000076217
experiment_name,b9378986-f8ed-4874-b02a-dc3f06f63cdb,function_execution_time,1780474559.436203,0.000060389
experiment_name,b9378986-f8ed-4874-b02a-dc3f06f63cdb,function_execution_time,1780474559.5377097,0.000070094
experiment_name,b9378986-f8ed-4874-b02a-dc3f06f63cdb,function_execution_time,1780474559.6388862,0.000056899
experiment_name,a48cfd35-9c5d-4f91-86d8-f18f35847628,function_execution_time,1780474556.0937233,0.000073123
experiment_name,a48cfd35-9c5d-4f91-86d8-f18f35847628,function_execution_time,1780474556.195117,0.000104627
experiment_name,a48cfd35-9c5d-4f91-86d8-f18f35847628,function_execution_time,1780474556.2964725,0.000093113
experiment_name,a48cfd35-9c5d-4f91-86d8-f18f35847628,function_execution_time,1780474556.3979104,0.000243556
experiment_name,a48cfd35-9c5d-4f91-86d8-f18f35847628,function_execution_time,1780474556.4992564,0.000096332
experiment_name,a48cfd35-9c5d-4f91-86d8-f18f35847628,function_execution_time,1780474556.6005452,0.000070432
experiment_name,a48cfd35-9c5d-4f91-86d8-f18f35847628,function_execution_time,1780474556.701874,0.000073703
experiment_name,a48cfd35-9c5d-4f91-86d8-f18f35847628,function_execution_time,1780474556.8032773,0.000092209
experiment_name,a48cfd35-9c5d-4f91-86d8-f18f35847628,function_execution_time,1780474556.9045465,0.000116846
experiment_name,a48cfd35-9c5d-4f91-86d8-f18f35847628,function_execution_time,1780474557.005875,0.000073385
experiment_name,a48cfd35-9c5d-4f91-86d8-f18f35847628,function_execution_time,1780474557.1071606,0.000072413
experiment_name,a48cfd35-9c5d-4f91-86d8-f18f35847628,function_execution_time,1780474557.2085972,0.000118377
experiment_name,a48cfd35-9c5d-4f91-86d8-f18f35847628,function_execution_time,1780474557.3098936,0.000077766
experiment_name,a48cfd35-9c5d-4f91-86d8-f18f35847628,function_execution_time,1780474557.4113169,0.000176938
experiment_name,a48cfd35-9c5d-4f91-86d8-f18f35847628,function_execution_time,1780474557.5116994,0.000099045
experiment_name,a48cfd35-9c5d-4f91-86d8-f18f35847628,function_execution_time,1780474557.612939,0.000074149
experiment_name,a48cfd35-9c5d-4f91-86d8-f18f35847628,function_execution_time,1780474557.7142994,0.000079246
experiment_name,a48cfd35-9c5d-4f91-86d8-f18f35847628,function_execution_time,1780474557.8145974,0.00007317
experiment_name,a48cfd35-9c5d-4f91-86d8-f18f35847628,function_execution_time,1780474557.9159598,0.000088835
experiment_name,a48cfd35-9c5d-4f91-86d8-f18f35847628,function_execution_time,1780474558.0173135,0.000086069
experiment_name,a48cfd35-9c5d-4f91-86d8-f18f35847628,function_execution_time,1780474558.1186366,0.000074285
experiment_name,a48cfd35-9c5d-4f91-86d8-f18f35847628,function_execution_time,1780474558.2200508,0.000108138
experiment_name,a48cfd35-9c5d-4f91-86d8-f18f35847628,function_execution_time,1780474558.3213239,0.000075383
experiment_name,a48cfd35-9c5d-4f91-86d8-f18f35847628,function_execution_time,1780474558.422748,0.00016123
experiment_name,a48cfd35-9c5d-4f91-86d8-f18f35847628,function_execution_time,1780474558.5240676,0.000070037
experiment_name,a48cfd35-9c5d-4f91-86d8-f18f35847628,function_execution_time,1780474558.6253624,0.000105651
experiment_name,a48cfd35-9c5d-4f91-86d8-f18f35847628,function_execution_time,1780474558.7267697,0.000070288
experiment_name,a48cfd35-9c5d-4f91-86d8-f18f35847628,function_execution_time,1780474558.8281453,0.000084149
experiment_name,a48cfd35-9c5d-4f91-86d8-f18f35847628,function_execution_time,1780474558.929402,0.000081276
experiment_name,a48cfd35-9c5d-4f91-86d8-f18f35847628,function_execution_time,1780474559.0308037,0.000081148
experiment_name,a48cfd35-9c5d-4f91-86d8-f18f35847628,function_execution_time,1780474559.132054,0.00007497
experiment_name,a48cfd35-9c5d-4f91-86d8-f18f35847628,function_execution_time,1780474559.2334177,0.000093126
experiment_name,a48cfd35-9c5d-4f91-86d8-f18f35847628,function_execution_time,1780474559.3347952,0.000094679
experiment_name,a48cfd35-9c5d-4f91-86d8-f18f35847628,function_execution_time,1780474559.436149,0.000153602
experiment_name,a48cfd35-9c5d-4f91-86d8-f18f35847628,function_execution_time,1780474559.5375316,0.000083318
experiment_name,a48cfd35-9c5d-4f91-86d8-f18f35847628,function_execution_time,1780474559.638828,0.000095747
experiment_name,a48cfd35-9c5d-4f91-86d8-f18f35847628,function_stop_time,1780474559.7169085,0.000021974
experiment_name,7aa60b4b-8831-4dd7-8aca-11fb2f521a23,function_stop_time,1780474559.7147205,0.00005126
experiment_name,b9378986-f8ed-4874-b02a-dc3f06f63cdb,function_stop_time,1780474559.7140777,0.000033437
experiment_name,b9378986-f8ed-4874-b02a-dc3f06f63cdb,function_transfer_time,1780474556.0937984,0.000109189
experiment_name,b9378986-f8ed-4874-b02a-dc3f06f63cdb,function_transfer_time,1780474556.195114,0.000035497
experiment_name,b9378986-f8ed-4874-b02a-dc3f06f63cdb,function_transfer_time,1780474556.2965014,0.000128888
experiment_name,b9378986-f8ed-4874-b02a-dc3f06f63cdb,function_transfer_time,1780474556.397858,0.000031796
experiment_name,b9378986-f8ed-4874-b02a-dc3f06f63cdb,function_transfer_time,1780474556.4992867,0.000137162
experiment_name,b9378986-f8ed-4874-b02a-dc3f06f63cdb,function_transfer_time,1780474556.6006315,0.000106358
experiment_name,b9378986-f8ed-4874-b02a-dc3f06f63cdb,function_transfer_time,1780474556.7018983,0.000057164
experiment_name,b9378986-f8ed-4874-b02a-dc3f06f63cdb,function_transfer_time,1780474556.803307,0.000114713
experiment_name,b9378986-f8ed-4874-b02a-dc3f06f63cdb,function_transfer_time,1780474556.904542,0.000037363
experiment_name,b9378986-f8ed-4874-b02a-dc3f06f63cdb,function_transfer_time,1780474557.0059624,0.000119519
experiment_name,b9378986-f8ed-4874-b02a-dc3f06f63cdb,function_transfer_time,1780474557.1071858,0.000066423
experiment_name,b9378986-f8ed-4874-b02a-dc3f06f63cdb,function_transfer_time,1780474557.2085936,0.000034771
experiment_name,b9378986-f8ed-4874-b02a-dc3f06f63cdb,function_transfer_time,1780474557.3099158,0.000070682
experiment_name,b9378986-f8ed-4874-b02a-dc3f06f63cdb,function_transfer_time,1780474557.411293,0.000030144
experiment_name,b9378986-f8ed-4874-b02a-dc3f06f63cdb,function_transfer_time,1780474557.511727,0.000132399
experiment_name,b9378986-f8ed-4874-b02a-dc3f06f63cdb,function_transfer_time,1780474557.6130126,0.00010509
experiment_name,b9378986-f8ed-4874-b02a-dc3f06f63cdb,function_transfer_time,1780474557.7143855,0.000116187
experiment_name,b9378986-f8ed-4874-b02a-dc3f06f63cdb,function_transfer_time,1780474557.8146892,0.000120709
experiment_name,b9378986-f8ed-4874-b02a-dc3f06f63cdb,function_transfer_time,1780474557.9160647,0.000130648
experiment_name,b9378986-f8ed-4874-b02a-dc3f06f63cdb,function_transfer_time,1780474558.01734,0.00005256
experiment_name,b9378986-f8ed-4874-b02a-dc3f06f63cdb,function_transfer_time,1780474558.118721,0.000107104
experiment_name,b9378986-f8ed-4874-b02a-dc3f06f63cdb,function_transfer_time,1780474558.2200782,0.000135451
experiment_name,b9378986-f8ed-4874-b02a-dc3f06f63cdb,function_transfer_time,1780474558.3214228,0.000139392
experiment_name,b9378986-f8ed-4874-b02a-dc3f06f63cdb,function_transfer_time,1780474558.4227324,0.000030816
experiment_name,b9378986-f8ed-4874-b02a-dc3f06f63cdb,function_transfer_time,1780474558.5241396,0.00011246
experiment_name,b9378986-f8ed-4874-b02a-dc3f06f63cdb,function_transfer_time,1780474558.6253595,0.000039478
experiment_name,b9378986-f8ed-4874-b02a-dc3f06f63cdb,function_transfer_time,1780474558.7268636,0.000112435
experiment_name,b9378986-f8ed-4874-b02a-dc3f06f63cdb,function_transfer_time,1780474558.8281417,0.000032449
experiment_name,b9378986-f8ed-4874-b02a-dc3f06f63cdb,function_transfer_time,1780474558.929487,0.00012051
experiment_name,b9378986-f8ed-4874-b02a-dc3f06f63cdb,function_transfer_time,1780474559.0308313,0.000111495
experiment_name,b9378986-f8ed-4874-b02a-dc3f06f63cdb,function_transfer_time,1780474559.132128,0.000107253
experiment_name,b9378986-f8ed-4874-b02a-dc3f06f63cdb,function_transfer_time,1780474559.2334151,0.000038958
experiment_name,b9378986-f8ed-4874-b02a-dc3f06f63cdb,function_transfer_time,1780474559.334812,0.000118728
experiment_name,b9378986-f8ed-4874-b02a-dc3f06f63cdb,function_transfer_time,1780474559.4361453,0.000037886
experiment_name,b9378986-f8ed-4874-b02a-dc3f06f63cdb,function_transfer_time,1780474559.5376391,0.000133384
experiment_name,b9378986-f8ed-4874-b02a-dc3f06f63cdb,function_transfer_time,1780474559.638831,0.000050975
experiment_name,a48cfd35-9c5d-4f91-86d8-f18f35847628,function_transfer_time,1780474556.0936406,0.000090381
experiment_name,a48cfd35-9c5d-4f91-86d8-f18f35847628,function_transfer_time,1780474556.1949677,0.000089063
experiment_name,a48cfd35-9c5d-4f91-86d8-f18f35847628,function_transfer_time,1780474556.2963166,0.000085887
experiment_name,a48cfd35-9c5d-4f91-86d8-f18f35847628,function_transfer_time,1780474556.3976583,0.000097576
experiment_name,a48cfd35-9c5d-4f91-86d8-f18f35847628,function_transfer_time,1780474556.4990993,0.000089303
experiment_name,a48cfd35-9c5d-4f91-86d8-f18f35847628,function_transfer_time,1780474556.6004689,0.000096824
experiment_name,a48cfd35-9c5d-4f91-86d8-f18f35847628,function_transfer_time,1780474556.7017887,0.000086178
experiment_name,a48cfd35-9c5d-4f91-86d8-f18f35847628,function_transfer_time,1780474556.803137,0.000085728
experiment_name,a48cfd35-9c5d-4f91-86d8-f18f35847628,function_transfer_time,1780474556.90444,0.000081608
experiment_name,a48cfd35-9c5d-4f91-86d8-f18f35847628,function_transfer_time,1780474557.0057907,0.000084108
experiment_name,a48cfd35-9c5d-4f91-86d8-f18f35847628,function_transfer_time,1780474557.1070676,0.000029802
experiment_name,a48cfd35-9c5d-4f91-86d8-f18f35847628,function_transfer_time,1780474557.208422,0.000100075
experiment_name,a48cfd35-9c5d-4f91-86d8-f18f35847628,function_transfer_time,1780474557.3098078,0.000086653
experiment_name,a48cfd35-9c5d-4f91-86d8-f18f35847628,function_transfer_time,1780474557.411137,0.000079035
experiment_name,a48cfd35-9c5d-4f91-86d8-f18f35847628,function_transfer_time,1780474557.5115426,0.000084572
experiment_name,a48cfd35-9c5d-4f91-86d8-f18f35847628,function_transfer_time,1780474557.612856,0.000082787
experiment_name,a48cfd35-9c5d-4f91-86d8-f18f35847628,function_transfer_time,1780474557.714218,0.000102983
experiment_name,a48cfd35-9c5d-4f91-86d8-f18f35847628,function_transfer_time,1780474557.8145168,0.000083245
experiment_name,a48cfd35-9c5d-4f91-86d8-f18f35847628,function_transfer_time,1780474557.9158738,0.000101083
experiment_name,a48cfd35-9c5d-4f91-86d8-f18f35847628,function_transfer_time,1780474558.01723,0.00009035
experiment_name,a48cfd35-9c5d-4f91-86d8-f18f35847628,function_transfer_time,1780474558.1185553,0.000086037
experiment_name,a48cfd35-9c5d-4f91-86d8-f18f35847628,function_transfer_time,1780474558.2198904,0.000080108
experiment_name,a48cfd35-9c5d-4f91-86d8-f18f35847628,function_transfer_time,1780474558.321229,0.000085869
experiment_name,a48cfd35-9c5d-4f91-86d8-f18f35847628,function_transfer_time,1780474558.4225826,0.000088897
experiment_name,a48cfd35-9c5d-4f91-86d8-f18f35847628,function_transfer_time,1780474558.523982,0.000087647
experiment_name,a48cfd35-9c5d-4f91-86d8-f18f35847628,function_transfer_time,1780474558.6252496,0.000028071
experiment_name,a48cfd35-9c5d-4f91-86d8-f18f35847628,function_transfer_time,1780474558.726686,0.000089673
experiment_name,a48cfd35-9c5d-4f91-86d8-f18f35847628,function_transfer_time,1780474558.8280096,0.000085185
experiment_name,a48cfd35-9c5d-4f91-86d8-f18f35847628,function_transfer_time,1780474558.9293153,0.00007708
experiment_name,a48cfd35-9c5d-4f91-86d8-f18f35847628,function_transfer_time,1780474559.030673,0.00008406
experiment_name,a48cfd35-9c5d-4f91-86d8-f18f35847628,function_transfer_time,1780474559.1319704,0.000078985
experiment_name,a48cfd35-9c5d-4f91-86d8-f18f35847628,function_transfer_time,1780474559.2333207,0.000087364
experiment_name,a48cfd35-9c5d-4f91-86d8-f18f35847628,function_transfer_time,1780474559.3346326,0.000085716
experiment_name,a48cfd35-9c5d-4f91-86d8-f18f35847628,function_transfer_time,1780474559.4359844,0.000101053
experiment_name,a48cfd35-9c5d-4f91-86d8-f18f35847628,function_transfer_time,1780474559.5374527,0.000085647
experiment_name,a48cfd35-9c5d-4f91-86d8-f18f35847628,function_transfer_time,1780474559.6387253,0.000029639
experiment_name,22fbea89-a236-4614-856d-08ecc0410309,function_stop_time,1780474559.7161949,0.000057019
