experiment_name,4066f6ac-82b2-427d-a244-6ca471c0359b,function_instantiate_time,1779111013.1756935,0.009834088
experiment_name,8bd2aa66-3306-40bf-a6ac-0b1e7aa51fcf,function_instantiate_time,1779111013.1764061,0.012073552
experiment_name,8bd2aa66-3306-40bf-a6ac-0b1e7aa51fcf,function_init_time,1779111013.1764827,0.000049306
experiment_name,4066f6ac-82b2-427d-a244-6ca471c0359b,function_init_time,1779111013.1757317,0.000032108
experiment_name,8bd2aa66-3306-40bf-a6ac-0b1e7aa51fcf,function_execution_time,1779111013.176595,0.00008812
experiment_name,8bd2aa66-3306-40bf-a6ac-0b1e7aa51fcf,function_execution_time,1779111013.277956,0.000084438
experiment_name,8bd2aa66-3306-40bf-a6ac-0b1e7aa51fcf,function_execution_time,1779111013.3793685,0.000087453
experiment_name,8bd2aa66-3306-40bf-a6ac-0b1e7aa51fcf,function_execution_time,1779111013.4806194,0.000071423
experiment_name,8bd2aa66-3306-40bf-a6ac-0b1e7aa51fcf,function_execution_time,1779111013.5819407,0.000073885
experiment_name,8bd2aa66-3306-40bf-a6ac-0b1e7aa51fcf,function_execution_time,1779111013.683345,0.000076462
experiment_name,8bd2aa66-3306-40bf-a6ac-0b1e7aa51fcf,function_execution_time,1779111013.7845867,0.000080956
experiment_name,8bd2aa66-3306-40bf-a6ac-0b1e7aa51fcf,function_execution_time,1779111013.885897,0.000080849
experiment_name,8bd2aa66-3306-40bf-a6ac-0b1e7aa51fcf,function_execution_time,1779111013.987119,0.000075683
experiment_name,8bd2aa66-3306-40bf-a6ac-0b1e7aa51fcf,function_execution_time,1779111014.0885634,0.000083871
experiment_name,4066f6ac-82b2-427d-a244-6ca471c0359b,function_execution_time,1779111013.1766517,0.000081425
experiment_name,4066f6ac-82b2-427d-a244-6ca471c0359b,function_execution_time,1779111013.2781053,0.000063707
experiment_name,4066f6ac-82b2-427d-a244-6ca471c0359b,function_execution_time,1779111013.3794773,0.000077429
experiment_name,4066f6ac-82b2-427d-a244-6ca471c0359b,function_execution_time,1779111013.4807734,0.000067792
experiment_name,4066f6ac-82b2-427d-a244-6ca471c0359b,function_execution_time,1779111013.5820873,0.000057364
experiment_name,4066f6ac-82b2-427d-a244-6ca471c0359b,function_execution_time,1779111013.6834447,0.000056829
experiment_name,4066f6ac-82b2-427d-a244-6ca471c0359b,function_execution_time,1779111013.7847495,0.000058688
experiment_name,4066f6ac-82b2-427d-a244-6ca471c0359b,function_execution_time,1779111013.8858993,0.000058988
experiment_name,4066f6ac-82b2-427d-a244-6ca471c0359b,function_execution_time,1779111013.9872475,0.000065435
experiment_name,4066f6ac-82b2-427d-a244-6ca471c0359b,function_execution_time,1779111014.0887337,0.000059322
experiment_name,8bd2aa66-3306-40bf-a6ac-0b1e7aa51fcf,function_transfer_time,1779111013.1765008,0.000050683
experiment_name,8bd2aa66-3306-40bf-a6ac-0b1e7aa51fcf,function_transfer_time,1779111013.277873,0.00007721
experiment_name,8bd2aa66-3306-40bf-a6ac-0b1e7aa51fcf,function_transfer_time,1779111013.379218,0.000084747
experiment_name,8bd2aa66-3306-40bf-a6ac-0b1e7aa51fcf,function_transfer_time,1779111013.480535,0.000078736
experiment_name,8bd2aa66-3306-40bf-a6ac-0b1e7aa51fcf,function_transfer_time,1779111013.58186,0.000080236
experiment_name,8bd2aa66-3306-40bf-a6ac-0b1e7aa51fcf,function_transfer_time,1779111013.683215,0.000097285
experiment_name,8bd2aa66-3306-40bf-a6ac-0b1e7aa51fcf,function_transfer_time,1779111013.7845051,0.000081216
experiment_name,8bd2aa66-3306-40bf-a6ac-0b1e7aa51fcf,function_transfer_time,1779111013.8857512,0.000012348
experiment_name,8bd2aa66-3306-40bf-a6ac-0b1e7aa51fcf,function_transfer_time,1779111013.9870408,0.000077597
experiment_name,8bd2aa66-3306-40bf-a6ac-0b1e7aa51fcf,function_transfer_time,1779111014.0884805,0.000078432
experiment_name,4066f6ac-82b2-427d-a244-6ca471c0359b,function_transfer_time,1779111013.176567,0.000023698
experiment_name,4066f6ac-82b2-427d-a244-6ca471c0359b,function_transfer_time,1779111013.278042,0.00010477
experiment_name,4066f6ac-82b2-427d-a244-6ca471c0359b,function_transfer_time,1779111013.3793952,0.000121893
experiment_name,4066f6ac-82b2-427d-a244-6ca471c0359b,function_transfer_time,1779111013.4807045,0.000113892
experiment_name,4066f6ac-82b2-427d-a244-6ca471c0359b,function_transfer_time,1779111013.5820289,0.000113847
experiment_name,4066f6ac-82b2-427d-a244-6ca471c0359b,function_transfer_time,1779111013.683371,0.000105135
experiment_name,4066f6ac-82b2-427d-a244-6ca471c0359b,function_transfer_time,1779111013.78469,0.000122034
experiment_name,4066f6ac-82b2-427d-a244-6ca471c0359b,function_transfer_time,1779111013.8858926,0.000030092
experiment_name,4066f6ac-82b2-427d-a244-6ca471c0359b,function_transfer_time,1779111013.9871764,0.000083105
experiment_name,4066f6ac-82b2-427d-a244-6ca471c0359b,function_transfer_time,1779111014.0886738,0.000132716
experiment_name,1156080a-1660-4a0b-a6a1-0e4648b17d19,function_instantiate_time,1779111013.2239764,0.052553531
experiment_name,64b7ba1c-18ff-435a-beb0-e3fac828a2fd,function_instantiate_time,1779111013.2234197,0.049329268
experiment_name,1156080a-1660-4a0b-a6a1-0e4648b17d19,function_init_time,1779111013.224201,0.000227446
experiment_name,64b7ba1c-18ff-435a-beb0-e3fac828a2fd,function_init_time,1779111013.2235258,0.000085353
experiment_name,1156080a-1660-4a0b-a6a1-0e4648b17d19,function_execution_time,1779111013.2253697,0.0011521
experiment_name,1156080a-1660-4a0b-a6a1-0e4648b17d19,function_execution_time,1779111013.3310213,0.000332095
experiment_name,64b7ba1c-18ff-435a-beb0-e3fac828a2fd,function_execution_time,1779111013.227806,0.002486387
experiment_name,64b7ba1c-18ff-435a-beb0-e3fac828a2fd,function_execution_time,1779111013.3307498,0.00149477
experiment_name,64b7ba1c-18ff-435a-beb0-e3fac828a2fd,function_transfer_time,1779111013.2253134,0.000278446
experiment_name,64b7ba1c-18ff-435a-beb0-e3fac828a2fd,function_transfer_time,1779111013.3292487,0.000269539
experiment_name,1156080a-1660-4a0b-a6a1-0e4648b17d19,function_transfer_time,1779111013.2242079,0.000023222
experiment_name,1156080a-1660-4a0b-a6a1-0e4648b17d19,function_transfer_time,1779111013.3306854,0.000019722
experiment_name,8bd2aa66-3306-40bf-a6ac-0b1e7aa51fcf,function_execution_time,1779111014.1908207,0.000154134
experiment_name,8bd2aa66-3306-40bf-a6ac-0b1e7aa51fcf,function_execution_time,1779111014.2921906,0.000072648
experiment_name,8bd2aa66-3306-40bf-a6ac-0b1e7aa51fcf,function_execution_time,1779111014.3936174,0.000087109
experiment_name,8bd2aa66-3306-40bf-a6ac-0b1e7aa51fcf,function_execution_time,1779111014.4948468,0.000072825
experiment_name,8bd2aa66-3306-40bf-a6ac-0b1e7aa51fcf,function_execution_time,1779111014.5961742,0.0000802
experiment_name,8bd2aa66-3306-40bf-a6ac-0b1e7aa51fcf,function_execution_time,1779111014.697597,0.000070099
experiment_name,8bd2aa66-3306-40bf-a6ac-0b1e7aa51fcf,function_execution_time,1779111014.7989867,0.000087171
experiment_name,8bd2aa66-3306-40bf-a6ac-0b1e7aa51fcf,function_execution_time,1779111014.900345,0.000073546
experiment_name,8bd2aa66-3306-40bf-a6ac-0b1e7aa51fcf,function_execution_time,1779111015.0016701,0.000074535
experiment_name,8bd2aa66-3306-40bf-a6ac-0b1e7aa51fcf,function_execution_time,1779111015.1029568,0.000084118
experiment_name,8bd2aa66-3306-40bf-a6ac-0b1e7aa51fcf,function_execution_time,1779111015.2043595,0.000156753
experiment_name,8bd2aa66-3306-40bf-a6ac-0b1e7aa51fcf,function_execution_time,1779111015.3055956,0.000068623
experiment_name,8bd2aa66-3306-40bf-a6ac-0b1e7aa51fcf,function_execution_time,1779111015.4068441,0.000057823
experiment_name,8bd2aa66-3306-40bf-a6ac-0b1e7aa51fcf,function_execution_time,1779111015.5081398,0.000099279
experiment_name,8bd2aa66-3306-40bf-a6ac-0b1e7aa51fcf,function_execution_time,1779111015.609473,0.000102066
experiment_name,8bd2aa66-3306-40bf-a6ac-0b1e7aa51fcf,function_execution_time,1779111015.709913,0.000090693
experiment_name,8bd2aa66-3306-40bf-a6ac-0b1e7aa51fcf,function_execution_time,1779111015.8112433,0.000077756
experiment_name,8bd2aa66-3306-40bf-a6ac-0b1e7aa51fcf,function_execution_time,1779111015.9125001,0.000084566
experiment_name,8bd2aa66-3306-40bf-a6ac-0b1e7aa51fcf,function_execution_time,1779111016.012888,0.000087493
experiment_name,4066f6ac-82b2-427d-a244-6ca471c0359b,function_execution_time,1779111014.1908817,0.000060382
experiment_name,4066f6ac-82b2-427d-a244-6ca471c0359b,function_execution_time,1779111014.2923534,0.000057448
experiment_name,4066f6ac-82b2-427d-a244-6ca471c0359b,function_execution_time,1779111014.3936841,0.000065212
experiment_name,4066f6ac-82b2-427d-a244-6ca471c0359b,function_execution_time,1779111014.4949374,0.000060927
experiment_name,4066f6ac-82b2-427d-a244-6ca471c0359b,function_execution_time,1779111014.5963328,0.000057918
experiment_name,4066f6ac-82b2-427d-a244-6ca471c0359b,function_execution_time,1779111014.6976829,0.000062129
experiment_name,4066f6ac-82b2-427d-a244-6ca471c0359b,function_execution_time,1779111014.7990084,0.000069985
experiment_name,4066f6ac-82b2-427d-a244-6ca471c0359b,function_execution_time,1779111014.900448,0.000060984
experiment_name,4066f6ac-82b2-427d-a244-6ca471c0359b,function_execution_time,1779111015.0018134,0.000058766
experiment_name,4066f6ac-82b2-427d-a244-6ca471c0359b,function_execution_time,1779111015.1030517,0.000067019
experiment_name,4066f6ac-82b2-427d-a244-6ca471c0359b,function_execution_time,1779111015.204436,0.000062775
experiment_name,4066f6ac-82b2-427d-a244-6ca471c0359b,function_execution_time,1779111015.3057456,0.000065276
experiment_name,4066f6ac-82b2-427d-a244-6ca471c0359b,function_execution_time,1779111015.4069796,0.000058334
experiment_name,4066f6ac-82b2-427d-a244-6ca471c0359b,function_execution_time,1779111015.5082166,0.000069578
experiment_name,4066f6ac-82b2-427d-a244-6ca471c0359b,function_execution_time,1779111015.6095984,0.000068525
experiment_name,4066f6ac-82b2-427d-a244-6ca471c0359b,function_execution_time,1779111015.7101054,0.000067967
experiment_name,4066f6ac-82b2-427d-a244-6ca471c0359b,function_execution_time,1779111015.8113847,0.000059254
experiment_name,4066f6ac-82b2-427d-a244-6ca471c0359b,function_execution_time,1779111015.9126759,0.000064882
experiment_name,4066f6ac-82b2-427d-a244-6ca471c0359b,function_execution_time,1779111016.0129805,0.000056531
experiment_name,4066f6ac-82b2-427d-a244-6ca471c0359b,function_transfer_time,1779111014.1908178,0.000031406
experiment_name,4066f6ac-82b2-427d-a244-6ca471c0359b,function_transfer_time,1779111014.292295,0.00012542
experiment_name,4066f6ac-82b2-427d-a244-6ca471c0359b,function_transfer_time,1779111014.3936212,0.000103045
experiment_name,4066f6ac-82b2-427d-a244-6ca471c0359b,function_transfer_time,1779111014.4949179,0.000050444
experiment_name,4066f6ac-82b2-427d-a244-6ca471c0359b,function_transfer_time,1779111014.5962749,0.000120311
experiment_name,4066f6ac-82b2-427d-a244-6ca471c0359b,function_transfer_time,1779111014.6976686,0.000051114
experiment_name,4066f6ac-82b2-427d-a244-6ca471c0359b,function_transfer_time,1779111014.798991,0.00003686
experiment_name,4066f6ac-82b2-427d-a244-6ca471c0359b,function_transfer_time,1779111014.9004202,0.00005041
experiment_name,4066f6ac-82b2-427d-a244-6ca471c0359b,function_transfer_time,1779111015.0017533,0.000109644
experiment_name,4066f6ac-82b2-427d-a244-6ca471c0359b,function_transfer_time,1779111015.1030352,0.000056823
experiment_name,4066f6ac-82b2-427d-a244-6ca471c0359b,function_transfer_time,1779111015.2043638,0.000041092
experiment_name,4066f6ac-82b2-427d-a244-6ca471c0359b,function_transfer_time,1779111015.305679,0.000112122
experiment_name,4066f6ac-82b2-427d-a244-6ca471c0359b,function_transfer_time,1779111015.4069114,0.000091343
experiment_name,4066f6ac-82b2-427d-a244-6ca471c0359b,function_transfer_time,1779111015.508145,0.00004452
experiment_name,4066f6ac-82b2-427d-a244-6ca471c0359b,function_transfer_time,1779111015.6095235,0.000096235
experiment_name,4066f6ac-82b2-427d-a244-6ca471c0359b,function_transfer_time,1779111015.7100365,0.000142278
experiment_name,4066f6ac-82b2-427d-a244-6ca471c0359b,function_transfer_time,1779111015.8113246,0.000101943
experiment_name,4066f6ac-82b2-427d-a244-6ca471c0359b,function_transfer_time,1779111015.9126108,0.000128607
experiment_name,4066f6ac-82b2-427d-a244-6ca471c0359b,function_transfer_time,1779111016.01292,0.000114129
experiment_name,8bd2aa66-3306-40bf-a6ac-0b1e7aa51fcf,function_transfer_time,1779111014.190659,0.000081612
experiment_name,8bd2aa66-3306-40bf-a6ac-0b1e7aa51fcf,function_transfer_time,1779111014.2921152,0.000074907
experiment_name,8bd2aa66-3306-40bf-a6ac-0b1e7aa51fcf,function_transfer_time,1779111014.3934584,0.00008264
experiment_name,8bd2aa66-3306-40bf-a6ac-0b1e7aa51fcf,function_transfer_time,1779111014.4947667,0.000080023
experiment_name,8bd2aa66-3306-40bf-a6ac-0b1e7aa51fcf,function_transfer_time,1779111014.596095,0.00007557
experiment_name,8bd2aa66-3306-40bf-a6ac-0b1e7aa51fcf,function_transfer_time,1779111014.6975162,0.000022554
experiment_name,8bd2aa66-3306-40bf-a6ac-0b1e7aa51fcf,function_transfer_time,1779111014.7988386,0.000076058
experiment_name,8bd2aa66-3306-40bf-a6ac-0b1e7aa51fcf,function_transfer_time,1779111014.9002671,0.000080061
experiment_name,8bd2aa66-3306-40bf-a6ac-0b1e7aa51fcf,function_transfer_time,1779111015.0015883,0.000083796
experiment_name,8bd2aa66-3306-40bf-a6ac-0b1e7aa51fcf,function_transfer_time,1779111015.1028693,0.000022341
experiment_name,8bd2aa66-3306-40bf-a6ac-0b1e7aa51fcf,function_transfer_time,1779111015.204197,0.000085946
experiment_name,8bd2aa66-3306-40bf-a6ac-0b1e7aa51fcf,function_transfer_time,1779111015.3055131,0.000021041
experiment_name,8bd2aa66-3306-40bf-a6ac-0b1e7aa51fcf,function_transfer_time,1779111015.4067848,0.000016157
experiment_name,8bd2aa66-3306-40bf-a6ac-0b1e7aa51fcf,function_transfer_time,1779111015.5080328,0.000040478
experiment_name,8bd2aa66-3306-40bf-a6ac-0b1e7aa51fcf,function_transfer_time,1779111015.6093674,0.000078616
experiment_name,8bd2aa66-3306-40bf-a6ac-0b1e7aa51fcf,function_transfer_time,1779111015.7098272,0.000083558
experiment_name,8bd2aa66-3306-40bf-a6ac-0b1e7aa51fcf,function_transfer_time,1779111015.8111663,0.000081772
experiment_name,8bd2aa66-3306-40bf-a6ac-0b1e7aa51fcf,function_transfer_time,1779111015.912417,0.000019645
experiment_name,8bd2aa66-3306-40bf-a6ac-0b1e7aa51fcf,function_transfer_time,1779111016.0127456,0.000081308
experiment_name,8bd2aa66-3306-40bf-a6ac-0b1e7aa51fcf,function_execution_time,1779111016.1138797,0.000085298
experiment_name,8bd2aa66-3306-40bf-a6ac-0b1e7aa51fcf,function_execution_time,1779111016.2152896,0.000165917
experiment_name,8bd2aa66-3306-40bf-a6ac-0b1e7aa51fcf,function_execution_time,1779111016.3165972,0.000084245
experiment_name,8bd2aa66-3306-40bf-a6ac-0b1e7aa51fcf,function_execution_time,1779111016.4179058,0.000074097
experiment_name,8bd2aa66-3306-40bf-a6ac-0b1e7aa51fcf,function_execution_time,1779111016.5192418,0.000077579
experiment_name,8bd2aa66-3306-40bf-a6ac-0b1e7aa51fcf,function_execution_time,1779111016.620544,0.000069399
experiment_name,8bd2aa66-3306-40bf-a6ac-0b1e7aa51fcf,function_execution_time,1779111016.7218843,0.000077312
experiment_name,8bd2aa66-3306-40bf-a6ac-0b1e7aa51fcf,function_execution_time,1779111016.8232036,0.000068425
experiment_name,8bd2aa66-3306-40bf-a6ac-0b1e7aa51fcf,function_execution_time,1779111016.9246821,0.000070944
experiment_name,8bd2aa66-3306-40bf-a6ac-0b1e7aa51fcf,function_execution_time,1779111017.0260222,0.000081195
experiment_name,8bd2aa66-3306-40bf-a6ac-0b1e7aa51fcf,function_execution_time,1779111017.1273859,0.000075512
experiment_name,8bd2aa66-3306-40bf-a6ac-0b1e7aa51fcf,function_execution_time,1779111017.2287292,0.000157445
experiment_name,8bd2aa66-3306-40bf-a6ac-0b1e7aa51fcf,function_execution_time,1779111017.3300412,0.000073169
experiment_name,8bd2aa66-3306-40bf-a6ac-0b1e7aa51fcf,function_execution_time,1779111017.4314241,0.000081887
experiment_name,8bd2aa66-3306-40bf-a6ac-0b1e7aa51fcf,function_execution_time,1779111017.5326946,0.00006932
experiment_name,8bd2aa66-3306-40bf-a6ac-0b1e7aa51fcf,function_execution_time,1779111017.6339993,0.000072014
experiment_name,8bd2aa66-3306-40bf-a6ac-0b1e7aa51fcf,function_execution_time,1779111017.7353923,0.000081896
experiment_name,8bd2aa66-3306-40bf-a6ac-0b1e7aa51fcf,function_execution_time,1779111017.8366418,0.000070255
experiment_name,8bd2aa66-3306-40bf-a6ac-0b1e7aa51fcf,function_execution_time,1779111017.9379556,0.00006913
experiment_name,8bd2aa66-3306-40bf-a6ac-0b1e7aa51fcf,function_execution_time,1779111018.0392802,0.000080113
experiment_name,4066f6ac-82b2-427d-a244-6ca471c0359b,function_execution_time,1779111016.1139543,0.000057827
experiment_name,4066f6ac-82b2-427d-a244-6ca471c0359b,function_execution_time,1779111016.2153482,0.000062553
experiment_name,4066f6ac-82b2-427d-a244-6ca471c0359b,function_execution_time,1779111016.3167331,0.000065933
experiment_name,4066f6ac-82b2-427d-a244-6ca471c0359b,function_execution_time,1779111016.4180613,0.000065604
experiment_name,4066f6ac-82b2-427d-a244-6ca471c0359b,function_execution_time,1779111016.5193667,0.000058149
experiment_name,4066f6ac-82b2-427d-a244-6ca471c0359b,function_execution_time,1779111016.6207166,0.000059731
experiment_name,4066f6ac-82b2-427d-a244-6ca471c0359b,function_execution_time,1779111016.722028,0.000056105
experiment_name,4066f6ac-82b2-427d-a244-6ca471c0359b,function_execution_time,1779111016.8233702,0.0000634
experiment_name,4066f6ac-82b2-427d-a244-6ca471c0359b,function_execution_time,1779111016.9248214,0.00005549
experiment_name,4066f6ac-82b2-427d-a244-6ca471c0359b,function_execution_time,1779111017.0260952,0.000053783
experiment_name,4066f6ac-82b2-427d-a244-6ca471c0359b,function_execution_time,1779111017.1275017,0.000076429
experiment_name,4066f6ac-82b2-427d-a244-6ca471c0359b,function_execution_time,1779111017.2287922,0.000059714
experiment_name,4066f6ac-82b2-427d-a244-6ca471c0359b,function_execution_time,1779111017.3302033,0.000059818
experiment_name,4066f6ac-82b2-427d-a244-6ca471c0359b,function_execution_time,1779111017.4315188,0.000055985
experiment_name,4066f6ac-82b2-427d-a244-6ca471c0359b,function_execution_time,1779111017.532858,0.000062574
experiment_name,4066f6ac-82b2-427d-a244-6ca471c0359b,function_execution_time,1779111017.6341386,0.000056077
experiment_name,4066f6ac-82b2-427d-a244-6ca471c0359b,function_execution_time,1779111017.735493,0.000066671
experiment_name,4066f6ac-82b2-427d-a244-6ca471c0359b,function_execution_time,1779111017.8367975,0.000054821
experiment_name,4066f6ac-82b2-427d-a244-6ca471c0359b,function_execution_time,1779111017.938122,0.000062747
experiment_name,4066f6ac-82b2-427d-a244-6ca471c0359b,function_execution_time,1779111018.039441,0.000055576
experiment_name,4066f6ac-82b2-427d-a244-6ca471c0359b,function_transfer_time,1779111016.11395,0.000044547
experiment_name,4066f6ac-82b2-427d-a244-6ca471c0359b,function_transfer_time,1779111016.2152855,0.00003795
experiment_name,4066f6ac-82b2-427d-a244-6ca471c0359b,function_transfer_time,1779111016.3166628,0.000104349
experiment_name,4066f6ac-82b2-427d-a244-6ca471c0359b,function_transfer_time,1779111016.418008,0.000115212
experiment_name,4066f6ac-82b2-427d-a244-6ca471c0359b,function_transfer_time,1779111016.5193043,0.000095648
experiment_name,4066f6ac-82b2-427d-a244-6ca471c0359b,function_transfer_time,1779111016.620656,0.000139122
experiment_name,4066f6ac-82b2-427d-a244-6ca471c0359b,function_transfer_time,1779111016.7219706,0.000128682
experiment_name,4066f6ac-82b2-427d-a244-6ca471c0359b,function_transfer_time,1779111016.8233073,0.0001259
experiment_name,4066f6ac-82b2-427d-a244-6ca471c0359b,function_transfer_time,1779111016.9247646,0.000104567
experiment_name,4066f6ac-82b2-427d-a244-6ca471c0359b,function_transfer_time,1779111017.0260909,0.000058951
experiment_name,4066f6ac-82b2-427d-a244-6ca471c0359b,function_transfer_time,1779111017.127421,0.000119184
experiment_name,4066f6ac-82b2-427d-a244-6ca471c0359b,function_transfer_time,1779111017.2287333,0.000038884
experiment_name,4066f6ac-82b2-427d-a244-6ca471c0359b,function_transfer_time,1779111017.330143,0.00012518
experiment_name,4066f6ac-82b2-427d-a244-6ca471c0359b,function_transfer_time,1779111017.431456,0.000120414
experiment_name,4066f6ac-82b2-427d-a244-6ca471c0359b,function_transfer_time,1779111017.5327942,0.000126725
experiment_name,4066f6ac-82b2-427d-a244-6ca471c0359b,function_transfer_time,1779111017.6340823,0.000105149
experiment_name,4066f6ac-82b2-427d-a244-6ca471c0359b,function_transfer_time,1779111017.7354217,0.000118378
experiment_name,4066f6ac-82b2-427d-a244-6ca471c0359b,function_transfer_time,1779111017.8367417,0.000125454
experiment_name,4066f6ac-82b2-427d-a244-6ca471c0359b,function_transfer_time,1779111017.9380584,0.000126442
experiment_name,4066f6ac-82b2-427d-a244-6ca471c0359b,function_transfer_time,1779111018.039374,0.000116314
experiment_name,8bd2aa66-3306-40bf-a6ac-0b1e7aa51fcf,function_transfer_time,1779111016.1137972,0.000093418
experiment_name,8bd2aa66-3306-40bf-a6ac-0b1e7aa51fcf,function_transfer_time,1779111016.215112,0.000077054
experiment_name,8bd2aa66-3306-40bf-a6ac-0b1e7aa51fcf,function_transfer_time,1779111016.316508,0.000075175
experiment_name,8bd2aa66-3306-40bf-a6ac-0b1e7aa51fcf,function_transfer_time,1779111016.4178271,0.000088739
experiment_name,8bd2aa66-3306-40bf-a6ac-0b1e7aa51fcf,function_transfer_time,1779111016.5191586,0.00007836
experiment_name,8bd2aa66-3306-40bf-a6ac-0b1e7aa51fcf,function_transfer_time,1779111016.6204634,0.00009149
experiment_name,8bd2aa66-3306-40bf-a6ac-0b1e7aa51fcf,function_transfer_time,1779111016.7217813,0.00007875
experiment_name,8bd2aa66-3306-40bf-a6ac-0b1e7aa51fcf,function_transfer_time,1779111016.8231997,0.000076088
experiment_name,8bd2aa66-3306-40bf-a6ac-0b1e7aa51fcf,function_transfer_time,1779111016.9246075,0.000083851
experiment_name,8bd2aa66-3306-40bf-a6ac-0b1e7aa51fcf,function_transfer_time,1779111017.0259333,0.00007833
experiment_name,8bd2aa66-3306-40bf-a6ac-0b1e7aa51fcf,function_transfer_time,1779111017.1272497,0.000079273
experiment_name,8bd2aa66-3306-40bf-a6ac-0b1e7aa51fcf,function_transfer_time,1779111017.228566,0.000081124
experiment_name,8bd2aa66-3306-40bf-a6ac-0b1e7aa51fcf,function_transfer_time,1779111017.3299632,0.000083734
experiment_name,8bd2aa66-3306-40bf-a6ac-0b1e7aa51fcf,function_transfer_time,1779111017.4312792,0.000079927
experiment_name,8bd2aa66-3306-40bf-a6ac-0b1e7aa51fcf,function_transfer_time,1779111017.5326145,0.000078619
experiment_name,8bd2aa66-3306-40bf-a6ac-0b1e7aa51fcf,function_transfer_time,1779111017.633922,0.000079825
experiment_name,8bd2aa66-3306-40bf-a6ac-0b1e7aa51fcf,function_transfer_time,1779111017.7352476,0.000075507
experiment_name,8bd2aa66-3306-40bf-a6ac-0b1e7aa51fcf,function_transfer_time,1779111017.8365626,0.000079195
experiment_name,8bd2aa66-3306-40bf-a6ac-0b1e7aa51fcf,function_transfer_time,1779111017.937879,0.000075284
experiment_name,8bd2aa66-3306-40bf-a6ac-0b1e7aa51fcf,function_transfer_time,1779111018.0392692,0.000073309
experiment_name,8bd2aa66-3306-40bf-a6ac-0b1e7aa51fcf,function_execution_time,1779111018.1403782,0.000073119
experiment_name,8bd2aa66-3306-40bf-a6ac-0b1e7aa51fcf,function_execution_time,1779111018.24165,0.000094308
experiment_name,8bd2aa66-3306-40bf-a6ac-0b1e7aa51fcf,function_execution_time,1779111018.342907,0.000075835
experiment_name,8bd2aa66-3306-40bf-a6ac-0b1e7aa51fcf,function_execution_time,1779111018.4442816,0.000101814
experiment_name,8bd2aa66-3306-40bf-a6ac-0b1e7aa51fcf,function_execution_time,1779111018.5447893,0.00007893
experiment_name,8bd2aa66-3306-40bf-a6ac-0b1e7aa51fcf,function_execution_time,1779111018.646102,0.000076274
experiment_name,8bd2aa66-3306-40bf-a6ac-0b1e7aa51fcf,function_execution_time,1779111018.7475228,0.000100366
experiment_name,8bd2aa66-3306-40bf-a6ac-0b1e7aa51fcf,function_execution_time,1779111018.8487766,0.000073418
experiment_name,8bd2aa66-3306-40bf-a6ac-0b1e7aa51fcf,function_execution_time,1779111018.950111,0.000073414
experiment_name,8bd2aa66-3306-40bf-a6ac-0b1e7aa51fcf,function_execution_time,1779111019.0514412,0.000073347
experiment_name,8bd2aa66-3306-40bf-a6ac-0b1e7aa51fcf,function_execution_time,1779111019.1528273,0.000089894
experiment_name,8bd2aa66-3306-40bf-a6ac-0b1e7aa51fcf,function_execution_time,1779111019.2543252,0.000147191
experiment_name,8bd2aa66-3306-40bf-a6ac-0b1e7aa51fcf,function_execution_time,1779111019.3555539,0.0000694
experiment_name,8bd2aa66-3306-40bf-a6ac-0b1e7aa51fcf,function_execution_time,1779111019.456881,0.000079171
experiment_name,8bd2aa66-3306-40bf-a6ac-0b1e7aa51fcf,function_execution_time,1779111019.5582063,0.000072593
experiment_name,8bd2aa66-3306-40bf-a6ac-0b1e7aa51fcf,function_execution_time,1779111019.6595426,0.000070088
experiment_name,8bd2aa66-3306-40bf-a6ac-0b1e7aa51fcf,function_execution_time,1779111019.7608871,0.000069757
experiment_name,8bd2aa66-3306-40bf-a6ac-0b1e7aa51fcf,function_execution_time,1779111019.8622031,0.000070013
experiment_name,8bd2aa66-3306-40bf-a6ac-0b1e7aa51fcf,function_execution_time,1779111019.9635515,0.00008035
experiment_name,8bd2aa66-3306-40bf-a6ac-0b1e7aa51fcf,function_execution_time,1779111020.064855,0.000074002
experiment_name,4066f6ac-82b2-427d-a244-6ca471c0359b,function_execution_time,1779111018.1405575,0.000065084
experiment_name,4066f6ac-82b2-427d-a244-6ca471c0359b,function_execution_time,1779111018.2417085,0.000063044
experiment_name,4066f6ac-82b2-427d-a244-6ca471c0359b,function_execution_time,1779111018.343096,0.000073808
experiment_name,4066f6ac-82b2-427d-a244-6ca471c0359b,function_execution_time,1779111018.4444404,0.000081254
experiment_name,4066f6ac-82b2-427d-a244-6ca471c0359b,function_execution_time,1779111018.5449378,0.000058401
experiment_name,4066f6ac-82b2-427d-a244-6ca471c0359b,function_execution_time,1779111018.6462626,0.000058319
experiment_name,4066f6ac-82b2-427d-a244-6ca471c0359b,function_execution_time,1779111018.7476103,0.000057952
experiment_name,4066f6ac-82b2-427d-a244-6ca471c0359b,function_execution_time,1779111018.8489273,0.000067766
experiment_name,4066f6ac-82b2-427d-a244-6ca471c0359b,function_execution_time,1779111018.950274,0.000058966
experiment_name,4066f6ac-82b2-427d-a244-6ca471c0359b,function_execution_time,1779111019.0515976,0.000056737
experiment_name,4066f6ac-82b2-427d-a244-6ca471c0359b,function_execution_time,1779111019.1529174,0.000058077
experiment_name,4066f6ac-82b2-427d-a244-6ca471c0359b,function_execution_time,1779111019.2543879,0.000066232
experiment_name,4066f6ac-82b2-427d-a244-6ca471c0359b,function_execution_time,1779111019.3556983,0.000056352
experiment_name,4066f6ac-82b2-427d-a244-6ca471c0359b,function_execution_time,1779111019.4570444,0.000056327
experiment_name,4066f6ac-82b2-427d-a244-6ca471c0359b,function_execution_time,1779111019.5583613,0.000056549
experiment_name,4066f6ac-82b2-427d-a244-6ca471c0359b,function_execution_time,1779111019.6596305,0.000059296
experiment_name,4066f6ac-82b2-427d-a244-6ca471c0359b,function_execution_time,1779111019.7609668,0.000057819
experiment_name,4066f6ac-82b2-427d-a244-6ca471c0359b,function_execution_time,1779111019.86237,0.000055675
experiment_name,4066f6ac-82b2-427d-a244-6ca471c0359b,function_execution_time,1779111019.963695,0.000056626
experiment_name,4066f6ac-82b2-427d-a244-6ca471c0359b,function_execution_time,1779111020.0650342,0.000065821
experiment_name,8bd2aa66-3306-40bf-a6ac-0b1e7aa51fcf,function_transfer_time,1779111018.1402967,0.000080014
experiment_name,8bd2aa66-3306-40bf-a6ac-0b1e7aa51fcf,function_transfer_time,1779111018.2415462,0.000023884
experiment_name,8bd2aa66-3306-40bf-a6ac-0b1e7aa51fcf,function_transfer_time,1779111018.34282,0.000035621
experiment_name,8bd2aa66-3306-40bf-a6ac-0b1e7aa51fcf,function_transfer_time,1779111018.4441812,0.000086654
experiment_name,8bd2aa66-3306-40bf-a6ac-0b1e7aa51fcf,function_transfer_time,1779111018.544708,0.000082016
experiment_name,8bd2aa66-3306-40bf-a6ac-0b1e7aa51fcf,function_transfer_time,1779111018.6460254,0.000084499
experiment_name,8bd2aa66-3306-40bf-a6ac-0b1e7aa51fcf,function_transfer_time,1779111018.7473724,0.000085025
experiment_name,8bd2aa66-3306-40bf-a6ac-0b1e7aa51fcf,function_transfer_time,1779111018.848691,0.000084205
experiment_name,8bd2aa66-3306-40bf-a6ac-0b1e7aa51fcf,function_transfer_time,1779111018.9500337,0.000082431
experiment_name,8bd2aa66-3306-40bf-a6ac-0b1e7aa51fcf,function_transfer_time,1779111019.0513506,0.000084642
experiment_name,8bd2aa66-3306-40bf-a6ac-0b1e7aa51fcf,function_transfer_time,1779111019.1526875,0.000085185
experiment_name,8bd2aa66-3306-40bf-a6ac-0b1e7aa51fcf,function_transfer_time,1779111019.2541666,0.000076882
experiment_name,8bd2aa66-3306-40bf-a6ac-0b1e7aa51fcf,function_transfer_time,1779111019.3554707,0.000031564
experiment_name,8bd2aa66-3306-40bf-a6ac-0b1e7aa51fcf,function_transfer_time,1779111019.4567976,0.000075376
experiment_name,8bd2aa66-3306-40bf-a6ac-0b1e7aa51fcf,function_transfer_time,1779111019.558125,0.000087105
experiment_name,8bd2aa66-3306-40bf-a6ac-0b1e7aa51fcf,function_transfer_time,1779111019.6594586,0.000090605
experiment_name,8bd2aa66-3306-40bf-a6ac-0b1e7aa51fcf,function_transfer_time,1779111019.7608068,0.000081524
experiment_name,8bd2aa66-3306-40bf-a6ac-0b1e7aa51fcf,function_transfer_time,1779111019.862123,0.00008185
experiment_name,8bd2aa66-3306-40bf-a6ac-0b1e7aa51fcf,function_transfer_time,1779111019.9634702,0.00008392
experiment_name,8bd2aa66-3306-40bf-a6ac-0b1e7aa51fcf,function_transfer_time,1779111020.0647779,0.00007836
experiment_name,4066f6ac-82b2-427d-a244-6ca471c0359b,function_transfer_time,1779111018.1404915,0.000139137
experiment_name,4066f6ac-82b2-427d-a244-6ca471c0359b,function_transfer_time,1779111018.2416456,0.000032204
experiment_name,4066f6ac-82b2-427d-a244-6ca471c0359b,function_transfer_time,1779111018.3430207,0.000142471
experiment_name,4066f6ac-82b2-427d-a244-6ca471c0359b,function_transfer_time,1779111018.4443429,0.000093392
experiment_name,4066f6ac-82b2-427d-a244-6ca471c0359b,function_transfer_time,1779111018.5448782,0.000112878
experiment_name,4066f6ac-82b2-427d-a244-6ca471c0359b,function_transfer_time,1779111018.6462035,0.000122746
experiment_name,4066f6ac-82b2-427d-a244-6ca471c0359b,function_transfer_time,1779111018.7475474,0.000123517
experiment_name,4066f6ac-82b2-427d-a244-6ca471c0359b,function_transfer_time,1779111018.848858,0.000111719
experiment_name,4066f6ac-82b2-427d-a244-6ca471c0359b,function_transfer_time,1779111018.9502144,0.000126716
experiment_name,4066f6ac-82b2-427d-a244-6ca471c0359b,function_transfer_time,1779111019.0515456,0.000132844
experiment_name,4066f6ac-82b2-427d-a244-6ca471c0359b,function_transfer_time,1779111019.1528525,0.000100599
experiment_name,4066f6ac-82b2-427d-a244-6ca471c0359b,function_transfer_time,1779111019.2543206,0.000035636
experiment_name,4066f6ac-82b2-427d-a244-6ca471c0359b,function_transfer_time,1779111019.3556411,0.000116599
experiment_name,4066f6ac-82b2-427d-a244-6ca471c0359b,function_transfer_time,1779111019.4569874,0.000135723
experiment_name,4066f6ac-82b2-427d-a244-6ca471c0359b,function_transfer_time,1779111019.558304,0.000124993
experiment_name,4066f6ac-82b2-427d-a244-6ca471c0359b,function_transfer_time,1779111019.6596255,0.000053335
experiment_name,4066f6ac-82b2-427d-a244-6ca471c0359b,function_transfer_time,1779111019.760962,0.000047132
experiment_name,4066f6ac-82b2-427d-a244-6ca471c0359b,function_transfer_time,1779111019.8623137,0.000137552
experiment_name,4066f6ac-82b2-427d-a244-6ca471c0359b,function_transfer_time,1779111019.9636335,0.000107238
experiment_name,4066f6ac-82b2-427d-a244-6ca471c0359b,function_transfer_time,1779111020.064968,0.000133845
experiment_name,4066f6ac-82b2-427d-a244-6ca471c0359b,function_execution_time,1779111020.1664088,0.000066311
experiment_name,4066f6ac-82b2-427d-a244-6ca471c0359b,function_execution_time,1779111020.26771,0.000064573
experiment_name,4066f6ac-82b2-427d-a244-6ca471c0359b,function_execution_time,1779111020.3690867,0.000060682
experiment_name,4066f6ac-82b2-427d-a244-6ca471c0359b,function_execution_time,1779111020.4704123,0.000059207
experiment_name,4066f6ac-82b2-427d-a244-6ca471c0359b,function_execution_time,1779111020.5717316,0.000064875
experiment_name,4066f6ac-82b2-427d-a244-6ca471c0359b,function_execution_time,1779111020.6730576,0.000056165
experiment_name,4066f6ac-82b2-427d-a244-6ca471c0359b,function_execution_time,1779111020.7743773,0.000056403
experiment_name,4066f6ac-82b2-427d-a244-6ca471c0359b,function_execution_time,1779111020.8757257,0.000060039
experiment_name,4066f6ac-82b2-427d-a244-6ca471c0359b,function_execution_time,1779111020.9770634,0.000071469
experiment_name,4066f6ac-82b2-427d-a244-6ca471c0359b,function_execution_time,1779111021.078321,0.00006601
experiment_name,4066f6ac-82b2-427d-a244-6ca471c0359b,function_execution_time,1779111021.1797326,0.000058906
experiment_name,4066f6ac-82b2-427d-a244-6ca471c0359b,function_execution_time,1779111021.281016,0.000058492
experiment_name,4066f6ac-82b2-427d-a244-6ca471c0359b,function_execution_time,1779111021.3824894,0.000069462
experiment_name,4066f6ac-82b2-427d-a244-6ca471c0359b,function_execution_time,1779111021.4837244,0.000070057
experiment_name,4066f6ac-82b2-427d-a244-6ca471c0359b,function_execution_time,1779111021.5851321,0.000059986
experiment_name,4066f6ac-82b2-427d-a244-6ca471c0359b,function_execution_time,1779111021.6864734,0.000079637
experiment_name,4066f6ac-82b2-427d-a244-6ca471c0359b,function_execution_time,1779111021.7877524,0.000054918
experiment_name,4066f6ac-82b2-427d-a244-6ca471c0359b,function_execution_time,1779111021.8890285,0.000062919
experiment_name,4066f6ac-82b2-427d-a244-6ca471c0359b,function_execution_time,1779111021.9903586,0.000055677
experiment_name,8bd2aa66-3306-40bf-a6ac-0b1e7aa51fcf,function_execution_time,1779111020.1662269,0.00007262
experiment_name,8bd2aa66-3306-40bf-a6ac-0b1e7aa51fcf,function_execution_time,1779111020.2676506,0.000176174
experiment_name,8bd2aa66-3306-40bf-a6ac-0b1e7aa51fcf,function_execution_time,1779111020.3689308,0.000070471
experiment_name,8bd2aa66-3306-40bf-a6ac-0b1e7aa51fcf,function_execution_time,1779111020.4703221,0.000079456
experiment_name,8bd2aa66-3306-40bf-a6ac-0b1e7aa51fcf,function_execution_time,1779111020.57156,0.000074699
experiment_name,8bd2aa66-3306-40bf-a6ac-0b1e7aa51fcf,function_execution_time,1779111020.6728942,0.000081998
experiment_name,8bd2aa66-3306-40bf-a6ac-0b1e7aa51fcf,function_execution_time,1779111020.7742145,0.000073177
experiment_name,8bd2aa66-3306-40bf-a6ac-0b1e7aa51fcf,function_execution_time,1779111020.8755498,0.000071692
experiment_name,8bd2aa66-3306-40bf-a6ac-0b1e7aa51fcf,function_execution_time,1779111020.9769063,0.000082769
experiment_name,8bd2aa66-3306-40bf-a6ac-0b1e7aa51fcf,function_execution_time,1779111021.0782354,0.000072982
experiment_name,8bd2aa66-3306-40bf-a6ac-0b1e7aa51fcf,function_execution_time,1779111021.1795778,0.000073295
experiment_name,8bd2aa66-3306-40bf-a6ac-0b1e7aa51fcf,function_execution_time,1779111021.2809618,0.000152378
experiment_name,8bd2aa66-3306-40bf-a6ac-0b1e7aa51fcf,function_execution_time,1779111021.382381,0.000083839
experiment_name,8bd2aa66-3306-40bf-a6ac-0b1e7aa51fcf,function_execution_time,1779111021.4836297,0.000071409
experiment_name,8bd2aa66-3306-40bf-a6ac-0b1e7aa51fcf,function_execution_time,1779111021.5849552,0.00007124
experiment_name,8bd2aa66-3306-40bf-a6ac-0b1e7aa51fcf,function_execution_time,1779111021.6863587,0.000085128
experiment_name,8bd2aa66-3306-40bf-a6ac-0b1e7aa51fcf,function_execution_time,1779111021.7876077,0.000069932
experiment_name,8bd2aa66-3306-40bf-a6ac-0b1e7aa51fcf,function_execution_time,1779111021.8888798,0.000069211
experiment_name,8bd2aa66-3306-40bf-a6ac-0b1e7aa51fcf,function_execution_time,1779111021.9901974,0.000070912
experiment_name,8bd2aa66-3306-40bf-a6ac-0b1e7aa51fcf,function_transfer_time,1779111020.1661446,0.000078715
experiment_name,8bd2aa66-3306-40bf-a6ac-0b1e7aa51fcf,function_transfer_time,1779111020.267473,0.000079459
experiment_name,8bd2aa66-3306-40bf-a6ac-0b1e7aa51fcf,function_transfer_time,1779111020.3688474,0.000081261
experiment_name,8bd2aa66-3306-40bf-a6ac-0b1e7aa51fcf,function_transfer_time,1779111020.470193,0.00008539
experiment_name,8bd2aa66-3306-40bf-a6ac-0b1e7aa51fcf,function_transfer_time,1779111020.5714798,0.000081351
experiment_name,8bd2aa66-3306-40bf-a6ac-0b1e7aa51fcf,function_transfer_time,1779111020.672814,0.000079274
experiment_name,8bd2aa66-3306-40bf-a6ac-0b1e7aa51fcf,function_transfer_time,1779111020.7741315,0.00008213
experiment_name,8bd2aa66-3306-40bf-a6ac-0b1e7aa51fcf,function_transfer_time,1779111020.8754642,0.000085844
experiment_name,8bd2aa66-3306-40bf-a6ac-0b1e7aa51fcf,function_transfer_time,1779111020.9768133,0.000078449
experiment_name,8bd2aa66-3306-40bf-a6ac-0b1e7aa51fcf,function_transfer_time,1779111021.0781512,0.000081734
experiment_name,8bd2aa66-3306-40bf-a6ac-0b1e7aa51fcf,function_transfer_time,1779111021.179497,0.000078212
experiment_name,8bd2aa66-3306-40bf-a6ac-0b1e7aa51fcf,function_transfer_time,1779111021.2808008,0.000077473
experiment_name,8bd2aa66-3306-40bf-a6ac-0b1e7aa51fcf,function_transfer_time,1779111021.382232,0.000078849
experiment_name,8bd2aa66-3306-40bf-a6ac-0b1e7aa51fcf,function_transfer_time,1779111021.4835465,0.000079254
experiment_name,8bd2aa66-3306-40bf-a6ac-0b1e7aa51fcf,function_transfer_time,1779111021.5848725,0.000080904
experiment_name,8bd2aa66-3306-40bf-a6ac-0b1e7aa51fcf,function_transfer_time,1779111021.6862082,0.000077799
experiment_name,8bd2aa66-3306-40bf-a6ac-0b1e7aa51fcf,function_transfer_time,1779111021.787525,0.000087951
experiment_name,8bd2aa66-3306-40bf-a6ac-0b1e7aa51fcf,function_transfer_time,1779111021.8888018,0.000021794
experiment_name,8bd2aa66-3306-40bf-a6ac-0b1e7aa51fcf,function_transfer_time,1779111021.9901166,0.000081622
experiment_name,4066f6ac-82b2-427d-a244-6ca471c0359b,function_transfer_time,1779111020.1663423,0.000142862
experiment_name,4066f6ac-82b2-427d-a244-6ca471c0359b,function_transfer_time,1779111020.2676463,0.000036745
experiment_name,4066f6ac-82b2-427d-a244-6ca471c0359b,function_transfer_time,1779111020.369025,0.000124184
experiment_name,4066f6ac-82b2-427d-a244-6ca471c0359b,function_transfer_time,1779111020.4703462,0.000101071
experiment_name,4066f6ac-82b2-427d-a244-6ca471c0359b,function_transfer_time,1779111020.5716662,0.000130126
experiment_name,4066f6ac-82b2-427d-a244-6ca471c0359b,function_transfer_time,1779111020.6730008,0.000123947
experiment_name,4066f6ac-82b2-427d-a244-6ca471c0359b,function_transfer_time,1779111020.7743194,0.000131348
experiment_name,4066f6ac-82b2-427d-a244-6ca471c0359b,function_transfer_time,1779111020.8756652,0.000144666
experiment_name,4066f6ac-82b2-427d-a244-6ca471c0359b,function_transfer_time,1779111020.976991,0.000119551
experiment_name,4066f6ac-82b2-427d-a244-6ca471c0359b,function_transfer_time,1779111021.0783167,0.000054196
experiment_name,4066f6ac-82b2-427d-a244-6ca471c0359b,function_transfer_time,1779111021.1796725,0.000119921
experiment_name,4066f6ac-82b2-427d-a244-6ca471c0359b,function_transfer_time,1779111021.2809577,0.000031169
experiment_name,4066f6ac-82b2-427d-a244-6ca471c0359b,function_transfer_time,1779111021.382415,0.000123277
experiment_name,4066f6ac-82b2-427d-a244-6ca471c0359b,function_transfer_time,1779111021.4837024,0.000052875
experiment_name,4066f6ac-82b2-427d-a244-6ca471c0359b,function_transfer_time,1779111021.5850718,0.000143113
experiment_name,4066f6ac-82b2-427d-a244-6ca471c0359b,function_transfer_time,1779111021.6863832,0.00012245
experiment_name,4066f6ac-82b2-427d-a244-6ca471c0359b,function_transfer_time,1779111021.7876914,0.000112351
experiment_name,4066f6ac-82b2-427d-a244-6ca471c0359b,function_transfer_time,1779111021.8889656,0.000108956
experiment_name,4066f6ac-82b2-427d-a244-6ca471c0359b,function_transfer_time,1779111021.9903023,0.000129763
experiment_name,8bd2aa66-3306-40bf-a6ac-0b1e7aa51fcf,function_execution_time,1779111022.0916688,0.000179942
experiment_name,8bd2aa66-3306-40bf-a6ac-0b1e7aa51fcf,function_execution_time,1779111022.193365,0.000081547
experiment_name,8bd2aa66-3306-40bf-a6ac-0b1e7aa51fcf,function_execution_time,1779111022.2947645,0.000157461
experiment_name,8bd2aa66-3306-40bf-a6ac-0b1e7aa51fcf,function_execution_time,1779111022.3961422,0.000086301
experiment_name,8bd2aa66-3306-40bf-a6ac-0b1e7aa51fcf,function_execution_time,1779111022.4975512,0.000091381
experiment_name,8bd2aa66-3306-40bf-a6ac-0b1e7aa51fcf,function_execution_time,1779111022.5979564,0.000076651
experiment_name,8bd2aa66-3306-40bf-a6ac-0b1e7aa51fcf,function_execution_time,1779111022.6992166,0.000077718
experiment_name,8bd2aa66-3306-40bf-a6ac-0b1e7aa51fcf,function_execution_time,1779111022.8005395,0.000069709
experiment_name,8bd2aa66-3306-40bf-a6ac-0b1e7aa51fcf,function_execution_time,1779111022.9018211,0.000067325
experiment_name,8bd2aa66-3306-40bf-a6ac-0b1e7aa51fcf,function_execution_time,1779111023.0031798,0.00007624
experiment_name,8bd2aa66-3306-40bf-a6ac-0b1e7aa51fcf,function_execution_time,1779111023.104453,0.00008136
experiment_name,8bd2aa66-3306-40bf-a6ac-0b1e7aa51fcf,function_execution_time,1779111023.2056906,0.000075134
experiment_name,8bd2aa66-3306-40bf-a6ac-0b1e7aa51fcf,function_execution_time,1779111023.3070936,0.000151278
experiment_name,8bd2aa66-3306-40bf-a6ac-0b1e7aa51fcf,function_execution_time,1779111023.4084356,0.000089862
experiment_name,8bd2aa66-3306-40bf-a6ac-0b1e7aa51fcf,function_execution_time,1779111023.5097268,0.000068686
experiment_name,8bd2aa66-3306-40bf-a6ac-0b1e7aa51fcf,function_execution_time,1779111023.6110613,0.000072227
experiment_name,8bd2aa66-3306-40bf-a6ac-0b1e7aa51fcf,function_execution_time,1779111023.7123635,0.000078242
experiment_name,8bd2aa66-3306-40bf-a6ac-0b1e7aa51fcf,function_execution_time,1779111023.8136737,0.000078639
experiment_name,8bd2aa66-3306-40bf-a6ac-0b1e7aa51fcf,function_execution_time,1779111023.9149923,0.000068331
experiment_name,8bd2aa66-3306-40bf-a6ac-0b1e7aa51fcf,function_execution_time,1779111024.016308,0.000068012
experiment_name,4066f6ac-82b2-427d-a244-6ca471c0359b,function_execution_time,1779111022.0917785,0.00017397
experiment_name,4066f6ac-82b2-427d-a244-6ca471c0359b,function_execution_time,1779111022.1935241,0.000056752
experiment_name,4066f6ac-82b2-427d-a244-6ca471c0359b,function_execution_time,1779111022.2948184,0.00005787
experiment_name,4066f6ac-82b2-427d-a244-6ca471c0359b,function_execution_time,1779111022.396237,0.000063618
experiment_name,4066f6ac-82b2-427d-a244-6ca471c0359b,function_execution_time,1779111022.4976199,0.000054609
experiment_name,4066f6ac-82b2-427d-a244-6ca471c0359b,function_execution_time,1779111022.598115,0.00005697
experiment_name,4066f6ac-82b2-427d-a244-6ca471c0359b,function_execution_time,1779111022.6992953,0.00005543
experiment_name,4066f6ac-82b2-427d-a244-6ca471c0359b,function_execution_time,1779111022.8006184,0.000060329
experiment_name,4066f6ac-82b2-427d-a244-6ca471c0359b,function_execution_time,1779111022.9018996,0.000065513
experiment_name,4066f6ac-82b2-427d-a244-6ca471c0359b,function_execution_time,1779111023.0032687,0.000054818
experiment_name,4066f6ac-82b2-427d-a244-6ca471c0359b,function_execution_time,1779111023.1045375,0.000054923
experiment_name,4066f6ac-82b2-427d-a244-6ca471c0359b,function_execution_time,1779111023.2058587,0.000059263
experiment_name,4066f6ac-82b2-427d-a244-6ca471c0359b,function_execution_time,1779111023.3071647,0.000067218
experiment_name,4066f6ac-82b2-427d-a244-6ca471c0359b,function_execution_time,1779111023.4085605,0.0000555
experiment_name,4066f6ac-82b2-427d-a244-6ca471c0359b,function_execution_time,1779111023.5098903,0.000054448
experiment_name,4066f6ac-82b2-427d-a244-6ca471c0359b,function_execution_time,1779111023.6112182,0.0000554
experiment_name,4066f6ac-82b2-427d-a244-6ca471c0359b,function_execution_time,1779111023.712506,0.000058667
experiment_name,4066f6ac-82b2-427d-a244-6ca471c0359b,function_execution_time,1779111023.8138463,0.000062635
experiment_name,4066f6ac-82b2-427d-a244-6ca471c0359b,function_execution_time,1779111023.9151511,0.000054861
experiment_name,4066f6ac-82b2-427d-a244-6ca471c0359b,function_execution_time,1779111024.0164,0.000061182
experiment_name,4066f6ac-82b2-427d-a244-6ca471c0359b,function_transfer_time,1779111022.091577,0.000026633
experiment_name,4066f6ac-82b2-427d-a244-6ca471c0359b,function_transfer_time,1779111022.193467,0.000122073
experiment_name,4066f6ac-82b2-427d-a244-6ca471c0359b,function_transfer_time,1779111022.29476,0.000036034
experiment_name,4066f6ac-82b2-427d-a244-6ca471c0359b,function_transfer_time,1779111022.3961663,0.000110279
experiment_name,4066f6ac-82b2-427d-a244-6ca471c0359b,function_transfer_time,1779111022.497556,0.000096788
experiment_name,4066f6ac-82b2-427d-a244-6ca471c0359b,function_transfer_time,1779111022.5980577,0.000121761
experiment_name,4066f6ac-82b2-427d-a244-6ca471c0359b,function_transfer_time,1779111022.6992376,0.000042698
experiment_name,4066f6ac-82b2-427d-a244-6ca471c0359b,function_transfer_time,1779111022.800613,0.000053798
experiment_name,4066f6ac-82b2-427d-a244-6ca471c0359b,function_transfer_time,1779111022.9018955,0.000052124
experiment_name,4066f6ac-82b2-427d-a244-6ca471c0359b,function_transfer_time,1779111023.00321,0.000112409
experiment_name,4066f6ac-82b2-427d-a244-6ca471c0359b,function_transfer_time,1779111023.104476,0.000114347
experiment_name,4066f6ac-82b2-427d-a244-6ca471c0359b,function_transfer_time,1779111023.205798,0.000130249
experiment_name,4066f6ac-82b2-427d-a244-6ca471c0359b,function_transfer_time,1779111023.3070974,0.000037912
experiment_name,4066f6ac-82b2-427d-a244-6ca471c0359b,function_transfer_time,1779111023.4084976,0.00011105
experiment_name,4066f6ac-82b2-427d-a244-6ca471c0359b,function_transfer_time,1779111023.5098352,0.000134575
experiment_name,4066f6ac-82b2-427d-a244-6ca471c0359b,function_transfer_time,1779111023.6111624,0.000122214
experiment_name,4066f6ac-82b2-427d-a244-6ca471c0359b,function_transfer_time,1779111023.7124333,0.000103176
experiment_name,4066f6ac-82b2-427d-a244-6ca471c0359b,function_transfer_time,1779111023.8137834,0.000126358
experiment_name,4066f6ac-82b2-427d-a244-6ca471c0359b,function_transfer_time,1779111023.9150958,0.000131857
experiment_name,4066f6ac-82b2-427d-a244-6ca471c0359b,function_transfer_time,1779111024.0163805,0.00005592
experiment_name,8bd2aa66-3306-40bf-a6ac-0b1e7aa51fcf,function_transfer_time,1779111022.0914743,0.000020719
experiment_name,8bd2aa66-3306-40bf-a6ac-0b1e7aa51fcf,function_transfer_time,1779111022.1932812,0.000081606
experiment_name,8bd2aa66-3306-40bf-a6ac-0b1e7aa51fcf,function_transfer_time,1779111022.2945952,0.000076706
experiment_name,8bd2aa66-3306-40bf-a6ac-0b1e7aa51fcf,function_transfer_time,1779111022.3959944,0.000083043
experiment_name,8bd2aa66-3306-40bf-a6ac-0b1e7aa51fcf,function_transfer_time,1779111022.4974027,0.000021893
experiment_name,8bd2aa66-3306-40bf-a6ac-0b1e7aa51fcf,function_transfer_time,1779111022.5978787,0.000083869
experiment_name,8bd2aa66-3306-40bf-a6ac-0b1e7aa51fcf,function_transfer_time,1779111022.6991422,0.00002306
experiment_name,8bd2aa66-3306-40bf-a6ac-0b1e7aa51fcf,function_transfer_time,1779111022.800458,0.000082867
experiment_name,8bd2aa66-3306-40bf-a6ac-0b1e7aa51fcf,function_transfer_time,1779111022.9017363,0.000018106
experiment_name,8bd2aa66-3306-40bf-a6ac-0b1e7aa51fcf,function_transfer_time,1779111023.003048,0.00007966
experiment_name,8bd2aa66-3306-40bf-a6ac-0b1e7aa51fcf,function_transfer_time,1779111023.104304,0.000024042
experiment_name,8bd2aa66-3306-40bf-a6ac-0b1e7aa51fcf,function_transfer_time,1779111023.2056108,0.000079791
experiment_name,8bd2aa66-3306-40bf-a6ac-0b1e7aa51fcf,function_transfer_time,1779111023.3069365,0.000081094
experiment_name,8bd2aa66-3306-40bf-a6ac-0b1e7aa51fcf,function_transfer_time,1779111023.4083338,0.000080218
experiment_name,8bd2aa66-3306-40bf-a6ac-0b1e7aa51fcf,function_transfer_time,1779111023.5096474,0.000081483
experiment_name,8bd2aa66-3306-40bf-a6ac-0b1e7aa51fcf,function_transfer_time,1779111023.610986,0.000081202
experiment_name,8bd2aa66-3306-40bf-a6ac-0b1e7aa51fcf,function_transfer_time,1779111023.7122798,0.000078048
experiment_name,8bd2aa66-3306-40bf-a6ac-0b1e7aa51fcf,function_transfer_time,1779111023.8135972,0.000078005
experiment_name,8bd2aa66-3306-40bf-a6ac-0b1e7aa51fcf,function_transfer_time,1779111023.9149108,0.000076201
experiment_name,8bd2aa66-3306-40bf-a6ac-0b1e7aa51fcf,function_transfer_time,1779111024.0162277,0.00008296
experiment_name,4066f6ac-82b2-427d-a244-6ca471c0359b,function_execution_time,1779111024.1169956,0.000147519
experiment_name,4066f6ac-82b2-427d-a244-6ca471c0359b,function_execution_time,1779111024.2183304,0.000065175
experiment_name,4066f6ac-82b2-427d-a244-6ca471c0359b,function_execution_time,1779111024.3196092,0.000055361
experiment_name,4066f6ac-82b2-427d-a244-6ca471c0359b,function_execution_time,1779111024.4199739,0.000056652
experiment_name,4066f6ac-82b2-427d-a244-6ca471c0359b,function_execution_time,1779111024.521243,0.000057719
experiment_name,4066f6ac-82b2-427d-a244-6ca471c0359b,function_execution_time,1779111024.6226642,0.000064233
experiment_name,4066f6ac-82b2-427d-a244-6ca471c0359b,function_execution_time,1779111024.7229028,0.000064734
experiment_name,4066f6ac-82b2-427d-a244-6ca471c0359b,function_execution_time,1779111024.824315,0.000055416
experiment_name,4066f6ac-82b2-427d-a244-6ca471c0359b,function_execution_time,1779111024.9255476,0.000059431
experiment_name,4066f6ac-82b2-427d-a244-6ca471c0359b,function_execution_time,1779111025.0260391,0.000058518
experiment_name,4066f6ac-82b2-427d-a244-6ca471c0359b,function_execution_time,1779111025.1273532,0.000067139
experiment_name,4066f6ac-82b2-427d-a244-6ca471c0359b,function_execution_time,1779111025.2286475,0.000055612
experiment_name,4066f6ac-82b2-427d-a244-6ca471c0359b,function_execution_time,1779111025.3289752,0.000054541
experiment_name,4066f6ac-82b2-427d-a244-6ca471c0359b,function_execution_time,1779111025.4303572,0.000055147
experiment_name,4066f6ac-82b2-427d-a244-6ca471c0359b,function_execution_time,1779111025.5316079,0.000065
experiment_name,4066f6ac-82b2-427d-a244-6ca471c0359b,function_execution_time,1779111025.6320288,0.000069601
experiment_name,4066f6ac-82b2-427d-a244-6ca471c0359b,function_execution_time,1779111025.7333229,0.000057096
experiment_name,4066f6ac-82b2-427d-a244-6ca471c0359b,function_execution_time,1779111025.8346426,0.000057462
experiment_name,4066f6ac-82b2-427d-a244-6ca471c0359b,function_execution_time,1779111025.934985,0.000058055
experiment_name,4066f6ac-82b2-427d-a244-6ca471c0359b,function_execution_time,1779111026.0363348,0.000062899
experiment_name,8bd2aa66-3306-40bf-a6ac-0b1e7aa51fcf,function_execution_time,1779111024.1169066,0.00010895
experiment_name,8bd2aa66-3306-40bf-a6ac-0b1e7aa51fcf,function_execution_time,1779111024.2181523,0.00007361
experiment_name,8bd2aa66-3306-40bf-a6ac-0b1e7aa51fcf,function_execution_time,1779111024.3195603,0.000140027
experiment_name,8bd2aa66-3306-40bf-a6ac-0b1e7aa51fcf,function_execution_time,1779111024.4199052,0.000081641
experiment_name,8bd2aa66-3306-40bf-a6ac-0b1e7aa51fcf,function_execution_time,1779111024.521164,0.000071218
experiment_name,8bd2aa66-3306-40bf-a6ac-0b1e7aa51fcf,function_execution_time,1779111024.622566,0.000087097
experiment_name,8bd2aa66-3306-40bf-a6ac-0b1e7aa51fcf,function_execution_time,1779111024.722812,0.000071555
experiment_name,8bd2aa66-3306-40bf-a6ac-0b1e7aa51fcf,function_execution_time,1779111024.824226,0.000082217
experiment_name,8bd2aa66-3306-40bf-a6ac-0b1e7aa51fcf,function_execution_time,1779111024.9255407,0.000086234
experiment_name,8bd2aa66-3306-40bf-a6ac-0b1e7aa51fcf,function_execution_time,1779111025.0258687,0.000070929
experiment_name,8bd2aa66-3306-40bf-a6ac-0b1e7aa51fcf,function_execution_time,1779111025.1272519,0.000081758
experiment_name,8bd2aa66-3306-40bf-a6ac-0b1e7aa51fcf,function_execution_time,1779111025.2285092,0.000082405
experiment_name,8bd2aa66-3306-40bf-a6ac-0b1e7aa51fcf,function_execution_time,1779111025.3289244,0.000146246
experiment_name,8bd2aa66-3306-40bf-a6ac-0b1e7aa51fcf,function_execution_time,1779111025.4302008,0.000070179
experiment_name,8bd2aa66-3306-40bf-a6ac-0b1e7aa51fcf,function_execution_time,1779111025.5316057,0.000120044
experiment_name,8bd2aa66-3306-40bf-a6ac-0b1e7aa51fcf,function_execution_time,1779111025.6319153,0.000098083
experiment_name,8bd2aa66-3306-40bf-a6ac-0b1e7aa51fcf,function_execution_time,1779111025.733165,0.000078252
experiment_name,8bd2aa66-3306-40bf-a6ac-0b1e7aa51fcf,function_execution_time,1779111025.8345547,0.000098953
experiment_name,8bd2aa66-3306-40bf-a6ac-0b1e7aa51fcf,function_execution_time,1779111025.934818,0.000070213
experiment_name,8bd2aa66-3306-40bf-a6ac-0b1e7aa51fcf,function_execution_time,1779111026.03616,0.000072835
experiment_name,4066f6ac-82b2-427d-a244-6ca471c0359b,function_transfer_time,1779111024.116901,0.000022543
experiment_name,4066f6ac-82b2-427d-a244-6ca471c0359b,function_transfer_time,1779111024.2182598,0.000130451
experiment_name,4066f6ac-82b2-427d-a244-6ca471c0359b,function_transfer_time,1779111024.3195558,0.000030094
experiment_name,4066f6ac-82b2-427d-a244-6ca471c0359b,function_transfer_time,1779111024.4199095,0.000102106
experiment_name,4066f6ac-82b2-427d-a244-6ca471c0359b,function_transfer_time,1779111024.521238,0.000045839
experiment_name,4066f6ac-82b2-427d-a244-6ca471c0359b,function_transfer_time,1779111024.6225963,0.000111642
experiment_name,4066f6ac-82b2-427d-a244-6ca471c0359b,function_transfer_time,1779111024.722881,0.000048502
experiment_name,4066f6ac-82b2-427d-a244-6ca471c0359b,function_transfer_time,1779111024.8242557,0.000115621
experiment_name,4066f6ac-82b2-427d-a244-6ca471c0359b,function_transfer_time,1779111024.9255455,0.000037518
experiment_name,4066f6ac-82b2-427d-a244-6ca471c0359b,function_transfer_time,1779111025.0259807,0.000133122
experiment_name,4066f6ac-82b2-427d-a244-6ca471c0359b,function_transfer_time,1779111025.1272817,0.00013149
experiment_name,4066f6ac-82b2-427d-a244-6ca471c0359b,function_transfer_time,1779111025.228591,0.000100944
experiment_name,4066f6ac-82b2-427d-a244-6ca471c0359b,function_transfer_time,1779111025.3289201,0.000033585
experiment_name,4066f6ac-82b2-427d-a244-6ca471c0359b,function_transfer_time,1779111025.4303017,0.000122602
experiment_name,4066f6ac-82b2-427d-a244-6ca471c0359b,function_transfer_time,1779111025.5315921,0.000035425
experiment_name,4066f6ac-82b2-427d-a244-6ca471c0359b,function_transfer_time,1779111025.6319535,0.000135266
experiment_name,4066f6ac-82b2-427d-a244-6ca471c0359b,function_transfer_time,1779111025.7332656,0.000119262
experiment_name,4066f6ac-82b2-427d-a244-6ca471c0359b,function_transfer_time,1779111025.8345778,0.000103583
experiment_name,4066f6ac-82b2-427d-a244-6ca471c0359b,function_transfer_time,1779111025.9349256,0.000131726
experiment_name,4066f6ac-82b2-427d-a244-6ca471c0359b,function_transfer_time,1779111026.0362713,0.000132738
experiment_name,8bd2aa66-3306-40bf-a6ac-0b1e7aa51fcf,function_transfer_time,1779111024.1167624,0.000077939
experiment_name,8bd2aa66-3306-40bf-a6ac-0b1e7aa51fcf,function_transfer_time,1779111024.2180731,0.000085969
experiment_name,8bd2aa66-3306-40bf-a6ac-0b1e7aa51fcf,function_transfer_time,1779111024.3194087,0.000082304
experiment_name,8bd2aa66-3306-40bf-a6ac-0b1e7aa51fcf,function_transfer_time,1779111024.4197612,0.000081192
experiment_name,8bd2aa66-3306-40bf-a6ac-0b1e7aa51fcf,function_transfer_time,1779111024.521087,0.000084533
experiment_name,8bd2aa66-3306-40bf-a6ac-0b1e7aa51fcf,function_transfer_time,1779111024.6224241,0.000080349
experiment_name,8bd2aa66-3306-40bf-a6ac-0b1e7aa51fcf,function_transfer_time,1779111024.7227361,0.000082424
experiment_name,8bd2aa66-3306-40bf-a6ac-0b1e7aa51fcf,function_transfer_time,1779111024.8240821,0.000081604
experiment_name,8bd2aa66-3306-40bf-a6ac-0b1e7aa51fcf,function_transfer_time,1779111024.9253883,0.000079922
experiment_name,8bd2aa66-3306-40bf-a6ac-0b1e7aa51fcf,function_transfer_time,1779111025.0257933,0.000078905
experiment_name,8bd2aa66-3306-40bf-a6ac-0b1e7aa51fcf,function_transfer_time,1779111025.127099,0.000075729
experiment_name,8bd2aa66-3306-40bf-a6ac-0b1e7aa51fcf,function_transfer_time,1779111025.228426,0.000083624
experiment_name,8bd2aa66-3306-40bf-a6ac-0b1e7aa51fcf,function_transfer_time,1779111025.3287675,0.000076256
experiment_name,8bd2aa66-3306-40bf-a6ac-0b1e7aa51fcf,function_transfer_time,1779111025.4301255,0.000078028
experiment_name,8bd2aa66-3306-40bf-a6ac-0b1e7aa51fcf,function_transfer_time,1779111025.5314212,0.000032962
experiment_name,8bd2aa66-3306-40bf-a6ac-0b1e7aa51fcf,function_transfer_time,1779111025.6317508,0.00008577
experiment_name,8bd2aa66-3306-40bf-a6ac-0b1e7aa51fcf,function_transfer_time,1779111025.7330909,0.000085022
experiment_name,8bd2aa66-3306-40bf-a6ac-0b1e7aa51fcf,function_transfer_time,1779111025.8344069,0.000079921
experiment_name,8bd2aa66-3306-40bf-a6ac-0b1e7aa51fcf,function_transfer_time,1779111025.9347386,0.000092542
experiment_name,8bd2aa66-3306-40bf-a6ac-0b1e7aa51fcf,function_transfer_time,1779111026.036084,0.000087206
experiment_name,4066f6ac-82b2-427d-a244-6ca471c0359b,function_execution_time,1779111026.1374137,0.000070296
experiment_name,4066f6ac-82b2-427d-a244-6ca471c0359b,function_execution_time,1779111026.2385929,0.000065787
experiment_name,4066f6ac-82b2-427d-a244-6ca471c0359b,function_execution_time,1779111026.3389452,0.000061741
experiment_name,4066f6ac-82b2-427d-a244-6ca471c0359b,function_execution_time,1779111026.440355,0.000069259
experiment_name,4066f6ac-82b2-427d-a244-6ca471c0359b,function_execution_time,1779111026.5416133,0.000055423
experiment_name,4066f6ac-82b2-427d-a244-6ca471c0359b,function_execution_time,1779111026.6419082,0.000067528
experiment_name,4066f6ac-82b2-427d-a244-6ca471c0359b,function_execution_time,1779111026.7433004,0.000056596
experiment_name,4066f6ac-82b2-427d-a244-6ca471c0359b,function_execution_time,1779111026.8446224,0.000069033
experiment_name,4066f6ac-82b2-427d-a244-6ca471c0359b,function_execution_time,1779111026.9449735,0.000059498
experiment_name,4066f6ac-82b2-427d-a244-6ca471c0359b,function_execution_time,1779111027.0462186,0.000058827
experiment_name,4066f6ac-82b2-427d-a244-6ca471c0359b,function_execution_time,1779111027.1475213,0.000058899
experiment_name,4066f6ac-82b2-427d-a244-6ca471c0359b,function_execution_time,1779111027.2488613,0.000059302
experiment_name,4066f6ac-82b2-427d-a244-6ca471c0359b,function_execution_time,1779111027.3501523,0.000066301
experiment_name,4066f6ac-82b2-427d-a244-6ca471c0359b,function_execution_time,1779111027.451543,0.000058795
experiment_name,4066f6ac-82b2-427d-a244-6ca471c0359b,function_execution_time,1779111027.5528266,0.000055981
experiment_name,4066f6ac-82b2-427d-a244-6ca471c0359b,function_execution_time,1779111027.6541545,0.000057497
experiment_name,4066f6ac-82b2-427d-a244-6ca471c0359b,function_execution_time,1779111027.7555,0.00007643
experiment_name,4066f6ac-82b2-427d-a244-6ca471c0359b,function_execution_time,1779111027.8567219,0.000061515
experiment_name,4066f6ac-82b2-427d-a244-6ca471c0359b,function_execution_time,1779111027.9581301,0.000056257
experiment_name,4066f6ac-82b2-427d-a244-6ca471c0359b,function_execution_time,1779111028.0594783,0.000075227
experiment_name,8bd2aa66-3306-40bf-a6ac-0b1e7aa51fcf,function_execution_time,1779111026.1372192,0.000078885
experiment_name,8bd2aa66-3306-40bf-a6ac-0b1e7aa51fcf,function_execution_time,1779111026.2385318,0.000116989
experiment_name,8bd2aa66-3306-40bf-a6ac-0b1e7aa51fcf,function_execution_time,1779111026.3388855,0.000150973
experiment_name,8bd2aa66-3306-40bf-a6ac-0b1e7aa51fcf,function_execution_time,1779111026.4401736,0.000074218
experiment_name,8bd2aa66-3306-40bf-a6ac-0b1e7aa51fcf,function_execution_time,1779111026.5415394,0.000095001
experiment_name,8bd2aa66-3306-40bf-a6ac-0b1e7aa51fcf,function_execution_time,1779111026.6418095,0.000078305
experiment_name,8bd2aa66-3306-40bf-a6ac-0b1e7aa51fcf,function_execution_time,1779111026.7431333,0.000072472
experiment_name,8bd2aa66-3306-40bf-a6ac-0b1e7aa51fcf,function_execution_time,1779111026.8444953,0.000107901
experiment_name,8bd2aa66-3306-40bf-a6ac-0b1e7aa51fcf,function_execution_time,1779111026.9448721,0.000082523
experiment_name,8bd2aa66-3306-40bf-a6ac-0b1e7aa51fcf,function_execution_time,1779111027.0460477,0.000071683
experiment_name,8bd2aa66-3306-40bf-a6ac-0b1e7aa51fcf,function_execution_time,1779111027.1474504,0.000074706
experiment_name,8bd2aa66-3306-40bf-a6ac-0b1e7aa51fcf,function_execution_time,1779111027.248707,0.000082025
experiment_name,8bd2aa66-3306-40bf-a6ac-0b1e7aa51fcf,function_execution_time,1779111027.3500884,0.000146859
experiment_name,8bd2aa66-3306-40bf-a6ac-0b1e7aa51fcf,function_execution_time,1779111027.4514542,0.000082602
experiment_name,8bd2aa66-3306-40bf-a6ac-0b1e7aa51fcf,function_execution_time,1779111027.552697,0.000081983
experiment_name,8bd2aa66-3306-40bf-a6ac-0b1e7aa51fcf,function_execution_time,1779111027.6540663,0.00007994
experiment_name,8bd2aa66-3306-40bf-a6ac-0b1e7aa51fcf,function_execution_time,1779111027.755316,0.00007521
experiment_name,8bd2aa66-3306-40bf-a6ac-0b1e7aa51fcf,function_execution_time,1779111027.8566337,0.000073601
experiment_name,8bd2aa66-3306-40bf-a6ac-0b1e7aa51fcf,function_execution_time,1779111027.9579737,0.00008203
experiment_name,8bd2aa66-3306-40bf-a6ac-0b1e7aa51fcf,function_execution_time,1779111028.059288,0.000073773
experiment_name,8bd2aa66-3306-40bf-a6ac-0b1e7aa51fcf,function_transfer_time,1779111026.1371374,0.000086217
experiment_name,8bd2aa66-3306-40bf-a6ac-0b1e7aa51fcf,function_transfer_time,1779111026.2384055,0.000024159
experiment_name,8bd2aa66-3306-40bf-a6ac-0b1e7aa51fcf,function_transfer_time,1779111026.3387241,0.000082023
experiment_name,8bd2aa66-3306-40bf-a6ac-0b1e7aa51fcf,function_transfer_time,1779111026.4401004,0.000081561
experiment_name,8bd2aa66-3306-40bf-a6ac-0b1e7aa51fcf,function_transfer_time,1779111026.541385,0.000081196
experiment_name,8bd2aa66-3306-40bf-a6ac-0b1e7aa51fcf,function_transfer_time,1779111026.6417198,0.000081727
experiment_name,8bd2aa66-3306-40bf-a6ac-0b1e7aa51fcf,function_transfer_time,1779111026.7431295,0.000081063
experiment_name,8bd2aa66-3306-40bf-a6ac-0b1e7aa51fcf,function_transfer_time,1779111026.8443818,0.000092865
experiment_name,8bd2aa66-3306-40bf-a6ac-0b1e7aa51fcf,function_transfer_time,1779111026.9447236,0.000082323
experiment_name,8bd2aa66-3306-40bf-a6ac-0b1e7aa51fcf,function_transfer_time,1779111027.0459714,0.000024375
experiment_name,8bd2aa66-3306-40bf-a6ac-0b1e7aa51fcf,function_transfer_time,1779111027.1473036,0.000085274
experiment_name,8bd2aa66-3306-40bf-a6ac-0b1e7aa51fcf,function_transfer_time,1779111027.2486212,0.000079152
experiment_name,8bd2aa66-3306-40bf-a6ac-0b1e7aa51fcf,function_transfer_time,1779111027.3499346,0.000077855
experiment_name,8bd2aa66-3306-40bf-a6ac-0b1e7aa51fcf,function_transfer_time,1779111027.4513242,0.000082639
experiment_name,8bd2aa66-3306-40bf-a6ac-0b1e7aa51fcf,function_transfer_time,1779111027.5526087,0.000082694
experiment_name,8bd2aa66-3306-40bf-a6ac-0b1e7aa51fcf,function_transfer_time,1779111027.653937,0.000083331
experiment_name,8bd2aa66-3306-40bf-a6ac-0b1e7aa51fcf,function_transfer_time,1779111027.7552414,0.000084922
experiment_name,8bd2aa66-3306-40bf-a6ac-0b1e7aa51fcf,function_transfer_time,1779111027.8565557,0.00007607
experiment_name,8bd2aa66-3306-40bf-a6ac-0b1e7aa51fcf,function_transfer_time,1779111027.9578931,0.000082186
experiment_name,8bd2aa66-3306-40bf-a6ac-0b1e7aa51fcf,function_transfer_time,1779111028.05921,0.000080823
experiment_name,4066f6ac-82b2-427d-a244-6ca471c0359b,function_transfer_time,1779111026.1373405,0.000140572
experiment_name,4066f6ac-82b2-427d-a244-6ca471c0359b,function_transfer_time,1779111026.2385268,0.000035187
experiment_name,4066f6ac-82b2-427d-a244-6ca471c0359b,function_transfer_time,1779111026.3388815,0.000035362
experiment_name,4066f6ac-82b2-427d-a244-6ca471c0359b,function_transfer_time,1779111026.4402833,0.000124816
experiment_name,4066f6ac-82b2-427d-a244-6ca471c0359b,function_transfer_time,1779111026.5415447,0.000115404
experiment_name,4066f6ac-82b2-427d-a244-6ca471c0359b,function_transfer_time,1779111026.641835,0.000054582
experiment_name,4066f6ac-82b2-427d-a244-6ca471c0359b,function_transfer_time,1779111026.7432427,0.000126502
experiment_name,4066f6ac-82b2-427d-a244-6ca471c0359b,function_transfer_time,1779111026.8445477,0.000113132
experiment_name,4066f6ac-82b2-427d-a244-6ca471c0359b,function_transfer_time,1779111026.9449096,0.000127861
experiment_name,4066f6ac-82b2-427d-a244-6ca471c0359b,function_transfer_time,1779111027.0461588,0.000131763
experiment_name,4066f6ac-82b2-427d-a244-6ca471c0359b,function_transfer_time,1779111027.1474543,0.000104698
experiment_name,4066f6ac-82b2-427d-a244-6ca471c0359b,function_transfer_time,1779111027.248801,0.000116028
experiment_name,4066f6ac-82b2-427d-a244-6ca471c0359b,function_transfer_time,1779111027.3500845,0.000030689
experiment_name,4066f6ac-82b2-427d-a244-6ca471c0359b,function_transfer_time,1779111027.4514823,0.000100479
experiment_name,4066f6ac-82b2-427d-a244-6ca471c0359b,function_transfer_time,1779111027.5527632,0.000104856
experiment_name,4066f6ac-82b2-427d-a244-6ca471c0359b,function_transfer_time,1779111027.6540928,0.000102571
experiment_name,4066f6ac-82b2-427d-a244-6ca471c0359b,function_transfer_time,1779111027.755421,0.000124641
experiment_name,4066f6ac-82b2-427d-a244-6ca471c0359b,function_transfer_time,1779111027.8567061,0.000047668
experiment_name,4066f6ac-82b2-427d-a244-6ca471c0359b,function_transfer_time,1779111027.9580731,0.000117664
experiment_name,4066f6ac-82b2-427d-a244-6ca471c0359b,function_transfer_time,1779111028.0594015,0.000133902
experiment_name,8bd2aa66-3306-40bf-a6ac-0b1e7aa51fcf,function_execution_time,1779111028.160056,0.000070806
experiment_name,8bd2aa66-3306-40bf-a6ac-0b1e7aa51fcf,function_execution_time,1779111028.261526,0.000089683
experiment_name,8bd2aa66-3306-40bf-a6ac-0b1e7aa51fcf,function_execution_time,1779111028.3619468,0.000161182
experiment_name,8bd2aa66-3306-40bf-a6ac-0b1e7aa51fcf,function_execution_time,1779111028.4632933,0.000094098
experiment_name,8bd2aa66-3306-40bf-a6ac-0b1e7aa51fcf,function_execution_time,1779111028.5645933,0.00009683
experiment_name,8bd2aa66-3306-40bf-a6ac-0b1e7aa51fcf,function_execution_time,1779111028.6660147,0.000092835
experiment_name,8bd2aa66-3306-40bf-a6ac-0b1e7aa51fcf,function_execution_time,1779111028.767247,0.000076458
experiment_name,8bd2aa66-3306-40bf-a6ac-0b1e7aa51fcf,function_execution_time,1779111028.8685703,0.000075552
experiment_name,8bd2aa66-3306-40bf-a6ac-0b1e7aa51fcf,function_execution_time,1779111028.969881,0.000083006
experiment_name,8bd2aa66-3306-40bf-a6ac-0b1e7aa51fcf,function_execution_time,1779111029.0713856,0.000072
experiment_name,8bd2aa66-3306-40bf-a6ac-0b1e7aa51fcf,function_execution_time,1779111029.1727304,0.000071694
experiment_name,8bd2aa66-3306-40bf-a6ac-0b1e7aa51fcf,function_execution_time,1779111029.274045,0.000077334
experiment_name,8bd2aa66-3306-40bf-a6ac-0b1e7aa51fcf,function_execution_time,1779111029.3754606,0.000161943
experiment_name,8bd2aa66-3306-40bf-a6ac-0b1e7aa51fcf,function_execution_time,1779111029.4758193,0.000075519
experiment_name,8bd2aa66-3306-40bf-a6ac-0b1e7aa51fcf,function_execution_time,1779111029.5771923,0.000069781
experiment_name,8bd2aa66-3306-40bf-a6ac-0b1e7aa51fcf,function_execution_time,1779111029.6785805,0.000116712
experiment_name,8bd2aa66-3306-40bf-a6ac-0b1e7aa51fcf,function_execution_time,1779111029.7789946,0.000074907
experiment_name,8bd2aa66-3306-40bf-a6ac-0b1e7aa51fcf,function_execution_time,1779111029.88033,0.000078319
experiment_name,8bd2aa66-3306-40bf-a6ac-0b1e7aa51fcf,function_execution_time,1779111029.981635,0.00008111
experiment_name,8bd2aa66-3306-40bf-a6ac-0b1e7aa51fcf,function_execution_time,1779111030.0828807,0.000071202
experiment_name,4066f6ac-82b2-427d-a244-6ca471c0359b,function_execution_time,1779111028.1601965,0.000063985
experiment_name,4066f6ac-82b2-427d-a244-6ca471c0359b,function_execution_time,1779111028.2616925,0.00005962
experiment_name,4066f6ac-82b2-427d-a244-6ca471c0359b,function_execution_time,1779111028.362002,0.000059053
experiment_name,4066f6ac-82b2-427d-a244-6ca471c0359b,function_execution_time,1779111028.463506,0.000081994
experiment_name,4066f6ac-82b2-427d-a244-6ca471c0359b,function_execution_time,1779111028.5646973,0.000070597
experiment_name,4066f6ac-82b2-427d-a244-6ca471c0359b,function_execution_time,1779111028.6661096,0.000058188
experiment_name,4066f6ac-82b2-427d-a244-6ca471c0359b,function_execution_time,1779111028.7674081,0.000057
experiment_name,4066f6ac-82b2-427d-a244-6ca471c0359b,function_execution_time,1779111028.8687418,0.000064506
experiment_name,4066f6ac-82b2-427d-a244-6ca471c0359b,function_execution_time,1779111028.9700532,0.000059064
experiment_name,4066f6ac-82b2-427d-a244-6ca471c0359b,function_execution_time,1779111029.0715299,0.000058654
experiment_name,4066f6ac-82b2-427d-a244-6ca471c0359b,function_execution_time,1779111029.1728785,0.000061545
experiment_name,4066f6ac-82b2-427d-a244-6ca471c0359b,function_execution_time,1779111029.2742126,0.000066288
experiment_name,4066f6ac-82b2-427d-a244-6ca471c0359b,function_execution_time,1779111029.3755133,0.000055702
experiment_name,4066f6ac-82b2-427d-a244-6ca471c0359b,function_execution_time,1779111029.4759102,0.000059052
experiment_name,4066f6ac-82b2-427d-a244-6ca471c0359b,function_execution_time,1779111029.5773497,0.00005525
experiment_name,4066f6ac-82b2-427d-a244-6ca471c0359b,function_execution_time,1779111029.6786733,0.000131087
experiment_name,4066f6ac-82b2-427d-a244-6ca471c0359b,function_execution_time,1779111029.7791603,0.000064123
experiment_name,4066f6ac-82b2-427d-a244-6ca471c0359b,function_execution_time,1779111029.8804255,0.000062762
experiment_name,4066f6ac-82b2-427d-a244-6ca471c0359b,function_execution_time,1779111029.981733,0.000066292
experiment_name,4066f6ac-82b2-427d-a244-6ca471c0359b,function_execution_time,1779111030.082964,0.000055345
experiment_name,8bd2aa66-3306-40bf-a6ac-0b1e7aa51fcf,function_transfer_time,1779111028.1599777,0.000019136
experiment_name,8bd2aa66-3306-40bf-a6ac-0b1e7aa51fcf,function_transfer_time,1779111028.2614393,0.000085334
experiment_name,8bd2aa66-3306-40bf-a6ac-0b1e7aa51fcf,function_transfer_time,1779111028.361774,0.000078802
experiment_name,8bd2aa66-3306-40bf-a6ac-0b1e7aa51fcf,function_transfer_time,1779111028.4631999,0.000094053
experiment_name,8bd2aa66-3306-40bf-a6ac-0b1e7aa51fcf,function_transfer_time,1779111028.5644991,0.000035025
experiment_name,8bd2aa66-3306-40bf-a6ac-0b1e7aa51fcf,function_transfer_time,1779111028.6658638,0.000081913
experiment_name,8bd2aa66-3306-40bf-a6ac-0b1e7aa51fcf,function_transfer_time,1779111028.7671707,0.000079017
experiment_name,8bd2aa66-3306-40bf-a6ac-0b1e7aa51fcf,function_transfer_time,1779111028.8684962,0.000074737
experiment_name,8bd2aa66-3306-40bf-a6ac-0b1e7aa51fcf,function_transfer_time,1779111028.9698014,0.000076474
experiment_name,8bd2aa66-3306-40bf-a6ac-0b1e7aa51fcf,function_transfer_time,1779111029.0713022,0.000083942
experiment_name,8bd2aa66-3306-40bf-a6ac-0b1e7aa51fcf,function_transfer_time,1779111029.1726468,0.000081955
experiment_name,8bd2aa66-3306-40bf-a6ac-0b1e7aa51fcf,function_transfer_time,1779111029.2739668,0.000077591
experiment_name,8bd2aa66-3306-40bf-a6ac-0b1e7aa51fcf,function_transfer_time,1779111029.3752902,0.000074791
experiment_name,8bd2aa66-3306-40bf-a6ac-0b1e7aa51fcf,function_transfer_time,1779111029.4757464,0.000074567
experiment_name,8bd2aa66-3306-40bf-a6ac-0b1e7aa51fcf,function_transfer_time,1779111029.5771124,0.000075204
experiment_name,8bd2aa66-3306-40bf-a6ac-0b1e7aa51fcf,function_transfer_time,1779111029.6784606,0.000080756
experiment_name,8bd2aa66-3306-40bf-a6ac-0b1e7aa51fcf,function_transfer_time,1779111029.7789166,0.000082846
experiment_name,8bd2aa66-3306-40bf-a6ac-0b1e7aa51fcf,function_transfer_time,1779111029.8801997,0.00001891
experiment_name,8bd2aa66-3306-40bf-a6ac-0b1e7aa51fcf,function_transfer_time,1779111029.9814992,0.000086725
experiment_name,8bd2aa66-3306-40bf-a6ac-0b1e7aa51fcf,function_transfer_time,1779111030.082801,0.000074477
experiment_name,4066f6ac-82b2-427d-a244-6ca471c0359b,function_transfer_time,1779111028.1601262,0.000101084
experiment_name,4066f6ac-82b2-427d-a244-6ca471c0359b,function_transfer_time,1779111028.2616315,0.000134893
experiment_name,4066f6ac-82b2-427d-a244-6ca471c0359b,function_transfer_time,1779111028.3619425,0.000036366
experiment_name,4066f6ac-82b2-427d-a244-6ca471c0359b,function_transfer_time,1779111028.46342,0.000148553
experiment_name,4066f6ac-82b2-427d-a244-6ca471c0359b,function_transfer_time,1779111028.5646248,0.000056993
experiment_name,4066f6ac-82b2-427d-a244-6ca471c0359b,function_transfer_time,1779111028.666045,0.000112456
experiment_name,4066f6ac-82b2-427d-a244-6ca471c0359b,function_transfer_time,1779111028.7673504,0.000124515
experiment_name,4066f6ac-82b2-427d-a244-6ca471c0359b,function_transfer_time,1779111028.8686767,0.000124446
experiment_name,4066f6ac-82b2-427d-a244-6ca471c0359b,function_transfer_time,1779111028.969994,0.000136005
experiment_name,4066f6ac-82b2-427d-a244-6ca471c0359b,function_transfer_time,1779111029.0714772,0.000114503
experiment_name,4066f6ac-82b2-427d-a244-6ca471c0359b,function_transfer_time,1779111029.1728253,0.000113104
experiment_name,4066f6ac-82b2-427d-a244-6ca471c0359b,function_transfer_time,1779111029.2741454,0.000122331
experiment_name,4066f6ac-82b2-427d-a244-6ca471c0359b,function_transfer_time,1779111029.3754568,0.000039208
experiment_name,4066f6ac-82b2-427d-a244-6ca471c0359b,function_transfer_time,1779111029.475905,0.000040379
experiment_name,4066f6ac-82b2-427d-a244-6ca471c0359b,function_transfer_time,1779111029.5772936,0.000127255
experiment_name,4066f6ac-82b2-427d-a244-6ca471c0359b,function_transfer_time,1779111029.678538,0.000025785
experiment_name,4066f6ac-82b2-427d-a244-6ca471c0359b,function_transfer_time,1779111029.7790954,0.000122501
experiment_name,4066f6ac-82b2-427d-a244-6ca471c0359b,function_transfer_time,1779111029.8803587,0.000105823
experiment_name,4066f6ac-82b2-427d-a244-6ca471c0359b,function_transfer_time,1779111029.9817007,0.000109513
experiment_name,4066f6ac-82b2-427d-a244-6ca471c0359b,function_transfer_time,1779111030.0829077,0.000051564
experiment_name,8bd2aa66-3306-40bf-a6ac-0b1e7aa51fcf,function_execution_time,1779111030.1846585,0.000092602
experiment_name,8bd2aa66-3306-40bf-a6ac-0b1e7aa51fcf,function_execution_time,1779111030.2859159,0.000079114
experiment_name,8bd2aa66-3306-40bf-a6ac-0b1e7aa51fcf,function_execution_time,1779111030.387306,0.000162095
experiment_name,8bd2aa66-3306-40bf-a6ac-0b1e7aa51fcf,function_execution_time,1779111030.4886012,0.000083277
experiment_name,8bd2aa66-3306-40bf-a6ac-0b1e7aa51fcf,function_execution_time,1779111030.589955,0.000069804
experiment_name,8bd2aa66-3306-40bf-a6ac-0b1e7aa51fcf,function_execution_time,1779111030.691261,0.00007115
experiment_name,8bd2aa66-3306-40bf-a6ac-0b1e7aa51fcf,function_execution_time,1779111030.7925975,0.000071257
experiment_name,8bd2aa66-3306-40bf-a6ac-0b1e7aa51fcf,function_execution_time,1779111030.893953,0.000084703
experiment_name,8bd2aa66-3306-40bf-a6ac-0b1e7aa51fcf,function_execution_time,1779111030.9952679,0.000072641
experiment_name,8bd2aa66-3306-40bf-a6ac-0b1e7aa51fcf,function_execution_time,1779111031.0965478,0.000070391
experiment_name,8bd2aa66-3306-40bf-a6ac-0b1e7aa51fcf,function_execution_time,1779111031.1979387,0.000087504
experiment_name,8bd2aa66-3306-40bf-a6ac-0b1e7aa51fcf,function_execution_time,1779111031.2991388,0.00007101
experiment_name,8bd2aa66-3306-40bf-a6ac-0b1e7aa51fcf,function_execution_time,1779111031.4005387,0.000144003
experiment_name,8bd2aa66-3306-40bf-a6ac-0b1e7aa51fcf,function_execution_time,1779111031.5007832,0.000070952
experiment_name,8bd2aa66-3306-40bf-a6ac-0b1e7aa51fcf,function_execution_time,1779111031.6021204,0.000080925
experiment_name,8bd2aa66-3306-40bf-a6ac-0b1e7aa51fcf,function_execution_time,1779111031.7033772,0.000078412
experiment_name,8bd2aa66-3306-40bf-a6ac-0b1e7aa51fcf,function_execution_time,1779111031.8046687,0.000072999
experiment_name,8bd2aa66-3306-40bf-a6ac-0b1e7aa51fcf,function_execution_time,1779111031.9059885,0.000082954
experiment_name,8bd2aa66-3306-40bf-a6ac-0b1e7aa51fcf,function_execution_time,1779111032.0071964,0.000071602
experiment_name,4066f6ac-82b2-427d-a244-6ca471c0359b,function_execution_time,1779111030.1847653,0.000064746
experiment_name,4066f6ac-82b2-427d-a244-6ca471c0359b,function_execution_time,1779111030.286037,0.000062684
experiment_name,4066f6ac-82b2-427d-a244-6ca471c0359b,function_execution_time,1779111030.3873677,0.000059313
experiment_name,4066f6ac-82b2-427d-a244-6ca471c0359b,function_execution_time,1779111030.4887521,0.000065817
experiment_name,4066f6ac-82b2-427d-a244-6ca471c0359b,function_execution_time,1779111030.5901234,0.000059118
experiment_name,4066f6ac-82b2-427d-a244-6ca471c0359b,function_execution_time,1779111030.6914523,0.000081833
experiment_name,4066f6ac-82b2-427d-a244-6ca471c0359b,function_execution_time,1779111030.7927785,0.000058883
experiment_name,4066f6ac-82b2-427d-a244-6ca471c0359b,function_execution_time,1779111030.8941286,0.000063304
experiment_name,4066f6ac-82b2-427d-a244-6ca471c0359b,function_execution_time,1779111030.9954226,0.000055118
experiment_name,4066f6ac-82b2-427d-a244-6ca471c0359b,function_execution_time,1779111031.096692,0.000058589
experiment_name,4066f6ac-82b2-427d-a244-6ca471c0359b,function_execution_time,1779111031.1980367,0.00006596
experiment_name,4066f6ac-82b2-427d-a244-6ca471c0359b,function_execution_time,1779111031.2993026,0.000065377
experiment_name,4066f6ac-82b2-427d-a244-6ca471c0359b,function_execution_time,1779111031.4005995,0.000056588
experiment_name,4066f6ac-82b2-427d-a244-6ca471c0359b,function_execution_time,1779111031.5009284,0.000055329
experiment_name,4066f6ac-82b2-427d-a244-6ca471c0359b,function_execution_time,1779111031.6022828,0.000063544
experiment_name,4066f6ac-82b2-427d-a244-6ca471c0359b,function_execution_time,1779111031.7035136,0.000058142
experiment_name,4066f6ac-82b2-427d-a244-6ca471c0359b,function_execution_time,1779111031.804813,0.000055321
experiment_name,4066f6ac-82b2-427d-a244-6ca471c0359b,function_execution_time,1779111031.9060805,0.000055279
experiment_name,4066f6ac-82b2-427d-a244-6ca471c0359b,function_execution_time,1779111032.0073736,0.000062501
experiment_name,4066f6ac-82b2-427d-a244-6ca471c0359b,function_transfer_time,1779111030.1846955,0.000120562
experiment_name,4066f6ac-82b2-427d-a244-6ca471c0359b,function_transfer_time,1779111030.285969,0.000086713
experiment_name,4066f6ac-82b2-427d-a244-6ca471c0359b,function_transfer_time,1779111030.38731,0.000037931
experiment_name,4066f6ac-82b2-427d-a244-6ca471c0359b,function_transfer_time,1779111030.488708,0.00011172
experiment_name,4066f6ac-82b2-427d-a244-6ca471c0359b,function_transfer_time,1779111030.5900633,0.000135908
experiment_name,4066f6ac-82b2-427d-a244-6ca471c0359b,function_transfer_time,1779111030.6913688,0.000135038
experiment_name,4066f6ac-82b2-427d-a244-6ca471c0359b,function_transfer_time,1779111030.792719,0.000146757
experiment_name,4066f6ac-82b2-427d-a244-6ca471c0359b,function_transfer_time,1779111030.8940647,0.000135401
experiment_name,4066f6ac-82b2-427d-a244-6ca471c0359b,function_transfer_time,1779111030.995367,0.000124678
experiment_name,4066f6ac-82b2-427d-a244-6ca471c0359b,function_transfer_time,1779111031.0966325,0.000111094
experiment_name,4066f6ac-82b2-427d-a244-6ca471c0359b,function_transfer_time,1779111031.1979663,0.00013242
experiment_name,4066f6ac-82b2-427d-a244-6ca471c0359b,function_transfer_time,1779111031.2992532,0.000126855
experiment_name,4066f6ac-82b2-427d-a244-6ca471c0359b,function_transfer_time,1779111031.4005425,0.000033739
experiment_name,4066f6ac-82b2-427d-a244-6ca471c0359b,function_transfer_time,1779111031.5008724,0.000113242
experiment_name,4066f6ac-82b2-427d-a244-6ca471c0359b,function_transfer_time,1779111031.602219,0.00011919
experiment_name,4066f6ac-82b2-427d-a244-6ca471c0359b,function_transfer_time,1779111031.703449,0.000103889
experiment_name,4066f6ac-82b2-427d-a244-6ca471c0359b,function_transfer_time,1779111031.8047569,0.000106842
experiment_name,4066f6ac-82b2-427d-a244-6ca471c0359b,function_transfer_time,1779111031.9060185,0.000124715
experiment_name,4066f6ac-82b2-427d-a244-6ca471c0359b,function_transfer_time,1779111032.0073106,0.000148369
experiment_name,8bd2aa66-3306-40bf-a6ac-0b1e7aa51fcf,function_transfer_time,1779111030.184509,0.00008496
experiment_name,8bd2aa66-3306-40bf-a6ac-0b1e7aa51fcf,function_transfer_time,1779111030.285832,0.000082002
experiment_name,8bd2aa66-3306-40bf-a6ac-0b1e7aa51fcf,function_transfer_time,1779111030.3871386,0.000077083
experiment_name,8bd2aa66-3306-40bf-a6ac-0b1e7aa51fcf,function_transfer_time,1779111030.488522,0.000086879
experiment_name,8bd2aa66-3306-40bf-a6ac-0b1e7aa51fcf,function_transfer_time,1779111030.5898733,0.000087528
experiment_name,8bd2aa66-3306-40bf-a6ac-0b1e7aa51fcf,function_transfer_time,1779111030.6911788,0.000082192
experiment_name,8bd2aa66-3306-40bf-a6ac-0b1e7aa51fcf,function_transfer_time,1779111030.792516,0.000085091
experiment_name,8bd2aa66-3306-40bf-a6ac-0b1e7aa51fcf,function_transfer_time,1779111030.8938618,0.000080505
experiment_name,8bd2aa66-3306-40bf-a6ac-0b1e7aa51fcf,function_transfer_time,1779111030.995188,0.00008078
experiment_name,8bd2aa66-3306-40bf-a6ac-0b1e7aa51fcf,function_transfer_time,1779111031.0964668,0.000031459
experiment_name,8bd2aa66-3306-40bf-a6ac-0b1e7aa51fcf,function_transfer_time,1779111031.1977816,0.000083565
experiment_name,8bd2aa66-3306-40bf-a6ac-0b1e7aa51fcf,function_transfer_time,1779111031.2991338,0.000024137
experiment_name,8bd2aa66-3306-40bf-a6ac-0b1e7aa51fcf,function_transfer_time,1779111031.4004018,0.000076734
experiment_name,8bd2aa66-3306-40bf-a6ac-0b1e7aa51fcf,function_transfer_time,1779111031.5007062,0.000022204
experiment_name,8bd2aa66-3306-40bf-a6ac-0b1e7aa51fcf,function_transfer_time,1779111031.602038,0.000077141
experiment_name,8bd2aa66-3306-40bf-a6ac-0b1e7aa51fcf,function_transfer_time,1779111031.7032936,0.000023291
experiment_name,8bd2aa66-3306-40bf-a6ac-0b1e7aa51fcf,function_transfer_time,1779111031.8045955,0.000079475
experiment_name,8bd2aa66-3306-40bf-a6ac-0b1e7aa51fcf,function_transfer_time,1779111031.9058433,0.000022635
experiment_name,8bd2aa66-3306-40bf-a6ac-0b1e7aa51fcf,function_transfer_time,1779111032.0071054,0.000020949
experiment_name,8bd2aa66-3306-40bf-a6ac-0b1e7aa51fcf,function_execution_time,1779111032.1083694,0.000068826
experiment_name,8bd2aa66-3306-40bf-a6ac-0b1e7aa51fcf,function_execution_time,1779111032.2087736,0.000069244
experiment_name,8bd2aa66-3306-40bf-a6ac-0b1e7aa51fcf,function_execution_time,1779111032.3101714,0.000084831
experiment_name,8bd2aa66-3306-40bf-a6ac-0b1e7aa51fcf,function_execution_time,1779111032.4115205,0.000188579
experiment_name,8bd2aa66-3306-40bf-a6ac-0b1e7aa51fcf,function_execution_time,1779111032.511957,0.000078251
experiment_name,8bd2aa66-3306-40bf-a6ac-0b1e7aa51fcf,function_execution_time,1779111032.6132,0.000081896
experiment_name,8bd2aa66-3306-40bf-a6ac-0b1e7aa51fcf,function_execution_time,1779111032.714533,0.000069107
experiment_name,8bd2aa66-3306-40bf-a6ac-0b1e7aa51fcf,function_execution_time,1779111032.815871,0.00007182
experiment_name,8bd2aa66-3306-40bf-a6ac-0b1e7aa51fcf,function_execution_time,1779111032.917176,0.000079556
experiment_name,8bd2aa66-3306-40bf-a6ac-0b1e7aa51fcf,function_execution_time,1779111033.0185237,0.000081884
experiment_name,8bd2aa66-3306-40bf-a6ac-0b1e7aa51fcf,function_execution_time,1779111033.1188254,0.00007212
experiment_name,8bd2aa66-3306-40bf-a6ac-0b1e7aa51fcf,function_execution_time,1779111033.2201617,0.000077864
experiment_name,8bd2aa66-3306-40bf-a6ac-0b1e7aa51fcf,function_execution_time,1779111033.3215635,0.000101073
experiment_name,8bd2aa66-3306-40bf-a6ac-0b1e7aa51fcf,function_execution_time,1779111033.421877,0.000145913
experiment_name,8bd2aa66-3306-40bf-a6ac-0b1e7aa51fcf,function_execution_time,1779111033.5231886,0.000071965
experiment_name,8bd2aa66-3306-40bf-a6ac-0b1e7aa51fcf,function_execution_time,1779111033.6245816,0.000096003
experiment_name,8bd2aa66-3306-40bf-a6ac-0b1e7aa51fcf,function_execution_time,1779111033.724848,0.000073361
experiment_name,8bd2aa66-3306-40bf-a6ac-0b1e7aa51fcf,function_execution_time,1779111033.8261724,0.000072269
experiment_name,8bd2aa66-3306-40bf-a6ac-0b1e7aa51fcf,function_execution_time,1779111033.927511,0.000089553
experiment_name,8bd2aa66-3306-40bf-a6ac-0b1e7aa51fcf,function_execution_time,1779111034.0280402,0.000084485
experiment_name,4066f6ac-82b2-427d-a244-6ca471c0359b,function_execution_time,1779111032.1085103,0.000078467
experiment_name,4066f6ac-82b2-427d-a244-6ca471c0359b,function_execution_time,1779111032.2089126,0.000056551
experiment_name,4066f6ac-82b2-427d-a244-6ca471c0359b,function_execution_time,1779111032.3102605,0.000055949
experiment_name,4066f6ac-82b2-427d-a244-6ca471c0359b,function_execution_time,1779111032.4115813,0.000058338
experiment_name,4066f6ac-82b2-427d-a244-6ca471c0359b,function_execution_time,1779111032.5120468,0.000062262
experiment_name,4066f6ac-82b2-427d-a244-6ca471c0359b,function_execution_time,1779111032.6133654,0.000055261
experiment_name,4066f6ac-82b2-427d-a244-6ca471c0359b,function_execution_time,1779111032.7146847,0.000057879
experiment_name,4066f6ac-82b2-427d-a244-6ca471c0359b,function_execution_time,1779111032.8160386,0.000055537
experiment_name,4066f6ac-82b2-427d-a244-6ca471c0359b,function_execution_time,1779111032.9173443,0.000066256
experiment_name,4066f6ac-82b2-427d-a244-6ca471c0359b,function_execution_time,1779111033.0186903,0.000055102
experiment_name,4066f6ac-82b2-427d-a244-6ca471c0359b,function_execution_time,1779111033.1189947,0.00005884
experiment_name,4066f6ac-82b2-427d-a244-6ca471c0359b,function_execution_time,1779111033.2203336,0.000058233
experiment_name,4066f6ac-82b2-427d-a244-6ca471c0359b,function_execution_time,1779111033.3216643,0.000059535
experiment_name,4066f6ac-82b2-427d-a244-6ca471c0359b,function_execution_time,1779111033.4219372,0.000063936
experiment_name,4066f6ac-82b2-427d-a244-6ca471c0359b,function_execution_time,1779111033.5233366,0.000056402
experiment_name,4066f6ac-82b2-427d-a244-6ca471c0359b,function_execution_time,1779111033.6246805,0.000057234
experiment_name,4066f6ac-82b2-427d-a244-6ca471c0359b,function_execution_time,1779111033.7249293,0.000059652
experiment_name,4066f6ac-82b2-427d-a244-6ca471c0359b,function_execution_time,1779111033.826336,0.000062887
experiment_name,4066f6ac-82b2-427d-a244-6ca471c0359b,function_execution_time,1779111033.927624,0.0000546
experiment_name,4066f6ac-82b2-427d-a244-6ca471c0359b,function_execution_time,1779111034.0280855,0.000060983
experiment_name,8bd2aa66-3306-40bf-a6ac-0b1e7aa51fcf,function_transfer_time,1779111032.108304,0.000016009
experiment_name,8bd2aa66-3306-40bf-a6ac-0b1e7aa51fcf,function_transfer_time,1779111032.2086906,0.000021668
experiment_name,8bd2aa66-3306-40bf-a6ac-0b1e7aa51fcf,function_transfer_time,1779111032.310031,0.000081094
experiment_name,8bd2aa66-3306-40bf-a6ac-0b1e7aa51fcf,function_transfer_time,1779111032.4113262,0.000084321
experiment_name,8bd2aa66-3306-40bf-a6ac-0b1e7aa51fcf,function_transfer_time,1779111032.5118315,0.000078236
experiment_name,8bd2aa66-3306-40bf-a6ac-0b1e7aa51fcf,function_transfer_time,1779111032.6131191,0.000077268
experiment_name,8bd2aa66-3306-40bf-a6ac-0b1e7aa51fcf,function_transfer_time,1779111032.7144542,0.000084923
experiment_name,8bd2aa66-3306-40bf-a6ac-0b1e7aa51fcf,function_transfer_time,1779111032.8157902,0.000077051
experiment_name,8bd2aa66-3306-40bf-a6ac-0b1e7aa51fcf,function_transfer_time,1779111032.9170954,0.000076626
experiment_name,8bd2aa66-3306-40bf-a6ac-0b1e7aa51fcf,function_transfer_time,1779111033.0184393,0.000076715
experiment_name,8bd2aa66-3306-40bf-a6ac-0b1e7aa51fcf,function_transfer_time,1779111033.118746,0.000079431
experiment_name,8bd2aa66-3306-40bf-a6ac-0b1e7aa51fcf,function_transfer_time,1779111033.220085,0.000085414
experiment_name,8bd2aa66-3306-40bf-a6ac-0b1e7aa51fcf,function_transfer_time,1779111033.3214097,0.000085714
experiment_name,8bd2aa66-3306-40bf-a6ac-0b1e7aa51fcf,function_transfer_time,1779111033.421721,0.000078021
experiment_name,8bd2aa66-3306-40bf-a6ac-0b1e7aa51fcf,function_transfer_time,1779111033.5231085,0.000081536
experiment_name,8bd2aa66-3306-40bf-a6ac-0b1e7aa51fcf,function_transfer_time,1779111033.6244266,0.000079016
experiment_name,8bd2aa66-3306-40bf-a6ac-0b1e7aa51fcf,function_transfer_time,1779111033.724769,0.000079741
experiment_name,8bd2aa66-3306-40bf-a6ac-0b1e7aa51fcf,function_transfer_time,1779111033.8260944,0.000085707
experiment_name,8bd2aa66-3306-40bf-a6ac-0b1e7aa51fcf,function_transfer_time,1779111033.9274185,0.000082401
experiment_name,8bd2aa66-3306-40bf-a6ac-0b1e7aa51fcf,function_transfer_time,1779111034.027869,0.00008276
experiment_name,4066f6ac-82b2-427d-a244-6ca471c0359b,function_transfer_time,1779111032.1084263,0.000077516
experiment_name,4066f6ac-82b2-427d-a244-6ca471c0359b,function_transfer_time,1779111032.2088554,0.000111518
experiment_name,4066f6ac-82b2-427d-a244-6ca471c0359b,function_transfer_time,1779111032.3101983,0.000109302
experiment_name,4066f6ac-82b2-427d-a244-6ca471c0359b,function_transfer_time,1779111032.4115245,0.000035742
experiment_name,4066f6ac-82b2-427d-a244-6ca471c0359b,function_transfer_time,1779111032.5119798,0.000097746
experiment_name,4066f6ac-82b2-427d-a244-6ca471c0359b,function_transfer_time,1779111032.6133094,0.000129154
experiment_name,4066f6ac-82b2-427d-a244-6ca471c0359b,function_transfer_time,1779111032.7146256,0.000117609
experiment_name,4066f6ac-82b2-427d-a244-6ca471c0359b,function_transfer_time,1779111032.8159823,0.000137261
experiment_name,4066f6ac-82b2-427d-a244-6ca471c0359b,function_transfer_time,1779111032.9172773,0.000125496
experiment_name,4066f6ac-82b2-427d-a244-6ca471c0359b,function_transfer_time,1779111033.0186346,0.000137618
experiment_name,4066f6ac-82b2-427d-a244-6ca471c0359b,function_transfer_time,1779111033.1189349,0.000133993
experiment_name,4066f6ac-82b2-427d-a244-6ca471c0359b,function_transfer_time,1779111033.2202744,0.000130179
experiment_name,4066f6ac-82b2-427d-a244-6ca471c0359b,function_transfer_time,1779111033.3215976,0.000113365
experiment_name,4066f6ac-82b2-427d-a244-6ca471c0359b,function_transfer_time,1779111033.4218729,0.000033279
experiment_name,4066f6ac-82b2-427d-a244-6ca471c0359b,function_transfer_time,1779111033.5232794,0.000114037
experiment_name,4066f6ac-82b2-427d-a244-6ca471c0359b,function_transfer_time,1779111033.624612,0.000121164
experiment_name,4066f6ac-82b2-427d-a244-6ca471c0359b,function_transfer_time,1779111033.724924,0.000050637
experiment_name,4066f6ac-82b2-427d-a244-6ca471c0359b,function_transfer_time,1779111033.8262734,0.0001239
experiment_name,4066f6ac-82b2-427d-a244-6ca471c0359b,function_transfer_time,1779111033.9275653,0.000086731
experiment_name,4066f6ac-82b2-427d-a244-6ca471c0359b,function_transfer_time,1779111034.0280447,0.000095551
experiment_name,4066f6ac-82b2-427d-a244-6ca471c0359b,function_execution_time,1779111034.129625,0.000063601
experiment_name,4066f6ac-82b2-427d-a244-6ca471c0359b,function_execution_time,1779111034.2299309,0.000072701
experiment_name,4066f6ac-82b2-427d-a244-6ca471c0359b,function_execution_time,1779111034.3312922,0.000055057
experiment_name,4066f6ac-82b2-427d-a244-6ca471c0359b,function_execution_time,1779111034.4326272,0.00005932
experiment_name,4066f6ac-82b2-427d-a244-6ca471c0359b,function_execution_time,1779111034.534021,0.000058998
experiment_name,4066f6ac-82b2-427d-a244-6ca471c0359b,function_execution_time,1779111034.6353476,0.000059551
experiment_name,4066f6ac-82b2-427d-a244-6ca471c0359b,function_execution_time,1779111034.7366948,0.000062206
experiment_name,4066f6ac-82b2-427d-a244-6ca471c0359b,function_execution_time,1779111034.8370016,0.000056098
experiment_name,4066f6ac-82b2-427d-a244-6ca471c0359b,function_execution_time,1779111034.9383476,0.000056786
experiment_name,4066f6ac-82b2-427d-a244-6ca471c0359b,function_execution_time,1779111035.0396588,0.000057575
experiment_name,4066f6ac-82b2-427d-a244-6ca471c0359b,function_execution_time,1779111035.1399834,0.000062362
experiment_name,4066f6ac-82b2-427d-a244-6ca471c0359b,function_execution_time,1779111035.2412913,0.000054836
experiment_name,4066f6ac-82b2-427d-a244-6ca471c0359b,function_execution_time,1779111035.3426223,0.000058548
experiment_name,4066f6ac-82b2-427d-a244-6ca471c0359b,function_execution_time,1779111035.4429533,0.000058563
experiment_name,4066f6ac-82b2-427d-a244-6ca471c0359b,function_execution_time,1779111035.5443242,0.000062884
experiment_name,4066f6ac-82b2-427d-a244-6ca471c0359b,function_execution_time,1779111035.645586,0.000066966
experiment_name,4066f6ac-82b2-427d-a244-6ca471c0359b,function_execution_time,1779111035.7460003,0.000060725
experiment_name,4066f6ac-82b2-427d-a244-6ca471c0359b,function_execution_time,1779111035.847352,0.000064464
experiment_name,4066f6ac-82b2-427d-a244-6ca471c0359b,function_execution_time,1779111035.9486618,0.000058906
experiment_name,4066f6ac-82b2-427d-a244-6ca471c0359b,function_execution_time,1779111036.0489957,0.000059365
experiment_name,8bd2aa66-3306-40bf-a6ac-0b1e7aa51fcf,function_execution_time,1779111034.1295323,0.000094136
experiment_name,8bd2aa66-3306-40bf-a6ac-0b1e7aa51fcf,function_execution_time,1779111034.22983,0.000079057
experiment_name,8bd2aa66-3306-40bf-a6ac-0b1e7aa51fcf,function_execution_time,1779111034.3311384,0.000079208
experiment_name,8bd2aa66-3306-40bf-a6ac-0b1e7aa51fcf,function_execution_time,1779111034.4325647,0.000155215
experiment_name,8bd2aa66-3306-40bf-a6ac-0b1e7aa51fcf,function_execution_time,1779111034.5338461,0.000073064
experiment_name,8bd2aa66-3306-40bf-a6ac-0b1e7aa51fcf,function_execution_time,1779111034.635178,0.000069504
experiment_name,8bd2aa66-3306-40bf-a6ac-0b1e7aa51fcf,function_execution_time,1779111034.7365263,0.000078291
experiment_name,8bd2aa66-3306-40bf-a6ac-0b1e7aa51fcf,function_execution_time,1779111034.8368452,0.000072295
experiment_name,8bd2aa66-3306-40bf-a6ac-0b1e7aa51fcf,function_execution_time,1779111034.9381886,0.000068465
experiment_name,8bd2aa66-3306-40bf-a6ac-0b1e7aa51fcf,function_execution_time,1779111035.0395668,0.000096106
experiment_name,8bd2aa66-3306-40bf-a6ac-0b1e7aa51fcf,function_execution_time,1779111035.1398306,0.000069045
experiment_name,8bd2aa66-3306-40bf-a6ac-0b1e7aa51fcf,function_execution_time,1779111035.241142,0.000072152
experiment_name,8bd2aa66-3306-40bf-a6ac-0b1e7aa51fcf,function_execution_time,1779111035.342537,0.000093238
experiment_name,8bd2aa66-3306-40bf-a6ac-0b1e7aa51fcf,function_execution_time,1779111035.44289,0.000155655
experiment_name,8bd2aa66-3306-40bf-a6ac-0b1e7aa51fcf,function_execution_time,1779111035.5441673,0.000071231
experiment_name,8bd2aa66-3306-40bf-a6ac-0b1e7aa51fcf,function_execution_time,1779111035.645519,0.000112141
experiment_name,8bd2aa66-3306-40bf-a6ac-0b1e7aa51fcf,function_execution_time,1779111035.7459931,0.000081804
experiment_name,8bd2aa66-3306-40bf-a6ac-0b1e7aa51fcf,function_execution_time,1779111035.84718,0.000077737
experiment_name,8bd2aa66-3306-40bf-a6ac-0b1e7aa51fcf,function_execution_time,1779111035.9485738,0.000100136
experiment_name,8bd2aa66-3306-40bf-a6ac-0b1e7aa51fcf,function_execution_time,1779111036.0488286,0.000071818
experiment_name,8bd2aa66-3306-40bf-a6ac-0b1e7aa51fcf,function_transfer_time,1779111034.1293676,0.00008477
experiment_name,8bd2aa66-3306-40bf-a6ac-0b1e7aa51fcf,function_transfer_time,1779111034.2297308,0.000091061
experiment_name,8bd2aa66-3306-40bf-a6ac-0b1e7aa51fcf,function_transfer_time,1779111034.3310547,0.000081663
experiment_name,8bd2aa66-3306-40bf-a6ac-0b1e7aa51fcf,function_transfer_time,1779111034.4324033,0.000083422
experiment_name,8bd2aa66-3306-40bf-a6ac-0b1e7aa51fcf,function_transfer_time,1779111034.5337684,0.00008012
experiment_name,8bd2aa66-3306-40bf-a6ac-0b1e7aa51fcf,function_transfer_time,1779111034.6350958,0.000084673
experiment_name,8bd2aa66-3306-40bf-a6ac-0b1e7aa51fcf,function_transfer_time,1779111034.7364488,0.000081592
experiment_name,8bd2aa66-3306-40bf-a6ac-0b1e7aa51fcf,function_transfer_time,1779111034.836767,0.000082188
experiment_name,8bd2aa66-3306-40bf-a6ac-0b1e7aa51fcf,function_transfer_time,1779111034.9381096,0.000081264
experiment_name,8bd2aa66-3306-40bf-a6ac-0b1e7aa51fcf,function_transfer_time,1779111035.039419,0.000082238
experiment_name,8bd2aa66-3306-40bf-a6ac-0b1e7aa51fcf,function_transfer_time,1779111035.1397502,0.000079697
experiment_name,8bd2aa66-3306-40bf-a6ac-0b1e7aa51fcf,function_transfer_time,1779111035.2410665,0.000081837
experiment_name,8bd2aa66-3306-40bf-a6ac-0b1e7aa51fcf,function_transfer_time,1779111035.3423927,0.000088358
experiment_name,8bd2aa66-3306-40bf-a6ac-0b1e7aa51fcf,function_transfer_time,1779111035.4427285,0.000084822
experiment_name,8bd2aa66-3306-40bf-a6ac-0b1e7aa51fcf,function_transfer_time,1779111035.5440915,0.000078167
experiment_name,8bd2aa66-3306-40bf-a6ac-0b1e7aa51fcf,function_transfer_time,1779111035.6453953,0.000039815
experiment_name,8bd2aa66-3306-40bf-a6ac-0b1e7aa51fcf,function_transfer_time,1779111035.7457724,0.000026972
experiment_name,8bd2aa66-3306-40bf-a6ac-0b1e7aa51fcf,function_transfer_time,1779111035.8470976,0.000085888
experiment_name,8bd2aa66-3306-40bf-a6ac-0b1e7aa51fcf,function_transfer_time,1779111035.9484236,0.000081296
experiment_name,8bd2aa66-3306-40bf-a6ac-0b1e7aa51fcf,function_transfer_time,1779111036.0487463,0.000079259
experiment_name,4066f6ac-82b2-427d-a244-6ca471c0359b,function_transfer_time,1779111034.1295547,0.000129508
experiment_name,4066f6ac-82b2-427d-a244-6ca471c0359b,function_transfer_time,1779111034.229857,0.000066148
experiment_name,4066f6ac-82b2-427d-a244-6ca471c0359b,function_transfer_time,1779111034.331237,0.000126998
experiment_name,4066f6ac-82b2-427d-a244-6ca471c0359b,function_transfer_time,1779111034.4325688,0.000035626
experiment_name,4066f6ac-82b2-427d-a244-6ca471c0359b,function_transfer_time,1779111034.5339608,0.000136607
experiment_name,4066f6ac-82b2-427d-a244-6ca471c0359b,function_transfer_time,1779111034.6352863,0.000136226
experiment_name,4066f6ac-82b2-427d-a244-6ca471c0359b,function_transfer_time,1779111034.7366316,0.000122027
experiment_name,4066f6ac-82b2-427d-a244-6ca471c0359b,function_transfer_time,1779111034.8369448,0.000123349
experiment_name,4066f6ac-82b2-427d-a244-6ca471c0359b,function_transfer_time,1779111034.9382896,0.000126413
experiment_name,4066f6ac-82b2-427d-a244-6ca471c0359b,function_transfer_time,1779111035.0395944,0.000110874
experiment_name,4066f6ac-82b2-427d-a244-6ca471c0359b,function_transfer_time,1779111035.139921,0.000115529
experiment_name,4066f6ac-82b2-427d-a244-6ca471c0359b,function_transfer_time,1779111035.2412357,0.000114415
experiment_name,4066f6ac-82b2-427d-a244-6ca471c0359b,function_transfer_time,1779111035.3425593,0.000101597
experiment_name,4066f6ac-82b2-427d-a244-6ca471c0359b,function_transfer_time,1779111035.442894,0.000038058
experiment_name,4066f6ac-82b2-427d-a244-6ca471c0359b,function_transfer_time,1779111035.544261,0.000115524
experiment_name,4066f6ac-82b2-427d-a244-6ca471c0359b,function_transfer_time,1779111035.6455138,0.000040644
experiment_name,4066f6ac-82b2-427d-a244-6ca471c0359b,function_transfer_time,1779111035.745998,0.000095575
experiment_name,4066f6ac-82b2-427d-a244-6ca471c0359b,function_transfer_time,1779111035.8472862,0.000131296
experiment_name,4066f6ac-82b2-427d-a244-6ca471c0359b,function_transfer_time,1779111035.9485967,0.000097907
experiment_name,4066f6ac-82b2-427d-a244-6ca471c0359b,function_transfer_time,1779111036.0489361,0.000133843
experiment_name,8bd2aa66-3306-40bf-a6ac-0b1e7aa51fcf,function_execution_time,1779111036.1505415,0.000101946
experiment_name,8bd2aa66-3306-40bf-a6ac-0b1e7aa51fcf,function_execution_time,1779111036.2507668,0.000081403
experiment_name,8bd2aa66-3306-40bf-a6ac-0b1e7aa51fcf,function_execution_time,1779111036.3521042,0.000072419
experiment_name,8bd2aa66-3306-40bf-a6ac-0b1e7aa51fcf,function_execution_time,1779111036.453527,0.000186438
experiment_name,8bd2aa66-3306-40bf-a6ac-0b1e7aa51fcf,function_execution_time,1779111036.553831,0.000069734
experiment_name,8bd2aa66-3306-40bf-a6ac-0b1e7aa51fcf,function_execution_time,1779111036.6551292,0.000086401
experiment_name,8bd2aa66-3306-40bf-a6ac-0b1e7aa51fcf,function_execution_time,1779111036.7564049,0.000072718
experiment_name,8bd2aa66-3306-40bf-a6ac-0b1e7aa51fcf,function_execution_time,1779111036.857741,0.000072116
experiment_name,8bd2aa66-3306-40bf-a6ac-0b1e7aa51fcf,function_execution_time,1779111036.959054,0.000078402
experiment_name,8bd2aa66-3306-40bf-a6ac-0b1e7aa51fcf,function_execution_time,1779111037.0603883,0.000070844
experiment_name,8bd2aa66-3306-40bf-a6ac-0b1e7aa51fcf,function_execution_time,1779111037.161709,0.000078671
experiment_name,8bd2aa66-3306-40bf-a6ac-0b1e7aa51fcf,function_execution_time,1779111037.2630134,0.000070397
experiment_name,8bd2aa66-3306-40bf-a6ac-0b1e7aa51fcf,function_execution_time,1779111037.3643477,0.000080052
experiment_name,8bd2aa66-3306-40bf-a6ac-0b1e7aa51fcf,function_execution_time,1779111037.4656782,0.000141243
experiment_name,8bd2aa66-3306-40bf-a6ac-0b1e7aa51fcf,function_execution_time,1779111037.5669746,0.000069359
experiment_name,8bd2aa66-3306-40bf-a6ac-0b1e7aa51fcf,function_execution_time,1779111037.668235,0.000081506
experiment_name,8bd2aa66-3306-40bf-a6ac-0b1e7aa51fcf,function_execution_time,1779111037.7696126,0.000070721
experiment_name,8bd2aa66-3306-40bf-a6ac-0b1e7aa51fcf,function_execution_time,1779111037.8709579,0.000069913
experiment_name,8bd2aa66-3306-40bf-a6ac-0b1e7aa51fcf,function_execution_time,1779111037.9722743,0.000071194
experiment_name,8bd2aa66-3306-40bf-a6ac-0b1e7aa51fcf,function_execution_time,1779111038.0736196,0.000083861
experiment_name,4066f6ac-82b2-427d-a244-6ca471c0359b,function_execution_time,1779111036.1506047,0.000058977
experiment_name,4066f6ac-82b2-427d-a244-6ca471c0359b,function_execution_time,1779111036.2509346,0.000065675
experiment_name,4066f6ac-82b2-427d-a244-6ca471c0359b,function_execution_time,1779111036.3522618,0.000056484
experiment_name,4066f6ac-82b2-427d-a244-6ca471c0359b,function_execution_time,1779111036.4535894,0.00006004
experiment_name,4066f6ac-82b2-427d-a244-6ca471c0359b,function_execution_time,1779111036.5539973,0.000060054
experiment_name,4066f6ac-82b2-427d-a244-6ca471c0359b,function_execution_time,1779111036.6551907,0.000064217
experiment_name,4066f6ac-82b2-427d-a244-6ca471c0359b,function_execution_time,1779111036.756561,0.000054917
experiment_name,4066f6ac-82b2-427d-a244-6ca471c0359b,function_execution_time,1779111036.8578975,0.000054794
experiment_name,4066f6ac-82b2-427d-a244-6ca471c0359b,function_execution_time,1779111036.9592125,0.000054438
experiment_name,4066f6ac-82b2-427d-a244-6ca471c0359b,function_execution_time,1779111037.0605404,0.000055905
experiment_name,4066f6ac-82b2-427d-a244-6ca471c0359b,function_execution_time,1779111037.1618538,0.000066265
experiment_name,4066f6ac-82b2-427d-a244-6ca471c0359b,function_execution_time,1779111037.263185,0.000058231
experiment_name,4066f6ac-82b2-427d-a244-6ca471c0359b,function_execution_time,1779111037.3645225,0.000057437
experiment_name,4066f6ac-82b2-427d-a244-6ca471c0359b,function_execution_time,1779111037.4657466,0.000056509
experiment_name,4066f6ac-82b2-427d-a244-6ca471c0359b,function_execution_time,1779111037.5671453,0.000061673
experiment_name,4066f6ac-82b2-427d-a244-6ca471c0359b,function_execution_time,1779111037.6683154,0.000057139
experiment_name,4066f6ac-82b2-427d-a244-6ca471c0359b,function_execution_time,1779111037.769686,0.000056628
experiment_name,4066f6ac-82b2-427d-a244-6ca471c0359b,function_execution_time,1779111037.871032,0.000056598
experiment_name,4066f6ac-82b2-427d-a244-6ca471c0359b,function_execution_time,1779111037.9723475,0.000057555
experiment_name,4066f6ac-82b2-427d-a244-6ca471c0359b,function_execution_time,1779111038.073713,0.000070327
experiment_name,4066f6ac-82b2-427d-a244-6ca471c0359b,function_transfer_time,1779111036.1505456,0.000113588
experiment_name,4066f6ac-82b2-427d-a244-6ca471c0359b,function_transfer_time,1779111036.2508683,0.000131648
experiment_name,4066f6ac-82b2-427d-a244-6ca471c0359b,function_transfer_time,1779111036.3522048,0.00012392
experiment_name,4066f6ac-82b2-427d-a244-6ca471c0359b,function_transfer_time,1779111036.4535315,0.000036605
experiment_name,4066f6ac-82b2-427d-a244-6ca471c0359b,function_transfer_time,1779111036.5539362,0.000134086
experiment_name,4066f6ac-82b2-427d-a244-6ca471c0359b,function_transfer_time,1779111036.655125,0.000028719
experiment_name,4066f6ac-82b2-427d-a244-6ca471c0359b,function_transfer_time,1779111036.7565055,0.000122924
experiment_name,4066f6ac-82b2-427d-a244-6ca471c0359b,function_transfer_time,1779111036.857842,0.000121815
experiment_name,4066f6ac-82b2-427d-a244-6ca471c0359b,function_transfer_time,1779111036.9591575,0.000133952
experiment_name,4066f6ac-82b2-427d-a244-6ca471c0359b,function_transfer_time,1779111037.060484,0.000121355
experiment_name,4066f6ac-82b2-427d-a244-6ca471c0359b,function_transfer_time,1779111037.16178,0.000100753
experiment_name,4066f6ac-82b2-427d-a244-6ca471c0359b,function_transfer_time,1779111037.2631266,0.000142849
experiment_name,4066f6ac-82b2-427d-a244-6ca471c0359b,function_transfer_time,1779111037.3644629,0.000133715
experiment_name,4066f6ac-82b2-427d-a244-6ca471c0359b,function_transfer_time,1779111037.465683,0.000047656
experiment_name,4066f6ac-82b2-427d-a244-6ca471c0359b,function_transfer_time,1779111037.5670831,0.000133196
experiment_name,4066f6ac-82b2-427d-a244-6ca471c0359b,function_transfer_time,1779111037.6682568,0.000050747
experiment_name,4066f6ac-82b2-427d-a244-6ca471c0359b,function_transfer_time,1779111037.7696812,0.000048614
experiment_name,4066f6ac-82b2-427d-a244-6ca471c0359b,function_transfer_time,1779111037.8710282,0.000047537
experiment_name,4066f6ac-82b2-427d-a244-6ca471c0359b,function_transfer_time,1779111037.9723437,0.000047715
experiment_name,4066f6ac-82b2-427d-a244-6ca471c0359b,function_transfer_time,1779111038.0736914,0.000040073
experiment_name,8bd2aa66-3306-40bf-a6ac-0b1e7aa51fcf,function_transfer_time,1779111036.150372,0.000082869
experiment_name,8bd2aa66-3306-40bf-a6ac-0b1e7aa51fcf,function_transfer_time,1779111036.2506814,0.000074846
experiment_name,8bd2aa66-3306-40bf-a6ac-0b1e7aa51fcf,function_transfer_time,1779111036.352026,0.00008703
experiment_name,8bd2aa66-3306-40bf-a6ac-0b1e7aa51fcf,function_transfer_time,1779111036.453335,0.000077848
experiment_name,8bd2aa66-3306-40bf-a6ac-0b1e7aa51fcf,function_transfer_time,1779111036.5537484,0.000081979
experiment_name,8bd2aa66-3306-40bf-a6ac-0b1e7aa51fcf,function_transfer_time,1779111036.6550322,0.000022927
experiment_name,8bd2aa66-3306-40bf-a6ac-0b1e7aa51fcf,function_transfer_time,1779111036.7563272,0.000075343
experiment_name,8bd2aa66-3306-40bf-a6ac-0b1e7aa51fcf,function_transfer_time,1779111036.8576658,0.000081332
experiment_name,8bd2aa66-3306-40bf-a6ac-0b1e7aa51fcf,function_transfer_time,1779111036.9589705,0.000080681
experiment_name,8bd2aa66-3306-40bf-a6ac-0b1e7aa51fcf,function_transfer_time,1779111037.0603077,0.000076153
experiment_name,8bd2aa66-3306-40bf-a6ac-0b1e7aa51fcf,function_transfer_time,1779111037.1616278,0.00008367
experiment_name,8bd2aa66-3306-40bf-a6ac-0b1e7aa51fcf,function_transfer_time,1779111037.262929,0.000078483
experiment_name,8bd2aa66-3306-40bf-a6ac-0b1e7aa51fcf,function_transfer_time,1779111037.3642645,0.000077995
experiment_name,8bd2aa66-3306-40bf-a6ac-0b1e7aa51fcf,function_transfer_time,1779111037.465528,0.000024805
experiment_name,8bd2aa66-3306-40bf-a6ac-0b1e7aa51fcf,function_transfer_time,1779111037.5668962,0.000075494
experiment_name,8bd2aa66-3306-40bf-a6ac-0b1e7aa51fcf,function_transfer_time,1779111037.668151,0.00002385
experiment_name,8bd2aa66-3306-40bf-a6ac-0b1e7aa51fcf,function_transfer_time,1779111037.7695282,0.000076746
experiment_name,8bd2aa66-3306-40bf-a6ac-0b1e7aa51fcf,function_transfer_time,1779111037.8708751,0.000083742
experiment_name,8bd2aa66-3306-40bf-a6ac-0b1e7aa51fcf,function_transfer_time,1779111037.9721906,0.000078361
experiment_name,8bd2aa66-3306-40bf-a6ac-0b1e7aa51fcf,function_transfer_time,1779111038.0735388,0.000080031
experiment_name,4066f6ac-82b2-427d-a244-6ca471c0359b,function_execution_time,1779111038.175255,0.00006735
experiment_name,4066f6ac-82b2-427d-a244-6ca471c0359b,function_execution_time,1779111038.276533,0.000054286
experiment_name,4066f6ac-82b2-427d-a244-6ca471c0359b,function_execution_time,1779111038.3778536,0.00012835
experiment_name,4066f6ac-82b2-427d-a244-6ca471c0359b,function_execution_time,1779111038.4790761,0.000060256
experiment_name,4066f6ac-82b2-427d-a244-6ca471c0359b,function_execution_time,1779111038.5804927,0.000080548
experiment_name,4066f6ac-82b2-427d-a244-6ca471c0359b,function_execution_time,1779111038.681745,0.000072871
experiment_name,4066f6ac-82b2-427d-a244-6ca471c0359b,function_execution_time,1779111038.783172,0.000067791
experiment_name,4066f6ac-82b2-427d-a244-6ca471c0359b,function_execution_time,1779111038.8844013,0.000069965
experiment_name,4066f6ac-82b2-427d-a244-6ca471c0359b,function_execution_time,1779111038.9857905,0.000056915
experiment_name,4066f6ac-82b2-427d-a244-6ca471c0359b,function_execution_time,1779111039.0870507,0.000061059
experiment_name,4066f6ac-82b2-427d-a244-6ca471c0359b,function_execution_time,1779111039.18847,0.000074624
experiment_name,4066f6ac-82b2-427d-a244-6ca471c0359b,function_execution_time,1779111039.2897549,0.000061632
experiment_name,4066f6ac-82b2-427d-a244-6ca471c0359b,function_execution_time,1779111039.3910673,0.000069148
experiment_name,4066f6ac-82b2-427d-a244-6ca471c0359b,function_execution_time,1779111039.4923224,0.000058594
experiment_name,4066f6ac-82b2-427d-a244-6ca471c0359b,function_execution_time,1779111039.5936964,0.000057055
experiment_name,4066f6ac-82b2-427d-a244-6ca471c0359b,function_execution_time,1779111039.6949039,0.000070619
experiment_name,4066f6ac-82b2-427d-a244-6ca471c0359b,function_execution_time,1779111039.796255,0.000067848
experiment_name,4066f6ac-82b2-427d-a244-6ca471c0359b,function_execution_time,1779111039.8975058,0.00005563
experiment_name,4066f6ac-82b2-427d-a244-6ca471c0359b,function_execution_time,1779111039.9988623,0.000055728
experiment_name,8bd2aa66-3306-40bf-a6ac-0b1e7aa51fcf,function_execution_time,1779111038.1751635,0.000074585
experiment_name,8bd2aa66-3306-40bf-a6ac-0b1e7aa51fcf,function_execution_time,1779111038.2764559,0.000084385
experiment_name,8bd2aa66-3306-40bf-a6ac-0b1e7aa51fcf,function_execution_time,1779111038.3777854,0.000110351
experiment_name,8bd2aa66-3306-40bf-a6ac-0b1e7aa51fcf,function_execution_time,1779111038.4790168,0.000132745
experiment_name,8bd2aa66-3306-40bf-a6ac-0b1e7aa51fcf,function_execution_time,1779111038.580309,0.000085785
experiment_name,8bd2aa66-3306-40bf-a6ac-0b1e7aa51fcf,function_execution_time,1779111038.681678,0.000114827
experiment_name,8bd2aa66-3306-40bf-a6ac-0b1e7aa51fcf,function_execution_time,1779111038.7830217,0.00010373
experiment_name,8bd2aa66-3306-40bf-a6ac-0b1e7aa51fcf,function_execution_time,1779111038.8843076,0.000080223
experiment_name,8bd2aa66-3306-40bf-a6ac-0b1e7aa51fcf,function_execution_time,1779111038.9856308,0.000077095
experiment_name,8bd2aa66-3306-40bf-a6ac-0b1e7aa51fcf,function_execution_time,1779111039.0870438,0.000087206
experiment_name,8bd2aa66-3306-40bf-a6ac-0b1e7aa51fcf,function_execution_time,1779111039.1882954,0.000074889
experiment_name,8bd2aa66-3306-40bf-a6ac-0b1e7aa51fcf,function_execution_time,1779111039.2895913,0.000078348
experiment_name,8bd2aa66-3306-40bf-a6ac-0b1e7aa51fcf,function_execution_time,1779111039.3909903,0.000092924
experiment_name,8bd2aa66-3306-40bf-a6ac-0b1e7aa51fcf,function_execution_time,1779111039.4922574,0.000141775
experiment_name,8bd2aa66-3306-40bf-a6ac-0b1e7aa51fcf,function_execution_time,1779111039.593537,0.000075787
experiment_name,8bd2aa66-3306-40bf-a6ac-0b1e7aa51fcf,function_execution_time,1779111039.6948085,0.000073819
experiment_name,8bd2aa66-3306-40bf-a6ac-0b1e7aa51fcf,function_execution_time,1779111039.7960997,0.000079086
experiment_name,8bd2aa66-3306-40bf-a6ac-0b1e7aa51fcf,function_execution_time,1779111039.897361,0.000073237
experiment_name,8bd2aa66-3306-40bf-a6ac-0b1e7aa51fcf,function_execution_time,1779111039.9987054,0.000072921
experiment_name,4066f6ac-82b2-427d-a244-6ca471c0359b,function_transfer_time,1779111038.1752317,0.000062124
experiment_name,4066f6ac-82b2-427d-a244-6ca471c0359b,function_transfer_time,1779111038.2764776,0.000055208
experiment_name,4066f6ac-82b2-427d-a244-6ca471c0359b,function_transfer_time,1779111038.3777807,0.000025009
experiment_name,4066f6ac-82b2-427d-a244-6ca471c0359b,function_transfer_time,1779111038.4790127,0.000026075
experiment_name,4066f6ac-82b2-427d-a244-6ca471c0359b,function_transfer_time,1779111038.5804198,0.00013043
experiment_name,4066f6ac-82b2-427d-a244-6ca471c0359b,function_transfer_time,1779111038.6816647,0.000037097
experiment_name,4066f6ac-82b2-427d-a244-6ca471c0359b,function_transfer_time,1779111038.7830963,0.000117632
experiment_name,4066f6ac-82b2-427d-a244-6ca471c0359b,function_transfer_time,1779111038.8843791,0.000045011
experiment_name,4066f6ac-82b2-427d-a244-6ca471c0359b,function_transfer_time,1779111038.9857333,0.000120383
experiment_name,4066f6ac-82b2-427d-a244-6ca471c0359b,function_transfer_time,1779111039.0870488,0.000037707
experiment_name,4066f6ac-82b2-427d-a244-6ca471c0359b,function_transfer_time,1779111039.188394,0.00012468
experiment_name,4066f6ac-82b2-427d-a244-6ca471c0359b,function_transfer_time,1779111039.2896926,0.000125227
experiment_name,4066f6ac-82b2-427d-a244-6ca471c0359b,function_transfer_time,1779111039.3909945,0.000105377
experiment_name,4066f6ac-82b2-427d-a244-6ca471c0359b,function_transfer_time,1779111039.4922616,0.000037239
experiment_name,4066f6ac-82b2-427d-a244-6ca471c0359b,function_transfer_time,1779111039.5936391,0.000120459
experiment_name,4066f6ac-82b2-427d-a244-6ca471c0359b,function_transfer_time,1779111039.694899,0.000054955
experiment_name,4066f6ac-82b2-427d-a244-6ca471c0359b,function_transfer_time,1779111039.7961862,0.000112752
experiment_name,4066f6ac-82b2-427d-a244-6ca471c0359b,function_transfer_time,1779111039.8974497,0.000101629
experiment_name,4066f6ac-82b2-427d-a244-6ca471c0359b,function_transfer_time,1779111039.9988065,0.000119397
experiment_name,8bd2aa66-3306-40bf-a6ac-0b1e7aa51fcf,function_transfer_time,1779111038.1750715,0.000086275
experiment_name,8bd2aa66-3306-40bf-a6ac-0b1e7aa51fcf,function_transfer_time,1779111038.276367,0.000024
experiment_name,8bd2aa66-3306-40bf-a6ac-0b1e7aa51fcf,function_transfer_time,1779111038.377637,0.00002398
experiment_name,8bd2aa66-3306-40bf-a6ac-0b1e7aa51fcf,function_transfer_time,1779111038.4788806,0.000017465
experiment_name,8bd2aa66-3306-40bf-a6ac-0b1e7aa51fcf,function_transfer_time,1779111038.5802186,0.00002651
experiment_name,8bd2aa66-3306-40bf-a6ac-0b1e7aa51fcf,function_transfer_time,1779111038.6815624,0.000095947
experiment_name,8bd2aa66-3306-40bf-a6ac-0b1e7aa51fcf,function_transfer_time,1779111038.7829127,0.000092014
experiment_name,8bd2aa66-3306-40bf-a6ac-0b1e7aa51fcf,function_transfer_time,1779111038.8842282,0.000080776
experiment_name,8bd2aa66-3306-40bf-a6ac-0b1e7aa51fcf,function_transfer_time,1779111038.9855556,0.000084495
experiment_name,8bd2aa66-3306-40bf-a6ac-0b1e7aa51fcf,function_transfer_time,1779111039.0868936,0.000078763
experiment_name,8bd2aa66-3306-40bf-a6ac-0b1e7aa51fcf,function_transfer_time,1779111039.1882102,0.000078931
experiment_name,8bd2aa66-3306-40bf-a6ac-0b1e7aa51fcf,function_transfer_time,1779111039.289507,0.000023082
experiment_name,8bd2aa66-3306-40bf-a6ac-0b1e7aa51fcf,function_transfer_time,1779111039.3908322,0.000085922
experiment_name,8bd2aa66-3306-40bf-a6ac-0b1e7aa51fcf,function_transfer_time,1779111039.4921093,0.000019496
experiment_name,8bd2aa66-3306-40bf-a6ac-0b1e7aa51fcf,function_transfer_time,1779111039.5934627,0.000077544
experiment_name,8bd2aa66-3306-40bf-a6ac-0b1e7aa51fcf,function_transfer_time,1779111039.694729,0.000022833
experiment_name,8bd2aa66-3306-40bf-a6ac-0b1e7aa51fcf,function_transfer_time,1779111039.7960095,0.000018472
experiment_name,8bd2aa66-3306-40bf-a6ac-0b1e7aa51fcf,function_transfer_time,1779111039.8972826,0.00002092
experiment_name,8bd2aa66-3306-40bf-a6ac-0b1e7aa51fcf,function_transfer_time,1779111039.9986317,0.000095424
experiment_name,4066f6ac-82b2-427d-a244-6ca471c0359b,function_execution_time,1779111040.100355,0.000061469
experiment_name,4066f6ac-82b2-427d-a244-6ca471c0359b,function_execution_time,1779111040.201679,0.000062359
experiment_name,4066f6ac-82b2-427d-a244-6ca471c0359b,function_execution_time,1779111040.3029711,0.000060197
experiment_name,4066f6ac-82b2-427d-a244-6ca471c0359b,function_execution_time,1779111040.4043655,0.000065652
experiment_name,4066f6ac-82b2-427d-a244-6ca471c0359b,function_execution_time,1779111040.50568,0.000058498
experiment_name,4066f6ac-82b2-427d-a244-6ca471c0359b,function_execution_time,1779111040.6070085,0.000057332
experiment_name,4066f6ac-82b2-427d-a244-6ca471c0359b,function_execution_time,1779111040.7083566,0.000059144
experiment_name,4066f6ac-82b2-427d-a244-6ca471c0359b,function_execution_time,1779111040.8096492,0.000055861
experiment_name,4066f6ac-82b2-427d-a244-6ca471c0359b,function_execution_time,1779111040.9099889,0.00006446
experiment_name,4066f6ac-82b2-427d-a244-6ca471c0359b,function_execution_time,1779111041.0113456,0.000056145
experiment_name,4066f6ac-82b2-427d-a244-6ca471c0359b,function_execution_time,1779111041.1126635,0.000054936
experiment_name,4066f6ac-82b2-427d-a244-6ca471c0359b,function_execution_time,1779111041.212987,0.000055861
experiment_name,4066f6ac-82b2-427d-a244-6ca471c0359b,function_execution_time,1779111041.3143208,0.000063352
experiment_name,4066f6ac-82b2-427d-a244-6ca471c0359b,function_execution_time,1779111041.4156373,0.000054979
experiment_name,4066f6ac-82b2-427d-a244-6ca471c0359b,function_execution_time,1779111041.51593,0.000055541
experiment_name,4066f6ac-82b2-427d-a244-6ca471c0359b,function_execution_time,1779111041.6173074,0.000055431
experiment_name,4066f6ac-82b2-427d-a244-6ca471c0359b,function_execution_time,1779111041.718599,0.000062874
experiment_name,4066f6ac-82b2-427d-a244-6ca471c0359b,function_execution_time,1779111041.818993,0.000062212
experiment_name,4066f6ac-82b2-427d-a244-6ca471c0359b,function_execution_time,1779111041.9202452,0.000057347
experiment_name,4066f6ac-82b2-427d-a244-6ca471c0359b,function_execution_time,1779111042.021628,0.000054308
experiment_name,8bd2aa66-3306-40bf-a6ac-0b1e7aa51fcf,function_execution_time,1779111040.1002975,0.000089824
experiment_name,8bd2aa66-3306-40bf-a6ac-0b1e7aa51fcf,function_execution_time,1779111040.201632,0.000077369
experiment_name,8bd2aa66-3306-40bf-a6ac-0b1e7aa51fcf,function_execution_time,1779111040.3028886,0.000074311
experiment_name,8bd2aa66-3306-40bf-a6ac-0b1e7aa51fcf,function_execution_time,1779111040.4042702,0.00008405
experiment_name,8bd2aa66-3306-40bf-a6ac-0b1e7aa51fcf,function_execution_time,1779111040.5056264,0.000152242
experiment_name,8bd2aa66-3306-40bf-a6ac-0b1e7aa51fcf,function_execution_time,1779111040.6068473,0.000070466
experiment_name,8bd2aa66-3306-40bf-a6ac-0b1e7aa51fcf,function_execution_time,1779111040.7081842,0.000079984
experiment_name,8bd2aa66-3306-40bf-a6ac-0b1e7aa51fcf,function_execution_time,1779111040.8095112,0.000087481
experiment_name,8bd2aa66-3306-40bf-a6ac-0b1e7aa51fcf,function_execution_time,1779111040.9098418,0.000069834
experiment_name,8bd2aa66-3306-40bf-a6ac-0b1e7aa51fcf,function_execution_time,1779111041.0111887,0.000071205
experiment_name,8bd2aa66-3306-40bf-a6ac-0b1e7aa51fcf,function_execution_time,1779111041.112574,0.000096762
experiment_name,8bd2aa66-3306-40bf-a6ac-0b1e7aa51fcf,function_execution_time,1779111041.2128522,0.000072886
experiment_name,8bd2aa66-3306-40bf-a6ac-0b1e7aa51fcf,function_execution_time,1779111041.314158,0.000073186
experiment_name,8bd2aa66-3306-40bf-a6ac-0b1e7aa51fcf,function_execution_time,1779111041.4155543,0.000094352
experiment_name,8bd2aa66-3306-40bf-a6ac-0b1e7aa51fcf,function_execution_time,1779111041.5158694,0.00013739
experiment_name,8bd2aa66-3306-40bf-a6ac-0b1e7aa51fcf,function_execution_time,1779111041.6171641,0.000071986
experiment_name,8bd2aa66-3306-40bf-a6ac-0b1e7aa51fcf,function_execution_time,1779111041.7185087,0.000089771
experiment_name,8bd2aa66-3306-40bf-a6ac-0b1e7aa51fcf,function_execution_time,1779111041.81883,0.000079293
experiment_name,8bd2aa66-3306-40bf-a6ac-0b1e7aa51fcf,function_execution_time,1779111041.920164,0.00006922
experiment_name,8bd2aa66-3306-40bf-a6ac-0b1e7aa51fcf,function_execution_time,1779111042.0214741,0.000088922
experiment_name,4066f6ac-82b2-427d-a244-6ca471c0359b,function_transfer_time,1779111040.1002934,0.000028875
experiment_name,4066f6ac-82b2-427d-a244-6ca471c0359b,function_transfer_time,1779111040.2016366,0.000085768
experiment_name,4066f6ac-82b2-427d-a244-6ca471c0359b,function_transfer_time,1779111040.3029096,0.000049684
experiment_name,4066f6ac-82b2-427d-a244-6ca471c0359b,function_transfer_time,1779111040.404293,0.000114495
experiment_name,4066f6ac-82b2-427d-a244-6ca471c0359b,function_transfer_time,1779111040.5056214,0.000035644
experiment_name,4066f6ac-82b2-427d-a244-6ca471c0359b,function_transfer_time,1779111040.6069505,0.000129202
experiment_name,4066f6ac-82b2-427d-a244-6ca471c0359b,function_transfer_time,1779111040.7082968,0.000141606
experiment_name,4066f6ac-82b2-427d-a244-6ca471c0359b,function_transfer_time,1779111040.8095922,0.000099153
experiment_name,4066f6ac-82b2-427d-a244-6ca471c0359b,function_transfer_time,1779111040.9099255,0.000111805
experiment_name,4066f6ac-82b2-427d-a244-6ca471c0359b,function_transfer_time,1779111041.0112891,0.000128732
experiment_name,4066f6ac-82b2-427d-a244-6ca471c0359b,function_transfer_time,1779111041.1126037,0.000111788
experiment_name,4066f6ac-82b2-427d-a244-6ca471c0359b,function_transfer_time,1779111041.2129307,0.000101619
experiment_name,4066f6ac-82b2-427d-a244-6ca471c0359b,function_transfer_time,1779111041.3142571,0.000122236
experiment_name,4066f6ac-82b2-427d-a244-6ca471c0359b,function_transfer_time,1779111041.4155784,0.000111912
experiment_name,4066f6ac-82b2-427d-a244-6ca471c0359b,function_transfer_time,1779111041.5158732,0.000033772
experiment_name,4066f6ac-82b2-427d-a244-6ca471c0359b,function_transfer_time,1779111041.6172512,0.000110956
experiment_name,4066f6ac-82b2-427d-a244-6ca471c0359b,function_transfer_time,1779111041.7185826,0.00004536
experiment_name,4066f6ac-82b2-427d-a244-6ca471c0359b,function_transfer_time,1779111041.8189306,0.000123959
experiment_name,4066f6ac-82b2-427d-a244-6ca471c0359b,function_transfer_time,1779111041.920241,0.000052916
experiment_name,4066f6ac-82b2-427d-a244-6ca471c0359b,function_transfer_time,1779111042.0215735,0.000131642
experiment_name,8bd2aa66-3306-40bf-a6ac-0b1e7aa51fcf,function_transfer_time,1779111040.1002092,0.000017728
experiment_name,8bd2aa66-3306-40bf-a6ac-0b1e7aa51fcf,function_transfer_time,1779111040.2014785,0.000024103
experiment_name,8bd2aa66-3306-40bf-a6ac-0b1e7aa51fcf,function_transfer_time,1779111040.3028038,0.000076818
experiment_name,8bd2aa66-3306-40bf-a6ac-0b1e7aa51fcf,function_transfer_time,1779111040.4041188,0.000081475
experiment_name,8bd2aa66-3306-40bf-a6ac-0b1e7aa51fcf,function_transfer_time,1779111040.5054624,0.000083801
experiment_name,8bd2aa66-3306-40bf-a6ac-0b1e7aa51fcf,function_transfer_time,1779111040.6067657,0.000022444
experiment_name,8bd2aa66-3306-40bf-a6ac-0b1e7aa51fcf,function_transfer_time,1779111040.7081003,0.000082732
experiment_name,8bd2aa66-3306-40bf-a6ac-0b1e7aa51fcf,function_transfer_time,1779111040.8094249,0.000081952
experiment_name,8bd2aa66-3306-40bf-a6ac-0b1e7aa51fcf,function_transfer_time,1779111040.9097586,0.00008326
experiment_name,8bd2aa66-3306-40bf-a6ac-0b1e7aa51fcf,function_transfer_time,1779111041.0111046,0.00008061
experiment_name,8bd2aa66-3306-40bf-a6ac-0b1e7aa51fcf,function_transfer_time,1779111041.1124206,0.00008232
experiment_name,8bd2aa66-3306-40bf-a6ac-0b1e7aa51fcf,function_transfer_time,1779111041.2127736,0.000083081
experiment_name,8bd2aa66-3306-40bf-a6ac-0b1e7aa51fcf,function_transfer_time,1779111041.3140793,0.000079701
experiment_name,8bd2aa66-3306-40bf-a6ac-0b1e7aa51fcf,function_transfer_time,1779111041.4154046,0.000078344
experiment_name,8bd2aa66-3306-40bf-a6ac-0b1e7aa51fcf,function_transfer_time,1779111041.5157275,0.000083195
experiment_name,8bd2aa66-3306-40bf-a6ac-0b1e7aa51fcf,function_transfer_time,1779111041.617085,0.000077659
experiment_name,8bd2aa66-3306-40bf-a6ac-0b1e7aa51fcf,function_transfer_time,1779111041.7184203,0.000083189
experiment_name,8bd2aa66-3306-40bf-a6ac-0b1e7aa51fcf,function_transfer_time,1779111041.8187442,0.000086038
experiment_name,8bd2aa66-3306-40bf-a6ac-0b1e7aa51fcf,function_transfer_time,1779111041.9200804,0.000077009
experiment_name,8bd2aa66-3306-40bf-a6ac-0b1e7aa51fcf,function_transfer_time,1779111042.0213869,0.000076656
experiment_name,4066f6ac-82b2-427d-a244-6ca471c0359b,function_execution_time,1779111042.1222281,0.000058782
experiment_name,4066f6ac-82b2-427d-a244-6ca471c0359b,function_execution_time,1779111042.2235284,0.000071209
experiment_name,4066f6ac-82b2-427d-a244-6ca471c0359b,function_execution_time,1779111042.324824,0.000060144
experiment_name,4066f6ac-82b2-427d-a244-6ca471c0359b,function_execution_time,1779111042.426239,0.000056758
experiment_name,4066f6ac-82b2-427d-a244-6ca471c0359b,function_execution_time,1779111042.527573,0.000056587
experiment_name,4066f6ac-82b2-427d-a244-6ca471c0359b,function_execution_time,1779111042.627968,0.000055416
experiment_name,4066f6ac-82b2-427d-a244-6ca471c0359b,function_execution_time,1779111042.7292783,0.000063932
experiment_name,4066f6ac-82b2-427d-a244-6ca471c0359b,function_execution_time,1779111042.8306234,0.000055643
experiment_name,4066f6ac-82b2-427d-a244-6ca471c0359b,function_execution_time,1779111042.9308903,0.000091396
experiment_name,4066f6ac-82b2-427d-a244-6ca471c0359b,function_execution_time,1779111043.0322633,0.000058764
experiment_name,4066f6ac-82b2-427d-a244-6ca471c0359b,function_execution_time,1779111043.1336074,0.000066792
experiment_name,4066f6ac-82b2-427d-a244-6ca471c0359b,function_execution_time,1779111043.234937,0.000059122
experiment_name,4066f6ac-82b2-427d-a244-6ca471c0359b,function_execution_time,1779111043.336238,0.000056093
experiment_name,4066f6ac-82b2-427d-a244-6ca471c0359b,function_execution_time,1779111043.4375243,0.000055895
experiment_name,4066f6ac-82b2-427d-a244-6ca471c0359b,function_execution_time,1779111043.5388243,0.000063673
experiment_name,4066f6ac-82b2-427d-a244-6ca471c0359b,function_execution_time,1779111043.6402154,0.00005556
experiment_name,4066f6ac-82b2-427d-a244-6ca471c0359b,function_execution_time,1779111043.7415152,0.000055119
experiment_name,4066f6ac-82b2-427d-a244-6ca471c0359b,function_execution_time,1779111043.8428583,0.000056064
experiment_name,4066f6ac-82b2-427d-a244-6ca471c0359b,function_execution_time,1779111043.944173,0.000056052
experiment_name,4066f6ac-82b2-427d-a244-6ca471c0359b,function_execution_time,1779111044.045525,0.000063508
experiment_name,8bd2aa66-3306-40bf-a6ac-0b1e7aa51fcf,function_execution_time,1779111042.122222,0.000097092
experiment_name,8bd2aa66-3306-40bf-a6ac-0b1e7aa51fcf,function_execution_time,1779111042.2234614,0.000098917
experiment_name,8bd2aa66-3306-40bf-a6ac-0b1e7aa51fcf,function_execution_time,1779111042.324745,0.000071772
experiment_name,8bd2aa66-3306-40bf-a6ac-0b1e7aa51fcf,function_execution_time,1779111042.4260957,0.000071013
experiment_name,8bd2aa66-3306-40bf-a6ac-0b1e7aa51fcf,function_execution_time,1779111042.5275097,0.000183564
experiment_name,8bd2aa66-3306-40bf-a6ac-0b1e7aa51fcf,function_execution_time,1779111042.627818,0.000070374
experiment_name,8bd2aa66-3306-40bf-a6ac-0b1e7aa51fcf,function_execution_time,1779111042.7291238,0.000074643
experiment_name,8bd2aa66-3306-40bf-a6ac-0b1e7aa51fcf,function_execution_time,1779111042.830536,0.000095893
experiment_name,8bd2aa66-3306-40bf-a6ac-0b1e7aa51fcf,function_execution_time,1779111042.9308586,0.000103879
experiment_name,8bd2aa66-3306-40bf-a6ac-0b1e7aa51fcf,function_execution_time,1779111043.0320914,0.000071646
experiment_name,8bd2aa66-3306-40bf-a6ac-0b1e7aa51fcf,function_execution_time,1779111043.1334481,0.000079251
experiment_name,8bd2aa66-3306-40bf-a6ac-0b1e7aa51fcf,function_execution_time,1779111043.2347648,0.000070995
experiment_name,8bd2aa66-3306-40bf-a6ac-0b1e7aa51fcf,function_execution_time,1779111043.3360806,0.000071907
experiment_name,8bd2aa66-3306-40bf-a6ac-0b1e7aa51fcf,function_execution_time,1779111043.4373667,0.00007337
experiment_name,8bd2aa66-3306-40bf-a6ac-0b1e7aa51fcf,function_execution_time,1779111043.5387585,0.000157412
experiment_name,8bd2aa66-3306-40bf-a6ac-0b1e7aa51fcf,function_execution_time,1779111043.6401339,0.000076989
experiment_name,8bd2aa66-3306-40bf-a6ac-0b1e7aa51fcf,function_execution_time,1779111043.7414167,0.000076031
experiment_name,8bd2aa66-3306-40bf-a6ac-0b1e7aa51fcf,function_execution_time,1779111043.8426971,0.000083482
experiment_name,8bd2aa66-3306-40bf-a6ac-0b1e7aa51fcf,function_execution_time,1779111043.9440172,0.000072272
experiment_name,8bd2aa66-3306-40bf-a6ac-0b1e7aa51fcf,function_execution_time,1779111044.0453482,0.000070521
experiment_name,8bd2aa66-3306-40bf-a6ac-0b1e7aa51fcf,function_transfer_time,1779111042.1220694,0.000077443
experiment_name,8bd2aa66-3306-40bf-a6ac-0b1e7aa51fcf,function_transfer_time,1779111042.2233555,0.000022791
experiment_name,8bd2aa66-3306-40bf-a6ac-0b1e7aa51fcf,function_transfer_time,1779111042.3246632,0.00008177
experiment_name,8bd2aa66-3306-40bf-a6ac-0b1e7aa51fcf,function_transfer_time,1779111042.4260151,0.000079111
experiment_name,8bd2aa66-3306-40bf-a6ac-0b1e7aa51fcf,function_transfer_time,1779111042.527321,0.000078237
experiment_name,8bd2aa66-3306-40bf-a6ac-0b1e7aa51fcf,function_transfer_time,1779111042.627736,0.00007854
experiment_name,8bd2aa66-3306-40bf-a6ac-0b1e7aa51fcf,function_transfer_time,1779111042.7290485,0.0000833
experiment_name,8bd2aa66-3306-40bf-a6ac-0b1e7aa51fcf,function_transfer_time,1779111042.8303845,0.000100536
experiment_name,8bd2aa66-3306-40bf-a6ac-0b1e7aa51fcf,function_transfer_time,1779111042.9307208,0.000081474
experiment_name,8bd2aa66-3306-40bf-a6ac-0b1e7aa51fcf,function_transfer_time,1779111043.032015,0.000080981
experiment_name,8bd2aa66-3306-40bf-a6ac-0b1e7aa51fcf,function_transfer_time,1779111043.133352,0.00008414
experiment_name,8bd2aa66-3306-40bf-a6ac-0b1e7aa51fcf,function_transfer_time,1779111043.2346797,0.000081497
experiment_name,8bd2aa66-3306-40bf-a6ac-0b1e7aa51fcf,function_transfer_time,1779111043.3360038,0.000076202
experiment_name,8bd2aa66-3306-40bf-a6ac-0b1e7aa51fcf,function_transfer_time,1779111043.4372904,0.000080925
experiment_name,8bd2aa66-3306-40bf-a6ac-0b1e7aa51fcf,function_transfer_time,1779111043.5385957,0.000077085
experiment_name,8bd2aa66-3306-40bf-a6ac-0b1e7aa51fcf,function_transfer_time,1779111043.6400042,0.000083933
experiment_name,8bd2aa66-3306-40bf-a6ac-0b1e7aa51fcf,function_transfer_time,1779111043.741288,0.000078174
experiment_name,8bd2aa66-3306-40bf-a6ac-0b1e7aa51fcf,function_transfer_time,1779111043.8426147,0.000083805
experiment_name,8bd2aa66-3306-40bf-a6ac-0b1e7aa51fcf,function_transfer_time,1779111043.943941,0.000083075
experiment_name,8bd2aa66-3306-40bf-a6ac-0b1e7aa51fcf,function_transfer_time,1779111044.0452685,0.000077932
experiment_name,4066f6ac-82b2-427d-a244-6ca471c0359b,function_transfer_time,1779111042.122226,0.000044374
experiment_name,4066f6ac-82b2-427d-a244-6ca471c0359b,function_transfer_time,1779111042.2234573,0.000039236
experiment_name,4066f6ac-82b2-427d-a244-6ca471c0359b,function_transfer_time,1779111042.32482,0.000053777
experiment_name,4066f6ac-82b2-427d-a244-6ca471c0359b,function_transfer_time,1779111042.4261823,0.000112216
experiment_name,4066f6ac-82b2-427d-a244-6ca471c0359b,function_transfer_time,1779111042.5275145,0.000036465
experiment_name,4066f6ac-82b2-427d-a244-6ca471c0359b,function_transfer_time,1779111042.6279123,0.000122117
experiment_name,4066f6ac-82b2-427d-a244-6ca471c0359b,function_transfer_time,1779111042.7292132,0.000111618
experiment_name,4066f6ac-82b2-427d-a244-6ca471c0359b,function_transfer_time,1779111042.8305614,0.000104803
experiment_name,4066f6ac-82b2-427d-a244-6ca471c0359b,function_transfer_time,1779111042.9308522,0.000023374
experiment_name,4066f6ac-82b2-427d-a244-6ca471c0359b,function_transfer_time,1779111043.032204,0.000133383
experiment_name,4066f6ac-82b2-427d-a244-6ca471c0359b,function_transfer_time,1779111043.1335402,0.000133426
experiment_name,4066f6ac-82b2-427d-a244-6ca471c0359b,function_transfer_time,1779111043.2348776,0.000141281
experiment_name,4066f6ac-82b2-427d-a244-6ca471c0359b,function_transfer_time,1779111043.3361816,0.000123577
experiment_name,4066f6ac-82b2-427d-a244-6ca471c0359b,function_transfer_time,1779111043.4374685,0.000122244
experiment_name,4066f6ac-82b2-427d-a244-6ca471c0359b,function_transfer_time,1779111043.5387623,0.000034305
experiment_name,4066f6ac-82b2-427d-a244-6ca471c0359b,function_transfer_time,1779111043.640156,0.00010033
experiment_name,4066f6ac-82b2-427d-a244-6ca471c0359b,function_transfer_time,1779111043.741454,0.000114704
experiment_name,4066f6ac-82b2-427d-a244-6ca471c0359b,function_transfer_time,1779111043.8428025,0.000132353
experiment_name,4066f6ac-82b2-427d-a244-6ca471c0359b,function_transfer_time,1779111043.9441164,0.000121612
experiment_name,4066f6ac-82b2-427d-a244-6ca471c0359b,function_transfer_time,1779111044.0454614,0.000137457
experiment_name,8bd2aa66-3306-40bf-a6ac-0b1e7aa51fcf,function_execution_time,1779111044.1458392,0.000070503
experiment_name,8bd2aa66-3306-40bf-a6ac-0b1e7aa51fcf,function_execution_time,1779111044.2471347,0.000081364
experiment_name,8bd2aa66-3306-40bf-a6ac-0b1e7aa51fcf,function_execution_time,1779111044.3485556,0.000088329
experiment_name,8bd2aa66-3306-40bf-a6ac-0b1e7aa51fcf,function_execution_time,1779111044.4487922,0.000070489
experiment_name,8bd2aa66-3306-40bf-a6ac-0b1e7aa51fcf,function_execution_time,1779111044.550229,0.000162644
experiment_name,8bd2aa66-3306-40bf-a6ac-0b1e7aa51fcf,function_execution_time,1779111044.6515198,0.000084673
experiment_name,8bd2aa66-3306-40bf-a6ac-0b1e7aa51fcf,function_execution_time,1779111044.7518375,0.000070003
experiment_name,8bd2aa66-3306-40bf-a6ac-0b1e7aa51fcf,function_execution_time,1779111044.8531778,0.000075788
experiment_name,8bd2aa66-3306-40bf-a6ac-0b1e7aa51fcf,function_execution_time,1779111044.9545767,0.00010098
experiment_name,8bd2aa66-3306-40bf-a6ac-0b1e7aa51fcf,function_execution_time,1779111045.0548549,0.000071192
experiment_name,8bd2aa66-3306-40bf-a6ac-0b1e7aa51fcf,function_execution_time,1779111045.1561716,0.000074154
experiment_name,8bd2aa66-3306-40bf-a6ac-0b1e7aa51fcf,function_execution_time,1779111045.2575874,0.000097669
experiment_name,8bd2aa66-3306-40bf-a6ac-0b1e7aa51fcf,function_execution_time,1779111045.3577929,0.000075822
experiment_name,8bd2aa66-3306-40bf-a6ac-0b1e7aa51fcf,function_execution_time,1779111045.4591084,0.000079203
experiment_name,8bd2aa66-3306-40bf-a6ac-0b1e7aa51fcf,function_execution_time,1779111045.5604763,0.00015984
experiment_name,8bd2aa66-3306-40bf-a6ac-0b1e7aa51fcf,function_execution_time,1779111045.6618004,0.0000872
experiment_name,8bd2aa66-3306-40bf-a6ac-0b1e7aa51fcf,function_execution_time,1779111045.763084,0.000110129
experiment_name,8bd2aa66-3306-40bf-a6ac-0b1e7aa51fcf,function_execution_time,1779111045.8644466,0.000088232
experiment_name,8bd2aa66-3306-40bf-a6ac-0b1e7aa51fcf,function_execution_time,1779111045.9658005,0.000087941
experiment_name,8bd2aa66-3306-40bf-a6ac-0b1e7aa51fcf,function_execution_time,1779111046.0670674,0.000070777
experiment_name,4066f6ac-82b2-427d-a244-6ca471c0359b,function_execution_time,1779111044.145981,0.00005508
experiment_name,4066f6ac-82b2-427d-a244-6ca471c0359b,function_execution_time,1779111044.2472913,0.000060574
experiment_name,4066f6ac-82b2-427d-a244-6ca471c0359b,function_execution_time,1779111044.3486404,0.000055842
experiment_name,4066f6ac-82b2-427d-a244-6ca471c0359b,function_execution_time,1779111044.4489596,0.000063306
experiment_name,4066f6ac-82b2-427d-a244-6ca471c0359b,function_execution_time,1779111044.5502825,0.000058354
experiment_name,4066f6ac-82b2-427d-a244-6ca471c0359b,function_execution_time,1779111044.6516938,0.000056961
experiment_name,4066f6ac-82b2-427d-a244-6ca471c0359b,function_execution_time,1779111044.7519982,0.000055207
experiment_name,4066f6ac-82b2-427d-a244-6ca471c0359b,function_execution_time,1779111044.853327,0.000056005
experiment_name,4066f6ac-82b2-427d-a244-6ca471c0359b,function_execution_time,1779111044.9546692,0.000064499
experiment_name,4066f6ac-82b2-427d-a244-6ca471c0359b,function_execution_time,1779111045.055021,0.00005653
experiment_name,4066f6ac-82b2-427d-a244-6ca471c0359b,function_execution_time,1779111045.1563313,0.000056607
experiment_name,4066f6ac-82b2-427d-a244-6ca471c0359b,function_execution_time,1779111045.2576878,0.000059813
experiment_name,4066f6ac-82b2-427d-a244-6ca471c0359b,function_execution_time,1779111045.3579383,0.000064349
experiment_name,4066f6ac-82b2-427d-a244-6ca471c0359b,function_execution_time,1779111045.4591942,0.000056864
experiment_name,4066f6ac-82b2-427d-a244-6ca471c0359b,function_execution_time,1779111045.560528,0.000055114
experiment_name,4066f6ac-82b2-427d-a244-6ca471c0359b,function_execution_time,1779111045.661884,0.000054887
experiment_name,4066f6ac-82b2-427d-a244-6ca471c0359b,function_execution_time,1779111045.7631376,0.00006139
experiment_name,4066f6ac-82b2-427d-a244-6ca471c0359b,function_execution_time,1779111045.864523,0.000059184
experiment_name,4066f6ac-82b2-427d-a244-6ca471c0359b,function_execution_time,1779111045.965889,0.000058332
experiment_name,4066f6ac-82b2-427d-a244-6ca471c0359b,function_execution_time,1779111046.067241,0.000066513
experiment_name,4066f6ac-82b2-427d-a244-6ca471c0359b,function_transfer_time,1779111044.1459215,0.000111891
experiment_name,4066f6ac-82b2-427d-a244-6ca471c0359b,function_transfer_time,1779111044.2472293,0.000114729
experiment_name,4066f6ac-82b2-427d-a244-6ca471c0359b,function_transfer_time,1779111044.3485782,0.00011825
experiment_name,4066f6ac-82b2-427d-a244-6ca471c0359b,function_transfer_time,1779111044.4488962,0.00013264
experiment_name,4066f6ac-82b2-427d-a244-6ca471c0359b,function_transfer_time,1779111044.5502234,0.000039087
experiment_name,4066f6ac-82b2-427d-a244-6ca471c0359b,function_transfer_time,1779111044.6516318,0.000131127
experiment_name,4066f6ac-82b2-427d-a244-6ca471c0359b,function_transfer_time,1779111044.7519424,0.000133296
experiment_name,4066f6ac-82b2-427d-a244-6ca471c0359b,function_transfer_time,1779111044.853271,0.00011162
experiment_name,4066f6ac-82b2-427d-a244-6ca471c0359b,function_transfer_time,1779111044.9546008,0.000108616
experiment_name,4066f6ac-82b2-427d-a244-6ca471c0359b,function_transfer_time,1779111045.0549588,0.000130744
experiment_name,4066f6ac-82b2-427d-a244-6ca471c0359b,function_transfer_time,1779111045.156274,0.000129697
experiment_name,4066f6ac-82b2-427d-a244-6ca471c0359b,function_transfer_time,1779111045.2576203,0.00013024
experiment_name,4066f6ac-82b2-427d-a244-6ca471c0359b,function_transfer_time,1779111045.3578732,0.000101704
experiment_name,4066f6ac-82b2-427d-a244-6ca471c0359b,function_transfer_time,1779111045.4591334,0.000105788
experiment_name,4066f6ac-82b2-427d-a244-6ca471c0359b,function_transfer_time,1779111045.5604725,0.000046146
experiment_name,4066f6ac-82b2-427d-a244-6ca471c0359b,function_transfer_time,1779111045.6618252,0.000101754
experiment_name,4066f6ac-82b2-427d-a244-6ca471c0359b,function_transfer_time,1779111045.7630754,0.000039657
experiment_name,4066f6ac-82b2-427d-a244-6ca471c0359b,function_transfer_time,1779111045.8644516,0.00011156
experiment_name,4066f6ac-82b2-427d-a244-6ca471c0359b,function_transfer_time,1779111045.9658241,0.000110659
experiment_name,4066f6ac-82b2-427d-a244-6ca471c0359b,function_transfer_time,1779111046.0671742,0.00013026
experiment_name,8bd2aa66-3306-40bf-a6ac-0b1e7aa51fcf,function_transfer_time,1779111044.1457546,0.000077096
experiment_name,8bd2aa66-3306-40bf-a6ac-0b1e7aa51fcf,function_transfer_time,1779111044.2470477,0.000074961
experiment_name,8bd2aa66-3306-40bf-a6ac-0b1e7aa51fcf,function_transfer_time,1779111044.3483958,0.000084826
experiment_name,8bd2aa66-3306-40bf-a6ac-0b1e7aa51fcf,function_transfer_time,1779111044.4487085,0.000083796
experiment_name,8bd2aa66-3306-40bf-a6ac-0b1e7aa51fcf,function_transfer_time,1779111044.5500555,0.000092087
experiment_name,8bd2aa66-3306-40bf-a6ac-0b1e7aa51fcf,function_transfer_time,1779111044.651439,0.000080998
experiment_name,8bd2aa66-3306-40bf-a6ac-0b1e7aa51fcf,function_transfer_time,1779111044.7517552,0.000076435
experiment_name,8bd2aa66-3306-40bf-a6ac-0b1e7aa51fcf,function_transfer_time,1779111044.8531024,0.000085323
experiment_name,8bd2aa66-3306-40bf-a6ac-0b1e7aa51fcf,function_transfer_time,1779111044.9544172,0.000081701
experiment_name,8bd2aa66-3306-40bf-a6ac-0b1e7aa51fcf,function_transfer_time,1779111045.054774,0.000083249
experiment_name,8bd2aa66-3306-40bf-a6ac-0b1e7aa51fcf,function_transfer_time,1779111045.1560888,0.000084736
experiment_name,8bd2aa66-3306-40bf-a6ac-0b1e7aa51fcf,function_transfer_time,1779111045.2574337,0.000080915
experiment_name,8bd2aa66-3306-40bf-a6ac-0b1e7aa51fcf,function_transfer_time,1779111045.357716,0.000078461
experiment_name,8bd2aa66-3306-40bf-a6ac-0b1e7aa51fcf,function_transfer_time,1779111045.4589746,0.000023283
experiment_name,8bd2aa66-3306-40bf-a6ac-0b1e7aa51fcf,function_transfer_time,1779111045.560305,0.000082783
experiment_name,8bd2aa66-3306-40bf-a6ac-0b1e7aa51fcf,function_transfer_time,1779111045.6616642,0.000080812
experiment_name,8bd2aa66-3306-40bf-a6ac-0b1e7aa51fcf,function_transfer_time,1779111045.7629642,0.000038241
experiment_name,8bd2aa66-3306-40bf-a6ac-0b1e7aa51fcf,function_transfer_time,1779111045.8642883,0.00008768
experiment_name,8bd2aa66-3306-40bf-a6ac-0b1e7aa51fcf,function_transfer_time,1779111045.9656522,0.000085368
experiment_name,8bd2aa66-3306-40bf-a6ac-0b1e7aa51fcf,function_transfer_time,1779111046.0669878,0.000085259
experiment_name,4066f6ac-82b2-427d-a244-6ca471c0359b,function_execution_time,1779111046.1679933,0.000066811
experiment_name,4066f6ac-82b2-427d-a244-6ca471c0359b,function_execution_time,1779111046.2693403,0.000069462
experiment_name,4066f6ac-82b2-427d-a244-6ca471c0359b,function_execution_time,1779111046.3707213,0.000056229
experiment_name,4066f6ac-82b2-427d-a244-6ca471c0359b,function_execution_time,1779111046.4720492,0.000061785
experiment_name,4066f6ac-82b2-427d-a244-6ca471c0359b,function_execution_time,1779111046.5733583,0.000059291
experiment_name,4066f6ac-82b2-427d-a244-6ca471c0359b,function_execution_time,1779111046.6746936,0.000067906
experiment_name,4066f6ac-82b2-427d-a244-6ca471c0359b,function_execution_time,1779111046.7760267,0.000058347
experiment_name,4066f6ac-82b2-427d-a244-6ca471c0359b,function_execution_time,1779111046.8773339,0.000054344
experiment_name,4066f6ac-82b2-427d-a244-6ca471c0359b,function_execution_time,1779111046.9787,0.00005679
experiment_name,4066f6ac-82b2-427d-a244-6ca471c0359b,function_execution_time,1779111047.0799847,0.000058459
experiment_name,4066f6ac-82b2-427d-a244-6ca471c0359b,function_execution_time,1779111047.1813943,0.000060011
experiment_name,4066f6ac-82b2-427d-a244-6ca471c0359b,function_execution_time,1779111047.2827432,0.000054948
experiment_name,4066f6ac-82b2-427d-a244-6ca471c0359b,function_execution_time,1779111047.3841388,0.00005761
experiment_name,4066f6ac-82b2-427d-a244-6ca471c0359b,function_execution_time,1779111047.4854891,0.000070914
experiment_name,4066f6ac-82b2-427d-a244-6ca471c0359b,function_execution_time,1779111047.586834,0.00006133
experiment_name,4066f6ac-82b2-427d-a244-6ca471c0359b,function_execution_time,1779111047.6882458,0.000054185
experiment_name,4066f6ac-82b2-427d-a244-6ca471c0359b,function_execution_time,1779111047.7895358,0.000070786
experiment_name,4066f6ac-82b2-427d-a244-6ca471c0359b,function_execution_time,1779111047.8907573,0.000056918
experiment_name,4066f6ac-82b2-427d-a244-6ca471c0359b,function_execution_time,1779111047.992103,0.000060834
experiment_name,8bd2aa66-3306-40bf-a6ac-0b1e7aa51fcf,function_execution_time,1779111046.1678987,0.000078205
experiment_name,8bd2aa66-3306-40bf-a6ac-0b1e7aa51fcf,function_execution_time,1779111046.2693172,0.000085904
experiment_name,8bd2aa66-3306-40bf-a6ac-0b1e7aa51fcf,function_execution_time,1779111046.3705568,0.000075111
experiment_name,8bd2aa66-3306-40bf-a6ac-0b1e7aa51fcf,function_execution_time,1779111046.4719045,0.000077688
experiment_name,8bd2aa66-3306-40bf-a6ac-0b1e7aa51fcf,function_execution_time,1779111046.5733044,0.000174382
experiment_name,8bd2aa66-3306-40bf-a6ac-0b1e7aa51fcf,function_execution_time,1779111046.674598,0.000084607
experiment_name,8bd2aa66-3306-40bf-a6ac-0b1e7aa51fcf,function_execution_time,1779111046.7759464,0.000075172
experiment_name,8bd2aa66-3306-40bf-a6ac-0b1e7aa51fcf,function_execution_time,1779111046.877256,0.000070233
experiment_name,8bd2aa66-3306-40bf-a6ac-0b1e7aa51fcf,function_execution_time,1779111046.9786155,0.000080753
experiment_name,8bd2aa66-3306-40bf-a6ac-0b1e7aa51fcf,function_execution_time,1779111047.0799823,0.000080464
experiment_name,8bd2aa66-3306-40bf-a6ac-0b1e7aa51fcf,function_execution_time,1779111047.1813111,0.000069041
experiment_name,8bd2aa66-3306-40bf-a6ac-0b1e7aa51fcf,function_execution_time,1779111047.2826617,0.000070767
experiment_name,8bd2aa66-3306-40bf-a6ac-0b1e7aa51fcf,function_execution_time,1779111047.3841329,0.000085189
experiment_name,8bd2aa66-3306-40bf-a6ac-0b1e7aa51fcf,function_execution_time,1779111047.4853942,0.000072225
experiment_name,8bd2aa66-3306-40bf-a6ac-0b1e7aa51fcf,function_execution_time,1779111047.586777,0.000142326
experiment_name,8bd2aa66-3306-40bf-a6ac-0b1e7aa51fcf,function_execution_time,1779111047.6881676,0.000080225
experiment_name,8bd2aa66-3306-40bf-a6ac-0b1e7aa51fcf,function_execution_time,1779111047.7895114,0.000092598
experiment_name,8bd2aa66-3306-40bf-a6ac-0b1e7aa51fcf,function_execution_time,1779111047.8906827,0.000071088
experiment_name,8bd2aa66-3306-40bf-a6ac-0b1e7aa51fcf,function_execution_time,1779111047.9920151,0.000070335
experiment_name,4066f6ac-82b2-427d-a244-6ca471c0359b,function_transfer_time,1779111046.1679704,0.000056928
experiment_name,4066f6ac-82b2-427d-a244-6ca471c0359b,function_transfer_time,1779111046.2693222,0.000043125
experiment_name,4066f6ac-82b2-427d-a244-6ca471c0359b,function_transfer_time,1779111046.3706594,0.000128064
experiment_name,4066f6ac-82b2-427d-a244-6ca471c0359b,function_transfer_time,1779111046.4720044,0.000113666
experiment_name,4066f6ac-82b2-427d-a244-6ca471c0359b,function_transfer_time,1779111046.573299,0.000036829
experiment_name,4066f6ac-82b2-427d-a244-6ca471c0359b,function_transfer_time,1779111046.6746764,0.000044895
experiment_name,4066f6ac-82b2-427d-a244-6ca471c0359b,function_transfer_time,1779111046.7760227,0.000047877
experiment_name,4066f6ac-82b2-427d-a244-6ca471c0359b,function_transfer_time,1779111046.8772788,0.000048981
experiment_name,4066f6ac-82b2-427d-a244-6ca471c0359b,function_transfer_time,1779111046.9786944,0.00005169
experiment_name,4066f6ac-82b2-427d-a244-6ca471c0359b,function_transfer_time,1779111047.079977,0.000029756
experiment_name,4066f6ac-82b2-427d-a244-6ca471c0359b,function_transfer_time,1779111047.1813333,0.000054961
experiment_name,4066f6ac-82b2-427d-a244-6ca471c0359b,function_transfer_time,1779111047.2826881,0.000060466
experiment_name,4066f6ac-82b2-427d-a244-6ca471c0359b,function_transfer_time,1779111047.384137,0.000038602
experiment_name,4066f6ac-82b2-427d-a244-6ca471c0359b,function_transfer_time,1779111047.4854689,0.000048698
experiment_name,4066f6ac-82b2-427d-a244-6ca471c0359b,function_transfer_time,1779111047.5867724,0.000030465
experiment_name,4066f6ac-82b2-427d-a244-6ca471c0359b,function_transfer_time,1779111047.6881907,0.000054221
experiment_name,4066f6ac-82b2-427d-a244-6ca471c0359b,function_transfer_time,1779111047.7895057,0.000042406
experiment_name,4066f6ac-82b2-427d-a244-6ca471c0359b,function_transfer_time,1779111047.8907535,0.000046646
experiment_name,4066f6ac-82b2-427d-a244-6ca471c0359b,function_transfer_time,1779111047.992089,0.00005118
experiment_name,8bd2aa66-3306-40bf-a6ac-0b1e7aa51fcf,function_transfer_time,1779111046.1678135,0.000084192
experiment_name,8bd2aa66-3306-40bf-a6ac-0b1e7aa51fcf,function_transfer_time,1779111046.2691686,0.0000822
experiment_name,8bd2aa66-3306-40bf-a6ac-0b1e7aa51fcf,function_transfer_time,1779111046.370476,0.000078215
experiment_name,8bd2aa66-3306-40bf-a6ac-0b1e7aa51fcf,function_transfer_time,1779111046.471817,0.000087864
experiment_name,8bd2aa66-3306-40bf-a6ac-0b1e7aa51fcf,function_transfer_time,1779111046.5731184,0.000078166
experiment_name,8bd2aa66-3306-40bf-a6ac-0b1e7aa51fcf,function_transfer_time,1779111046.674519,0.000087288
experiment_name,8bd2aa66-3306-40bf-a6ac-0b1e7aa51fcf,function_transfer_time,1779111046.7758718,0.000084055
experiment_name,8bd2aa66-3306-40bf-a6ac-0b1e7aa51fcf,function_transfer_time,1779111046.8771768,0.000078239
experiment_name,8bd2aa66-3306-40bf-a6ac-0b1e7aa51fcf,function_transfer_time,1779111046.9785352,0.000080681
experiment_name,8bd2aa66-3306-40bf-a6ac-0b1e7aa51fcf,function_transfer_time,1779111047.0798485,0.00008197
experiment_name,8bd2aa66-3306-40bf-a6ac-0b1e7aa51fcf,function_transfer_time,1779111047.1812258,0.000084598
experiment_name,8bd2aa66-3306-40bf-a6ac-0b1e7aa51fcf,function_transfer_time,1779111047.2825723,0.000082009
experiment_name,8bd2aa66-3306-40bf-a6ac-0b1e7aa51fcf,function_transfer_time,1779111047.3839812,0.000077384
experiment_name,8bd2aa66-3306-40bf-a6ac-0b1e7aa51fcf,function_transfer_time,1779111047.4853172,0.00008119
experiment_name,8bd2aa66-3306-40bf-a6ac-0b1e7aa51fcf,function_transfer_time,1779111047.5866246,0.000085759
experiment_name,8bd2aa66-3306-40bf-a6ac-0b1e7aa51fcf,function_transfer_time,1779111047.688083,0.000078049
experiment_name,8bd2aa66-3306-40bf-a6ac-0b1e7aa51fcf,function_transfer_time,1779111047.789369,0.000078311
experiment_name,8bd2aa66-3306-40bf-a6ac-0b1e7aa51fcf,function_transfer_time,1779111047.8906057,0.000020678
experiment_name,8bd2aa66-3306-40bf-a6ac-0b1e7aa51fcf,function_transfer_time,1779111047.991938,0.000079436
experiment_name,4066f6ac-82b2-427d-a244-6ca471c0359b,function_execution_time,1779111048.0928192,0.000066457
experiment_name,4066f6ac-82b2-427d-a244-6ca471c0359b,function_execution_time,1779111048.1945357,0.000067167
experiment_name,4066f6ac-82b2-427d-a244-6ca471c0359b,function_execution_time,1779111048.2957685,0.000055291
experiment_name,4066f6ac-82b2-427d-a244-6ca471c0359b,function_execution_time,1779111048.3971064,0.000056081
experiment_name,4066f6ac-82b2-427d-a244-6ca471c0359b,function_execution_time,1779111048.4983737,0.000066299
experiment_name,4066f6ac-82b2-427d-a244-6ca471c0359b,function_execution_time,1779111048.5998356,0.000056747
experiment_name,4066f6ac-82b2-427d-a244-6ca471c0359b,function_execution_time,1779111048.7012494,0.000057104
experiment_name,4066f6ac-82b2-427d-a244-6ca471c0359b,function_execution_time,1779111048.8025455,0.000066687
experiment_name,4066f6ac-82b2-427d-a244-6ca471c0359b,function_execution_time,1779111048.9028268,0.000071794
experiment_name,4066f6ac-82b2-427d-a244-6ca471c0359b,function_execution_time,1779111049.0040772,0.000064797
experiment_name,4066f6ac-82b2-427d-a244-6ca471c0359b,function_execution_time,1779111049.1053247,0.000062824
experiment_name,4066f6ac-82b2-427d-a244-6ca471c0359b,function_execution_time,1779111049.206825,0.000060775
experiment_name,4066f6ac-82b2-427d-a244-6ca471c0359b,function_execution_time,1779111049.30815,0.000068994
experiment_name,4066f6ac-82b2-427d-a244-6ca471c0359b,function_execution_time,1779111049.409346,0.00005587
experiment_name,4066f6ac-82b2-427d-a244-6ca471c0359b,function_execution_time,1779111049.5106394,0.000060173
experiment_name,4066f6ac-82b2-427d-a244-6ca471c0359b,function_execution_time,1779111049.6120255,0.000057908
experiment_name,4066f6ac-82b2-427d-a244-6ca471c0359b,function_execution_time,1779111049.7133079,0.000067092
experiment_name,4066f6ac-82b2-427d-a244-6ca471c0359b,function_execution_time,1779111049.8146224,0.000054528
experiment_name,4066f6ac-82b2-427d-a244-6ca471c0359b,function_execution_time,1779111049.9159582,0.000054685
experiment_name,4066f6ac-82b2-427d-a244-6ca471c0359b,function_execution_time,1779111050.0172763,0.000055614
experiment_name,8bd2aa66-3306-40bf-a6ac-0b1e7aa51fcf,function_execution_time,1779111048.092752,0.00009728
experiment_name,8bd2aa66-3306-40bf-a6ac-0b1e7aa51fcf,function_execution_time,1779111048.1944246,0.000080644
experiment_name,8bd2aa66-3306-40bf-a6ac-0b1e7aa51fcf,function_execution_time,1779111048.2956126,0.000073447
experiment_name,8bd2aa66-3306-40bf-a6ac-0b1e7aa51fcf,function_execution_time,1779111048.396947,0.000083457
experiment_name,8bd2aa66-3306-40bf-a6ac-0b1e7aa51fcf,function_execution_time,1779111048.498241,0.000084554
experiment_name,8bd2aa66-3306-40bf-a6ac-0b1e7aa51fcf,function_execution_time,1779111048.5997827,0.000177134
experiment_name,8bd2aa66-3306-40bf-a6ac-0b1e7aa51fcf,function_execution_time,1779111048.7011561,0.000081119
experiment_name,8bd2aa66-3306-40bf-a6ac-0b1e7aa51fcf,function_execution_time,1779111048.802484,0.000130991
experiment_name,8bd2aa66-3306-40bf-a6ac-0b1e7aa51fcf,function_execution_time,1779111048.9027524,0.000100405
experiment_name,8bd2aa66-3306-40bf-a6ac-0b1e7aa51fcf,function_execution_time,1779111049.0039856,0.000079091
experiment_name,8bd2aa66-3306-40bf-a6ac-0b1e7aa51fcf,function_execution_time,1779111049.1052449,0.000080911
experiment_name,8bd2aa66-3306-40bf-a6ac-0b1e7aa51fcf,function_execution_time,1779111049.206668,0.00007399
experiment_name,8bd2aa66-3306-40bf-a6ac-0b1e7aa51fcf,function_execution_time,1779111049.3079717,0.000074686
experiment_name,8bd2aa66-3306-40bf-a6ac-0b1e7aa51fcf,function_execution_time,1779111049.4092479,0.000080887
experiment_name,8bd2aa66-3306-40bf-a6ac-0b1e7aa51fcf,function_execution_time,1779111049.5105588,0.000070556
experiment_name,8bd2aa66-3306-40bf-a6ac-0b1e7aa51fcf,function_execution_time,1779111049.6119716,0.000157343
experiment_name,8bd2aa66-3306-40bf-a6ac-0b1e7aa51fcf,function_execution_time,1779111049.7132201,0.000068484
experiment_name,8bd2aa66-3306-40bf-a6ac-0b1e7aa51fcf,function_execution_time,1779111049.81462,0.000091092
experiment_name,8bd2aa66-3306-40bf-a6ac-0b1e7aa51fcf,function_execution_time,1779111049.9158013,0.000073096
experiment_name,8bd2aa66-3306-40bf-a6ac-0b1e7aa51fcf,function_execution_time,1779111050.0171113,0.000075051
experiment_name,8bd2aa66-3306-40bf-a6ac-0b1e7aa51fcf,function_transfer_time,1779111048.0926516,0.000016377
experiment_name,8bd2aa66-3306-40bf-a6ac-0b1e7aa51fcf,function_transfer_time,1779111048.1942945,0.000085598
experiment_name,8bd2aa66-3306-40bf-a6ac-0b1e7aa51fcf,function_transfer_time,1779111048.2955322,0.000021546
experiment_name,8bd2aa66-3306-40bf-a6ac-0b1e7aa51fcf,function_transfer_time,1779111048.3968647,0.000081621
experiment_name,8bd2aa66-3306-40bf-a6ac-0b1e7aa51fcf,function_transfer_time,1779111048.4981503,0.000022716
experiment_name,8bd2aa66-3306-40bf-a6ac-0b1e7aa51fcf,function_transfer_time,1779111048.5995984,0.000076844
experiment_name,8bd2aa66-3306-40bf-a6ac-0b1e7aa51fcf,function_transfer_time,1779111048.701026,0.000076634
experiment_name,8bd2aa66-3306-40bf-a6ac-0b1e7aa51fcf,function_transfer_time,1779111048.8023446,0.00009904
experiment_name,8bd2aa66-3306-40bf-a6ac-0b1e7aa51fcf,function_transfer_time,1779111048.9026477,0.00003258
experiment_name,8bd2aa66-3306-40bf-a6ac-0b1e7aa51fcf,function_transfer_time,1779111049.003903,0.000025487
experiment_name,8bd2aa66-3306-40bf-a6ac-0b1e7aa51fcf,function_transfer_time,1779111049.105233,0.000020848
experiment_name,8bd2aa66-3306-40bf-a6ac-0b1e7aa51fcf,function_transfer_time,1779111049.2065926,0.00008169
experiment_name,8bd2aa66-3306-40bf-a6ac-0b1e7aa51fcf,function_transfer_time,1779111049.3078978,0.000083924
experiment_name,8bd2aa66-3306-40bf-a6ac-0b1e7aa51fcf,function_transfer_time,1779111049.4091675,0.000021977
experiment_name,8bd2aa66-3306-40bf-a6ac-0b1e7aa51fcf,function_transfer_time,1779111049.5104783,0.000081167
experiment_name,8bd2aa66-3306-40bf-a6ac-0b1e7aa51fcf,function_transfer_time,1779111049.6118052,0.000081966
experiment_name,8bd2aa66-3306-40bf-a6ac-0b1e7aa51fcf,function_transfer_time,1779111049.7131412,0.00002207
experiment_name,8bd2aa66-3306-40bf-a6ac-0b1e7aa51fcf,function_transfer_time,1779111049.8144681,0.000082843
experiment_name,8bd2aa66-3306-40bf-a6ac-0b1e7aa51fcf,function_transfer_time,1779111049.9157293,0.000021709
experiment_name,8bd2aa66-3306-40bf-a6ac-0b1e7aa51fcf,function_transfer_time,1779111050.0170386,0.000082486
experiment_name,4066f6ac-82b2-427d-a244-6ca471c0359b,function_transfer_time,1779111048.0927482,0.000027598
experiment_name,4066f6ac-82b2-427d-a244-6ca471c0359b,function_transfer_time,1779111048.1944928,0.000115767
experiment_name,4066f6ac-82b2-427d-a244-6ca471c0359b,function_transfer_time,1779111048.2957125,0.000124202
experiment_name,4066f6ac-82b2-427d-a244-6ca471c0359b,function_transfer_time,1779111048.39705,0.00012977
experiment_name,4066f6ac-82b2-427d-a244-6ca471c0359b,function_transfer_time,1779111048.4983003,0.000093957
experiment_name,4066f6ac-82b2-427d-a244-6ca471c0359b,function_transfer_time,1779111048.5997787,0.000031155
experiment_name,4066f6ac-82b2-427d-a244-6ca471c0359b,function_transfer_time,1779111048.701188,0.000109303
experiment_name,4066f6ac-82b2-427d-a244-6ca471c0359b,function_transfer_time,1779111048.802479,0.000052072
experiment_name,4066f6ac-82b2-427d-a244-6ca471c0359b,function_transfer_time,1779111048.9027588,0.000039164
experiment_name,4066f6ac-82b2-427d-a244-6ca471c0359b,function_transfer_time,1779111049.0040612,0.000051903
experiment_name,4066f6ac-82b2-427d-a244-6ca471c0359b,function_transfer_time,1779111049.105304,0.000038803
experiment_name,4066f6ac-82b2-427d-a244-6ca471c0359b,function_transfer_time,1779111049.2067635,0.000116785
experiment_name,4066f6ac-82b2-427d-a244-6ca471c0359b,function_transfer_time,1779111049.308081,0.000126695
experiment_name,4066f6ac-82b2-427d-a244-6ca471c0359b,function_transfer_time,1779111049.4093413,0.000044619
experiment_name,4066f6ac-82b2-427d-a244-6ca471c0359b,function_transfer_time,1779111049.5106351,0.000047028
experiment_name,4066f6ac-82b2-427d-a244-6ca471c0359b,function_transfer_time,1779111049.6119676,0.000034555
experiment_name,4066f6ac-82b2-427d-a244-6ca471c0359b,function_transfer_time,1779111049.7133021,0.000047912
experiment_name,4066f6ac-82b2-427d-a244-6ca471c0359b,function_transfer_time,1779111049.8146157,0.000029235
experiment_name,4066f6ac-82b2-427d-a244-6ca471c0359b,function_transfer_time,1779111049.9159033,0.00011902
experiment_name,4066f6ac-82b2-427d-a244-6ca471c0359b,function_transfer_time,1779111050.0172207,0.000126764
experiment_name,8bd2aa66-3306-40bf-a6ac-0b1e7aa51fcf,function_execution_time,1779111050.1179445,0.000089611
experiment_name,8bd2aa66-3306-40bf-a6ac-0b1e7aa51fcf,function_execution_time,1779111050.219244,0.000076455
experiment_name,8bd2aa66-3306-40bf-a6ac-0b1e7aa51fcf,function_execution_time,1779111050.32062,0.00008142
experiment_name,8bd2aa66-3306-40bf-a6ac-0b1e7aa51fcf,function_execution_time,1779111050.4218814,0.000082713
experiment_name,8bd2aa66-3306-40bf-a6ac-0b1e7aa51fcf,function_execution_time,1779111050.5231483,0.00007302
experiment_name,8bd2aa66-3306-40bf-a6ac-0b1e7aa51fcf,function_execution_time,1779111050.6245809,0.000164146
experiment_name,8bd2aa66-3306-40bf-a6ac-0b1e7aa51fcf,function_execution_time,1779111050.725805,0.000078767
experiment_name,8bd2aa66-3306-40bf-a6ac-0b1e7aa51fcf,function_execution_time,1779111050.827137,0.000070636
experiment_name,8bd2aa66-3306-40bf-a6ac-0b1e7aa51fcf,function_execution_time,1779111050.9284759,0.000085917
experiment_name,8bd2aa66-3306-40bf-a6ac-0b1e7aa51fcf,function_execution_time,1779111051.028798,0.000081356
experiment_name,8bd2aa66-3306-40bf-a6ac-0b1e7aa51fcf,function_execution_time,1779111051.1301527,0.000069035
experiment_name,8bd2aa66-3306-40bf-a6ac-0b1e7aa51fcf,function_execution_time,1779111051.2315378,0.000087458
experiment_name,8bd2aa66-3306-40bf-a6ac-0b1e7aa51fcf,function_execution_time,1779111051.3317363,0.000072244
experiment_name,8bd2aa66-3306-40bf-a6ac-0b1e7aa51fcf,function_execution_time,1779111051.43311,0.000084859
experiment_name,8bd2aa66-3306-40bf-a6ac-0b1e7aa51fcf,function_execution_time,1779111051.53436,0.000075593
experiment_name,8bd2aa66-3306-40bf-a6ac-0b1e7aa51fcf,function_execution_time,1779111051.635705,0.000136674
experiment_name,8bd2aa66-3306-40bf-a6ac-0b1e7aa51fcf,function_execution_time,1779111051.7370024,0.000078553
experiment_name,8bd2aa66-3306-40bf-a6ac-0b1e7aa51fcf,function_execution_time,1779111051.8383486,0.000069084
experiment_name,8bd2aa66-3306-40bf-a6ac-0b1e7aa51fcf,function_execution_time,1779111051.9396427,0.000070986
experiment_name,8bd2aa66-3306-40bf-a6ac-0b1e7aa51fcf,function_execution_time,1779111052.0409708,0.000071155
experiment_name,4066f6ac-82b2-427d-a244-6ca471c0359b,function_execution_time,1779111050.118014,0.000059702
experiment_name,4066f6ac-82b2-427d-a244-6ca471c0359b,function_execution_time,1779111050.2194238,0.000062059
experiment_name,4066f6ac-82b2-427d-a244-6ca471c0359b,function_execution_time,1779111050.3206224,0.000062888
experiment_name,4066f6ac-82b2-427d-a244-6ca471c0359b,function_execution_time,1779111050.422046,0.000058993
experiment_name,4066f6ac-82b2-427d-a244-6ca471c0359b,function_execution_time,1779111050.5232341,0.000060604
experiment_name,4066f6ac-82b2-427d-a244-6ca471c0359b,function_execution_time,1779111050.6246397,0.00006348
experiment_name,4066f6ac-82b2-427d-a244-6ca471c0359b,function_execution_time,1779111050.7258935,0.000064495
experiment_name,4066f6ac-82b2-427d-a244-6ca471c0359b,function_execution_time,1779111050.827285,0.000064297
experiment_name,4066f6ac-82b2-427d-a244-6ca471c0359b,function_execution_time,1779111050.9286323,0.000055364
experiment_name,4066f6ac-82b2-427d-a244-6ca471c0359b,function_execution_time,1779111051.028956,0.000056163
experiment_name,4066f6ac-82b2-427d-a244-6ca471c0359b,function_execution_time,1779111051.1303058,0.000058484
experiment_name,4066f6ac-82b2-427d-a244-6ca471c0359b,function_execution_time,1779111051.231611,0.00006208
experiment_name,4066f6ac-82b2-427d-a244-6ca471c0359b,function_execution_time,1779111051.3318818,0.000057663
experiment_name,4066f6ac-82b2-427d-a244-6ca471c0359b,function_execution_time,1779111051.4331906,0.000054031
experiment_name,4066f6ac-82b2-427d-a244-6ca471c0359b,function_execution_time,1779111051.534535,0.000058149
experiment_name,4066f6ac-82b2-427d-a244-6ca471c0359b,function_execution_time,1779111051.635768,0.000063505
experiment_name,4066f6ac-82b2-427d-a244-6ca471c0359b,function_execution_time,1779111051.7371495,0.000062567
experiment_name,4066f6ac-82b2-427d-a244-6ca471c0359b,function_execution_time,1779111051.838508,0.000054194
experiment_name,4066f6ac-82b2-427d-a244-6ca471c0359b,function_execution_time,1779111051.9397235,0.000053756
experiment_name,4066f6ac-82b2-427d-a244-6ca471c0359b,function_execution_time,1779111052.041132,0.000055733
experiment_name,4066f6ac-82b2-427d-a244-6ca471c0359b,function_transfer_time,1779111050.1179485,0.000048094
experiment_name,4066f6ac-82b2-427d-a244-6ca471c0359b,function_transfer_time,1779111050.2193596,0.000131891
experiment_name,4066f6ac-82b2-427d-a244-6ca471c0359b,function_transfer_time,1779111050.320615,0.000028903
experiment_name,4066f6ac-82b2-427d-a244-6ca471c0359b,function_transfer_time,1779111050.4219859,0.000124673
experiment_name,4066f6ac-82b2-427d-a244-6ca471c0359b,function_transfer_time,1779111050.523169,0.000057679
experiment_name,4066f6ac-82b2-427d-a244-6ca471c0359b,function_transfer_time,1779111050.624576,0.000037333
experiment_name,4066f6ac-82b2-427d-a244-6ca471c0359b,function_transfer_time,1779111050.7258716,0.000050256
experiment_name,4066f6ac-82b2-427d-a244-6ca471c0359b,function_transfer_time,1779111050.82722,0.00011257
experiment_name,4066f6ac-82b2-427d-a244-6ca471c0359b,function_transfer_time,1779111050.9285765,0.0001184
experiment_name,4066f6ac-82b2-427d-a244-6ca471c0359b,function_transfer_time,1779111051.028899,0.000131187
experiment_name,4066f6ac-82b2-427d-a244-6ca471c0359b,function_transfer_time,1779111051.1302462,0.000123482
experiment_name,4066f6ac-82b2-427d-a244-6ca471c0359b,function_transfer_time,1779111051.2315416,0.000113149
experiment_name,4066f6ac-82b2-427d-a244-6ca471c0359b,function_transfer_time,1779111051.331824,0.000111632
experiment_name,4066f6ac-82b2-427d-a244-6ca471c0359b,function_transfer_time,1779111051.4331324,0.000104942
experiment_name,4066f6ac-82b2-427d-a244-6ca471c0359b,function_transfer_time,1779111051.534476,0.000142119
experiment_name,4066f6ac-82b2-427d-a244-6ca471c0359b,function_transfer_time,1779111051.6357007,0.00002659
experiment_name,4066f6ac-82b2-427d-a244-6ca471c0359b,function_transfer_time,1779111051.7370877,0.000112214
experiment_name,4066f6ac-82b2-427d-a244-6ca471c0359b,function_transfer_time,1779111051.8384533,0.000133575
experiment_name,4066f6ac-82b2-427d-a244-6ca471c0359b,function_transfer_time,1779111051.9397187,0.000041875
experiment_name,4066f6ac-82b2-427d-a244-6ca471c0359b,function_transfer_time,1779111052.0410764,0.000131188
experiment_name,8bd2aa66-3306-40bf-a6ac-0b1e7aa51fcf,function_transfer_time,1779111050.1178498,0.000083452
experiment_name,8bd2aa66-3306-40bf-a6ac-0b1e7aa51fcf,function_transfer_time,1779111050.2191665,0.000077331
experiment_name,8bd2aa66-3306-40bf-a6ac-0b1e7aa51fcf,function_transfer_time,1779111050.3204834,0.000083363
experiment_name,8bd2aa66-3306-40bf-a6ac-0b1e7aa51fcf,function_transfer_time,1779111050.4218,0.000083611
experiment_name,8bd2aa66-3306-40bf-a6ac-0b1e7aa51fcf,function_transfer_time,1779111050.5230575,0.00002418
experiment_name,8bd2aa66-3306-40bf-a6ac-0b1e7aa51fcf,function_transfer_time,1779111050.6244023,0.000080124
experiment_name,8bd2aa66-3306-40bf-a6ac-0b1e7aa51fcf,function_transfer_time,1779111050.7257168,0.000022998
experiment_name,8bd2aa66-3306-40bf-a6ac-0b1e7aa51fcf,function_transfer_time,1779111050.8270524,0.000078467
experiment_name,8bd2aa66-3306-40bf-a6ac-0b1e7aa51fcf,function_transfer_time,1779111050.9283898,0.000077486
experiment_name,8bd2aa66-3306-40bf-a6ac-0b1e7aa51fcf,function_transfer_time,1779111051.0287132,0.000079316
experiment_name,8bd2aa66-3306-40bf-a6ac-0b1e7aa51fcf,function_transfer_time,1779111051.1300685,0.000086212
experiment_name,8bd2aa66-3306-40bf-a6ac-0b1e7aa51fcf,function_transfer_time,1779111051.231383,0.000081495
experiment_name,8bd2aa66-3306-40bf-a6ac-0b1e7aa51fcf,function_transfer_time,1779111051.3316562,0.000024075
experiment_name,8bd2aa66-3306-40bf-a6ac-0b1e7aa51fcf,function_transfer_time,1779111051.4329708,0.000079835
experiment_name,8bd2aa66-3306-40bf-a6ac-0b1e7aa51fcf,function_transfer_time,1779111051.534277,0.000083207
experiment_name,8bd2aa66-3306-40bf-a6ac-0b1e7aa51fcf,function_transfer_time,1779111051.6355648,0.000022196
experiment_name,8bd2aa66-3306-40bf-a6ac-0b1e7aa51fcf,function_transfer_time,1779111051.7369175,0.000083355
experiment_name,8bd2aa66-3306-40bf-a6ac-0b1e7aa51fcf,function_transfer_time,1779111051.8382661,0.000081863
experiment_name,8bd2aa66-3306-40bf-a6ac-0b1e7aa51fcf,function_transfer_time,1779111051.9395692,0.000082471
experiment_name,8bd2aa66-3306-40bf-a6ac-0b1e7aa51fcf,function_transfer_time,1779111052.0408897,0.000077772
experiment_name,8bd2aa66-3306-40bf-a6ac-0b1e7aa51fcf,function_execution_time,1779111052.1426463,0.000090128
experiment_name,8bd2aa66-3306-40bf-a6ac-0b1e7aa51fcf,function_execution_time,1779111052.243883,0.000078588
experiment_name,8bd2aa66-3306-40bf-a6ac-0b1e7aa51fcf,function_execution_time,1779111052.345245,0.000085755
experiment_name,8bd2aa66-3306-40bf-a6ac-0b1e7aa51fcf,function_execution_time,1779111052.4465303,0.000082963
experiment_name,8bd2aa66-3306-40bf-a6ac-0b1e7aa51fcf,function_execution_time,1779111052.547863,0.000071939
experiment_name,8bd2aa66-3306-40bf-a6ac-0b1e7aa51fcf,function_execution_time,1779111052.6492546,0.000152155
experiment_name,8bd2aa66-3306-40bf-a6ac-0b1e7aa51fcf,function_execution_time,1779111052.7505443,0.000080151
experiment_name,8bd2aa66-3306-40bf-a6ac-0b1e7aa51fcf,function_execution_time,1779111052.8519423,0.000078686
experiment_name,8bd2aa66-3306-40bf-a6ac-0b1e7aa51fcf,function_execution_time,1779111052.9533222,0.000068704
experiment_name,8bd2aa66-3306-40bf-a6ac-0b1e7aa51fcf,function_execution_time,1779111053.0546665,0.000068907
experiment_name,8bd2aa66-3306-40bf-a6ac-0b1e7aa51fcf,function_execution_time,1779111053.155971,0.000079224
experiment_name,8bd2aa66-3306-40bf-a6ac-0b1e7aa51fcf,function_execution_time,1779111053.2573,0.000068261
experiment_name,8bd2aa66-3306-40bf-a6ac-0b1e7aa51fcf,function_execution_time,1779111053.3586104,0.000069552
experiment_name,8bd2aa66-3306-40bf-a6ac-0b1e7aa51fcf,function_execution_time,1779111053.4599261,0.000078399
experiment_name,8bd2aa66-3306-40bf-a6ac-0b1e7aa51fcf,function_execution_time,1779111053.5612686,0.000069268
experiment_name,8bd2aa66-3306-40bf-a6ac-0b1e7aa51fcf,function_execution_time,1779111053.6626446,0.00014063
experiment_name,8bd2aa66-3306-40bf-a6ac-0b1e7aa51fcf,function_execution_time,1779111053.763954,0.000079169
experiment_name,8bd2aa66-3306-40bf-a6ac-0b1e7aa51fcf,function_execution_time,1779111053.8652673,0.000070753
experiment_name,8bd2aa66-3306-40bf-a6ac-0b1e7aa51fcf,function_execution_time,1779111053.966601,0.000071564
experiment_name,8bd2aa66-3306-40bf-a6ac-0b1e7aa51fcf,function_execution_time,1779111054.0679402,0.000070976
experiment_name,4066f6ac-82b2-427d-a244-6ca471c0359b,function_execution_time,1779111052.1427429,0.000066251
experiment_name,4066f6ac-82b2-427d-a244-6ca471c0359b,function_execution_time,1779111052.2440321,0.000058654
experiment_name,4066f6ac-82b2-427d-a244-6ca471c0359b,function_execution_time,1779111052.3453603,0.000060227
experiment_name,4066f6ac-82b2-427d-a244-6ca471c0359b,function_execution_time,1779111052.4466953,0.000060065
experiment_name,4066f6ac-82b2-427d-a244-6ca471c0359b,function_execution_time,1779111052.5480418,0.000059352
experiment_name,4066f6ac-82b2-427d-a244-6ca471c0359b,function_execution_time,1779111052.649316,0.000066017
experiment_name,4066f6ac-82b2-427d-a244-6ca471c0359b,function_execution_time,1779111052.7507,0.000055016
experiment_name,4066f6ac-82b2-427d-a244-6ca471c0359b,function_execution_time,1779111052.8520207,0.000060431
experiment_name,4066f6ac-82b2-427d-a244-6ca471c0359b,function_execution_time,1779111052.9534972,0.000064302
experiment_name,4066f6ac-82b2-427d-a244-6ca471c0359b,function_execution_time,1779111053.054842,0.000066115
experiment_name,4066f6ac-82b2-427d-a244-6ca471c0359b,function_execution_time,1779111053.1561494,0.000058021
experiment_name,4066f6ac-82b2-427d-a244-6ca471c0359b,function_execution_time,1779111053.2574818,0.000072403
experiment_name,4066f6ac-82b2-427d-a244-6ca471c0359b,function_execution_time,1779111053.358784,0.000058584
experiment_name,4066f6ac-82b2-427d-a244-6ca471c0359b,function_execution_time,1779111053.460106,0.000066083
experiment_name,4066f6ac-82b2-427d-a244-6ca471c0359b,function_execution_time,1779111053.5614388,0.000054439
experiment_name,4066f6ac-82b2-427d-a244-6ca471c0359b,function_execution_time,1779111053.662701,0.000054838
experiment_name,4066f6ac-82b2-427d-a244-6ca471c0359b,function_execution_time,1779111053.7641165,0.000056407
experiment_name,4066f6ac-82b2-427d-a244-6ca471c0359b,function_execution_time,1779111053.865412,0.000057474
experiment_name,4066f6ac-82b2-427d-a244-6ca471c0359b,function_execution_time,1779111053.9667754,0.000063844
experiment_name,4066f6ac-82b2-427d-a244-6ca471c0359b,function_execution_time,1779111054.0681093,0.000059664
experiment_name,4066f6ac-82b2-427d-a244-6ca471c0359b,function_transfer_time,1779111052.142673,0.000119228
experiment_name,4066f6ac-82b2-427d-a244-6ca471c0359b,function_transfer_time,1779111052.243971,0.000108771
experiment_name,4066f6ac-82b2-427d-a244-6ca471c0359b,function_transfer_time,1779111052.3452961,0.000087917
experiment_name,4066f6ac-82b2-427d-a244-6ca471c0359b,function_transfer_time,1779111052.4466345,0.000120806
experiment_name,4066f6ac-82b2-427d-a244-6ca471c0359b,function_transfer_time,1779111052.5479817,0.000142538
experiment_name,4066f6ac-82b2-427d-a244-6ca471c0359b,function_transfer_time,1779111052.64925,0.000034047
experiment_name,4066f6ac-82b2-427d-a244-6ca471c0359b,function_transfer_time,1779111052.750645,0.000125484
experiment_name,4066f6ac-82b2-427d-a244-6ca471c0359b,function_transfer_time,1779111052.8519514,0.000098929
experiment_name,4066f6ac-82b2-427d-a244-6ca471c0359b,function_transfer_time,1779111052.9534383,0.000134256
experiment_name,4066f6ac-82b2-427d-a244-6ca471c0359b,function_transfer_time,1779111053.0547757,0.000141722
experiment_name,4066f6ac-82b2-427d-a244-6ca471c0359b,function_transfer_time,1779111053.156091,0.000135186
experiment_name,4066f6ac-82b2-427d-a244-6ca471c0359b,function_transfer_time,1779111053.2574077,0.00013397
experiment_name,4066f6ac-82b2-427d-a244-6ca471c0359b,function_transfer_time,1779111053.3587248,0.000145853
experiment_name,4066f6ac-82b2-427d-a244-6ca471c0359b,function_transfer_time,1779111053.4600396,0.000135506
experiment_name,4066f6ac-82b2-427d-a244-6ca471c0359b,function_transfer_time,1779111053.5613747,0.000132504
experiment_name,4066f6ac-82b2-427d-a244-6ca471c0359b,function_transfer_time,1779111053.6626484,0.000035913
experiment_name,4066f6ac-82b2-427d-a244-6ca471c0359b,function_transfer_time,1779111053.7640595,0.000132432
experiment_name,4066f6ac-82b2-427d-a244-6ca471c0359b,function_transfer_time,1779111053.8653622,0.000112522
experiment_name,4066f6ac-82b2-427d-a244-6ca471c0359b,function_transfer_time,1779111053.9667113,0.000133005
experiment_name,4066f6ac-82b2-427d-a244-6ca471c0359b,function_transfer_time,1779111054.0680487,0.000130152
experiment_name,8bd2aa66-3306-40bf-a6ac-0b1e7aa51fcf,function_transfer_time,1779111052.1424925,0.000078972
experiment_name,8bd2aa66-3306-40bf-a6ac-0b1e7aa51fcf,function_transfer_time,1779111052.2438061,0.000076099
experiment_name,8bd2aa66-3306-40bf-a6ac-0b1e7aa51fcf,function_transfer_time,1779111052.3451538,0.000092766
experiment_name,8bd2aa66-3306-40bf-a6ac-0b1e7aa51fcf,function_transfer_time,1779111052.4464486,0.000075792
experiment_name,8bd2aa66-3306-40bf-a6ac-0b1e7aa51fcf,function_transfer_time,1779111052.547784,0.000080867
experiment_name,8bd2aa66-3306-40bf-a6ac-0b1e7aa51fcf,function_transfer_time,1779111052.64909,0.000074874
experiment_name,8bd2aa66-3306-40bf-a6ac-0b1e7aa51fcf,function_transfer_time,1779111052.7504652,0.000088617
experiment_name,8bd2aa66-3306-40bf-a6ac-0b1e7aa51fcf,function_transfer_time,1779111052.851805,0.000084068
experiment_name,8bd2aa66-3306-40bf-a6ac-0b1e7aa51fcf,function_transfer_time,1779111052.9532413,0.000072599
experiment_name,8bd2aa66-3306-40bf-a6ac-0b1e7aa51fcf,function_transfer_time,1779111053.0545795,0.000080504
experiment_name,8bd2aa66-3306-40bf-a6ac-0b1e7aa51fcf,function_transfer_time,1779111053.1558936,0.000082621
experiment_name,8bd2aa66-3306-40bf-a6ac-0b1e7aa51fcf,function_transfer_time,1779111053.25722,0.000080846
experiment_name,8bd2aa66-3306-40bf-a6ac-0b1e7aa51fcf,function_transfer_time,1779111053.3585238,0.000076531
experiment_name,8bd2aa66-3306-40bf-a6ac-0b1e7aa51fcf,function_transfer_time,1779111053.4598427,0.000076754
experiment_name,8bd2aa66-3306-40bf-a6ac-0b1e7aa51fcf,function_transfer_time,1779111053.561189,0.000079344
experiment_name,8bd2aa66-3306-40bf-a6ac-0b1e7aa51fcf,function_transfer_time,1779111053.662496,0.000083071
experiment_name,8bd2aa66-3306-40bf-a6ac-0b1e7aa51fcf,function_transfer_time,1779111053.763872,0.000076332
experiment_name,8bd2aa66-3306-40bf-a6ac-0b1e7aa51fcf,function_transfer_time,1779111053.8651881,0.000075922
experiment_name,8bd2aa66-3306-40bf-a6ac-0b1e7aa51fcf,function_transfer_time,1779111053.9665241,0.000091158
experiment_name,8bd2aa66-3306-40bf-a6ac-0b1e7aa51fcf,function_transfer_time,1779111054.0678618,0.000084459
experiment_name,4066f6ac-82b2-427d-a244-6ca471c0359b,function_execution_time,1779111054.1692386,0.000056314
experiment_name,4066f6ac-82b2-427d-a244-6ca471c0359b,function_execution_time,1779111054.2705803,0.000061864
experiment_name,4066f6ac-82b2-427d-a244-6ca471c0359b,function_execution_time,1779111054.3719041,0.000062611
experiment_name,4066f6ac-82b2-427d-a244-6ca471c0359b,function_execution_time,1779111054.4732397,0.000060872
experiment_name,4066f6ac-82b2-427d-a244-6ca471c0359b,function_execution_time,1779111054.5746062,0.000059136
experiment_name,4066f6ac-82b2-427d-a244-6ca471c0359b,function_execution_time,1779111054.6759245,0.000060169
experiment_name,4066f6ac-82b2-427d-a244-6ca471c0359b,function_execution_time,1779111054.7773035,0.000055894
experiment_name,4066f6ac-82b2-427d-a244-6ca471c0359b,function_execution_time,1779111054.8786082,0.000064256
experiment_name,4066f6ac-82b2-427d-a244-6ca471c0359b,function_execution_time,1779111054.978873,0.000060702
experiment_name,4066f6ac-82b2-427d-a244-6ca471c0359b,function_execution_time,1779111055.0801702,0.000064559
experiment_name,4066f6ac-82b2-427d-a244-6ca471c0359b,function_execution_time,1779111055.181566,0.000056166
experiment_name,4066f6ac-82b2-427d-a244-6ca471c0359b,function_execution_time,1779111055.2828128,0.000067998
experiment_name,4066f6ac-82b2-427d-a244-6ca471c0359b,function_execution_time,1779111055.3841968,0.000056389
experiment_name,4066f6ac-82b2-427d-a244-6ca471c0359b,function_execution_time,1779111055.4854715,0.000076158
experiment_name,4066f6ac-82b2-427d-a244-6ca471c0359b,function_execution_time,1779111055.5867448,0.000057306
experiment_name,4066f6ac-82b2-427d-a244-6ca471c0359b,function_execution_time,1779111055.688055,0.000058991
experiment_name,4066f6ac-82b2-427d-a244-6ca471c0359b,function_execution_time,1779111055.7893958,0.000062725
experiment_name,4066f6ac-82b2-427d-a244-6ca471c0359b,function_execution_time,1779111055.8906534,0.000052576
experiment_name,4066f6ac-82b2-427d-a244-6ca471c0359b,function_execution_time,1779111055.9920204,0.000060008
experiment_name,8bd2aa66-3306-40bf-a6ac-0b1e7aa51fcf,function_execution_time,1779111054.1691477,0.000095341
experiment_name,8bd2aa66-3306-40bf-a6ac-0b1e7aa51fcf,function_execution_time,1779111054.2704165,0.000072915
experiment_name,8bd2aa66-3306-40bf-a6ac-0b1e7aa51fcf,function_execution_time,1779111054.3717442,0.000072127
experiment_name,8bd2aa66-3306-40bf-a6ac-0b1e7aa51fcf,function_execution_time,1779111054.4731407,0.000093719
experiment_name,8bd2aa66-3306-40bf-a6ac-0b1e7aa51fcf,function_execution_time,1779111054.574433,0.000072504
experiment_name,8bd2aa66-3306-40bf-a6ac-0b1e7aa51fcf,function_execution_time,1779111054.6758616,0.000182953
experiment_name,8bd2aa66-3306-40bf-a6ac-0b1e7aa51fcf,function_execution_time,1779111054.7772195,0.000076955
experiment_name,8bd2aa66-3306-40bf-a6ac-0b1e7aa51fcf,function_execution_time,1779111054.8784845,0.000100059
experiment_name,8bd2aa66-3306-40bf-a6ac-0b1e7aa51fcf,function_execution_time,1779111054.9787874,0.000071367
experiment_name,8bd2aa66-3306-40bf-a6ac-0b1e7aa51fcf,function_execution_time,1779111055.080152,0.000079051
experiment_name,8bd2aa66-3306-40bf-a6ac-0b1e7aa51fcf,function_execution_time,1779111055.1814017,0.000079758
experiment_name,8bd2aa66-3306-40bf-a6ac-0b1e7aa51fcf,function_execution_time,1779111055.282794,0.000079302
experiment_name,8bd2aa66-3306-40bf-a6ac-0b1e7aa51fcf,function_execution_time,1779111055.3840325,0.000072419
experiment_name,8bd2aa66-3306-40bf-a6ac-0b1e7aa51fcf,function_execution_time,1779111055.4853694,0.000080505
experiment_name,8bd2aa66-3306-40bf-a6ac-0b1e7aa51fcf,function_execution_time,1779111055.5866237,0.000079811
experiment_name,8bd2aa66-3306-40bf-a6ac-0b1e7aa51fcf,function_execution_time,1779111055.6880023,0.000142562
experiment_name,8bd2aa66-3306-40bf-a6ac-0b1e7aa51fcf,function_execution_time,1779111055.7893374,0.000100833
experiment_name,8bd2aa66-3306-40bf-a6ac-0b1e7aa51fcf,function_execution_time,1779111055.890582,0.000084816
experiment_name,8bd2aa66-3306-40bf-a6ac-0b1e7aa51fcf,function_execution_time,1779111055.9919293,0.000076006
experiment_name,8bd2aa66-3306-40bf-a6ac-0b1e7aa51fcf,function_transfer_time,1779111054.168996,0.000080967
experiment_name,8bd2aa66-3306-40bf-a6ac-0b1e7aa51fcf,function_transfer_time,1779111054.2703404,0.000078341
experiment_name,8bd2aa66-3306-40bf-a6ac-0b1e7aa51fcf,function_transfer_time,1779111054.371666,0.00009083
experiment_name,8bd2aa66-3306-40bf-a6ac-0b1e7aa51fcf,function_transfer_time,1779111054.4729939,0.000079406
experiment_name,8bd2aa66-3306-40bf-a6ac-0b1e7aa51fcf,function_transfer_time,1779111054.5743487,0.000082535
experiment_name,8bd2aa66-3306-40bf-a6ac-0b1e7aa51fcf,function_transfer_time,1779111054.6756742,0.000081445
experiment_name,8bd2aa66-3306-40bf-a6ac-0b1e7aa51fcf,function_transfer_time,1779111054.7770915,0.000078007
experiment_name,8bd2aa66-3306-40bf-a6ac-0b1e7aa51fcf,function_transfer_time,1779111054.8783782,0.000080706
experiment_name,8bd2aa66-3306-40bf-a6ac-0b1e7aa51fcf,function_transfer_time,1779111054.97871,0.000075269
experiment_name,8bd2aa66-3306-40bf-a6ac-0b1e7aa51fcf,function_transfer_time,1779111055.0800169,0.000076485
experiment_name,8bd2aa66-3306-40bf-a6ac-0b1e7aa51fcf,function_transfer_time,1779111055.1813216,0.000082419
experiment_name,8bd2aa66-3306-40bf-a6ac-0b1e7aa51fcf,function_transfer_time,1779111055.2826579,0.000082548
experiment_name,8bd2aa66-3306-40bf-a6ac-0b1e7aa51fcf,function_transfer_time,1779111055.3839545,0.000083358
experiment_name,8bd2aa66-3306-40bf-a6ac-0b1e7aa51fcf,function_transfer_time,1779111055.4852908,0.000082082
experiment_name,8bd2aa66-3306-40bf-a6ac-0b1e7aa51fcf,function_transfer_time,1779111055.5865388,0.000019567
experiment_name,8bd2aa66-3306-40bf-a6ac-0b1e7aa51fcf,function_transfer_time,1779111055.6878505,0.000087915
experiment_name,8bd2aa66-3306-40bf-a6ac-0b1e7aa51fcf,function_transfer_time,1779111055.7892213,0.000029023
experiment_name,8bd2aa66-3306-40bf-a6ac-0b1e7aa51fcf,function_transfer_time,1779111055.8904955,0.000026833
experiment_name,8bd2aa66-3306-40bf-a6ac-0b1e7aa51fcf,function_transfer_time,1779111055.9918497,0.00007809
experiment_name,4066f6ac-82b2-427d-a244-6ca471c0359b,function_transfer_time,1779111054.1691754,0.00011339
experiment_name,4066f6ac-82b2-427d-a244-6ca471c0359b,function_transfer_time,1779111054.2705188,0.000121259
experiment_name,4066f6ac-82b2-427d-a244-6ca471c0359b,function_transfer_time,1779111054.3718412,0.000120819
experiment_name,4066f6ac-82b2-427d-a244-6ca471c0359b,function_transfer_time,1779111054.4731748,0.000124801
experiment_name,4066f6ac-82b2-427d-a244-6ca471c0359b,function_transfer_time,1779111054.5745473,0.000141031
experiment_name,4066f6ac-82b2-427d-a244-6ca471c0359b,function_transfer_time,1779111054.6758661,0.00003565
experiment_name,4066f6ac-82b2-427d-a244-6ca471c0359b,function_transfer_time,1779111054.7772439,0.000102904
experiment_name,4066f6ac-82b2-427d-a244-6ca471c0359b,function_transfer_time,1779111054.8785398,0.000089123
experiment_name,4066f6ac-82b2-427d-a244-6ca471c0359b,function_transfer_time,1779111054.9788558,0.00004823
experiment_name,4066f6ac-82b2-427d-a244-6ca471c0359b,function_transfer_time,1779111055.080156,0.000035237
experiment_name,4066f6ac-82b2-427d-a244-6ca471c0359b,function_transfer_time,1779111055.181509,0.000126129
experiment_name,4066f6ac-82b2-427d-a244-6ca471c0359b,function_transfer_time,1779111055.282799,0.000033358
experiment_name,4066f6ac-82b2-427d-a244-6ca471c0359b,function_transfer_time,1779111055.38414,0.000131421
experiment_name,4066f6ac-82b2-427d-a244-6ca471c0359b,function_transfer_time,1779111055.4854527,0.000049525
experiment_name,4066f6ac-82b2-427d-a244-6ca471c0359b,function_transfer_time,1779111055.5866764,0.000087313
experiment_name,4066f6ac-82b2-427d-a244-6ca471c0359b,function_transfer_time,1779111055.6879983,0.000030946
experiment_name,4066f6ac-82b2-427d-a244-6ca471c0359b,function_transfer_time,1779111055.7893307,0.000043369
experiment_name,4066f6ac-82b2-427d-a244-6ca471c0359b,function_transfer_time,1779111055.8906012,0.000053104
experiment_name,4066f6ac-82b2-427d-a244-6ca471c0359b,function_transfer_time,1779111055.9919538,0.000048044
experiment_name,4066f6ac-82b2-427d-a244-6ca471c0359b,function_execution_time,1779111056.0928748,0.000093424
experiment_name,4066f6ac-82b2-427d-a244-6ca471c0359b,function_execution_time,1779111056.1947892,0.000060069
experiment_name,4066f6ac-82b2-427d-a244-6ca471c0359b,function_execution_time,1779111056.2961078,0.000061285
experiment_name,4066f6ac-82b2-427d-a244-6ca471c0359b,function_execution_time,1779111056.3974192,0.000068532
experiment_name,4066f6ac-82b2-427d-a244-6ca471c0359b,function_execution_time,1779111056.4987369,0.000060668
experiment_name,4066f6ac-82b2-427d-a244-6ca471c0359b,function_execution_time,1779111056.5999744,0.000063404
experiment_name,4066f6ac-82b2-427d-a244-6ca471c0359b,function_execution_time,1779111056.701305,0.000057988
experiment_name,4066f6ac-82b2-427d-a244-6ca471c0359b,function_execution_time,1779111056.8026888,0.000055244
experiment_name,4066f6ac-82b2-427d-a244-6ca471c0359b,function_execution_time,1779111056.9039333,0.000062486
experiment_name,4066f6ac-82b2-427d-a244-6ca471c0359b,function_execution_time,1779111057.0052063,0.000054189
experiment_name,4066f6ac-82b2-427d-a244-6ca471c0359b,function_execution_time,1779111057.1064038,0.000056686
experiment_name,4066f6ac-82b2-427d-a244-6ca471c0359b,function_execution_time,1779111057.2077663,0.000054914
experiment_name,4066f6ac-82b2-427d-a244-6ca471c0359b,function_execution_time,1779111057.3091767,0.000066816
experiment_name,4066f6ac-82b2-427d-a244-6ca471c0359b,function_execution_time,1779111057.4104035,0.000057246
experiment_name,4066f6ac-82b2-427d-a244-6ca471c0359b,function_execution_time,1779111057.511715,0.000078468
experiment_name,4066f6ac-82b2-427d-a244-6ca471c0359b,function_execution_time,1779111057.6130338,0.000060988
experiment_name,4066f6ac-82b2-427d-a244-6ca471c0359b,function_execution_time,1779111057.7144175,0.000057207
experiment_name,4066f6ac-82b2-427d-a244-6ca471c0359b,function_execution_time,1779111057.815729,0.000061807
experiment_name,4066f6ac-82b2-427d-a244-6ca471c0359b,function_execution_time,1779111057.917067,0.00005276
experiment_name,4066f6ac-82b2-427d-a244-6ca471c0359b,function_execution_time,1779111058.0183733,0.000056766
experiment_name,8bd2aa66-3306-40bf-a6ac-0b1e7aa51fcf,function_execution_time,1779111056.0928204,0.000122557
experiment_name,8bd2aa66-3306-40bf-a6ac-0b1e7aa51fcf,function_execution_time,1779111056.1946936,0.000096811
experiment_name,8bd2aa66-3306-40bf-a6ac-0b1e7aa51fcf,function_execution_time,1779111056.2959306,0.000071092
experiment_name,8bd2aa66-3306-40bf-a6ac-0b1e7aa51fcf,function_execution_time,1779111056.397314,0.000078801
experiment_name,8bd2aa66-3306-40bf-a6ac-0b1e7aa51fcf,function_execution_time,1779111056.498606,0.000088783
experiment_name,8bd2aa66-3306-40bf-a6ac-0b1e7aa51fcf,function_execution_time,1779111056.5999718,0.000084718
experiment_name,8bd2aa66-3306-40bf-a6ac-0b1e7aa51fcf,function_execution_time,1779111056.7012513,0.000144114
experiment_name,8bd2aa66-3306-40bf-a6ac-0b1e7aa51fcf,function_execution_time,1779111056.8025415,0.000077144
experiment_name,8bd2aa66-3306-40bf-a6ac-0b1e7aa51fcf,function_execution_time,1779111056.9038026,0.000075283
experiment_name,8bd2aa66-3306-40bf-a6ac-0b1e7aa51fcf,function_execution_time,1779111057.0050716,0.000069077
experiment_name,8bd2aa66-3306-40bf-a6ac-0b1e7aa51fcf,function_execution_time,1779111057.1063247,0.000069294
experiment_name,8bd2aa66-3306-40bf-a6ac-0b1e7aa51fcf,function_execution_time,1779111057.2076058,0.000080536
experiment_name,8bd2aa66-3306-40bf-a6ac-0b1e7aa51fcf,function_execution_time,1779111057.3090687,0.000077932
experiment_name,8bd2aa66-3306-40bf-a6ac-0b1e7aa51fcf,function_execution_time,1779111057.4103284,0.000070849
experiment_name,8bd2aa66-3306-40bf-a6ac-0b1e7aa51fcf,function_execution_time,1779111057.51169,0.000107178
experiment_name,8bd2aa66-3306-40bf-a6ac-0b1e7aa51fcf,function_execution_time,1779111057.612944,0.000070428
experiment_name,8bd2aa66-3306-40bf-a6ac-0b1e7aa51fcf,function_execution_time,1779111057.7143655,0.000157944
experiment_name,8bd2aa66-3306-40bf-a6ac-0b1e7aa51fcf,function_execution_time,1779111057.8156488,0.000069504
experiment_name,8bd2aa66-3306-40bf-a6ac-0b1e7aa51fcf,function_execution_time,1779111057.91706,0.00008224
experiment_name,8bd2aa66-3306-40bf-a6ac-0b1e7aa51fcf,function_execution_time,1779111058.018294,0.000073518
experiment_name,8bd2aa66-3306-40bf-a6ac-0b1e7aa51fcf,function_transfer_time,1779111056.0926917,0.000017759
experiment_name,8bd2aa66-3306-40bf-a6ac-0b1e7aa51fcf,function_transfer_time,1779111056.1945348,0.000094783
experiment_name,8bd2aa66-3306-40bf-a6ac-0b1e7aa51fcf,function_transfer_time,1779111056.2958498,0.000085474
experiment_name,8bd2aa66-3306-40bf-a6ac-0b1e7aa51fcf,function_transfer_time,1779111056.3971853,0.000078312
experiment_name,8bd2aa66-3306-40bf-a6ac-0b1e7aa51fcf,function_transfer_time,1779111056.498512,0.000082703
experiment_name,8bd2aa66-3306-40bf-a6ac-0b1e7aa51fcf,function_transfer_time,1779111056.5998282,0.000091107
experiment_name,8bd2aa66-3306-40bf-a6ac-0b1e7aa51fcf,function_transfer_time,1779111056.701096,0.000022682
experiment_name,8bd2aa66-3306-40bf-a6ac-0b1e7aa51fcf,function_transfer_time,1779111056.802466,0.000101918
experiment_name,8bd2aa66-3306-40bf-a6ac-0b1e7aa51fcf,function_transfer_time,1779111056.9037232,0.000020732
experiment_name,8bd2aa66-3306-40bf-a6ac-0b1e7aa51fcf,function_transfer_time,1779111057.0049865,0.000081759
experiment_name,8bd2aa66-3306-40bf-a6ac-0b1e7aa51fcf,function_transfer_time,1779111057.1062434,0.000020181
experiment_name,8bd2aa66-3306-40bf-a6ac-0b1e7aa51fcf,function_transfer_time,1779111057.2076023,0.000021499
experiment_name,8bd2aa66-3306-40bf-a6ac-0b1e7aa51fcf,function_transfer_time,1779111057.3089302,0.000019036
experiment_name,8bd2aa66-3306-40bf-a6ac-0b1e7aa51fcf,function_transfer_time,1779111057.410249,0.00008294
experiment_name,8bd2aa66-3306-40bf-a6ac-0b1e7aa51fcf,function_transfer_time,1779111057.5115557,0.000078266
experiment_name,8bd2aa66-3306-40bf-a6ac-0b1e7aa51fcf,function_transfer_time,1779111057.6128602,0.000083168
experiment_name,8bd2aa66-3306-40bf-a6ac-0b1e7aa51fcf,function_transfer_time,1779111057.7141964,0.000078656
experiment_name,8bd2aa66-3306-40bf-a6ac-0b1e7aa51fcf,function_transfer_time,1779111057.815565,0.000084435
experiment_name,8bd2aa66-3306-40bf-a6ac-0b1e7aa51fcf,function_transfer_time,1779111057.9169111,0.000083431
experiment_name,8bd2aa66-3306-40bf-a6ac-0b1e7aa51fcf,function_transfer_time,1779111058.018218,0.00008089
experiment_name,4066f6ac-82b2-427d-a244-6ca471c0359b,function_transfer_time,1779111056.0927806,0.000023465
experiment_name,4066f6ac-82b2-427d-a244-6ca471c0359b,function_transfer_time,1779111056.1947248,0.000123476
experiment_name,4066f6ac-82b2-427d-a244-6ca471c0359b,function_transfer_time,1779111056.296046,0.00014101
experiment_name,4066f6ac-82b2-427d-a244-6ca471c0359b,function_transfer_time,1779111056.3973465,0.000110731
experiment_name,4066f6ac-82b2-427d-a244-6ca471c0359b,function_transfer_time,1779111056.4986718,0.000099428
experiment_name,4066f6ac-82b2-427d-a244-6ca471c0359b,function_transfer_time,1779111056.5999663,0.000032993
experiment_name,4066f6ac-82b2-427d-a244-6ca471c0359b,function_transfer_time,1779111056.7012467,0.000033217
experiment_name,4066f6ac-82b2-427d-a244-6ca471c0359b,function_transfer_time,1779111056.8026328,0.000114218
experiment_name,4066f6ac-82b2-427d-a244-6ca471c0359b,function_transfer_time,1779111056.9038618,0.00009154
experiment_name,4066f6ac-82b2-427d-a244-6ca471c0359b,function_transfer_time,1779111057.0051517,0.000111438
experiment_name,4066f6ac-82b2-427d-a244-6ca471c0359b,function_transfer_time,1779111057.1063466,0.00004922
experiment_name,4066f6ac-82b2-427d-a244-6ca471c0359b,function_transfer_time,1779111057.207712,0.00012566
experiment_name,4066f6ac-82b2-427d-a244-6ca471c0359b,function_transfer_time,1779111057.3091059,0.000124668
experiment_name,4066f6ac-82b2-427d-a244-6ca471c0359b,function_transfer_time,1779111057.4103994,0.000048276
experiment_name,4066f6ac-82b2-427d-a244-6ca471c0359b,function_transfer_time,1779111057.511685,0.000027308
experiment_name,4066f6ac-82b2-427d-a244-6ca471c0359b,function_transfer_time,1779111057.6130126,0.000052363
experiment_name,4066f6ac-82b2-427d-a244-6ca471c0359b,function_transfer_time,1779111057.71436,0.00003242
experiment_name,4066f6ac-82b2-427d-a244-6ca471c0359b,function_transfer_time,1779111057.8157248,0.000048324
experiment_name,4066f6ac-82b2-427d-a244-6ca471c0359b,function_transfer_time,1779111057.9170647,0.000034217
experiment_name,4066f6ac-82b2-427d-a244-6ca471c0359b,function_transfer_time,1779111058.018369,0.00004498
experiment_name,4066f6ac-82b2-427d-a244-6ca471c0359b,function_execution_time,1779111058.1189728,0.000147105
experiment_name,4066f6ac-82b2-427d-a244-6ca471c0359b,function_execution_time,1779111058.2203197,0.000066836
experiment_name,4066f6ac-82b2-427d-a244-6ca471c0359b,function_execution_time,1779111058.321599,0.00005259
experiment_name,4066f6ac-82b2-427d-a244-6ca471c0359b,function_execution_time,1779111058.4219444,0.000052786
experiment_name,4066f6ac-82b2-427d-a244-6ca471c0359b,function_execution_time,1779111058.5232494,0.000057692
experiment_name,4066f6ac-82b2-427d-a244-6ca471c0359b,function_execution_time,1779111058.62457,0.000053865
experiment_name,4066f6ac-82b2-427d-a244-6ca471c0359b,function_execution_time,1779111058.7248852,0.000067309
experiment_name,4066f6ac-82b2-427d-a244-6ca471c0359b,function_execution_time,1779111058.8261414,0.000055089
experiment_name,4066f6ac-82b2-427d-a244-6ca471c0359b,function_execution_time,1779111058.9274888,0.000102429
experiment_name,4066f6ac-82b2-427d-a244-6ca471c0359b,function_execution_time,1779111059.0279148,0.000063762
experiment_name,4066f6ac-82b2-427d-a244-6ca471c0359b,function_execution_time,1779111059.1293745,0.000078349
experiment_name,4066f6ac-82b2-427d-a244-6ca471c0359b,function_execution_time,1779111059.230678,0.000058054
experiment_name,4066f6ac-82b2-427d-a244-6ca471c0359b,function_execution_time,1779111059.3310091,0.000058895
experiment_name,4066f6ac-82b2-427d-a244-6ca471c0359b,function_execution_time,1779111059.432313,0.000057672
experiment_name,4066f6ac-82b2-427d-a244-6ca471c0359b,function_execution_time,1779111059.5336292,0.000064822
experiment_name,4066f6ac-82b2-427d-a244-6ca471c0359b,function_execution_time,1779111059.6339738,0.000057038
experiment_name,4066f6ac-82b2-427d-a244-6ca471c0359b,function_execution_time,1779111059.7351966,0.000055502
experiment_name,4066f6ac-82b2-427d-a244-6ca471c0359b,function_execution_time,1779111059.836548,0.00005925
experiment_name,4066f6ac-82b2-427d-a244-6ca471c0359b,function_execution_time,1779111059.9378455,0.000055351
experiment_name,4066f6ac-82b2-427d-a244-6ca471c0359b,function_execution_time,1779111060.0391855,0.00006735
experiment_name,8bd2aa66-3306-40bf-a6ac-0b1e7aa51fcf,function_execution_time,1779111058.118864,0.000115154
experiment_name,8bd2aa66-3306-40bf-a6ac-0b1e7aa51fcf,function_execution_time,1779111058.2202387,0.000082549
experiment_name,8bd2aa66-3306-40bf-a6ac-0b1e7aa51fcf,function_execution_time,1779111058.3215504,0.000078937
experiment_name,8bd2aa66-3306-40bf-a6ac-0b1e7aa51fcf,function_execution_time,1779111058.4218662,0.000069622
experiment_name,8bd2aa66-3306-40bf-a6ac-0b1e7aa51fcf,function_execution_time,1779111058.5231676,0.000071967
experiment_name,8bd2aa66-3306-40bf-a6ac-0b1e7aa51fcf,function_execution_time,1779111058.624567,0.000094893
experiment_name,8bd2aa66-3306-40bf-a6ac-0b1e7aa51fcf,function_execution_time,1779111058.7248197,0.000158522
experiment_name,8bd2aa66-3306-40bf-a6ac-0b1e7aa51fcf,function_execution_time,1779111058.8260593,0.000067522
experiment_name,8bd2aa66-3306-40bf-a6ac-0b1e7aa51fcf,function_execution_time,1779111058.9274175,0.000129764
experiment_name,8bd2aa66-3306-40bf-a6ac-0b1e7aa51fcf,function_execution_time,1779111059.0278492,0.000094619
experiment_name,8bd2aa66-3306-40bf-a6ac-0b1e7aa51fcf,function_execution_time,1779111059.1292691,0.000087805
experiment_name,8bd2aa66-3306-40bf-a6ac-0b1e7aa51fcf,function_execution_time,1779111059.2305098,0.00008647
experiment_name,8bd2aa66-3306-40bf-a6ac-0b1e7aa51fcf,function_execution_time,1779111059.3309164,0.000090726
experiment_name,8bd2aa66-3306-40bf-a6ac-0b1e7aa51fcf,function_execution_time,1779111059.432159,0.000077885
experiment_name,8bd2aa66-3306-40bf-a6ac-0b1e7aa51fcf,function_execution_time,1779111059.5334952,0.000089083
experiment_name,8bd2aa66-3306-40bf-a6ac-0b1e7aa51fcf,function_execution_time,1779111059.6338923,0.000085966
experiment_name,8bd2aa66-3306-40bf-a6ac-0b1e7aa51fcf,function_execution_time,1779111059.7351356,0.000139866
experiment_name,8bd2aa66-3306-40bf-a6ac-0b1e7aa51fcf,function_execution_time,1779111059.8363962,0.000069502
experiment_name,8bd2aa66-3306-40bf-a6ac-0b1e7aa51fcf,function_execution_time,1779111059.9376912,0.000079424
experiment_name,8bd2aa66-3306-40bf-a6ac-0b1e7aa51fcf,function_execution_time,1779111060.0390368,0.00007367
experiment_name,4066f6ac-82b2-427d-a244-6ca471c0359b,function_transfer_time,1779111058.1188238,0.000018485
experiment_name,4066f6ac-82b2-427d-a244-6ca471c0359b,function_transfer_time,1779111058.2203155,0.000049285
experiment_name,4066f6ac-82b2-427d-a244-6ca471c0359b,function_transfer_time,1779111058.3215463,0.00002422
experiment_name,4066f6ac-82b2-427d-a244-6ca471c0359b,function_transfer_time,1779111058.4219396,0.000049942
experiment_name,4066f6ac-82b2-427d-a244-6ca471c0359b,function_transfer_time,1779111058.5232437,0.000047752
experiment_name,4066f6ac-82b2-427d-a244-6ca471c0359b,function_transfer_time,1779111058.6245625,0.000026985
experiment_name,4066f6ac-82b2-427d-a244-6ca471c0359b,function_transfer_time,1779111058.7248156,0.0000274
experiment_name,4066f6ac-82b2-427d-a244-6ca471c0359b,function_transfer_time,1779111058.8261364,0.000047682
experiment_name,4066f6ac-82b2-427d-a244-6ca471c0359b,function_transfer_time,1779111058.927375,0.000030306
experiment_name,4066f6ac-82b2-427d-a244-6ca471c0359b,function_transfer_time,1779111059.0278542,0.000039079
experiment_name,4066f6ac-82b2-427d-a244-6ca471c0359b,function_transfer_time,1779111059.1292915,0.000128592
experiment_name,4066f6ac-82b2-427d-a244-6ca471c0359b,function_transfer_time,1779111059.2306194,0.000129395
experiment_name,4066f6ac-82b2-427d-a244-6ca471c0359b,function_transfer_time,1779111059.3309457,0.000117349
experiment_name,4066f6ac-82b2-427d-a244-6ca471c0359b,function_transfer_time,1779111059.4322553,0.000115447
experiment_name,4066f6ac-82b2-427d-a244-6ca471c0359b,function_transfer_time,1779111059.5335598,0.00009789
experiment_name,4066f6ac-82b2-427d-a244-6ca471c0359b,function_transfer_time,1779111059.633913,0.000108941
experiment_name,4066f6ac-82b2-427d-a244-6ca471c0359b,function_transfer_time,1779111059.7351413,0.000034271
experiment_name,4066f6ac-82b2-427d-a244-6ca471c0359b,function_transfer_time,1779111059.8364892,0.000122177
experiment_name,4066f6ac-82b2-427d-a244-6ca471c0359b,function_transfer_time,1779111059.9377894,0.000127528
experiment_name,4066f6ac-82b2-427d-a244-6ca471c0359b,function_transfer_time,1779111060.039118,0.000116218
experiment_name,8bd2aa66-3306-40bf-a6ac-0b1e7aa51fcf,function_transfer_time,1779111058.1187463,0.00007661
experiment_name,8bd2aa66-3306-40bf-a6ac-0b1e7aa51fcf,function_transfer_time,1779111058.2201548,0.000022312
experiment_name,8bd2aa66-3306-40bf-a6ac-0b1e7aa51fcf,function_transfer_time,1779111058.3214684,0.000078082
experiment_name,8bd2aa66-3306-40bf-a6ac-0b1e7aa51fcf,function_transfer_time,1779111058.4217813,0.000084236
experiment_name,8bd2aa66-3306-40bf-a6ac-0b1e7aa51fcf,function_transfer_time,1779111058.5230856,0.000075474
experiment_name,8bd2aa66-3306-40bf-a6ac-0b1e7aa51fcf,function_transfer_time,1779111058.624412,0.000084078
experiment_name,8bd2aa66-3306-40bf-a6ac-0b1e7aa51fcf,function_transfer_time,1779111058.7246606,0.000022553
experiment_name,8bd2aa66-3306-40bf-a6ac-0b1e7aa51fcf,function_transfer_time,1779111058.8259776,0.000020592
experiment_name,8bd2aa66-3306-40bf-a6ac-0b1e7aa51fcf,function_transfer_time,1779111058.9272842,0.000029523
experiment_name,8bd2aa66-3306-40bf-a6ac-0b1e7aa51fcf,function_transfer_time,1779111059.0277438,0.000095295
experiment_name,8bd2aa66-3306-40bf-a6ac-0b1e7aa51fcf,function_transfer_time,1779111059.129105,0.000083326
experiment_name,8bd2aa66-3306-40bf-a6ac-0b1e7aa51fcf,function_transfer_time,1779111059.2304235,0.000081647
experiment_name,8bd2aa66-3306-40bf-a6ac-0b1e7aa51fcf,function_transfer_time,1779111059.3307672,0.000079293
experiment_name,8bd2aa66-3306-40bf-a6ac-0b1e7aa51fcf,function_transfer_time,1779111059.4320824,0.000079468
experiment_name,8bd2aa66-3306-40bf-a6ac-0b1e7aa51fcf,function_transfer_time,1779111059.5333996,0.000084624
experiment_name,8bd2aa66-3306-40bf-a6ac-0b1e7aa51fcf,function_transfer_time,1779111059.6337433,0.000079779
experiment_name,8bd2aa66-3306-40bf-a6ac-0b1e7aa51fcf,function_transfer_time,1779111059.7349904,0.000019941
experiment_name,8bd2aa66-3306-40bf-a6ac-0b1e7aa51fcf,function_transfer_time,1779111059.8363113,0.000019587
experiment_name,8bd2aa66-3306-40bf-a6ac-0b1e7aa51fcf,function_transfer_time,1779111059.9376082,0.000080621
experiment_name,8bd2aa66-3306-40bf-a6ac-0b1e7aa51fcf,function_transfer_time,1779111060.0389452,0.00008527
experiment_name,4066f6ac-82b2-427d-a244-6ca471c0359b,function_execution_time,1779111060.1407804,0.00006073
experiment_name,4066f6ac-82b2-427d-a244-6ca471c0359b,function_execution_time,1779111060.2420423,0.000062377
experiment_name,4066f6ac-82b2-427d-a244-6ca471c0359b,function_execution_time,1779111060.3433528,0.000055013
experiment_name,4066f6ac-82b2-427d-a244-6ca471c0359b,function_execution_time,1779111060.4447439,0.000065953
experiment_name,4066f6ac-82b2-427d-a244-6ca471c0359b,function_execution_time,1779111060.545987,0.000054716
experiment_name,4066f6ac-82b2-427d-a244-6ca471c0359b,function_execution_time,1779111060.647263,0.000058221
experiment_name,4066f6ac-82b2-427d-a244-6ca471c0359b,function_execution_time,1779111060.7486537,0.000056833
experiment_name,4066f6ac-82b2-427d-a244-6ca471c0359b,function_execution_time,1779111060.8500042,0.000057389
experiment_name,4066f6ac-82b2-427d-a244-6ca471c0359b,function_execution_time,1779111060.9513214,0.000059192
experiment_name,4066f6ac-82b2-427d-a244-6ca471c0359b,function_execution_time,1779111061.0527232,0.000066738
experiment_name,4066f6ac-82b2-427d-a244-6ca471c0359b,function_execution_time,1779111061.1529174,0.000056729
experiment_name,4066f6ac-82b2-427d-a244-6ca471c0359b,function_execution_time,1779111061.2542994,0.000053768
experiment_name,4066f6ac-82b2-427d-a244-6ca471c0359b,function_execution_time,1779111061.3555496,0.000056942
experiment_name,4066f6ac-82b2-427d-a244-6ca471c0359b,function_execution_time,1779111061.455927,0.000061521
experiment_name,4066f6ac-82b2-427d-a244-6ca471c0359b,function_execution_time,1779111061.5571463,0.000056532
experiment_name,4066f6ac-82b2-427d-a244-6ca471c0359b,function_execution_time,1779111061.6584873,0.000073803
experiment_name,4066f6ac-82b2-427d-a244-6ca471c0359b,function_execution_time,1779111061.759763,0.00005371
experiment_name,4066f6ac-82b2-427d-a244-6ca471c0359b,function_execution_time,1779111061.861153,0.000055892
experiment_name,4066f6ac-82b2-427d-a244-6ca471c0359b,function_execution_time,1779111061.9624076,0.000066792
experiment_name,4066f6ac-82b2-427d-a244-6ca471c0359b,function_execution_time,1779111062.0638373,0.000056449
experiment_name,8bd2aa66-3306-40bf-a6ac-0b1e7aa51fcf,function_execution_time,1779111060.1407316,0.000092568
experiment_name,8bd2aa66-3306-40bf-a6ac-0b1e7aa51fcf,function_execution_time,1779111060.24204,0.000084131
experiment_name,8bd2aa66-3306-40bf-a6ac-0b1e7aa51fcf,function_execution_time,1779111060.3433015,0.000088059
experiment_name,8bd2aa66-3306-40bf-a6ac-0b1e7aa51fcf,function_execution_time,1779111060.444577,0.00006906
experiment_name,8bd2aa66-3306-40bf-a6ac-0b1e7aa51fcf,function_execution_time,1779111060.5458512,0.000068056
experiment_name,8bd2aa66-3306-40bf-a6ac-0b1e7aa51fcf,function_execution_time,1779111060.6471796,0.00007083
experiment_name,8bd2aa66-3306-40bf-a6ac-0b1e7aa51fcf,function_execution_time,1779111060.7485948,0.000166251
experiment_name,8bd2aa66-3306-40bf-a6ac-0b1e7aa51fcf,function_execution_time,1779111060.8499134,0.000069504
experiment_name,8bd2aa66-3306-40bf-a6ac-0b1e7aa51fcf,function_execution_time,1779111060.9512408,0.00007897
experiment_name,8bd2aa66-3306-40bf-a6ac-0b1e7aa51fcf,function_execution_time,1779111061.0525272,0.000070956
experiment_name,8bd2aa66-3306-40bf-a6ac-0b1e7aa51fcf,function_execution_time,1779111061.1528382,0.000068403
experiment_name,8bd2aa66-3306-40bf-a6ac-0b1e7aa51fcf,function_execution_time,1779111061.2541544,0.000082749
experiment_name,8bd2aa66-3306-40bf-a6ac-0b1e7aa51fcf,function_execution_time,1779111061.355471,0.00008441
experiment_name,8bd2aa66-3306-40bf-a6ac-0b1e7aa51fcf,function_execution_time,1779111061.4557817,0.00006837
experiment_name,8bd2aa66-3306-40bf-a6ac-0b1e7aa51fcf,function_execution_time,1779111061.557066,0.00006698
experiment_name,8bd2aa66-3306-40bf-a6ac-0b1e7aa51fcf,function_execution_time,1779111061.658341,0.000095962
experiment_name,8bd2aa66-3306-40bf-a6ac-0b1e7aa51fcf,function_execution_time,1779111061.7597146,0.000142372
experiment_name,8bd2aa66-3306-40bf-a6ac-0b1e7aa51fcf,function_execution_time,1779111061.86099,0.000069577
experiment_name,8bd2aa66-3306-40bf-a6ac-0b1e7aa51fcf,function_execution_time,1779111061.9623141,0.000079584
experiment_name,8bd2aa66-3306-40bf-a6ac-0b1e7aa51fcf,function_execution_time,1779111062.0636775,0.000077828
experiment_name,8bd2aa66-3306-40bf-a6ac-0b1e7aa51fcf,function_transfer_time,1779111060.140565,0.000085168
experiment_name,8bd2aa66-3306-40bf-a6ac-0b1e7aa51fcf,function_transfer_time,1779111060.2418945,0.00008713
experiment_name,8bd2aa66-3306-40bf-a6ac-0b1e7aa51fcf,function_transfer_time,1779111060.3432088,0.000078624
experiment_name,8bd2aa66-3306-40bf-a6ac-0b1e7aa51fcf,function_transfer_time,1779111060.444495,0.000082445
experiment_name,8bd2aa66-3306-40bf-a6ac-0b1e7aa51fcf,function_transfer_time,1779111060.5457683,0.000019343
experiment_name,8bd2aa66-3306-40bf-a6ac-0b1e7aa51fcf,function_transfer_time,1779111060.6470861,0.00008271
experiment_name,8bd2aa66-3306-40bf-a6ac-0b1e7aa51fcf,function_transfer_time,1779111060.7484229,0.000077907
experiment_name,8bd2aa66-3306-40bf-a6ac-0b1e7aa51fcf,function_transfer_time,1779111060.8498318,0.000083895
experiment_name,8bd2aa66-3306-40bf-a6ac-0b1e7aa51fcf,function_transfer_time,1779111060.9511466,0.00007818
experiment_name,8bd2aa66-3306-40bf-a6ac-0b1e7aa51fcf,function_transfer_time,1779111061.0524485,0.000020393
experiment_name,8bd2aa66-3306-40bf-a6ac-0b1e7aa51fcf,function_transfer_time,1779111061.1527574,0.000082391
experiment_name,8bd2aa66-3306-40bf-a6ac-0b1e7aa51fcf,function_transfer_time,1779111061.2540703,0.000077066
experiment_name,8bd2aa66-3306-40bf-a6ac-0b1e7aa51fcf,function_transfer_time,1779111061.3553858,0.000077608
experiment_name,8bd2aa66-3306-40bf-a6ac-0b1e7aa51fcf,function_transfer_time,1779111061.4556973,0.000080072
experiment_name,8bd2aa66-3306-40bf-a6ac-0b1e7aa51fcf,function_transfer_time,1779111061.5569847,0.000025174
experiment_name,8bd2aa66-3306-40bf-a6ac-0b1e7aa51fcf,function_transfer_time,1779111061.6582394,0.00002408
experiment_name,8bd2aa66-3306-40bf-a6ac-0b1e7aa51fcf,function_transfer_time,1779111061.759564,0.000077182
experiment_name,8bd2aa66-3306-40bf-a6ac-0b1e7aa51fcf,function_transfer_time,1779111061.8609102,0.000082372
experiment_name,8bd2aa66-3306-40bf-a6ac-0b1e7aa51fcf,function_transfer_time,1779111061.9622362,0.000081021
experiment_name,8bd2aa66-3306-40bf-a6ac-0b1e7aa51fcf,function_transfer_time,1779111062.0635972,0.00008555
experiment_name,4066f6ac-82b2-427d-a244-6ca471c0359b,function_transfer_time,1779111060.140738,0.000091884
experiment_name,4066f6ac-82b2-427d-a244-6ca471c0359b,function_transfer_time,1779111060.2420352,0.0000305
experiment_name,4066f6ac-82b2-427d-a244-6ca471c0359b,function_transfer_time,1779111060.3432972,0.000025509
experiment_name,4066f6ac-82b2-427d-a244-6ca471c0359b,function_transfer_time,1779111060.4446776,0.000128668
experiment_name,4066f6ac-82b2-427d-a244-6ca471c0359b,function_transfer_time,1779111060.545931,0.000110552
experiment_name,4066f6ac-82b2-427d-a244-6ca471c0359b,function_transfer_time,1779111060.6472588,0.000060011
experiment_name,4066f6ac-82b2-427d-a244-6ca471c0359b,function_transfer_time,1779111060.7485988,0.000036672
experiment_name,4066f6ac-82b2-427d-a244-6ca471c0359b,function_transfer_time,1779111060.8499992,0.000050884
experiment_name,4066f6ac-82b2-427d-a244-6ca471c0359b,function_transfer_time,1779111060.9513159,0.000052589
experiment_name,4066f6ac-82b2-427d-a244-6ca471c0359b,function_transfer_time,1779111061.0526564,0.000152471
experiment_name,4066f6ac-82b2-427d-a244-6ca471c0359b,function_transfer_time,1779111061.1529133,0.000051865
experiment_name,4066f6ac-82b2-427d-a244-6ca471c0359b,function_transfer_time,1779111061.2542465,0.000117538
experiment_name,4066f6ac-82b2-427d-a244-6ca471c0359b,function_transfer_time,1779111061.3555455,0.000056308
experiment_name,4066f6ac-82b2-427d-a244-6ca471c0359b,function_transfer_time,1779111061.4558587,0.000111576
experiment_name,4066f6ac-82b2-427d-a244-6ca471c0359b,function_transfer_time,1779111061.5571423,0.000052051
experiment_name,4066f6ac-82b2-427d-a244-6ca471c0359b,function_transfer_time,1779111061.658399,0.000095144
experiment_name,4066f6ac-82b2-427d-a244-6ca471c0359b,function_transfer_time,1779111061.75971,0.000029811
experiment_name,4066f6ac-82b2-427d-a244-6ca471c0359b,function_transfer_time,1779111061.8610966,0.000131464
experiment_name,4066f6ac-82b2-427d-a244-6ca471c0359b,function_transfer_time,1779111061.9623911,0.000051354
experiment_name,4066f6ac-82b2-427d-a244-6ca471c0359b,function_transfer_time,1779111062.063781,0.00012479
experiment_name,4066f6ac-82b2-427d-a244-6ca471c0359b,function_execution_time,1779111062.1652946,0.000056447
experiment_name,4066f6ac-82b2-427d-a244-6ca471c0359b,function_execution_time,1779111062.2665133,0.000058286
experiment_name,4066f6ac-82b2-427d-a244-6ca471c0359b,function_execution_time,1779111062.3678658,0.000068565
experiment_name,4066f6ac-82b2-427d-a244-6ca471c0359b,function_execution_time,1779111062.4691708,0.000056628
experiment_name,4066f6ac-82b2-427d-a244-6ca471c0359b,function_execution_time,1779111062.5705168,0.00006066
experiment_name,4066f6ac-82b2-427d-a244-6ca471c0359b,function_execution_time,1779111062.6718235,0.000056452
experiment_name,4066f6ac-82b2-427d-a244-6ca471c0359b,function_execution_time,1779111062.773133,0.000058358
experiment_name,4066f6ac-82b2-427d-a244-6ca471c0359b,function_execution_time,1779111062.8745203,0.000061746
experiment_name,4066f6ac-82b2-427d-a244-6ca471c0359b,function_execution_time,1779111062.9758472,0.000053767
experiment_name,4066f6ac-82b2-427d-a244-6ca471c0359b,function_execution_time,1779111063.0771792,0.000055927
experiment_name,4066f6ac-82b2-427d-a244-6ca471c0359b,function_execution_time,1779111063.1785133,0.000054651
experiment_name,4066f6ac-82b2-427d-a244-6ca471c0359b,function_execution_time,1779111063.2798514,0.000065882
experiment_name,4066f6ac-82b2-427d-a244-6ca471c0359b,function_execution_time,1779111063.3811486,0.000058417
experiment_name,4066f6ac-82b2-427d-a244-6ca471c0359b,function_execution_time,1779111063.4824522,0.000066285
experiment_name,4066f6ac-82b2-427d-a244-6ca471c0359b,function_execution_time,1779111063.5837336,0.00005418
experiment_name,4066f6ac-82b2-427d-a244-6ca471c0359b,function_execution_time,1779111063.6850667,0.000060739
experiment_name,4066f6ac-82b2-427d-a244-6ca471c0359b,function_execution_time,1779111063.7863562,0.000053367
experiment_name,4066f6ac-82b2-427d-a244-6ca471c0359b,function_execution_time,1779111063.8876739,0.000053585
experiment_name,4066f6ac-82b2-427d-a244-6ca471c0359b,function_execution_time,1779111063.989086,0.00005815
experiment_name,8bd2aa66-3306-40bf-a6ac-0b1e7aa51fcf,function_execution_time,1779111062.1651418,0.000079112
experiment_name,8bd2aa66-3306-40bf-a6ac-0b1e7aa51fcf,function_execution_time,1779111062.2664497,0.000100605
experiment_name,8bd2aa66-3306-40bf-a6ac-0b1e7aa51fcf,function_execution_time,1779111062.3677857,0.000086524
experiment_name,8bd2aa66-3306-40bf-a6ac-0b1e7aa51fcf,function_execution_time,1779111062.469026,0.000073675
experiment_name,8bd2aa66-3306-40bf-a6ac-0b1e7aa51fcf,function_execution_time,1779111062.5704038,0.000087127
experiment_name,8bd2aa66-3306-40bf-a6ac-0b1e7aa51fcf,function_execution_time,1779111062.6716619,0.000080427
experiment_name,8bd2aa66-3306-40bf-a6ac-0b1e7aa51fcf,function_execution_time,1779111062.7730782,0.000152926
experiment_name,8bd2aa66-3306-40bf-a6ac-0b1e7aa51fcf,function_execution_time,1779111062.8743627,0.000071071
experiment_name,8bd2aa66-3306-40bf-a6ac-0b1e7aa51fcf,function_execution_time,1779111062.9756947,0.000072281
experiment_name,8bd2aa66-3306-40bf-a6ac-0b1e7aa51fcf,function_execution_time,1779111063.0770218,0.000080556
experiment_name,8bd2aa66-3306-40bf-a6ac-0b1e7aa51fcf,function_execution_time,1779111063.1783538,0.000071229
experiment_name,8bd2aa66-3306-40bf-a6ac-0b1e7aa51fcf,function_execution_time,1779111063.279745,0.000078016
experiment_name,8bd2aa66-3306-40bf-a6ac-0b1e7aa51fcf,function_execution_time,1779111063.380985,0.00007907
experiment_name,8bd2aa66-3306-40bf-a6ac-0b1e7aa51fcf,function_execution_time,1779111063.4823565,0.000074908
experiment_name,8bd2aa66-3306-40bf-a6ac-0b1e7aa51fcf,function_execution_time,1779111063.5835836,0.000067844
experiment_name,8bd2aa66-3306-40bf-a6ac-0b1e7aa51fcf,function_execution_time,1779111063.684917,0.000075348
experiment_name,8bd2aa66-3306-40bf-a6ac-0b1e7aa51fcf,function_execution_time,1779111063.7862988,0.000135511
experiment_name,8bd2aa66-3306-40bf-a6ac-0b1e7aa51fcf,function_execution_time,1779111063.8875978,0.000068301
experiment_name,8bd2aa66-3306-40bf-a6ac-0b1e7aa51fcf,function_execution_time,1779111063.9889314,0.000069055
experiment_name,8bd2aa66-3306-40bf-a6ac-0b1e7aa51fcf,function_transfer_time,1779111062.1650648,0.000085259
experiment_name,8bd2aa66-3306-40bf-a6ac-0b1e7aa51fcf,function_transfer_time,1779111062.2663465,0.00002266
experiment_name,8bd2aa66-3306-40bf-a6ac-0b1e7aa51fcf,function_transfer_time,1779111062.367633,0.000083087
experiment_name,8bd2aa66-3306-40bf-a6ac-0b1e7aa51fcf,function_transfer_time,1779111062.4689486,0.000078036
experiment_name,8bd2aa66-3306-40bf-a6ac-0b1e7aa51fcf,function_transfer_time,1779111062.5702684,0.000085982
experiment_name,8bd2aa66-3306-40bf-a6ac-0b1e7aa51fcf,function_transfer_time,1779111062.6715798,0.00008303
experiment_name,8bd2aa66-3306-40bf-a6ac-0b1e7aa51fcf,function_transfer_time,1779111062.772916,0.000074763
experiment_name,8bd2aa66-3306-40bf-a6ac-0b1e7aa51fcf,function_transfer_time,1779111062.874284,0.00008364
experiment_name,8bd2aa66-3306-40bf-a6ac-0b1e7aa51fcf,function_transfer_time,1779111062.9756198,0.000076968
experiment_name,8bd2aa66-3306-40bf-a6ac-0b1e7aa51fcf,function_transfer_time,1779111063.076938,0.000086392
experiment_name,8bd2aa66-3306-40bf-a6ac-0b1e7aa51fcf,function_transfer_time,1779111063.1782737,0.000081292
experiment_name,8bd2aa66-3306-40bf-a6ac-0b1e7aa51fcf,function_transfer_time,1779111063.27961,0.000078095
experiment_name,8bd2aa66-3306-40bf-a6ac-0b1e7aa51fcf,function_transfer_time,1779111063.3809052,0.000082025
experiment_name,8bd2aa66-3306-40bf-a6ac-0b1e7aa51fcf,function_transfer_time,1779111063.48223,0.000082333
experiment_name,8bd2aa66-3306-40bf-a6ac-0b1e7aa51fcf,function_transfer_time,1779111063.5835066,0.000082578
experiment_name,8bd2aa66-3306-40bf-a6ac-0b1e7aa51fcf,function_transfer_time,1779111063.684831,0.000079754
experiment_name,8bd2aa66-3306-40bf-a6ac-0b1e7aa51fcf,function_transfer_time,1779111063.7861586,0.00008452
experiment_name,8bd2aa66-3306-40bf-a6ac-0b1e7aa51fcf,function_transfer_time,1779111063.8875155,0.000086131
experiment_name,8bd2aa66-3306-40bf-a6ac-0b1e7aa51fcf,function_transfer_time,1779111063.9888523,0.000077572
experiment_name,4066f6ac-82b2-427d-a244-6ca471c0359b,function_transfer_time,1779111062.1652381,0.000112413
experiment_name,4066f6ac-82b2-427d-a244-6ca471c0359b,function_transfer_time,1779111062.2664459,0.000031194
experiment_name,4066f6ac-82b2-427d-a244-6ca471c0359b,function_transfer_time,1779111062.3677902,0.000102196
experiment_name,4066f6ac-82b2-427d-a244-6ca471c0359b,function_transfer_time,1779111062.4691138,0.000110087
experiment_name,4066f6ac-82b2-427d-a244-6ca471c0359b,function_transfer_time,1779111062.570447,0.000111885
experiment_name,4066f6ac-82b2-427d-a244-6ca471c0359b,function_transfer_time,1779111062.6717663,0.000131684
experiment_name,4066f6ac-82b2-427d-a244-6ca471c0359b,function_transfer_time,1779111062.7730742,0.000034233
experiment_name,4066f6ac-82b2-427d-a244-6ca471c0359b,function_transfer_time,1779111062.874458,0.000121095
experiment_name,4066f6ac-82b2-427d-a244-6ca471c0359b,function_transfer_time,1779111062.9757931,0.000118689
experiment_name,4066f6ac-82b2-427d-a244-6ca471c0359b,function_transfer_time,1779111063.0771217,0.000121969
experiment_name,4066f6ac-82b2-427d-a244-6ca471c0359b,function_transfer_time,1779111063.1784627,0.000129647
experiment_name,4066f6ac-82b2-427d-a244-6ca471c0359b,function_transfer_time,1779111063.2797813,0.00011937
experiment_name,4066f6ac-82b2-427d-a244-6ca471c0359b,function_transfer_time,1779111063.3810902,0.000124904
experiment_name,4066f6ac-82b2-427d-a244-6ca471c0359b,function_transfer_time,1779111063.482383,0.000102002
experiment_name,4066f6ac-82b2-427d-a244-6ca471c0359b,function_transfer_time,1779111063.5836794,0.000120646
experiment_name,4066f6ac-82b2-427d-a244-6ca471c0359b,function_transfer_time,1779111063.685006,0.000121478
experiment_name,4066f6ac-82b2-427d-a244-6ca471c0359b,function_transfer_time,1779111063.7863033,0.000033519
experiment_name,4066f6ac-82b2-427d-a244-6ca471c0359b,function_transfer_time,1779111063.8876197,0.000051887
experiment_name,4066f6ac-82b2-427d-a244-6ca471c0359b,function_transfer_time,1779111063.9890294,0.000120758
experiment_name,8bd2aa66-3306-40bf-a6ac-0b1e7aa51fcf,function_execution_time,1779111064.0902948,0.000104545
experiment_name,8bd2aa66-3306-40bf-a6ac-0b1e7aa51fcf,function_execution_time,1779111064.1912186,0.000070823
experiment_name,8bd2aa66-3306-40bf-a6ac-0b1e7aa51fcf,function_execution_time,1779111064.2926006,0.000086428
experiment_name,8bd2aa66-3306-40bf-a6ac-0b1e7aa51fcf,function_execution_time,1779111064.392849,0.000084125
experiment_name,8bd2aa66-3306-40bf-a6ac-0b1e7aa51fcf,function_execution_time,1779111064.4942358,0.000077526
experiment_name,8bd2aa66-3306-40bf-a6ac-0b1e7aa51fcf,function_execution_time,1779111064.5954998,0.000085927
experiment_name,8bd2aa66-3306-40bf-a6ac-0b1e7aa51fcf,function_execution_time,1779111064.69582,0.000071132
experiment_name,8bd2aa66-3306-40bf-a6ac-0b1e7aa51fcf,function_execution_time,1779111064.7973356,0.00016186
experiment_name,8bd2aa66-3306-40bf-a6ac-0b1e7aa51fcf,function_execution_time,1779111064.8985872,0.000080371
experiment_name,8bd2aa66-3306-40bf-a6ac-0b1e7aa51fcf,function_execution_time,1779111064.9999087,0.000080821
experiment_name,8bd2aa66-3306-40bf-a6ac-0b1e7aa51fcf,function_execution_time,1779111065.1011763,0.000084099
experiment_name,8bd2aa66-3306-40bf-a6ac-0b1e7aa51fcf,function_execution_time,1779111065.202525,0.000098044
experiment_name,8bd2aa66-3306-40bf-a6ac-0b1e7aa51fcf,function_execution_time,1779111065.302762,0.000077013
experiment_name,8bd2aa66-3306-40bf-a6ac-0b1e7aa51fcf,function_execution_time,1779111065.4041362,0.000070399
experiment_name,8bd2aa66-3306-40bf-a6ac-0b1e7aa51fcf,function_execution_time,1779111065.5055315,0.00009684
experiment_name,8bd2aa66-3306-40bf-a6ac-0b1e7aa51fcf,function_execution_time,1779111065.6057298,0.000074099
experiment_name,8bd2aa66-3306-40bf-a6ac-0b1e7aa51fcf,function_execution_time,1779111065.7069843,0.000068748
experiment_name,8bd2aa66-3306-40bf-a6ac-0b1e7aa51fcf,function_execution_time,1779111065.8083267,0.000154754
experiment_name,8bd2aa66-3306-40bf-a6ac-0b1e7aa51fcf,function_execution_time,1779111065.9096284,0.00009463
experiment_name,8bd2aa66-3306-40bf-a6ac-0b1e7aa51fcf,function_execution_time,1779111066.0108616,0.000077378
experiment_name,4066f6ac-82b2-427d-a244-6ca471c0359b,function_execution_time,1779111064.0904222,0.000060292
experiment_name,4066f6ac-82b2-427d-a244-6ca471c0359b,function_execution_time,1779111064.1913931,0.000063638
experiment_name,4066f6ac-82b2-427d-a244-6ca471c0359b,function_execution_time,1779111064.2926695,0.000057416
experiment_name,4066f6ac-82b2-427d-a244-6ca471c0359b,function_execution_time,1779111064.3930063,0.00005682
experiment_name,4066f6ac-82b2-427d-a244-6ca471c0359b,function_execution_time,1779111064.4943256,0.000054845
experiment_name,4066f6ac-82b2-427d-a244-6ca471c0359b,function_execution_time,1779111064.5956633,0.000063429
experiment_name,4066f6ac-82b2-427d-a244-6ca471c0359b,function_execution_time,1779111064.6959927,0.00005914
experiment_name,4066f6ac-82b2-427d-a244-6ca471c0359b,function_execution_time,1779111064.797403,0.000062298
experiment_name,4066f6ac-82b2-427d-a244-6ca471c0359b,function_execution_time,1779111064.8987591,0.000059933
experiment_name,4066f6ac-82b2-427d-a244-6ca471c0359b,function_execution_time,1779111065.0000482,0.000055378
experiment_name,4066f6ac-82b2-427d-a244-6ca471c0359b,function_execution_time,1779111065.1013434,0.000071909
experiment_name,4066f6ac-82b2-427d-a244-6ca471c0359b,function_execution_time,1779111065.2026088,0.00005545
experiment_name,4066f6ac-82b2-427d-a244-6ca471c0359b,function_execution_time,1779111065.3028545,0.000057779
experiment_name,4066f6ac-82b2-427d-a244-6ca471c0359b,function_execution_time,1779111065.4042966,0.000053639
experiment_name,4066f6ac-82b2-427d-a244-6ca471c0359b,function_execution_time,1779111065.5056345,0.000064823
experiment_name,4066f6ac-82b2-427d-a244-6ca471c0359b,function_execution_time,1779111065.6058874,0.000055037
experiment_name,4066f6ac-82b2-427d-a244-6ca471c0359b,function_execution_time,1779111065.7071512,0.000057239
experiment_name,4066f6ac-82b2-427d-a244-6ca471c0359b,function_execution_time,1779111065.8083792,0.000056809
experiment_name,4066f6ac-82b2-427d-a244-6ca471c0359b,function_execution_time,1779111065.909704,0.000065109
experiment_name,4066f6ac-82b2-427d-a244-6ca471c0359b,function_execution_time,1779111066.0110326,0.000069619
experiment_name,8bd2aa66-3306-40bf-a6ac-0b1e7aa51fcf,function_transfer_time,1779111064.0901792,0.000089492
experiment_name,8bd2aa66-3306-40bf-a6ac-0b1e7aa51fcf,function_transfer_time,1779111064.1911366,0.000081408
experiment_name,8bd2aa66-3306-40bf-a6ac-0b1e7aa51fcf,function_transfer_time,1779111064.2924495,0.00007497
experiment_name,8bd2aa66-3306-40bf-a6ac-0b1e7aa51fcf,function_transfer_time,1779111064.392764,0.000080454
experiment_name,8bd2aa66-3306-40bf-a6ac-0b1e7aa51fcf,function_transfer_time,1779111064.4941072,0.000074264
experiment_name,8bd2aa66-3306-40bf-a6ac-0b1e7aa51fcf,function_transfer_time,1779111064.5954058,0.000082655
experiment_name,8bd2aa66-3306-40bf-a6ac-0b1e7aa51fcf,function_transfer_time,1779111064.6958163,0.000076333
experiment_name,8bd2aa66-3306-40bf-a6ac-0b1e7aa51fcf,function_transfer_time,1779111064.7971673,0.000023047
experiment_name,8bd2aa66-3306-40bf-a6ac-0b1e7aa51fcf,function_transfer_time,1779111064.898504,0.000022737
experiment_name,8bd2aa66-3306-40bf-a6ac-0b1e7aa51fcf,function_transfer_time,1779111064.9998283,0.000084308
experiment_name,8bd2aa66-3306-40bf-a6ac-0b1e7aa51fcf,function_transfer_time,1779111065.101093,0.000024837
experiment_name,8bd2aa66-3306-40bf-a6ac-0b1e7aa51fcf,function_transfer_time,1779111065.2023773,0.000023026
experiment_name,8bd2aa66-3306-40bf-a6ac-0b1e7aa51fcf,function_transfer_time,1779111065.3026266,0.000020728
experiment_name,8bd2aa66-3306-40bf-a6ac-0b1e7aa51fcf,function_transfer_time,1779111065.4040556,0.000021736
experiment_name,8bd2aa66-3306-40bf-a6ac-0b1e7aa51fcf,function_transfer_time,1779111065.505364,0.000085143
experiment_name,8bd2aa66-3306-40bf-a6ac-0b1e7aa51fcf,function_transfer_time,1779111065.6056504,0.000024674
experiment_name,8bd2aa66-3306-40bf-a6ac-0b1e7aa51fcf,function_transfer_time,1779111065.7069046,0.000020016
experiment_name,8bd2aa66-3306-40bf-a6ac-0b1e7aa51fcf,function_transfer_time,1779111065.8081598,0.000018024
experiment_name,8bd2aa66-3306-40bf-a6ac-0b1e7aa51fcf,function_transfer_time,1779111065.9095254,0.000036873
experiment_name,8bd2aa66-3306-40bf-a6ac-0b1e7aa51fcf,function_transfer_time,1779111066.0107808,0.000027366
experiment_name,4066f6ac-82b2-427d-a244-6ca471c0359b,function_transfer_time,1779111064.0904171,0.000098838
experiment_name,4066f6ac-82b2-427d-a244-6ca471c0359b,function_transfer_time,1779111064.1913307,0.000138017
experiment_name,4066f6ac-82b2-427d-a244-6ca471c0359b,function_transfer_time,1779111064.292605,0.000101327
experiment_name,4066f6ac-82b2-427d-a244-6ca471c0359b,function_transfer_time,1779111064.3929498,0.000127379
experiment_name,4066f6ac-82b2-427d-a244-6ca471c0359b,function_transfer_time,1779111064.4942675,0.000109944
experiment_name,4066f6ac-82b2-427d-a244-6ca471c0359b,function_transfer_time,1779111064.5956,0.00012505
experiment_name,4066f6ac-82b2-427d-a244-6ca471c0359b,function_transfer_time,1779111064.695934,0.000132555
experiment_name,4066f6ac-82b2-427d-a244-6ca471c0359b,function_transfer_time,1779111064.7973404,0.000037827
experiment_name,4066f6ac-82b2-427d-a244-6ca471c0359b,function_transfer_time,1779111064.8986986,0.00013393
experiment_name,4066f6ac-82b2-427d-a244-6ca471c0359b,function_transfer_time,1779111064.9999924,0.000105147
experiment_name,4066f6ac-82b2-427d-a244-6ca471c0359b,function_transfer_time,1779111065.101269,0.000112304
experiment_name,4066f6ac-82b2-427d-a244-6ca471c0359b,function_transfer_time,1779111065.202549,0.000099678
experiment_name,4066f6ac-82b2-427d-a244-6ca471c0359b,function_transfer_time,1779111065.3027902,0.000112614
experiment_name,4066f6ac-82b2-427d-a244-6ca471c0359b,function_transfer_time,1779111065.4042428,0.000131882
experiment_name,4066f6ac-82b2-427d-a244-6ca471c0359b,function_transfer_time,1779111065.5055661,0.000149162
experiment_name,4066f6ac-82b2-427d-a244-6ca471c0359b,function_transfer_time,1779111065.6058314,0.000124449
experiment_name,4066f6ac-82b2-427d-a244-6ca471c0359b,function_transfer_time,1779111065.7070928,0.000134357
experiment_name,4066f6ac-82b2-427d-a244-6ca471c0359b,function_transfer_time,1779111065.8083222,0.000033817
experiment_name,4066f6ac-82b2-427d-a244-6ca471c0359b,function_transfer_time,1779111065.9096346,0.000047278
experiment_name,4066f6ac-82b2-427d-a244-6ca471c0359b,function_transfer_time,1779111066.0109615,0.000119334
experiment_name,8bd2aa66-3306-40bf-a6ac-0b1e7aa51fcf,function_execution_time,1779111066.112589,0.00008147
experiment_name,8bd2aa66-3306-40bf-a6ac-0b1e7aa51fcf,function_execution_time,1779111066.2138996,0.000073932
experiment_name,8bd2aa66-3306-40bf-a6ac-0b1e7aa51fcf,function_execution_time,1779111066.3152835,0.000086447
experiment_name,8bd2aa66-3306-40bf-a6ac-0b1e7aa51fcf,function_execution_time,1779111066.416584,0.000071745
experiment_name,8bd2aa66-3306-40bf-a6ac-0b1e7aa51fcf,function_execution_time,1779111066.517931,0.000077173
experiment_name,8bd2aa66-3306-40bf-a6ac-0b1e7aa51fcf,function_execution_time,1779111066.6191967,0.000081512
experiment_name,8bd2aa66-3306-40bf-a6ac-0b1e7aa51fcf,function_execution_time,1779111066.7205336,0.000075993
experiment_name,8bd2aa66-3306-40bf-a6ac-0b1e7aa51fcf,function_execution_time,1779111066.8219447,0.000165746
experiment_name,8bd2aa66-3306-40bf-a6ac-0b1e7aa51fcf,function_execution_time,1779111066.923277,0.000088168
experiment_name,8bd2aa66-3306-40bf-a6ac-0b1e7aa51fcf,function_execution_time,1779111067.02461,0.000103818
experiment_name,8bd2aa66-3306-40bf-a6ac-0b1e7aa51fcf,function_execution_time,1779111067.1247857,0.00006605
experiment_name,8bd2aa66-3306-40bf-a6ac-0b1e7aa51fcf,function_execution_time,1779111067.2260628,0.000079077
experiment_name,8bd2aa66-3306-40bf-a6ac-0b1e7aa51fcf,function_execution_time,1779111067.3274775,0.000075002
experiment_name,8bd2aa66-3306-40bf-a6ac-0b1e7aa51fcf,function_execution_time,1779111067.4286413,0.000070877
experiment_name,8bd2aa66-3306-40bf-a6ac-0b1e7aa51fcf,function_execution_time,1779111067.5300696,0.000103163
experiment_name,8bd2aa66-3306-40bf-a6ac-0b1e7aa51fcf,function_execution_time,1779111067.63125,0.000053655
experiment_name,8bd2aa66-3306-40bf-a6ac-0b1e7aa51fcf,function_execution_time,1779111067.7326431,0.000090529
experiment_name,8bd2aa66-3306-40bf-a6ac-0b1e7aa51fcf,function_execution_time,1779111067.8340287,0.000140612
experiment_name,8bd2aa66-3306-40bf-a6ac-0b1e7aa51fcf,function_execution_time,1779111067.9353309,0.000070065
experiment_name,8bd2aa66-3306-40bf-a6ac-0b1e7aa51fcf,function_execution_time,1779111068.035906,0.000083465
experiment_name,4066f6ac-82b2-427d-a244-6ca471c0359b,function_execution_time,1779111066.1127732,0.000065583
experiment_name,4066f6ac-82b2-427d-a244-6ca471c0359b,function_execution_time,1779111066.2140477,0.000061285
experiment_name,4066f6ac-82b2-427d-a244-6ca471c0359b,function_execution_time,1779111066.315384,0.000064528
experiment_name,4066f6ac-82b2-427d-a244-6ca471c0359b,function_execution_time,1779111066.4167485,0.000061677
experiment_name,4066f6ac-82b2-427d-a244-6ca471c0359b,function_execution_time,1779111066.5180311,0.000065174
experiment_name,4066f6ac-82b2-427d-a244-6ca471c0359b,function_execution_time,1779111066.619273,0.000059308
experiment_name,4066f6ac-82b2-427d-a244-6ca471c0359b,function_execution_time,1779111066.7206163,0.000059204
experiment_name,4066f6ac-82b2-427d-a244-6ca471c0359b,function_execution_time,1779111066.822003,0.000061417
experiment_name,4066f6ac-82b2-427d-a244-6ca471c0359b,function_execution_time,1779111066.92331,0.000090611
experiment_name,4066f6ac-82b2-427d-a244-6ca471c0359b,function_execution_time,1779111067.0246127,0.000067881
experiment_name,4066f6ac-82b2-427d-a244-6ca471c0359b,function_execution_time,1779111067.1248353,0.000044931
experiment_name,4066f6ac-82b2-427d-a244-6ca471c0359b,function_execution_time,1779111067.2261763,0.000136036
experiment_name,4066f6ac-82b2-427d-a244-6ca471c0359b,function_execution_time,1779111067.3274794,0.000072215
experiment_name,4066f6ac-82b2-427d-a244-6ca471c0359b,function_execution_time,1779111067.4287624,0.000143334
experiment_name,4066f6ac-82b2-427d-a244-6ca471c0359b,function_execution_time,1779111067.5300827,0.00009295
experiment_name,4066f6ac-82b2-427d-a244-6ca471c0359b,function_execution_time,1779111067.6313071,0.000043879
experiment_name,4066f6ac-82b2-427d-a244-6ca471c0359b,function_execution_time,1779111067.732783,0.000066304
experiment_name,4066f6ac-82b2-427d-a244-6ca471c0359b,function_execution_time,1779111067.8340871,0.000063428
experiment_name,4066f6ac-82b2-427d-a244-6ca471c0359b,function_execution_time,1779111067.9354954,0.000063344
experiment_name,4066f6ac-82b2-427d-a244-6ca471c0359b,function_execution_time,1779111068.0359628,0.000055984
experiment_name,8bd2aa66-3306-40bf-a6ac-0b1e7aa51fcf,function_transfer_time,1779111066.1125093,0.000074309
experiment_name,8bd2aa66-3306-40bf-a6ac-0b1e7aa51fcf,function_transfer_time,1779111066.213821,0.000078471
experiment_name,8bd2aa66-3306-40bf-a6ac-0b1e7aa51fcf,function_transfer_time,1779111066.315132,0.000079073
experiment_name,8bd2aa66-3306-40bf-a6ac-0b1e7aa51fcf,function_transfer_time,1779111066.4165006,0.000078656
experiment_name,8bd2aa66-3306-40bf-a6ac-0b1e7aa51fcf,function_transfer_time,1779111066.5178056,0.000074263
experiment_name,8bd2aa66-3306-40bf-a6ac-0b1e7aa51fcf,function_transfer_time,1779111066.619111,0.000074731
experiment_name,8bd2aa66-3306-40bf-a6ac-0b1e7aa51fcf,function_transfer_time,1779111066.7204506,0.000095352
experiment_name,8bd2aa66-3306-40bf-a6ac-0b1e7aa51fcf,function_transfer_time,1779111066.8217738,0.000076774
experiment_name,8bd2aa66-3306-40bf-a6ac-0b1e7aa51fcf,function_transfer_time,1779111066.923139,0.00007568
experiment_name,8bd2aa66-3306-40bf-a6ac-0b1e7aa51fcf,function_transfer_time,1779111067.0244374,0.000081201
experiment_name,8bd2aa66-3306-40bf-a6ac-0b1e7aa51fcf,function_transfer_time,1779111067.1247199,0.000017887
experiment_name,8bd2aa66-3306-40bf-a6ac-0b1e7aa51fcf,function_transfer_time,1779111067.2259796,0.000007439
experiment_name,8bd2aa66-3306-40bf-a6ac-0b1e7aa51fcf,function_transfer_time,1779111067.3273466,0.000011945
experiment_name,8bd2aa66-3306-40bf-a6ac-0b1e7aa51fcf,function_transfer_time,1779111067.428569,0.000020576
experiment_name,8bd2aa66-3306-40bf-a6ac-0b1e7aa51fcf,function_transfer_time,1779111067.529939,0.000018905
experiment_name,8bd2aa66-3306-40bf-a6ac-0b1e7aa51fcf,function_transfer_time,1779111067.6311672,0.000013563
experiment_name,8bd2aa66-3306-40bf-a6ac-0b1e7aa51fcf,function_transfer_time,1779111067.7325463,0.000085681
experiment_name,8bd2aa66-3306-40bf-a6ac-0b1e7aa51fcf,function_transfer_time,1779111067.833877,0.000083335
experiment_name,8bd2aa66-3306-40bf-a6ac-0b1e7aa51fcf,function_transfer_time,1779111067.9353266,0.000021853
experiment_name,8bd2aa66-3306-40bf-a6ac-0b1e7aa51fcf,function_transfer_time,1779111068.0357528,0.000075669
experiment_name,4066f6ac-82b2-427d-a244-6ca471c0359b,function_transfer_time,1779111066.1127076,0.000136443
experiment_name,4066f6ac-82b2-427d-a244-6ca471c0359b,function_transfer_time,1779111066.2139988,0.000110382
experiment_name,4066f6ac-82b2-427d-a244-6ca471c0359b,function_transfer_time,1779111066.3153152,0.000120825
experiment_name,4066f6ac-82b2-427d-a244-6ca471c0359b,function_transfer_time,1779111066.4166858,0.000129971
experiment_name,4066f6ac-82b2-427d-a244-6ca471c0359b,function_transfer_time,1779111066.5179598,0.000100024
experiment_name,4066f6ac-82b2-427d-a244-6ca471c0359b,function_transfer_time,1779111066.619269,0.000045489
experiment_name,4066f6ac-82b2-427d-a244-6ca471c0359b,function_transfer_time,1779111066.7205565,0.000049956
experiment_name,4066f6ac-82b2-427d-a244-6ca471c0359b,function_transfer_time,1779111066.821941,0.000032166
experiment_name,4066f6ac-82b2-427d-a244-6ca471c0359b,function_transfer_time,1779111066.923271,0.000027663
experiment_name,4066f6ac-82b2-427d-a244-6ca471c0359b,function_transfer_time,1779111067.024605,0.000038177
experiment_name,4066f6ac-82b2-427d-a244-6ca471c0359b,function_transfer_time,1779111067.1247838,0.000023269
experiment_name,4066f6ac-82b2-427d-a244-6ca471c0359b,function_transfer_time,1779111067.2260306,0.000019153
experiment_name,4066f6ac-82b2-427d-a244-6ca471c0359b,function_transfer_time,1779111067.3274736,0.000017269
experiment_name,4066f6ac-82b2-427d-a244-6ca471c0359b,function_transfer_time,1779111067.4286115,0.000016274
experiment_name,4066f6ac-82b2-427d-a244-6ca471c0359b,function_transfer_time,1779111067.5300636,0.000013864
experiment_name,4066f6ac-82b2-427d-a244-6ca471c0359b,function_transfer_time,1779111067.63126,0.000065233
experiment_name,4066f6ac-82b2-427d-a244-6ca471c0359b,function_transfer_time,1779111067.7327101,0.000100617
experiment_name,4066f6ac-82b2-427d-a244-6ca471c0359b,function_transfer_time,1779111067.8340244,0.000034204
experiment_name,4066f6ac-82b2-427d-a244-6ca471c0359b,function_transfer_time,1779111067.9354408,0.000127418
experiment_name,4066f6ac-82b2-427d-a244-6ca471c0359b,function_transfer_time,1779111068.0359104,0.000093862
experiment_name,4066f6ac-82b2-427d-a244-6ca471c0359b,function_execution_time,1779111068.13731,0.000067636
experiment_name,4066f6ac-82b2-427d-a244-6ca471c0359b,function_execution_time,1779111068.2386556,0.000067469
experiment_name,4066f6ac-82b2-427d-a244-6ca471c0359b,function_execution_time,1779111068.3399715,0.000095953
experiment_name,4066f6ac-82b2-427d-a244-6ca471c0359b,function_execution_time,1779111068.4414434,0.000067425
experiment_name,4066f6ac-82b2-427d-a244-6ca471c0359b,function_execution_time,1779111068.542798,0.000064796
experiment_name,4066f6ac-82b2-427d-a244-6ca471c0359b,function_execution_time,1779111068.6440353,0.000058504
experiment_name,4066f6ac-82b2-427d-a244-6ca471c0359b,function_execution_time,1779111068.745337,0.000055946
experiment_name,4066f6ac-82b2-427d-a244-6ca471c0359b,function_execution_time,1779111068.8465745,0.000056251
experiment_name,4066f6ac-82b2-427d-a244-6ca471c0359b,function_execution_time,1779111068.9469638,0.000064128
experiment_name,4066f6ac-82b2-427d-a244-6ca471c0359b,function_execution_time,1779111069.0481608,0.000055444
experiment_name,4066f6ac-82b2-427d-a244-6ca471c0359b,function_execution_time,1779111069.1494763,0.000067451
experiment_name,4066f6ac-82b2-427d-a244-6ca471c0359b,function_execution_time,1779111069.250759,0.000057903
experiment_name,4066f6ac-82b2-427d-a244-6ca471c0359b,function_execution_time,1779111069.352007,0.000058175
experiment_name,4066f6ac-82b2-427d-a244-6ca471c0359b,function_execution_time,1779111069.4532812,0.000063148
experiment_name,4066f6ac-82b2-427d-a244-6ca471c0359b,function_execution_time,1779111069.5545516,0.000053589
experiment_name,4066f6ac-82b2-427d-a244-6ca471c0359b,function_execution_time,1779111069.6557856,0.00005428
experiment_name,4066f6ac-82b2-427d-a244-6ca471c0359b,function_execution_time,1779111069.757071,0.000054666
experiment_name,4066f6ac-82b2-427d-a244-6ca471c0359b,function_execution_time,1779111069.8583114,0.000061281
experiment_name,4066f6ac-82b2-427d-a244-6ca471c0359b,function_execution_time,1779111069.9597862,0.00005816
experiment_name,4066f6ac-82b2-427d-a244-6ca471c0359b,function_execution_time,1779111070.0610602,0.000055103
experiment_name,8bd2aa66-3306-40bf-a6ac-0b1e7aa51fcf,function_execution_time,1779111068.1372485,0.000098905
experiment_name,8bd2aa66-3306-40bf-a6ac-0b1e7aa51fcf,function_execution_time,1779111068.2385926,0.000107858
experiment_name,8bd2aa66-3306-40bf-a6ac-0b1e7aa51fcf,function_execution_time,1779111068.3399155,0.000138948
experiment_name,8bd2aa66-3306-40bf-a6ac-0b1e7aa51fcf,function_execution_time,1779111068.4412959,0.000075081
experiment_name,8bd2aa66-3306-40bf-a6ac-0b1e7aa51fcf,function_execution_time,1779111068.5426977,0.000083393
experiment_name,8bd2aa66-3306-40bf-a6ac-0b1e7aa51fcf,function_execution_time,1779111068.6438603,0.000075261
experiment_name,8bd2aa66-3306-40bf-a6ac-0b1e7aa51fcf,function_execution_time,1779111068.7452486,0.000085838
experiment_name,8bd2aa66-3306-40bf-a6ac-0b1e7aa51fcf,function_execution_time,1779111068.8465219,0.000140544
experiment_name,8bd2aa66-3306-40bf-a6ac-0b1e7aa51fcf,function_execution_time,1779111068.9468665,0.000077385
experiment_name,8bd2aa66-3306-40bf-a6ac-0b1e7aa51fcf,function_execution_time,1779111069.0480764,0.000079316
experiment_name,8bd2aa66-3306-40bf-a6ac-0b1e7aa51fcf,function_execution_time,1779111069.1493206,0.000068696
experiment_name,8bd2aa66-3306-40bf-a6ac-0b1e7aa51fcf,function_execution_time,1779111069.2506025,0.000069557
experiment_name,8bd2aa66-3306-40bf-a6ac-0b1e7aa51fcf,function_execution_time,1779111069.3518548,0.000079307
experiment_name,8bd2aa66-3306-40bf-a6ac-0b1e7aa51fcf,function_execution_time,1779111069.4531248,0.000071883
experiment_name,8bd2aa66-3306-40bf-a6ac-0b1e7aa51fcf,function_execution_time,1779111069.5543993,0.000071108
experiment_name,8bd2aa66-3306-40bf-a6ac-0b1e7aa51fcf,function_execution_time,1779111069.655652,0.000068937
experiment_name,8bd2aa66-3306-40bf-a6ac-0b1e7aa51fcf,function_execution_time,1779111069.7569265,0.000079907
experiment_name,8bd2aa66-3306-40bf-a6ac-0b1e7aa51fcf,function_execution_time,1779111069.858245,0.00014108
experiment_name,8bd2aa66-3306-40bf-a6ac-0b1e7aa51fcf,function_execution_time,1779111069.9596524,0.000081252
experiment_name,8bd2aa66-3306-40bf-a6ac-0b1e7aa51fcf,function_execution_time,1779111070.060977,0.000082273
experiment_name,8bd2aa66-3306-40bf-a6ac-0b1e7aa51fcf,function_transfer_time,1779111068.13714,0.000025704
experiment_name,8bd2aa66-3306-40bf-a6ac-0b1e7aa51fcf,function_transfer_time,1779111068.2384756,0.000099861
experiment_name,8bd2aa66-3306-40bf-a6ac-0b1e7aa51fcf,function_transfer_time,1779111068.3397717,0.000027605
experiment_name,8bd2aa66-3306-40bf-a6ac-0b1e7aa51fcf,function_transfer_time,1779111068.4412103,0.000082342
experiment_name,8bd2aa66-3306-40bf-a6ac-0b1e7aa51fcf,function_transfer_time,1779111068.5425484,0.000087487
experiment_name,8bd2aa66-3306-40bf-a6ac-0b1e7aa51fcf,function_transfer_time,1779111068.6437876,0.00002367
experiment_name,8bd2aa66-3306-40bf-a6ac-0b1e7aa51fcf,function_transfer_time,1779111068.7451065,0.000078355
experiment_name,8bd2aa66-3306-40bf-a6ac-0b1e7aa51fcf,function_transfer_time,1779111068.8463788,0.000022817
experiment_name,8bd2aa66-3306-40bf-a6ac-0b1e7aa51fcf,function_transfer_time,1779111068.9467347,0.000081002
experiment_name,8bd2aa66-3306-40bf-a6ac-0b1e7aa51fcf,function_transfer_time,1779111069.047999,0.000025455
experiment_name,8bd2aa66-3306-40bf-a6ac-0b1e7aa51fcf,function_transfer_time,1779111069.1492407,0.000023001
experiment_name,8bd2aa66-3306-40bf-a6ac-0b1e7aa51fcf,function_transfer_time,1779111069.2505217,0.0000236
experiment_name,8bd2aa66-3306-40bf-a6ac-0b1e7aa51fcf,function_transfer_time,1779111069.3517787,0.000023359
experiment_name,8bd2aa66-3306-40bf-a6ac-0b1e7aa51fcf,function_transfer_time,1779111069.4530485,0.000023805
experiment_name,8bd2aa66-3306-40bf-a6ac-0b1e7aa51fcf,function_transfer_time,1779111069.5543222,0.000022499
experiment_name,8bd2aa66-3306-40bf-a6ac-0b1e7aa51fcf,function_transfer_time,1779111069.6555703,0.000022174
experiment_name,8bd2aa66-3306-40bf-a6ac-0b1e7aa51fcf,function_transfer_time,1779111069.7568471,0.000022553
experiment_name,8bd2aa66-3306-40bf-a6ac-0b1e7aa51fcf,function_transfer_time,1779111069.8581018,0.000022883
experiment_name,8bd2aa66-3306-40bf-a6ac-0b1e7aa51fcf,function_transfer_time,1779111069.9595664,0.000080843
experiment_name,8bd2aa66-3306-40bf-a6ac-0b1e7aa51fcf,function_transfer_time,1779111070.06083,0.000075285
experiment_name,4066f6ac-82b2-427d-a244-6ca471c0359b,function_transfer_time,1779111068.1372423,0.00003836
experiment_name,4066f6ac-82b2-427d-a244-6ca471c0359b,function_transfer_time,1779111068.2385874,0.000040383
experiment_name,4066f6ac-82b2-427d-a244-6ca471c0359b,function_transfer_time,1779111068.339868,0.000032382
experiment_name,4066f6ac-82b2-427d-a244-6ca471c0359b,function_transfer_time,1779111068.4413831,0.000099703
experiment_name,4066f6ac-82b2-427d-a244-6ca471c0359b,function_transfer_time,1779111068.5427294,0.000126812
experiment_name,4066f6ac-82b2-427d-a244-6ca471c0359b,function_transfer_time,1779111068.6439767,0.000132288
experiment_name,4066f6ac-82b2-427d-a244-6ca471c0359b,function_transfer_time,1779111068.7452774,0.000110345
experiment_name,4066f6ac-82b2-427d-a244-6ca471c0359b,function_transfer_time,1779111068.8465178,0.000029119
experiment_name,4066f6ac-82b2-427d-a244-6ca471c0359b,function_transfer_time,1779111068.9468956,0.000110272
experiment_name,4066f6ac-82b2-427d-a244-6ca471c0359b,function_transfer_time,1779111069.0480993,0.000042744
experiment_name,4066f6ac-82b2-427d-a244-6ca471c0359b,function_transfer_time,1779111069.149408,0.000114032
experiment_name,4066f6ac-82b2-427d-a244-6ca471c0359b,function_transfer_time,1779111069.250691,0.000117327
experiment_name,4066f6ac-82b2-427d-a244-6ca471c0359b,function_transfer_time,1779111069.3519483,0.000115094
experiment_name,4066f6ac-82b2-427d-a244-6ca471c0359b,function_transfer_time,1779111069.45321,0.000110677
experiment_name,4066f6ac-82b2-427d-a244-6ca471c0359b,function_transfer_time,1779111069.5544972,0.000121242
experiment_name,4066f6ac-82b2-427d-a244-6ca471c0359b,function_transfer_time,1779111069.655731,0.000107092
experiment_name,4066f6ac-82b2-427d-a244-6ca471c0359b,function_transfer_time,1779111069.7570157,0.000107531
experiment_name,4066f6ac-82b2-427d-a244-6ca471c0359b,function_transfer_time,1779111069.858249,0.000032677
experiment_name,4066f6ac-82b2-427d-a244-6ca471c0359b,function_transfer_time,1779111069.9597185,0.000100207
experiment_name,4066f6ac-82b2-427d-a244-6ca471c0359b,function_transfer_time,1779111070.0610015,0.000121258
experiment_name,4066f6ac-82b2-427d-a244-6ca471c0359b,function_execution_time,1779111070.1628482,0.000055647
experiment_name,4066f6ac-82b2-427d-a244-6ca471c0359b,function_execution_time,1779111070.2642055,0.000055492
experiment_name,4066f6ac-82b2-427d-a244-6ca471c0359b,function_execution_time,1779111070.365529,0.000061873
experiment_name,4066f6ac-82b2-427d-a244-6ca471c0359b,function_execution_time,1779111070.4668796,0.000055502
experiment_name,4066f6ac-82b2-427d-a244-6ca471c0359b,function_execution_time,1779111070.5682065,0.000057122
experiment_name,4066f6ac-82b2-427d-a244-6ca471c0359b,function_execution_time,1779111070.6694877,0.000072568
experiment_name,4066f6ac-82b2-427d-a244-6ca471c0359b,function_execution_time,1779111070.7708106,0.000061314
experiment_name,4066f6ac-82b2-427d-a244-6ca471c0359b,function_execution_time,1779111070.872212,0.000057666
experiment_name,4066f6ac-82b2-427d-a244-6ca471c0359b,function_execution_time,1779111070.973608,0.000053224
experiment_name,4066f6ac-82b2-427d-a244-6ca471c0359b,function_execution_time,1779111071.0739357,0.000056826
experiment_name,4066f6ac-82b2-427d-a244-6ca471c0359b,function_execution_time,1779111071.175235,0.000053205
experiment_name,4066f6ac-82b2-427d-a244-6ca471c0359b,function_execution_time,1779111071.2765565,0.000060502
experiment_name,4066f6ac-82b2-427d-a244-6ca471c0359b,function_execution_time,1779111071.3778803,0.000056195
experiment_name,4066f6ac-82b2-427d-a244-6ca471c0359b,function_execution_time,1779111071.4792037,0.000055706
experiment_name,4066f6ac-82b2-427d-a244-6ca471c0359b,function_execution_time,1779111071.5806124,0.000054902
experiment_name,4066f6ac-82b2-427d-a244-6ca471c0359b,function_execution_time,1779111071.6808922,0.000062399
experiment_name,4066f6ac-82b2-427d-a244-6ca471c0359b,function_execution_time,1779111071.782207,0.000058985
experiment_name,4066f6ac-82b2-427d-a244-6ca471c0359b,function_execution_time,1779111071.8835132,0.00005571
experiment_name,4066f6ac-82b2-427d-a244-6ca471c0359b,function_execution_time,1779111071.9839332,0.000056298
experiment_name,4066f6ac-82b2-427d-a244-6ca471c0359b,function_execution_time,1779111072.0851595,0.000060743
experiment_name,8bd2aa66-3306-40bf-a6ac-0b1e7aa51fcf,function_execution_time,1779111070.1627078,0.000082315
experiment_name,8bd2aa66-3306-40bf-a6ac-0b1e7aa51fcf,function_execution_time,1779111070.2640545,0.000070983
experiment_name,8bd2aa66-3306-40bf-a6ac-0b1e7aa51fcf,function_execution_time,1779111070.3653693,0.000073525
experiment_name,8bd2aa66-3306-40bf-a6ac-0b1e7aa51fcf,function_execution_time,1779111070.4667222,0.00008485
experiment_name,8bd2aa66-3306-40bf-a6ac-0b1e7aa51fcf,function_execution_time,1779111070.5680473,0.000077297
experiment_name,8bd2aa66-3306-40bf-a6ac-0b1e7aa51fcf,function_execution_time,1779111070.6693094,0.000071867
experiment_name,8bd2aa66-3306-40bf-a6ac-0b1e7aa51fcf,function_execution_time,1779111070.7706482,0.000079542
experiment_name,8bd2aa66-3306-40bf-a6ac-0b1e7aa51fcf,function_execution_time,1779111070.872123,0.00017669
experiment_name,8bd2aa66-3306-40bf-a6ac-0b1e7aa51fcf,function_execution_time,1779111070.9734662,0.000085128
experiment_name,8bd2aa66-3306-40bf-a6ac-0b1e7aa51fcf,function_execution_time,1779111071.0737674,0.000072899
experiment_name,8bd2aa66-3306-40bf-a6ac-0b1e7aa51fcf,function_execution_time,1779111071.175152,0.000081686
experiment_name,8bd2aa66-3306-40bf-a6ac-0b1e7aa51fcf,function_execution_time,1779111071.2764034,0.000071924
experiment_name,8bd2aa66-3306-40bf-a6ac-0b1e7aa51fcf,function_execution_time,1779111071.3777316,0.000073831
experiment_name,8bd2aa66-3306-40bf-a6ac-0b1e7aa51fcf,function_execution_time,1779111071.4790652,0.000080068
experiment_name,8bd2aa66-3306-40bf-a6ac-0b1e7aa51fcf,function_execution_time,1779111071.580459,0.000083816
experiment_name,8bd2aa66-3306-40bf-a6ac-0b1e7aa51fcf,function_execution_time,1779111071.6807373,0.000063246
experiment_name,8bd2aa66-3306-40bf-a6ac-0b1e7aa51fcf,function_execution_time,1779111071.7820408,0.000079355
experiment_name,8bd2aa66-3306-40bf-a6ac-0b1e7aa51fcf,function_execution_time,1779111071.8834531,0.000160317
experiment_name,8bd2aa66-3306-40bf-a6ac-0b1e7aa51fcf,function_execution_time,1779111071.983773,0.000075243
experiment_name,8bd2aa66-3306-40bf-a6ac-0b1e7aa51fcf,function_execution_time,1779111072.085157,0.000080489
experiment_name,4066f6ac-82b2-427d-a244-6ca471c0359b,function_transfer_time,1779111070.1627924,0.000112756
experiment_name,4066f6ac-82b2-427d-a244-6ca471c0359b,function_transfer_time,1779111070.2641497,0.000121808
experiment_name,4066f6ac-82b2-427d-a244-6ca471c0359b,function_transfer_time,1779111070.365467,0.000120787
experiment_name,4066f6ac-82b2-427d-a244-6ca471c0359b,function_transfer_time,1779111070.466824,0.000119272
experiment_name,4066f6ac-82b2-427d-a244-6ca471c0359b,function_transfer_time,1779111070.5681496,0.000125415
experiment_name,4066f6ac-82b2-427d-a244-6ca471c0359b,function_transfer_time,1779111070.6694145,0.000127282
experiment_name,4066f6ac-82b2-427d-a244-6ca471c0359b,function_transfer_time,1779111070.7707489,0.000129813
experiment_name,4066f6ac-82b2-427d-a244-6ca471c0359b,function_transfer_time,1779111070.8721538,0.000118119
experiment_name,4066f6ac-82b2-427d-a244-6ca471c0359b,function_transfer_time,1779111070.9735546,0.000121593
experiment_name,4066f6ac-82b2-427d-a244-6ca471c0359b,function_transfer_time,1779111071.0738785,0.00013308
experiment_name,4066f6ac-82b2-427d-a244-6ca471c0359b,function_transfer_time,1779111071.175178,0.000112895
experiment_name,4066f6ac-82b2-427d-a244-6ca471c0359b,function_transfer_time,1779111071.2764957,0.000117119
experiment_name,4066f6ac-82b2-427d-a244-6ca471c0359b,function_transfer_time,1779111071.377824,0.000115867
experiment_name,4066f6ac-82b2-427d-a244-6ca471c0359b,function_transfer_time,1779111071.479149,0.000109719
experiment_name,4066f6ac-82b2-427d-a244-6ca471c0359b,function_transfer_time,1779111071.5805569,0.000128944
experiment_name,4066f6ac-82b2-427d-a244-6ca471c0359b,function_transfer_time,1779111071.6808302,0.000126246
experiment_name,4066f6ac-82b2-427d-a244-6ca471c0359b,function_transfer_time,1779111071.782148,0.0001244
experiment_name,4066f6ac-82b2-427d-a244-6ca471c0359b,function_transfer_time,1779111071.883457,0.000044855
experiment_name,4066f6ac-82b2-427d-a244-6ca471c0359b,function_transfer_time,1779111071.9838772,0.000125009
experiment_name,4066f6ac-82b2-427d-a244-6ca471c0359b,function_transfer_time,1779111072.0851505,0.000029945
experiment_name,8bd2aa66-3306-40bf-a6ac-0b1e7aa51fcf,function_transfer_time,1779111070.1626217,0.000079018
experiment_name,8bd2aa66-3306-40bf-a6ac-0b1e7aa51fcf,function_transfer_time,1779111070.2639737,0.000080793
experiment_name,8bd2aa66-3306-40bf-a6ac-0b1e7aa51fcf,function_transfer_time,1779111070.3652914,0.000082426
experiment_name,8bd2aa66-3306-40bf-a6ac-0b1e7aa51fcf,function_transfer_time,1779111070.4666398,0.000088589
experiment_name,8bd2aa66-3306-40bf-a6ac-0b1e7aa51fcf,function_transfer_time,1779111070.5679665,0.00008487
experiment_name,8bd2aa66-3306-40bf-a6ac-0b1e7aa51fcf,function_transfer_time,1779111070.669232,0.000023538
experiment_name,8bd2aa66-3306-40bf-a6ac-0b1e7aa51fcf,function_transfer_time,1779111070.7705638,0.000082381
experiment_name,8bd2aa66-3306-40bf-a6ac-0b1e7aa51fcf,function_transfer_time,1779111070.8718784,0.000079419
experiment_name,8bd2aa66-3306-40bf-a6ac-0b1e7aa51fcf,function_transfer_time,1779111070.97338,0.00007549
experiment_name,8bd2aa66-3306-40bf-a6ac-0b1e7aa51fcf,function_transfer_time,1779111071.0736914,0.00008126
experiment_name,8bd2aa66-3306-40bf-a6ac-0b1e7aa51fcf,function_transfer_time,1779111071.1750078,0.000074704
experiment_name,8bd2aa66-3306-40bf-a6ac-0b1e7aa51fcf,function_transfer_time,1779111071.276325,0.000082767
experiment_name,8bd2aa66-3306-40bf-a6ac-0b1e7aa51fcf,function_transfer_time,1779111071.3776512,0.00008395
experiment_name,8bd2aa66-3306-40bf-a6ac-0b1e7aa51fcf,function_transfer_time,1779111071.4790535,0.000085408
experiment_name,8bd2aa66-3306-40bf-a6ac-0b1e7aa51fcf,function_transfer_time,1779111071.5803745,0.000022185
experiment_name,8bd2aa66-3306-40bf-a6ac-0b1e7aa51fcf,function_transfer_time,1779111071.680655,0.000020046
experiment_name,8bd2aa66-3306-40bf-a6ac-0b1e7aa51fcf,function_transfer_time,1779111071.781962,0.000078323
experiment_name,8bd2aa66-3306-40bf-a6ac-0b1e7aa51fcf,function_transfer_time,1779111071.8832874,0.000082396
experiment_name,8bd2aa66-3306-40bf-a6ac-0b1e7aa51fcf,function_transfer_time,1779111071.9836943,0.000090989
experiment_name,8bd2aa66-3306-40bf-a6ac-0b1e7aa51fcf,function_transfer_time,1779111072.0850198,0.000090187
experiment_name,4066f6ac-82b2-427d-a244-6ca471c0359b,function_execution_time,1779111072.1865847,0.000063581
experiment_name,4066f6ac-82b2-427d-a244-6ca471c0359b,function_execution_time,1779111072.2877986,0.000055297
experiment_name,4066f6ac-82b2-427d-a244-6ca471c0359b,function_execution_time,1779111072.389136,0.000055406
experiment_name,4066f6ac-82b2-427d-a244-6ca471c0359b,function_execution_time,1779111072.490404,0.000058557
experiment_name,4066f6ac-82b2-427d-a244-6ca471c0359b,function_execution_time,1779111072.5917032,0.000062523
experiment_name,4066f6ac-82b2-427d-a244-6ca471c0359b,function_execution_time,1779111072.6930099,0.000055264
experiment_name,4066f6ac-82b2-427d-a244-6ca471c0359b,function_execution_time,1779111072.7943132,0.000055195
experiment_name,4066f6ac-82b2-427d-a244-6ca471c0359b,function_execution_time,1779111072.895618,0.00005815
experiment_name,4066f6ac-82b2-427d-a244-6ca471c0359b,function_execution_time,1779111072.9969156,0.000058634
experiment_name,4066f6ac-82b2-427d-a244-6ca471c0359b,function_execution_time,1779111073.098239,0.000061574
experiment_name,8bd2aa66-3306-40bf-a6ac-0b1e7aa51fcf,function_execution_time,1779111072.1864226,0.000084133
experiment_name,8bd2aa66-3306-40bf-a6ac-0b1e7aa51fcf,function_execution_time,1779111072.2876627,0.000072109
experiment_name,8bd2aa66-3306-40bf-a6ac-0b1e7aa51fcf,function_execution_time,1779111072.3890002,0.000070773
experiment_name,8bd2aa66-3306-40bf-a6ac-0b1e7aa51fcf,function_execution_time,1779111072.490253,0.000067317
experiment_name,8bd2aa66-3306-40bf-a6ac-0b1e7aa51fcf,function_execution_time,1779111072.591536,0.000084908
experiment_name,8bd2aa66-3306-40bf-a6ac-0b1e7aa51fcf,function_execution_time,1779111072.6928504,0.000074005
experiment_name,8bd2aa66-3306-40bf-a6ac-0b1e7aa51fcf,function_execution_time,1779111072.7941666,0.000070335
experiment_name,8bd2aa66-3306-40bf-a6ac-0b1e7aa51fcf,function_execution_time,1779111072.8955634,0.000192988
experiment_name,8bd2aa66-3306-40bf-a6ac-0b1e7aa51fcf,function_execution_time,1779111072.996839,0.00006976
experiment_name,8bd2aa66-3306-40bf-a6ac-0b1e7aa51fcf,function_execution_time,1779111073.0980914,0.000070742
experiment_name,8bd2aa66-3306-40bf-a6ac-0b1e7aa51fcf,function_stop_time,1779111073.1862264,0.000018443
experiment_name,4066f6ac-82b2-427d-a244-6ca471c0359b,function_stop_time,1779111073.1840277,0.000026503
experiment_name,4066f6ac-82b2-427d-a244-6ca471c0359b,function_transfer_time,1779111072.186521,0.000128268
experiment_name,4066f6ac-82b2-427d-a244-6ca471c0359b,function_transfer_time,1779111072.287743,0.000106119
experiment_name,4066f6ac-82b2-427d-a244-6ca471c0359b,function_transfer_time,1779111072.3890803,0.00010852
experiment_name,4066f6ac-82b2-427d-a244-6ca471c0359b,function_transfer_time,1779111072.4903445,0.0001213
experiment_name,4066f6ac-82b2-427d-a244-6ca471c0359b,function_transfer_time,1779111072.5916402,0.000140679
experiment_name,4066f6ac-82b2-427d-a244-6ca471c0359b,function_transfer_time,1779111072.692954,0.000121376
experiment_name,4066f6ac-82b2-427d-a244-6ca471c0359b,function_transfer_time,1779111072.7942576,0.000127665
experiment_name,4066f6ac-82b2-427d-a244-6ca471c0359b,function_transfer_time,1779111072.8955593,0.000037918
experiment_name,4066f6ac-82b2-427d-a244-6ca471c0359b,function_transfer_time,1779111072.9969103,0.000050725
experiment_name,4066f6ac-82b2-427d-a244-6ca471c0359b,function_transfer_time,1779111073.098177,0.000107995
experiment_name,8bd2aa66-3306-40bf-a6ac-0b1e7aa51fcf,function_transfer_time,1779111072.1863372,0.000083252
experiment_name,8bd2aa66-3306-40bf-a6ac-0b1e7aa51fcf,function_transfer_time,1779111072.2875829,0.000020637
experiment_name,8bd2aa66-3306-40bf-a6ac-0b1e7aa51fcf,function_transfer_time,1779111072.388917,0.000079474
experiment_name,8bd2aa66-3306-40bf-a6ac-0b1e7aa51fcf,function_transfer_time,1779111072.4901705,0.000021581
experiment_name,8bd2aa66-3306-40bf-a6ac-0b1e7aa51fcf,function_transfer_time,1779111072.5914392,0.000019903
experiment_name,8bd2aa66-3306-40bf-a6ac-0b1e7aa51fcf,function_transfer_time,1779111072.692778,0.000071716
experiment_name,8bd2aa66-3306-40bf-a6ac-0b1e7aa51fcf,function_transfer_time,1779111072.7940762,0.000076945
experiment_name,8bd2aa66-3306-40bf-a6ac-0b1e7aa51fcf,function_transfer_time,1779111072.8953636,0.000022625
experiment_name,8bd2aa66-3306-40bf-a6ac-0b1e7aa51fcf,function_transfer_time,1779111072.9967601,0.000078407
experiment_name,8bd2aa66-3306-40bf-a6ac-0b1e7aa51fcf,function_transfer_time,1779111073.0980148,0.000021369
experiment_name,64b7ba1c-18ff-435a-beb0-e3fac828a2fd,function_stop_time,1779111073.1875496,0.000080241
experiment_name,1156080a-1660-4a0b-a6a1-0e4648b17d19,function_stop_time,1779111073.1885042,0.000047963
