experiment_name,eef624cd-2f1d-46ff-9e3d-cd6471b67e92,function_instantiate_time,1779127120.907207,0.008430786
experiment_name,fdb0fc7d-f5aa-4852-9257-170307a0ed0c,function_instantiate_time,1779127120.9081097,0.010994164
experiment_name,17215125-a96f-440b-beb5-1aeabb06f101,function_instantiate_time,1779127120.9866624,0.008155528
experiment_name,17215125-a96f-440b-beb5-1aeabb06f101,function_init_time,1779127120.9867015,0.000041954
experiment_name,fdb0fc7d-f5aa-4852-9257-170307a0ed0c,function_init_time,1779127120.9081523,0.000046205
experiment_name,eef624cd-2f1d-46ff-9e3d-cd6471b67e92,function_init_time,1779127120.90725,0.000033562
experiment_name,17215125-a96f-440b-beb5-1aeabb06f101,function_execution_time,1779127121.1695154,0.002559166
experiment_name,17215125-a96f-440b-beb5-1aeabb06f101,function_execution_time,1779127121.2716758,0.001195565
experiment_name,17215125-a96f-440b-beb5-1aeabb06f101,function_execution_time,1779127121.351417,0.001036609
experiment_name,17215125-a96f-440b-beb5-1aeabb06f101,function_execution_time,1779127121.366802,0.000989299
experiment_name,17215125-a96f-440b-beb5-1aeabb06f101,function_execution_time,1779127121.3723674,0.000952649
experiment_name,17215125-a96f-440b-beb5-1aeabb06f101,function_execution_time,1779127121.3833039,0.001373711
experiment_name,17215125-a96f-440b-beb5-1aeabb06f101,function_execution_time,1779127121.3922439,0.000973753
experiment_name,17215125-a96f-440b-beb5-1aeabb06f101,function_execution_time,1779127121.3932154,0.000966701
experiment_name,17215125-a96f-440b-beb5-1aeabb06f101,function_execution_time,1779127121.4031212,0.001132373
experiment_name,17215125-a96f-440b-beb5-1aeabb06f101,function_execution_time,1779127121.405738,0.000997235
experiment_name,17215125-a96f-440b-beb5-1aeabb06f101,function_execution_time,1779127121.412984,0.000983313
experiment_name,17215125-a96f-440b-beb5-1aeabb06f101,function_execution_time,1779127121.423187,0.001178262
experiment_name,17215125-a96f-440b-beb5-1aeabb06f101,function_execution_time,1779127121.4248695,0.001026032
experiment_name,17215125-a96f-440b-beb5-1aeabb06f101,function_execution_time,1779127121.433058,0.001043141
experiment_name,17215125-a96f-440b-beb5-1aeabb06f101,function_execution_time,1779127121.4358518,0.001227817
experiment_name,17215125-a96f-440b-beb5-1aeabb06f101,function_execution_time,1779127121.4431715,0.001137443
experiment_name,17215125-a96f-440b-beb5-1aeabb06f101,function_execution_time,1779127121.4464064,0.001414156
experiment_name,17215125-a96f-440b-beb5-1aeabb06f101,function_execution_time,1779127121.453185,0.001082102
experiment_name,17215125-a96f-440b-beb5-1aeabb06f101,function_execution_time,1779127121.4578366,0.004647765
experiment_name,17215125-a96f-440b-beb5-1aeabb06f101,function_execution_time,1779127121.458837,0.000994162
experiment_name,17215125-a96f-440b-beb5-1aeabb06f101,function_execution_time,1779127121.463122,0.000916522
experiment_name,17215125-a96f-440b-beb5-1aeabb06f101,function_execution_time,1779127121.4666567,0.000633152
experiment_name,17215125-a96f-440b-beb5-1aeabb06f101,function_execution_time,1779127121.4718015,0.004249888
experiment_name,17215125-a96f-440b-beb5-1aeabb06f101,function_execution_time,1779127121.4741747,0.001521689
experiment_name,17215125-a96f-440b-beb5-1aeabb06f101,function_execution_time,1779127121.4765286,0.002348858
experiment_name,17215125-a96f-440b-beb5-1aeabb06f101,function_execution_time,1779127121.4776533,0.000619874
experiment_name,17215125-a96f-440b-beb5-1aeabb06f101,function_execution_time,1779127121.4834044,0.000632402
experiment_name,17215125-a96f-440b-beb5-1aeabb06f101,function_execution_time,1779127121.487914,0.003500457
experiment_name,17215125-a96f-440b-beb5-1aeabb06f101,function_execution_time,1779127121.4892595,0.001337504
experiment_name,17215125-a96f-440b-beb5-1aeabb06f101,function_execution_time,1779127121.4939518,0.00078125
experiment_name,17215125-a96f-440b-beb5-1aeabb06f101,function_execution_time,1779127121.497407,0.003445882
experiment_name,17215125-a96f-440b-beb5-1aeabb06f101,function_execution_time,1779127121.4985754,0.001157505
experiment_name,17215125-a96f-440b-beb5-1aeabb06f101,function_execution_time,1779127121.4993956,0.000600718
experiment_name,17215125-a96f-440b-beb5-1aeabb06f101,function_execution_time,1779127121.50514,0.001516449
experiment_name,17215125-a96f-440b-beb5-1aeabb06f101,function_execution_time,1779127121.509715,0.003262237
experiment_name,17215125-a96f-440b-beb5-1aeabb06f101,function_execution_time,1779127121.5108247,0.001105332
experiment_name,17215125-a96f-440b-beb5-1aeabb06f101,function_execution_time,1779127121.5143523,0.000879447
experiment_name,17215125-a96f-440b-beb5-1aeabb06f101,function_execution_time,1779127121.5216224,0.000633851
experiment_name,17215125-a96f-440b-beb5-1aeabb06f101,function_execution_time,1779127121.5258906,0.000934792
experiment_name,17215125-a96f-440b-beb5-1aeabb06f101,function_execution_time,1779127121.5298905,0.004001569
experiment_name,17215125-a96f-440b-beb5-1aeabb06f101,function_execution_time,1779127121.5328777,0.001444739
experiment_name,17215125-a96f-440b-beb5-1aeabb06f101,function_execution_time,1779127121.5345795,0.001095932
experiment_name,17215125-a96f-440b-beb5-1aeabb06f101,function_execution_time,1779127121.5398874,0.003244246
experiment_name,17215125-a96f-440b-beb5-1aeabb06f101,function_execution_time,1779127121.5432901,0.001473354
experiment_name,17215125-a96f-440b-beb5-1aeabb06f101,function_execution_time,1779127121.545302,0.000807108
experiment_name,17215125-a96f-440b-beb5-1aeabb06f101,function_execution_time,1779127121.548225,0.000813877
experiment_name,17215125-a96f-440b-beb5-1aeabb06f101,function_execution_time,1779127121.555857,0.00109094
experiment_name,17215125-a96f-440b-beb5-1aeabb06f101,function_execution_time,1779127121.561259,0.001301812
experiment_name,17215125-a96f-440b-beb5-1aeabb06f101,function_execution_time,1779127121.5646715,0.001190513
experiment_name,17215125-a96f-440b-beb5-1aeabb06f101,function_execution_time,1779127121.5689423,0.001114838
experiment_name,17215125-a96f-440b-beb5-1aeabb06f101,function_execution_time,1779127121.5776815,0.001208541
experiment_name,17215125-a96f-440b-beb5-1aeabb06f101,function_execution_time,1779127121.5797465,0.000845202
experiment_name,17215125-a96f-440b-beb5-1aeabb06f101,function_execution_time,1779127121.5864308,0.001168987
experiment_name,17215125-a96f-440b-beb5-1aeabb06f101,function_execution_time,1779127121.5925753,0.001482923
experiment_name,17215125-a96f-440b-beb5-1aeabb06f101,function_execution_time,1779127121.595886,0.00112816
experiment_name,17215125-a96f-440b-beb5-1aeabb06f101,function_execution_time,1779127121.6021466,0.001083589
experiment_name,17215125-a96f-440b-beb5-1aeabb06f101,function_execution_time,1779127121.6124017,0.00107987
experiment_name,17215125-a96f-440b-beb5-1aeabb06f101,function_execution_time,1779127121.6244183,0.001245297
experiment_name,17215125-a96f-440b-beb5-1aeabb06f101,function_execution_time,1779127121.634986,0.001042626
experiment_name,17215125-a96f-440b-beb5-1aeabb06f101,function_execution_time,1779127121.6476223,0.001891072
experiment_name,fdb0fc7d-f5aa-4852-9257-170307a0ed0c,function_execution_time,1779127120.9082372,0.000067638
experiment_name,fdb0fc7d-f5aa-4852-9257-170307a0ed0c,function_execution_time,1779127121.0093129,0.000118156
experiment_name,fdb0fc7d-f5aa-4852-9257-170307a0ed0c,function_execution_time,1779127121.11083,0.000088443
experiment_name,fdb0fc7d-f5aa-4852-9257-170307a0ed0c,function_execution_time,1779127121.2121603,0.000079629
experiment_name,fdb0fc7d-f5aa-4852-9257-170307a0ed0c,function_execution_time,1779127121.3139582,0.000076289
experiment_name,fdb0fc7d-f5aa-4852-9257-170307a0ed0c,function_execution_time,1779127121.4143984,0.000075582
experiment_name,fdb0fc7d-f5aa-4852-9257-170307a0ed0c,function_execution_time,1779127121.5158877,0.000131086
experiment_name,fdb0fc7d-f5aa-4852-9257-170307a0ed0c,function_execution_time,1779127121.6165922,0.000098945
experiment_name,fdb0fc7d-f5aa-4852-9257-170307a0ed0c,function_execution_time,1779127121.7179432,0.000085126
experiment_name,fdb0fc7d-f5aa-4852-9257-170307a0ed0c,function_execution_time,1779127121.8193018,0.00007564
experiment_name,fdb0fc7d-f5aa-4852-9257-170307a0ed0c,function_execution_time,1779127121.9206705,0.000180552
experiment_name,fdb0fc7d-f5aa-4852-9257-170307a0ed0c,function_execution_time,1779127122.021983,0.000070946
experiment_name,fdb0fc7d-f5aa-4852-9257-170307a0ed0c,function_execution_time,1779127122.1232278,0.000071094
experiment_name,fdb0fc7d-f5aa-4852-9257-170307a0ed0c,function_execution_time,1779127122.2245255,0.000101234
experiment_name,fdb0fc7d-f5aa-4852-9257-170307a0ed0c,function_execution_time,1779127122.3259969,0.000090205
experiment_name,fdb0fc7d-f5aa-4852-9257-170307a0ed0c,function_execution_time,1779127122.4272392,0.000068734
experiment_name,fdb0fc7d-f5aa-4852-9257-170307a0ed0c,function_execution_time,1779127122.528524,0.000082045
experiment_name,fdb0fc7d-f5aa-4852-9257-170307a0ed0c,function_execution_time,1779127122.629843,0.000080927
experiment_name,fdb0fc7d-f5aa-4852-9257-170307a0ed0c,function_execution_time,1779127122.7311273,0.00007281
experiment_name,fdb0fc7d-f5aa-4852-9257-170307a0ed0c,function_execution_time,1779127122.8314464,0.000073658
experiment_name,fdb0fc7d-f5aa-4852-9257-170307a0ed0c,function_execution_time,1779127122.932841,0.000146009
experiment_name,fdb0fc7d-f5aa-4852-9257-170307a0ed0c,function_execution_time,1779127123.034104,0.000082965
experiment_name,fdb0fc7d-f5aa-4852-9257-170307a0ed0c,function_execution_time,1779127123.1343617,0.000068589
experiment_name,fdb0fc7d-f5aa-4852-9257-170307a0ed0c,function_execution_time,1779127123.2356803,0.000071574
experiment_name,fdb0fc7d-f5aa-4852-9257-170307a0ed0c,function_execution_time,1779127123.33714,0.000077145
experiment_name,fdb0fc7d-f5aa-4852-9257-170307a0ed0c,function_execution_time,1779127123.4373972,0.000069388
experiment_name,fdb0fc7d-f5aa-4852-9257-170307a0ed0c,function_execution_time,1779127123.5387475,0.000075248
experiment_name,fdb0fc7d-f5aa-4852-9257-170307a0ed0c,function_execution_time,1779127123.6399992,0.000068728
experiment_name,fdb0fc7d-f5aa-4852-9257-170307a0ed0c,function_execution_time,1779127123.7413452,0.000082833
experiment_name,fdb0fc7d-f5aa-4852-9257-170307a0ed0c,function_execution_time,1779127123.8426633,0.000068816
experiment_name,fdb0fc7d-f5aa-4852-9257-170307a0ed0c,function_execution_time,1779127123.9440665,0.000141079
experiment_name,fdb0fc7d-f5aa-4852-9257-170307a0ed0c,function_execution_time,1779127124.0453467,0.000079323
experiment_name,fdb0fc7d-f5aa-4852-9257-170307a0ed0c,function_execution_time,1779127124.14668,0.000068951
experiment_name,fdb0fc7d-f5aa-4852-9257-170307a0ed0c,function_execution_time,1779127124.2479937,0.000073323
experiment_name,fdb0fc7d-f5aa-4852-9257-170307a0ed0c,function_execution_time,1779127124.3493006,0.000071543
experiment_name,fdb0fc7d-f5aa-4852-9257-170307a0ed0c,function_execution_time,1779127124.4505756,0.000067045
experiment_name,fdb0fc7d-f5aa-4852-9257-170307a0ed0c,function_execution_time,1779127124.5518925,0.000070937
experiment_name,eef624cd-2f1d-46ff-9e3d-cd6471b67e92,function_execution_time,1779127121.0093977,0.000077328
experiment_name,eef624cd-2f1d-46ff-9e3d-cd6471b67e92,function_execution_time,1779127121.1109874,0.000067408
experiment_name,eef624cd-2f1d-46ff-9e3d-cd6471b67e92,function_execution_time,1779127121.2123156,0.00006745
experiment_name,eef624cd-2f1d-46ff-9e3d-cd6471b67e92,function_execution_time,1779127121.3141303,0.000068627
experiment_name,eef624cd-2f1d-46ff-9e3d-cd6471b67e92,function_execution_time,1779127121.4145498,0.000073436
experiment_name,eef624cd-2f1d-46ff-9e3d-cd6471b67e92,function_execution_time,1779127121.515962,0.000077883
experiment_name,eef624cd-2f1d-46ff-9e3d-cd6471b67e92,function_execution_time,1779127121.6166673,0.000065377
experiment_name,eef624cd-2f1d-46ff-9e3d-cd6471b67e92,function_execution_time,1779127121.7180874,0.000061616
experiment_name,eef624cd-2f1d-46ff-9e3d-cd6471b67e92,function_execution_time,1779127121.819404,0.000073885
experiment_name,eef624cd-2f1d-46ff-9e3d-cd6471b67e92,function_execution_time,1779127121.920732,0.000062798
experiment_name,eef624cd-2f1d-46ff-9e3d-cd6471b67e92,function_execution_time,1779127122.0221524,0.000056996
experiment_name,eef624cd-2f1d-46ff-9e3d-cd6471b67e92,function_execution_time,1779127122.123387,0.000058465
experiment_name,eef624cd-2f1d-46ff-9e3d-cd6471b67e92,function_execution_time,1779127122.2246022,0.000071153
experiment_name,eef624cd-2f1d-46ff-9e3d-cd6471b67e92,function_execution_time,1779127122.3260937,0.000059506
experiment_name,eef624cd-2f1d-46ff-9e3d-cd6471b67e92,function_execution_time,1779127122.4274056,0.000056523
experiment_name,eef624cd-2f1d-46ff-9e3d-cd6471b67e92,function_execution_time,1779127122.5286613,0.000057034
experiment_name,eef624cd-2f1d-46ff-9e3d-cd6471b67e92,function_execution_time,1779127122.6300185,0.000065297
experiment_name,eef624cd-2f1d-46ff-9e3d-cd6471b67e92,function_execution_time,1779127122.7312727,0.000056839
experiment_name,eef624cd-2f1d-46ff-9e3d-cd6471b67e92,function_execution_time,1779127122.8316026,0.000057167
experiment_name,eef624cd-2f1d-46ff-9e3d-cd6471b67e92,function_execution_time,1779127122.9329042,0.000056427
experiment_name,eef624cd-2f1d-46ff-9e3d-cd6471b67e92,function_execution_time,1779127123.0342708,0.000058252
experiment_name,eef624cd-2f1d-46ff-9e3d-cd6471b67e92,function_execution_time,1779127123.1345384,0.000065793
experiment_name,eef624cd-2f1d-46ff-9e3d-cd6471b67e92,function_execution_time,1779127123.2358427,0.000056077
experiment_name,eef624cd-2f1d-46ff-9e3d-cd6471b67e92,function_execution_time,1779127123.3372302,0.000054258
experiment_name,eef624cd-2f1d-46ff-9e3d-cd6471b67e92,function_execution_time,1779127123.4375312,0.000054663
experiment_name,eef624cd-2f1d-46ff-9e3d-cd6471b67e92,function_execution_time,1779127123.5388463,0.000062066
experiment_name,eef624cd-2f1d-46ff-9e3d-cd6471b67e92,function_execution_time,1779127123.6401644,0.000055094
experiment_name,eef624cd-2f1d-46ff-9e3d-cd6471b67e92,function_execution_time,1779127123.7414331,0.000058674
experiment_name,eef624cd-2f1d-46ff-9e3d-cd6471b67e92,function_execution_time,1779127123.8428257,0.000055223
experiment_name,eef624cd-2f1d-46ff-9e3d-cd6471b67e92,function_execution_time,1779127123.9441195,0.000055708
experiment_name,eef624cd-2f1d-46ff-9e3d-cd6471b67e92,function_execution_time,1779127124.0455062,0.000072667
experiment_name,eef624cd-2f1d-46ff-9e3d-cd6471b67e92,function_execution_time,1779127124.14676,0.000054045
experiment_name,eef624cd-2f1d-46ff-9e3d-cd6471b67e92,function_execution_time,1779127124.2481549,0.000057888
experiment_name,eef624cd-2f1d-46ff-9e3d-cd6471b67e92,function_execution_time,1779127124.3493803,0.000058516
experiment_name,eef624cd-2f1d-46ff-9e3d-cd6471b67e92,function_execution_time,1779127124.4507272,0.000070915
experiment_name,eef624cd-2f1d-46ff-9e3d-cd6471b67e92,function_execution_time,1779127124.5520442,0.00006168
experiment_name,fdb0fc7d-f5aa-4852-9257-170307a0ed0c,function_transfer_time,1779127120.9081542,0.000019584
experiment_name,fdb0fc7d-f5aa-4852-9257-170307a0ed0c,function_transfer_time,1779127121.0092027,0.000028765
experiment_name,fdb0fc7d-f5aa-4852-9257-170307a0ed0c,function_transfer_time,1779127121.1107454,0.000084206
experiment_name,fdb0fc7d-f5aa-4852-9257-170307a0ed0c,function_transfer_time,1779127121.2120788,0.000082508
experiment_name,fdb0fc7d-f5aa-4852-9257-170307a0ed0c,function_transfer_time,1779127121.313883,0.000076241
experiment_name,fdb0fc7d-f5aa-4852-9257-170307a0ed0c,function_transfer_time,1779127121.4143136,0.000017805
experiment_name,fdb0fc7d-f5aa-4852-9257-170307a0ed0c,function_transfer_time,1779127121.51575,0.000031568
experiment_name,fdb0fc7d-f5aa-4852-9257-170307a0ed0c,function_transfer_time,1779127121.6164885,0.000017874
experiment_name,fdb0fc7d-f5aa-4852-9257-170307a0ed0c,function_transfer_time,1779127121.71786,0.000088784
experiment_name,fdb0fc7d-f5aa-4852-9257-170307a0ed0c,function_transfer_time,1779127121.8192227,0.000083587
experiment_name,fdb0fc7d-f5aa-4852-9257-170307a0ed0c,function_transfer_time,1779127121.9204879,0.000023629
experiment_name,fdb0fc7d-f5aa-4852-9257-170307a0ed0c,function_transfer_time,1779127122.021905,0.000074626
experiment_name,fdb0fc7d-f5aa-4852-9257-170307a0ed0c,function_transfer_time,1779127122.1231503,0.000023694
experiment_name,fdb0fc7d-f5aa-4852-9257-170307a0ed0c,function_transfer_time,1779127122.22442,0.000023237
experiment_name,fdb0fc7d-f5aa-4852-9257-170307a0ed0c,function_transfer_time,1779127122.325844,0.000085902
experiment_name,fdb0fc7d-f5aa-4852-9257-170307a0ed0c,function_transfer_time,1779127122.4271588,0.000075799
experiment_name,fdb0fc7d-f5aa-4852-9257-170307a0ed0c,function_transfer_time,1779127122.5284383,0.000021785
experiment_name,fdb0fc7d-f5aa-4852-9257-170307a0ed0c,function_transfer_time,1779127122.6297615,0.000079543
experiment_name,fdb0fc7d-f5aa-4852-9257-170307a0ed0c,function_transfer_time,1779127122.7310474,0.000024292
experiment_name,fdb0fc7d-f5aa-4852-9257-170307a0ed0c,function_transfer_time,1779127122.8313594,0.000081935
experiment_name,fdb0fc7d-f5aa-4852-9257-170307a0ed0c,function_transfer_time,1779127122.9326885,0.000023543
experiment_name,fdb0fc7d-f5aa-4852-9257-170307a0ed0c,function_transfer_time,1779127123.0340214,0.000075892
experiment_name,fdb0fc7d-f5aa-4852-9257-170307a0ed0c,function_transfer_time,1779127123.134281,0.000020955
experiment_name,fdb0fc7d-f5aa-4852-9257-170307a0ed0c,function_transfer_time,1779127123.2356777,0.00007501
experiment_name,fdb0fc7d-f5aa-4852-9257-170307a0ed0c,function_transfer_time,1779127123.3370118,0.000019516
experiment_name,fdb0fc7d-f5aa-4852-9257-170307a0ed0c,function_transfer_time,1779127123.4373174,0.000077554
experiment_name,fdb0fc7d-f5aa-4852-9257-170307a0ed0c,function_transfer_time,1779127123.538622,0.000076738
experiment_name,fdb0fc7d-f5aa-4852-9257-170307a0ed0c,function_transfer_time,1779127123.6399183,0.0000748
experiment_name,fdb0fc7d-f5aa-4852-9257-170307a0ed0c,function_transfer_time,1779127123.7412548,0.000075449
experiment_name,fdb0fc7d-f5aa-4852-9257-170307a0ed0c,function_transfer_time,1779127123.8425803,0.000082452
experiment_name,fdb0fc7d-f5aa-4852-9257-170307a0ed0c,function_transfer_time,1779127123.9439185,0.000080462
experiment_name,fdb0fc7d-f5aa-4852-9257-170307a0ed0c,function_transfer_time,1779127124.045263,0.000080927
experiment_name,fdb0fc7d-f5aa-4852-9257-170307a0ed0c,function_transfer_time,1779127124.146598,0.000076016
experiment_name,fdb0fc7d-f5aa-4852-9257-170307a0ed0c,function_transfer_time,1779127124.2479155,0.000081226
experiment_name,fdb0fc7d-f5aa-4852-9257-170307a0ed0c,function_transfer_time,1779127124.3492208,0.000073931
experiment_name,fdb0fc7d-f5aa-4852-9257-170307a0ed0c,function_transfer_time,1779127124.4504948,0.000018039
experiment_name,fdb0fc7d-f5aa-4852-9257-170307a0ed0c,function_transfer_time,1779127124.5518093,0.000077888
experiment_name,17215125-a96f-440b-beb5-1aeabb06f101,function_transfer_time,1779127121.166956,0.008169549
experiment_name,17215125-a96f-440b-beb5-1aeabb06f101,function_transfer_time,1779127121.2704792,0.000170309
experiment_name,17215125-a96f-440b-beb5-1aeabb06f101,function_transfer_time,1779127121.3503754,0.009373969
experiment_name,17215125-a96f-440b-beb5-1aeabb06f101,function_transfer_time,1779127121.3658147,0.024685222
experiment_name,17215125-a96f-440b-beb5-1aeabb06f101,function_transfer_time,1779127121.371412,0.022090486
experiment_name,17215125-a96f-440b-beb5-1aeabb06f101,function_transfer_time,1779127121.3819315,0.031593721
experiment_name,17215125-a96f-440b-beb5-1aeabb06f101,function_transfer_time,1779127121.3912787,0.021449857
experiment_name,17215125-a96f-440b-beb5-1aeabb06f101,function_transfer_time,1779127121.392245,0.034645464
experiment_name,17215125-a96f-440b-beb5-1aeabb06f101,function_transfer_time,1779127121.4019876,0.042796993
experiment_name,17215125-a96f-440b-beb5-1aeabb06f101,function_transfer_time,1779127121.4047384,0.036223263
experiment_name,17215125-a96f-440b-beb5-1aeabb06f101,function_transfer_time,1779127121.4119964,0.050556581
experiment_name,17215125-a96f-440b-beb5-1aeabb06f101,function_transfer_time,1779127121.4220026,0.060479748
experiment_name,17215125-a96f-440b-beb5-1aeabb06f101,function_transfer_time,1779127121.42384,0.049384718
experiment_name,17215125-a96f-440b-beb5-1aeabb06f101,function_transfer_time,1779127121.4320142,0.083845222
experiment_name,17215125-a96f-440b-beb5-1aeabb06f101,function_transfer_time,1779127121.4346209,0.062415555
experiment_name,17215125-a96f-440b-beb5-1aeabb06f101,function_transfer_time,1779127121.44203,0.07493044
experiment_name,17215125-a96f-440b-beb5-1aeabb06f101,function_transfer_time,1779127121.4449878,0.063934772
experiment_name,17215125-a96f-440b-beb5-1aeabb06f101,function_transfer_time,1779127121.4520974,0.080528448
experiment_name,17215125-a96f-440b-beb5-1aeabb06f101,function_transfer_time,1779127121.4531865,0.000728934
experiment_name,17215125-a96f-440b-beb5-1aeabb06f101,function_transfer_time,1779127121.457838,0.072597379
experiment_name,17215125-a96f-440b-beb5-1aeabb06f101,function_transfer_time,1779127121.4622033,0.089219933
experiment_name,17215125-a96f-440b-beb5-1aeabb06f101,function_transfer_time,1779127121.4660165,0.075477805
experiment_name,17215125-a96f-440b-beb5-1aeabb06f101,function_transfer_time,1779127121.4675539,0.000115034
experiment_name,17215125-a96f-440b-beb5-1aeabb06f101,function_transfer_time,1779127121.4726472,0.096407802
experiment_name,17215125-a96f-440b-beb5-1aeabb06f101,function_transfer_time,1779127121.4741764,0.000778935
experiment_name,17215125-a96f-440b-beb5-1aeabb06f101,function_transfer_time,1779127121.4770296,0.083214268
experiment_name,17215125-a96f-440b-beb5-1aeabb06f101,function_transfer_time,1779127121.4827662,0.105273465
experiment_name,17215125-a96f-440b-beb5-1aeabb06f101,function_transfer_time,1779127121.4844084,0.000099187
experiment_name,17215125-a96f-440b-beb5-1aeabb06f101,function_transfer_time,1779127121.4879167,0.087854382
experiment_name,17215125-a96f-440b-beb5-1aeabb06f101,function_transfer_time,1779127121.493167,0.114124728
experiment_name,17215125-a96f-440b-beb5-1aeabb06f101,function_transfer_time,1779127121.4939532,0.000788464
experiment_name,17215125-a96f-440b-beb5-1aeabb06f101,function_transfer_time,1779127121.4974082,0.002803789
experiment_name,17215125-a96f-440b-beb5-1aeabb06f101,function_transfer_time,1779127121.4987962,0.090635109
experiment_name,17215125-a96f-440b-beb5-1aeabb06f101,function_transfer_time,1779127121.5036242,0.000450376
experiment_name,17215125-a96f-440b-beb5-1aeabb06f101,function_transfer_time,1779127121.5064545,0.000103124
experiment_name,17215125-a96f-440b-beb5-1aeabb06f101,function_transfer_time,1779127121.5097167,0.096127283
experiment_name,17215125-a96f-440b-beb5-1aeabb06f101,function_transfer_time,1779127121.5134704,0.000148748
experiment_name,17215125-a96f-440b-beb5-1aeabb06f101,function_transfer_time,1779127121.520985,0.107285402
experiment_name,17215125-a96f-440b-beb5-1aeabb06f101,function_transfer_time,1779127121.5249503,0.000441896
experiment_name,17215125-a96f-440b-beb5-1aeabb06f101,function_transfer_time,1779127121.5258915,0.000529784
experiment_name,17215125-a96f-440b-beb5-1aeabb06f101,function_transfer_time,1779127121.531434,0.116010484
experiment_name,17215125-a96f-440b-beb5-1aeabb06f101,function_transfer_time,1779127121.53348,0.000104441
experiment_name,17215125-a96f-440b-beb5-1aeabb06f101,function_transfer_time,1779127121.5366416,0.000105153
experiment_name,17215125-a96f-440b-beb5-1aeabb06f101,function_transfer_time,1779127121.5418108,0.12356293
experiment_name,17215125-a96f-440b-beb5-1aeabb06f101,function_transfer_time,1779127121.544473,0.000107065
experiment_name,17215125-a96f-440b-beb5-1aeabb06f101,function_transfer_time,1779127121.547409,0.000096218
experiment_name,17215125-a96f-440b-beb5-1aeabb06f101,function_transfer_time,1779127121.5547235,0.000432048
experiment_name,17215125-a96f-440b-beb5-1aeabb06f101,function_transfer_time,1779127121.5599577,0.000101749
experiment_name,17215125-a96f-440b-beb5-1aeabb06f101,function_transfer_time,1779127121.5634792,0.000144047
experiment_name,17215125-a96f-440b-beb5-1aeabb06f101,function_transfer_time,1779127121.5678253,0.000117265
experiment_name,17215125-a96f-440b-beb5-1aeabb06f101,function_transfer_time,1779127121.5764766,0.000462722
experiment_name,17215125-a96f-440b-beb5-1aeabb06f101,function_transfer_time,1779127121.5788932,0.000139162
experiment_name,17215125-a96f-440b-beb5-1aeabb06f101,function_transfer_time,1779127121.5852563,0.000440363
experiment_name,17215125-a96f-440b-beb5-1aeabb06f101,function_transfer_time,1779127121.591092,0.000584326
experiment_name,17215125-a96f-440b-beb5-1aeabb06f101,function_transfer_time,1779127121.5947564,0.000109975
experiment_name,17215125-a96f-440b-beb5-1aeabb06f101,function_transfer_time,1779127121.6010602,0.000107453
experiment_name,17215125-a96f-440b-beb5-1aeabb06f101,function_transfer_time,1779127121.611314,0.000098355
experiment_name,17215125-a96f-440b-beb5-1aeabb06f101,function_transfer_time,1779127121.623172,0.000429519
experiment_name,17215125-a96f-440b-beb5-1aeabb06f101,function_transfer_time,1779127121.6339333,0.000429288
experiment_name,17215125-a96f-440b-beb5-1aeabb06f101,function_transfer_time,1779127121.6457322,0.000715035
experiment_name,eef624cd-2f1d-46ff-9e3d-cd6471b67e92,function_transfer_time,1779127121.0093074,0.000027418
experiment_name,eef624cd-2f1d-46ff-9e3d-cd6471b67e92,function_transfer_time,1779127121.110931,0.000117779
experiment_name,eef624cd-2f1d-46ff-9e3d-cd6471b67e92,function_transfer_time,1779127121.212246,0.000107626
experiment_name,eef624cd-2f1d-46ff-9e3d-cd6471b67e92,function_transfer_time,1779127121.3140607,0.000121021
experiment_name,eef624cd-2f1d-46ff-9e3d-cd6471b67e92,function_transfer_time,1779127121.4144711,0.00010492
experiment_name,eef624cd-2f1d-46ff-9e3d-cd6471b67e92,function_transfer_time,1779127121.5158725,0.000035283
experiment_name,eef624cd-2f1d-46ff-9e3d-cd6471b67e92,function_transfer_time,1779127121.61659,0.00003271
experiment_name,eef624cd-2f1d-46ff-9e3d-cd6471b67e92,function_transfer_time,1779127121.718025,0.000105589
experiment_name,eef624cd-2f1d-46ff-9e3d-cd6471b67e92,function_transfer_time,1779127121.819377,0.000051983
experiment_name,eef624cd-2f1d-46ff-9e3d-cd6471b67e92,function_transfer_time,1779127121.920668,0.000034104
experiment_name,eef624cd-2f1d-46ff-9e3d-cd6471b67e92,function_transfer_time,1779127122.0220947,0.000136325
experiment_name,eef624cd-2f1d-46ff-9e3d-cd6471b67e92,function_transfer_time,1779127122.123328,0.000123528
experiment_name,eef624cd-2f1d-46ff-9e3d-cd6471b67e92,function_transfer_time,1779127122.2245238,0.000034343
experiment_name,eef624cd-2f1d-46ff-9e3d-cd6471b67e92,function_transfer_time,1779127122.3260295,0.000121545
experiment_name,eef624cd-2f1d-46ff-9e3d-cd6471b67e92,function_transfer_time,1779127122.4273484,0.000135413
experiment_name,eef624cd-2f1d-46ff-9e3d-cd6471b67e92,function_transfer_time,1779127122.5286005,0.00010598
experiment_name,eef624cd-2f1d-46ff-9e3d-cd6471b67e92,function_transfer_time,1779127122.629953,0.000135873
experiment_name,eef624cd-2f1d-46ff-9e3d-cd6471b67e92,function_transfer_time,1779127122.7312152,0.000111276
experiment_name,eef624cd-2f1d-46ff-9e3d-cd6471b67e92,function_transfer_time,1779127122.831542,0.00012392
experiment_name,eef624cd-2f1d-46ff-9e3d-cd6471b67e92,function_transfer_time,1779127122.932844,0.000037796
experiment_name,eef624cd-2f1d-46ff-9e3d-cd6471b67e92,function_transfer_time,1779127123.0342116,0.000126786
experiment_name,eef624cd-2f1d-46ff-9e3d-cd6471b67e92,function_transfer_time,1779127123.1344717,0.000136087
experiment_name,eef624cd-2f1d-46ff-9e3d-cd6471b67e92,function_transfer_time,1779127123.235773,0.000114504
experiment_name,eef624cd-2f1d-46ff-9e3d-cd6471b67e92,function_transfer_time,1779127123.3371692,0.000108136
experiment_name,eef624cd-2f1d-46ff-9e3d-cd6471b67e92,function_transfer_time,1779127123.4374766,0.00010425
experiment_name,eef624cd-2f1d-46ff-9e3d-cd6471b67e92,function_transfer_time,1779127123.538777,0.000106487
experiment_name,eef624cd-2f1d-46ff-9e3d-cd6471b67e92,function_transfer_time,1779127123.6401086,0.000136836
experiment_name,eef624cd-2f1d-46ff-9e3d-cd6471b67e92,function_transfer_time,1779127123.7413712,0.000052959
experiment_name,eef624cd-2f1d-46ff-9e3d-cd6471b67e92,function_transfer_time,1779127123.84277,0.000135935
experiment_name,eef624cd-2f1d-46ff-9e3d-cd6471b67e92,function_transfer_time,1779127123.9440637,0.000032478
experiment_name,eef624cd-2f1d-46ff-9e3d-cd6471b67e92,function_transfer_time,1779127124.045459,0.000115363
experiment_name,eef624cd-2f1d-46ff-9e3d-cd6471b67e92,function_transfer_time,1779127124.146708,0.000053659
experiment_name,eef624cd-2f1d-46ff-9e3d-cd6471b67e92,function_transfer_time,1779127124.2480962,0.000124252
experiment_name,eef624cd-2f1d-46ff-9e3d-cd6471b67e92,function_transfer_time,1779127124.3493774,0.000053522
experiment_name,eef624cd-2f1d-46ff-9e3d-cd6471b67e92,function_transfer_time,1779127124.4506755,0.000111247
experiment_name,eef624cd-2f1d-46ff-9e3d-cd6471b67e92,function_transfer_time,1779127124.5519977,0.00012373
experiment_name,91805380-72a6-43f3-a41b-41840578e244,function_instantiate_time,1779127121.3581622,0.427778524
experiment_name,6d109d43-6314-4ca1-99af-bff2eda54185,function_instantiate_time,1779127121.342256,0.381763066
experiment_name,ed5ba378-0c35-4a86-851f-f82104b9cbf9,function_instantiate_time,1779127121.3361273,0.365100003
experiment_name,195baa39-5d7c-43a5-99b3-914f0db59c9c,function_instantiate_time,1779127121.3540237,0.441657382
experiment_name,3887d1e0-4b0e-4553-bd6b-f25f20142e69,function_instantiate_time,1779127121.157356,0.225985107
experiment_name,491423c8-1d48-487f-97db-753dc969bc7e,function_instantiate_time,1779127121.3703456,0.426031436
experiment_name,23751a44-a32e-4d20-9034-d35542e3eeea,function_instantiate_time,1779127121.3704293,0.459398507
experiment_name,5a98d4f0-bb0d-4656-b61f-e86ee404ed2a,function_instantiate_time,1779127121.3581972,0.451040374
experiment_name,a0427ddc-b47f-4dc2-b7d4-b237b026bff5,function_instantiate_time,1779127121.3704028,0.453236574
experiment_name,edd8f46a-4c97-4226-9b99-29c7d14079f0,function_instantiate_time,1779127121.354003,0.411743335
experiment_name,7359f4ba-762b-41cb-a189-525b3253e24c,function_instantiate_time,1779127121.3343062,0.35951402
experiment_name,aa8a424f-6e86-49c7-9c01-08def77dc087,function_instantiate_time,1779127121.370389,0.414652023
experiment_name,e64134e7-c6fc-42b4-912a-7bad1f69d937,function_instantiate_time,1779127121.373671,0.426632849
experiment_name,ceafb1f2-06cc-46f3-b3c4-108782198591,function_instantiate_time,1779127121.346417,0.380682188
experiment_name,6dad27f4-6abe-4868-9747-2e307b4486c1,function_instantiate_time,1779127121.3736928,0.453072832
experiment_name,ceafb1f2-06cc-46f3-b3c4-108782198591,function_init_time,1779127121.3477333,0.000817062
experiment_name,23751a44-a32e-4d20-9034-d35542e3eeea,function_init_time,1779127121.3704376,0.000241946
experiment_name,6dad27f4-6abe-4868-9747-2e307b4486c1,function_init_time,1779127121.3748183,0.001296824
experiment_name,6d109d43-6314-4ca1-99af-bff2eda54185,function_init_time,1779127121.343331,0.002643482
experiment_name,3887d1e0-4b0e-4553-bd6b-f25f20142e69,function_init_time,1779127121.1573656,0.000443022
experiment_name,5a98d4f0-bb0d-4656-b61f-e86ee404ed2a,function_init_time,1779127121.370167,0.004126659
experiment_name,aa8a424f-6e86-49c7-9c01-08def77dc087,function_init_time,1779127121.370399,0.000218558
experiment_name,491423c8-1d48-487f-97db-753dc969bc7e,function_init_time,1779127121.3703556,0.001537603
experiment_name,91805380-72a6-43f3-a41b-41840578e244,function_init_time,1779127121.3581903,0.000520393
experiment_name,7359f4ba-762b-41cb-a189-525b3253e24c,function_init_time,1779127121.3421564,0.002289423
experiment_name,ed5ba378-0c35-4a86-851f-f82104b9cbf9,function_init_time,1779127121.3421736,0.001018155
experiment_name,195baa39-5d7c-43a5-99b3-914f0db59c9c,function_init_time,1779127121.3540294,0.00052717
experiment_name,a0427ddc-b47f-4dc2-b7d4-b237b026bff5,function_init_time,1779127121.3704176,0.000234649
experiment_name,edd8f46a-4c97-4226-9b99-29c7d14079f0,function_init_time,1779127121.3540192,0.000649153
experiment_name,e64134e7-c6fc-42b4-912a-7bad1f69d937,function_init_time,1779127121.3748088,0.001260972
experiment_name,91805380-72a6-43f3-a41b-41840578e244,function_execution_time,1779127121.4155965,0.056752571
experiment_name,91805380-72a6-43f3-a41b-41840578e244,function_execution_time,1779127121.5178728,0.000270557
experiment_name,7359f4ba-762b-41cb-a189-525b3253e24c,function_execution_time,1779127121.370423,0.031289796
experiment_name,7359f4ba-762b-41cb-a189-525b3253e24c,function_execution_time,1779127121.4730906,0.000287725
experiment_name,e64134e7-c6fc-42b4-912a-7bad1f69d937,function_execution_time,1779127121.4966958,0.119200552
experiment_name,e64134e7-c6fc-42b4-912a-7bad1f69d937,function_execution_time,1779127121.599438,0.000285169
experiment_name,6dad27f4-6abe-4868-9747-2e307b4486c1,function_execution_time,1779127121.486376,0.111420367
experiment_name,6dad27f4-6abe-4868-9747-2e307b4486c1,function_execution_time,1779127121.5899792,0.000281947
experiment_name,aa8a424f-6e86-49c7-9c01-08def77dc087,function_execution_time,1779127121.476228,0.102342209
experiment_name,aa8a424f-6e86-49c7-9c01-08def77dc087,function_execution_time,1779127121.5812235,0.00027465
experiment_name,491423c8-1d48-487f-97db-753dc969bc7e,function_execution_time,1779127121.4456668,0.082000527
experiment_name,491423c8-1d48-487f-97db-753dc969bc7e,function_execution_time,1779127121.5487971,0.000269928
experiment_name,23751a44-a32e-4d20-9034-d35542e3eeea,function_execution_time,1779127121.455742,0.08582774
experiment_name,23751a44-a32e-4d20-9034-d35542e3eeea,function_execution_time,1779127121.559373,0.000278354
experiment_name,ed5ba378-0c35-4a86-851f-f82104b9cbf9,function_execution_time,1779127121.358707,0.016974936
experiment_name,ed5ba378-0c35-4a86-851f-f82104b9cbf9,function_execution_time,1779127121.4583173,0.000304928
experiment_name,edd8f46a-4c97-4226-9b99-29c7d14079f0,function_execution_time,1779127121.4056058,0.050359321
experiment_name,edd8f46a-4c97-4226-9b99-29c7d14079f0,function_execution_time,1779127121.5083587,0.000281928
experiment_name,195baa39-5d7c-43a5-99b3-914f0db59c9c,function_execution_time,1779127121.395734,0.040638307
experiment_name,195baa39-5d7c-43a5-99b3-914f0db59c9c,function_execution_time,1779127121.5017598,0.000274391
experiment_name,a0427ddc-b47f-4dc2-b7d4-b237b026bff5,function_execution_time,1779127121.4657605,0.095543698
experiment_name,a0427ddc-b47f-4dc2-b7d4-b237b026bff5,function_execution_time,1779127121.5682132,0.000285058
experiment_name,5a98d4f0-bb0d-4656-b61f-e86ee404ed2a,function_execution_time,1779127121.4256318,0.066370083
experiment_name,5a98d4f0-bb0d-4656-b61f-e86ee404ed2a,function_execution_time,1779127121.5294306,0.000283928
experiment_name,3887d1e0-4b0e-4553-bd6b-f25f20142e69,function_execution_time,1779127121.1706853,0.01324628
experiment_name,3887d1e0-4b0e-4553-bd6b-f25f20142e69,function_execution_time,1779127121.2786422,0.000458485
experiment_name,ceafb1f2-06cc-46f3-b3c4-108782198591,function_execution_time,1779127121.3856149,0.03773125
experiment_name,ceafb1f2-06cc-46f3-b3c4-108782198591,function_execution_time,1779127121.4889538,0.000354095
experiment_name,6d109d43-6314-4ca1-99af-bff2eda54185,function_execution_time,1779127121.4356096,0.09212921
experiment_name,6d109d43-6314-4ca1-99af-bff2eda54185,function_execution_time,1779127121.5378966,0.000339281
experiment_name,491423c8-1d48-487f-97db-753dc969bc7e,function_transfer_time,1779127121.3703609,0.000250779
experiment_name,491423c8-1d48-487f-97db-753dc969bc7e,function_transfer_time,1779127121.5485227,0.003568148
experiment_name,5a98d4f0-bb0d-4656-b61f-e86ee404ed2a,function_transfer_time,1779127121.3701758,0.000217242
experiment_name,5a98d4f0-bb0d-4656-b61f-e86ee404ed2a,function_transfer_time,1779127121.5291378,0.00358009
experiment_name,ceafb1f2-06cc-46f3-b3c4-108782198591,function_transfer_time,1779127121.3484802,0.000704746
experiment_name,ceafb1f2-06cc-46f3-b3c4-108782198591,function_transfer_time,1779127121.4886155,0.003671214
experiment_name,6d109d43-6314-4ca1-99af-bff2eda54185,function_transfer_time,1779127121.343465,0.000223112
experiment_name,6d109d43-6314-4ca1-99af-bff2eda54185,function_transfer_time,1779127121.5375457,0.003587217
experiment_name,aa8a424f-6e86-49c7-9c01-08def77dc087,function_transfer_time,1779127121.3747642,0.008322892
experiment_name,aa8a424f-6e86-49c7-9c01-08def77dc087,function_transfer_time,1779127121.5809457,0.003589295
experiment_name,6dad27f4-6abe-4868-9747-2e307b4486c1,function_transfer_time,1779127121.377559,0.000326132
experiment_name,6dad27f4-6abe-4868-9747-2e307b4486c1,function_transfer_time,1779127121.589694,0.003566476
experiment_name,91805380-72a6-43f3-a41b-41840578e244,function_transfer_time,1779127121.3591468,0.003925472
experiment_name,91805380-72a6-43f3-a41b-41840578e244,function_transfer_time,1779127121.5175982,0.003576092
experiment_name,edd8f46a-4c97-4226-9b99-29c7d14079f0,function_transfer_time,1779127121.3587155,0.002356516
experiment_name,edd8f46a-4c97-4226-9b99-29c7d14079f0,function_transfer_time,1779127121.5080717,0.003586678
experiment_name,a0427ddc-b47f-4dc2-b7d4-b237b026bff5,function_transfer_time,1779127121.3704572,0.001520808
experiment_name,a0427ddc-b47f-4dc2-b7d4-b237b026bff5,function_transfer_time,1779127121.5679393,0.00361485
experiment_name,195baa39-5d7c-43a5-99b3-914f0db59c9c,function_transfer_time,1779127121.3586578,0.001255564
experiment_name,195baa39-5d7c-43a5-99b3-914f0db59c9c,function_transfer_time,1779127121.5014808,0.003588208
experiment_name,3887d1e0-4b0e-4553-bd6b-f25f20142e69,function_transfer_time,1779127121.1574008,0.000132538
experiment_name,3887d1e0-4b0e-4553-bd6b-f25f20142e69,function_transfer_time,1779127121.27863,0.007146882
experiment_name,ed5ba378-0c35-4a86-851f-f82104b9cbf9,function_transfer_time,1779127121.342188,0.001067618
experiment_name,ed5ba378-0c35-4a86-851f-f82104b9cbf9,function_transfer_time,1779127121.4580095,0.003639177
experiment_name,7359f4ba-762b-41cb-a189-525b3253e24c,function_transfer_time,1779127121.3421826,0.001579641
experiment_name,7359f4ba-762b-41cb-a189-525b3253e24c,function_transfer_time,1779127121.4727972,0.003620803
experiment_name,e64134e7-c6fc-42b4-912a-7bad1f69d937,function_transfer_time,1779127121.3776188,0.002934466
experiment_name,e64134e7-c6fc-42b4-912a-7bad1f69d937,function_transfer_time,1779127121.5991466,0.003583338
experiment_name,23751a44-a32e-4d20-9034-d35542e3eeea,function_transfer_time,1779127121.3704407,0.000025908
experiment_name,23751a44-a32e-4d20-9034-d35542e3eeea,function_transfer_time,1779127121.5590897,0.00356481
experiment_name,8c2ac18a-4746-49ff-b239-5dae0e87ca6e,function_instantiate_time,1779127121.3695898,0.435311442
experiment_name,16578311-8c3c-46ca-a32c-2991b33b6373,function_instantiate_time,1779127121.360456,0.401160663
experiment_name,48f9ff5a-43bf-4ce6-af10-fe9fb22fd50d,function_instantiate_time,1779127121.3605087,0.394461134
experiment_name,cf383d9b-cebe-4b14-b747-364e508cf0c5,function_instantiate_time,1779127121.4068573,0.50046856
experiment_name,d8755012-fec9-419f-b072-499db7dbaad1,function_instantiate_time,1779127121.3908725,0.461778614
experiment_name,0558c1ac-499c-4c4f-8442-1180a42f0954,function_instantiate_time,1779127121.3610137,0.415274373
experiment_name,31661d01-5949-4cce-86e3-87b690e9670a,function_instantiate_time,1779127121.3604977,0.388453552
experiment_name,d95dabf7-a4ba-47da-96aa-0a770802ac96,function_instantiate_time,1779127121.381538,0.462376172
experiment_name,d212307b-87b1-48da-82fa-4562dac2d33c,function_instantiate_time,1779127121.3534417,0.390982729
experiment_name,540ad95c-3948-43f9-b1e1-b9aebffb4355,function_instantiate_time,1779127121.3695338,0.435884241
experiment_name,373b1c74-0e1c-4016-936a-aa389271c8ab,function_instantiate_time,1779127121.4030473,0.489856681
experiment_name,41eeb863-57c7-41ee-a90a-604eb19dd9d4,function_instantiate_time,1779127121.34484,0.366893958
experiment_name,2d717b44-1b68-496c-8e10-95ef641b7db2,function_instantiate_time,1779127121.4030612,0.462644729
experiment_name,65db93a4-f308-40f7-87c7-0a82a173741d,function_instantiate_time,1779127121.4066513,0.489583698
experiment_name,01b50996-7112-43ee-8d8e-a0193926b8f7,function_instantiate_time,1779127121.4030855,0.500711729
experiment_name,0558c1ac-499c-4c4f-8442-1180a42f0954,function_init_time,1779127121.3814316,0.016592351
experiment_name,8c2ac18a-4746-49ff-b239-5dae0e87ca6e,function_init_time,1779127121.3814704,0.009191077
experiment_name,01b50996-7112-43ee-8d8e-a0193926b8f7,function_init_time,1779127121.4068382,0.002709586
experiment_name,540ad95c-3948-43f9-b1e1-b9aebffb4355,function_init_time,1779127121.3760884,0.008336352
experiment_name,cf383d9b-cebe-4b14-b747-364e508cf0c5,function_init_time,1779127121.416815,0.006059452
experiment_name,41eeb863-57c7-41ee-a90a-604eb19dd9d4,function_init_time,1779127121.3459187,0.000983968
experiment_name,65db93a4-f308-40f7-87c7-0a82a173741d,function_init_time,1779127121.4068449,0.002330714
experiment_name,d95dabf7-a4ba-47da-96aa-0a770802ac96,function_init_time,1779127121.3849514,0.003921924
experiment_name,d212307b-87b1-48da-82fa-4562dac2d33c,function_init_time,1779127121.3604693,0.002157269
experiment_name,31661d01-5949-4cce-86e3-87b690e9670a,function_init_time,1779127121.3605235,0.001311024
experiment_name,16578311-8c3c-46ca-a32c-2991b33b6373,function_init_time,1779127121.3604822,0.001455284
experiment_name,48f9ff5a-43bf-4ce6-af10-fe9fb22fd50d,function_init_time,1779127121.3605318,0.001159246
experiment_name,d8755012-fec9-419f-b072-499db7dbaad1,function_init_time,1779127121.395675,0.003703442
experiment_name,373b1c74-0e1c-4016-936a-aa389271c8ab,function_init_time,1779127121.403075,0.002415585
experiment_name,2d717b44-1b68-496c-8e10-95ef641b7db2,function_init_time,1779127121.403088,0.001126523
experiment_name,41eeb863-57c7-41ee-a90a-604eb19dd9d4,function_execution_time,1779127121.3735597,0.026572561
experiment_name,41eeb863-57c7-41ee-a90a-604eb19dd9d4,function_execution_time,1779127121.4753485,0.000313983
experiment_name,8c2ac18a-4746-49ff-b239-5dae0e87ca6e,function_execution_time,1779127121.4663901,0.084717148
experiment_name,8c2ac18a-4746-49ff-b239-5dae0e87ca6e,function_execution_time,1779127121.5691895,0.000279224
experiment_name,31661d01-5949-4cce-86e3-87b690e9670a,function_execution_time,1779127121.3920903,0.030509541
experiment_name,31661d01-5949-4cce-86e3-87b690e9670a,function_execution_time,1779127121.4954967,0.000330538
experiment_name,540ad95c-3948-43f9-b1e1-b9aebffb4355,function_execution_time,1779127121.4562166,0.082080155
experiment_name,540ad95c-3948-43f9-b1e1-b9aebffb4355,function_execution_time,1779127121.5614448,0.000317705
experiment_name,d212307b-87b1-48da-82fa-4562dac2d33c,function_execution_time,1779127121.4350064,0.073352025
experiment_name,d212307b-87b1-48da-82fa-4562dac2d33c,function_execution_time,1779127121.537847,0.00036789
experiment_name,01b50996-7112-43ee-8d8e-a0193926b8f7,function_execution_time,1779127121.5099514,0.10321623
experiment_name,01b50996-7112-43ee-8d8e-a0193926b8f7,function_execution_time,1779127121.6125698,0.000272408
experiment_name,65db93a4-f308-40f7-87c7-0a82a173741d,function_execution_time,1779127121.5321374,0.124871102
experiment_name,65db93a4-f308-40f7-87c7-0a82a173741d,function_execution_time,1779127121.6352766,0.000328131
experiment_name,d95dabf7-a4ba-47da-96aa-0a770802ac96,function_execution_time,1779127121.4773486,0.092195089
experiment_name,d95dabf7-a4ba-47da-96aa-0a770802ac96,function_execution_time,1779127121.5799685,0.000340409
experiment_name,0558c1ac-499c-4c4f-8442-1180a42f0954,function_execution_time,1779127121.4453497,0.067700926
experiment_name,0558c1ac-499c-4c4f-8442-1180a42f0954,function_execution_time,1779127121.5484617,0.000270297
experiment_name,2d717b44-1b68-496c-8e10-95ef641b7db2,function_execution_time,1779127121.521326,0.11809011
experiment_name,2d717b44-1b68-496c-8e10-95ef641b7db2,function_execution_time,1779127121.624654,0.00029726
experiment_name,d8755012-fec9-419f-b072-499db7dbaad1,function_execution_time,1779127121.4879475,0.092054681
experiment_name,d8755012-fec9-419f-b072-499db7dbaad1,function_execution_time,1779127121.5928366,0.000305149
experiment_name,373b1c74-0e1c-4016-936a-aa389271c8ab,function_execution_time,1779127121.4990811,0.096010643
experiment_name,373b1c74-0e1c-4016-936a-aa389271c8ab,function_execution_time,1779127121.6024473,0.000312372
experiment_name,16578311-8c3c-46ca-a32c-2991b33b6373,function_execution_time,1779127121.4130986,0.050582999
experiment_name,16578311-8c3c-46ca-a32c-2991b33b6373,function_execution_time,1779127121.5080519,0.000335409
experiment_name,cf383d9b-cebe-4b14-b747-364e508cf0c5,function_execution_time,1779127121.542092,0.128851101
experiment_name,cf383d9b-cebe-4b14-b747-364e508cf0c5,function_execution_time,1779127121.6479065,0.000395242
experiment_name,48f9ff5a-43bf-4ce6-af10-fe9fb22fd50d,function_execution_time,1779127121.4242687,0.062446199
experiment_name,48f9ff5a-43bf-4ce6-af10-fe9fb22fd50d,function_execution_time,1779127121.5278213,0.000352502
experiment_name,0558c1ac-499c-4c4f-8442-1180a42f0954,function_transfer_time,1779127121.3814511,0.00017902
experiment_name,0558c1ac-499c-4c4f-8442-1180a42f0954,function_transfer_time,1779127121.5481656,0.0002929
experiment_name,cf383d9b-cebe-4b14-b747-364e508cf0c5,function_transfer_time,1779127121.4168353,0.000450836
experiment_name,cf383d9b-cebe-4b14-b747-364e508cf0c5,function_transfer_time,1779127121.6474912,0.000288535
experiment_name,d8755012-fec9-419f-b072-499db7dbaad1,function_transfer_time,1779127121.3959904,0.001155413
experiment_name,d8755012-fec9-419f-b072-499db7dbaad1,function_transfer_time,1779127121.5925255,0.000276995
experiment_name,373b1c74-0e1c-4016-936a-aa389271c8ab,function_transfer_time,1779127121.403096,0.000557817
experiment_name,373b1c74-0e1c-4016-936a-aa389271c8ab,function_transfer_time,1779127121.6021082,0.000251464
experiment_name,d95dabf7-a4ba-47da-96aa-0a770802ac96,function_transfer_time,1779127121.3850043,0.000202298
experiment_name,d95dabf7-a4ba-47da-96aa-0a770802ac96,function_transfer_time,1779127121.5796022,0.000263644
experiment_name,65db93a4-f308-40f7-87c7-0a82a173741d,function_transfer_time,1779127121.4068594,0.000485131
experiment_name,65db93a4-f308-40f7-87c7-0a82a173741d,function_transfer_time,1779127121.6349437,0.000251286
experiment_name,d212307b-87b1-48da-82fa-4562dac2d33c,function_transfer_time,1779127121.361703,0.006592306
experiment_name,d212307b-87b1-48da-82fa-4562dac2d33c,function_transfer_time,1779127121.5374818,0.000362922
experiment_name,01b50996-7112-43ee-8d8e-a0193926b8f7,function_transfer_time,1779127121.4068503,0.001167376
experiment_name,01b50996-7112-43ee-8d8e-a0193926b8f7,function_transfer_time,1779127121.6122916,0.000241345
experiment_name,41eeb863-57c7-41ee-a90a-604eb19dd9d4,function_transfer_time,1779127121.3459766,0.00015776
experiment_name,41eeb863-57c7-41ee-a90a-604eb19dd9d4,function_transfer_time,1779127121.4750357,0.000310566
experiment_name,8c2ac18a-4746-49ff-b239-5dae0e87ca6e,function_transfer_time,1779127121.3816993,0.003950017
experiment_name,8c2ac18a-4746-49ff-b239-5dae0e87ca6e,function_transfer_time,1779127121.5689044,0.000272146
experiment_name,540ad95c-3948-43f9-b1e1-b9aebffb4355,function_transfer_time,1779127121.3760986,0.001575896
experiment_name,540ad95c-3948-43f9-b1e1-b9aebffb4355,function_transfer_time,1779127121.561121,0.000264225
experiment_name,48f9ff5a-43bf-4ce6-af10-fe9fb22fd50d,function_transfer_time,1779127121.3617342,0.002313233
experiment_name,48f9ff5a-43bf-4ce6-af10-fe9fb22fd50d,function_transfer_time,1779127121.5274677,0.000357502
experiment_name,31661d01-5949-4cce-86e3-87b690e9670a,function_transfer_time,1779127121.361552,0.002342696
experiment_name,31661d01-5949-4cce-86e3-87b690e9670a,function_transfer_time,1779127121.4954886,0.00036793
experiment_name,2d717b44-1b68-496c-8e10-95ef641b7db2,function_transfer_time,1779127121.4031768,0.000217353
experiment_name,2d717b44-1b68-496c-8e10-95ef641b7db2,function_transfer_time,1779127121.6243496,0.000249675
experiment_name,16578311-8c3c-46ca-a32c-2991b33b6373,function_transfer_time,1779127121.3606243,0.005371783
experiment_name,16578311-8c3c-46ca-a32c-2991b33b6373,function_transfer_time,1779127121.5077004,0.00036283
experiment_name,eef624cd-2f1d-46ff-9e3d-cd6471b67e92,function_execution_time,1779127124.6527345,0.000073474
experiment_name,eef624cd-2f1d-46ff-9e3d-cd6471b67e92,function_execution_time,1779127124.7540686,0.000077952
experiment_name,eef624cd-2f1d-46ff-9e3d-cd6471b67e92,function_execution_time,1779127124.855509,0.000116024
experiment_name,eef624cd-2f1d-46ff-9e3d-cd6471b67e92,function_execution_time,1779127124.9575634,0.000093395
experiment_name,eef624cd-2f1d-46ff-9e3d-cd6471b67e92,function_execution_time,1779127125.0588658,0.000070952
experiment_name,eef624cd-2f1d-46ff-9e3d-cd6471b67e92,function_execution_time,1779127125.160209,0.00006087
experiment_name,eef624cd-2f1d-46ff-9e3d-cd6471b67e92,function_execution_time,1779127125.2615077,0.000058594
experiment_name,eef624cd-2f1d-46ff-9e3d-cd6471b67e92,function_execution_time,1779127125.3628497,0.000069425
experiment_name,eef624cd-2f1d-46ff-9e3d-cd6471b67e92,function_execution_time,1779127125.464159,0.000056135
experiment_name,eef624cd-2f1d-46ff-9e3d-cd6471b67e92,function_execution_time,1779127125.565487,0.000068981
experiment_name,eef624cd-2f1d-46ff-9e3d-cd6471b67e92,function_execution_time,1779127125.6668162,0.000059409
experiment_name,eef624cd-2f1d-46ff-9e3d-cd6471b67e92,function_execution_time,1779127125.768128,0.000068303
experiment_name,eef624cd-2f1d-46ff-9e3d-cd6471b67e92,function_execution_time,1779127125.8694818,0.000073989
experiment_name,eef624cd-2f1d-46ff-9e3d-cd6471b67e92,function_execution_time,1779127125.9707494,0.000065654
experiment_name,eef624cd-2f1d-46ff-9e3d-cd6471b67e92,function_execution_time,1779127126.0721097,0.000059051
experiment_name,eef624cd-2f1d-46ff-9e3d-cd6471b67e92,function_execution_time,1779127126.1734784,0.000072229
experiment_name,eef624cd-2f1d-46ff-9e3d-cd6471b67e92,function_execution_time,1779127126.2747262,0.000055646
experiment_name,eef624cd-2f1d-46ff-9e3d-cd6471b67e92,function_execution_time,1779127126.37606,0.000055502
experiment_name,eef624cd-2f1d-46ff-9e3d-cd6471b67e92,function_execution_time,1779127126.4773722,0.000058544
experiment_name,eef624cd-2f1d-46ff-9e3d-cd6471b67e92,function_execution_time,1779127126.578706,0.000057785
experiment_name,eef624cd-2f1d-46ff-9e3d-cd6471b67e92,function_execution_time,1779127126.6799705,0.000065979
experiment_name,eef624cd-2f1d-46ff-9e3d-cd6471b67e92,function_execution_time,1779127126.781242,0.000054916
experiment_name,eef624cd-2f1d-46ff-9e3d-cd6471b67e92,function_execution_time,1779127126.881527,0.000055832
experiment_name,eef624cd-2f1d-46ff-9e3d-cd6471b67e92,function_execution_time,1779127126.9827905,0.000055099
experiment_name,eef624cd-2f1d-46ff-9e3d-cd6471b67e92,function_execution_time,1779127127.0841494,0.000065247
experiment_name,eef624cd-2f1d-46ff-9e3d-cd6471b67e92,function_execution_time,1779127127.185449,0.000058259
experiment_name,eef624cd-2f1d-46ff-9e3d-cd6471b67e92,function_execution_time,1779127127.2867196,0.000056474
experiment_name,eef624cd-2f1d-46ff-9e3d-cd6471b67e92,function_execution_time,1779127127.3880634,0.000055537
experiment_name,eef624cd-2f1d-46ff-9e3d-cd6471b67e92,function_execution_time,1779127127.4893804,0.000055063
experiment_name,eef624cd-2f1d-46ff-9e3d-cd6471b67e92,function_execution_time,1779127127.5907233,0.000063037
experiment_name,eef624cd-2f1d-46ff-9e3d-cd6471b67e92,function_execution_time,1779127127.6919696,0.000055279
experiment_name,eef624cd-2f1d-46ff-9e3d-cd6471b67e92,function_execution_time,1779127127.7932045,0.000056801
experiment_name,eef624cd-2f1d-46ff-9e3d-cd6471b67e92,function_execution_time,1779127127.8935256,0.000054636
experiment_name,eef624cd-2f1d-46ff-9e3d-cd6471b67e92,function_execution_time,1779127127.9948566,0.000063701
experiment_name,eef624cd-2f1d-46ff-9e3d-cd6471b67e92,function_execution_time,1779127128.0961883,0.000055217
experiment_name,eef624cd-2f1d-46ff-9e3d-cd6471b67e92,function_execution_time,1779127128.1975193,0.000054376
experiment_name,eef624cd-2f1d-46ff-9e3d-cd6471b67e92,function_execution_time,1779127128.2988496,0.000054052
experiment_name,eef624cd-2f1d-46ff-9e3d-cd6471b67e92,function_execution_time,1779127128.4001548,0.000054891
experiment_name,eef624cd-2f1d-46ff-9e3d-cd6471b67e92,function_execution_time,1779127128.5015206,0.00006756
experiment_name,eef624cd-2f1d-46ff-9e3d-cd6471b67e92,function_execution_time,1779127128.6030138,0.000061268
experiment_name,eef624cd-2f1d-46ff-9e3d-cd6471b67e92,function_execution_time,1779127128.7043188,0.000054932
experiment_name,eef624cd-2f1d-46ff-9e3d-cd6471b67e92,function_execution_time,1779127128.8056927,0.000059356
experiment_name,eef624cd-2f1d-46ff-9e3d-cd6471b67e92,function_execution_time,1779127128.9070387,0.000068248
experiment_name,eef624cd-2f1d-46ff-9e3d-cd6471b67e92,function_execution_time,1779127129.0082684,0.000054468
experiment_name,eef624cd-2f1d-46ff-9e3d-cd6471b67e92,function_execution_time,1779127129.10967,0.000058742
experiment_name,eef624cd-2f1d-46ff-9e3d-cd6471b67e92,function_execution_time,1779127129.2110026,0.000055139
experiment_name,eef624cd-2f1d-46ff-9e3d-cd6471b67e92,function_execution_time,1779127129.312276,0.000062279
experiment_name,eef624cd-2f1d-46ff-9e3d-cd6471b67e92,function_execution_time,1779127129.4126544,0.000078892
experiment_name,eef624cd-2f1d-46ff-9e3d-cd6471b67e92,function_execution_time,1779127129.5138848,0.000058424
experiment_name,eef624cd-2f1d-46ff-9e3d-cd6471b67e92,function_execution_time,1779127129.6152642,0.000057689
experiment_name,fdb0fc7d-f5aa-4852-9257-170307a0ed0c,function_execution_time,1779127124.6525903,0.000115157
experiment_name,fdb0fc7d-f5aa-4852-9257-170307a0ed0c,function_execution_time,1779127124.7539568,0.000118041
experiment_name,fdb0fc7d-f5aa-4852-9257-170307a0ed0c,function_execution_time,1779127124.8553088,0.000126779
experiment_name,fdb0fc7d-f5aa-4852-9257-170307a0ed0c,function_execution_time,1779127124.95744,0.000123509
experiment_name,fdb0fc7d-f5aa-4852-9257-170307a0ed0c,function_execution_time,1779127125.0586874,0.000091867
experiment_name,fdb0fc7d-f5aa-4852-9257-170307a0ed0c,function_execution_time,1779127125.160028,0.000072941
experiment_name,fdb0fc7d-f5aa-4852-9257-170307a0ed0c,function_execution_time,1779127125.2613356,0.000084852
experiment_name,fdb0fc7d-f5aa-4852-9257-170307a0ed0c,function_execution_time,1779127125.3626914,0.000076435
experiment_name,fdb0fc7d-f5aa-4852-9257-170307a0ed0c,function_execution_time,1779127125.4639957,0.000073806
experiment_name,fdb0fc7d-f5aa-4852-9257-170307a0ed0c,function_execution_time,1779127125.5653152,0.000072575
experiment_name,fdb0fc7d-f5aa-4852-9257-170307a0ed0c,function_execution_time,1779127125.6667166,0.000083952
experiment_name,fdb0fc7d-f5aa-4852-9257-170307a0ed0c,function_execution_time,1779127125.7679455,0.000070947
experiment_name,fdb0fc7d-f5aa-4852-9257-170307a0ed0c,function_execution_time,1779127125.8693607,0.000088255
experiment_name,fdb0fc7d-f5aa-4852-9257-170307a0ed0c,function_execution_time,1779127125.9706857,0.000184164
experiment_name,fdb0fc7d-f5aa-4852-9257-170307a0ed0c,function_execution_time,1779127126.0719662,0.000077648
experiment_name,fdb0fc7d-f5aa-4852-9257-170307a0ed0c,function_execution_time,1779127126.1733015,0.000076548
experiment_name,fdb0fc7d-f5aa-4852-9257-170307a0ed0c,function_execution_time,1779127126.2745686,0.000075454
experiment_name,fdb0fc7d-f5aa-4852-9257-170307a0ed0c,function_execution_time,1779127126.3759701,0.00008234
experiment_name,fdb0fc7d-f5aa-4852-9257-170307a0ed0c,function_execution_time,1779127126.4772084,0.000074468
experiment_name,fdb0fc7d-f5aa-4852-9257-170307a0ed0c,function_execution_time,1779127126.5785375,0.00007318
experiment_name,fdb0fc7d-f5aa-4852-9257-170307a0ed0c,function_execution_time,1779127126.6797917,0.000078241
experiment_name,fdb0fc7d-f5aa-4852-9257-170307a0ed0c,function_execution_time,1779127126.781169,0.000075111
experiment_name,fdb0fc7d-f5aa-4852-9257-170307a0ed0c,function_execution_time,1779127126.8814209,0.000075738
experiment_name,fdb0fc7d-f5aa-4852-9257-170307a0ed0c,function_execution_time,1779127126.9827385,0.000150854
experiment_name,fdb0fc7d-f5aa-4852-9257-170307a0ed0c,function_execution_time,1779127127.0840454,0.000083113
experiment_name,fdb0fc7d-f5aa-4852-9257-170307a0ed0c,function_execution_time,1779127127.185371,0.000084841
experiment_name,fdb0fc7d-f5aa-4852-9257-170307a0ed0c,function_execution_time,1779127127.2865598,0.000071928
experiment_name,fdb0fc7d-f5aa-4852-9257-170307a0ed0c,function_execution_time,1779127127.387907,0.000072199
experiment_name,fdb0fc7d-f5aa-4852-9257-170307a0ed0c,function_execution_time,1779127127.4892874,0.000081028
experiment_name,fdb0fc7d-f5aa-4852-9257-170307a0ed0c,function_execution_time,1779127127.59056,0.00007205
experiment_name,fdb0fc7d-f5aa-4852-9257-170307a0ed0c,function_execution_time,1779127127.69181,0.000067965
experiment_name,fdb0fc7d-f5aa-4852-9257-170307a0ed0c,function_execution_time,1779127127.7931278,0.000079235
experiment_name,fdb0fc7d-f5aa-4852-9257-170307a0ed0c,function_execution_time,1779127127.8933883,0.000067297
experiment_name,fdb0fc7d-f5aa-4852-9257-170307a0ed0c,function_execution_time,1779127127.9947941,0.000146736
experiment_name,fdb0fc7d-f5aa-4852-9257-170307a0ed0c,function_execution_time,1779127128.0960488,0.000067188
experiment_name,fdb0fc7d-f5aa-4852-9257-170307a0ed0c,function_execution_time,1779127128.1974432,0.000083941
experiment_name,fdb0fc7d-f5aa-4852-9257-170307a0ed0c,function_execution_time,1779127128.2986922,0.00007355
experiment_name,fdb0fc7d-f5aa-4852-9257-170307a0ed0c,function_execution_time,1779127128.4000006,0.00007122
experiment_name,fdb0fc7d-f5aa-4852-9257-170307a0ed0c,function_execution_time,1779127128.5013342,0.000081877
experiment_name,fdb0fc7d-f5aa-4852-9257-170307a0ed0c,function_execution_time,1779127128.6029432,0.000084318
experiment_name,fdb0fc7d-f5aa-4852-9257-170307a0ed0c,function_execution_time,1779127128.70418,0.000071814
experiment_name,fdb0fc7d-f5aa-4852-9257-170307a0ed0c,function_execution_time,1779127128.805552,0.000073283
experiment_name,fdb0fc7d-f5aa-4852-9257-170307a0ed0c,function_execution_time,1779127128.9068658,0.000083237
experiment_name,fdb0fc7d-f5aa-4852-9257-170307a0ed0c,function_execution_time,1779127129.0082161,0.000149995
experiment_name,fdb0fc7d-f5aa-4852-9257-170307a0ed0c,function_execution_time,1779127129.1095254,0.000081697
experiment_name,fdb0fc7d-f5aa-4852-9257-170307a0ed0c,function_execution_time,1779127129.2109184,0.000081573
experiment_name,fdb0fc7d-f5aa-4852-9257-170307a0ed0c,function_execution_time,1779127129.3121288,0.000069028
experiment_name,fdb0fc7d-f5aa-4852-9257-170307a0ed0c,function_execution_time,1779127129.41251,0.000108738
experiment_name,fdb0fc7d-f5aa-4852-9257-170307a0ed0c,function_execution_time,1779127129.513823,0.000105297
experiment_name,fdb0fc7d-f5aa-4852-9257-170307a0ed0c,function_execution_time,1779127129.615093,0.000078184
experiment_name,fdb0fc7d-f5aa-4852-9257-170307a0ed0c,function_transfer_time,1779127124.6524746,0.000036662
experiment_name,fdb0fc7d-f5aa-4852-9257-170307a0ed0c,function_transfer_time,1779127124.753791,0.00010533
experiment_name,fdb0fc7d-f5aa-4852-9257-170307a0ed0c,function_transfer_time,1779127124.8551786,0.000102703
experiment_name,fdb0fc7d-f5aa-4852-9257-170307a0ed0c,function_transfer_time,1779127124.9572523,0.000096641
experiment_name,fdb0fc7d-f5aa-4852-9257-170307a0ed0c,function_transfer_time,1779127125.058593,0.000089143
experiment_name,fdb0fc7d-f5aa-4852-9257-170307a0ed0c,function_transfer_time,1779127125.1599452,0.000077765
experiment_name,fdb0fc7d-f5aa-4852-9257-170307a0ed0c,function_transfer_time,1779127125.2612536,0.000077948
experiment_name,fdb0fc7d-f5aa-4852-9257-170307a0ed0c,function_transfer_time,1779127125.3625975,0.000081622
experiment_name,fdb0fc7d-f5aa-4852-9257-170307a0ed0c,function_transfer_time,1779127125.4639225,0.000078658
experiment_name,fdb0fc7d-f5aa-4852-9257-170307a0ed0c,function_transfer_time,1779127125.5652392,0.000081067
experiment_name,fdb0fc7d-f5aa-4852-9257-170307a0ed0c,function_transfer_time,1779127125.6665664,0.000078257
experiment_name,fdb0fc7d-f5aa-4852-9257-170307a0ed0c,function_transfer_time,1779127125.7678695,0.000080158
experiment_name,fdb0fc7d-f5aa-4852-9257-170307a0ed0c,function_transfer_time,1779127125.8692112,0.000088305
experiment_name,fdb0fc7d-f5aa-4852-9257-170307a0ed0c,function_transfer_time,1779127125.9704964,0.0000393
experiment_name,fdb0fc7d-f5aa-4852-9257-170307a0ed0c,function_transfer_time,1779127126.071892,0.00007895
experiment_name,fdb0fc7d-f5aa-4852-9257-170307a0ed0c,function_transfer_time,1779127126.173226,0.000080446
experiment_name,fdb0fc7d-f5aa-4852-9257-170307a0ed0c,function_transfer_time,1779127126.2744915,0.000024633
experiment_name,fdb0fc7d-f5aa-4852-9257-170307a0ed0c,function_transfer_time,1779127126.3758254,0.00008176
experiment_name,fdb0fc7d-f5aa-4852-9257-170307a0ed0c,function_transfer_time,1779127126.477134,0.000080811
experiment_name,fdb0fc7d-f5aa-4852-9257-170307a0ed0c,function_transfer_time,1779127126.5784595,0.000079537
experiment_name,fdb0fc7d-f5aa-4852-9257-170307a0ed0c,function_transfer_time,1779127126.6797087,0.000021056
experiment_name,fdb0fc7d-f5aa-4852-9257-170307a0ed0c,function_transfer_time,1779127126.7810292,0.00008205
experiment_name,fdb0fc7d-f5aa-4852-9257-170307a0ed0c,function_transfer_time,1779127126.8812966,0.000020515
experiment_name,fdb0fc7d-f5aa-4852-9257-170307a0ed0c,function_transfer_time,1779127126.9825773,0.000077955
experiment_name,fdb0fc7d-f5aa-4852-9257-170307a0ed0c,function_transfer_time,1779127127.0839002,0.000020571
experiment_name,fdb0fc7d-f5aa-4852-9257-170307a0ed0c,function_transfer_time,1779127127.185211,0.000082376
experiment_name,fdb0fc7d-f5aa-4852-9257-170307a0ed0c,function_transfer_time,1779127127.286481,0.000021042
experiment_name,fdb0fc7d-f5aa-4852-9257-170307a0ed0c,function_transfer_time,1779127127.3878288,0.000079488
experiment_name,fdb0fc7d-f5aa-4852-9257-170307a0ed0c,function_transfer_time,1779127127.4891446,0.000081829
experiment_name,fdb0fc7d-f5aa-4852-9257-170307a0ed0c,function_transfer_time,1779127127.5904806,0.000075764
experiment_name,fdb0fc7d-f5aa-4852-9257-170307a0ed0c,function_transfer_time,1779127127.691729,0.000020752
experiment_name,fdb0fc7d-f5aa-4852-9257-170307a0ed0c,function_transfer_time,1779127127.79305,0.000073838
experiment_name,fdb0fc7d-f5aa-4852-9257-170307a0ed0c,function_transfer_time,1779127127.8933058,0.000020207
experiment_name,fdb0fc7d-f5aa-4852-9257-170307a0ed0c,function_transfer_time,1779127127.99464,0.000086781
experiment_name,fdb0fc7d-f5aa-4852-9257-170307a0ed0c,function_transfer_time,1779127128.095966,0.000020531
experiment_name,fdb0fc7d-f5aa-4852-9257-170307a0ed0c,function_transfer_time,1779127128.197281,0.000080957
experiment_name,fdb0fc7d-f5aa-4852-9257-170307a0ed0c,function_transfer_time,1779127128.2986178,0.00007746
experiment_name,fdb0fc7d-f5aa-4852-9257-170307a0ed0c,function_transfer_time,1779127128.3999221,0.000083924
experiment_name,fdb0fc7d-f5aa-4852-9257-170307a0ed0c,function_transfer_time,1779127128.501251,0.000086243
experiment_name,fdb0fc7d-f5aa-4852-9257-170307a0ed0c,function_transfer_time,1779127128.6027963,0.000083377
experiment_name,fdb0fc7d-f5aa-4852-9257-170307a0ed0c,function_transfer_time,1779127128.7040973,0.000077849
experiment_name,fdb0fc7d-f5aa-4852-9257-170307a0ed0c,function_transfer_time,1779127128.805456,0.000097687
experiment_name,fdb0fc7d-f5aa-4852-9257-170307a0ed0c,function_transfer_time,1779127128.9067807,0.000077196
experiment_name,fdb0fc7d-f5aa-4852-9257-170307a0ed0c,function_transfer_time,1779127129.0080576,0.000023834
experiment_name,fdb0fc7d-f5aa-4852-9257-170307a0ed0c,function_transfer_time,1779127129.1094484,0.000085877
experiment_name,fdb0fc7d-f5aa-4852-9257-170307a0ed0c,function_transfer_time,1779127129.2107701,0.000085779
experiment_name,fdb0fc7d-f5aa-4852-9257-170307a0ed0c,function_transfer_time,1779127129.3120477,0.00002355
experiment_name,fdb0fc7d-f5aa-4852-9257-170307a0ed0c,function_transfer_time,1779127129.4123945,0.000097206
experiment_name,fdb0fc7d-f5aa-4852-9257-170307a0ed0c,function_transfer_time,1779127129.5137107,0.00003038
experiment_name,fdb0fc7d-f5aa-4852-9257-170307a0ed0c,function_transfer_time,1779127129.6150181,0.000078222
experiment_name,eef624cd-2f1d-46ff-9e3d-cd6471b67e92,function_transfer_time,1779127124.652586,0.000031367
experiment_name,eef624cd-2f1d-46ff-9e3d-cd6471b67e92,function_transfer_time,1779127124.7539818,0.000110783
experiment_name,eef624cd-2f1d-46ff-9e3d-cd6471b67e92,function_transfer_time,1779127124.8553727,0.000107893
experiment_name,eef624cd-2f1d-46ff-9e3d-cd6471b67e92,function_transfer_time,1779127124.957458,0.00011824
experiment_name,eef624cd-2f1d-46ff-9e3d-cd6471b67e92,function_transfer_time,1779127125.0587914,0.000130203
experiment_name,eef624cd-2f1d-46ff-9e3d-cd6471b67e92,function_transfer_time,1779127125.1601424,0.000141634
experiment_name,eef624cd-2f1d-46ff-9e3d-cd6471b67e92,function_transfer_time,1779127125.2614448,0.000125755
experiment_name,eef624cd-2f1d-46ff-9e3d-cd6471b67e92,function_transfer_time,1779127125.362773,0.000121931
experiment_name,eef624cd-2f1d-46ff-9e3d-cd6471b67e92,function_transfer_time,1779127125.4641025,0.000124532
experiment_name,eef624cd-2f1d-46ff-9e3d-cd6471b67e92,function_transfer_time,1779127125.565416,0.000123853
experiment_name,eef624cd-2f1d-46ff-9e3d-cd6471b67e92,function_transfer_time,1779127125.6667497,0.000123509
experiment_name,eef624cd-2f1d-46ff-9e3d-cd6471b67e92,function_transfer_time,1779127125.7680588,0.000136146
experiment_name,eef624cd-2f1d-46ff-9e3d-cd6471b67e92,function_transfer_time,1779127125.8693962,0.000125026
experiment_name,eef624cd-2f1d-46ff-9e3d-cd6471b67e92,function_transfer_time,1779127125.9706824,0.000040832
experiment_name,eef624cd-2f1d-46ff-9e3d-cd6471b67e92,function_transfer_time,1779127126.0720499,0.000102177
experiment_name,eef624cd-2f1d-46ff-9e3d-cd6471b67e92,function_transfer_time,1779127126.173404,0.00012227
experiment_name,eef624cd-2f1d-46ff-9e3d-cd6471b67e92,function_transfer_time,1779127126.2746685,0.000120997
experiment_name,eef624cd-2f1d-46ff-9e3d-cd6471b67e92,function_transfer_time,1779127126.376,0.000116881
experiment_name,eef624cd-2f1d-46ff-9e3d-cd6471b67e92,function_transfer_time,1779127126.4773128,0.000122977
experiment_name,eef624cd-2f1d-46ff-9e3d-cd6471b67e92,function_transfer_time,1779127126.5786474,0.000133495
experiment_name,eef624cd-2f1d-46ff-9e3d-cd6471b67e92,function_transfer_time,1779127126.6799033,0.000139482
experiment_name,eef624cd-2f1d-46ff-9e3d-cd6471b67e92,function_transfer_time,1779127126.7811806,0.000102955
experiment_name,eef624cd-2f1d-46ff-9e3d-cd6471b67e92,function_transfer_time,1779127126.8814662,0.000114577
experiment_name,eef624cd-2f1d-46ff-9e3d-cd6471b67e92,function_transfer_time,1779127126.9827352,0.000033685
experiment_name,eef624cd-2f1d-46ff-9e3d-cd6471b67e92,function_transfer_time,1779127127.084077,0.000117625
experiment_name,eef624cd-2f1d-46ff-9e3d-cd6471b67e92,function_transfer_time,1779127127.1853743,0.000107868
experiment_name,eef624cd-2f1d-46ff-9e3d-cd6471b67e92,function_transfer_time,1779127127.2866623,0.000125654
experiment_name,eef624cd-2f1d-46ff-9e3d-cd6471b67e92,function_transfer_time,1779127127.3880064,0.000123602
experiment_name,eef624cd-2f1d-46ff-9e3d-cd6471b67e92,function_transfer_time,1779127127.4893186,0.000117017
experiment_name,eef624cd-2f1d-46ff-9e3d-cd6471b67e92,function_transfer_time,1779127127.5906594,0.000125203
experiment_name,eef624cd-2f1d-46ff-9e3d-cd6471b67e92,function_transfer_time,1779127127.6919136,0.000130577
experiment_name,eef624cd-2f1d-46ff-9e3d-cd6471b67e92,function_transfer_time,1779127127.7932017,0.000047501
experiment_name,eef624cd-2f1d-46ff-9e3d-cd6471b67e92,function_transfer_time,1779127127.8934743,0.000110589
experiment_name,eef624cd-2f1d-46ff-9e3d-cd6471b67e92,function_transfer_time,1779127127.9947915,0.000032791
experiment_name,eef624cd-2f1d-46ff-9e3d-cd6471b67e92,function_transfer_time,1779127128.0961318,0.000112225
experiment_name,eef624cd-2f1d-46ff-9e3d-cd6471b67e92,function_transfer_time,1779127128.19746,0.000117292
experiment_name,eef624cd-2f1d-46ff-9e3d-cd6471b67e92,function_transfer_time,1779127128.2987947,0.000123471
experiment_name,eef624cd-2f1d-46ff-9e3d-cd6471b67e92,function_transfer_time,1779127128.400099,0.000123748
experiment_name,eef624cd-2f1d-46ff-9e3d-cd6471b67e92,function_transfer_time,1779127128.5014524,0.000132843
experiment_name,eef624cd-2f1d-46ff-9e3d-cd6471b67e92,function_transfer_time,1779127128.6029465,0.000098735
experiment_name,eef624cd-2f1d-46ff-9e3d-cd6471b67e92,function_transfer_time,1779127128.704263,0.000109266
experiment_name,eef624cd-2f1d-46ff-9e3d-cd6471b67e92,function_transfer_time,1779127128.8056319,0.000120952
experiment_name,eef624cd-2f1d-46ff-9e3d-cd6471b67e92,function_transfer_time,1779127128.9069688,0.000124477
experiment_name,eef624cd-2f1d-46ff-9e3d-cd6471b67e92,function_transfer_time,1779127129.008213,0.000034102
experiment_name,eef624cd-2f1d-46ff-9e3d-cd6471b67e92,function_transfer_time,1779127129.1096096,0.000111387
experiment_name,eef624cd-2f1d-46ff-9e3d-cd6471b67e92,function_transfer_time,1779127129.2109404,0.000120671
experiment_name,eef624cd-2f1d-46ff-9e3d-cd6471b67e92,function_transfer_time,1779127129.312226,0.000109782
experiment_name,eef624cd-2f1d-46ff-9e3d-cd6471b67e92,function_transfer_time,1779127129.4125645,0.000095539
experiment_name,eef624cd-2f1d-46ff-9e3d-cd6471b67e92,function_transfer_time,1779127129.51382,0.000036144
experiment_name,eef624cd-2f1d-46ff-9e3d-cd6471b67e92,function_transfer_time,1779127129.6152053,0.000129705
experiment_name,fdb0fc7d-f5aa-4852-9257-170307a0ed0c,function_execution_time,1779127129.715973,0.000075287
experiment_name,fdb0fc7d-f5aa-4852-9257-170307a0ed0c,function_execution_time,1779127129.8173604,0.000089048
experiment_name,fdb0fc7d-f5aa-4852-9257-170307a0ed0c,function_execution_time,1779127129.9185648,0.00007027
experiment_name,fdb0fc7d-f5aa-4852-9257-170307a0ed0c,function_execution_time,1779127130.0200837,0.000178337
experiment_name,fdb0fc7d-f5aa-4852-9257-170307a0ed0c,function_execution_time,1779127130.1213055,0.000076023
experiment_name,fdb0fc7d-f5aa-4852-9257-170307a0ed0c,function_execution_time,1779127130.2226446,0.000091334
experiment_name,fdb0fc7d-f5aa-4852-9257-170307a0ed0c,function_execution_time,1779127130.323871,0.000073458
experiment_name,fdb0fc7d-f5aa-4852-9257-170307a0ed0c,function_execution_time,1779127130.4252613,0.000082364
experiment_name,fdb0fc7d-f5aa-4852-9257-170307a0ed0c,function_execution_time,1779127130.5265481,0.000090623
experiment_name,fdb0fc7d-f5aa-4852-9257-170307a0ed0c,function_execution_time,1779127130.6277318,0.000049136
experiment_name,fdb0fc7d-f5aa-4852-9257-170307a0ed0c,function_execution_time,1779127130.7290623,0.000082884
experiment_name,fdb0fc7d-f5aa-4852-9257-170307a0ed0c,function_execution_time,1779127130.8303642,0.000075654
experiment_name,fdb0fc7d-f5aa-4852-9257-170307a0ed0c,function_execution_time,1779127130.9316952,0.000073934
experiment_name,fdb0fc7d-f5aa-4852-9257-170307a0ed0c,function_execution_time,1779127131.0331025,0.00015294
experiment_name,fdb0fc7d-f5aa-4852-9257-170307a0ed0c,function_execution_time,1779127131.1334949,0.000109206
experiment_name,fdb0fc7d-f5aa-4852-9257-170307a0ed0c,function_execution_time,1779127131.2349663,0.000078969
experiment_name,fdb0fc7d-f5aa-4852-9257-170307a0ed0c,function_execution_time,1779127131.336289,0.000073671
experiment_name,fdb0fc7d-f5aa-4852-9257-170307a0ed0c,function_execution_time,1779127131.4376497,0.000088411
experiment_name,fdb0fc7d-f5aa-4852-9257-170307a0ed0c,function_execution_time,1779127131.5390382,0.000083188
experiment_name,fdb0fc7d-f5aa-4852-9257-170307a0ed0c,function_execution_time,1779127131.6395497,0.000094905
experiment_name,fdb0fc7d-f5aa-4852-9257-170307a0ed0c,function_execution_time,1779127131.7408228,0.000080335
experiment_name,fdb0fc7d-f5aa-4852-9257-170307a0ed0c,function_execution_time,1779127131.842157,0.000087465
experiment_name,fdb0fc7d-f5aa-4852-9257-170307a0ed0c,function_execution_time,1779127131.9435954,0.00009495
experiment_name,fdb0fc7d-f5aa-4852-9257-170307a0ed0c,function_execution_time,1779127132.044894,0.000137086
experiment_name,fdb0fc7d-f5aa-4852-9257-170307a0ed0c,function_execution_time,1779127132.146199,0.000087382
experiment_name,fdb0fc7d-f5aa-4852-9257-170307a0ed0c,function_execution_time,1779127132.2475266,0.000072705
experiment_name,fdb0fc7d-f5aa-4852-9257-170307a0ed0c,function_execution_time,1779127132.3489077,0.000077821
experiment_name,fdb0fc7d-f5aa-4852-9257-170307a0ed0c,function_execution_time,1779127132.4502141,0.000081604
experiment_name,fdb0fc7d-f5aa-4852-9257-170307a0ed0c,function_execution_time,1779127132.551459,0.000092217
experiment_name,fdb0fc7d-f5aa-4852-9257-170307a0ed0c,function_execution_time,1779127132.6529458,0.000069632
experiment_name,fdb0fc7d-f5aa-4852-9257-170307a0ed0c,function_execution_time,1779127132.7542486,0.00007132
experiment_name,fdb0fc7d-f5aa-4852-9257-170307a0ed0c,function_execution_time,1779127132.85558,0.000079878
experiment_name,fdb0fc7d-f5aa-4852-9257-170307a0ed0c,function_execution_time,1779127132.956922,0.000072721
experiment_name,fdb0fc7d-f5aa-4852-9257-170307a0ed0c,function_execution_time,1779127133.0583112,0.000141834
experiment_name,fdb0fc7d-f5aa-4852-9257-170307a0ed0c,function_execution_time,1779127133.159616,0.00007924
experiment_name,fdb0fc7d-f5aa-4852-9257-170307a0ed0c,function_execution_time,1779127133.2609315,0.000072175
experiment_name,fdb0fc7d-f5aa-4852-9257-170307a0ed0c,function_execution_time,1779127133.3622658,0.000086655
experiment_name,fdb0fc7d-f5aa-4852-9257-170307a0ed0c,function_execution_time,1779127133.4635787,0.000093203
experiment_name,fdb0fc7d-f5aa-4852-9257-170307a0ed0c,function_execution_time,1779127133.5648434,0.000084554
experiment_name,fdb0fc7d-f5aa-4852-9257-170307a0ed0c,function_execution_time,1779127133.6661863,0.000073539
experiment_name,fdb0fc7d-f5aa-4852-9257-170307a0ed0c,function_execution_time,1779127133.7675989,0.000079723
experiment_name,fdb0fc7d-f5aa-4852-9257-170307a0ed0c,function_execution_time,1779127133.8689945,0.00009363
experiment_name,fdb0fc7d-f5aa-4852-9257-170307a0ed0c,function_execution_time,1779127133.9702954,0.000076808
experiment_name,fdb0fc7d-f5aa-4852-9257-170307a0ed0c,function_execution_time,1779127134.071733,0.000178739
experiment_name,fdb0fc7d-f5aa-4852-9257-170307a0ed0c,function_execution_time,1779127134.1730535,0.000073844
experiment_name,fdb0fc7d-f5aa-4852-9257-170307a0ed0c,function_execution_time,1779127134.2733197,0.000086438
experiment_name,fdb0fc7d-f5aa-4852-9257-170307a0ed0c,function_execution_time,1779127134.3746593,0.000072198
experiment_name,fdb0fc7d-f5aa-4852-9257-170307a0ed0c,function_execution_time,1779127134.4759085,0.000073275
experiment_name,fdb0fc7d-f5aa-4852-9257-170307a0ed0c,function_execution_time,1779127134.5772471,0.000082229
experiment_name,eef624cd-2f1d-46ff-9e3d-cd6471b67e92,function_execution_time,1779127129.7161605,0.000064999
experiment_name,eef624cd-2f1d-46ff-9e3d-cd6471b67e92,function_execution_time,1779127129.817481,0.000082825
experiment_name,eef624cd-2f1d-46ff-9e3d-cd6471b67e92,function_execution_time,1779127129.918642,0.000036794
experiment_name,eef624cd-2f1d-46ff-9e3d-cd6471b67e92,function_execution_time,1779127130.0201485,0.000066946
experiment_name,eef624cd-2f1d-46ff-9e3d-cd6471b67e92,function_execution_time,1779127130.121488,0.000073911
experiment_name,eef624cd-2f1d-46ff-9e3d-cd6471b67e92,function_execution_time,1779127130.2227666,0.000065825
experiment_name,eef624cd-2f1d-46ff-9e3d-cd6471b67e92,function_execution_time,1779127130.324045,0.000062665
experiment_name,eef624cd-2f1d-46ff-9e3d-cd6471b67e92,function_execution_time,1779127130.4253628,0.000071612
experiment_name,eef624cd-2f1d-46ff-9e3d-cd6471b67e92,function_execution_time,1779127130.5266325,0.000059571
experiment_name,eef624cd-2f1d-46ff-9e3d-cd6471b67e92,function_execution_time,1779127130.6278744,0.000056821
experiment_name,eef624cd-2f1d-46ff-9e3d-cd6471b67e92,function_execution_time,1779127130.729201,0.000056557
experiment_name,eef624cd-2f1d-46ff-9e3d-cd6471b67e92,function_execution_time,1779127130.8305302,0.000071406
experiment_name,eef624cd-2f1d-46ff-9e3d-cd6471b67e92,function_execution_time,1779127130.9318686,0.000060427
experiment_name,eef624cd-2f1d-46ff-9e3d-cd6471b67e92,function_execution_time,1779127131.0331545,0.0000544
experiment_name,eef624cd-2f1d-46ff-9e3d-cd6471b67e92,function_execution_time,1779127131.1336262,0.000059739
experiment_name,eef624cd-2f1d-46ff-9e3d-cd6471b67e92,function_execution_time,1779127131.235124,0.000056301
experiment_name,eef624cd-2f1d-46ff-9e3d-cd6471b67e92,function_execution_time,1779127131.33646,0.000081514
experiment_name,eef624cd-2f1d-46ff-9e3d-cd6471b67e92,function_execution_time,1779127131.4378123,0.000057511
experiment_name,eef624cd-2f1d-46ff-9e3d-cd6471b67e92,function_execution_time,1779127131.539128,0.000055377
experiment_name,eef624cd-2f1d-46ff-9e3d-cd6471b67e92,function_execution_time,1779127131.6396346,0.000055796
experiment_name,eef624cd-2f1d-46ff-9e3d-cd6471b67e92,function_execution_time,1779127131.740988,0.000063681
experiment_name,eef624cd-2f1d-46ff-9e3d-cd6471b67e92,function_execution_time,1779127131.8423162,0.000057082
experiment_name,eef624cd-2f1d-46ff-9e3d-cd6471b67e92,function_execution_time,1779127131.943664,0.000059372
experiment_name,eef624cd-2f1d-46ff-9e3d-cd6471b67e92,function_execution_time,1779127132.0449455,0.00005374
experiment_name,eef624cd-2f1d-46ff-9e3d-cd6471b67e92,function_execution_time,1779127132.1463628,0.000075672
experiment_name,eef624cd-2f1d-46ff-9e3d-cd6471b67e92,function_execution_time,1779127132.2476904,0.000057793
experiment_name,eef624cd-2f1d-46ff-9e3d-cd6471b67e92,function_execution_time,1779127132.348995,0.000056852
experiment_name,eef624cd-2f1d-46ff-9e3d-cd6471b67e92,function_execution_time,1779127132.4502995,0.000053639
experiment_name,eef624cd-2f1d-46ff-9e3d-cd6471b67e92,function_execution_time,1779127132.551606,0.000053614
experiment_name,eef624cd-2f1d-46ff-9e3d-cd6471b67e92,function_execution_time,1779127132.6530893,0.000061028
experiment_name,eef624cd-2f1d-46ff-9e3d-cd6471b67e92,function_execution_time,1779127132.7543871,0.00005336
experiment_name,eef624cd-2f1d-46ff-9e3d-cd6471b67e92,function_execution_time,1779127132.855733,0.000052816
experiment_name,eef624cd-2f1d-46ff-9e3d-cd6471b67e92,function_execution_time,1779127132.957071,0.000053938
experiment_name,eef624cd-2f1d-46ff-9e3d-cd6471b67e92,function_execution_time,1779127133.0583766,0.000068065
experiment_name,eef624cd-2f1d-46ff-9e3d-cd6471b67e92,function_execution_time,1779127133.1597757,0.00005423
experiment_name,eef624cd-2f1d-46ff-9e3d-cd6471b67e92,function_execution_time,1779127133.2610815,0.000054207
experiment_name,eef624cd-2f1d-46ff-9e3d-cd6471b67e92,function_execution_time,1779127133.362267,0.000060494
experiment_name,eef624cd-2f1d-46ff-9e3d-cd6471b67e92,function_execution_time,1779127133.4636652,0.000054867
experiment_name,eef624cd-2f1d-46ff-9e3d-cd6471b67e92,function_execution_time,1779127133.5650103,0.000064024
experiment_name,eef624cd-2f1d-46ff-9e3d-cd6471b67e92,function_execution_time,1779127133.66635,0.000056102
experiment_name,eef624cd-2f1d-46ff-9e3d-cd6471b67e92,function_execution_time,1779127133.7676919,0.000055908
experiment_name,eef624cd-2f1d-46ff-9e3d-cd6471b67e92,function_execution_time,1779127133.8691225,0.000061692
experiment_name,eef624cd-2f1d-46ff-9e3d-cd6471b67e92,function_execution_time,1779127133.9704766,0.000080011
experiment_name,eef624cd-2f1d-46ff-9e3d-cd6471b67e92,function_execution_time,1779127134.0717974,0.000059665
experiment_name,eef624cd-2f1d-46ff-9e3d-cd6471b67e92,function_execution_time,1779127134.173227,0.000058168
experiment_name,eef624cd-2f1d-46ff-9e3d-cd6471b67e92,function_execution_time,1779127134.273491,0.00007118
experiment_name,eef624cd-2f1d-46ff-9e3d-cd6471b67e92,function_execution_time,1779127134.3748138,0.000057231
experiment_name,eef624cd-2f1d-46ff-9e3d-cd6471b67e92,function_execution_time,1779127134.4760513,0.000062254
experiment_name,eef624cd-2f1d-46ff-9e3d-cd6471b67e92,function_execution_time,1779127134.5773177,0.000053934
experiment_name,eef624cd-2f1d-46ff-9e3d-cd6471b67e92,function_transfer_time,1779127129.7160943,0.000151273
experiment_name,eef624cd-2f1d-46ff-9e3d-cd6471b67e92,function_transfer_time,1779127129.817392,0.000120262
experiment_name,eef624cd-2f1d-46ff-9e3d-cd6471b67e92,function_transfer_time,1779127129.9186385,0.00005347
experiment_name,eef624cd-2f1d-46ff-9e3d-cd6471b67e92,function_transfer_time,1779127130.020081,0.000034519
experiment_name,eef624cd-2f1d-46ff-9e3d-cd6471b67e92,function_transfer_time,1779127130.1214132,0.000132894
experiment_name,eef624cd-2f1d-46ff-9e3d-cd6471b67e92,function_transfer_time,1779127130.2226958,0.000090963
experiment_name,eef624cd-2f1d-46ff-9e3d-cd6471b67e92,function_transfer_time,1779127130.323982,0.000136602
experiment_name,eef624cd-2f1d-46ff-9e3d-cd6471b67e92,function_transfer_time,1779127130.4252827,0.00010835
experiment_name,eef624cd-2f1d-46ff-9e3d-cd6471b67e92,function_transfer_time,1779127130.526569,0.000111828
experiment_name,eef624cd-2f1d-46ff-9e3d-cd6471b67e92,function_transfer_time,1779127130.6278172,0.000134668
experiment_name,eef624cd-2f1d-46ff-9e3d-cd6471b67e92,function_transfer_time,1779127130.7291439,0.000106769
experiment_name,eef624cd-2f1d-46ff-9e3d-cd6471b67e92,function_transfer_time,1779127130.8304582,0.000114822
experiment_name,eef624cd-2f1d-46ff-9e3d-cd6471b67e92,function_transfer_time,1779127130.9318075,0.000136849
experiment_name,eef624cd-2f1d-46ff-9e3d-cd6471b67e92,function_transfer_time,1779127131.0330997,0.000034179
experiment_name,eef624cd-2f1d-46ff-9e3d-cd6471b67e92,function_transfer_time,1779127131.1335566,0.000100557
experiment_name,eef624cd-2f1d-46ff-9e3d-cd6471b67e92,function_transfer_time,1779127131.2350674,0.000120169
experiment_name,eef624cd-2f1d-46ff-9e3d-cd6471b67e92,function_transfer_time,1779127131.3363771,0.00011583
experiment_name,eef624cd-2f1d-46ff-9e3d-cd6471b67e92,function_transfer_time,1779127131.4377544,0.000133705
experiment_name,eef624cd-2f1d-46ff-9e3d-cd6471b67e92,function_transfer_time,1779127131.5390637,0.000121287
experiment_name,eef624cd-2f1d-46ff-9e3d-cd6471b67e92,function_transfer_time,1779127131.6395712,0.00013301
experiment_name,eef624cd-2f1d-46ff-9e3d-cd6471b67e92,function_transfer_time,1779127131.7409236,0.000123738
experiment_name,eef624cd-2f1d-46ff-9e3d-cd6471b67e92,function_transfer_time,1779127131.8422587,0.000122898
experiment_name,eef624cd-2f1d-46ff-9e3d-cd6471b67e92,function_transfer_time,1779127131.9435987,0.000100553
experiment_name,eef624cd-2f1d-46ff-9e3d-cd6471b67e92,function_transfer_time,1779127132.044891,0.00003424
experiment_name,eef624cd-2f1d-46ff-9e3d-cd6471b67e92,function_transfer_time,1779127132.146286,0.000113273
experiment_name,eef624cd-2f1d-46ff-9e3d-cd6471b67e92,function_transfer_time,1779127132.247632,0.000128158
experiment_name,eef624cd-2f1d-46ff-9e3d-cd6471b67e92,function_transfer_time,1779127132.3489332,0.000116651
experiment_name,eef624cd-2f1d-46ff-9e3d-cd6471b67e92,function_transfer_time,1779127132.4502394,0.000105219
experiment_name,eef624cd-2f1d-46ff-9e3d-cd6471b67e92,function_transfer_time,1779127132.5515501,0.000120804
experiment_name,eef624cd-2f1d-46ff-9e3d-cd6471b67e92,function_transfer_time,1779127132.6530275,0.000106165
experiment_name,eef624cd-2f1d-46ff-9e3d-cd6471b67e92,function_transfer_time,1779127132.754333,0.00010898
experiment_name,eef624cd-2f1d-46ff-9e3d-cd6471b67e92,function_transfer_time,1779127132.8556795,0.000119077
experiment_name,eef624cd-2f1d-46ff-9e3d-cd6471b67e92,function_transfer_time,1779127132.9570165,0.000117465
experiment_name,eef624cd-2f1d-46ff-9e3d-cd6471b67e92,function_transfer_time,1779127133.0583086,0.000032885
experiment_name,eef624cd-2f1d-46ff-9e3d-cd6471b67e92,function_transfer_time,1779127133.1597207,0.000128253
experiment_name,eef624cd-2f1d-46ff-9e3d-cd6471b67e92,function_transfer_time,1779127133.2610269,0.000123428
experiment_name,eef624cd-2f1d-46ff-9e3d-cd6471b67e92,function_transfer_time,1779127133.3622625,0.000025891
experiment_name,eef624cd-2f1d-46ff-9e3d-cd6471b67e92,function_transfer_time,1779127133.4636035,0.00011203
experiment_name,eef624cd-2f1d-46ff-9e3d-cd6471b67e92,function_transfer_time,1779127133.5649457,0.000126284
experiment_name,eef624cd-2f1d-46ff-9e3d-cd6471b67e92,function_transfer_time,1779127133.6662931,0.000133092
experiment_name,eef624cd-2f1d-46ff-9e3d-cd6471b67e92,function_transfer_time,1779127133.7676258,0.000122149
experiment_name,eef624cd-2f1d-46ff-9e3d-cd6471b67e92,function_transfer_time,1779127133.869053,0.000100745
experiment_name,eef624cd-2f1d-46ff-9e3d-cd6471b67e92,function_transfer_time,1779127133.970395,0.000130786
experiment_name,eef624cd-2f1d-46ff-9e3d-cd6471b67e92,function_transfer_time,1779127134.0717359,0.000037371
experiment_name,eef624cd-2f1d-46ff-9e3d-cd6471b67e92,function_transfer_time,1779127134.173168,0.000136709
experiment_name,eef624cd-2f1d-46ff-9e3d-cd6471b67e92,function_transfer_time,1779127134.2734187,0.000115097
experiment_name,eef624cd-2f1d-46ff-9e3d-cd6471b67e92,function_transfer_time,1779127134.3747547,0.000118469
experiment_name,eef624cd-2f1d-46ff-9e3d-cd6471b67e92,function_transfer_time,1779127134.4759884,0.00010195
experiment_name,eef624cd-2f1d-46ff-9e3d-cd6471b67e92,function_transfer_time,1779127134.5772526,0.000105309
experiment_name,fdb0fc7d-f5aa-4852-9257-170307a0ed0c,function_transfer_time,1779127129.715885,0.000078502
experiment_name,fdb0fc7d-f5aa-4852-9257-170307a0ed0c,function_transfer_time,1779127129.8172107,0.000082999
experiment_name,fdb0fc7d-f5aa-4852-9257-170307a0ed0c,function_transfer_time,1779127129.9185624,0.00002559
experiment_name,fdb0fc7d-f5aa-4852-9257-170307a0ed0c,function_transfer_time,1779127130.0199041,0.000086167
experiment_name,fdb0fc7d-f5aa-4852-9257-170307a0ed0c,function_transfer_time,1779127130.1212215,0.000023421
experiment_name,fdb0fc7d-f5aa-4852-9257-170307a0ed0c,function_transfer_time,1779127130.2225473,0.000092568
experiment_name,fdb0fc7d-f5aa-4852-9257-170307a0ed0c,function_transfer_time,1779127130.3237894,0.000022439
experiment_name,fdb0fc7d-f5aa-4852-9257-170307a0ed0c,function_transfer_time,1779127130.4251156,0.000078354
experiment_name,fdb0fc7d-f5aa-4852-9257-170307a0ed0c,function_transfer_time,1779127130.5263917,0.000023303
experiment_name,fdb0fc7d-f5aa-4852-9257-170307a0ed0c,function_transfer_time,1779127130.627646,0.000020749
experiment_name,fdb0fc7d-f5aa-4852-9257-170307a0ed0c,function_transfer_time,1779127130.728981,0.000079777
experiment_name,fdb0fc7d-f5aa-4852-9257-170307a0ed0c,function_transfer_time,1779127130.8302872,0.000081045
experiment_name,fdb0fc7d-f5aa-4852-9257-170307a0ed0c,function_transfer_time,1779127130.9316134,0.000083803
experiment_name,fdb0fc7d-f5aa-4852-9257-170307a0ed0c,function_transfer_time,1779127131.0329444,0.000085445
experiment_name,fdb0fc7d-f5aa-4852-9257-170307a0ed0c,function_transfer_time,1779127131.1333768,0.000081754
experiment_name,fdb0fc7d-f5aa-4852-9257-170307a0ed0c,function_transfer_time,1779127131.2348988,0.000082369
experiment_name,fdb0fc7d-f5aa-4852-9257-170307a0ed0c,function_transfer_time,1779127131.3362021,0.000078068
experiment_name,fdb0fc7d-f5aa-4852-9257-170307a0ed0c,function_transfer_time,1779127131.43756,0.000087221
experiment_name,fdb0fc7d-f5aa-4852-9257-170307a0ed0c,function_transfer_time,1779127131.538886,0.000079621
experiment_name,fdb0fc7d-f5aa-4852-9257-170307a0ed0c,function_transfer_time,1779127131.639384,0.000083767
experiment_name,fdb0fc7d-f5aa-4852-9257-170307a0ed0c,function_transfer_time,1779127131.7407405,0.000084736
experiment_name,fdb0fc7d-f5aa-4852-9257-170307a0ed0c,function_transfer_time,1779127131.8420677,0.000081083
experiment_name,fdb0fc7d-f5aa-4852-9257-170307a0ed0c,function_transfer_time,1779127131.9434497,0.000088666
experiment_name,fdb0fc7d-f5aa-4852-9257-170307a0ed0c,function_transfer_time,1779127132.0447474,0.000081621
experiment_name,fdb0fc7d-f5aa-4852-9257-170307a0ed0c,function_transfer_time,1779127132.1461136,0.000084222
experiment_name,fdb0fc7d-f5aa-4852-9257-170307a0ed0c,function_transfer_time,1779127132.247448,0.000081853
experiment_name,fdb0fc7d-f5aa-4852-9257-170307a0ed0c,function_transfer_time,1779127132.3487647,0.000077973
experiment_name,fdb0fc7d-f5aa-4852-9257-170307a0ed0c,function_transfer_time,1779127132.450082,0.000078894
experiment_name,fdb0fc7d-f5aa-4852-9257-170307a0ed0c,function_transfer_time,1779127132.5513675,0.000078838
experiment_name,fdb0fc7d-f5aa-4852-9257-170307a0ed0c,function_transfer_time,1779127132.6528664,0.000078469
experiment_name,fdb0fc7d-f5aa-4852-9257-170307a0ed0c,function_transfer_time,1779127132.7541702,0.000077357
experiment_name,fdb0fc7d-f5aa-4852-9257-170307a0ed0c,function_transfer_time,1779127132.855499,0.000084075
experiment_name,fdb0fc7d-f5aa-4852-9257-170307a0ed0c,function_transfer_time,1779127132.9568439,0.000083997
experiment_name,fdb0fc7d-f5aa-4852-9257-170307a0ed0c,function_transfer_time,1779127133.0581617,0.000082405
experiment_name,fdb0fc7d-f5aa-4852-9257-170307a0ed0c,function_transfer_time,1779127133.1595378,0.000081293
experiment_name,fdb0fc7d-f5aa-4852-9257-170307a0ed0c,function_transfer_time,1779127133.2608464,0.000078879
experiment_name,fdb0fc7d-f5aa-4852-9257-170307a0ed0c,function_transfer_time,1779127133.3621213,0.000025007
experiment_name,fdb0fc7d-f5aa-4852-9257-170307a0ed0c,function_transfer_time,1779127133.4634368,0.000083348
experiment_name,fdb0fc7d-f5aa-4852-9257-170307a0ed0c,function_transfer_time,1779127133.5647526,0.00007931
experiment_name,fdb0fc7d-f5aa-4852-9257-170307a0ed0c,function_transfer_time,1779127133.6661015,0.000081286
experiment_name,fdb0fc7d-f5aa-4852-9257-170307a0ed0c,function_transfer_time,1779127133.7674363,0.000093261
experiment_name,fdb0fc7d-f5aa-4852-9257-170307a0ed0c,function_transfer_time,1779127133.8688948,0.000028126
experiment_name,fdb0fc7d-f5aa-4852-9257-170307a0ed0c,function_transfer_time,1779127133.9702048,0.000081937
experiment_name,fdb0fc7d-f5aa-4852-9257-170307a0ed0c,function_transfer_time,1779127134.0715482,0.000082795
experiment_name,fdb0fc7d-f5aa-4852-9257-170307a0ed0c,function_transfer_time,1779127134.1729739,0.000085842
experiment_name,fdb0fc7d-f5aa-4852-9257-170307a0ed0c,function_transfer_time,1779127134.2732337,0.000020683
experiment_name,fdb0fc7d-f5aa-4852-9257-170307a0ed0c,function_transfer_time,1779127134.3745809,0.000075515
experiment_name,fdb0fc7d-f5aa-4852-9257-170307a0ed0c,function_transfer_time,1779127134.47583,0.000023497
experiment_name,fdb0fc7d-f5aa-4852-9257-170307a0ed0c,function_transfer_time,1779127134.5771015,0.000022521
experiment_name,fdb0fc7d-f5aa-4852-9257-170307a0ed0c,function_execution_time,1779127134.6783988,0.00007315
experiment_name,fdb0fc7d-f5aa-4852-9257-170307a0ed0c,function_execution_time,1779127134.7797244,0.000080284
experiment_name,fdb0fc7d-f5aa-4852-9257-170307a0ed0c,function_execution_time,1779127134.880976,0.000079533
experiment_name,fdb0fc7d-f5aa-4852-9257-170307a0ed0c,function_execution_time,1779127134.982275,0.00008973
experiment_name,fdb0fc7d-f5aa-4852-9257-170307a0ed0c,function_execution_time,1779127135.0836987,0.000153932
experiment_name,fdb0fc7d-f5aa-4852-9257-170307a0ed0c,function_execution_time,1779127135.1849794,0.000071888
experiment_name,fdb0fc7d-f5aa-4852-9257-170307a0ed0c,function_execution_time,1779127135.2863178,0.000086108
experiment_name,fdb0fc7d-f5aa-4852-9257-170307a0ed0c,function_execution_time,1779127135.3878424,0.000079691
experiment_name,fdb0fc7d-f5aa-4852-9257-170307a0ed0c,function_execution_time,1779127135.4890816,0.000070793
experiment_name,fdb0fc7d-f5aa-4852-9257-170307a0ed0c,function_execution_time,1779127135.5894794,0.00007574
experiment_name,fdb0fc7d-f5aa-4852-9257-170307a0ed0c,function_execution_time,1779127135.6907115,0.000080635
experiment_name,fdb0fc7d-f5aa-4852-9257-170307a0ed0c,function_execution_time,1779127135.7920358,0.000070429
experiment_name,fdb0fc7d-f5aa-4852-9257-170307a0ed0c,function_execution_time,1779127135.8933537,0.000071527
experiment_name,fdb0fc7d-f5aa-4852-9257-170307a0ed0c,function_execution_time,1779127135.9946804,0.000107551
experiment_name,fdb0fc7d-f5aa-4852-9257-170307a0ed0c,function_execution_time,1779127136.096066,0.000149466
experiment_name,fdb0fc7d-f5aa-4852-9257-170307a0ed0c,function_execution_time,1779127136.1973505,0.000073868
experiment_name,fdb0fc7d-f5aa-4852-9257-170307a0ed0c,function_execution_time,1779127136.2987492,0.00008244
experiment_name,fdb0fc7d-f5aa-4852-9257-170307a0ed0c,function_execution_time,1779127136.3999898,0.000073369
experiment_name,fdb0fc7d-f5aa-4852-9257-170307a0ed0c,function_execution_time,1779127136.5013204,0.0000736
experiment_name,fdb0fc7d-f5aa-4852-9257-170307a0ed0c,function_execution_time,1779127136.6026857,0.000071139
experiment_name,fdb0fc7d-f5aa-4852-9257-170307a0ed0c,function_execution_time,1779127136.704025,0.000085658
experiment_name,fdb0fc7d-f5aa-4852-9257-170307a0ed0c,function_execution_time,1779127136.8043644,0.000076593
experiment_name,fdb0fc7d-f5aa-4852-9257-170307a0ed0c,function_execution_time,1779127136.9058573,0.000078747
experiment_name,fdb0fc7d-f5aa-4852-9257-170307a0ed0c,function_execution_time,1779127137.0072606,0.000090002
experiment_name,fdb0fc7d-f5aa-4852-9257-170307a0ed0c,function_execution_time,1779127137.1087732,0.00014565
experiment_name,fdb0fc7d-f5aa-4852-9257-170307a0ed0c,function_execution_time,1779127137.2100735,0.000077194
experiment_name,fdb0fc7d-f5aa-4852-9257-170307a0ed0c,function_execution_time,1779127137.3103685,0.00007664
experiment_name,fdb0fc7d-f5aa-4852-9257-170307a0ed0c,function_execution_time,1779127137.4116702,0.000077829
experiment_name,fdb0fc7d-f5aa-4852-9257-170307a0ed0c,function_execution_time,1779127137.5130913,0.000080416
experiment_name,fdb0fc7d-f5aa-4852-9257-170307a0ed0c,function_execution_time,1779127137.6143203,0.000073474
experiment_name,fdb0fc7d-f5aa-4852-9257-170307a0ed0c,function_execution_time,1779127137.7156603,0.00008493
experiment_name,fdb0fc7d-f5aa-4852-9257-170307a0ed0c,function_execution_time,1779127137.816984,0.000076805
experiment_name,fdb0fc7d-f5aa-4852-9257-170307a0ed0c,function_execution_time,1779127137.9182608,0.000073348
experiment_name,fdb0fc7d-f5aa-4852-9257-170307a0ed0c,function_execution_time,1779127138.019613,0.00008382
experiment_name,fdb0fc7d-f5aa-4852-9257-170307a0ed0c,function_execution_time,1779127138.121158,0.000144958
experiment_name,fdb0fc7d-f5aa-4852-9257-170307a0ed0c,function_execution_time,1779127138.2214622,0.000102221
experiment_name,fdb0fc7d-f5aa-4852-9257-170307a0ed0c,function_execution_time,1779127138.3227434,0.000072523
experiment_name,fdb0fc7d-f5aa-4852-9257-170307a0ed0c,function_execution_time,1779127138.424065,0.000085369
experiment_name,fdb0fc7d-f5aa-4852-9257-170307a0ed0c,function_execution_time,1779127138.5244038,0.000079242
experiment_name,fdb0fc7d-f5aa-4852-9257-170307a0ed0c,function_execution_time,1779127138.625659,0.0000776
experiment_name,fdb0fc7d-f5aa-4852-9257-170307a0ed0c,function_execution_time,1779127138.7270083,0.000083791
experiment_name,fdb0fc7d-f5aa-4852-9257-170307a0ed0c,function_execution_time,1779127138.8282478,0.000072218
experiment_name,fdb0fc7d-f5aa-4852-9257-170307a0ed0c,function_execution_time,1779127138.9295826,0.000072199
experiment_name,fdb0fc7d-f5aa-4852-9257-170307a0ed0c,function_execution_time,1779127139.030887,0.00007294
experiment_name,fdb0fc7d-f5aa-4852-9257-170307a0ed0c,function_execution_time,1779127139.1322823,0.000150234
experiment_name,fdb0fc7d-f5aa-4852-9257-170307a0ed0c,function_execution_time,1779127139.233581,0.000071101
experiment_name,fdb0fc7d-f5aa-4852-9257-170307a0ed0c,function_execution_time,1779127139.3348985,0.000071285
experiment_name,fdb0fc7d-f5aa-4852-9257-170307a0ed0c,function_execution_time,1779127139.4363115,0.000085231
experiment_name,fdb0fc7d-f5aa-4852-9257-170307a0ed0c,function_execution_time,1779127139.5375245,0.000105683
experiment_name,eef624cd-2f1d-46ff-9e3d-cd6471b67e92,function_execution_time,1779127134.678492,0.000061077
experiment_name,eef624cd-2f1d-46ff-9e3d-cd6471b67e92,function_execution_time,1779127134.7798593,0.000066664
experiment_name,eef624cd-2f1d-46ff-9e3d-cd6471b67e92,function_execution_time,1779127134.8811102,0.000062658
experiment_name,eef624cd-2f1d-46ff-9e3d-cd6471b67e92,function_execution_time,1779127134.9823976,0.000062909
experiment_name,eef624cd-2f1d-46ff-9e3d-cd6471b67e92,function_execution_time,1779127135.083764,0.000063431
experiment_name,eef624cd-2f1d-46ff-9e3d-cd6471b67e92,function_execution_time,1779127135.1851673,0.000071459
experiment_name,eef624cd-2f1d-46ff-9e3d-cd6471b67e92,function_execution_time,1779127135.2864363,0.000057278
experiment_name,eef624cd-2f1d-46ff-9e3d-cd6471b67e92,function_execution_time,1779127135.38794,0.000058083
experiment_name,eef624cd-2f1d-46ff-9e3d-cd6471b67e92,function_execution_time,1779127135.4892209,0.000057649
experiment_name,eef624cd-2f1d-46ff-9e3d-cd6471b67e92,function_execution_time,1779127135.5895808,0.000063119
experiment_name,eef624cd-2f1d-46ff-9e3d-cd6471b67e92,function_execution_time,1779127135.6908774,0.000054882
experiment_name,eef624cd-2f1d-46ff-9e3d-cd6471b67e92,function_execution_time,1779127135.792192,0.000054651
experiment_name,eef624cd-2f1d-46ff-9e3d-cd6471b67e92,function_execution_time,1779127135.89352,0.000054523
experiment_name,eef624cd-2f1d-46ff-9e3d-cd6471b67e92,function_execution_time,1779127135.9947457,0.000063231
experiment_name,eef624cd-2f1d-46ff-9e3d-cd6471b67e92,function_execution_time,1779127136.0961409,0.000069899
experiment_name,eef624cd-2f1d-46ff-9e3d-cd6471b67e92,function_execution_time,1779127136.1975307,0.000071879
experiment_name,eef624cd-2f1d-46ff-9e3d-cd6471b67e92,function_execution_time,1779127136.2988486,0.000059878
experiment_name,eef624cd-2f1d-46ff-9e3d-cd6471b67e92,function_execution_time,1779127136.4001517,0.00005836
experiment_name,eef624cd-2f1d-46ff-9e3d-cd6471b67e92,function_execution_time,1779127136.5015116,0.000074178
experiment_name,eef624cd-2f1d-46ff-9e3d-cd6471b67e92,function_execution_time,1779127136.602847,0.000056512
experiment_name,eef624cd-2f1d-46ff-9e3d-cd6471b67e92,function_execution_time,1779127136.7041965,0.000057684
experiment_name,eef624cd-2f1d-46ff-9e3d-cd6471b67e92,function_execution_time,1779127136.8045278,0.000056999
experiment_name,eef624cd-2f1d-46ff-9e3d-cd6471b67e92,function_execution_time,1779127136.9060225,0.000060249
experiment_name,eef624cd-2f1d-46ff-9e3d-cd6471b67e92,function_execution_time,1779127137.0073738,0.000069374
experiment_name,eef624cd-2f1d-46ff-9e3d-cd6471b67e92,function_execution_time,1779127137.1088402,0.000060171
experiment_name,eef624cd-2f1d-46ff-9e3d-cd6471b67e92,function_execution_time,1779127137.2102256,0.000058881
experiment_name,eef624cd-2f1d-46ff-9e3d-cd6471b67e92,function_execution_time,1779127137.310468,0.000074283
experiment_name,eef624cd-2f1d-46ff-9e3d-cd6471b67e92,function_execution_time,1779127137.4118257,0.000061513
experiment_name,eef624cd-2f1d-46ff-9e3d-cd6471b67e92,function_execution_time,1779127137.513191,0.000058932
experiment_name,eef624cd-2f1d-46ff-9e3d-cd6471b67e92,function_execution_time,1779127137.6144943,0.000070062
experiment_name,eef624cd-2f1d-46ff-9e3d-cd6471b67e92,function_execution_time,1779127137.7158089,0.00005796
experiment_name,eef624cd-2f1d-46ff-9e3d-cd6471b67e92,function_execution_time,1779127137.8171408,0.000065608
experiment_name,eef624cd-2f1d-46ff-9e3d-cd6471b67e92,function_execution_time,1779127137.918403,0.000059251
experiment_name,eef624cd-2f1d-46ff-9e3d-cd6471b67e92,function_execution_time,1779127138.0197728,0.000061444
experiment_name,eef624cd-2f1d-46ff-9e3d-cd6471b67e92,function_execution_time,1779127138.1211762,0.000065689
experiment_name,eef624cd-2f1d-46ff-9e3d-cd6471b67e92,function_execution_time,1779127138.221532,0.000072368
experiment_name,eef624cd-2f1d-46ff-9e3d-cd6471b67e92,function_execution_time,1779127138.3229063,0.000057072
experiment_name,eef624cd-2f1d-46ff-9e3d-cd6471b67e92,function_execution_time,1779127138.424233,0.000058286
experiment_name,eef624cd-2f1d-46ff-9e3d-cd6471b67e92,function_execution_time,1779127138.5245154,0.000056881
experiment_name,eef624cd-2f1d-46ff-9e3d-cd6471b67e92,function_execution_time,1779127138.6258094,0.000058047
experiment_name,eef624cd-2f1d-46ff-9e3d-cd6471b67e92,function_execution_time,1779127138.7271276,0.000068326
experiment_name,eef624cd-2f1d-46ff-9e3d-cd6471b67e92,function_execution_time,1779127138.828403,0.000060022
experiment_name,eef624cd-2f1d-46ff-9e3d-cd6471b67e92,function_execution_time,1779127138.9297495,0.000054885
experiment_name,eef624cd-2f1d-46ff-9e3d-cd6471b67e92,function_execution_time,1779127139.030964,0.000055434
experiment_name,eef624cd-2f1d-46ff-9e3d-cd6471b67e92,function_execution_time,1779127139.1323478,0.000062425
experiment_name,eef624cd-2f1d-46ff-9e3d-cd6471b67e92,function_execution_time,1779127139.2337198,0.000056032
experiment_name,eef624cd-2f1d-46ff-9e3d-cd6471b67e92,function_execution_time,1779127139.335068,0.000056801
experiment_name,eef624cd-2f1d-46ff-9e3d-cd6471b67e92,function_execution_time,1779127139.4363961,0.000057231
experiment_name,eef624cd-2f1d-46ff-9e3d-cd6471b67e92,function_execution_time,1779127139.537592,0.000065497
experiment_name,eef624cd-2f1d-46ff-9e3d-cd6471b67e92,function_transfer_time,1779127134.6784205,0.000051668
experiment_name,eef624cd-2f1d-46ff-9e3d-cd6471b67e92,function_transfer_time,1779127134.7797859,0.000095304
experiment_name,eef624cd-2f1d-46ff-9e3d-cd6471b67e92,function_transfer_time,1779127134.8810403,0.000095509
experiment_name,eef624cd-2f1d-46ff-9e3d-cd6471b67e92,function_transfer_time,1779127134.982325,0.000083969
experiment_name,eef624cd-2f1d-46ff-9e3d-cd6471b67e92,function_transfer_time,1779127135.0837028,0.000034865
experiment_name,eef624cd-2f1d-46ff-9e3d-cd6471b67e92,function_transfer_time,1779127135.185095,0.000144224
experiment_name,eef624cd-2f1d-46ff-9e3d-cd6471b67e92,function_transfer_time,1779127135.2863657,0.000081484
experiment_name,eef624cd-2f1d-46ff-9e3d-cd6471b67e92,function_transfer_time,1779127135.3878748,0.000112591
experiment_name,eef624cd-2f1d-46ff-9e3d-cd6471b67e92,function_transfer_time,1779127135.4891617,0.00010363
experiment_name,eef624cd-2f1d-46ff-9e3d-cd6471b67e92,function_transfer_time,1779127135.5895128,0.000114542
experiment_name,eef624cd-2f1d-46ff-9e3d-cd6471b67e92,function_transfer_time,1779127135.690822,0.000128665
experiment_name,eef624cd-2f1d-46ff-9e3d-cd6471b67e92,function_transfer_time,1779127135.792137,0.000125653
experiment_name,eef624cd-2f1d-46ff-9e3d-cd6471b67e92,function_transfer_time,1779127135.8934648,0.000135268
experiment_name,eef624cd-2f1d-46ff-9e3d-cd6471b67e92,function_transfer_time,1779127135.9946835,0.000042045
experiment_name,eef624cd-2f1d-46ff-9e3d-cd6471b67e92,function_transfer_time,1779127136.0960681,0.000038481
experiment_name,eef624cd-2f1d-46ff-9e3d-cd6471b67e92,function_transfer_time,1779127136.197458,0.000127582
experiment_name,eef624cd-2f1d-46ff-9e3d-cd6471b67e92,function_transfer_time,1779127136.2987843,0.000123072
experiment_name,eef624cd-2f1d-46ff-9e3d-cd6471b67e92,function_transfer_time,1779127136.4000924,0.000122223
experiment_name,eef624cd-2f1d-46ff-9e3d-cd6471b67e92,function_transfer_time,1779127136.5014427,0.000135055
experiment_name,eef624cd-2f1d-46ff-9e3d-cd6471b67e92,function_transfer_time,1779127136.6027896,0.000134171
experiment_name,eef624cd-2f1d-46ff-9e3d-cd6471b67e92,function_transfer_time,1779127136.7041385,0.000132881
experiment_name,eef624cd-2f1d-46ff-9e3d-cd6471b67e92,function_transfer_time,1779127136.8044736,0.000121841
experiment_name,eef624cd-2f1d-46ff-9e3d-cd6471b67e92,function_transfer_time,1779127136.9059618,0.000127142
experiment_name,eef624cd-2f1d-46ff-9e3d-cd6471b67e92,function_transfer_time,1779127137.0072944,0.000119712
experiment_name,eef624cd-2f1d-46ff-9e3d-cd6471b67e92,function_transfer_time,1779127137.1087763,0.000040799
experiment_name,eef624cd-2f1d-46ff-9e3d-cd6471b67e92,function_transfer_time,1779127137.2101665,0.000120058
experiment_name,eef624cd-2f1d-46ff-9e3d-cd6471b67e92,function_transfer_time,1779127137.3104508,0.000050473
experiment_name,eef624cd-2f1d-46ff-9e3d-cd6471b67e92,function_transfer_time,1779127137.4117641,0.000112198
experiment_name,eef624cd-2f1d-46ff-9e3d-cd6471b67e92,function_transfer_time,1779127137.5131247,0.000116071
experiment_name,eef624cd-2f1d-46ff-9e3d-cd6471b67e92,function_transfer_time,1779127137.6144228,0.000123233
experiment_name,eef624cd-2f1d-46ff-9e3d-cd6471b67e92,function_transfer_time,1779127137.71575,0.000110772
experiment_name,eef624cd-2f1d-46ff-9e3d-cd6471b67e92,function_transfer_time,1779127137.8170743,0.000109415
experiment_name,eef624cd-2f1d-46ff-9e3d-cd6471b67e92,function_transfer_time,1779127137.9183426,0.000112306
experiment_name,eef624cd-2f1d-46ff-9e3d-cd6471b67e92,function_transfer_time,1779127138.0197115,0.00012033
experiment_name,eef624cd-2f1d-46ff-9e3d-cd6471b67e92,function_transfer_time,1779127138.121161,0.00003825
experiment_name,eef624cd-2f1d-46ff-9e3d-cd6471b67e92,function_transfer_time,1779127138.221459,0.00004117
experiment_name,eef624cd-2f1d-46ff-9e3d-cd6471b67e92,function_transfer_time,1779127138.3228483,0.000132335
experiment_name,eef624cd-2f1d-46ff-9e3d-cd6471b67e92,function_transfer_time,1779127138.424174,0.000125847
experiment_name,eef624cd-2f1d-46ff-9e3d-cd6471b67e92,function_transfer_time,1779127138.5244517,0.000123811
experiment_name,eef624cd-2f1d-46ff-9e3d-cd6471b67e92,function_transfer_time,1779127138.6257513,0.000111937
experiment_name,eef624cd-2f1d-46ff-9e3d-cd6471b67e92,function_transfer_time,1779127138.7270517,0.000129267
experiment_name,eef624cd-2f1d-46ff-9e3d-cd6471b67e92,function_transfer_time,1779127138.8283427,0.00012397
experiment_name,eef624cd-2f1d-46ff-9e3d-cd6471b67e92,function_transfer_time,1779127138.9296937,0.000134437
experiment_name,eef624cd-2f1d-46ff-9e3d-cd6471b67e92,function_transfer_time,1779127139.0309074,0.000043335
experiment_name,eef624cd-2f1d-46ff-9e3d-cd6471b67e92,function_transfer_time,1779127139.1322844,0.00003618
experiment_name,eef624cd-2f1d-46ff-9e3d-cd6471b67e92,function_transfer_time,1779127139.2336636,0.000103503
experiment_name,eef624cd-2f1d-46ff-9e3d-cd6471b67e92,function_transfer_time,1779127139.3350103,0.000142039
experiment_name,eef624cd-2f1d-46ff-9e3d-cd6471b67e92,function_transfer_time,1779127139.4363337,0.000122421
experiment_name,eef624cd-2f1d-46ff-9e3d-cd6471b67e92,function_transfer_time,1779127139.5375216,0.000032933
experiment_name,fdb0fc7d-f5aa-4852-9257-170307a0ed0c,function_transfer_time,1779127134.678319,0.000021715
experiment_name,fdb0fc7d-f5aa-4852-9257-170307a0ed0c,function_transfer_time,1779127134.779639,0.000083181
experiment_name,fdb0fc7d-f5aa-4852-9257-170307a0ed0c,function_transfer_time,1779127134.880891,0.00002164
experiment_name,fdb0fc7d-f5aa-4852-9257-170307a0ed0c,function_transfer_time,1779127134.9821796,0.000084328
experiment_name,fdb0fc7d-f5aa-4852-9257-170307a0ed0c,function_transfer_time,1779127135.0835392,0.000085297
experiment_name,fdb0fc7d-f5aa-4852-9257-170307a0ed0c,function_transfer_time,1779127135.1848924,0.000079185
experiment_name,fdb0fc7d-f5aa-4852-9257-170307a0ed0c,function_transfer_time,1779127135.28623,0.000077701
experiment_name,fdb0fc7d-f5aa-4852-9257-170307a0ed0c,function_transfer_time,1779127135.38771,0.000083329
experiment_name,fdb0fc7d-f5aa-4852-9257-170307a0ed0c,function_transfer_time,1779127135.4890046,0.000077662
experiment_name,fdb0fc7d-f5aa-4852-9257-170307a0ed0c,function_transfer_time,1779127135.589348,0.000084606
experiment_name,fdb0fc7d-f5aa-4852-9257-170307a0ed0c,function_transfer_time,1779127135.6906319,0.000082339
experiment_name,fdb0fc7d-f5aa-4852-9257-170307a0ed0c,function_transfer_time,1779127135.791957,0.000079033
experiment_name,fdb0fc7d-f5aa-4852-9257-170307a0ed0c,function_transfer_time,1779127135.8932748,0.000079141
experiment_name,fdb0fc7d-f5aa-4852-9257-170307a0ed0c,function_transfer_time,1779127135.9945679,0.000032154
experiment_name,fdb0fc7d-f5aa-4852-9257-170307a0ed0c,function_transfer_time,1779127136.095911,0.000082317
experiment_name,fdb0fc7d-f5aa-4852-9257-170307a0ed0c,function_transfer_time,1779127136.197273,0.000085039
experiment_name,fdb0fc7d-f5aa-4852-9257-170307a0ed0c,function_transfer_time,1779127136.29861,0.000083076
experiment_name,fdb0fc7d-f5aa-4852-9257-170307a0ed0c,function_transfer_time,1779127136.399916,0.000079731
experiment_name,fdb0fc7d-f5aa-4852-9257-170307a0ed0c,function_transfer_time,1779127136.5012429,0.000081789
experiment_name,fdb0fc7d-f5aa-4852-9257-170307a0ed0c,function_transfer_time,1779127136.602602,0.000084688
experiment_name,fdb0fc7d-f5aa-4852-9257-170307a0ed0c,function_transfer_time,1779127136.703942,0.000085676
experiment_name,fdb0fc7d-f5aa-4852-9257-170307a0ed0c,function_transfer_time,1779127136.8043616,0.000083637
experiment_name,fdb0fc7d-f5aa-4852-9257-170307a0ed0c,function_transfer_time,1779127136.9057739,0.000088437
experiment_name,fdb0fc7d-f5aa-4852-9257-170307a0ed0c,function_transfer_time,1779127137.0071204,0.00008012
experiment_name,fdb0fc7d-f5aa-4852-9257-170307a0ed0c,function_transfer_time,1779127137.1086206,0.000087072
experiment_name,fdb0fc7d-f5aa-4852-9257-170307a0ed0c,function_transfer_time,1779127137.2099867,0.000078603
experiment_name,fdb0fc7d-f5aa-4852-9257-170307a0ed0c,function_transfer_time,1779127137.3102825,0.000024192
experiment_name,fdb0fc7d-f5aa-4852-9257-170307a0ed0c,function_transfer_time,1779127137.4115932,0.000078626
experiment_name,fdb0fc7d-f5aa-4852-9257-170307a0ed0c,function_transfer_time,1779127137.5129552,0.000090829
experiment_name,fdb0fc7d-f5aa-4852-9257-170307a0ed0c,function_transfer_time,1779127137.6142433,0.000077875
experiment_name,fdb0fc7d-f5aa-4852-9257-170307a0ed0c,function_transfer_time,1779127137.715574,0.000080715
experiment_name,fdb0fc7d-f5aa-4852-9257-170307a0ed0c,function_transfer_time,1779127137.8169072,0.000081783
experiment_name,fdb0fc7d-f5aa-4852-9257-170307a0ed0c,function_transfer_time,1779127137.9181724,0.000026777
experiment_name,fdb0fc7d-f5aa-4852-9257-170307a0ed0c,function_transfer_time,1779127138.0196018,0.00009239
experiment_name,fdb0fc7d-f5aa-4852-9257-170307a0ed0c,function_transfer_time,1779127138.120952,0.000025064
experiment_name,fdb0fc7d-f5aa-4852-9257-170307a0ed0c,function_transfer_time,1779127138.221353,0.000091698
experiment_name,fdb0fc7d-f5aa-4852-9257-170307a0ed0c,function_transfer_time,1779127138.3226578,0.00007984
experiment_name,fdb0fc7d-f5aa-4852-9257-170307a0ed0c,function_transfer_time,1779127138.4239829,0.000078548
experiment_name,fdb0fc7d-f5aa-4852-9257-170307a0ed0c,function_transfer_time,1779127138.5242743,0.000023869
experiment_name,fdb0fc7d-f5aa-4852-9257-170307a0ed0c,function_transfer_time,1779127138.625581,0.000085767
experiment_name,fdb0fc7d-f5aa-4852-9257-170307a0ed0c,function_transfer_time,1779127138.726869,0.000024754
experiment_name,fdb0fc7d-f5aa-4852-9257-170307a0ed0c,function_transfer_time,1779127138.828162,0.000079713
experiment_name,fdb0fc7d-f5aa-4852-9257-170307a0ed0c,function_transfer_time,1779127138.929506,0.000084709
experiment_name,fdb0fc7d-f5aa-4852-9257-170307a0ed0c,function_transfer_time,1779127139.0308115,0.000076431
experiment_name,fdb0fc7d-f5aa-4852-9257-170307a0ed0c,function_transfer_time,1779127139.1321273,0.000076532
experiment_name,fdb0fc7d-f5aa-4852-9257-170307a0ed0c,function_transfer_time,1779127139.2335052,0.000076452
experiment_name,fdb0fc7d-f5aa-4852-9257-170307a0ed0c,function_transfer_time,1779127139.3348126,0.00008311
experiment_name,fdb0fc7d-f5aa-4852-9257-170307a0ed0c,function_transfer_time,1779127139.4361591,0.000079584
experiment_name,fdb0fc7d-f5aa-4852-9257-170307a0ed0c,function_transfer_time,1779127139.5374196,0.000028838
experiment_name,fdb0fc7d-f5aa-4852-9257-170307a0ed0c,function_execution_time,1779127139.6384764,0.000114924
experiment_name,fdb0fc7d-f5aa-4852-9257-170307a0ed0c,function_execution_time,1779127139.7399848,0.000098987
experiment_name,fdb0fc7d-f5aa-4852-9257-170307a0ed0c,function_execution_time,1779127139.841234,0.000076391
experiment_name,fdb0fc7d-f5aa-4852-9257-170307a0ed0c,function_execution_time,1779127139.942566,0.000076375
experiment_name,fdb0fc7d-f5aa-4852-9257-170307a0ed0c,function_execution_time,1779127140.0438724,0.00008194
experiment_name,fdb0fc7d-f5aa-4852-9257-170307a0ed0c,function_execution_time,1779127140.1452675,0.000138844
experiment_name,fdb0fc7d-f5aa-4852-9257-170307a0ed0c,function_execution_time,1779127140.2465568,0.000073599
experiment_name,fdb0fc7d-f5aa-4852-9257-170307a0ed0c,function_execution_time,1779127140.3478727,0.000072453
experiment_name,fdb0fc7d-f5aa-4852-9257-170307a0ed0c,function_execution_time,1779127140.4492848,0.000082852
experiment_name,fdb0fc7d-f5aa-4852-9257-170307a0ed0c,function_execution_time,1779127140.5505252,0.000071751
experiment_name,fdb0fc7d-f5aa-4852-9257-170307a0ed0c,function_execution_time,1779127140.6518602,0.000071129
experiment_name,fdb0fc7d-f5aa-4852-9257-170307a0ed0c,function_execution_time,1779127140.7530944,0.000076333
experiment_name,fdb0fc7d-f5aa-4852-9257-170307a0ed0c,function_execution_time,1779127140.8534384,0.000072663
experiment_name,fdb0fc7d-f5aa-4852-9257-170307a0ed0c,function_execution_time,1779127140.9547224,0.000067681
experiment_name,fdb0fc7d-f5aa-4852-9257-170307a0ed0c,function_execution_time,1779127141.0560384,0.000070333
experiment_name,fdb0fc7d-f5aa-4852-9257-170307a0ed0c,function_execution_time,1779127141.156378,0.000143995
experiment_name,fdb0fc7d-f5aa-4852-9257-170307a0ed0c,function_execution_time,1779127141.2576582,0.000077818
experiment_name,fdb0fc7d-f5aa-4852-9257-170307a0ed0c,function_execution_time,1779127141.3589315,0.000067171
experiment_name,fdb0fc7d-f5aa-4852-9257-170307a0ed0c,function_execution_time,1779127141.4602292,0.000080843
experiment_name,fdb0fc7d-f5aa-4852-9257-170307a0ed0c,function_execution_time,1779127141.5615683,0.000085719
experiment_name,fdb0fc7d-f5aa-4852-9257-170307a0ed0c,function_execution_time,1779127141.6628852,0.000079108
experiment_name,fdb0fc7d-f5aa-4852-9257-170307a0ed0c,function_execution_time,1779127141.7640624,0.000068146
experiment_name,fdb0fc7d-f5aa-4852-9257-170307a0ed0c,function_execution_time,1779127141.8644218,0.000087
experiment_name,fdb0fc7d-f5aa-4852-9257-170307a0ed0c,function_execution_time,1779127141.965755,0.000072503
experiment_name,fdb0fc7d-f5aa-4852-9257-170307a0ed0c,function_execution_time,1779127142.0670917,0.000074912
experiment_name,fdb0fc7d-f5aa-4852-9257-170307a0ed0c,function_execution_time,1779127142.1675088,0.000171493
experiment_name,fdb0fc7d-f5aa-4852-9257-170307a0ed0c,function_execution_time,1779127142.2689002,0.000070708
experiment_name,fdb0fc7d-f5aa-4852-9257-170307a0ed0c,function_execution_time,1779127142.3702238,0.000068026
experiment_name,fdb0fc7d-f5aa-4852-9257-170307a0ed0c,function_execution_time,1779127142.4715586,0.000084788
experiment_name,fdb0fc7d-f5aa-4852-9257-170307a0ed0c,function_execution_time,1779127142.572859,0.000078865
experiment_name,fdb0fc7d-f5aa-4852-9257-170307a0ed0c,function_execution_time,1779127142.6741042,0.000072133
experiment_name,fdb0fc7d-f5aa-4852-9257-170307a0ed0c,function_execution_time,1779127142.774437,0.000071356
experiment_name,fdb0fc7d-f5aa-4852-9257-170307a0ed0c,function_execution_time,1779127142.8757222,0.000078409
experiment_name,fdb0fc7d-f5aa-4852-9257-170307a0ed0c,function_execution_time,1779127142.9770825,0.00007636
experiment_name,fdb0fc7d-f5aa-4852-9257-170307a0ed0c,function_execution_time,1779127143.0782876,0.00006833
experiment_name,fdb0fc7d-f5aa-4852-9257-170307a0ed0c,function_execution_time,1779127143.1796684,0.000150855
experiment_name,fdb0fc7d-f5aa-4852-9257-170307a0ed0c,function_execution_time,1779127143.2809303,0.000069136
experiment_name,fdb0fc7d-f5aa-4852-9257-170307a0ed0c,function_execution_time,1779127143.3821654,0.000068913
experiment_name,fdb0fc7d-f5aa-4852-9257-170307a0ed0c,function_execution_time,1779127143.4834404,0.000070662
experiment_name,fdb0fc7d-f5aa-4852-9257-170307a0ed0c,function_execution_time,1779127143.584775,0.000078847
experiment_name,fdb0fc7d-f5aa-4852-9257-170307a0ed0c,function_execution_time,1779127143.6860847,0.000072339
experiment_name,fdb0fc7d-f5aa-4852-9257-170307a0ed0c,function_execution_time,1779127143.7864232,0.000072535
experiment_name,fdb0fc7d-f5aa-4852-9257-170307a0ed0c,function_execution_time,1779127143.8877237,0.000081487
experiment_name,fdb0fc7d-f5aa-4852-9257-170307a0ed0c,function_execution_time,1779127143.9891164,0.00007949
experiment_name,fdb0fc7d-f5aa-4852-9257-170307a0ed0c,function_execution_time,1779127144.0903244,0.00007294
experiment_name,fdb0fc7d-f5aa-4852-9257-170307a0ed0c,function_execution_time,1779127144.191713,0.000143989
experiment_name,fdb0fc7d-f5aa-4852-9257-170307a0ed0c,function_execution_time,1779127144.2931242,0.000083982
experiment_name,fdb0fc7d-f5aa-4852-9257-170307a0ed0c,function_execution_time,1779127144.393482,0.00008151
experiment_name,fdb0fc7d-f5aa-4852-9257-170307a0ed0c,function_execution_time,1779127144.4948263,0.000070245
experiment_name,fdb0fc7d-f5aa-4852-9257-170307a0ed0c,function_execution_time,1779127144.596197,0.000081084
experiment_name,eef624cd-2f1d-46ff-9e3d-cd6471b67e92,function_execution_time,1779127139.6385422,0.000089134
experiment_name,eef624cd-2f1d-46ff-9e3d-cd6471b67e92,function_execution_time,1779127139.7400122,0.000072541
experiment_name,eef624cd-2f1d-46ff-9e3d-cd6471b67e92,function_execution_time,1779127139.8413944,0.00005879
experiment_name,eef624cd-2f1d-46ff-9e3d-cd6471b67e92,function_execution_time,1779127139.9427557,0.000061
experiment_name,eef624cd-2f1d-46ff-9e3d-cd6471b67e92,function_execution_time,1779127140.0440402,0.000064948
experiment_name,eef624cd-2f1d-46ff-9e3d-cd6471b67e92,function_execution_time,1779127140.1453266,0.000055824
experiment_name,eef624cd-2f1d-46ff-9e3d-cd6471b67e92,function_execution_time,1779127140.2466345,0.000060257
experiment_name,eef624cd-2f1d-46ff-9e3d-cd6471b67e92,function_execution_time,1779127140.348022,0.000057954
experiment_name,eef624cd-2f1d-46ff-9e3d-cd6471b67e92,function_execution_time,1779127140.4492931,0.000068701
experiment_name,eef624cd-2f1d-46ff-9e3d-cd6471b67e92,function_execution_time,1779127140.5506964,0.000058413
experiment_name,eef624cd-2f1d-46ff-9e3d-cd6471b67e92,function_execution_time,1779127140.6520195,0.000055329
experiment_name,eef624cd-2f1d-46ff-9e3d-cd6471b67e92,function_execution_time,1779127140.7531729,0.000058667
experiment_name,eef624cd-2f1d-46ff-9e3d-cd6471b67e92,function_execution_time,1779127140.853569,0.00005616
experiment_name,eef624cd-2f1d-46ff-9e3d-cd6471b67e92,function_execution_time,1779127140.9548886,0.000063309
experiment_name,eef624cd-2f1d-46ff-9e3d-cd6471b67e92,function_execution_time,1779127141.0561955,0.000054684
experiment_name,eef624cd-2f1d-46ff-9e3d-cd6471b67e92,function_execution_time,1779127141.1564517,0.000067659
experiment_name,eef624cd-2f1d-46ff-9e3d-cd6471b67e92,function_execution_time,1779127141.2577379,0.000059867
experiment_name,eef624cd-2f1d-46ff-9e3d-cd6471b67e92,function_execution_time,1779127141.3590953,0.000061772
experiment_name,eef624cd-2f1d-46ff-9e3d-cd6471b67e92,function_execution_time,1779127141.4603655,0.000055221
experiment_name,eef624cd-2f1d-46ff-9e3d-cd6471b67e92,function_execution_time,1779127141.561653,0.000055229
experiment_name,eef624cd-2f1d-46ff-9e3d-cd6471b67e92,function_execution_time,1779127141.6629887,0.000055656
experiment_name,eef624cd-2f1d-46ff-9e3d-cd6471b67e92,function_execution_time,1779127141.764142,0.000057555
experiment_name,eef624cd-2f1d-46ff-9e3d-cd6471b67e92,function_execution_time,1779127141.8645897,0.000067001
experiment_name,eef624cd-2f1d-46ff-9e3d-cd6471b67e92,function_execution_time,1779127141.9658954,0.00005896
experiment_name,eef624cd-2f1d-46ff-9e3d-cd6471b67e92,function_execution_time,1779127142.067251,0.000057514
experiment_name,eef624cd-2f1d-46ff-9e3d-cd6471b67e92,function_execution_time,1779127142.1675692,0.000059445
experiment_name,eef624cd-2f1d-46ff-9e3d-cd6471b67e92,function_execution_time,1779127142.2690668,0.000062349
experiment_name,eef624cd-2f1d-46ff-9e3d-cd6471b67e92,function_execution_time,1779127142.370379,0.000058424
experiment_name,eef624cd-2f1d-46ff-9e3d-cd6471b67e92,function_execution_time,1779127142.471701,0.000061752
experiment_name,eef624cd-2f1d-46ff-9e3d-cd6471b67e92,function_execution_time,1779127142.5729945,0.000054636
experiment_name,eef624cd-2f1d-46ff-9e3d-cd6471b67e92,function_execution_time,1779127142.6742573,0.000058829
experiment_name,eef624cd-2f1d-46ff-9e3d-cd6471b67e92,function_execution_time,1779127142.7746015,0.00006193
experiment_name,eef624cd-2f1d-46ff-9e3d-cd6471b67e92,function_execution_time,1779127142.8758893,0.000055371
experiment_name,eef624cd-2f1d-46ff-9e3d-cd6471b67e92,function_execution_time,1779127142.9771605,0.000059155
experiment_name,eef624cd-2f1d-46ff-9e3d-cd6471b67e92,function_execution_time,1779127143.078463,0.000068756
experiment_name,eef624cd-2f1d-46ff-9e3d-cd6471b67e92,function_execution_time,1779127143.179785,0.000062472
experiment_name,eef624cd-2f1d-46ff-9e3d-cd6471b67e92,function_execution_time,1779127143.2810874,0.000061461
experiment_name,eef624cd-2f1d-46ff-9e3d-cd6471b67e92,function_execution_time,1779127143.3822427,0.000060983
experiment_name,eef624cd-2f1d-46ff-9e3d-cd6471b67e92,function_execution_time,1779127143.483586,0.000062105
experiment_name,eef624cd-2f1d-46ff-9e3d-cd6471b67e92,function_execution_time,1779127143.5849462,0.000065391
experiment_name,eef624cd-2f1d-46ff-9e3d-cd6471b67e92,function_execution_time,1779127143.6862454,0.000058465
experiment_name,eef624cd-2f1d-46ff-9e3d-cd6471b67e92,function_execution_time,1779127143.7865868,0.000056279
experiment_name,eef624cd-2f1d-46ff-9e3d-cd6471b67e92,function_execution_time,1779127143.887897,0.000071769
experiment_name,eef624cd-2f1d-46ff-9e3d-cd6471b67e92,function_execution_time,1779127143.9892163,0.000061239
experiment_name,eef624cd-2f1d-46ff-9e3d-cd6471b67e92,function_execution_time,1779127144.0904958,0.000067861
experiment_name,eef624cd-2f1d-46ff-9e3d-cd6471b67e92,function_execution_time,1779127144.191789,0.000065487
experiment_name,eef624cd-2f1d-46ff-9e3d-cd6471b67e92,function_execution_time,1779127144.293234,0.000068257
experiment_name,eef624cd-2f1d-46ff-9e3d-cd6471b67e92,function_execution_time,1779127144.3936405,0.000056238
experiment_name,eef624cd-2f1d-46ff-9e3d-cd6471b67e92,function_execution_time,1779127144.4949694,0.000057956
experiment_name,eef624cd-2f1d-46ff-9e3d-cd6471b67e92,function_execution_time,1779127144.5962687,0.000062267
experiment_name,fdb0fc7d-f5aa-4852-9257-170307a0ed0c,function_transfer_time,1779127139.6383538,0.000018158
experiment_name,fdb0fc7d-f5aa-4852-9257-170307a0ed0c,function_transfer_time,1779127139.7398276,0.000087734
experiment_name,fdb0fc7d-f5aa-4852-9257-170307a0ed0c,function_transfer_time,1779127139.8411555,0.000086333
experiment_name,fdb0fc7d-f5aa-4852-9257-170307a0ed0c,function_transfer_time,1779127139.9424913,0.000079728
experiment_name,fdb0fc7d-f5aa-4852-9257-170307a0ed0c,function_transfer_time,1779127140.0437946,0.000077903
experiment_name,fdb0fc7d-f5aa-4852-9257-170307a0ed0c,function_transfer_time,1779127140.1451237,0.000078674
experiment_name,fdb0fc7d-f5aa-4852-9257-170307a0ed0c,function_transfer_time,1779127140.2464797,0.000080726
experiment_name,fdb0fc7d-f5aa-4852-9257-170307a0ed0c,function_transfer_time,1779127140.3477948,0.000075376
experiment_name,fdb0fc7d-f5aa-4852-9257-170307a0ed0c,function_transfer_time,1779127140.449132,0.000082972
experiment_name,fdb0fc7d-f5aa-4852-9257-170307a0ed0c,function_transfer_time,1779127140.5504484,0.000079438
experiment_name,fdb0fc7d-f5aa-4852-9257-170307a0ed0c,function_transfer_time,1779127140.6517808,0.000082637
experiment_name,fdb0fc7d-f5aa-4852-9257-170307a0ed0c,function_transfer_time,1779127140.753018,0.000018145
experiment_name,fdb0fc7d-f5aa-4852-9257-170307a0ed0c,function_transfer_time,1779127140.8533518,0.000085431
experiment_name,fdb0fc7d-f5aa-4852-9257-170307a0ed0c,function_transfer_time,1779127140.9546413,0.000018901
experiment_name,fdb0fc7d-f5aa-4852-9257-170307a0ed0c,function_transfer_time,1779127141.0559597,0.000073364
experiment_name,fdb0fc7d-f5aa-4852-9257-170307a0ed0c,function_transfer_time,1779127141.156228,0.000019314
experiment_name,fdb0fc7d-f5aa-4852-9257-170307a0ed0c,function_transfer_time,1779127141.2575788,0.000076494
experiment_name,fdb0fc7d-f5aa-4852-9257-170307a0ed0c,function_transfer_time,1779127141.3588498,0.000021617
experiment_name,fdb0fc7d-f5aa-4852-9257-170307a0ed0c,function_transfer_time,1779127141.4601512,0.000075877
experiment_name,fdb0fc7d-f5aa-4852-9257-170307a0ed0c,function_transfer_time,1779127141.5614128,0.000020896
experiment_name,fdb0fc7d-f5aa-4852-9257-170307a0ed0c,function_transfer_time,1779127141.6627529,0.000078761
experiment_name,fdb0fc7d-f5aa-4852-9257-170307a0ed0c,function_transfer_time,1779127141.763981,0.000021513
experiment_name,fdb0fc7d-f5aa-4852-9257-170307a0ed0c,function_transfer_time,1779127141.8643324,0.000085963
experiment_name,fdb0fc7d-f5aa-4852-9257-170307a0ed0c,function_transfer_time,1779127141.965669,0.000096929
experiment_name,fdb0fc7d-f5aa-4852-9257-170307a0ed0c,function_transfer_time,1779127142.0670125,0.00008422
experiment_name,fdb0fc7d-f5aa-4852-9257-170307a0ed0c,function_transfer_time,1779127142.1673348,0.000080406
experiment_name,fdb0fc7d-f5aa-4852-9257-170307a0ed0c,function_transfer_time,1779127142.268816,0.000079686
experiment_name,fdb0fc7d-f5aa-4852-9257-170307a0ed0c,function_transfer_time,1779127142.3701477,0.000075441
experiment_name,fdb0fc7d-f5aa-4852-9257-170307a0ed0c,function_transfer_time,1779127142.4714692,0.000093219
experiment_name,fdb0fc7d-f5aa-4852-9257-170307a0ed0c,function_transfer_time,1779127142.5727808,0.000075403
experiment_name,fdb0fc7d-f5aa-4852-9257-170307a0ed0c,function_transfer_time,1779127142.674025,0.000021263
experiment_name,fdb0fc7d-f5aa-4852-9257-170307a0ed0c,function_transfer_time,1779127142.7743614,0.00008594
experiment_name,fdb0fc7d-f5aa-4852-9257-170307a0ed0c,function_transfer_time,1779127142.8756366,0.000020833
experiment_name,fdb0fc7d-f5aa-4852-9257-170307a0ed0c,function_transfer_time,1779127142.9769504,0.000077416
experiment_name,fdb0fc7d-f5aa-4852-9257-170307a0ed0c,function_transfer_time,1779127143.0782063,0.000021996
experiment_name,fdb0fc7d-f5aa-4852-9257-170307a0ed0c,function_transfer_time,1779127143.1795857,0.000081954
experiment_name,fdb0fc7d-f5aa-4852-9257-170307a0ed0c,function_transfer_time,1779127143.2808504,0.000022258
experiment_name,fdb0fc7d-f5aa-4852-9257-170307a0ed0c,function_transfer_time,1779127143.3820906,0.000016191
experiment_name,fdb0fc7d-f5aa-4852-9257-170307a0ed0c,function_transfer_time,1779127143.4833577,0.000022205
experiment_name,fdb0fc7d-f5aa-4852-9257-170307a0ed0c,function_transfer_time,1779127143.5846918,0.000077169
experiment_name,fdb0fc7d-f5aa-4852-9257-170307a0ed0c,function_transfer_time,1779127143.6860075,0.000082093
experiment_name,fdb0fc7d-f5aa-4852-9257-170307a0ed0c,function_transfer_time,1779127143.7863417,0.000079354
experiment_name,fdb0fc7d-f5aa-4852-9257-170307a0ed0c,function_transfer_time,1779127143.8876457,0.000077321
experiment_name,fdb0fc7d-f5aa-4852-9257-170307a0ed0c,function_transfer_time,1779127143.9889843,0.000084037
experiment_name,fdb0fc7d-f5aa-4852-9257-170307a0ed0c,function_transfer_time,1779127144.090247,0.000078386
experiment_name,fdb0fc7d-f5aa-4852-9257-170307a0ed0c,function_transfer_time,1779127144.1915665,0.000079118
experiment_name,fdb0fc7d-f5aa-4852-9257-170307a0ed0c,function_transfer_time,1779127144.2929728,0.000086765
experiment_name,fdb0fc7d-f5aa-4852-9257-170307a0ed0c,function_transfer_time,1779127144.3934014,0.000021553
experiment_name,fdb0fc7d-f5aa-4852-9257-170307a0ed0c,function_transfer_time,1779127144.494744,0.000084678
experiment_name,fdb0fc7d-f5aa-4852-9257-170307a0ed0c,function_transfer_time,1779127144.596059,0.0000846
experiment_name,eef624cd-2f1d-46ff-9e3d-cd6471b67e92,function_transfer_time,1779127139.6384456,0.000025659
experiment_name,eef624cd-2f1d-46ff-9e3d-cd6471b67e92,function_transfer_time,1779127139.7399883,0.000040678
experiment_name,eef624cd-2f1d-46ff-9e3d-cd6471b67e92,function_transfer_time,1779127139.8413348,0.000122982
experiment_name,eef624cd-2f1d-46ff-9e3d-cd6471b67e92,function_transfer_time,1779127139.9426942,0.000145884
experiment_name,eef624cd-2f1d-46ff-9e3d-cd6471b67e92,function_transfer_time,1779127140.0439742,0.000124588
experiment_name,eef624cd-2f1d-46ff-9e3d-cd6471b67e92,function_transfer_time,1779127140.14527,0.000032865
experiment_name,eef624cd-2f1d-46ff-9e3d-cd6471b67e92,function_transfer_time,1779127140.246632,0.000047061
experiment_name,eef624cd-2f1d-46ff-9e3d-cd6471b67e92,function_transfer_time,1779127140.347963,0.000113732
experiment_name,eef624cd-2f1d-46ff-9e3d-cd6471b67e92,function_transfer_time,1779127140.449291,0.000038239
experiment_name,eef624cd-2f1d-46ff-9e3d-cd6471b67e92,function_transfer_time,1779127140.5506375,0.000133148
experiment_name,eef624cd-2f1d-46ff-9e3d-cd6471b67e92,function_transfer_time,1779127140.6519635,0.000126953
experiment_name,eef624cd-2f1d-46ff-9e3d-cd6471b67e92,function_transfer_time,1779127140.7531703,0.000046923
experiment_name,eef624cd-2f1d-46ff-9e3d-cd6471b67e92,function_transfer_time,1779127140.8535147,0.000103814
experiment_name,eef624cd-2f1d-46ff-9e3d-cd6471b67e92,function_transfer_time,1779127140.9548247,0.000128471
experiment_name,eef624cd-2f1d-46ff-9e3d-cd6471b67e92,function_transfer_time,1779127141.0561402,0.000125902
experiment_name,eef624cd-2f1d-46ff-9e3d-cd6471b67e92,function_transfer_time,1779127141.1563804,0.000034963
experiment_name,eef624cd-2f1d-46ff-9e3d-cd6471b67e92,function_transfer_time,1779127141.2577336,0.000044647
experiment_name,eef624cd-2f1d-46ff-9e3d-cd6471b67e92,function_transfer_time,1779127141.3590333,0.000129419
experiment_name,eef624cd-2f1d-46ff-9e3d-cd6471b67e92,function_transfer_time,1779127141.4603095,0.000104513
experiment_name,eef624cd-2f1d-46ff-9e3d-cd6471b67e92,function_transfer_time,1779127141.5615904,0.000115565
experiment_name,eef624cd-2f1d-46ff-9e3d-cd6471b67e92,function_transfer_time,1779127141.6629217,0.000117817
experiment_name,eef624cd-2f1d-46ff-9e3d-cd6471b67e92,function_transfer_time,1779127141.7641392,0.000049943
experiment_name,eef624cd-2f1d-46ff-9e3d-cd6471b67e92,function_transfer_time,1779127141.864523,0.000120371
experiment_name,eef624cd-2f1d-46ff-9e3d-cd6471b67e92,function_transfer_time,1779127141.9658313,0.000109451
experiment_name,eef624cd-2f1d-46ff-9e3d-cd6471b67e92,function_transfer_time,1779127142.0671933,0.000122623
experiment_name,eef624cd-2f1d-46ff-9e3d-cd6471b67e92,function_transfer_time,1779127142.1675065,0.000034449
experiment_name,eef624cd-2f1d-46ff-9e3d-cd6471b67e92,function_transfer_time,1779127142.2690039,0.000131045
experiment_name,eef624cd-2f1d-46ff-9e3d-cd6471b67e92,function_transfer_time,1779127142.3703203,0.000117157
experiment_name,eef624cd-2f1d-46ff-9e3d-cd6471b67e92,function_transfer_time,1779127142.4716318,0.000106318
experiment_name,eef624cd-2f1d-46ff-9e3d-cd6471b67e92,function_transfer_time,1779127142.5729394,0.000097709
experiment_name,eef624cd-2f1d-46ff-9e3d-cd6471b67e92,function_transfer_time,1779127142.6742017,0.000115938
experiment_name,eef624cd-2f1d-46ff-9e3d-cd6471b67e92,function_transfer_time,1779127142.7745395,0.000124909
experiment_name,eef624cd-2f1d-46ff-9e3d-cd6471b67e92,function_transfer_time,1779127142.8758335,0.000134516
experiment_name,eef624cd-2f1d-46ff-9e3d-cd6471b67e92,function_transfer_time,1779127142.9770873,0.00009342
experiment_name,eef624cd-2f1d-46ff-9e3d-cd6471b67e92,function_transfer_time,1779127143.0783932,0.000132285
experiment_name,eef624cd-2f1d-46ff-9e3d-cd6471b67e92,function_transfer_time,1779127143.179717,0.000088913
experiment_name,eef624cd-2f1d-46ff-9e3d-cd6471b67e92,function_transfer_time,1779127143.281025,0.000118766
experiment_name,eef624cd-2f1d-46ff-9e3d-cd6471b67e92,function_transfer_time,1779127143.38224,0.000043522
experiment_name,eef624cd-2f1d-46ff-9e3d-cd6471b67e92,function_transfer_time,1779127143.4835336,0.000112397
experiment_name,eef624cd-2f1d-46ff-9e3d-cd6471b67e92,function_transfer_time,1779127143.58488,0.000125931
experiment_name,eef624cd-2f1d-46ff-9e3d-cd6471b67e92,function_transfer_time,1779127143.686186,0.000122689
experiment_name,eef624cd-2f1d-46ff-9e3d-cd6471b67e92,function_transfer_time,1779127143.7865298,0.00013274
experiment_name,eef624cd-2f1d-46ff-9e3d-cd6471b67e92,function_transfer_time,1779127143.8878245,0.000122946
experiment_name,eef624cd-2f1d-46ff-9e3d-cd6471b67e92,function_transfer_time,1779127143.989148,0.000111831
experiment_name,eef624cd-2f1d-46ff-9e3d-cd6471b67e92,function_transfer_time,1779127144.0904257,0.000122541
experiment_name,eef624cd-2f1d-46ff-9e3d-cd6471b67e92,function_transfer_time,1779127144.1917157,0.000037998
experiment_name,eef624cd-2f1d-46ff-9e3d-cd6471b67e92,function_transfer_time,1779127144.2931569,0.000123407
experiment_name,eef624cd-2f1d-46ff-9e3d-cd6471b67e92,function_transfer_time,1779127144.3935838,0.00011687
experiment_name,eef624cd-2f1d-46ff-9e3d-cd6471b67e92,function_transfer_time,1779127144.49491,0.00011026
experiment_name,eef624cd-2f1d-46ff-9e3d-cd6471b67e92,function_transfer_time,1779127144.5961998,0.00009371
experiment_name,eef624cd-2f1d-46ff-9e3d-cd6471b67e92,function_execution_time,1779127144.6973202,0.00005791
experiment_name,eef624cd-2f1d-46ff-9e3d-cd6471b67e92,function_execution_time,1779127144.7986586,0.000064163
experiment_name,eef624cd-2f1d-46ff-9e3d-cd6471b67e92,function_execution_time,1779127144.8999605,0.000055963
experiment_name,eef624cd-2f1d-46ff-9e3d-cd6471b67e92,function_execution_time,1779127145.0013046,0.000059461
experiment_name,eef624cd-2f1d-46ff-9e3d-cd6471b67e92,function_execution_time,1779127145.1025841,0.000078221
experiment_name,eef624cd-2f1d-46ff-9e3d-cd6471b67e92,function_execution_time,1779127145.2039125,0.000073765
experiment_name,eef624cd-2f1d-46ff-9e3d-cd6471b67e92,function_execution_time,1779127145.305285,0.000057423
experiment_name,eef624cd-2f1d-46ff-9e3d-cd6471b67e92,function_execution_time,1779127145.4056094,0.000061234
experiment_name,eef624cd-2f1d-46ff-9e3d-cd6471b67e92,function_execution_time,1779127145.5068798,0.000057789
experiment_name,eef624cd-2f1d-46ff-9e3d-cd6471b67e92,function_execution_time,1779127145.6081975,0.000065178
experiment_name,eef624cd-2f1d-46ff-9e3d-cd6471b67e92,function_execution_time,1779127145.7086165,0.000063797
experiment_name,eef624cd-2f1d-46ff-9e3d-cd6471b67e92,function_execution_time,1779127145.8098993,0.00005587
experiment_name,eef624cd-2f1d-46ff-9e3d-cd6471b67e92,function_execution_time,1779127145.9112113,0.000055595
experiment_name,eef624cd-2f1d-46ff-9e3d-cd6471b67e92,function_execution_time,1779127146.011557,0.000059447
experiment_name,eef624cd-2f1d-46ff-9e3d-cd6471b67e92,function_execution_time,1779127146.1128633,0.000062779
experiment_name,eef624cd-2f1d-46ff-9e3d-cd6471b67e92,function_execution_time,1779127146.2141883,0.000058622
experiment_name,eef624cd-2f1d-46ff-9e3d-cd6471b67e92,function_execution_time,1779127146.3145556,0.000054438
experiment_name,eef624cd-2f1d-46ff-9e3d-cd6471b67e92,function_execution_time,1779127146.4159052,0.000056446
experiment_name,eef624cd-2f1d-46ff-9e3d-cd6471b67e92,function_execution_time,1779127146.5171964,0.000064165
experiment_name,eef624cd-2f1d-46ff-9e3d-cd6471b67e92,function_execution_time,1779127146.6175318,0.000054968
experiment_name,eef624cd-2f1d-46ff-9e3d-cd6471b67e92,function_execution_time,1779127146.7188792,0.000055833
experiment_name,eef624cd-2f1d-46ff-9e3d-cd6471b67e92,function_execution_time,1779127146.8202078,0.000056672
experiment_name,eef624cd-2f1d-46ff-9e3d-cd6471b67e92,function_execution_time,1779127146.920503,0.000067731
experiment_name,eef624cd-2f1d-46ff-9e3d-cd6471b67e92,function_execution_time,1779127147.0218365,0.000066049
experiment_name,eef624cd-2f1d-46ff-9e3d-cd6471b67e92,function_execution_time,1779127147.123117,0.000058572
experiment_name,eef624cd-2f1d-46ff-9e3d-cd6471b67e92,function_execution_time,1779127147.2243855,0.000055751
experiment_name,eef624cd-2f1d-46ff-9e3d-cd6471b67e92,function_execution_time,1779127147.3257244,0.000057368
experiment_name,eef624cd-2f1d-46ff-9e3d-cd6471b67e92,function_execution_time,1779127147.4269948,0.00006792
experiment_name,eef624cd-2f1d-46ff-9e3d-cd6471b67e92,function_execution_time,1779127147.5283551,0.000068635
experiment_name,eef624cd-2f1d-46ff-9e3d-cd6471b67e92,function_execution_time,1779127147.6297102,0.000074403
experiment_name,eef624cd-2f1d-46ff-9e3d-cd6471b67e92,function_execution_time,1779127147.7308521,0.000043657
experiment_name,eef624cd-2f1d-46ff-9e3d-cd6471b67e92,function_execution_time,1779127147.8321054,0.000041335
experiment_name,eef624cd-2f1d-46ff-9e3d-cd6471b67e92,function_execution_time,1779127147.932386,0.000044636
experiment_name,eef624cd-2f1d-46ff-9e3d-cd6471b67e92,function_execution_time,1779127148.0336304,0.000045316
experiment_name,eef624cd-2f1d-46ff-9e3d-cd6471b67e92,function_execution_time,1779127148.134894,0.000037427
experiment_name,eef624cd-2f1d-46ff-9e3d-cd6471b67e92,function_execution_time,1779127148.236279,0.00006299
experiment_name,eef624cd-2f1d-46ff-9e3d-cd6471b67e92,function_execution_time,1779127148.337609,0.00006083
experiment_name,eef624cd-2f1d-46ff-9e3d-cd6471b67e92,function_execution_time,1779127148.4390147,0.000064855
experiment_name,eef624cd-2f1d-46ff-9e3d-cd6471b67e92,function_execution_time,1779127148.5403318,0.000054942
experiment_name,eef624cd-2f1d-46ff-9e3d-cd6471b67e92,function_execution_time,1779127148.6416354,0.000055603
experiment_name,eef624cd-2f1d-46ff-9e3d-cd6471b67e92,function_execution_time,1779127148.742899,0.00006049
experiment_name,eef624cd-2f1d-46ff-9e3d-cd6471b67e92,function_execution_time,1779127148.8443038,0.000057084
experiment_name,eef624cd-2f1d-46ff-9e3d-cd6471b67e92,function_execution_time,1779127148.9455905,0.000074395
experiment_name,eef624cd-2f1d-46ff-9e3d-cd6471b67e92,function_execution_time,1779127149.0469282,0.00006038
experiment_name,eef624cd-2f1d-46ff-9e3d-cd6471b67e92,function_execution_time,1779127149.148183,0.000063074
experiment_name,eef624cd-2f1d-46ff-9e3d-cd6471b67e92,function_execution_time,1779127149.2485852,0.00006115
experiment_name,eef624cd-2f1d-46ff-9e3d-cd6471b67e92,function_execution_time,1779127149.3499472,0.000072775
experiment_name,eef624cd-2f1d-46ff-9e3d-cd6471b67e92,function_execution_time,1779127149.4513345,0.000059594
experiment_name,eef624cd-2f1d-46ff-9e3d-cd6471b67e92,function_execution_time,1779127149.5525815,0.000063967
experiment_name,fdb0fc7d-f5aa-4852-9257-170307a0ed0c,function_execution_time,1779127144.6971524,0.000072394
experiment_name,fdb0fc7d-f5aa-4852-9257-170307a0ed0c,function_execution_time,1779127144.7985635,0.00010206
experiment_name,fdb0fc7d-f5aa-4852-9257-170307a0ed0c,function_execution_time,1779127144.8998682,0.000082694
experiment_name,fdb0fc7d-f5aa-4852-9257-170307a0ed0c,function_execution_time,1779127145.0011384,0.0000703
experiment_name,fdb0fc7d-f5aa-4852-9257-170307a0ed0c,function_execution_time,1779127145.1024513,0.000096708
experiment_name,fdb0fc7d-f5aa-4852-9257-170307a0ed0c,function_execution_time,1779127145.203835,0.000168126
experiment_name,fdb0fc7d-f5aa-4852-9257-170307a0ed0c,function_execution_time,1779127145.3051174,0.000083838
experiment_name,fdb0fc7d-f5aa-4852-9257-170307a0ed0c,function_execution_time,1779127145.405456,0.000088703
experiment_name,fdb0fc7d-f5aa-4852-9257-170307a0ed0c,function_execution_time,1779127145.5067973,0.000074566
experiment_name,fdb0fc7d-f5aa-4852-9257-170307a0ed0c,function_execution_time,1779127145.6081958,0.000093646
experiment_name,fdb0fc7d-f5aa-4852-9257-170307a0ed0c,function_execution_time,1779127145.708452,0.000084603
experiment_name,fdb0fc7d-f5aa-4852-9257-170307a0ed0c,function_execution_time,1779127145.809739,0.000070361
experiment_name,fdb0fc7d-f5aa-4852-9257-170307a0ed0c,function_execution_time,1779127145.911123,0.000081143
experiment_name,fdb0fc7d-f5aa-4852-9257-170307a0ed0c,function_execution_time,1779127146.011389,0.000071173
experiment_name,fdb0fc7d-f5aa-4852-9257-170307a0ed0c,function_execution_time,1779127146.112699,0.000072937
experiment_name,fdb0fc7d-f5aa-4852-9257-170307a0ed0c,function_execution_time,1779127146.2141328,0.000161621
experiment_name,fdb0fc7d-f5aa-4852-9257-170307a0ed0c,function_execution_time,1779127146.3143997,0.000079931
experiment_name,fdb0fc7d-f5aa-4852-9257-170307a0ed0c,function_execution_time,1779127146.4157412,0.000071146
experiment_name,fdb0fc7d-f5aa-4852-9257-170307a0ed0c,function_execution_time,1779127146.51705,0.000071833
experiment_name,fdb0fc7d-f5aa-4852-9257-170307a0ed0c,function_execution_time,1779127146.6173923,0.000080619
experiment_name,fdb0fc7d-f5aa-4852-9257-170307a0ed0c,function_execution_time,1779127146.7187238,0.000074564
experiment_name,fdb0fc7d-f5aa-4852-9257-170307a0ed0c,function_execution_time,1779127146.8200443,0.000072303
experiment_name,fdb0fc7d-f5aa-4852-9257-170307a0ed0c,function_execution_time,1779127146.9203312,0.000070772
experiment_name,fdb0fc7d-f5aa-4852-9257-170307a0ed0c,function_execution_time,1779127147.021655,0.000086888
experiment_name,fdb0fc7d-f5aa-4852-9257-170307a0ed0c,function_execution_time,1779127147.122947,0.000076166
experiment_name,fdb0fc7d-f5aa-4852-9257-170307a0ed0c,function_execution_time,1779127147.2243326,0.00013885
experiment_name,fdb0fc7d-f5aa-4852-9257-170307a0ed0c,function_execution_time,1779127147.325562,0.000080829
experiment_name,fdb0fc7d-f5aa-4852-9257-170307a0ed0c,function_execution_time,1779127147.426903,0.000068225
experiment_name,fdb0fc7d-f5aa-4852-9257-170307a0ed0c,function_execution_time,1779127147.528171,0.000091943
experiment_name,fdb0fc7d-f5aa-4852-9257-170307a0ed0c,function_execution_time,1779127147.6296244,0.000104725
experiment_name,fdb0fc7d-f5aa-4852-9257-170307a0ed0c,function_execution_time,1779127147.7307827,0.000058764
experiment_name,fdb0fc7d-f5aa-4852-9257-170307a0ed0c,function_execution_time,1779127147.832038,0.000054177
experiment_name,fdb0fc7d-f5aa-4852-9257-170307a0ed0c,function_execution_time,1779127147.9323075,0.000065011
experiment_name,fdb0fc7d-f5aa-4852-9257-170307a0ed0c,function_execution_time,1779127148.0335627,0.00004818
experiment_name,fdb0fc7d-f5aa-4852-9257-170307a0ed0c,function_execution_time,1779127148.1348264,0.000052793
experiment_name,fdb0fc7d-f5aa-4852-9257-170307a0ed0c,function_execution_time,1779127148.2362177,0.000158481
experiment_name,fdb0fc7d-f5aa-4852-9257-170307a0ed0c,function_execution_time,1779127148.3375328,0.000072326
experiment_name,fdb0fc7d-f5aa-4852-9257-170307a0ed0c,function_execution_time,1779127148.4388466,0.000070321
experiment_name,fdb0fc7d-f5aa-4852-9257-170307a0ed0c,function_execution_time,1779127148.5401697,0.000069677
experiment_name,fdb0fc7d-f5aa-4852-9257-170307a0ed0c,function_execution_time,1779127148.6415727,0.000098521
experiment_name,fdb0fc7d-f5aa-4852-9257-170307a0ed0c,function_execution_time,1779127148.7428126,0.000070573
experiment_name,fdb0fc7d-f5aa-4852-9257-170307a0ed0c,function_execution_time,1779127148.8441646,0.000072267
experiment_name,fdb0fc7d-f5aa-4852-9257-170307a0ed0c,function_execution_time,1779127148.9455605,0.00010467
experiment_name,fdb0fc7d-f5aa-4852-9257-170307a0ed0c,function_execution_time,1779127149.046756,0.000074048
experiment_name,fdb0fc7d-f5aa-4852-9257-170307a0ed0c,function_execution_time,1779127149.1481001,0.000075405
experiment_name,fdb0fc7d-f5aa-4852-9257-170307a0ed0c,function_execution_time,1779127149.2485187,0.000159347
experiment_name,fdb0fc7d-f5aa-4852-9257-170307a0ed0c,function_execution_time,1779127149.349846,0.000088866
experiment_name,fdb0fc7d-f5aa-4852-9257-170307a0ed0c,function_execution_time,1779127149.4511585,0.000076348
experiment_name,fdb0fc7d-f5aa-4852-9257-170307a0ed0c,function_execution_time,1779127149.5525773,0.000099179
experiment_name,eef624cd-2f1d-46ff-9e3d-cd6471b67e92,function_transfer_time,1779127144.69726,0.000132876
experiment_name,eef624cd-2f1d-46ff-9e3d-cd6471b67e92,function_transfer_time,1779127144.7985895,0.000106837
experiment_name,eef624cd-2f1d-46ff-9e3d-cd6471b67e92,function_transfer_time,1779127144.8998945,0.000122595
experiment_name,eef624cd-2f1d-46ff-9e3d-cd6471b67e92,function_transfer_time,1779127145.0012438,0.000131577
experiment_name,eef624cd-2f1d-46ff-9e3d-cd6471b67e92,function_transfer_time,1779127145.1024983,0.000097124
experiment_name,eef624cd-2f1d-46ff-9e3d-cd6471b67e92,function_transfer_time,1779127145.2038376,0.000039097
experiment_name,eef624cd-2f1d-46ff-9e3d-cd6471b67e92,function_transfer_time,1779127145.305226,0.000123143
experiment_name,eef624cd-2f1d-46ff-9e3d-cd6471b67e92,function_transfer_time,1779127145.4055483,0.000119174
experiment_name,eef624cd-2f1d-46ff-9e3d-cd6471b67e92,function_transfer_time,1779127145.5068178,0.000051291
experiment_name,eef624cd-2f1d-46ff-9e3d-cd6471b67e92,function_transfer_time,1779127145.6081903,0.000029407
experiment_name,eef624cd-2f1d-46ff-9e3d-cd6471b67e92,function_transfer_time,1779127145.7085516,0.000131782
experiment_name,eef624cd-2f1d-46ff-9e3d-cd6471b67e92,function_transfer_time,1779127145.8098426,0.000132415
experiment_name,eef624cd-2f1d-46ff-9e3d-cd6471b67e92,function_transfer_time,1779127145.9111483,0.000122383
experiment_name,eef624cd-2f1d-46ff-9e3d-cd6471b67e92,function_transfer_time,1779127146.0114963,0.000133186
experiment_name,eef624cd-2f1d-46ff-9e3d-cd6471b67e92,function_transfer_time,1779127146.1127994,0.000122831
experiment_name,eef624cd-2f1d-46ff-9e3d-cd6471b67e92,function_transfer_time,1779127146.2141294,0.000036679
experiment_name,eef624cd-2f1d-46ff-9e3d-cd6471b67e92,function_transfer_time,1779127146.3145003,0.000125399
experiment_name,eef624cd-2f1d-46ff-9e3d-cd6471b67e92,function_transfer_time,1779127146.4158475,0.000131467
experiment_name,eef624cd-2f1d-46ff-9e3d-cd6471b67e92,function_transfer_time,1779127146.5171313,0.000102814
experiment_name,eef624cd-2f1d-46ff-9e3d-cd6471b67e92,function_transfer_time,1779127146.6174755,0.000112033
experiment_name,eef624cd-2f1d-46ff-9e3d-cd6471b67e92,function_transfer_time,1779127146.7188225,0.00012081
experiment_name,eef624cd-2f1d-46ff-9e3d-cd6471b67e92,function_transfer_time,1779127146.8201501,0.000130747
experiment_name,eef624cd-2f1d-46ff-9e3d-cd6471b67e92,function_transfer_time,1779127146.9204473,0.000128262
experiment_name,eef624cd-2f1d-46ff-9e3d-cd6471b67e92,function_transfer_time,1779127147.0217695,0.000132161
experiment_name,eef624cd-2f1d-46ff-9e3d-cd6471b67e92,function_transfer_time,1779127147.1230576,0.00013666
experiment_name,eef624cd-2f1d-46ff-9e3d-cd6471b67e92,function_transfer_time,1779127147.2243292,0.000033195
experiment_name,eef624cd-2f1d-46ff-9e3d-cd6471b67e92,function_transfer_time,1779127147.325666,0.000126299
experiment_name,eef624cd-2f1d-46ff-9e3d-cd6471b67e92,function_transfer_time,1779127147.4269736,0.000053212
experiment_name,eef624cd-2f1d-46ff-9e3d-cd6471b67e92,function_transfer_time,1779127147.5282826,0.000131574
experiment_name,eef624cd-2f1d-46ff-9e3d-cd6471b67e92,function_transfer_time,1779127147.6296277,0.000099128
experiment_name,eef624cd-2f1d-46ff-9e3d-cd6471b67e92,function_transfer_time,1779127147.7308488,0.000056696
experiment_name,eef624cd-2f1d-46ff-9e3d-cd6471b67e92,function_transfer_time,1779127147.8321028,0.000059112
experiment_name,eef624cd-2f1d-46ff-9e3d-cd6471b67e92,function_transfer_time,1779127147.9323134,0.000046872
experiment_name,eef624cd-2f1d-46ff-9e3d-cd6471b67e92,function_transfer_time,1779127148.0335653,0.000062563
experiment_name,eef624cd-2f1d-46ff-9e3d-cd6471b67e92,function_transfer_time,1779127148.1348288,0.000053571
experiment_name,eef624cd-2f1d-46ff-9e3d-cd6471b67e92,function_transfer_time,1779127148.236215,0.000030898
experiment_name,eef624cd-2f1d-46ff-9e3d-cd6471b67e92,function_transfer_time,1779127148.3376062,0.000049129
experiment_name,eef624cd-2f1d-46ff-9e3d-cd6471b67e92,function_transfer_time,1779127148.4389489,0.000131242
experiment_name,eef624cd-2f1d-46ff-9e3d-cd6471b67e92,function_transfer_time,1779127148.5402758,0.000132797
experiment_name,eef624cd-2f1d-46ff-9e3d-cd6471b67e92,function_transfer_time,1779127148.6415756,0.00007888
experiment_name,eef624cd-2f1d-46ff-9e3d-cd6471b67e92,function_transfer_time,1779127148.7428832,0.000052076
experiment_name,eef624cd-2f1d-46ff-9e3d-cd6471b67e92,function_transfer_time,1779127148.8442452,0.000108998
experiment_name,eef624cd-2f1d-46ff-9e3d-cd6471b67e92,function_transfer_time,1779127148.945557,0.000036695
experiment_name,eef624cd-2f1d-46ff-9e3d-cd6471b67e92,function_transfer_time,1779127149.0468674,0.000134733
experiment_name,eef624cd-2f1d-46ff-9e3d-cd6471b67e92,function_transfer_time,1779127149.14818,0.000050681
experiment_name,eef624cd-2f1d-46ff-9e3d-cd6471b67e92,function_transfer_time,1779127149.2485216,0.000038249
experiment_name,eef624cd-2f1d-46ff-9e3d-cd6471b67e92,function_transfer_time,1779127149.3499277,0.000044897
experiment_name,eef624cd-2f1d-46ff-9e3d-cd6471b67e92,function_transfer_time,1779127149.4512734,0.000140243
experiment_name,eef624cd-2f1d-46ff-9e3d-cd6471b67e92,function_transfer_time,1779127149.55258,0.000036289
experiment_name,fdb0fc7d-f5aa-4852-9257-170307a0ed0c,function_transfer_time,1779127144.6970673,0.000078087
experiment_name,fdb0fc7d-f5aa-4852-9257-170307a0ed0c,function_transfer_time,1779127144.798414,0.000085265
experiment_name,fdb0fc7d-f5aa-4852-9257-170307a0ed0c,function_transfer_time,1779127144.8997197,0.000079485
experiment_name,fdb0fc7d-f5aa-4852-9257-170307a0ed0c,function_transfer_time,1779127145.001056,0.000082759
experiment_name,fdb0fc7d-f5aa-4852-9257-170307a0ed0c,function_transfer_time,1779127145.1023402,0.000037361
experiment_name,fdb0fc7d-f5aa-4852-9257-170307a0ed0c,function_transfer_time,1779127145.2036612,0.000088134
experiment_name,fdb0fc7d-f5aa-4852-9257-170307a0ed0c,function_transfer_time,1779127145.305036,0.000080429
experiment_name,fdb0fc7d-f5aa-4852-9257-170307a0ed0c,function_transfer_time,1779127145.40537,0.000084238
experiment_name,fdb0fc7d-f5aa-4852-9257-170307a0ed0c,function_transfer_time,1779127145.5067143,0.000082569
experiment_name,fdb0fc7d-f5aa-4852-9257-170307a0ed0c,function_transfer_time,1779127145.608042,0.000095726
experiment_name,fdb0fc7d-f5aa-4852-9257-170307a0ed0c,function_transfer_time,1779127145.7083635,0.000081016
experiment_name,fdb0fc7d-f5aa-4852-9257-170307a0ed0c,function_transfer_time,1779127145.8096554,0.000062019
experiment_name,fdb0fc7d-f5aa-4852-9257-170307a0ed0c,function_transfer_time,1779127145.9109733,0.000077225
experiment_name,fdb0fc7d-f5aa-4852-9257-170307a0ed0c,function_transfer_time,1779127146.0113065,0.000076829
experiment_name,fdb0fc7d-f5aa-4852-9257-170307a0ed0c,function_transfer_time,1779127146.112622,0.000080172
experiment_name,fdb0fc7d-f5aa-4852-9257-170307a0ed0c,function_transfer_time,1779127146.2139592,0.000080419
experiment_name,fdb0fc7d-f5aa-4852-9257-170307a0ed0c,function_transfer_time,1779127146.3143122,0.00007563
experiment_name,fdb0fc7d-f5aa-4852-9257-170307a0ed0c,function_transfer_time,1779127146.41566,0.000082308
experiment_name,fdb0fc7d-f5aa-4852-9257-170307a0ed0c,function_transfer_time,1779127146.516973,0.000083756
experiment_name,fdb0fc7d-f5aa-4852-9257-170307a0ed0c,function_transfer_time,1779127146.6173086,0.000080504
experiment_name,fdb0fc7d-f5aa-4852-9257-170307a0ed0c,function_transfer_time,1779127146.718645,0.000076027
experiment_name,fdb0fc7d-f5aa-4852-9257-170307a0ed0c,function_transfer_time,1779127146.8199618,0.000078269
experiment_name,fdb0fc7d-f5aa-4852-9257-170307a0ed0c,function_transfer_time,1779127146.9202461,0.000024048
experiment_name,fdb0fc7d-f5aa-4852-9257-170307a0ed0c,function_transfer_time,1779127147.0215707,0.000087986
experiment_name,fdb0fc7d-f5aa-4852-9257-170307a0ed0c,function_transfer_time,1779127147.1228619,0.000027087
experiment_name,fdb0fc7d-f5aa-4852-9257-170307a0ed0c,function_transfer_time,1779127147.2241821,0.000079748
experiment_name,fdb0fc7d-f5aa-4852-9257-170307a0ed0c,function_transfer_time,1779127147.3254828,0.000022506
experiment_name,fdb0fc7d-f5aa-4852-9257-170307a0ed0c,function_transfer_time,1779127147.4268205,0.000078644
experiment_name,fdb0fc7d-f5aa-4852-9257-170307a0ed0c,function_transfer_time,1779127147.5280862,0.000030819
experiment_name,fdb0fc7d-f5aa-4852-9257-170307a0ed0c,function_transfer_time,1779127147.6294625,0.00008991
experiment_name,fdb0fc7d-f5aa-4852-9257-170307a0ed0c,function_transfer_time,1779127147.7307005,0.000017078
experiment_name,fdb0fc7d-f5aa-4852-9257-170307a0ed0c,function_transfer_time,1779127147.8319595,0.000015625
experiment_name,fdb0fc7d-f5aa-4852-9257-170307a0ed0c,function_transfer_time,1779127147.9322264,0.000016162
experiment_name,fdb0fc7d-f5aa-4852-9257-170307a0ed0c,function_transfer_time,1779127148.0334783,0.000019176
experiment_name,fdb0fc7d-f5aa-4852-9257-170307a0ed0c,function_transfer_time,1779127148.1347485,0.000019279
experiment_name,fdb0fc7d-f5aa-4852-9257-170307a0ed0c,function_transfer_time,1779127148.23606,0.000077079
experiment_name,fdb0fc7d-f5aa-4852-9257-170307a0ed0c,function_transfer_time,1779127148.3374543,0.000083859
experiment_name,fdb0fc7d-f5aa-4852-9257-170307a0ed0c,function_transfer_time,1779127148.438763,0.000080049
experiment_name,fdb0fc7d-f5aa-4852-9257-170307a0ed0c,function_transfer_time,1779127148.5400891,0.000079375
experiment_name,fdb0fc7d-f5aa-4852-9257-170307a0ed0c,function_transfer_time,1779127148.6414247,0.000076276
experiment_name,fdb0fc7d-f5aa-4852-9257-170307a0ed0c,function_transfer_time,1779127148.742731,0.00007776
experiment_name,fdb0fc7d-f5aa-4852-9257-170307a0ed0c,function_transfer_time,1779127148.84408,0.00008308
experiment_name,fdb0fc7d-f5aa-4852-9257-170307a0ed0c,function_transfer_time,1779127148.9454074,0.000088276
experiment_name,fdb0fc7d-f5aa-4852-9257-170307a0ed0c,function_transfer_time,1779127149.046674,0.000021823
experiment_name,fdb0fc7d-f5aa-4852-9257-170307a0ed0c,function_transfer_time,1779127149.1480176,0.00008205
experiment_name,fdb0fc7d-f5aa-4852-9257-170307a0ed0c,function_transfer_time,1779127149.2483537,0.000088038
experiment_name,fdb0fc7d-f5aa-4852-9257-170307a0ed0c,function_transfer_time,1779127149.349763,0.000084416
experiment_name,fdb0fc7d-f5aa-4852-9257-170307a0ed0c,function_transfer_time,1779127149.451074,0.00007859
experiment_name,fdb0fc7d-f5aa-4852-9257-170307a0ed0c,function_transfer_time,1779127149.5524101,0.000079015
experiment_name,eef624cd-2f1d-46ff-9e3d-cd6471b67e92,function_execution_time,1779127149.6535966,0.00005461
experiment_name,eef624cd-2f1d-46ff-9e3d-cd6471b67e92,function_execution_time,1779127149.7550652,0.000076638
experiment_name,eef624cd-2f1d-46ff-9e3d-cd6471b67e92,function_execution_time,1779127149.856352,0.000074704
experiment_name,eef624cd-2f1d-46ff-9e3d-cd6471b67e92,function_execution_time,1779127149.9576588,0.000058685
experiment_name,eef624cd-2f1d-46ff-9e3d-cd6471b67e92,function_execution_time,1779127150.0589993,0.000065488
experiment_name,eef624cd-2f1d-46ff-9e3d-cd6471b67e92,function_execution_time,1779127150.1603267,0.000064993
experiment_name,eef624cd-2f1d-46ff-9e3d-cd6471b67e92,function_execution_time,1779127150.261662,0.00005807
experiment_name,eef624cd-2f1d-46ff-9e3d-cd6471b67e92,function_execution_time,1779127150.3630824,0.00005568
experiment_name,eef624cd-2f1d-46ff-9e3d-cd6471b67e92,function_execution_time,1779127150.4643972,0.000055198
experiment_name,eef624cd-2f1d-46ff-9e3d-cd6471b67e92,function_execution_time,1779127150.5657303,0.000062771
experiment_name,eef624cd-2f1d-46ff-9e3d-cd6471b67e92,function_execution_time,1779127150.6670628,0.000058242
experiment_name,eef624cd-2f1d-46ff-9e3d-cd6471b67e92,function_execution_time,1779127150.768294,0.000054442
experiment_name,eef624cd-2f1d-46ff-9e3d-cd6471b67e92,function_execution_time,1779127150.869621,0.00005383
experiment_name,eef624cd-2f1d-46ff-9e3d-cd6471b67e92,function_execution_time,1779127150.9711113,0.000055175
experiment_name,eef624cd-2f1d-46ff-9e3d-cd6471b67e92,function_execution_time,1779127151.0724864,0.000080693
experiment_name,eef624cd-2f1d-46ff-9e3d-cd6471b67e92,function_execution_time,1779127151.1737585,0.000054696
experiment_name,eef624cd-2f1d-46ff-9e3d-cd6471b67e92,function_execution_time,1779127151.275042,0.000055594
experiment_name,eef624cd-2f1d-46ff-9e3d-cd6471b67e92,function_execution_time,1779127151.3765333,0.000060037
experiment_name,eef624cd-2f1d-46ff-9e3d-cd6471b67e92,function_execution_time,1779127151.477788,0.000062394
experiment_name,eef624cd-2f1d-46ff-9e3d-cd6471b67e92,function_execution_time,1779127151.5791569,0.000054699
experiment_name,eef624cd-2f1d-46ff-9e3d-cd6471b67e92,function_execution_time,1779127151.680453,0.000071851
experiment_name,eef624cd-2f1d-46ff-9e3d-cd6471b67e92,function_execution_time,1779127151.7817569,0.000053622
experiment_name,eef624cd-2f1d-46ff-9e3d-cd6471b67e92,function_execution_time,1779127151.8830237,0.000054004
experiment_name,eef624cd-2f1d-46ff-9e3d-cd6471b67e92,function_execution_time,1779127151.9842982,0.000063204
experiment_name,eef624cd-2f1d-46ff-9e3d-cd6471b67e92,function_execution_time,1779127152.084548,0.000053647
experiment_name,eef624cd-2f1d-46ff-9e3d-cd6471b67e92,function_execution_time,1779127152.1858537,0.000053805
experiment_name,eef624cd-2f1d-46ff-9e3d-cd6471b67e92,function_execution_time,1779127152.2871754,0.000053586
experiment_name,eef624cd-2f1d-46ff-9e3d-cd6471b67e92,function_execution_time,1779127152.3873975,0.000062849
experiment_name,eef624cd-2f1d-46ff-9e3d-cd6471b67e92,function_execution_time,1779127152.4888144,0.000059651
experiment_name,eef624cd-2f1d-46ff-9e3d-cd6471b67e92,function_execution_time,1779127152.5902638,0.000060238
experiment_name,eef624cd-2f1d-46ff-9e3d-cd6471b67e92,function_execution_time,1779127152.6906116,0.000054181
experiment_name,eef624cd-2f1d-46ff-9e3d-cd6471b67e92,function_execution_time,1779127152.7919428,0.00005515
experiment_name,eef624cd-2f1d-46ff-9e3d-cd6471b67e92,function_execution_time,1779127152.8932908,0.000068111
experiment_name,eef624cd-2f1d-46ff-9e3d-cd6471b67e92,function_execution_time,1779127152.9946358,0.000058266
experiment_name,eef624cd-2f1d-46ff-9e3d-cd6471b67e92,function_execution_time,1779127153.0959742,0.000057138
experiment_name,eef624cd-2f1d-46ff-9e3d-cd6471b67e92,function_execution_time,1779127153.1973023,0.000060688
experiment_name,eef624cd-2f1d-46ff-9e3d-cd6471b67e92,function_execution_time,1779127153.2986655,0.000066317
experiment_name,eef624cd-2f1d-46ff-9e3d-cd6471b67e92,function_execution_time,1779127153.400002,0.000057199
experiment_name,eef624cd-2f1d-46ff-9e3d-cd6471b67e92,function_execution_time,1779127153.5013385,0.000055935
experiment_name,eef624cd-2f1d-46ff-9e3d-cd6471b67e92,function_execution_time,1779127153.6026113,0.000055312
experiment_name,eef624cd-2f1d-46ff-9e3d-cd6471b67e92,function_execution_time,1779127153.70398,0.00006352
experiment_name,eef624cd-2f1d-46ff-9e3d-cd6471b67e92,function_execution_time,1779127153.805204,0.000055995
experiment_name,eef624cd-2f1d-46ff-9e3d-cd6471b67e92,function_execution_time,1779127153.9055552,0.000055863
experiment_name,eef624cd-2f1d-46ff-9e3d-cd6471b67e92,function_execution_time,1779127154.0068223,0.000057969
experiment_name,eef624cd-2f1d-46ff-9e3d-cd6471b67e92,function_execution_time,1779127154.1080635,0.000059095
experiment_name,eef624cd-2f1d-46ff-9e3d-cd6471b67e92,function_execution_time,1779127154.2094266,0.00006243
experiment_name,eef624cd-2f1d-46ff-9e3d-cd6471b67e92,function_execution_time,1779127154.3107116,0.000055617
experiment_name,eef624cd-2f1d-46ff-9e3d-cd6471b67e92,function_execution_time,1779127154.4120631,0.000055293
experiment_name,eef624cd-2f1d-46ff-9e3d-cd6471b67e92,function_execution_time,1779127154.5133464,0.000055085
experiment_name,eef624cd-2f1d-46ff-9e3d-cd6471b67e92,function_execution_time,1779127154.6146307,0.000062152
experiment_name,fdb0fc7d-f5aa-4852-9257-170307a0ed0c,function_execution_time,1779127149.6535947,0.000102705
experiment_name,fdb0fc7d-f5aa-4852-9257-170307a0ed0c,function_execution_time,1779127149.7549398,0.000096643
experiment_name,fdb0fc7d-f5aa-4852-9257-170307a0ed0c,function_execution_time,1779127149.8562098,0.000104272
experiment_name,fdb0fc7d-f5aa-4852-9257-170307a0ed0c,function_execution_time,1779127149.9575684,0.000095815
experiment_name,fdb0fc7d-f5aa-4852-9257-170307a0ed0c,function_execution_time,1779127150.0588408,0.000083373
experiment_name,fdb0fc7d-f5aa-4852-9257-170307a0ed0c,function_execution_time,1779127150.1601624,0.000074332
experiment_name,fdb0fc7d-f5aa-4852-9257-170307a0ed0c,function_execution_time,1779127150.2616034,0.000177888
experiment_name,fdb0fc7d-f5aa-4852-9257-170307a0ed0c,function_execution_time,1779127150.3629274,0.000083113
experiment_name,fdb0fc7d-f5aa-4852-9257-170307a0ed0c,function_execution_time,1779127150.464241,0.000070199
experiment_name,fdb0fc7d-f5aa-4852-9257-170307a0ed0c,function_execution_time,1779127150.565586,0.000068383
experiment_name,fdb0fc7d-f5aa-4852-9257-170307a0ed0c,function_execution_time,1779127150.6668923,0.000078147
experiment_name,fdb0fc7d-f5aa-4852-9257-170307a0ed0c,function_execution_time,1779127150.7682114,0.000075195
experiment_name,fdb0fc7d-f5aa-4852-9257-170307a0ed0c,function_execution_time,1779127150.869528,0.000087181
experiment_name,fdb0fc7d-f5aa-4852-9257-170307a0ed0c,function_execution_time,1779127150.9709537,0.000073643
experiment_name,fdb0fc7d-f5aa-4852-9257-170307a0ed0c,function_execution_time,1779127151.072366,0.00008391
experiment_name,fdb0fc7d-f5aa-4852-9257-170307a0ed0c,function_execution_time,1779127151.1736233,0.000067972
experiment_name,fdb0fc7d-f5aa-4852-9257-170307a0ed0c,function_execution_time,1779127151.2749841,0.000145339
experiment_name,fdb0fc7d-f5aa-4852-9257-170307a0ed0c,function_execution_time,1779127151.3763583,0.000081137
experiment_name,fdb0fc7d-f5aa-4852-9257-170307a0ed0c,function_execution_time,1779127151.4776344,0.000069882
experiment_name,fdb0fc7d-f5aa-4852-9257-170307a0ed0c,function_execution_time,1779127151.5790071,0.000070434
experiment_name,fdb0fc7d-f5aa-4852-9257-170307a0ed0c,function_execution_time,1779127151.6802666,0.000069687
experiment_name,fdb0fc7d-f5aa-4852-9257-170307a0ed0c,function_execution_time,1779127151.7816083,0.000079888
experiment_name,fdb0fc7d-f5aa-4852-9257-170307a0ed0c,function_execution_time,1779127151.8828576,0.000070445
experiment_name,fdb0fc7d-f5aa-4852-9257-170307a0ed0c,function_execution_time,1779127151.984134,0.000069836
experiment_name,fdb0fc7d-f5aa-4852-9257-170307a0ed0c,function_execution_time,1779127152.084393,0.000077477
experiment_name,fdb0fc7d-f5aa-4852-9257-170307a0ed0c,function_execution_time,1779127152.1857185,0.000067734
experiment_name,fdb0fc7d-f5aa-4852-9257-170307a0ed0c,function_execution_time,1779127152.2871196,0.000138908
experiment_name,fdb0fc7d-f5aa-4852-9257-170307a0ed0c,function_execution_time,1779127152.3873959,0.000075746
experiment_name,fdb0fc7d-f5aa-4852-9257-170307a0ed0c,function_execution_time,1779127152.4888124,0.000088832
experiment_name,fdb0fc7d-f5aa-4852-9257-170307a0ed0c,function_execution_time,1779127152.59012,0.000073039
experiment_name,fdb0fc7d-f5aa-4852-9257-170307a0ed0c,function_execution_time,1779127152.69046,0.000086039
experiment_name,fdb0fc7d-f5aa-4852-9257-170307a0ed0c,function_execution_time,1779127152.7918496,0.000084379
experiment_name,fdb0fc7d-f5aa-4852-9257-170307a0ed0c,function_execution_time,1779127152.8931339,0.00007588
experiment_name,fdb0fc7d-f5aa-4852-9257-170307a0ed0c,function_execution_time,1779127152.9945657,0.000100858
experiment_name,fdb0fc7d-f5aa-4852-9257-170307a0ed0c,function_execution_time,1779127153.0958087,0.000074932
experiment_name,fdb0fc7d-f5aa-4852-9257-170307a0ed0c,function_execution_time,1779127153.1971588,0.000085141
experiment_name,fdb0fc7d-f5aa-4852-9257-170307a0ed0c,function_execution_time,1779127153.2985911,0.000177857
experiment_name,fdb0fc7d-f5aa-4852-9257-170307a0ed0c,function_execution_time,1779127153.399838,0.000075113
experiment_name,fdb0fc7d-f5aa-4852-9257-170307a0ed0c,function_execution_time,1779127153.501181,0.000083863
experiment_name,fdb0fc7d-f5aa-4852-9257-170307a0ed0c,function_execution_time,1779127153.6024504,0.000070664
experiment_name,fdb0fc7d-f5aa-4852-9257-170307a0ed0c,function_execution_time,1779127153.703802,0.00007406
experiment_name,fdb0fc7d-f5aa-4852-9257-170307a0ed0c,function_execution_time,1779127153.8050635,0.000077309
experiment_name,fdb0fc7d-f5aa-4852-9257-170307a0ed0c,function_execution_time,1779127153.905399,0.000072898
experiment_name,fdb0fc7d-f5aa-4852-9257-170307a0ed0c,function_execution_time,1779127154.0066578,0.000068452
experiment_name,fdb0fc7d-f5aa-4852-9257-170307a0ed0c,function_execution_time,1779127154.107988,0.000069282
experiment_name,fdb0fc7d-f5aa-4852-9257-170307a0ed0c,function_execution_time,1779127154.2092638,0.000078353
experiment_name,fdb0fc7d-f5aa-4852-9257-170307a0ed0c,function_execution_time,1779127154.3106596,0.000147509
experiment_name,fdb0fc7d-f5aa-4852-9257-170307a0ed0c,function_execution_time,1779127154.4119053,0.000068481
experiment_name,fdb0fc7d-f5aa-4852-9257-170307a0ed0c,function_execution_time,1779127154.5132072,0.000079231
experiment_name,fdb0fc7d-f5aa-4852-9257-170307a0ed0c,function_execution_time,1779127154.6145465,0.000069279
experiment_name,eef624cd-2f1d-46ff-9e3d-cd6471b67e92,function_transfer_time,1779127149.6535897,0.000037686
experiment_name,eef624cd-2f1d-46ff-9e3d-cd6471b67e92,function_transfer_time,1779127149.7549806,0.000134885
experiment_name,eef624cd-2f1d-46ff-9e3d-cd6471b67e92,function_transfer_time,1779127149.856268,0.000101188
experiment_name,eef624cd-2f1d-46ff-9e3d-cd6471b67e92,function_transfer_time,1779127149.9575934,0.000108367
experiment_name,eef624cd-2f1d-46ff-9e3d-cd6471b67e92,function_transfer_time,1779127150.0589511,0.000116492
experiment_name,eef624cd-2f1d-46ff-9e3d-cd6471b67e92,function_transfer_time,1779127150.1602607,0.000124686
experiment_name,eef624cd-2f1d-46ff-9e3d-cd6471b67e92,function_transfer_time,1779127150.261606,0.000035597
experiment_name,eef624cd-2f1d-46ff-9e3d-cd6471b67e92,function_transfer_time,1779127150.3630261,0.000118484
experiment_name,eef624cd-2f1d-46ff-9e3d-cd6471b67e92,function_transfer_time,1779127150.4643416,0.000128797
experiment_name,eef624cd-2f1d-46ff-9e3d-cd6471b67e92,function_transfer_time,1779127150.5656667,0.000108812
experiment_name,eef624cd-2f1d-46ff-9e3d-cd6471b67e92,function_transfer_time,1779127150.6670039,0.000138996
experiment_name,eef624cd-2f1d-46ff-9e3d-cd6471b67e92,function_transfer_time,1779127150.768233,0.000100657
experiment_name,eef624cd-2f1d-46ff-9e3d-cd6471b67e92,function_transfer_time,1779127150.8695588,0.00012931
experiment_name,eef624cd-2f1d-46ff-9e3d-cd6471b67e92,function_transfer_time,1779127150.9710557,0.000126729
experiment_name,eef624cd-2f1d-46ff-9e3d-cd6471b67e92,function_transfer_time,1779127151.0723975,0.000118543
experiment_name,eef624cd-2f1d-46ff-9e3d-cd6471b67e92,function_transfer_time,1779127151.1737025,0.000106725
experiment_name,eef624cd-2f1d-46ff-9e3d-cd6471b67e92,function_transfer_time,1779127151.2749894,0.000034088
experiment_name,eef624cd-2f1d-46ff-9e3d-cd6471b67e92,function_transfer_time,1779127151.3764727,0.000137364
experiment_name,eef624cd-2f1d-46ff-9e3d-cd6471b67e92,function_transfer_time,1779127151.4777267,0.000118683
experiment_name,eef624cd-2f1d-46ff-9e3d-cd6471b67e92,function_transfer_time,1779127151.5791016,0.00011839
experiment_name,eef624cd-2f1d-46ff-9e3d-cd6471b67e92,function_transfer_time,1779127151.68038,0.000138551
experiment_name,eef624cd-2f1d-46ff-9e3d-cd6471b67e92,function_transfer_time,1779127151.781703,0.000110748
experiment_name,eef624cd-2f1d-46ff-9e3d-cd6471b67e92,function_transfer_time,1779127151.8829691,0.000133655
experiment_name,eef624cd-2f1d-46ff-9e3d-cd6471b67e92,function_transfer_time,1779127151.9842343,0.000128074
experiment_name,eef624cd-2f1d-46ff-9e3d-cd6471b67e92,function_transfer_time,1779127152.084494,0.000131604
experiment_name,eef624cd-2f1d-46ff-9e3d-cd6471b67e92,function_transfer_time,1779127152.1857996,0.000108331
experiment_name,eef624cd-2f1d-46ff-9e3d-cd6471b67e92,function_transfer_time,1779127152.2871225,0.000033899
experiment_name,eef624cd-2f1d-46ff-9e3d-cd6471b67e92,function_transfer_time,1779127152.3873925,0.000022772
experiment_name,eef624cd-2f1d-46ff-9e3d-cd6471b67e92,function_transfer_time,1779127152.488809,0.000031049
experiment_name,eef624cd-2f1d-46ff-9e3d-cd6471b67e92,function_transfer_time,1779127152.5902216,0.00010604
experiment_name,eef624cd-2f1d-46ff-9e3d-cd6471b67e92,function_transfer_time,1779127152.6905568,0.000127692
experiment_name,eef624cd-2f1d-46ff-9e3d-cd6471b67e92,function_transfer_time,1779127152.7918806,0.000125078
experiment_name,eef624cd-2f1d-46ff-9e3d-cd6471b67e92,function_transfer_time,1779127152.893233,0.000112601
experiment_name,eef624cd-2f1d-46ff-9e3d-cd6471b67e92,function_transfer_time,1779127152.9945693,0.000102493
experiment_name,eef624cd-2f1d-46ff-9e3d-cd6471b67e92,function_transfer_time,1779127153.0959167,0.000134275
experiment_name,eef624cd-2f1d-46ff-9e3d-cd6471b67e92,function_transfer_time,1779127153.197259,0.000105625
experiment_name,eef624cd-2f1d-46ff-9e3d-cd6471b67e92,function_transfer_time,1779127153.2985942,0.000037998
experiment_name,eef624cd-2f1d-46ff-9e3d-cd6471b67e92,function_transfer_time,1779127153.3999448,0.000126778
experiment_name,eef624cd-2f1d-46ff-9e3d-cd6471b67e92,function_transfer_time,1779127153.5012815,0.000116792
experiment_name,eef624cd-2f1d-46ff-9e3d-cd6471b67e92,function_transfer_time,1779127153.6025555,0.000138129
experiment_name,eef624cd-2f1d-46ff-9e3d-cd6471b67e92,function_transfer_time,1779127153.7039168,0.000138175
experiment_name,eef624cd-2f1d-46ff-9e3d-cd6471b67e92,function_transfer_time,1779127153.805143,0.000111534
experiment_name,eef624cd-2f1d-46ff-9e3d-cd6471b67e92,function_transfer_time,1779127153.9054995,0.000125912
experiment_name,eef624cd-2f1d-46ff-9e3d-cd6471b67e92,function_transfer_time,1779127154.0067635,0.000136078
experiment_name,eef624cd-2f1d-46ff-9e3d-cd6471b67e92,function_transfer_time,1779127154.1080606,0.000049758
experiment_name,eef624cd-2f1d-46ff-9e3d-cd6471b67e92,function_transfer_time,1779127154.209364,0.000118218
experiment_name,eef624cd-2f1d-46ff-9e3d-cd6471b67e92,function_transfer_time,1779127154.3106558,0.0000342
experiment_name,eef624cd-2f1d-46ff-9e3d-cd6471b67e92,function_transfer_time,1779127154.4120076,0.000127766
experiment_name,eef624cd-2f1d-46ff-9e3d-cd6471b67e92,function_transfer_time,1779127154.5132902,0.000108264
experiment_name,eef624cd-2f1d-46ff-9e3d-cd6471b67e92,function_transfer_time,1779127154.614628,0.000055358
experiment_name,fdb0fc7d-f5aa-4852-9257-170307a0ed0c,function_transfer_time,1779127149.653435,0.000078234
experiment_name,fdb0fc7d-f5aa-4852-9257-170307a0ed0c,function_transfer_time,1779127149.7547808,0.000096865
experiment_name,fdb0fc7d-f5aa-4852-9257-170307a0ed0c,function_transfer_time,1779127149.8560998,0.000035615
experiment_name,fdb0fc7d-f5aa-4852-9257-170307a0ed0c,function_transfer_time,1779127149.957416,0.000083331
experiment_name,fdb0fc7d-f5aa-4852-9257-170307a0ed0c,function_transfer_time,1779127150.0587554,0.000075871
experiment_name,fdb0fc7d-f5aa-4852-9257-170307a0ed0c,function_transfer_time,1779127150.1600804,0.000088496
experiment_name,fdb0fc7d-f5aa-4852-9257-170307a0ed0c,function_transfer_time,1779127150.2614214,0.000082158
experiment_name,fdb0fc7d-f5aa-4852-9257-170307a0ed0c,function_transfer_time,1779127150.3628438,0.000078642
experiment_name,fdb0fc7d-f5aa-4852-9257-170307a0ed0c,function_transfer_time,1779127150.4641585,0.000077148
experiment_name,fdb0fc7d-f5aa-4852-9257-170307a0ed0c,function_transfer_time,1779127150.5655046,0.000081409
experiment_name,fdb0fc7d-f5aa-4852-9257-170307a0ed0c,function_transfer_time,1779127150.6668103,0.000077212
experiment_name,fdb0fc7d-f5aa-4852-9257-170307a0ed0c,function_transfer_time,1779127150.7680833,0.000022984
experiment_name,fdb0fc7d-f5aa-4852-9257-170307a0ed0c,function_transfer_time,1779127150.8693807,0.0000854
experiment_name,fdb0fc7d-f5aa-4852-9257-170307a0ed0c,function_transfer_time,1779127150.9708726,0.0000856
experiment_name,fdb0fc7d-f5aa-4852-9257-170307a0ed0c,function_transfer_time,1779127151.0722191,0.000084781
experiment_name,fdb0fc7d-f5aa-4852-9257-170307a0ed0c,function_transfer_time,1779127151.1735435,0.000086477
experiment_name,fdb0fc7d-f5aa-4852-9257-170307a0ed0c,function_transfer_time,1779127151.2748318,0.000022051
experiment_name,fdb0fc7d-f5aa-4852-9257-170307a0ed0c,function_transfer_time,1779127151.3762786,0.00008502
experiment_name,fdb0fc7d-f5aa-4852-9257-170307a0ed0c,function_transfer_time,1779127151.4775493,0.000020326
experiment_name,fdb0fc7d-f5aa-4852-9257-170307a0ed0c,function_transfer_time,1779127151.5789304,0.000079818
experiment_name,fdb0fc7d-f5aa-4852-9257-170307a0ed0c,function_transfer_time,1779127151.6801856,0.000020605
experiment_name,fdb0fc7d-f5aa-4852-9257-170307a0ed0c,function_transfer_time,1779127151.7815318,0.000077743
experiment_name,fdb0fc7d-f5aa-4852-9257-170307a0ed0c,function_transfer_time,1779127151.8827815,0.00002234
experiment_name,fdb0fc7d-f5aa-4852-9257-170307a0ed0c,function_transfer_time,1779127151.9840512,0.00002006
experiment_name,fdb0fc7d-f5aa-4852-9257-170307a0ed0c,function_transfer_time,1779127152.0843084,0.000022489
experiment_name,fdb0fc7d-f5aa-4852-9257-170307a0ed0c,function_transfer_time,1779127152.1856382,0.000082052
experiment_name,fdb0fc7d-f5aa-4852-9257-170307a0ed0c,function_transfer_time,1779127152.286975,0.000083068
experiment_name,fdb0fc7d-f5aa-4852-9257-170307a0ed0c,function_transfer_time,1779127152.38726,0.000017274
experiment_name,fdb0fc7d-f5aa-4852-9257-170307a0ed0c,function_transfer_time,1779127152.4886568,0.000080284
experiment_name,fdb0fc7d-f5aa-4852-9257-170307a0ed0c,function_transfer_time,1779127152.5900435,0.000081861
experiment_name,fdb0fc7d-f5aa-4852-9257-170307a0ed0c,function_transfer_time,1779127152.6903746,0.000082864
experiment_name,fdb0fc7d-f5aa-4852-9257-170307a0ed0c,function_transfer_time,1779127152.7917032,0.000085065
experiment_name,fdb0fc7d-f5aa-4852-9257-170307a0ed0c,function_transfer_time,1779127152.8930523,0.00010431
experiment_name,fdb0fc7d-f5aa-4852-9257-170307a0ed0c,function_transfer_time,1779127152.9943995,0.000087569
experiment_name,fdb0fc7d-f5aa-4852-9257-170307a0ed0c,function_transfer_time,1779127153.095725,0.000080347
experiment_name,fdb0fc7d-f5aa-4852-9257-170307a0ed0c,function_transfer_time,1779127153.1970704,0.000078806
experiment_name,fdb0fc7d-f5aa-4852-9257-170307a0ed0c,function_transfer_time,1779127153.29841,0.00009026
experiment_name,fdb0fc7d-f5aa-4852-9257-170307a0ed0c,function_transfer_time,1779127153.3997617,0.000025013
experiment_name,fdb0fc7d-f5aa-4852-9257-170307a0ed0c,function_transfer_time,1779127153.5010996,0.000081169
experiment_name,fdb0fc7d-f5aa-4852-9257-170307a0ed0c,function_transfer_time,1779127153.6023624,0.000021338
experiment_name,fdb0fc7d-f5aa-4852-9257-170307a0ed0c,function_transfer_time,1779127153.703722,0.000085813
experiment_name,fdb0fc7d-f5aa-4852-9257-170307a0ed0c,function_transfer_time,1779127153.8049803,0.000023788
experiment_name,fdb0fc7d-f5aa-4852-9257-170307a0ed0c,function_transfer_time,1779127153.9053168,0.000079411
experiment_name,fdb0fc7d-f5aa-4852-9257-170307a0ed0c,function_transfer_time,1779127154.0065725,0.000023108
experiment_name,fdb0fc7d-f5aa-4852-9257-170307a0ed0c,function_transfer_time,1779127154.1079073,0.000083365
experiment_name,fdb0fc7d-f5aa-4852-9257-170307a0ed0c,function_transfer_time,1779127154.2091837,0.000020112
experiment_name,fdb0fc7d-f5aa-4852-9257-170307a0ed0c,function_transfer_time,1779127154.310501,0.000083745
experiment_name,fdb0fc7d-f5aa-4852-9257-170307a0ed0c,function_transfer_time,1779127154.4118237,0.000021882
experiment_name,fdb0fc7d-f5aa-4852-9257-170307a0ed0c,function_transfer_time,1779127154.513129,0.000075351
experiment_name,fdb0fc7d-f5aa-4852-9257-170307a0ed0c,function_transfer_time,1779127154.614461,0.000092015
experiment_name,eef624cd-2f1d-46ff-9e3d-cd6471b67e92,function_execution_time,1779127154.7155564,0.000053999
experiment_name,eef624cd-2f1d-46ff-9e3d-cd6471b67e92,function_execution_time,1779127154.8168638,0.000055367
experiment_name,eef624cd-2f1d-46ff-9e3d-cd6471b67e92,function_execution_time,1779127154.9182105,0.000055628
experiment_name,eef624cd-2f1d-46ff-9e3d-cd6471b67e92,function_execution_time,1779127155.0195155,0.000055642
experiment_name,eef624cd-2f1d-46ff-9e3d-cd6471b67e92,function_execution_time,1779127155.1207795,0.000065303
experiment_name,eef624cd-2f1d-46ff-9e3d-cd6471b67e92,function_execution_time,1779127155.2220898,0.000062487
experiment_name,eef624cd-2f1d-46ff-9e3d-cd6471b67e92,function_execution_time,1779127155.323378,0.000061305
experiment_name,eef624cd-2f1d-46ff-9e3d-cd6471b67e92,function_execution_time,1779127155.424703,0.000057706
experiment_name,eef624cd-2f1d-46ff-9e3d-cd6471b67e92,function_execution_time,1779127155.5259764,0.00006977
experiment_name,eef624cd-2f1d-46ff-9e3d-cd6471b67e92,function_execution_time,1779127155.6272955,0.000055256
experiment_name,eef624cd-2f1d-46ff-9e3d-cd6471b67e92,function_execution_time,1779127155.7285604,0.000052245
experiment_name,eef624cd-2f1d-46ff-9e3d-cd6471b67e92,function_execution_time,1779127155.829874,0.000056338
experiment_name,eef624cd-2f1d-46ff-9e3d-cd6471b67e92,function_execution_time,1779127155.9312947,0.000140909
experiment_name,eef624cd-2f1d-46ff-9e3d-cd6471b67e92,function_execution_time,1779127156.0317004,0.000063842
experiment_name,eef624cd-2f1d-46ff-9e3d-cd6471b67e92,function_execution_time,1779127156.1330497,0.000055852
experiment_name,eef624cd-2f1d-46ff-9e3d-cd6471b67e92,function_execution_time,1779127156.2343695,0.00003825
experiment_name,eef624cd-2f1d-46ff-9e3d-cd6471b67e92,function_execution_time,1779127156.3356733,0.000059634
experiment_name,eef624cd-2f1d-46ff-9e3d-cd6471b67e92,function_execution_time,1779127156.4370005,0.000040154
experiment_name,eef624cd-2f1d-46ff-9e3d-cd6471b67e92,function_execution_time,1779127156.538309,0.00003694
experiment_name,eef624cd-2f1d-46ff-9e3d-cd6471b67e92,function_execution_time,1779127156.6396918,0.000033713
experiment_name,eef624cd-2f1d-46ff-9e3d-cd6471b67e92,function_execution_time,1779127156.741007,0.000034218
experiment_name,eef624cd-2f1d-46ff-9e3d-cd6471b67e92,function_execution_time,1779127156.8423617,0.000040163
experiment_name,eef624cd-2f1d-46ff-9e3d-cd6471b67e92,function_execution_time,1779127156.9437003,0.000075257
experiment_name,eef624cd-2f1d-46ff-9e3d-cd6471b67e92,function_execution_time,1779127157.0450494,0.000032529
experiment_name,eef624cd-2f1d-46ff-9e3d-cd6471b67e92,function_execution_time,1779127157.1464117,0.000037884
experiment_name,eef624cd-2f1d-46ff-9e3d-cd6471b67e92,function_execution_time,1779127157.2477906,0.000033546
experiment_name,eef624cd-2f1d-46ff-9e3d-cd6471b67e92,function_execution_time,1779127157.3491871,0.000058591
experiment_name,eef624cd-2f1d-46ff-9e3d-cd6471b67e92,function_execution_time,1779127157.4496744,0.000056922
experiment_name,eef624cd-2f1d-46ff-9e3d-cd6471b67e92,function_execution_time,1779127157.5509946,0.000060054
experiment_name,eef624cd-2f1d-46ff-9e3d-cd6471b67e92,function_execution_time,1779127157.6525202,0.000056976
experiment_name,eef624cd-2f1d-46ff-9e3d-cd6471b67e92,function_execution_time,1779127157.753767,0.000065917
experiment_name,eef624cd-2f1d-46ff-9e3d-cd6471b67e92,function_execution_time,1779127157.8549993,0.000064487
experiment_name,eef624cd-2f1d-46ff-9e3d-cd6471b67e92,function_execution_time,1779127157.9563947,0.000059348
experiment_name,eef624cd-2f1d-46ff-9e3d-cd6471b67e92,function_execution_time,1779127158.0577486,0.000057415
experiment_name,eef624cd-2f1d-46ff-9e3d-cd6471b67e92,function_execution_time,1779127158.1590552,0.000056162
experiment_name,eef624cd-2f1d-46ff-9e3d-cd6471b67e92,function_execution_time,1779127158.2604246,0.000070794
experiment_name,eef624cd-2f1d-46ff-9e3d-cd6471b67e92,function_execution_time,1779127158.361656,0.000055017
experiment_name,eef624cd-2f1d-46ff-9e3d-cd6471b67e92,function_execution_time,1779127158.4630399,0.000055959
experiment_name,eef624cd-2f1d-46ff-9e3d-cd6471b67e92,function_execution_time,1779127158.5643926,0.000053418
experiment_name,eef624cd-2f1d-46ff-9e3d-cd6471b67e92,function_execution_time,1779127158.6657073,0.000061436
experiment_name,eef624cd-2f1d-46ff-9e3d-cd6471b67e92,function_execution_time,1779127158.7670367,0.000054451
experiment_name,eef624cd-2f1d-46ff-9e3d-cd6471b67e92,function_execution_time,1779127158.8683538,0.000055316
experiment_name,eef624cd-2f1d-46ff-9e3d-cd6471b67e92,function_execution_time,1779127158.9697015,0.000055943
experiment_name,eef624cd-2f1d-46ff-9e3d-cd6471b67e92,function_execution_time,1779127159.0710614,0.000059046
experiment_name,eef624cd-2f1d-46ff-9e3d-cd6471b67e92,function_execution_time,1779127159.1723733,0.000063448
experiment_name,eef624cd-2f1d-46ff-9e3d-cd6471b67e92,function_execution_time,1779127159.2737365,0.000057429
experiment_name,eef624cd-2f1d-46ff-9e3d-cd6471b67e92,function_execution_time,1779127159.3750353,0.000056237
experiment_name,eef624cd-2f1d-46ff-9e3d-cd6471b67e92,function_execution_time,1779127159.4763901,0.000059338
experiment_name,eef624cd-2f1d-46ff-9e3d-cd6471b67e92,function_execution_time,1779127159.5777292,0.000066806
experiment_name,fdb0fc7d-f5aa-4852-9257-170307a0ed0c,function_execution_time,1779127154.7153924,0.000075184
experiment_name,fdb0fc7d-f5aa-4852-9257-170307a0ed0c,function_execution_time,1779127154.8167074,0.000072837
experiment_name,fdb0fc7d-f5aa-4852-9257-170307a0ed0c,function_execution_time,1779127154.9180546,0.000082287
experiment_name,fdb0fc7d-f5aa-4852-9257-170307a0ed0c,function_execution_time,1779127155.0193589,0.000074242
experiment_name,fdb0fc7d-f5aa-4852-9257-170307a0ed0c,function_execution_time,1779127155.1206362,0.00007512
experiment_name,fdb0fc7d-f5aa-4852-9257-170307a0ed0c,function_execution_time,1779127155.2220838,0.000105876
experiment_name,fdb0fc7d-f5aa-4852-9257-170307a0ed0c,function_execution_time,1779127155.3233154,0.00015224
experiment_name,fdb0fc7d-f5aa-4852-9257-170307a0ed0c,function_execution_time,1779127155.424632,0.000075175
experiment_name,fdb0fc7d-f5aa-4852-9257-170307a0ed0c,function_execution_time,1779127155.5258822,0.000072034
experiment_name,fdb0fc7d-f5aa-4852-9257-170307a0ed0c,function_execution_time,1779127155.6272922,0.000090215
experiment_name,fdb0fc7d-f5aa-4852-9257-170307a0ed0c,function_execution_time,1779127155.7285585,0.000093081
experiment_name,fdb0fc7d-f5aa-4852-9257-170307a0ed0c,function_execution_time,1779127155.8298004,0.00007283
experiment_name,fdb0fc7d-f5aa-4852-9257-170307a0ed0c,function_execution_time,1779127155.9312515,0.000178382
experiment_name,fdb0fc7d-f5aa-4852-9257-170307a0ed0c,function_execution_time,1779127156.0316129,0.000072464
experiment_name,fdb0fc7d-f5aa-4852-9257-170307a0ed0c,function_execution_time,1779127156.132975,0.000073182
experiment_name,fdb0fc7d-f5aa-4852-9257-170307a0ed0c,function_execution_time,1779127156.2342856,0.000073787
experiment_name,fdb0fc7d-f5aa-4852-9257-170307a0ed0c,function_execution_time,1779127156.3356385,0.000155927
experiment_name,fdb0fc7d-f5aa-4852-9257-170307a0ed0c,function_execution_time,1779127156.4369338,0.000074868
experiment_name,fdb0fc7d-f5aa-4852-9257-170307a0ed0c,function_execution_time,1779127156.5382578,0.000070362
experiment_name,fdb0fc7d-f5aa-4852-9257-170307a0ed0c,function_execution_time,1779127156.6396096,0.000087155
experiment_name,fdb0fc7d-f5aa-4852-9257-170307a0ed0c,function_execution_time,1779127156.7409341,0.000075479
experiment_name,fdb0fc7d-f5aa-4852-9257-170307a0ed0c,function_execution_time,1779127156.8422928,0.00007857
experiment_name,fdb0fc7d-f5aa-4852-9257-170307a0ed0c,function_execution_time,1779127156.9436982,0.000111142
experiment_name,fdb0fc7d-f5aa-4852-9257-170307a0ed0c,function_execution_time,1779127157.045043,0.000086518
experiment_name,fdb0fc7d-f5aa-4852-9257-170307a0ed0c,function_execution_time,1779127157.1463559,0.000080786
experiment_name,fdb0fc7d-f5aa-4852-9257-170307a0ed0c,function_execution_time,1779127157.2477126,0.000077911
experiment_name,fdb0fc7d-f5aa-4852-9257-170307a0ed0c,function_execution_time,1779127157.3491516,0.000159065
experiment_name,fdb0fc7d-f5aa-4852-9257-170307a0ed0c,function_execution_time,1779127157.4495814,0.000097866
experiment_name,fdb0fc7d-f5aa-4852-9257-170307a0ed0c,function_execution_time,1779127157.5508735,0.000088818
experiment_name,fdb0fc7d-f5aa-4852-9257-170307a0ed0c,function_execution_time,1779127157.6523411,0.000089966
experiment_name,fdb0fc7d-f5aa-4852-9257-170307a0ed0c,function_execution_time,1779127157.753616,0.000079601
experiment_name,fdb0fc7d-f5aa-4852-9257-170307a0ed0c,function_execution_time,1779127157.8549387,0.000099301
experiment_name,fdb0fc7d-f5aa-4852-9257-170307a0ed0c,function_execution_time,1779127157.9563088,0.000083508
experiment_name,fdb0fc7d-f5aa-4852-9257-170307a0ed0c,function_execution_time,1779127158.0575793,0.000075357
experiment_name,fdb0fc7d-f5aa-4852-9257-170307a0ed0c,function_execution_time,1779127158.1589694,0.000088266
experiment_name,fdb0fc7d-f5aa-4852-9257-170307a0ed0c,function_execution_time,1779127158.2602415,0.000073882
experiment_name,fdb0fc7d-f5aa-4852-9257-170307a0ed0c,function_execution_time,1779127158.3616006,0.000137529
experiment_name,fdb0fc7d-f5aa-4852-9257-170307a0ed0c,function_execution_time,1779127158.4629042,0.000083555
experiment_name,fdb0fc7d-f5aa-4852-9257-170307a0ed0c,function_execution_time,1779127158.5642366,0.000069723
experiment_name,fdb0fc7d-f5aa-4852-9257-170307a0ed0c,function_execution_time,1779127158.665544,0.00007219
experiment_name,fdb0fc7d-f5aa-4852-9257-170307a0ed0c,function_execution_time,1779127158.766879,0.000072529
experiment_name,fdb0fc7d-f5aa-4852-9257-170307a0ed0c,function_execution_time,1779127158.8682094,0.000084379
experiment_name,fdb0fc7d-f5aa-4852-9257-170307a0ed0c,function_execution_time,1779127158.9695446,0.00007126
experiment_name,fdb0fc7d-f5aa-4852-9257-170307a0ed0c,function_execution_time,1779127159.0708911,0.000074376
experiment_name,fdb0fc7d-f5aa-4852-9257-170307a0ed0c,function_execution_time,1779127159.1722825,0.000087271
experiment_name,fdb0fc7d-f5aa-4852-9257-170307a0ed0c,function_execution_time,1779127159.2735724,0.00007836
experiment_name,fdb0fc7d-f5aa-4852-9257-170307a0ed0c,function_execution_time,1779127159.3749754,0.000167047
experiment_name,fdb0fc7d-f5aa-4852-9257-170307a0ed0c,function_execution_time,1779127159.4762306,0.000073116
experiment_name,fdb0fc7d-f5aa-4852-9257-170307a0ed0c,function_execution_time,1779127159.5776217,0.000097765
experiment_name,fdb0fc7d-f5aa-4852-9257-170307a0ed0c,function_transfer_time,1779127154.7153115,0.000083581
experiment_name,fdb0fc7d-f5aa-4852-9257-170307a0ed0c,function_transfer_time,1779127154.8166244,0.000078231
experiment_name,fdb0fc7d-f5aa-4852-9257-170307a0ed0c,function_transfer_time,1779127154.9179723,0.000077897
experiment_name,fdb0fc7d-f5aa-4852-9257-170307a0ed0c,function_transfer_time,1779127155.019278,0.000078135
experiment_name,fdb0fc7d-f5aa-4852-9257-170307a0ed0c,function_transfer_time,1779127155.1205564,0.000026264
experiment_name,fdb0fc7d-f5aa-4852-9257-170307a0ed0c,function_transfer_time,1779127155.2218878,0.000089898
experiment_name,fdb0fc7d-f5aa-4852-9257-170307a0ed0c,function_transfer_time,1779127155.3231647,0.000021208
experiment_name,fdb0fc7d-f5aa-4852-9257-170307a0ed0c,function_transfer_time,1779127155.4245498,0.000078339
experiment_name,fdb0fc7d-f5aa-4852-9257-170307a0ed0c,function_transfer_time,1779127155.5258036,0.000022906
experiment_name,fdb0fc7d-f5aa-4852-9257-170307a0ed0c,function_transfer_time,1779127155.6271422,0.000077385
experiment_name,fdb0fc7d-f5aa-4852-9257-170307a0ed0c,function_transfer_time,1779127155.7283998,0.000022696
experiment_name,fdb0fc7d-f5aa-4852-9257-170307a0ed0c,function_transfer_time,1779127155.8297215,0.000075944
experiment_name,fdb0fc7d-f5aa-4852-9257-170307a0ed0c,function_transfer_time,1779127155.9310696,0.000085265
experiment_name,fdb0fc7d-f5aa-4852-9257-170307a0ed0c,function_transfer_time,1779127156.0315347,0.000076465
experiment_name,fdb0fc7d-f5aa-4852-9257-170307a0ed0c,function_transfer_time,1779127156.1328819,0.000084628
experiment_name,fdb0fc7d-f5aa-4852-9257-170307a0ed0c,function_transfer_time,1779127156.234206,0.000082968
experiment_name,fdb0fc7d-f5aa-4852-9257-170307a0ed0c,function_transfer_time,1779127156.3354785,0.000020895
experiment_name,fdb0fc7d-f5aa-4852-9257-170307a0ed0c,function_transfer_time,1779127156.4368558,0.000099776
experiment_name,fdb0fc7d-f5aa-4852-9257-170307a0ed0c,function_transfer_time,1779127156.5381765,0.000084239
experiment_name,fdb0fc7d-f5aa-4852-9257-170307a0ed0c,function_transfer_time,1779127156.639526,0.000089072
experiment_name,fdb0fc7d-f5aa-4852-9257-170307a0ed0c,function_transfer_time,1779127156.7408519,0.000081629
experiment_name,fdb0fc7d-f5aa-4852-9257-170307a0ed0c,function_transfer_time,1779127156.8422098,0.000088682
experiment_name,fdb0fc7d-f5aa-4852-9257-170307a0ed0c,function_transfer_time,1779127156.9435494,0.000085859
experiment_name,fdb0fc7d-f5aa-4852-9257-170307a0ed0c,function_transfer_time,1779127157.044891,0.000022054
experiment_name,fdb0fc7d-f5aa-4852-9257-170307a0ed0c,function_transfer_time,1779127157.146264,0.000087619
experiment_name,fdb0fc7d-f5aa-4852-9257-170307a0ed0c,function_transfer_time,1779127157.247621,0.00008714
experiment_name,fdb0fc7d-f5aa-4852-9257-170307a0ed0c,function_transfer_time,1779127157.348989,0.000092097
experiment_name,fdb0fc7d-f5aa-4852-9257-170307a0ed0c,function_transfer_time,1779127157.449419,0.000079735
experiment_name,fdb0fc7d-f5aa-4852-9257-170307a0ed0c,function_transfer_time,1779127157.5507777,0.000092874
experiment_name,fdb0fc7d-f5aa-4852-9257-170307a0ed0c,function_transfer_time,1779127157.6522484,0.000088807
experiment_name,fdb0fc7d-f5aa-4852-9257-170307a0ed0c,function_transfer_time,1779127157.75353,0.000022908
experiment_name,fdb0fc7d-f5aa-4852-9257-170307a0ed0c,function_transfer_time,1779127157.8548295,0.000025561
experiment_name,fdb0fc7d-f5aa-4852-9257-170307a0ed0c,function_transfer_time,1779127157.9561656,0.000089897
experiment_name,fdb0fc7d-f5aa-4852-9257-170307a0ed0c,function_transfer_time,1779127158.0574958,0.000085702
experiment_name,fdb0fc7d-f5aa-4852-9257-170307a0ed0c,function_transfer_time,1779127158.1588256,0.000093808
experiment_name,fdb0fc7d-f5aa-4852-9257-170307a0ed0c,function_transfer_time,1779127158.260164,0.000088099
experiment_name,fdb0fc7d-f5aa-4852-9257-170307a0ed0c,function_transfer_time,1779127158.3614564,0.000089711
experiment_name,fdb0fc7d-f5aa-4852-9257-170307a0ed0c,function_transfer_time,1779127158.4628246,0.000081031
experiment_name,fdb0fc7d-f5aa-4852-9257-170307a0ed0c,function_transfer_time,1779127158.564159,0.000076758
experiment_name,fdb0fc7d-f5aa-4852-9257-170307a0ed0c,function_transfer_time,1779127158.6654632,0.000078152
experiment_name,fdb0fc7d-f5aa-4852-9257-170307a0ed0c,function_transfer_time,1779127158.7668006,0.000084969
experiment_name,fdb0fc7d-f5aa-4852-9257-170307a0ed0c,function_transfer_time,1779127158.8681264,0.000086269
experiment_name,fdb0fc7d-f5aa-4852-9257-170307a0ed0c,function_transfer_time,1779127158.9694614,0.00008616
experiment_name,fdb0fc7d-f5aa-4852-9257-170307a0ed0c,function_transfer_time,1779127159.0708086,0.000083227
experiment_name,fdb0fc7d-f5aa-4852-9257-170307a0ed0c,function_transfer_time,1779127159.1721275,0.000082571
experiment_name,fdb0fc7d-f5aa-4852-9257-170307a0ed0c,function_transfer_time,1779127159.2734866,0.000089665
experiment_name,fdb0fc7d-f5aa-4852-9257-170307a0ed0c,function_transfer_time,1779127159.3748028,0.000086476
experiment_name,fdb0fc7d-f5aa-4852-9257-170307a0ed0c,function_transfer_time,1779127159.476146,0.000022839
experiment_name,fdb0fc7d-f5aa-4852-9257-170307a0ed0c,function_transfer_time,1779127159.5774643,0.000095088
experiment_name,eef624cd-2f1d-46ff-9e3d-cd6471b67e92,function_transfer_time,1779127154.7155025,0.000134813
experiment_name,eef624cd-2f1d-46ff-9e3d-cd6471b67e92,function_transfer_time,1779127154.816808,0.000127444
experiment_name,eef624cd-2f1d-46ff-9e3d-cd6471b67e92,function_transfer_time,1779127154.9181542,0.000119056
experiment_name,eef624cd-2f1d-46ff-9e3d-cd6471b67e92,function_transfer_time,1779127155.0194623,0.000125673
experiment_name,eef624cd-2f1d-46ff-9e3d-cd6471b67e92,function_transfer_time,1779127155.1207108,0.000102058
experiment_name,eef624cd-2f1d-46ff-9e3d-cd6471b67e92,function_transfer_time,1779127155.2220874,0.000052625
experiment_name,eef624cd-2f1d-46ff-9e3d-cd6471b67e92,function_transfer_time,1779127155.3233125,0.00002476
experiment_name,eef624cd-2f1d-46ff-9e3d-cd6471b67e92,function_transfer_time,1779127155.4247,0.000046371
experiment_name,eef624cd-2f1d-46ff-9e3d-cd6471b67e92,function_transfer_time,1779127155.5259535,0.000048476
experiment_name,eef624cd-2f1d-46ff-9e3d-cd6471b67e92,function_transfer_time,1779127155.6272945,0.000036323
experiment_name,eef624cd-2f1d-46ff-9e3d-cd6471b67e92,function_transfer_time,1779127155.7285545,0.000031253
experiment_name,eef624cd-2f1d-46ff-9e3d-cd6471b67e92,function_transfer_time,1779127155.8298712,0.0000496
experiment_name,eef624cd-2f1d-46ff-9e3d-cd6471b67e92,function_transfer_time,1779127155.9311461,0.000025741
experiment_name,eef624cd-2f1d-46ff-9e3d-cd6471b67e92,function_transfer_time,1779127156.031686,0.000048158
experiment_name,eef624cd-2f1d-46ff-9e3d-cd6471b67e92,function_transfer_time,1779127156.1329916,0.000055672
experiment_name,eef624cd-2f1d-46ff-9e3d-cd6471b67e92,function_transfer_time,1779127156.234366,0.00004131
experiment_name,eef624cd-2f1d-46ff-9e3d-cd6471b67e92,function_transfer_time,1779127156.3356192,0.000020698
experiment_name,eef624cd-2f1d-46ff-9e3d-cd6471b67e92,function_transfer_time,1779127156.4369373,0.000038677
experiment_name,eef624cd-2f1d-46ff-9e3d-cd6471b67e92,function_transfer_time,1779127156.5382621,0.000042136
experiment_name,eef624cd-2f1d-46ff-9e3d-cd6471b67e92,function_transfer_time,1779127156.6396878,0.000036596
experiment_name,eef624cd-2f1d-46ff-9e3d-cd6471b67e92,function_transfer_time,1779127156.7410033,0.000043539
experiment_name,eef624cd-2f1d-46ff-9e3d-cd6471b67e92,function_transfer_time,1779127156.8422973,0.000041408
experiment_name,eef624cd-2f1d-46ff-9e3d-cd6471b67e92,function_transfer_time,1779127156.9436934,0.000024629
experiment_name,eef624cd-2f1d-46ff-9e3d-cd6471b67e92,function_transfer_time,1779127157.0450468,0.000036565
experiment_name,eef624cd-2f1d-46ff-9e3d-cd6471b67e92,function_transfer_time,1779127157.1463594,0.000048446
experiment_name,eef624cd-2f1d-46ff-9e3d-cd6471b67e92,function_transfer_time,1779127157.247786,0.000052291
experiment_name,eef624cd-2f1d-46ff-9e3d-cd6471b67e92,function_transfer_time,1779127157.3491297,0.000024356
experiment_name,eef624cd-2f1d-46ff-9e3d-cd6471b67e92,function_transfer_time,1779127157.4496071,0.000118533
experiment_name,eef624cd-2f1d-46ff-9e3d-cd6471b67e92,function_transfer_time,1779127157.5509236,0.000089074
experiment_name,eef624cd-2f1d-46ff-9e3d-cd6471b67e92,function_transfer_time,1779127157.6524637,0.000152543
experiment_name,eef624cd-2f1d-46ff-9e3d-cd6471b67e92,function_transfer_time,1779127157.753697,0.000108584
experiment_name,eef624cd-2f1d-46ff-9e3d-cd6471b67e92,function_transfer_time,1779127157.8549347,0.000037312
experiment_name,eef624cd-2f1d-46ff-9e3d-cd6471b67e92,function_transfer_time,1779127157.9563308,0.000111317
experiment_name,eef624cd-2f1d-46ff-9e3d-cd6471b67e92,function_transfer_time,1779127158.0576906,0.000137258
experiment_name,eef624cd-2f1d-46ff-9e3d-cd6471b67e92,function_transfer_time,1779127158.158992,0.000105578
experiment_name,eef624cd-2f1d-46ff-9e3d-cd6471b67e92,function_transfer_time,1779127158.2603533,0.000136041
experiment_name,eef624cd-2f1d-46ff-9e3d-cd6471b67e92,function_transfer_time,1779127158.3616035,0.000033133
experiment_name,eef624cd-2f1d-46ff-9e3d-cd6471b67e92,function_transfer_time,1779127158.46298,0.000104226
experiment_name,eef624cd-2f1d-46ff-9e3d-cd6471b67e92,function_transfer_time,1779127158.5643384,0.000126248
experiment_name,eef624cd-2f1d-46ff-9e3d-cd6471b67e92,function_transfer_time,1779127158.6656454,0.000127514
experiment_name,eef624cd-2f1d-46ff-9e3d-cd6471b67e92,function_transfer_time,1779127158.7669818,0.000126041
experiment_name,eef624cd-2f1d-46ff-9e3d-cd6471b67e92,function_transfer_time,1779127158.8682976,0.000107363
experiment_name,eef624cd-2f1d-46ff-9e3d-cd6471b67e92,function_transfer_time,1779127158.9696448,0.000127029
experiment_name,eef624cd-2f1d-46ff-9e3d-cd6471b67e92,function_transfer_time,1779127159.071002,0.000135664
experiment_name,eef624cd-2f1d-46ff-9e3d-cd6471b67e92,function_transfer_time,1779127159.172305,0.000124062
experiment_name,eef624cd-2f1d-46ff-9e3d-cd6471b67e92,function_transfer_time,1779127159.273677,0.000132217
experiment_name,eef624cd-2f1d-46ff-9e3d-cd6471b67e92,function_transfer_time,1779127159.3749783,0.000040218
experiment_name,eef624cd-2f1d-46ff-9e3d-cd6471b67e92,function_transfer_time,1779127159.4763305,0.000125561
experiment_name,eef624cd-2f1d-46ff-9e3d-cd6471b67e92,function_transfer_time,1779127159.5776534,0.000123404
experiment_name,fdb0fc7d-f5aa-4852-9257-170307a0ed0c,function_execution_time,1779127159.6791484,0.000075603
experiment_name,fdb0fc7d-f5aa-4852-9257-170307a0ed0c,function_execution_time,1779127159.780564,0.000091025
experiment_name,fdb0fc7d-f5aa-4852-9257-170307a0ed0c,function_execution_time,1779127159.8819437,0.000100587
experiment_name,fdb0fc7d-f5aa-4852-9257-170307a0ed0c,function_execution_time,1779127159.9831798,0.00008222
experiment_name,fdb0fc7d-f5aa-4852-9257-170307a0ed0c,function_execution_time,1779127160.083454,0.000089546
experiment_name,fdb0fc7d-f5aa-4852-9257-170307a0ed0c,function_execution_time,1779127160.1846323,0.000076432
experiment_name,fdb0fc7d-f5aa-4852-9257-170307a0ed0c,function_execution_time,1779127160.285965,0.000077335
experiment_name,fdb0fc7d-f5aa-4852-9257-170307a0ed0c,function_execution_time,1779127160.3873792,0.000181685
experiment_name,fdb0fc7d-f5aa-4852-9257-170307a0ed0c,function_execution_time,1779127160.488696,0.000071505
experiment_name,fdb0fc7d-f5aa-4852-9257-170307a0ed0c,function_execution_time,1779127160.589997,0.000073227
experiment_name,fdb0fc7d-f5aa-4852-9257-170307a0ed0c,function_execution_time,1779127160.6913414,0.000080426
experiment_name,fdb0fc7d-f5aa-4852-9257-170307a0ed0c,function_execution_time,1779127160.7926617,0.000074541
experiment_name,fdb0fc7d-f5aa-4852-9257-170307a0ed0c,function_execution_time,1779127160.8939946,0.000072859
experiment_name,fdb0fc7d-f5aa-4852-9257-170307a0ed0c,function_execution_time,1779127160.9953363,0.000075321
experiment_name,fdb0fc7d-f5aa-4852-9257-170307a0ed0c,function_execution_time,1779127161.096656,0.000081639
experiment_name,fdb0fc7d-f5aa-4852-9257-170307a0ed0c,function_execution_time,1779127161.1979952,0.000072534
experiment_name,fdb0fc7d-f5aa-4852-9257-170307a0ed0c,function_execution_time,1779127161.299307,0.000071334
experiment_name,fdb0fc7d-f5aa-4852-9257-170307a0ed0c,function_execution_time,1779127161.400704,0.000163257
experiment_name,fdb0fc7d-f5aa-4852-9257-170307a0ed0c,function_execution_time,1779127161.5019991,0.000070729
experiment_name,fdb0fc7d-f5aa-4852-9257-170307a0ed0c,function_execution_time,1779127161.6033623,0.000077356
experiment_name,fdb0fc7d-f5aa-4852-9257-170307a0ed0c,function_execution_time,1779127161.7046425,0.000070045
experiment_name,fdb0fc7d-f5aa-4852-9257-170307a0ed0c,function_execution_time,1779127161.8059623,0.000081316
experiment_name,fdb0fc7d-f5aa-4852-9257-170307a0ed0c,function_execution_time,1779127161.9073062,0.000071332
experiment_name,fdb0fc7d-f5aa-4852-9257-170307a0ed0c,function_execution_time,1779127162.0087,0.000083879
experiment_name,fdb0fc7d-f5aa-4852-9257-170307a0ed0c,function_execution_time,1779127162.1099424,0.000081024
experiment_name,fdb0fc7d-f5aa-4852-9257-170307a0ed0c,function_execution_time,1779127162.2112825,0.000070459
experiment_name,fdb0fc7d-f5aa-4852-9257-170307a0ed0c,function_execution_time,1779127162.3126025,0.000074915
experiment_name,fdb0fc7d-f5aa-4852-9257-170307a0ed0c,function_execution_time,1779127162.4140081,0.000137037
experiment_name,fdb0fc7d-f5aa-4852-9257-170307a0ed0c,function_execution_time,1779127162.5153806,0.000082244
experiment_name,fdb0fc7d-f5aa-4852-9257-170307a0ed0c,function_execution_time,1779127162.6167097,0.000069733
experiment_name,fdb0fc7d-f5aa-4852-9257-170307a0ed0c,function_execution_time,1779127162.7180395,0.000078327
experiment_name,fdb0fc7d-f5aa-4852-9257-170307a0ed0c,function_execution_time,1779127162.8193722,0.000075585
experiment_name,fdb0fc7d-f5aa-4852-9257-170307a0ed0c,function_execution_time,1779127162.9207182,0.000070426
experiment_name,fdb0fc7d-f5aa-4852-9257-170307a0ed0c,function_execution_time,1779127163.022025,0.000076519
experiment_name,fdb0fc7d-f5aa-4852-9257-170307a0ed0c,function_execution_time,1779127163.1233616,0.000078509
experiment_name,fdb0fc7d-f5aa-4852-9257-170307a0ed0c,function_execution_time,1779127163.2246864,0.000070243
experiment_name,fdb0fc7d-f5aa-4852-9257-170307a0ed0c,function_execution_time,1779127163.3260581,0.000076672
experiment_name,fdb0fc7d-f5aa-4852-9257-170307a0ed0c,function_execution_time,1779127163.427395,0.000143341
experiment_name,fdb0fc7d-f5aa-4852-9257-170307a0ed0c,function_execution_time,1779127163.5286858,0.000078493
experiment_name,fdb0fc7d-f5aa-4852-9257-170307a0ed0c,function_execution_time,1779127163.6300173,0.000071761
experiment_name,fdb0fc7d-f5aa-4852-9257-170307a0ed0c,function_execution_time,1779127163.7312632,0.000071374
experiment_name,fdb0fc7d-f5aa-4852-9257-170307a0ed0c,function_execution_time,1779127163.832588,0.000079052
experiment_name,fdb0fc7d-f5aa-4852-9257-170307a0ed0c,function_execution_time,1779127163.9338791,0.00007183
experiment_name,fdb0fc7d-f5aa-4852-9257-170307a0ed0c,function_execution_time,1779127164.035128,0.000073388
experiment_name,fdb0fc7d-f5aa-4852-9257-170307a0ed0c,function_execution_time,1779127164.1354134,0.000075038
experiment_name,fdb0fc7d-f5aa-4852-9257-170307a0ed0c,function_execution_time,1779127164.2367153,0.000081882
experiment_name,fdb0fc7d-f5aa-4852-9257-170307a0ed0c,function_execution_time,1779127164.3379939,0.000071995
experiment_name,fdb0fc7d-f5aa-4852-9257-170307a0ed0c,function_execution_time,1779127164.4393806,0.000143611
experiment_name,fdb0fc7d-f5aa-4852-9257-170307a0ed0c,function_execution_time,1779127164.5406857,0.000079622
experiment_name,eef624cd-2f1d-46ff-9e3d-cd6471b67e92,function_execution_time,1779127159.6792421,0.000053574
experiment_name,eef624cd-2f1d-46ff-9e3d-cd6471b67e92,function_execution_time,1779127159.7806568,0.000058115
experiment_name,eef624cd-2f1d-46ff-9e3d-cd6471b67e92,function_execution_time,1779127159.8820038,0.000071649
experiment_name,eef624cd-2f1d-46ff-9e3d-cd6471b67e92,function_execution_time,1779127159.98329,0.0000655
experiment_name,eef624cd-2f1d-46ff-9e3d-cd6471b67e92,function_execution_time,1779127160.0835564,0.000079913
experiment_name,eef624cd-2f1d-46ff-9e3d-cd6471b67e92,function_execution_time,1779127160.1847975,0.000057097
experiment_name,eef624cd-2f1d-46ff-9e3d-cd6471b67e92,function_execution_time,1779127160.2861218,0.000056519
experiment_name,eef624cd-2f1d-46ff-9e3d-cd6471b67e92,function_execution_time,1779127160.3874543,0.00007511
experiment_name,eef624cd-2f1d-46ff-9e3d-cd6471b67e92,function_execution_time,1779127160.4888399,0.000062053
experiment_name,eef624cd-2f1d-46ff-9e3d-cd6471b67e92,function_execution_time,1779127160.5900855,0.000061263
experiment_name,eef624cd-2f1d-46ff-9e3d-cd6471b67e92,function_execution_time,1779127160.6915047,0.000054529
experiment_name,eef624cd-2f1d-46ff-9e3d-cd6471b67e92,function_execution_time,1779127160.7928252,0.000056638
experiment_name,eef624cd-2f1d-46ff-9e3d-cd6471b67e92,function_execution_time,1779127160.8941586,0.000063954
experiment_name,eef624cd-2f1d-46ff-9e3d-cd6471b67e92,function_execution_time,1779127160.995506,0.000055929
experiment_name,eef624cd-2f1d-46ff-9e3d-cd6471b67e92,function_execution_time,1779127161.0967908,0.000055116
experiment_name,eef624cd-2f1d-46ff-9e3d-cd6471b67e92,function_execution_time,1779127161.1981575,0.000054725
experiment_name,eef624cd-2f1d-46ff-9e3d-cd6471b67e92,function_execution_time,1779127161.299463,0.000069137
experiment_name,eef624cd-2f1d-46ff-9e3d-cd6471b67e92,function_execution_time,1779127161.40076,0.000075482
experiment_name,eef624cd-2f1d-46ff-9e3d-cd6471b67e92,function_execution_time,1779127161.502074,0.000054176
experiment_name,eef624cd-2f1d-46ff-9e3d-cd6471b67e92,function_execution_time,1779127161.6034718,0.000071725
experiment_name,eef624cd-2f1d-46ff-9e3d-cd6471b67e92,function_execution_time,1779127161.7047987,0.000055763
experiment_name,eef624cd-2f1d-46ff-9e3d-cd6471b67e92,function_execution_time,1779127161.8060923,0.000066383
experiment_name,eef624cd-2f1d-46ff-9e3d-cd6471b67e92,function_execution_time,1779127161.9074543,0.000070757
experiment_name,eef624cd-2f1d-46ff-9e3d-cd6471b67e92,function_execution_time,1779127162.0087016,0.000060181
experiment_name,eef624cd-2f1d-46ff-9e3d-cd6471b67e92,function_execution_time,1779127162.1100821,0.000054251
experiment_name,eef624cd-2f1d-46ff-9e3d-cd6471b67e92,function_execution_time,1779127162.211419,0.000054911
experiment_name,eef624cd-2f1d-46ff-9e3d-cd6471b67e92,function_execution_time,1779127162.3127625,0.000062037
experiment_name,eef624cd-2f1d-46ff-9e3d-cd6471b67e92,function_execution_time,1779127162.4140573,0.000053271
experiment_name,eef624cd-2f1d-46ff-9e3d-cd6471b67e92,function_execution_time,1779127162.5155408,0.000054587
experiment_name,eef624cd-2f1d-46ff-9e3d-cd6471b67e92,function_execution_time,1779127162.6168466,0.000055796
experiment_name,eef624cd-2f1d-46ff-9e3d-cd6471b67e92,function_execution_time,1779127162.7182078,0.000061002
experiment_name,eef624cd-2f1d-46ff-9e3d-cd6471b67e92,function_execution_time,1779127162.8195255,0.000052912
experiment_name,eef624cd-2f1d-46ff-9e3d-cd6471b67e92,function_execution_time,1779127162.9208755,0.000055252
experiment_name,eef624cd-2f1d-46ff-9e3d-cd6471b67e92,function_execution_time,1779127163.0221913,0.000054654
experiment_name,eef624cd-2f1d-46ff-9e3d-cd6471b67e92,function_execution_time,1779127163.123531,0.000057877
experiment_name,eef624cd-2f1d-46ff-9e3d-cd6471b67e92,function_execution_time,1779127163.224849,0.000060947
experiment_name,eef624cd-2f1d-46ff-9e3d-cd6471b67e92,function_execution_time,1779127163.3261364,0.000053472
experiment_name,eef624cd-2f1d-46ff-9e3d-cd6471b67e92,function_execution_time,1779127163.4274564,0.000063698
experiment_name,eef624cd-2f1d-46ff-9e3d-cd6471b67e92,function_execution_time,1779127163.5288317,0.000065597
experiment_name,eef624cd-2f1d-46ff-9e3d-cd6471b67e92,function_execution_time,1779127163.6301732,0.000060588
experiment_name,eef624cd-2f1d-46ff-9e3d-cd6471b67e92,function_execution_time,1779127163.731442,0.000053895
experiment_name,eef624cd-2f1d-46ff-9e3d-cd6471b67e92,function_execution_time,1779127163.8327277,0.000053667
experiment_name,eef624cd-2f1d-46ff-9e3d-cd6471b67e92,function_execution_time,1779127163.9340374,0.000056569
experiment_name,eef624cd-2f1d-46ff-9e3d-cd6471b67e92,function_execution_time,1779127164.0352752,0.000062053
experiment_name,eef624cd-2f1d-46ff-9e3d-cd6471b67e92,function_execution_time,1779127164.1355703,0.000055375
experiment_name,eef624cd-2f1d-46ff-9e3d-cd6471b67e92,function_execution_time,1779127164.2368,0.000061262
experiment_name,eef624cd-2f1d-46ff-9e3d-cd6471b67e92,function_execution_time,1779127164.3381376,0.00006285
experiment_name,eef624cd-2f1d-46ff-9e3d-cd6471b67e92,function_execution_time,1779127164.4394424,0.000053509
experiment_name,eef624cd-2f1d-46ff-9e3d-cd6471b67e92,function_execution_time,1779127164.540768,0.000037445
experiment_name,fdb0fc7d-f5aa-4852-9257-170307a0ed0c,function_transfer_time,1779127159.679059,0.00002321
experiment_name,fdb0fc7d-f5aa-4852-9257-170307a0ed0c,function_transfer_time,1779127159.7804022,0.00002315
experiment_name,fdb0fc7d-f5aa-4852-9257-170307a0ed0c,function_transfer_time,1779127159.8817422,0.000096703
experiment_name,fdb0fc7d-f5aa-4852-9257-170307a0ed0c,function_transfer_time,1779127159.983041,0.000026203
experiment_name,fdb0fc7d-f5aa-4852-9257-170307a0ed0c,function_transfer_time,1779127160.0832868,0.000027574
experiment_name,fdb0fc7d-f5aa-4852-9257-170307a0ed0c,function_transfer_time,1779127160.1845524,0.00002026
experiment_name,fdb0fc7d-f5aa-4852-9257-170307a0ed0c,function_transfer_time,1779127160.2858882,0.000077806
experiment_name,fdb0fc7d-f5aa-4852-9257-170307a0ed0c,function_transfer_time,1779127160.387196,0.000078951
experiment_name,fdb0fc7d-f5aa-4852-9257-170307a0ed0c,function_transfer_time,1779127160.4886131,0.000075489
experiment_name,fdb0fc7d-f5aa-4852-9257-170307a0ed0c,function_transfer_time,1779127160.5899193,0.000080127
experiment_name,fdb0fc7d-f5aa-4852-9257-170307a0ed0c,function_transfer_time,1779127160.6912558,0.000085382
experiment_name,fdb0fc7d-f5aa-4852-9257-170307a0ed0c,function_transfer_time,1779127160.7925832,0.000084741
experiment_name,fdb0fc7d-f5aa-4852-9257-170307a0ed0c,function_transfer_time,1779127160.8939095,0.000085708
experiment_name,fdb0fc7d-f5aa-4852-9257-170307a0ed0c,function_transfer_time,1779127160.9952562,0.000083485
experiment_name,fdb0fc7d-f5aa-4852-9257-170307a0ed0c,function_transfer_time,1779127161.096571,0.000084073
experiment_name,fdb0fc7d-f5aa-4852-9257-170307a0ed0c,function_transfer_time,1779127161.1979158,0.000081071
experiment_name,fdb0fc7d-f5aa-4852-9257-170307a0ed0c,function_transfer_time,1779127161.2992218,0.000074623
experiment_name,fdb0fc7d-f5aa-4852-9257-170307a0ed0c,function_transfer_time,1779127161.4005387,0.000077133
experiment_name,fdb0fc7d-f5aa-4852-9257-170307a0ed0c,function_transfer_time,1779127161.5019152,0.000077698
experiment_name,fdb0fc7d-f5aa-4852-9257-170307a0ed0c,function_transfer_time,1779127161.6032312,0.000081843
experiment_name,fdb0fc7d-f5aa-4852-9257-170307a0ed0c,function_transfer_time,1779127161.7045586,0.00008136
experiment_name,fdb0fc7d-f5aa-4852-9257-170307a0ed0c,function_transfer_time,1779127161.805878,0.000081634
experiment_name,fdb0fc7d-f5aa-4852-9257-170307a0ed0c,function_transfer_time,1779127161.9072177,0.000079161
experiment_name,fdb0fc7d-f5aa-4852-9257-170307a0ed0c,function_transfer_time,1779127162.0085568,0.000088594
experiment_name,fdb0fc7d-f5aa-4852-9257-170307a0ed0c,function_transfer_time,1779127162.1098628,0.000084688
experiment_name,fdb0fc7d-f5aa-4852-9257-170307a0ed0c,function_transfer_time,1779127162.2111988,0.000081928
experiment_name,fdb0fc7d-f5aa-4852-9257-170307a0ed0c,function_transfer_time,1779127162.3125257,0.000088497
experiment_name,fdb0fc7d-f5aa-4852-9257-170307a0ed0c,function_transfer_time,1779127162.4138613,0.000083325
experiment_name,fdb0fc7d-f5aa-4852-9257-170307a0ed0c,function_transfer_time,1779127162.5152924,0.000079366
experiment_name,fdb0fc7d-f5aa-4852-9257-170307a0ed0c,function_transfer_time,1779127162.6166267,0.000078973
experiment_name,fdb0fc7d-f5aa-4852-9257-170307a0ed0c,function_transfer_time,1779127162.7179618,0.000077239
experiment_name,fdb0fc7d-f5aa-4852-9257-170307a0ed0c,function_transfer_time,1779127162.8192778,0.000081662
experiment_name,fdb0fc7d-f5aa-4852-9257-170307a0ed0c,function_transfer_time,1779127162.9206367,0.000081577
experiment_name,fdb0fc7d-f5aa-4852-9257-170307a0ed0c,function_transfer_time,1779127163.0219414,0.000075931
experiment_name,fdb0fc7d-f5aa-4852-9257-170307a0ed0c,function_transfer_time,1779127163.1232765,0.000082036
experiment_name,fdb0fc7d-f5aa-4852-9257-170307a0ed0c,function_transfer_time,1779127163.224603,0.000076369
experiment_name,fdb0fc7d-f5aa-4852-9257-170307a0ed0c,function_transfer_time,1779127163.3259284,0.000081584
experiment_name,fdb0fc7d-f5aa-4852-9257-170307a0ed0c,function_transfer_time,1779127163.4272442,0.000073998
experiment_name,fdb0fc7d-f5aa-4852-9257-170307a0ed0c,function_transfer_time,1779127163.5286014,0.000073753
experiment_name,fdb0fc7d-f5aa-4852-9257-170307a0ed0c,function_transfer_time,1779127163.6299384,0.000076805
experiment_name,fdb0fc7d-f5aa-4852-9257-170307a0ed0c,function_transfer_time,1779127163.7311895,0.000022752
experiment_name,fdb0fc7d-f5aa-4852-9257-170307a0ed0c,function_transfer_time,1779127163.8325098,0.000078279
experiment_name,fdb0fc7d-f5aa-4852-9257-170307a0ed0c,function_transfer_time,1779127163.9337926,0.00002294
experiment_name,fdb0fc7d-f5aa-4852-9257-170307a0ed0c,function_transfer_time,1779127164.035049,0.000019545
experiment_name,fdb0fc7d-f5aa-4852-9257-170307a0ed0c,function_transfer_time,1779127164.1353312,0.000023726
experiment_name,fdb0fc7d-f5aa-4852-9257-170307a0ed0c,function_transfer_time,1779127164.2366364,0.00008046
experiment_name,fdb0fc7d-f5aa-4852-9257-170307a0ed0c,function_transfer_time,1779127164.337915,0.000023017
experiment_name,fdb0fc7d-f5aa-4852-9257-170307a0ed0c,function_transfer_time,1779127164.4392269,0.000077177
experiment_name,fdb0fc7d-f5aa-4852-9257-170307a0ed0c,function_transfer_time,1779127164.5406036,0.000084614
experiment_name,eef624cd-2f1d-46ff-9e3d-cd6471b67e92,function_transfer_time,1779127159.6792374,0.000056203
experiment_name,eef624cd-2f1d-46ff-9e3d-cd6471b67e92,function_transfer_time,1779127159.7805896,0.000120882
experiment_name,eef624cd-2f1d-46ff-9e3d-cd6471b67e92,function_transfer_time,1779127159.8819485,0.000122554
experiment_name,eef624cd-2f1d-46ff-9e3d-cd6471b67e92,function_transfer_time,1779127159.983214,0.00012045
experiment_name,eef624cd-2f1d-46ff-9e3d-cd6471b67e92,function_transfer_time,1779127160.0834732,0.000125846
experiment_name,eef624cd-2f1d-46ff-9e3d-cd6471b67e92,function_transfer_time,1779127160.1847396,0.000130543
experiment_name,eef624cd-2f1d-46ff-9e3d-cd6471b67e92,function_transfer_time,1779127160.2860644,0.00011974
experiment_name,eef624cd-2f1d-46ff-9e3d-cd6471b67e92,function_transfer_time,1779127160.3873765,0.000026553
experiment_name,eef624cd-2f1d-46ff-9e3d-cd6471b67e92,function_transfer_time,1779127160.4887779,0.000110483
experiment_name,eef624cd-2f1d-46ff-9e3d-cd6471b67e92,function_transfer_time,1779127160.5900698,0.00004944
experiment_name,eef624cd-2f1d-46ff-9e3d-cd6471b67e92,function_transfer_time,1779127160.6914499,0.000129513
experiment_name,eef624cd-2f1d-46ff-9e3d-cd6471b67e92,function_transfer_time,1779127160.792768,0.000129148
experiment_name,eef624cd-2f1d-46ff-9e3d-cd6471b67e92,function_transfer_time,1779127160.894094,0.000128133
experiment_name,eef624cd-2f1d-46ff-9e3d-cd6471b67e92,function_transfer_time,1779127160.99545,0.000127612
experiment_name,eef624cd-2f1d-46ff-9e3d-cd6471b67e92,function_transfer_time,1779127161.096737,0.000100985
experiment_name,eef624cd-2f1d-46ff-9e3d-cd6471b67e92,function_transfer_time,1779127161.1981027,0.000131923
experiment_name,eef624cd-2f1d-46ff-9e3d-cd6471b67e92,function_transfer_time,1779127161.299393,0.000116016
experiment_name,eef624cd-2f1d-46ff-9e3d-cd6471b67e92,function_transfer_time,1779127161.4006808,0.000025058
experiment_name,eef624cd-2f1d-46ff-9e3d-cd6471b67e92,function_transfer_time,1779127161.5020196,0.000050079
experiment_name,eef624cd-2f1d-46ff-9e3d-cd6471b67e92,function_transfer_time,1779127161.6033924,0.00011001
experiment_name,eef624cd-2f1d-46ff-9e3d-cd6471b67e92,function_transfer_time,1779127161.7047424,0.000129842
experiment_name,eef624cd-2f1d-46ff-9e3d-cd6471b67e92,function_transfer_time,1779127161.8060546,0.00008946
experiment_name,eef624cd-2f1d-46ff-9e3d-cd6471b67e92,function_transfer_time,1779127161.9073958,0.000114706
experiment_name,eef624cd-2f1d-46ff-9e3d-cd6471b67e92,function_transfer_time,1779127162.0086963,0.00002914
experiment_name,eef624cd-2f1d-46ff-9e3d-cd6471b67e92,function_transfer_time,1779127162.1100273,0.000111265
experiment_name,eef624cd-2f1d-46ff-9e3d-cd6471b67e92,function_transfer_time,1779127162.211363,0.000109669
experiment_name,eef624cd-2f1d-46ff-9e3d-cd6471b67e92,function_transfer_time,1779127162.3127015,0.000120181
experiment_name,eef624cd-2f1d-46ff-9e3d-cd6471b67e92,function_transfer_time,1779127162.4140048,0.000030311
experiment_name,eef624cd-2f1d-46ff-9e3d-cd6471b67e92,function_transfer_time,1779127162.515486,0.00013104
experiment_name,eef624cd-2f1d-46ff-9e3d-cd6471b67e92,function_transfer_time,1779127162.61679,0.000109577
experiment_name,eef624cd-2f1d-46ff-9e3d-cd6471b67e92,function_transfer_time,1779127162.7181458,0.00012662
experiment_name,eef624cd-2f1d-46ff-9e3d-cd6471b67e92,function_transfer_time,1779127162.819471,0.000135056
experiment_name,eef624cd-2f1d-46ff-9e3d-cd6471b67e92,function_transfer_time,1779127162.92082,0.000128759
experiment_name,eef624cd-2f1d-46ff-9e3d-cd6471b67e92,function_transfer_time,1779127163.0221364,0.000138049
experiment_name,eef624cd-2f1d-46ff-9e3d-cd6471b67e92,function_transfer_time,1779127163.1234727,0.000142108
experiment_name,eef624cd-2f1d-46ff-9e3d-cd6471b67e92,function_transfer_time,1779127163.2247877,0.000131312
experiment_name,eef624cd-2f1d-46ff-9e3d-cd6471b67e92,function_transfer_time,1779127163.3260782,0.000100311
experiment_name,eef624cd-2f1d-46ff-9e3d-cd6471b67e92,function_transfer_time,1779127163.427392,0.000030538
experiment_name,eef624cd-2f1d-46ff-9e3d-cd6471b67e92,function_transfer_time,1779127163.528788,0.000103796
experiment_name,eef624cd-2f1d-46ff-9e3d-cd6471b67e92,function_transfer_time,1779127163.6301122,0.000120632
experiment_name,eef624cd-2f1d-46ff-9e3d-cd6471b67e92,function_transfer_time,1779127163.7313778,0.000133971
experiment_name,eef624cd-2f1d-46ff-9e3d-cd6471b67e92,function_transfer_time,1779127163.8326733,0.000112738
experiment_name,eef624cd-2f1d-46ff-9e3d-cd6471b67e92,function_transfer_time,1779127163.9339805,0.00013033
experiment_name,eef624cd-2f1d-46ff-9e3d-cd6471b67e92,function_transfer_time,1779127164.0352128,0.000107319
experiment_name,eef624cd-2f1d-46ff-9e3d-cd6471b67e92,function_transfer_time,1779127164.1355143,0.000125908
experiment_name,eef624cd-2f1d-46ff-9e3d-cd6471b67e92,function_transfer_time,1779127164.2367861,0.000040817
experiment_name,eef624cd-2f1d-46ff-9e3d-cd6471b67e92,function_transfer_time,1779127164.3380702,0.000105891
experiment_name,eef624cd-2f1d-46ff-9e3d-cd6471b67e92,function_transfer_time,1779127164.4393775,0.000035207
experiment_name,eef624cd-2f1d-46ff-9e3d-cd6471b67e92,function_transfer_time,1779127164.5407646,0.000047457
experiment_name,fdb0fc7d-f5aa-4852-9257-170307a0ed0c,function_execution_time,1779127164.6423476,0.00010948
experiment_name,fdb0fc7d-f5aa-4852-9257-170307a0ed0c,function_execution_time,1779127164.7436254,0.000073225
experiment_name,fdb0fc7d-f5aa-4852-9257-170307a0ed0c,function_execution_time,1779127164.8449705,0.000082109
experiment_name,fdb0fc7d-f5aa-4852-9257-170307a0ed0c,function_execution_time,1779127164.9463465,0.000080708
experiment_name,fdb0fc7d-f5aa-4852-9257-170307a0ed0c,function_execution_time,1779127165.0475945,0.000072463
experiment_name,fdb0fc7d-f5aa-4852-9257-170307a0ed0c,function_execution_time,1779127165.1489315,0.000083777
experiment_name,fdb0fc7d-f5aa-4852-9257-170307a0ed0c,function_execution_time,1779127165.2502418,0.000091278
experiment_name,fdb0fc7d-f5aa-4852-9257-170307a0ed0c,function_execution_time,1779127165.3516283,0.000089545
experiment_name,fdb0fc7d-f5aa-4852-9257-170307a0ed0c,function_execution_time,1779127165.4530559,0.000163382
experiment_name,fdb0fc7d-f5aa-4852-9257-170307a0ed0c,function_execution_time,1779127165.554243,0.000072161
experiment_name,fdb0fc7d-f5aa-4852-9257-170307a0ed0c,function_execution_time,1779127165.6556118,0.000077188
experiment_name,fdb0fc7d-f5aa-4852-9257-170307a0ed0c,function_execution_time,1779127165.756866,0.000083286
experiment_name,fdb0fc7d-f5aa-4852-9257-170307a0ed0c,function_execution_time,1779127165.8581998,0.000076831
experiment_name,fdb0fc7d-f5aa-4852-9257-170307a0ed0c,function_execution_time,1779127165.959458,0.000084342
experiment_name,fdb0fc7d-f5aa-4852-9257-170307a0ed0c,function_execution_time,1779127166.0607913,0.000072921
experiment_name,fdb0fc7d-f5aa-4852-9257-170307a0ed0c,function_execution_time,1779127166.1621623,0.000082422
experiment_name,fdb0fc7d-f5aa-4852-9257-170307a0ed0c,function_execution_time,1779127166.2623603,0.000068995
experiment_name,fdb0fc7d-f5aa-4852-9257-170307a0ed0c,function_execution_time,1779127166.3637052,0.000070572
experiment_name,fdb0fc7d-f5aa-4852-9257-170307a0ed0c,function_execution_time,1779127166.465101,0.00015465
experiment_name,fdb0fc7d-f5aa-4852-9257-170307a0ed0c,function_execution_time,1779127166.5654042,0.000070187
experiment_name,fdb0fc7d-f5aa-4852-9257-170307a0ed0c,function_execution_time,1779127166.6667123,0.000069228
experiment_name,fdb0fc7d-f5aa-4852-9257-170307a0ed0c,function_execution_time,1779127166.7680368,0.000070595
experiment_name,fdb0fc7d-f5aa-4852-9257-170307a0ed0c,function_execution_time,1779127166.8693588,0.000083246
experiment_name,fdb0fc7d-f5aa-4852-9257-170307a0ed0c,function_execution_time,1779127166.9706795,0.00007452
experiment_name,fdb0fc7d-f5aa-4852-9257-170307a0ed0c,function_execution_time,1779127167.0720298,0.000073545
experiment_name,fdb0fc7d-f5aa-4852-9257-170307a0ed0c,function_execution_time,1779127167.1734416,0.000086899
experiment_name,fdb0fc7d-f5aa-4852-9257-170307a0ed0c,function_execution_time,1779127167.2748747,0.000072448
experiment_name,fdb0fc7d-f5aa-4852-9257-170307a0ed0c,function_execution_time,1779127167.3761752,0.000071381
experiment_name,fdb0fc7d-f5aa-4852-9257-170307a0ed0c,function_execution_time,1779127167.4776123,0.000173
experiment_name,fdb0fc7d-f5aa-4852-9257-170307a0ed0c,function_execution_time,1779127167.5789807,0.000084946
experiment_name,fdb0fc7d-f5aa-4852-9257-170307a0ed0c,function_execution_time,1779127167.680242,0.000071214
experiment_name,fdb0fc7d-f5aa-4852-9257-170307a0ed0c,function_execution_time,1779127167.7815738,0.000073287
experiment_name,fdb0fc7d-f5aa-4852-9257-170307a0ed0c,function_execution_time,1779127167.882885,0.000085635
experiment_name,fdb0fc7d-f5aa-4852-9257-170307a0ed0c,function_execution_time,1779127167.98428,0.000074302
experiment_name,fdb0fc7d-f5aa-4852-9257-170307a0ed0c,function_execution_time,1779127168.0856144,0.000073927
experiment_name,fdb0fc7d-f5aa-4852-9257-170307a0ed0c,function_execution_time,1779127168.1869323,0.000073937
experiment_name,fdb0fc7d-f5aa-4852-9257-170307a0ed0c,function_execution_time,1779127168.288288,0.000075232
experiment_name,fdb0fc7d-f5aa-4852-9257-170307a0ed0c,function_execution_time,1779127168.3896034,0.000070551
experiment_name,fdb0fc7d-f5aa-4852-9257-170307a0ed0c,function_execution_time,1779127168.4910126,0.000144386
experiment_name,fdb0fc7d-f5aa-4852-9257-170307a0ed0c,function_execution_time,1779127168.5922933,0.00007162
experiment_name,fdb0fc7d-f5aa-4852-9257-170307a0ed0c,function_execution_time,1779127168.6936078,0.000068403
experiment_name,fdb0fc7d-f5aa-4852-9257-170307a0ed0c,function_execution_time,1779127168.7949483,0.000077738
experiment_name,fdb0fc7d-f5aa-4852-9257-170307a0ed0c,function_execution_time,1779127168.896262,0.000077334
experiment_name,fdb0fc7d-f5aa-4852-9257-170307a0ed0c,function_execution_time,1779127168.9976087,0.000069422
experiment_name,fdb0fc7d-f5aa-4852-9257-170307a0ed0c,function_execution_time,1779127169.0988874,0.000076646
experiment_name,fdb0fc7d-f5aa-4852-9257-170307a0ed0c,function_execution_time,1779127169.200284,0.000111471
experiment_name,fdb0fc7d-f5aa-4852-9257-170307a0ed0c,function_execution_time,1779127169.301566,0.000076313
experiment_name,fdb0fc7d-f5aa-4852-9257-170307a0ed0c,function_execution_time,1779127169.4028862,0.000085568
experiment_name,fdb0fc7d-f5aa-4852-9257-170307a0ed0c,function_execution_time,1779127169.5043259,0.000163119
experiment_name,fdb0fc7d-f5aa-4852-9257-170307a0ed0c,function_execution_time,1779127169.6056173,0.000073472
experiment_name,eef624cd-2f1d-46ff-9e3d-cd6471b67e92,function_execution_time,1779127164.6424575,0.000130131
experiment_name,eef624cd-2f1d-46ff-9e3d-cd6471b67e92,function_execution_time,1779127164.7436817,0.000042226
experiment_name,eef624cd-2f1d-46ff-9e3d-cd6471b67e92,function_execution_time,1779127164.8450491,0.000055527
experiment_name,eef624cd-2f1d-46ff-9e3d-cd6471b67e92,function_execution_time,1779127164.9463482,0.000063976
experiment_name,eef624cd-2f1d-46ff-9e3d-cd6471b67e92,function_execution_time,1779127165.0476725,0.000054919
experiment_name,eef624cd-2f1d-46ff-9e3d-cd6471b67e92,function_execution_time,1779127165.1490078,0.000052394
experiment_name,eef624cd-2f1d-46ff-9e3d-cd6471b67e92,function_execution_time,1779127165.250313,0.000050097
experiment_name,eef624cd-2f1d-46ff-9e3d-cd6471b67e92,function_execution_time,1779127165.3516922,0.000060469
experiment_name,eef624cd-2f1d-46ff-9e3d-cd6471b67e92,function_execution_time,1779127165.4530573,0.000063587
experiment_name,eef624cd-2f1d-46ff-9e3d-cd6471b67e92,function_execution_time,1779127165.5544493,0.000073912
experiment_name,eef624cd-2f1d-46ff-9e3d-cd6471b67e92,function_execution_time,1779127165.6557004,0.000055813
experiment_name,eef624cd-2f1d-46ff-9e3d-cd6471b67e92,function_execution_time,1779127165.7570257,0.000058038
experiment_name,eef624cd-2f1d-46ff-9e3d-cd6471b67e92,function_execution_time,1779127165.8582823,0.00006293
experiment_name,eef624cd-2f1d-46ff-9e3d-cd6471b67e92,function_execution_time,1779127165.9596436,0.00007193
experiment_name,eef624cd-2f1d-46ff-9e3d-cd6471b67e92,function_execution_time,1779127166.0609663,0.000058619
experiment_name,eef624cd-2f1d-46ff-9e3d-cd6471b67e92,function_execution_time,1779127166.1622505,0.000056156
experiment_name,eef624cd-2f1d-46ff-9e3d-cd6471b67e92,function_execution_time,1779127166.2625318,0.000057971
experiment_name,eef624cd-2f1d-46ff-9e3d-cd6471b67e92,function_execution_time,1779127166.3638644,0.000055506
experiment_name,eef624cd-2f1d-46ff-9e3d-cd6471b67e92,function_execution_time,1779127166.4651616,0.000062754
experiment_name,eef624cd-2f1d-46ff-9e3d-cd6471b67e92,function_execution_time,1779127166.565569,0.000058783
experiment_name,eef624cd-2f1d-46ff-9e3d-cd6471b67e92,function_execution_time,1779127166.6668508,0.000054863
experiment_name,eef624cd-2f1d-46ff-9e3d-cd6471b67e92,function_execution_time,1779127166.7681808,0.000055768
experiment_name,eef624cd-2f1d-46ff-9e3d-cd6471b67e92,function_execution_time,1779127166.86953,0.000064381
experiment_name,eef624cd-2f1d-46ff-9e3d-cd6471b67e92,function_execution_time,1779127166.9708533,0.000057503
experiment_name,eef624cd-2f1d-46ff-9e3d-cd6471b67e92,function_execution_time,1779127167.0721898,0.000057036
experiment_name,eef624cd-2f1d-46ff-9e3d-cd6471b67e92,function_execution_time,1779127167.1735327,0.000057438
experiment_name,eef624cd-2f1d-46ff-9e3d-cd6471b67e92,function_execution_time,1779127167.2750428,0.000063363
experiment_name,eef624cd-2f1d-46ff-9e3d-cd6471b67e92,function_execution_time,1779127167.376327,0.000054913
experiment_name,eef624cd-2f1d-46ff-9e3d-cd6471b67e92,function_execution_time,1779127167.4776726,0.000055544
experiment_name,eef624cd-2f1d-46ff-9e3d-cd6471b67e92,function_execution_time,1779127167.5790856,0.0000558
experiment_name,eef624cd-2f1d-46ff-9e3d-cd6471b67e92,function_execution_time,1779127167.6804001,0.000056275
experiment_name,eef624cd-2f1d-46ff-9e3d-cd6471b67e92,function_execution_time,1779127167.7817454,0.000064265
experiment_name,eef624cd-2f1d-46ff-9e3d-cd6471b67e92,function_execution_time,1779127167.8830464,0.000057527
experiment_name,eef624cd-2f1d-46ff-9e3d-cd6471b67e92,function_execution_time,1779127167.9844732,0.000075235
experiment_name,eef624cd-2f1d-46ff-9e3d-cd6471b67e92,function_execution_time,1779127168.085769,0.000056862
experiment_name,eef624cd-2f1d-46ff-9e3d-cd6471b67e92,function_execution_time,1779127168.1870954,0.000056869
experiment_name,eef624cd-2f1d-46ff-9e3d-cd6471b67e92,function_execution_time,1779127168.2883754,0.000058782
experiment_name,eef624cd-2f1d-46ff-9e3d-cd6471b67e92,function_execution_time,1779127168.3897638,0.000056031
experiment_name,eef624cd-2f1d-46ff-9e3d-cd6471b67e92,function_execution_time,1779127168.4910643,0.000054172
experiment_name,eef624cd-2f1d-46ff-9e3d-cd6471b67e92,function_execution_time,1779127168.5924757,0.000076133
experiment_name,eef624cd-2f1d-46ff-9e3d-cd6471b67e92,function_execution_time,1779127168.693751,0.000055039
experiment_name,eef624cd-2f1d-46ff-9e3d-cd6471b67e92,function_execution_time,1779127168.7951047,0.000054624
experiment_name,eef624cd-2f1d-46ff-9e3d-cd6471b67e92,function_execution_time,1779127168.8964186,0.00005972
experiment_name,eef624cd-2f1d-46ff-9e3d-cd6471b67e92,function_execution_time,1779127168.9977777,0.000062305
experiment_name,eef624cd-2f1d-46ff-9e3d-cd6471b67e92,function_execution_time,1779127169.0989926,0.000067289
experiment_name,eef624cd-2f1d-46ff-9e3d-cd6471b67e92,function_execution_time,1779127169.2003558,0.000071091
experiment_name,eef624cd-2f1d-46ff-9e3d-cd6471b67e92,function_execution_time,1779127169.3016477,0.00006052
experiment_name,eef624cd-2f1d-46ff-9e3d-cd6471b67e92,function_execution_time,1779127169.4029741,0.000064874
experiment_name,eef624cd-2f1d-46ff-9e3d-cd6471b67e92,function_execution_time,1779127169.5043879,0.000064642
experiment_name,eef624cd-2f1d-46ff-9e3d-cd6471b67e92,function_execution_time,1779127169.6057591,0.000055566
experiment_name,eef624cd-2f1d-46ff-9e3d-cd6471b67e92,function_transfer_time,1779127164.6423242,0.00002962
experiment_name,eef624cd-2f1d-46ff-9e3d-cd6471b67e92,function_transfer_time,1779127164.7436397,0.000043952
experiment_name,eef624cd-2f1d-46ff-9e3d-cd6471b67e92,function_transfer_time,1779127164.8450463,0.000040388
experiment_name,eef624cd-2f1d-46ff-9e3d-cd6471b67e92,function_transfer_time,1779127164.9463432,0.000026737
experiment_name,eef624cd-2f1d-46ff-9e3d-cd6471b67e92,function_transfer_time,1779127165.0476685,0.00004839
experiment_name,eef624cd-2f1d-46ff-9e3d-cd6471b67e92,function_transfer_time,1779127165.149004,0.000045698
experiment_name,eef624cd-2f1d-46ff-9e3d-cd6471b67e92,function_transfer_time,1779127165.2502635,0.000062211
experiment_name,eef624cd-2f1d-46ff-9e3d-cd6471b67e92,function_transfer_time,1779127165.3516307,0.000041861
experiment_name,eef624cd-2f1d-46ff-9e3d-cd6471b67e92,function_transfer_time,1779127165.4530506,0.000030514
experiment_name,eef624cd-2f1d-46ff-9e3d-cd6471b67e92,function_transfer_time,1779127165.5543592,0.000144528
experiment_name,eef624cd-2f1d-46ff-9e3d-cd6471b67e92,function_transfer_time,1779127165.655638,0.000107921
experiment_name,eef624cd-2f1d-46ff-9e3d-cd6471b67e92,function_transfer_time,1779127165.756967,0.00012707
experiment_name,eef624cd-2f1d-46ff-9e3d-cd6471b67e92,function_transfer_time,1779127165.8582795,0.000047137
experiment_name,eef624cd-2f1d-46ff-9e3d-cd6471b67e92,function_transfer_time,1779127165.9595711,0.000151522
experiment_name,eef624cd-2f1d-46ff-9e3d-cd6471b67e92,function_transfer_time,1779127166.0609052,0.000139673
experiment_name,eef624cd-2f1d-46ff-9e3d-cd6471b67e92,function_transfer_time,1779127166.16219,0.000112019
experiment_name,eef624cd-2f1d-46ff-9e3d-cd6471b67e92,function_transfer_time,1779127166.262473,0.000139039
experiment_name,eef624cd-2f1d-46ff-9e3d-cd6471b67e92,function_transfer_time,1779127166.3638084,0.000129461
experiment_name,eef624cd-2f1d-46ff-9e3d-cd6471b67e92,function_transfer_time,1779127166.4650984,0.000035882
experiment_name,eef624cd-2f1d-46ff-9e3d-cd6471b67e92,function_transfer_time,1779127166.5655093,0.000131204
experiment_name,eef624cd-2f1d-46ff-9e3d-cd6471b67e92,function_transfer_time,1779127166.6667948,0.000111554
experiment_name,eef624cd-2f1d-46ff-9e3d-cd6471b67e92,function_transfer_time,1779127166.768124,0.000113215
experiment_name,eef624cd-2f1d-46ff-9e3d-cd6471b67e92,function_transfer_time,1779127166.869465,0.000125401
experiment_name,eef624cd-2f1d-46ff-9e3d-cd6471b67e92,function_transfer_time,1779127166.9707952,0.000138533
experiment_name,eef624cd-2f1d-46ff-9e3d-cd6471b67e92,function_transfer_time,1779127167.072132,0.000127588
experiment_name,eef624cd-2f1d-46ff-9e3d-cd6471b67e92,function_transfer_time,1779127167.1734653,0.000137711
experiment_name,eef624cd-2f1d-46ff-9e3d-cd6471b67e92,function_transfer_time,1779127167.2749786,0.000129896
experiment_name,eef624cd-2f1d-46ff-9e3d-cd6471b67e92,function_transfer_time,1779127167.3762712,0.00011928
experiment_name,eef624cd-2f1d-46ff-9e3d-cd6471b67e92,function_transfer_time,1779127167.4776149,0.000050152
experiment_name,eef624cd-2f1d-46ff-9e3d-cd6471b67e92,function_transfer_time,1779127167.579023,0.00012151
experiment_name,eef624cd-2f1d-46ff-9e3d-cd6471b67e92,function_transfer_time,1779127167.680343,0.000127355
experiment_name,eef624cd-2f1d-46ff-9e3d-cd6471b67e92,function_transfer_time,1779127167.7816799,0.000128995
experiment_name,eef624cd-2f1d-46ff-9e3d-cd6471b67e92,function_transfer_time,1779127167.8829877,0.000127131
experiment_name,eef624cd-2f1d-46ff-9e3d-cd6471b67e92,function_transfer_time,1779127167.9843955,0.000140178
experiment_name,eef624cd-2f1d-46ff-9e3d-cd6471b67e92,function_transfer_time,1779127168.0857117,0.00011833
experiment_name,eef624cd-2f1d-46ff-9e3d-cd6471b67e92,function_transfer_time,1779127168.1870372,0.000129928
experiment_name,eef624cd-2f1d-46ff-9e3d-cd6471b67e92,function_transfer_time,1779127168.2883153,0.000055607
experiment_name,eef624cd-2f1d-46ff-9e3d-cd6471b67e92,function_transfer_time,1779127168.3897069,0.00012973
experiment_name,eef624cd-2f1d-46ff-9e3d-cd6471b67e92,function_transfer_time,1779127168.4910092,0.000032354
experiment_name,eef624cd-2f1d-46ff-9e3d-cd6471b67e92,function_transfer_time,1779127168.5923975,0.000129124
experiment_name,eef624cd-2f1d-46ff-9e3d-cd6471b67e92,function_transfer_time,1779127168.6936948,0.000110635
experiment_name,eef624cd-2f1d-46ff-9e3d-cd6471b67e92,function_transfer_time,1779127168.795049,0.000130324
experiment_name,eef624cd-2f1d-46ff-9e3d-cd6471b67e92,function_transfer_time,1779127168.8963578,0.000116354
experiment_name,eef624cd-2f1d-46ff-9e3d-cd6471b67e92,function_transfer_time,1779127168.997713,0.000131949
experiment_name,eef624cd-2f1d-46ff-9e3d-cd6471b67e92,function_transfer_time,1779127169.0989225,0.000068323
experiment_name,eef624cd-2f1d-46ff-9e3d-cd6471b67e92,function_transfer_time,1779127169.2002807,0.000040055
experiment_name,eef624cd-2f1d-46ff-9e3d-cd6471b67e92,function_transfer_time,1779127169.3016448,0.00005443
experiment_name,eef624cd-2f1d-46ff-9e3d-cd6471b67e92,function_transfer_time,1779127169.402971,0.000045531
experiment_name,eef624cd-2f1d-46ff-9e3d-cd6471b67e92,function_transfer_time,1779127169.5043225,0.000036591
experiment_name,eef624cd-2f1d-46ff-9e3d-cd6471b67e92,function_transfer_time,1779127169.6057026,0.000110516
experiment_name,fdb0fc7d-f5aa-4852-9257-170307a0ed0c,function_transfer_time,1779127164.6422331,0.000080487
experiment_name,fdb0fc7d-f5aa-4852-9257-170307a0ed0c,function_transfer_time,1779127164.7435436,0.00008593
experiment_name,fdb0fc7d-f5aa-4852-9257-170307a0ed0c,function_transfer_time,1779127164.8448892,0.000083774
experiment_name,fdb0fc7d-f5aa-4852-9257-170307a0ed0c,function_transfer_time,1779127164.946205,0.000083717
experiment_name,fdb0fc7d-f5aa-4852-9257-170307a0ed0c,function_transfer_time,1779127165.0475142,0.000081641
experiment_name,fdb0fc7d-f5aa-4852-9257-170307a0ed0c,function_transfer_time,1779127165.148849,0.000079606
experiment_name,fdb0fc7d-f5aa-4852-9257-170307a0ed0c,function_transfer_time,1779127165.2501407,0.000036543
experiment_name,fdb0fc7d-f5aa-4852-9257-170307a0ed0c,function_transfer_time,1779127165.351533,0.000095529
experiment_name,fdb0fc7d-f5aa-4852-9257-170307a0ed0c,function_transfer_time,1779127165.4528267,0.000084266
experiment_name,fdb0fc7d-f5aa-4852-9257-170307a0ed0c,function_transfer_time,1779127165.5541577,0.00002258
experiment_name,fdb0fc7d-f5aa-4852-9257-170307a0ed0c,function_transfer_time,1779127165.6554787,0.000076526
experiment_name,fdb0fc7d-f5aa-4852-9257-170307a0ed0c,function_transfer_time,1779127165.756784,0.000081328
experiment_name,fdb0fc7d-f5aa-4852-9257-170307a0ed0c,function_transfer_time,1779127165.8581214,0.000077666
experiment_name,fdb0fc7d-f5aa-4852-9257-170307a0ed0c,function_transfer_time,1779127165.9593627,0.00002068
experiment_name,fdb0fc7d-f5aa-4852-9257-170307a0ed0c,function_transfer_time,1779127166.0607102,0.000083728
experiment_name,fdb0fc7d-f5aa-4852-9257-170307a0ed0c,function_transfer_time,1779127166.1620162,0.000075936
experiment_name,fdb0fc7d-f5aa-4852-9257-170307a0ed0c,function_transfer_time,1779127166.262278,0.000020075
experiment_name,fdb0fc7d-f5aa-4852-9257-170307a0ed0c,function_transfer_time,1779127166.363624,0.000080362
experiment_name,fdb0fc7d-f5aa-4852-9257-170307a0ed0c,function_transfer_time,1779127166.4649398,0.000082229
experiment_name,fdb0fc7d-f5aa-4852-9257-170307a0ed0c,function_transfer_time,1779127166.5653234,0.000079407
experiment_name,fdb0fc7d-f5aa-4852-9257-170307a0ed0c,function_transfer_time,1779127166.666629,0.000080164
experiment_name,fdb0fc7d-f5aa-4852-9257-170307a0ed0c,function_transfer_time,1779127166.7679558,0.00007431
experiment_name,fdb0fc7d-f5aa-4852-9257-170307a0ed0c,function_transfer_time,1779127166.8692744,0.000082014
experiment_name,fdb0fc7d-f5aa-4852-9257-170307a0ed0c,function_transfer_time,1779127166.9706001,0.000077349
experiment_name,fdb0fc7d-f5aa-4852-9257-170307a0ed0c,function_transfer_time,1779127167.0719476,0.00008333
experiment_name,fdb0fc7d-f5aa-4852-9257-170307a0ed0c,function_transfer_time,1779127167.1732748,0.000087884
experiment_name,fdb0fc7d-f5aa-4852-9257-170307a0ed0c,function_transfer_time,1779127167.2747924,0.000080134
experiment_name,fdb0fc7d-f5aa-4852-9257-170307a0ed0c,function_transfer_time,1779127167.3760977,0.000075671
experiment_name,fdb0fc7d-f5aa-4852-9257-170307a0ed0c,function_transfer_time,1779127167.4774237,0.000079872
experiment_name,fdb0fc7d-f5aa-4852-9257-170307a0ed0c,function_transfer_time,1779127167.5788422,0.000082446
experiment_name,fdb0fc7d-f5aa-4852-9257-170307a0ed0c,function_transfer_time,1779127167.6801598,0.000082785
experiment_name,fdb0fc7d-f5aa-4852-9257-170307a0ed0c,function_transfer_time,1779127167.7814949,0.000077594
experiment_name,fdb0fc7d-f5aa-4852-9257-170307a0ed0c,function_transfer_time,1779127167.882804,0.000084119
experiment_name,fdb0fc7d-f5aa-4852-9257-170307a0ed0c,function_transfer_time,1779127167.9841986,0.000078028
experiment_name,fdb0fc7d-f5aa-4852-9257-170307a0ed0c,function_transfer_time,1779127168.0855367,0.000094799
experiment_name,fdb0fc7d-f5aa-4852-9257-170307a0ed0c,function_transfer_time,1779127168.1868513,0.00007808
experiment_name,fdb0fc7d-f5aa-4852-9257-170307a0ed0c,function_transfer_time,1779127168.2882009,0.00008482
experiment_name,fdb0fc7d-f5aa-4852-9257-170307a0ed0c,function_transfer_time,1779127168.3895226,0.000089343
experiment_name,fdb0fc7d-f5aa-4852-9257-170307a0ed0c,function_transfer_time,1779127168.4908576,0.000084134
experiment_name,fdb0fc7d-f5aa-4852-9257-170307a0ed0c,function_transfer_time,1779127168.5922146,0.000086636
experiment_name,fdb0fc7d-f5aa-4852-9257-170307a0ed0c,function_transfer_time,1779127168.6935306,0.000074634
experiment_name,fdb0fc7d-f5aa-4852-9257-170307a0ed0c,function_transfer_time,1779127168.7948654,0.000074317
experiment_name,fdb0fc7d-f5aa-4852-9257-170307a0ed0c,function_transfer_time,1779127168.8961835,0.000075877
experiment_name,fdb0fc7d-f5aa-4852-9257-170307a0ed0c,function_transfer_time,1779127168.997528,0.000074501
experiment_name,fdb0fc7d-f5aa-4852-9257-170307a0ed0c,function_transfer_time,1779127169.098798,0.000035365
experiment_name,fdb0fc7d-f5aa-4852-9257-170307a0ed0c,function_transfer_time,1779127169.200165,0.00008143
experiment_name,fdb0fc7d-f5aa-4852-9257-170307a0ed0c,function_transfer_time,1779127169.3014798,0.000083203
experiment_name,fdb0fc7d-f5aa-4852-9257-170307a0ed0c,function_transfer_time,1779127169.4028022,0.000078032
experiment_name,fdb0fc7d-f5aa-4852-9257-170307a0ed0c,function_transfer_time,1779127169.504151,0.000082245
experiment_name,fdb0fc7d-f5aa-4852-9257-170307a0ed0c,function_transfer_time,1779127169.605538,0.000084121
experiment_name,eef624cd-2f1d-46ff-9e3d-cd6471b67e92,function_execution_time,1779127169.7068193,0.000062281
experiment_name,eef624cd-2f1d-46ff-9e3d-cd6471b67e92,function_execution_time,1779127169.8081384,0.000058875
experiment_name,eef624cd-2f1d-46ff-9e3d-cd6471b67e92,function_execution_time,1779127169.9094996,0.000081088
experiment_name,eef624cd-2f1d-46ff-9e3d-cd6471b67e92,function_execution_time,1779127170.0107715,0.000068491
experiment_name,eef624cd-2f1d-46ff-9e3d-cd6471b67e92,function_execution_time,1779127170.1121688,0.000058443
experiment_name,eef624cd-2f1d-46ff-9e3d-cd6471b67e92,function_execution_time,1779127170.2134547,0.000075251
experiment_name,eef624cd-2f1d-46ff-9e3d-cd6471b67e92,function_execution_time,1779127170.3148282,0.000056887
experiment_name,eef624cd-2f1d-46ff-9e3d-cd6471b67e92,function_execution_time,1779127170.4160683,0.000062775
experiment_name,eef624cd-2f1d-46ff-9e3d-cd6471b67e92,function_execution_time,1779127170.5174372,0.000056769
experiment_name,eef624cd-2f1d-46ff-9e3d-cd6471b67e92,function_execution_time,1779127170.6188645,0.00005477
experiment_name,eef624cd-2f1d-46ff-9e3d-cd6471b67e92,function_execution_time,1779127170.7201917,0.000055405
experiment_name,eef624cd-2f1d-46ff-9e3d-cd6471b67e92,function_execution_time,1779127170.8215225,0.000066136
experiment_name,eef624cd-2f1d-46ff-9e3d-cd6471b67e92,function_execution_time,1779127170.9228735,0.000060023
experiment_name,eef624cd-2f1d-46ff-9e3d-cd6471b67e92,function_execution_time,1779127171.0241697,0.000055207
experiment_name,eef624cd-2f1d-46ff-9e3d-cd6471b67e92,function_execution_time,1779127171.1255052,0.000054977
experiment_name,eef624cd-2f1d-46ff-9e3d-cd6471b67e92,function_execution_time,1779127171.2268233,0.000065488
experiment_name,eef624cd-2f1d-46ff-9e3d-cd6471b67e92,function_execution_time,1779127171.328128,0.000055136
experiment_name,eef624cd-2f1d-46ff-9e3d-cd6471b67e92,function_execution_time,1779127171.4294968,0.000065531
experiment_name,eef624cd-2f1d-46ff-9e3d-cd6471b67e92,function_execution_time,1779127171.530714,0.000055601
experiment_name,eef624cd-2f1d-46ff-9e3d-cd6471b67e92,function_execution_time,1779127171.632115,0.000060385
experiment_name,eef624cd-2f1d-46ff-9e3d-cd6471b67e92,function_execution_time,1779127171.7334049,0.000065614
experiment_name,eef624cd-2f1d-46ff-9e3d-cd6471b67e92,function_execution_time,1779127171.8347237,0.000056557
experiment_name,eef624cd-2f1d-46ff-9e3d-cd6471b67e92,function_execution_time,1779127171.936005,0.00005634
experiment_name,eef624cd-2f1d-46ff-9e3d-cd6471b67e92,function_execution_time,1779127172.0372992,0.000055152
experiment_name,eef624cd-2f1d-46ff-9e3d-cd6471b67e92,function_execution_time,1779127172.138602,0.000061908
experiment_name,eef624cd-2f1d-46ff-9e3d-cd6471b67e92,function_execution_time,1779127172.2399306,0.000055744
experiment_name,eef624cd-2f1d-46ff-9e3d-cd6471b67e92,function_execution_time,1779127172.341258,0.000055712
experiment_name,eef624cd-2f1d-46ff-9e3d-cd6471b67e92,function_execution_time,1779127172.442491,0.000078048
experiment_name,eef624cd-2f1d-46ff-9e3d-cd6471b67e92,function_execution_time,1779127172.54383,0.000054761
experiment_name,eef624cd-2f1d-46ff-9e3d-cd6471b67e92,function_execution_time,1779127172.6452518,0.000062523
experiment_name,eef624cd-2f1d-46ff-9e3d-cd6471b67e92,function_execution_time,1779127172.7455058,0.000070958
experiment_name,eef624cd-2f1d-46ff-9e3d-cd6471b67e92,function_execution_time,1779127172.846834,0.000055556
experiment_name,eef624cd-2f1d-46ff-9e3d-cd6471b67e92,function_execution_time,1779127172.9481485,0.000055319
experiment_name,eef624cd-2f1d-46ff-9e3d-cd6471b67e92,function_execution_time,1779127173.0494645,0.000074746
experiment_name,eef624cd-2f1d-46ff-9e3d-cd6471b67e92,function_execution_time,1779127173.150827,0.000059947
experiment_name,eef624cd-2f1d-46ff-9e3d-cd6471b67e92,function_execution_time,1779127173.2521222,0.000056802
experiment_name,eef624cd-2f1d-46ff-9e3d-cd6471b67e92,function_execution_time,1779127173.353445,0.000055306
experiment_name,eef624cd-2f1d-46ff-9e3d-cd6471b67e92,function_execution_time,1779127173.4547863,0.000062166
experiment_name,eef624cd-2f1d-46ff-9e3d-cd6471b67e92,function_execution_time,1779127173.5560777,0.000055621
experiment_name,eef624cd-2f1d-46ff-9e3d-cd6471b67e92,function_execution_time,1779127173.6574802,0.000084349
experiment_name,eef624cd-2f1d-46ff-9e3d-cd6471b67e92,function_execution_time,1779127173.7587948,0.000055823
experiment_name,eef624cd-2f1d-46ff-9e3d-cd6471b67e92,function_execution_time,1779127173.8601124,0.000056182
experiment_name,eef624cd-2f1d-46ff-9e3d-cd6471b67e92,function_execution_time,1779127173.9606242,0.000066507
experiment_name,eef624cd-2f1d-46ff-9e3d-cd6471b67e92,function_execution_time,1779127174.061948,0.00005539
experiment_name,eef624cd-2f1d-46ff-9e3d-cd6471b67e92,function_execution_time,1779127174.163241,0.000054195
experiment_name,eef624cd-2f1d-46ff-9e3d-cd6471b67e92,function_execution_time,1779127174.2635229,0.000061744
experiment_name,eef624cd-2f1d-46ff-9e3d-cd6471b67e92,function_execution_time,1779127174.3648188,0.000062908
experiment_name,eef624cd-2f1d-46ff-9e3d-cd6471b67e92,function_execution_time,1779127174.4661372,0.000055762
experiment_name,eef624cd-2f1d-46ff-9e3d-cd6471b67e92,function_execution_time,1779127174.5674546,0.000068021
experiment_name,fdb0fc7d-f5aa-4852-9257-170307a0ed0c,function_execution_time,1779127169.7066784,0.000092658
experiment_name,fdb0fc7d-f5aa-4852-9257-170307a0ed0c,function_execution_time,1779127169.8079703,0.000074493
experiment_name,fdb0fc7d-f5aa-4852-9257-170307a0ed0c,function_execution_time,1779127169.9093149,0.000073728
experiment_name,fdb0fc7d-f5aa-4852-9257-170307a0ed0c,function_execution_time,1779127170.0106752,0.000077857
experiment_name,fdb0fc7d-f5aa-4852-9257-170307a0ed0c,function_execution_time,1779127170.1120782,0.000087195
experiment_name,fdb0fc7d-f5aa-4852-9257-170307a0ed0c,function_execution_time,1779127170.2133574,0.000071373
experiment_name,fdb0fc7d-f5aa-4852-9257-170307a0ed0c,function_execution_time,1779127170.3146632,0.000072314
experiment_name,fdb0fc7d-f5aa-4852-9257-170307a0ed0c,function_execution_time,1779127170.416007,0.000084704
experiment_name,fdb0fc7d-f5aa-4852-9257-170307a0ed0c,function_execution_time,1779127170.517376,0.000159289
experiment_name,fdb0fc7d-f5aa-4852-9257-170307a0ed0c,function_execution_time,1779127170.6187,0.000069653
experiment_name,fdb0fc7d-f5aa-4852-9257-170307a0ed0c,function_execution_time,1779127170.720037,0.000076486
experiment_name,fdb0fc7d-f5aa-4852-9257-170307a0ed0c,function_execution_time,1779127170.8213522,0.00008012
experiment_name,fdb0fc7d-f5aa-4852-9257-170307a0ed0c,function_execution_time,1779127170.922696,0.000069668
experiment_name,fdb0fc7d-f5aa-4852-9257-170307a0ed0c,function_execution_time,1779127171.024014,0.000069133
experiment_name,fdb0fc7d-f5aa-4852-9257-170307a0ed0c,function_execution_time,1779127171.1253345,0.000079897
experiment_name,fdb0fc7d-f5aa-4852-9257-170307a0ed0c,function_execution_time,1779127171.2266643,0.000071211
experiment_name,fdb0fc7d-f5aa-4852-9257-170307a0ed0c,function_execution_time,1779127171.327976,0.000071954
experiment_name,fdb0fc7d-f5aa-4852-9257-170307a0ed0c,function_execution_time,1779127171.4293215,0.000068138
experiment_name,fdb0fc7d-f5aa-4852-9257-170307a0ed0c,function_execution_time,1779127171.5306523,0.000145135
experiment_name,fdb0fc7d-f5aa-4852-9257-170307a0ed0c,function_execution_time,1779127171.6319563,0.00007357
experiment_name,fdb0fc7d-f5aa-4852-9257-170307a0ed0c,function_execution_time,1779127171.7332385,0.000071589
experiment_name,fdb0fc7d-f5aa-4852-9257-170307a0ed0c,function_execution_time,1779127171.8346274,0.000083983
experiment_name,fdb0fc7d-f5aa-4852-9257-170307a0ed0c,function_execution_time,1779127171.9358356,0.000073091
experiment_name,fdb0fc7d-f5aa-4852-9257-170307a0ed0c,function_execution_time,1779127172.0371616,0.000070832
experiment_name,fdb0fc7d-f5aa-4852-9257-170307a0ed0c,function_execution_time,1779127172.1384578,0.00008874
experiment_name,fdb0fc7d-f5aa-4852-9257-170307a0ed0c,function_execution_time,1779127172.2397735,0.000070415
experiment_name,fdb0fc7d-f5aa-4852-9257-170307a0ed0c,function_execution_time,1779127172.3410945,0.000072718
experiment_name,fdb0fc7d-f5aa-4852-9257-170307a0ed0c,function_execution_time,1779127172.442384,0.000069144
experiment_name,fdb0fc7d-f5aa-4852-9257-170307a0ed0c,function_execution_time,1779127172.5437782,0.000151419
experiment_name,fdb0fc7d-f5aa-4852-9257-170307a0ed0c,function_execution_time,1779127172.6450865,0.000069455
experiment_name,fdb0fc7d-f5aa-4852-9257-170307a0ed0c,function_execution_time,1779127172.7453332,0.000071234
experiment_name,fdb0fc7d-f5aa-4852-9257-170307a0ed0c,function_execution_time,1779127172.846675,0.000083814
experiment_name,fdb0fc7d-f5aa-4852-9257-170307a0ed0c,function_execution_time,1779127172.9479847,0.000069074
experiment_name,fdb0fc7d-f5aa-4852-9257-170307a0ed0c,function_execution_time,1779127173.049301,0.000069228
experiment_name,fdb0fc7d-f5aa-4852-9257-170307a0ed0c,function_execution_time,1779127173.1506457,0.000071417
experiment_name,fdb0fc7d-f5aa-4852-9257-170307a0ed0c,function_execution_time,1779127173.2520273,0.000084227
experiment_name,fdb0fc7d-f5aa-4852-9257-170307a0ed0c,function_execution_time,1779127173.353297,0.000070506
experiment_name,fdb0fc7d-f5aa-4852-9257-170307a0ed0c,function_execution_time,1779127173.4546163,0.000070838
experiment_name,fdb0fc7d-f5aa-4852-9257-170307a0ed0c,function_execution_time,1779127173.5560246,0.000155123
experiment_name,fdb0fc7d-f5aa-4852-9257-170307a0ed0c,function_execution_time,1779127173.6573095,0.000072228
experiment_name,fdb0fc7d-f5aa-4852-9257-170307a0ed0c,function_execution_time,1779127173.7586315,0.000069388
experiment_name,fdb0fc7d-f5aa-4852-9257-170307a0ed0c,function_execution_time,1779127173.8599544,0.000074252
experiment_name,fdb0fc7d-f5aa-4852-9257-170307a0ed0c,function_execution_time,1779127173.9604461,0.000078141
experiment_name,fdb0fc7d-f5aa-4852-9257-170307a0ed0c,function_execution_time,1779127174.0617816,0.000076885
experiment_name,fdb0fc7d-f5aa-4852-9257-170307a0ed0c,function_execution_time,1779127174.163084,0.00006862
experiment_name,fdb0fc7d-f5aa-4852-9257-170307a0ed0c,function_execution_time,1779127174.2634118,0.00008145
experiment_name,fdb0fc7d-f5aa-4852-9257-170307a0ed0c,function_execution_time,1779127174.3646722,0.000068983
experiment_name,fdb0fc7d-f5aa-4852-9257-170307a0ed0c,function_execution_time,1779127174.465968,0.000071251
experiment_name,fdb0fc7d-f5aa-4852-9257-170307a0ed0c,function_execution_time,1779127174.5673797,0.000145038
experiment_name,eef624cd-2f1d-46ff-9e3d-cd6471b67e92,function_transfer_time,1779127169.7067494,0.000109345
experiment_name,eef624cd-2f1d-46ff-9e3d-cd6471b67e92,function_transfer_time,1779127169.8080788,0.000130323
experiment_name,eef624cd-2f1d-46ff-9e3d-cd6471b67e92,function_transfer_time,1779127169.9094164,0.000136989
experiment_name,eef624cd-2f1d-46ff-9e3d-cd6471b67e92,function_transfer_time,1779127170.0107484,0.000055736
experiment_name,eef624cd-2f1d-46ff-9e3d-cd6471b67e92,function_transfer_time,1779127170.112106,0.00011937
experiment_name,eef624cd-2f1d-46ff-9e3d-cd6471b67e92,function_transfer_time,1779127170.2134519,0.000056983
experiment_name,eef624cd-2f1d-46ff-9e3d-cd6471b67e92,function_transfer_time,1779127170.3147707,0.000129833
experiment_name,eef624cd-2f1d-46ff-9e3d-cd6471b67e92,function_transfer_time,1779127170.4160047,0.000030293
experiment_name,eef624cd-2f1d-46ff-9e3d-cd6471b67e92,function_transfer_time,1779127170.517371,0.000034289
experiment_name,eef624cd-2f1d-46ff-9e3d-cd6471b67e92,function_transfer_time,1779127170.6188087,0.000140184
experiment_name,eef624cd-2f1d-46ff-9e3d-cd6471b67e92,function_transfer_time,1779127170.7201352,0.000124861
experiment_name,eef624cd-2f1d-46ff-9e3d-cd6471b67e92,function_transfer_time,1779127170.821456,0.00012408
experiment_name,eef624cd-2f1d-46ff-9e3d-cd6471b67e92,function_transfer_time,1779127170.9228122,0.000142187
experiment_name,eef624cd-2f1d-46ff-9e3d-cd6471b67e92,function_transfer_time,1779127171.0241132,0.000130982
experiment_name,eef624cd-2f1d-46ff-9e3d-cd6471b67e92,function_transfer_time,1779127171.1254497,0.000130688
experiment_name,eef624cd-2f1d-46ff-9e3d-cd6471b67e92,function_transfer_time,1779127171.2267559,0.000111568
experiment_name,eef624cd-2f1d-46ff-9e3d-cd6471b67e92,function_transfer_time,1779127171.328072,0.000118249
experiment_name,eef624cd-2f1d-46ff-9e3d-cd6471b67e92,function_transfer_time,1779127171.429437,0.000133021
experiment_name,eef624cd-2f1d-46ff-9e3d-cd6471b67e92,function_transfer_time,1779127171.5306547,0.000037055
experiment_name,eef624cd-2f1d-46ff-9e3d-cd6471b67e92,function_transfer_time,1779127171.6320536,0.000118734
experiment_name,eef624cd-2f1d-46ff-9e3d-cd6471b67e92,function_transfer_time,1779127171.733338,0.000142166
experiment_name,eef624cd-2f1d-46ff-9e3d-cd6471b67e92,function_transfer_time,1779127171.834663,0.000122465
experiment_name,eef624cd-2f1d-46ff-9e3d-cd6471b67e92,function_transfer_time,1779127171.935948,0.000133776
experiment_name,eef624cd-2f1d-46ff-9e3d-cd6471b67e92,function_transfer_time,1779127172.0372438,0.000110401
experiment_name,eef624cd-2f1d-46ff-9e3d-cd6471b67e92,function_transfer_time,1779127172.1385388,0.000120574
experiment_name,eef624cd-2f1d-46ff-9e3d-cd6471b67e92,function_transfer_time,1779127172.239874,0.000129103
experiment_name,eef624cd-2f1d-46ff-9e3d-cd6471b67e92,function_transfer_time,1779127172.341201,0.000129741
experiment_name,eef624cd-2f1d-46ff-9e3d-cd6471b67e92,function_transfer_time,1779127172.4424627,0.000059696
experiment_name,eef624cd-2f1d-46ff-9e3d-cd6471b67e92,function_transfer_time,1779127172.5437746,0.000033773
experiment_name,eef624cd-2f1d-46ff-9e3d-cd6471b67e92,function_transfer_time,1779127172.6451879,0.000131345
experiment_name,eef624cd-2f1d-46ff-9e3d-cd6471b67e92,function_transfer_time,1779127172.745444,0.000120853
experiment_name,eef624cd-2f1d-46ff-9e3d-cd6471b67e92,function_transfer_time,1779127172.8467777,0.000129083
experiment_name,eef624cd-2f1d-46ff-9e3d-cd6471b67e92,function_transfer_time,1779127172.9480922,0.00013106
experiment_name,eef624cd-2f1d-46ff-9e3d-cd6471b67e92,function_transfer_time,1779127173.0493875,0.000111259
experiment_name,eef624cd-2f1d-46ff-9e3d-cd6471b67e92,function_transfer_time,1779127173.1507657,0.000147871
experiment_name,eef624cd-2f1d-46ff-9e3d-cd6471b67e92,function_transfer_time,1779127173.252058,0.000120742
experiment_name,eef624cd-2f1d-46ff-9e3d-cd6471b67e92,function_transfer_time,1779127173.3533766,0.000108951
experiment_name,eef624cd-2f1d-46ff-9e3d-cd6471b67e92,function_transfer_time,1779127173.4547231,0.000131699
experiment_name,eef624cd-2f1d-46ff-9e3d-cd6471b67e92,function_transfer_time,1779127173.5560217,0.00003389
experiment_name,eef624cd-2f1d-46ff-9e3d-cd6471b67e92,function_transfer_time,1779127173.657402,0.000108847
experiment_name,eef624cd-2f1d-46ff-9e3d-cd6471b67e92,function_transfer_time,1779127173.7587357,0.000130842
experiment_name,eef624cd-2f1d-46ff-9e3d-cd6471b67e92,function_transfer_time,1779127173.860054,0.000112122
experiment_name,eef624cd-2f1d-46ff-9e3d-cd6471b67e92,function_transfer_time,1779127173.9605575,0.000142253
experiment_name,eef624cd-2f1d-46ff-9e3d-cd6471b67e92,function_transfer_time,1779127174.061892,0.000136139
experiment_name,eef624cd-2f1d-46ff-9e3d-cd6471b67e92,function_transfer_time,1779127174.1631856,0.000131977
experiment_name,eef624cd-2f1d-46ff-9e3d-cd6471b67e92,function_transfer_time,1779127174.2634542,0.000139715
experiment_name,eef624cd-2f1d-46ff-9e3d-cd6471b67e92,function_transfer_time,1779127174.3647544,0.000111551
experiment_name,eef624cd-2f1d-46ff-9e3d-cd6471b67e92,function_transfer_time,1779127174.4660802,0.000132157
experiment_name,eef624cd-2f1d-46ff-9e3d-cd6471b67e92,function_transfer_time,1779127174.567382,0.000035365
experiment_name,fdb0fc7d-f5aa-4852-9257-170307a0ed0c,function_transfer_time,1779127169.70658,0.000079747
experiment_name,fdb0fc7d-f5aa-4852-9257-170307a0ed0c,function_transfer_time,1779127169.8078928,0.000080636
experiment_name,fdb0fc7d-f5aa-4852-9257-170307a0ed0c,function_transfer_time,1779127169.9092228,0.000080805
experiment_name,fdb0fc7d-f5aa-4852-9257-170307a0ed0c,function_transfer_time,1779127170.0105875,0.000076744
experiment_name,fdb0fc7d-f5aa-4852-9257-170307a0ed0c,function_transfer_time,1779127170.1119254,0.000087036
experiment_name,fdb0fc7d-f5aa-4852-9257-170307a0ed0c,function_transfer_time,1779127170.2132707,0.000083731
experiment_name,fdb0fc7d-f5aa-4852-9257-170307a0ed0c,function_transfer_time,1779127170.314586,0.000080789
experiment_name,fdb0fc7d-f5aa-4852-9257-170307a0ed0c,function_transfer_time,1779127170.4159214,0.000082438
experiment_name,fdb0fc7d-f5aa-4852-9257-170307a0ed0c,function_transfer_time,1779127170.517206,0.000075483
experiment_name,fdb0fc7d-f5aa-4852-9257-170307a0ed0c,function_transfer_time,1779127170.618615,0.00008258
experiment_name,fdb0fc7d-f5aa-4852-9257-170307a0ed0c,function_transfer_time,1779127170.7199535,0.000075305
experiment_name,fdb0fc7d-f5aa-4852-9257-170307a0ed0c,function_transfer_time,1779127170.8212676,0.000080628
experiment_name,fdb0fc7d-f5aa-4852-9257-170307a0ed0c,function_transfer_time,1779127170.9226139,0.00008394
experiment_name,fdb0fc7d-f5aa-4852-9257-170307a0ed0c,function_transfer_time,1779127171.0239294,0.000081948
experiment_name,fdb0fc7d-f5aa-4852-9257-170307a0ed0c,function_transfer_time,1779127171.1252553,0.000078368
experiment_name,fdb0fc7d-f5aa-4852-9257-170307a0ed0c,function_transfer_time,1779127171.2265902,0.000072808
experiment_name,fdb0fc7d-f5aa-4852-9257-170307a0ed0c,function_transfer_time,1779127171.3278983,0.000077469
experiment_name,fdb0fc7d-f5aa-4852-9257-170307a0ed0c,function_transfer_time,1779127171.4292421,0.000079206
experiment_name,fdb0fc7d-f5aa-4852-9257-170307a0ed0c,function_transfer_time,1779127171.5305018,0.000031393
experiment_name,fdb0fc7d-f5aa-4852-9257-170307a0ed0c,function_transfer_time,1779127171.6318781,0.000079321
experiment_name,fdb0fc7d-f5aa-4852-9257-170307a0ed0c,function_transfer_time,1779127171.7331393,0.000024576
experiment_name,fdb0fc7d-f5aa-4852-9257-170307a0ed0c,function_transfer_time,1779127171.834479,0.000081539
experiment_name,fdb0fc7d-f5aa-4852-9257-170307a0ed0c,function_transfer_time,1779127171.9357572,0.000022191
experiment_name,fdb0fc7d-f5aa-4852-9257-170307a0ed0c,function_transfer_time,1779127172.0370784,0.000083596
experiment_name,fdb0fc7d-f5aa-4852-9257-170307a0ed0c,function_transfer_time,1779127172.1383636,0.00002277
experiment_name,fdb0fc7d-f5aa-4852-9257-170307a0ed0c,function_transfer_time,1779127172.2396908,0.000083867
experiment_name,fdb0fc7d-f5aa-4852-9257-170307a0ed0c,function_transfer_time,1779127172.341016,0.000075866
experiment_name,fdb0fc7d-f5aa-4852-9257-170307a0ed0c,function_transfer_time,1779127172.4423008,0.000074736
experiment_name,fdb0fc7d-f5aa-4852-9257-170307a0ed0c,function_transfer_time,1779127172.543617,0.000078268
experiment_name,fdb0fc7d-f5aa-4852-9257-170307a0ed0c,function_transfer_time,1779127172.6450036,0.000074978
experiment_name,fdb0fc7d-f5aa-4852-9257-170307a0ed0c,function_transfer_time,1779127172.7452562,0.000023589
experiment_name,fdb0fc7d-f5aa-4852-9257-170307a0ed0c,function_transfer_time,1779127172.8465934,0.000081915
experiment_name,fdb0fc7d-f5aa-4852-9257-170307a0ed0c,function_transfer_time,1779127172.9479072,0.000075151
experiment_name,fdb0fc7d-f5aa-4852-9257-170307a0ed0c,function_transfer_time,1779127173.0492232,0.00007512
experiment_name,fdb0fc7d-f5aa-4852-9257-170307a0ed0c,function_transfer_time,1779127173.1505609,0.000083073
experiment_name,fdb0fc7d-f5aa-4852-9257-170307a0ed0c,function_transfer_time,1779127173.2518775,0.000080636
experiment_name,fdb0fc7d-f5aa-4852-9257-170307a0ed0c,function_transfer_time,1779127173.3532126,0.000083987
experiment_name,fdb0fc7d-f5aa-4852-9257-170307a0ed0c,function_transfer_time,1779127173.454538,0.000079825
experiment_name,fdb0fc7d-f5aa-4852-9257-170307a0ed0c,function_transfer_time,1779127173.555865,0.000083003
experiment_name,fdb0fc7d-f5aa-4852-9257-170307a0ed0c,function_transfer_time,1779127173.657232,0.000084305
experiment_name,fdb0fc7d-f5aa-4852-9257-170307a0ed0c,function_transfer_time,1779127173.7585473,0.000075405
experiment_name,fdb0fc7d-f5aa-4852-9257-170307a0ed0c,function_transfer_time,1779127173.8599513,0.000074155
experiment_name,fdb0fc7d-f5aa-4852-9257-170307a0ed0c,function_transfer_time,1779127173.960351,0.000082244
experiment_name,fdb0fc7d-f5aa-4852-9257-170307a0ed0c,function_transfer_time,1779127174.0616982,0.000078803
experiment_name,fdb0fc7d-f5aa-4852-9257-170307a0ed0c,function_transfer_time,1779127174.163,0.000075048
experiment_name,fdb0fc7d-f5aa-4852-9257-170307a0ed0c,function_transfer_time,1779127174.2632625,0.000019872
experiment_name,fdb0fc7d-f5aa-4852-9257-170307a0ed0c,function_transfer_time,1779127174.3645885,0.000075462
experiment_name,fdb0fc7d-f5aa-4852-9257-170307a0ed0c,function_transfer_time,1779127174.465894,0.00007514
experiment_name,fdb0fc7d-f5aa-4852-9257-170307a0ed0c,function_transfer_time,1779127174.5672307,0.000076971
experiment_name,fdb0fc7d-f5aa-4852-9257-170307a0ed0c,function_execution_time,1779127174.6690621,0.000099192
experiment_name,fdb0fc7d-f5aa-4852-9257-170307a0ed0c,function_execution_time,1779127174.7703505,0.000070409
experiment_name,fdb0fc7d-f5aa-4852-9257-170307a0ed0c,function_execution_time,1779127174.8716662,0.000078682
experiment_name,fdb0fc7d-f5aa-4852-9257-170307a0ed0c,function_execution_time,1779127174.9729905,0.000082954
experiment_name,fdb0fc7d-f5aa-4852-9257-170307a0ed0c,function_execution_time,1779127175.0743353,0.00008642
experiment_name,fdb0fc7d-f5aa-4852-9257-170307a0ed0c,function_execution_time,1779127175.1756287,0.000072458
experiment_name,fdb0fc7d-f5aa-4852-9257-170307a0ed0c,function_execution_time,1779127175.2769527,0.000118282
experiment_name,fdb0fc7d-f5aa-4852-9257-170307a0ed0c,function_execution_time,1779127175.3782027,0.000076102
experiment_name,fdb0fc7d-f5aa-4852-9257-170307a0ed0c,function_execution_time,1779127175.4795415,0.000076204
experiment_name,fdb0fc7d-f5aa-4852-9257-170307a0ed0c,function_execution_time,1779127175.5809634,0.000154354
experiment_name,fdb0fc7d-f5aa-4852-9257-170307a0ed0c,function_execution_time,1779127175.682329,0.000089907
experiment_name,fdb0fc7d-f5aa-4852-9257-170307a0ed0c,function_execution_time,1779127175.7835846,0.000079454
experiment_name,fdb0fc7d-f5aa-4852-9257-170307a0ed0c,function_execution_time,1779127175.884954,0.000077513
experiment_name,fdb0fc7d-f5aa-4852-9257-170307a0ed0c,function_execution_time,1779127175.986205,0.000081077
experiment_name,fdb0fc7d-f5aa-4852-9257-170307a0ed0c,function_execution_time,1779127176.0875287,0.00007249
experiment_name,fdb0fc7d-f5aa-4852-9257-170307a0ed0c,function_execution_time,1779127176.1890697,0.000074678
experiment_name,fdb0fc7d-f5aa-4852-9257-170307a0ed0c,function_execution_time,1779127176.2894053,0.000069125
experiment_name,fdb0fc7d-f5aa-4852-9257-170307a0ed0c,function_execution_time,1779127176.3907876,0.000084436
experiment_name,fdb0fc7d-f5aa-4852-9257-170307a0ed0c,function_execution_time,1779127176.4920542,0.000071467
experiment_name,fdb0fc7d-f5aa-4852-9257-170307a0ed0c,function_execution_time,1779127176.5934353,0.000138134
experiment_name,fdb0fc7d-f5aa-4852-9257-170307a0ed0c,function_execution_time,1779127176.6947865,0.00008173
experiment_name,fdb0fc7d-f5aa-4852-9257-170307a0ed0c,function_execution_time,1779127176.7960546,0.000071449
experiment_name,fdb0fc7d-f5aa-4852-9257-170307a0ed0c,function_execution_time,1779127176.8973625,0.000070299
experiment_name,fdb0fc7d-f5aa-4852-9257-170307a0ed0c,function_execution_time,1779127176.9987144,0.000071143
experiment_name,fdb0fc7d-f5aa-4852-9257-170307a0ed0c,function_execution_time,1779127177.1000178,0.000081563
experiment_name,fdb0fc7d-f5aa-4852-9257-170307a0ed0c,function_execution_time,1779127177.2013967,0.000075969
experiment_name,fdb0fc7d-f5aa-4852-9257-170307a0ed0c,function_execution_time,1779127177.302637,0.000071098
experiment_name,fdb0fc7d-f5aa-4852-9257-170307a0ed0c,function_execution_time,1779127177.403969,0.000083965
experiment_name,fdb0fc7d-f5aa-4852-9257-170307a0ed0c,function_execution_time,1779127177.5044243,0.000071274
experiment_name,fdb0fc7d-f5aa-4852-9257-170307a0ed0c,function_execution_time,1779127177.6058078,0.000148521
experiment_name,fdb0fc7d-f5aa-4852-9257-170307a0ed0c,function_execution_time,1779127177.7071068,0.000072073
experiment_name,fdb0fc7d-f5aa-4852-9257-170307a0ed0c,function_execution_time,1779127177.8074126,0.000081038
experiment_name,fdb0fc7d-f5aa-4852-9257-170307a0ed0c,function_execution_time,1779127177.9087565,0.000071781
experiment_name,fdb0fc7d-f5aa-4852-9257-170307a0ed0c,function_execution_time,1779127178.0100534,0.000075472
experiment_name,fdb0fc7d-f5aa-4852-9257-170307a0ed0c,function_execution_time,1779127178.1103768,0.000081023
experiment_name,fdb0fc7d-f5aa-4852-9257-170307a0ed0c,function_execution_time,1779127178.2117105,0.000071911
experiment_name,fdb0fc7d-f5aa-4852-9257-170307a0ed0c,function_execution_time,1779127178.3131292,0.000070879
experiment_name,fdb0fc7d-f5aa-4852-9257-170307a0ed0c,function_execution_time,1779127178.4135513,0.000095633
experiment_name,fdb0fc7d-f5aa-4852-9257-170307a0ed0c,function_execution_time,1779127178.5148258,0.000092193
experiment_name,fdb0fc7d-f5aa-4852-9257-170307a0ed0c,function_execution_time,1779127178.6161985,0.000153968
experiment_name,fdb0fc7d-f5aa-4852-9257-170307a0ed0c,function_execution_time,1779127178.7175782,0.000096167
experiment_name,fdb0fc7d-f5aa-4852-9257-170307a0ed0c,function_execution_time,1779127178.8188117,0.000071838
experiment_name,fdb0fc7d-f5aa-4852-9257-170307a0ed0c,function_execution_time,1779127178.9202042,0.000078866
experiment_name,fdb0fc7d-f5aa-4852-9257-170307a0ed0c,function_execution_time,1779127179.0205154,0.000092288
experiment_name,fdb0fc7d-f5aa-4852-9257-170307a0ed0c,function_execution_time,1779127179.121787,0.000070231
experiment_name,fdb0fc7d-f5aa-4852-9257-170307a0ed0c,function_execution_time,1779127179.223136,0.00009442
experiment_name,fdb0fc7d-f5aa-4852-9257-170307a0ed0c,function_execution_time,1779127179.3245015,0.000113239
experiment_name,fdb0fc7d-f5aa-4852-9257-170307a0ed0c,function_execution_time,1779127179.4258468,0.000102185
experiment_name,fdb0fc7d-f5aa-4852-9257-170307a0ed0c,function_execution_time,1779127179.5271957,0.000077846
experiment_name,eef624cd-2f1d-46ff-9e3d-cd6471b67e92,function_execution_time,1779127174.6691642,0.00005607
experiment_name,eef624cd-2f1d-46ff-9e3d-cd6471b67e92,function_execution_time,1779127174.7705302,0.000059147
experiment_name,eef624cd-2f1d-46ff-9e3d-cd6471b67e92,function_execution_time,1779127174.8718197,0.000063914
experiment_name,eef624cd-2f1d-46ff-9e3d-cd6471b67e92,function_execution_time,1779127174.9731286,0.000055964
experiment_name,eef624cd-2f1d-46ff-9e3d-cd6471b67e92,function_execution_time,1779127175.0744908,0.00007674
experiment_name,eef624cd-2f1d-46ff-9e3d-cd6471b67e92,function_execution_time,1779127175.1757896,0.000056757
experiment_name,eef624cd-2f1d-46ff-9e3d-cd6471b67e92,function_execution_time,1779127175.2770774,0.000135793
experiment_name,eef624cd-2f1d-46ff-9e3d-cd6471b67e92,function_execution_time,1779127175.3783078,0.000068675
experiment_name,eef624cd-2f1d-46ff-9e3d-cd6471b67e92,function_execution_time,1779127175.4796858,0.000058002
experiment_name,eef624cd-2f1d-46ff-9e3d-cd6471b67e92,function_execution_time,1779127175.581018,0.000056362
experiment_name,eef624cd-2f1d-46ff-9e3d-cd6471b67e92,function_execution_time,1779127175.6823816,0.00006044
experiment_name,eef624cd-2f1d-46ff-9e3d-cd6471b67e92,function_execution_time,1779127175.7837532,0.000064049
experiment_name,eef624cd-2f1d-46ff-9e3d-cd6471b67e92,function_execution_time,1779127175.885043,0.000055351
experiment_name,eef624cd-2f1d-46ff-9e3d-cd6471b67e92,function_execution_time,1779127175.986366,0.000055707
experiment_name,eef624cd-2f1d-46ff-9e3d-cd6471b67e92,function_execution_time,1779127176.0876927,0.000056236
experiment_name,eef624cd-2f1d-46ff-9e3d-cd6471b67e92,function_execution_time,1779127176.189233,0.000064197
experiment_name,eef624cd-2f1d-46ff-9e3d-cd6471b67e92,function_execution_time,1779127176.2895648,0.000055195
experiment_name,eef624cd-2f1d-46ff-9e3d-cd6471b67e92,function_execution_time,1779127176.3908732,0.000055886
experiment_name,eef624cd-2f1d-46ff-9e3d-cd6471b67e92,function_execution_time,1779127176.4922075,0.000055332
experiment_name,eef624cd-2f1d-46ff-9e3d-cd6471b67e92,function_execution_time,1779127176.5934992,0.000069435
experiment_name,eef624cd-2f1d-46ff-9e3d-cd6471b67e92,function_execution_time,1779127176.6948593,0.000055124
experiment_name,eef624cd-2f1d-46ff-9e3d-cd6471b67e92,function_execution_time,1779127176.7961376,0.000055389
experiment_name,eef624cd-2f1d-46ff-9e3d-cd6471b67e92,function_execution_time,1779127176.8974636,0.000071488
experiment_name,eef624cd-2f1d-46ff-9e3d-cd6471b67e92,function_execution_time,1779127176.9987965,0.000055793
experiment_name,eef624cd-2f1d-46ff-9e3d-cd6471b67e92,function_execution_time,1779127177.1001108,0.00006799
experiment_name,eef624cd-2f1d-46ff-9e3d-cd6471b67e92,function_execution_time,1779127177.201472,0.000067045
experiment_name,eef624cd-2f1d-46ff-9e3d-cd6471b67e92,function_execution_time,1779127177.3028011,0.000056757
experiment_name,eef624cd-2f1d-46ff-9e3d-cd6471b67e92,function_execution_time,1779127177.4040878,0.000055596
experiment_name,eef624cd-2f1d-46ff-9e3d-cd6471b67e92,function_execution_time,1779127177.504533,0.000066207
experiment_name,eef624cd-2f1d-46ff-9e3d-cd6471b67e92,function_execution_time,1779127177.6058676,0.000055456
experiment_name,eef624cd-2f1d-46ff-9e3d-cd6471b67e92,function_execution_time,1779127177.7072608,0.000055151
experiment_name,eef624cd-2f1d-46ff-9e3d-cd6471b67e92,function_execution_time,1779127177.8075736,0.000054763
experiment_name,eef624cd-2f1d-46ff-9e3d-cd6471b67e92,function_execution_time,1779127177.908905,0.000057853
experiment_name,eef624cd-2f1d-46ff-9e3d-cd6471b67e92,function_execution_time,1779127178.0101528,0.000071424
experiment_name,eef624cd-2f1d-46ff-9e3d-cd6471b67e92,function_execution_time,1779127178.110521,0.000055981
experiment_name,eef624cd-2f1d-46ff-9e3d-cd6471b67e92,function_execution_time,1779127178.2118087,0.000064632
experiment_name,eef624cd-2f1d-46ff-9e3d-cd6471b67e92,function_execution_time,1779127178.3132799,0.00005986
experiment_name,eef624cd-2f1d-46ff-9e3d-cd6471b67e92,function_execution_time,1779127178.4135559,0.000061955
experiment_name,eef624cd-2f1d-46ff-9e3d-cd6471b67e92,function_execution_time,1779127178.5148818,0.000058102
experiment_name,eef624cd-2f1d-46ff-9e3d-cd6471b67e92,function_execution_time,1779127178.6162548,0.000058689
experiment_name,eef624cd-2f1d-46ff-9e3d-cd6471b67e92,function_execution_time,1779127178.7176704,0.00005665
experiment_name,eef624cd-2f1d-46ff-9e3d-cd6471b67e92,function_execution_time,1779127178.81898,0.000063079
experiment_name,eef624cd-2f1d-46ff-9e3d-cd6471b67e92,function_execution_time,1779127178.9202871,0.000054553
experiment_name,eef624cd-2f1d-46ff-9e3d-cd6471b67e92,function_execution_time,1779127179.020604,0.000055827
experiment_name,eef624cd-2f1d-46ff-9e3d-cd6471b67e92,function_execution_time,1779127179.1219285,0.000057171
experiment_name,eef624cd-2f1d-46ff-9e3d-cd6471b67e92,function_execution_time,1779127179.2233028,0.000075795
experiment_name,eef624cd-2f1d-46ff-9e3d-cd6471b67e92,function_execution_time,1779127179.3246486,0.000069165
experiment_name,eef624cd-2f1d-46ff-9e3d-cd6471b67e92,function_execution_time,1779127179.4259646,0.000060442
experiment_name,eef624cd-2f1d-46ff-9e3d-cd6471b67e92,function_execution_time,1779127179.5272887,0.000058123
experiment_name,fdb0fc7d-f5aa-4852-9257-170307a0ed0c,function_transfer_time,1779127174.668958,0.000084156
experiment_name,fdb0fc7d-f5aa-4852-9257-170307a0ed0c,function_transfer_time,1779127174.770272,0.00007802
experiment_name,fdb0fc7d-f5aa-4852-9257-170307a0ed0c,function_transfer_time,1779127174.8715892,0.000077953
experiment_name,fdb0fc7d-f5aa-4852-9257-170307a0ed0c,function_transfer_time,1779127174.9729054,0.000077209
experiment_name,fdb0fc7d-f5aa-4852-9257-170307a0ed0c,function_transfer_time,1779127175.0742447,0.000084078
experiment_name,fdb0fc7d-f5aa-4852-9257-170307a0ed0c,function_transfer_time,1779127175.175547,0.000080928
experiment_name,fdb0fc7d-f5aa-4852-9257-170307a0ed0c,function_transfer_time,1779127175.2768326,0.000026954
experiment_name,fdb0fc7d-f5aa-4852-9257-170307a0ed0c,function_transfer_time,1779127175.378115,0.000033311
experiment_name,fdb0fc7d-f5aa-4852-9257-170307a0ed0c,function_transfer_time,1779127175.4794598,0.000086826
experiment_name,fdb0fc7d-f5aa-4852-9257-170307a0ed0c,function_transfer_time,1779127175.5808,0.000082193
experiment_name,fdb0fc7d-f5aa-4852-9257-170307a0ed0c,function_transfer_time,1779127175.68216,0.000082445
experiment_name,fdb0fc7d-f5aa-4852-9257-170307a0ed0c,function_transfer_time,1779127175.7835042,0.000083028
experiment_name,fdb0fc7d-f5aa-4852-9257-170307a0ed0c,function_transfer_time,1779127175.8848188,0.000080792
experiment_name,fdb0fc7d-f5aa-4852-9257-170307a0ed0c,function_transfer_time,1779127175.9861252,0.000076225
experiment_name,fdb0fc7d-f5aa-4852-9257-170307a0ed0c,function_transfer_time,1779127176.0874507,0.000080529
experiment_name,fdb0fc7d-f5aa-4852-9257-170307a0ed0c,function_transfer_time,1779127176.1889937,0.000081452
experiment_name,fdb0fc7d-f5aa-4852-9257-170307a0ed0c,function_transfer_time,1779127176.2893236,0.00007841
experiment_name,fdb0fc7d-f5aa-4852-9257-170307a0ed0c,function_transfer_time,1779127176.3906415,0.000085168
experiment_name,fdb0fc7d-f5aa-4852-9257-170307a0ed0c,function_transfer_time,1779127176.491977,0.000083381
experiment_name,fdb0fc7d-f5aa-4852-9257-170307a0ed0c,function_transfer_time,1779127176.5932825,0.000083107
experiment_name,fdb0fc7d-f5aa-4852-9257-170307a0ed0c,function_transfer_time,1779127176.69464,0.000080904
experiment_name,fdb0fc7d-f5aa-4852-9257-170307a0ed0c,function_transfer_time,1779127176.7959762,0.000077239
experiment_name,fdb0fc7d-f5aa-4852-9257-170307a0ed0c,function_transfer_time,1779127176.8972805,0.000075482
experiment_name,fdb0fc7d-f5aa-4852-9257-170307a0ed0c,function_transfer_time,1779127176.99863,0.000082392
experiment_name,fdb0fc7d-f5aa-4852-9257-170307a0ed0c,function_transfer_time,1779127177.0999386,0.000078565
experiment_name,fdb0fc7d-f5aa-4852-9257-170307a0ed0c,function_transfer_time,1779127177.2012687,0.000077505
experiment_name,fdb0fc7d-f5aa-4852-9257-170307a0ed0c,function_transfer_time,1779127177.3025553,0.000075018
experiment_name,fdb0fc7d-f5aa-4852-9257-170307a0ed0c,function_transfer_time,1779127177.4038813,0.000078514
experiment_name,fdb0fc7d-f5aa-4852-9257-170307a0ed0c,function_transfer_time,1779127177.504347,0.000075563
experiment_name,fdb0fc7d-f5aa-4852-9257-170307a0ed0c,function_transfer_time,1779127177.6056542,0.000080726
experiment_name,fdb0fc7d-f5aa-4852-9257-170307a0ed0c,function_transfer_time,1779127177.7070305,0.000074926
experiment_name,fdb0fc7d-f5aa-4852-9257-170307a0ed0c,function_transfer_time,1779127177.8073325,0.000076368
experiment_name,fdb0fc7d-f5aa-4852-9257-170307a0ed0c,function_transfer_time,1779127177.9086723,0.000087908
experiment_name,fdb0fc7d-f5aa-4852-9257-170307a0ed0c,function_transfer_time,1779127178.0099707,0.000085705
experiment_name,fdb0fc7d-f5aa-4852-9257-170307a0ed0c,function_transfer_time,1779127178.1102889,0.000082097
experiment_name,fdb0fc7d-f5aa-4852-9257-170307a0ed0c,function_transfer_time,1779127178.2117078,0.000083951
experiment_name,fdb0fc7d-f5aa-4852-9257-170307a0ed0c,function_transfer_time,1779127178.3130438,0.000079152
experiment_name,fdb0fc7d-f5aa-4852-9257-170307a0ed0c,function_transfer_time,1779127178.4133966,0.00008386
experiment_name,fdb0fc7d-f5aa-4852-9257-170307a0ed0c,function_transfer_time,1779127178.5147266,0.000086789
experiment_name,fdb0fc7d-f5aa-4852-9257-170307a0ed0c,function_transfer_time,1779127178.6160378,0.000082842
experiment_name,fdb0fc7d-f5aa-4852-9257-170307a0ed0c,function_transfer_time,1779127178.7174342,0.000075847
experiment_name,fdb0fc7d-f5aa-4852-9257-170307a0ed0c,function_transfer_time,1779127178.8187318,0.000075584
experiment_name,fdb0fc7d-f5aa-4852-9257-170307a0ed0c,function_transfer_time,1779127178.9200644,0.000077996
experiment_name,fdb0fc7d-f5aa-4852-9257-170307a0ed0c,function_transfer_time,1779127179.020361,0.00008251
experiment_name,fdb0fc7d-f5aa-4852-9257-170307a0ed0c,function_transfer_time,1779127179.1217055,0.000081348
experiment_name,fdb0fc7d-f5aa-4852-9257-170307a0ed0c,function_transfer_time,1779127179.2230372,0.000086538
experiment_name,fdb0fc7d-f5aa-4852-9257-170307a0ed0c,function_transfer_time,1779127179.324383,0.000082516
experiment_name,fdb0fc7d-f5aa-4852-9257-170307a0ed0c,function_transfer_time,1779127179.42574,0.00007897
experiment_name,fdb0fc7d-f5aa-4852-9257-170307a0ed0c,function_transfer_time,1779127179.5270617,0.000088095
experiment_name,eef624cd-2f1d-46ff-9e3d-cd6471b67e92,function_transfer_time,1779127174.6691031,0.000080707
experiment_name,eef624cd-2f1d-46ff-9e3d-cd6471b67e92,function_transfer_time,1779127174.7704701,0.000140925
experiment_name,eef624cd-2f1d-46ff-9e3d-cd6471b67e92,function_transfer_time,1779127174.8717484,0.000103587
experiment_name,eef624cd-2f1d-46ff-9e3d-cd6471b67e92,function_transfer_time,1779127174.973126,0.00010093
experiment_name,eef624cd-2f1d-46ff-9e3d-cd6471b67e92,function_transfer_time,1779127175.0744045,0.000104407
experiment_name,eef624cd-2f1d-46ff-9e3d-cd6471b67e92,function_transfer_time,1779127175.175732,0.000129867
experiment_name,eef624cd-2f1d-46ff-9e3d-cd6471b67e92,function_transfer_time,1779127175.2769382,0.000039561
experiment_name,eef624cd-2f1d-46ff-9e3d-cd6471b67e92,function_transfer_time,1779127175.378285,0.000067751
experiment_name,eef624cd-2f1d-46ff-9e3d-cd6471b67e92,function_transfer_time,1779127175.4796264,0.000111276
experiment_name,eef624cd-2f1d-46ff-9e3d-cd6471b67e92,function_transfer_time,1779127175.5809608,0.000035984
experiment_name,eef624cd-2f1d-46ff-9e3d-cd6471b67e92,function_transfer_time,1779127175.6823313,0.000099618
experiment_name,eef624cd-2f1d-46ff-9e3d-cd6471b67e92,function_transfer_time,1779127175.7836878,0.000129219
experiment_name,eef624cd-2f1d-46ff-9e3d-cd6471b67e92,function_transfer_time,1779127175.8849802,0.000108638
experiment_name,eef624cd-2f1d-46ff-9e3d-cd6471b67e92,function_transfer_time,1779127175.9863098,0.00012944
experiment_name,eef624cd-2f1d-46ff-9e3d-cd6471b67e92,function_transfer_time,1779127176.0876362,0.000128916
experiment_name,eef624cd-2f1d-46ff-9e3d-cd6471b67e92,function_transfer_time,1779127176.189168,0.000119323
experiment_name,eef624cd-2f1d-46ff-9e3d-cd6471b67e92,function_transfer_time,1779127176.2895086,0.000131182
experiment_name,eef624cd-2f1d-46ff-9e3d-cd6471b67e92,function_transfer_time,1779127176.3908122,0.000111571
experiment_name,eef624cd-2f1d-46ff-9e3d-cd6471b67e92,function_transfer_time,1779127176.4921515,0.000120979
experiment_name,eef624cd-2f1d-46ff-9e3d-cd6471b67e92,function_transfer_time,1779127176.5934327,0.000033418
experiment_name,eef624cd-2f1d-46ff-9e3d-cd6471b67e92,function_transfer_time,1779127176.6948016,0.000109475
experiment_name,eef624cd-2f1d-46ff-9e3d-cd6471b67e92,function_transfer_time,1779127176.7960806,0.000050918
experiment_name,eef624cd-2f1d-46ff-9e3d-cd6471b67e92,function_transfer_time,1779127176.8974454,0.000054305
experiment_name,eef624cd-2f1d-46ff-9e3d-cd6471b67e92,function_transfer_time,1779127176.9987392,0.000054276
experiment_name,eef624cd-2f1d-46ff-9e3d-cd6471b67e92,function_transfer_time,1779127177.1000905,0.000045826
experiment_name,eef624cd-2f1d-46ff-9e3d-cd6471b67e92,function_transfer_time,1779127177.2013996,0.000082417
experiment_name,eef624cd-2f1d-46ff-9e3d-cd6471b67e92,function_transfer_time,1779127177.3027418,0.000131543
experiment_name,eef624cd-2f1d-46ff-9e3d-cd6471b67e92,function_transfer_time,1779127177.404025,0.00009023
experiment_name,eef624cd-2f1d-46ff-9e3d-cd6471b67e92,function_transfer_time,1779127177.5044954,0.000056701
experiment_name,eef624cd-2f1d-46ff-9e3d-cd6471b67e92,function_transfer_time,1779127177.6058104,0.000038101
experiment_name,eef624cd-2f1d-46ff-9e3d-cd6471b67e92,function_transfer_time,1779127177.707205,0.000119839
experiment_name,eef624cd-2f1d-46ff-9e3d-cd6471b67e92,function_transfer_time,1779127177.807518,0.000123586
experiment_name,eef624cd-2f1d-46ff-9e3d-cd6471b67e92,function_transfer_time,1779127177.908846,0.000117754
experiment_name,eef624cd-2f1d-46ff-9e3d-cd6471b67e92,function_transfer_time,1779127178.0101316,0.000054519
experiment_name,eef624cd-2f1d-46ff-9e3d-cd6471b67e92,function_transfer_time,1779127178.1104639,0.000112271
experiment_name,eef624cd-2f1d-46ff-9e3d-cd6471b67e92,function_transfer_time,1779127178.2117772,0.000055462
experiment_name,eef624cd-2f1d-46ff-9e3d-cd6471b67e92,function_transfer_time,1779127178.3132188,0.000119074
experiment_name,eef624cd-2f1d-46ff-9e3d-cd6471b67e92,function_transfer_time,1779127178.4135547,0.000035988
experiment_name,eef624cd-2f1d-46ff-9e3d-cd6471b67e92,function_transfer_time,1779127178.5148234,0.000038795
experiment_name,eef624cd-2f1d-46ff-9e3d-cd6471b67e92,function_transfer_time,1779127178.616196,0.000030721
experiment_name,eef624cd-2f1d-46ff-9e3d-cd6471b67e92,function_transfer_time,1779127178.7176108,0.000112614
experiment_name,eef624cd-2f1d-46ff-9e3d-cd6471b67e92,function_transfer_time,1779127178.8189158,0.000129621
experiment_name,eef624cd-2f1d-46ff-9e3d-cd6471b67e92,function_transfer_time,1779127178.9202278,0.000112392
experiment_name,eef624cd-2f1d-46ff-9e3d-cd6471b67e92,function_transfer_time,1779127179.0205407,0.000128732
experiment_name,eef624cd-2f1d-46ff-9e3d-cd6471b67e92,function_transfer_time,1779127179.1218696,0.000109431
experiment_name,eef624cd-2f1d-46ff-9e3d-cd6471b67e92,function_transfer_time,1779127179.2232232,0.000114695
experiment_name,eef624cd-2f1d-46ff-9e3d-cd6471b67e92,function_transfer_time,1779127179.3245735,0.000114012
experiment_name,eef624cd-2f1d-46ff-9e3d-cd6471b67e92,function_transfer_time,1779127179.4258986,0.000089293
experiment_name,eef624cd-2f1d-46ff-9e3d-cd6471b67e92,function_transfer_time,1779127179.5272226,0.000109384
experiment_name,65db93a4-f308-40f7-87c7-0a82a173741d,function_stop_time,1779127181.024076,0.000046519
experiment_name,16578311-8c3c-46ca-a32c-2991b33b6373,function_stop_time,1779127181.049433,0.000039741
experiment_name,0558c1ac-499c-4c4f-8442-1180a42f0954,function_stop_time,1779127181.0503898,0.000038167
experiment_name,8c2ac18a-4746-49ff-b239-5dae0e87ca6e,function_stop_time,1779127181.0416036,0.000044741
experiment_name,2d717b44-1b68-496c-8e10-95ef641b7db2,function_stop_time,1779127181.0231795,0.000051722
experiment_name,540ad95c-3948-43f9-b1e1-b9aebffb4355,function_stop_time,1779127181.043259,0.000047463
experiment_name,d8755012-fec9-419f-b072-499db7dbaad1,function_stop_time,1779127181.0425177,0.000038778
experiment_name,31661d01-5949-4cce-86e3-87b690e9670a,function_stop_time,1779127181.0465245,0.000037593
experiment_name,cf383d9b-cebe-4b14-b747-364e508cf0c5,function_stop_time,1779127181.0223172,0.000068741
experiment_name,d95dabf7-a4ba-47da-96aa-0a770802ac96,function_stop_time,1779127181.0389972,0.00003637
experiment_name,d212307b-87b1-48da-82fa-4562dac2d33c,function_stop_time,1779127181.0482686,0.0000435
experiment_name,373b1c74-0e1c-4016-936a-aa389271c8ab,function_stop_time,1779127181.0375876,0.000046611
experiment_name,48f9ff5a-43bf-4ce6-af10-fe9fb22fd50d,function_stop_time,1779127181.0488186,0.000037056
experiment_name,01b50996-7112-43ee-8d8e-a0193926b8f7,function_stop_time,1779127181.0445654,0.000041815
experiment_name,41eeb863-57c7-41ee-a90a-604eb19dd9d4,function_stop_time,1779127181.0396407,0.000051074
experiment_name,fdb0fc7d-f5aa-4852-9257-170307a0ed0c,function_execution_time,1779127179.6282394,0.00009025
experiment_name,fdb0fc7d-f5aa-4852-9257-170307a0ed0c,function_execution_time,1779127179.7295609,0.000098956
experiment_name,fdb0fc7d-f5aa-4852-9257-170307a0ed0c,function_execution_time,1779127179.8308012,0.00007457
experiment_name,fdb0fc7d-f5aa-4852-9257-170307a0ed0c,function_execution_time,1779127179.9320104,0.000076021
experiment_name,fdb0fc7d-f5aa-4852-9257-170307a0ed0c,function_execution_time,1779127180.0333261,0.000073895
experiment_name,fdb0fc7d-f5aa-4852-9257-170307a0ed0c,function_execution_time,1779127180.1346104,0.000083918
experiment_name,fdb0fc7d-f5aa-4852-9257-170307a0ed0c,function_execution_time,1779127180.2359273,0.000071082
experiment_name,fdb0fc7d-f5aa-4852-9257-170307a0ed0c,function_execution_time,1779127180.3372047,0.00006965
experiment_name,fdb0fc7d-f5aa-4852-9257-170307a0ed0c,function_execution_time,1779127180.4385393,0.000079045
experiment_name,fdb0fc7d-f5aa-4852-9257-170307a0ed0c,function_execution_time,1779127180.5398078,0.000073314
experiment_name,fdb0fc7d-f5aa-4852-9257-170307a0ed0c,function_execution_time,1779127180.6412406,0.000162647
experiment_name,fdb0fc7d-f5aa-4852-9257-170307a0ed0c,function_execution_time,1779127180.7425194,0.000075765
experiment_name,fdb0fc7d-f5aa-4852-9257-170307a0ed0c,function_execution_time,1779127180.8438642,0.00007846
experiment_name,fdb0fc7d-f5aa-4852-9257-170307a0ed0c,function_execution_time,1779127180.9451728,0.000072438
experiment_name,eef624cd-2f1d-46ff-9e3d-cd6471b67e92,function_execution_time,1779127179.6283045,0.00006772
experiment_name,eef624cd-2f1d-46ff-9e3d-cd6471b67e92,function_execution_time,1779127179.729584,0.000066469
experiment_name,eef624cd-2f1d-46ff-9e3d-cd6471b67e92,function_execution_time,1779127179.8308907,0.000061657
experiment_name,eef624cd-2f1d-46ff-9e3d-cd6471b67e92,function_execution_time,1779127179.9321058,0.000068865
experiment_name,eef624cd-2f1d-46ff-9e3d-cd6471b67e92,function_execution_time,1779127180.0335133,0.00007692
experiment_name,eef624cd-2f1d-46ff-9e3d-cd6471b67e92,function_execution_time,1779127180.1347928,0.000063896
experiment_name,eef624cd-2f1d-46ff-9e3d-cd6471b67e92,function_execution_time,1779127180.236093,0.000057705
experiment_name,eef624cd-2f1d-46ff-9e3d-cd6471b67e92,function_execution_time,1779127180.3373415,0.000056171
experiment_name,eef624cd-2f1d-46ff-9e3d-cd6471b67e92,function_execution_time,1779127180.4387066,0.000065887
experiment_name,eef624cd-2f1d-46ff-9e3d-cd6471b67e92,function_execution_time,1779127180.5399659,0.00005771
experiment_name,eef624cd-2f1d-46ff-9e3d-cd6471b67e92,function_execution_time,1779127180.6412961,0.000058226
experiment_name,eef624cd-2f1d-46ff-9e3d-cd6471b67e92,function_execution_time,1779127180.7426553,0.000053985
experiment_name,eef624cd-2f1d-46ff-9e3d-cd6471b67e92,function_execution_time,1779127180.8440003,0.000054907
experiment_name,eef624cd-2f1d-46ff-9e3d-cd6471b67e92,function_execution_time,1779127180.9453359,0.000062471
experiment_name,fdb0fc7d-f5aa-4852-9257-170307a0ed0c,function_stop_time,1779127181.0420008,0.000033012
experiment_name,eef624cd-2f1d-46ff-9e3d-cd6471b67e92,function_stop_time,1779127181.0469131,0.000035339
experiment_name,17215125-a96f-440b-beb5-1aeabb06f101,function_stop_time,1779127181.0255814,0.000053763
experiment_name,fdb0fc7d-f5aa-4852-9257-170307a0ed0c,function_transfer_time,1779127179.6281493,0.0000145
experiment_name,fdb0fc7d-f5aa-4852-9257-170307a0ed0c,function_transfer_time,1779127179.7294066,0.000082621
experiment_name,fdb0fc7d-f5aa-4852-9257-170307a0ed0c,function_transfer_time,1779127179.830677,0.000019259
experiment_name,fdb0fc7d-f5aa-4852-9257-170307a0ed0c,function_transfer_time,1779127179.9319327,0.000023344
experiment_name,fdb0fc7d-f5aa-4852-9257-170307a0ed0c,function_transfer_time,1779127180.033242,0.000076112
experiment_name,fdb0fc7d-f5aa-4852-9257-170307a0ed0c,function_transfer_time,1779127180.1345272,0.000022704
experiment_name,fdb0fc7d-f5aa-4852-9257-170307a0ed0c,function_transfer_time,1779127180.2358444,0.000082776
experiment_name,fdb0fc7d-f5aa-4852-9257-170307a0ed0c,function_transfer_time,1779127180.337125,0.000021849
experiment_name,fdb0fc7d-f5aa-4852-9257-170307a0ed0c,function_transfer_time,1779127180.4384546,0.000089941
experiment_name,fdb0fc7d-f5aa-4852-9257-170307a0ed0c,function_transfer_time,1779127180.5397267,0.000023722
experiment_name,fdb0fc7d-f5aa-4852-9257-170307a0ed0c,function_transfer_time,1779127180.641067,0.000079201
experiment_name,fdb0fc7d-f5aa-4852-9257-170307a0ed0c,function_transfer_time,1779127180.7424388,0.000080575
experiment_name,fdb0fc7d-f5aa-4852-9257-170307a0ed0c,function_transfer_time,1779127180.843779,0.000082483
experiment_name,fdb0fc7d-f5aa-4852-9257-170307a0ed0c,function_transfer_time,1779127180.9450953,0.000087211
experiment_name,eef624cd-2f1d-46ff-9e3d-cd6471b67e92,function_transfer_time,1779127179.6282358,0.000027406
experiment_name,eef624cd-2f1d-46ff-9e3d-cd6471b67e92,function_transfer_time,1779127179.7295644,0.000042534
experiment_name,eef624cd-2f1d-46ff-9e3d-cd6471b67e92,function_transfer_time,1779127179.8308237,0.000098057
experiment_name,eef624cd-2f1d-46ff-9e3d-cd6471b67e92,function_transfer_time,1779127179.9320877,0.00004563
experiment_name,eef624cd-2f1d-46ff-9e3d-cd6471b67e92,function_transfer_time,1779127180.0334394,0.000130142
experiment_name,eef624cd-2f1d-46ff-9e3d-cd6471b67e92,function_transfer_time,1779127180.134728,0.000133619
experiment_name,eef624cd-2f1d-46ff-9e3d-cd6471b67e92,function_transfer_time,1779127180.2360294,0.000129468
experiment_name,eef624cd-2f1d-46ff-9e3d-cd6471b67e92,function_transfer_time,1779127180.3372896,0.000103796
experiment_name,eef624cd-2f1d-46ff-9e3d-cd6471b67e92,function_transfer_time,1779127180.43864,0.000131621
experiment_name,eef624cd-2f1d-46ff-9e3d-cd6471b67e92,function_transfer_time,1779127180.5399075,0.000124126
experiment_name,eef624cd-2f1d-46ff-9e3d-cd6471b67e92,function_transfer_time,1779127180.6412373,0.000035939
experiment_name,eef624cd-2f1d-46ff-9e3d-cd6471b67e92,function_transfer_time,1779127180.7426014,0.000107772
experiment_name,eef624cd-2f1d-46ff-9e3d-cd6471b67e92,function_transfer_time,1779127180.8439443,0.000104456
experiment_name,eef624cd-2f1d-46ff-9e3d-cd6471b67e92,function_transfer_time,1779127180.9452727,0.000122128
experiment_name,3887d1e0-4b0e-4553-bd6b-f25f20142e69,function_stop_time,1779127181.0471923,0.000028981
experiment_name,6d109d43-6314-4ca1-99af-bff2eda54185,function_stop_time,1779127181.0532632,0.000032833
experiment_name,ceafb1f2-06cc-46f3-b3c4-108782198591,function_stop_time,1779127181.0541406,0.000028556
experiment_name,491423c8-1d48-487f-97db-753dc969bc7e,function_stop_time,1779127181.041593,0.000030259
experiment_name,195baa39-5d7c-43a5-99b3-914f0db59c9c,function_stop_time,1779127181.0245094,0.000063482
experiment_name,6dad27f4-6abe-4868-9747-2e307b4486c1,function_stop_time,1779127181.0491579,0.000028538
experiment_name,e64134e7-c6fc-42b4-912a-7bad1f69d937,function_stop_time,1779127181.0486102,0.000030297
experiment_name,91805380-72a6-43f3-a41b-41840578e244,function_stop_time,1779127181.0282187,0.000033612
experiment_name,23751a44-a32e-4d20-9034-d35542e3eeea,function_stop_time,1779127181.0401719,0.000049815
experiment_name,edd8f46a-4c97-4226-9b99-29c7d14079f0,function_stop_time,1779127181.0441792,0.00003687
experiment_name,a0427ddc-b47f-4dc2-b7d4-b237b026bff5,function_stop_time,1779127181.0507314,0.000033611
experiment_name,5a98d4f0-bb0d-4656-b61f-e86ee404ed2a,function_stop_time,1779127181.0435925,0.000054315
experiment_name,7359f4ba-762b-41cb-a189-525b3253e24c,function_stop_time,1779127181.0550764,0.000025222
experiment_name,aa8a424f-6e86-49c7-9c01-08def77dc087,function_stop_time,1779127181.0512536,0.000027389
experiment_name,ed5ba378-0c35-4a86-851f-f82104b9cbf9,function_stop_time,1779127181.0545478,0.000051463
