experiment_name,b76b1106-db00-41e7-9bc0-ab642a0360a8,function_instantiate_time,1779123286.5580573,0.008756191
experiment_name,f8defd48-5f23-4c05-a9ab-39aaf179ad43,function_instantiate_time,1779123286.5195227,0.008507934
experiment_name,6d3b0cb6-f994-41da-bbcf-31e20349765a,function_instantiate_time,1779123286.5192935,0.010983605
experiment_name,6d3b0cb6-f994-41da-bbcf-31e20349765a,function_init_time,1779123286.5193493,0.000078055
experiment_name,f8defd48-5f23-4c05-a9ab-39aaf179ad43,function_init_time,1779123286.5195582,0.00003733
experiment_name,b76b1106-db00-41e7-9bc0-ab642a0360a8,function_init_time,1779123286.5580997,0.000050873
experiment_name,f8defd48-5f23-4c05-a9ab-39aaf179ad43,function_execution_time,1779123286.6206276,0.000071099
experiment_name,f8defd48-5f23-4c05-a9ab-39aaf179ad43,function_execution_time,1779123286.7219021,0.000060343
experiment_name,f8defd48-5f23-4c05-a9ab-39aaf179ad43,function_execution_time,1779123286.8226569,0.000097114
experiment_name,f8defd48-5f23-4c05-a9ab-39aaf179ad43,function_execution_time,1779123286.924036,0.000068109
experiment_name,f8defd48-5f23-4c05-a9ab-39aaf179ad43,function_execution_time,1779123287.0252168,0.000062548
experiment_name,f8defd48-5f23-4c05-a9ab-39aaf179ad43,function_execution_time,1779123287.1264803,0.000076987
experiment_name,f8defd48-5f23-4c05-a9ab-39aaf179ad43,function_execution_time,1779123287.2277741,0.000057544
experiment_name,f8defd48-5f23-4c05-a9ab-39aaf179ad43,function_execution_time,1779123287.32914,0.00006001
experiment_name,f8defd48-5f23-4c05-a9ab-39aaf179ad43,function_execution_time,1779123287.4302824,0.00005798
experiment_name,f8defd48-5f23-4c05-a9ab-39aaf179ad43,function_execution_time,1779123287.53168,0.000058786
experiment_name,f8defd48-5f23-4c05-a9ab-39aaf179ad43,function_execution_time,1779123287.6330848,0.000070599
experiment_name,f8defd48-5f23-4c05-a9ab-39aaf179ad43,function_execution_time,1779123287.7343962,0.000061501
experiment_name,f8defd48-5f23-4c05-a9ab-39aaf179ad43,function_execution_time,1779123287.835618,0.000058215
experiment_name,f8defd48-5f23-4c05-a9ab-39aaf179ad43,function_execution_time,1779123287.9369457,0.000061622
experiment_name,f8defd48-5f23-4c05-a9ab-39aaf179ad43,function_execution_time,1779123288.0382953,0.000061931
experiment_name,f8defd48-5f23-4c05-a9ab-39aaf179ad43,function_execution_time,1779123288.139602,0.000054547
experiment_name,f8defd48-5f23-4c05-a9ab-39aaf179ad43,function_execution_time,1779123288.2408712,0.000055568
experiment_name,f8defd48-5f23-4c05-a9ab-39aaf179ad43,function_execution_time,1779123288.3421614,0.000053789
experiment_name,f8defd48-5f23-4c05-a9ab-39aaf179ad43,function_execution_time,1779123288.443513,0.000057095
experiment_name,f8defd48-5f23-4c05-a9ab-39aaf179ad43,function_execution_time,1779123288.5448208,0.000061435
experiment_name,f8defd48-5f23-4c05-a9ab-39aaf179ad43,function_execution_time,1779123288.6461625,0.000057841
experiment_name,f8defd48-5f23-4c05-a9ab-39aaf179ad43,function_execution_time,1779123288.747507,0.000054056
experiment_name,f8defd48-5f23-4c05-a9ab-39aaf179ad43,function_execution_time,1779123288.848785,0.000054809
experiment_name,f8defd48-5f23-4c05-a9ab-39aaf179ad43,function_execution_time,1779123288.9501336,0.000061576
experiment_name,f8defd48-5f23-4c05-a9ab-39aaf179ad43,function_execution_time,1779123289.0514064,0.000058411
experiment_name,f8defd48-5f23-4c05-a9ab-39aaf179ad43,function_execution_time,1779123289.1528146,0.00005894
experiment_name,f8defd48-5f23-4c05-a9ab-39aaf179ad43,function_execution_time,1779123289.2540703,0.000054683
experiment_name,f8defd48-5f23-4c05-a9ab-39aaf179ad43,function_execution_time,1779123289.3554537,0.000067317
experiment_name,f8defd48-5f23-4c05-a9ab-39aaf179ad43,function_execution_time,1779123289.4567056,0.000070751
experiment_name,f8defd48-5f23-4c05-a9ab-39aaf179ad43,function_execution_time,1779123289.5580816,0.000053971
experiment_name,6d3b0cb6-f994-41da-bbcf-31e20349765a,function_execution_time,1779123286.5195308,0.000144033
experiment_name,6d3b0cb6-f994-41da-bbcf-31e20349765a,function_execution_time,1779123286.6205213,0.00011503
experiment_name,6d3b0cb6-f994-41da-bbcf-31e20349765a,function_execution_time,1779123286.7217777,0.000096907
experiment_name,6d3b0cb6-f994-41da-bbcf-31e20349765a,function_execution_time,1779123286.8225513,0.000229883
experiment_name,6d3b0cb6-f994-41da-bbcf-31e20349765a,function_execution_time,1779123286.923994,0.000103512
experiment_name,6d3b0cb6-f994-41da-bbcf-31e20349765a,function_execution_time,1779123287.025065,0.000077323
experiment_name,6d3b0cb6-f994-41da-bbcf-31e20349765a,function_execution_time,1779123287.1263783,0.000073532
experiment_name,6d3b0cb6-f994-41da-bbcf-31e20349765a,function_execution_time,1779123287.2276964,0.000072974
experiment_name,6d3b0cb6-f994-41da-bbcf-31e20349765a,function_execution_time,1779123287.328961,0.000069009
experiment_name,6d3b0cb6-f994-41da-bbcf-31e20349765a,function_execution_time,1779123287.430204,0.00006934
experiment_name,6d3b0cb6-f994-41da-bbcf-31e20349765a,function_execution_time,1779123287.5316143,0.000147196
experiment_name,6d3b0cb6-f994-41da-bbcf-31e20349765a,function_execution_time,1779123287.63299,0.00006896
experiment_name,6d3b0cb6-f994-41da-bbcf-31e20349765a,function_execution_time,1779123287.7342513,0.000066347
experiment_name,6d3b0cb6-f994-41da-bbcf-31e20349765a,function_execution_time,1779123287.8355408,0.000077182
experiment_name,6d3b0cb6-f994-41da-bbcf-31e20349765a,function_execution_time,1779123287.936802,0.000068592
experiment_name,6d3b0cb6-f994-41da-bbcf-31e20349765a,function_execution_time,1779123288.0381422,0.000071729
experiment_name,6d3b0cb6-f994-41da-bbcf-31e20349765a,function_execution_time,1779123288.139446,0.000086749
experiment_name,6d3b0cb6-f994-41da-bbcf-31e20349765a,function_execution_time,1779123288.240784,0.000083313
experiment_name,6d3b0cb6-f994-41da-bbcf-31e20349765a,function_execution_time,1779123288.342023,0.000068931
experiment_name,6d3b0cb6-f994-41da-bbcf-31e20349765a,function_execution_time,1779123288.44335,0.000068672
experiment_name,6d3b0cb6-f994-41da-bbcf-31e20349765a,function_execution_time,1779123288.5447605,0.000150145
experiment_name,6d3b0cb6-f994-41da-bbcf-31e20349765a,function_execution_time,1779123288.6460345,0.000077494
experiment_name,6d3b0cb6-f994-41da-bbcf-31e20349765a,function_execution_time,1779123288.7473316,0.000072557
experiment_name,6d3b0cb6-f994-41da-bbcf-31e20349765a,function_execution_time,1779123288.848644,0.000069744
experiment_name,6d3b0cb6-f994-41da-bbcf-31e20349765a,function_execution_time,1779123288.9499655,0.000079521
experiment_name,6d3b0cb6-f994-41da-bbcf-31e20349765a,function_execution_time,1779123289.0513303,0.000071152
experiment_name,6d3b0cb6-f994-41da-bbcf-31e20349765a,function_execution_time,1779123289.1526453,0.000069363
experiment_name,6d3b0cb6-f994-41da-bbcf-31e20349765a,function_execution_time,1779123289.2539897,0.000077842
experiment_name,6d3b0cb6-f994-41da-bbcf-31e20349765a,function_execution_time,1779123289.3552861,0.000073242
experiment_name,6d3b0cb6-f994-41da-bbcf-31e20349765a,function_execution_time,1779123289.4566007,0.000073052
experiment_name,6d3b0cb6-f994-41da-bbcf-31e20349765a,function_execution_time,1779123289.5580301,0.0001456
experiment_name,b76b1106-db00-41e7-9bc0-ab642a0360a8,function_execution_time,1779123286.7611103,0.002074413
experiment_name,b76b1106-db00-41e7-9bc0-ab642a0360a8,function_execution_time,1779123286.7624838,0.001363078
experiment_name,b76b1106-db00-41e7-9bc0-ab642a0360a8,function_execution_time,1779123286.774473,0.001211174
experiment_name,b76b1106-db00-41e7-9bc0-ab642a0360a8,function_execution_time,1779123286.7806745,0.001408092
experiment_name,b76b1106-db00-41e7-9bc0-ab642a0360a8,function_execution_time,1779123286.7846198,0.001112071
experiment_name,b76b1106-db00-41e7-9bc0-ab642a0360a8,function_execution_time,1779123286.7915025,0.001054643
experiment_name,b76b1106-db00-41e7-9bc0-ab642a0360a8,function_execution_time,1779123286.7949047,0.00103453
experiment_name,b76b1106-db00-41e7-9bc0-ab642a0360a8,function_execution_time,1779123286.8020842,0.000989869
experiment_name,b76b1106-db00-41e7-9bc0-ab642a0360a8,function_execution_time,1779123286.8055484,0.001010102
experiment_name,b76b1106-db00-41e7-9bc0-ab642a0360a8,function_execution_time,1779123286.8126976,0.001102568
experiment_name,b76b1106-db00-41e7-9bc0-ab642a0360a8,function_execution_time,1779123286.8163862,0.001103269
experiment_name,b76b1106-db00-41e7-9bc0-ab642a0360a8,function_execution_time,1779123286.8234606,0.001159254
experiment_name,b76b1106-db00-41e7-9bc0-ab642a0360a8,function_execution_time,1779123286.8263125,0.001007338
experiment_name,b76b1106-db00-41e7-9bc0-ab642a0360a8,function_execution_time,1779123286.8341777,0.001056351
experiment_name,b76b1106-db00-41e7-9bc0-ab642a0360a8,function_execution_time,1779123286.8372357,0.001013301
experiment_name,b76b1106-db00-41e7-9bc0-ab642a0360a8,function_execution_time,1779123286.8626745,0.001198609
experiment_name,b76b1106-db00-41e7-9bc0-ab642a0360a8,function_execution_time,1779123286.8651748,0.001275113
experiment_name,b76b1106-db00-41e7-9bc0-ab642a0360a8,function_execution_time,1779123286.8769965,0.001539985
experiment_name,b76b1106-db00-41e7-9bc0-ab642a0360a8,function_execution_time,1779123286.8838398,0.001267711
experiment_name,b76b1106-db00-41e7-9bc0-ab642a0360a8,function_execution_time,1779123286.8869445,0.000843437
experiment_name,b76b1106-db00-41e7-9bc0-ab642a0360a8,function_execution_time,1779123286.8948433,0.001272632
experiment_name,b76b1106-db00-41e7-9bc0-ab642a0360a8,function_execution_time,1779123286.8975954,0.00118591
experiment_name,b76b1106-db00-41e7-9bc0-ab642a0360a8,function_execution_time,1779123286.904878,0.001701727
experiment_name,b76b1106-db00-41e7-9bc0-ab642a0360a8,function_execution_time,1779123286.908313,0.001175388
experiment_name,b76b1106-db00-41e7-9bc0-ab642a0360a8,function_execution_time,1779123286.9147763,0.00086151
experiment_name,b76b1106-db00-41e7-9bc0-ab642a0360a8,function_execution_time,1779123286.9197927,0.001514098
experiment_name,b76b1106-db00-41e7-9bc0-ab642a0360a8,function_execution_time,1779123286.9269226,0.00130775
experiment_name,b76b1106-db00-41e7-9bc0-ab642a0360a8,function_execution_time,1779123286.9293103,0.00118468
experiment_name,b76b1106-db00-41e7-9bc0-ab642a0360a8,function_execution_time,1779123286.9368844,0.001291709
experiment_name,b76b1106-db00-41e7-9bc0-ab642a0360a8,function_execution_time,1779123286.9417956,0.001819113
experiment_name,f8defd48-5f23-4c05-a9ab-39aaf179ad43,function_transfer_time,1779123286.6205435,0.000111467
experiment_name,f8defd48-5f23-4c05-a9ab-39aaf179ad43,function_transfer_time,1779123286.7218325,0.000085531
experiment_name,f8defd48-5f23-4c05-a9ab-39aaf179ad43,function_transfer_time,1779123286.8225524,0.000045106
experiment_name,f8defd48-5f23-4c05-a9ab-39aaf179ad43,function_transfer_time,1779123286.9239614,0.000015752
experiment_name,f8defd48-5f23-4c05-a9ab-39aaf179ad43,function_transfer_time,1779123287.0251532,0.000109507
experiment_name,f8defd48-5f23-4c05-a9ab-39aaf179ad43,function_transfer_time,1779123287.126458,0.000051181
experiment_name,f8defd48-5f23-4c05-a9ab-39aaf179ad43,function_transfer_time,1779123287.2277713,0.000047327
experiment_name,f8defd48-5f23-4c05-a9ab-39aaf179ad43,function_transfer_time,1779123287.329079,0.000139593
experiment_name,f8defd48-5f23-4c05-a9ab-39aaf179ad43,function_transfer_time,1779123287.430279,0.000048616
experiment_name,f8defd48-5f23-4c05-a9ab-39aaf179ad43,function_transfer_time,1779123287.5316167,0.000036797
experiment_name,f8defd48-5f23-4c05-a9ab-39aaf179ad43,function_transfer_time,1779123287.6330636,0.000055315
experiment_name,f8defd48-5f23-4c05-a9ab-39aaf179ad43,function_transfer_time,1779123287.7343533,0.000111553
experiment_name,f8defd48-5f23-4c05-a9ab-39aaf179ad43,function_transfer_time,1779123287.835614,0.000056886
experiment_name,f8defd48-5f23-4c05-a9ab-39aaf179ad43,function_transfer_time,1779123287.936903,0.00011056
experiment_name,f8defd48-5f23-4c05-a9ab-39aaf179ad43,function_transfer_time,1779123288.0382257,0.000108532
experiment_name,f8defd48-5f23-4c05-a9ab-39aaf179ad43,function_transfer_time,1779123288.1395466,0.000129707
experiment_name,f8defd48-5f23-4c05-a9ab-39aaf179ad43,function_transfer_time,1779123288.240812,0.000109255
experiment_name,f8defd48-5f23-4c05-a9ab-39aaf179ad43,function_transfer_time,1779123288.3421009,0.000107621
experiment_name,f8defd48-5f23-4c05-a9ab-39aaf179ad43,function_transfer_time,1779123288.443449,0.000117598
experiment_name,f8defd48-5f23-4c05-a9ab-39aaf179ad43,function_transfer_time,1779123288.544758,0.000034105
experiment_name,f8defd48-5f23-4c05-a9ab-39aaf179ad43,function_transfer_time,1779123288.6460996,0.000096915
experiment_name,f8defd48-5f23-4c05-a9ab-39aaf179ad43,function_transfer_time,1779123288.7474492,0.000124847
experiment_name,f8defd48-5f23-4c05-a9ab-39aaf179ad43,function_transfer_time,1779123288.8487222,0.000107504
experiment_name,f8defd48-5f23-4c05-a9ab-39aaf179ad43,function_transfer_time,1779123288.9500709,0.000121322
experiment_name,f8defd48-5f23-4c05-a9ab-39aaf179ad43,function_transfer_time,1779123289.051404,0.000043993
experiment_name,f8defd48-5f23-4c05-a9ab-39aaf179ad43,function_transfer_time,1779123289.152755,0.000137513
experiment_name,f8defd48-5f23-4c05-a9ab-39aaf179ad43,function_transfer_time,1779123289.254068,0.000050956
experiment_name,f8defd48-5f23-4c05-a9ab-39aaf179ad43,function_transfer_time,1779123289.3553855,0.000119084
experiment_name,f8defd48-5f23-4c05-a9ab-39aaf179ad43,function_transfer_time,1779123289.45667,0.000052048
experiment_name,f8defd48-5f23-4c05-a9ab-39aaf179ad43,function_transfer_time,1779123289.558027,0.000032074
experiment_name,b76b1106-db00-41e7-9bc0-ab642a0360a8,function_transfer_time,1779123286.759023,0.007716297
experiment_name,b76b1106-db00-41e7-9bc0-ab642a0360a8,function_transfer_time,1779123286.7611132,0.016485669
experiment_name,b76b1106-db00-41e7-9bc0-ab642a0360a8,function_transfer_time,1779123286.7732558,0.015579954
experiment_name,b76b1106-db00-41e7-9bc0-ab642a0360a8,function_transfer_time,1779123286.7792528,0.034118557
experiment_name,b76b1106-db00-41e7-9bc0-ab642a0360a8,function_transfer_time,1779123286.7835054,0.021700656
experiment_name,b76b1106-db00-41e7-9bc0-ab642a0360a8,function_transfer_time,1779123286.7904427,0.035246731
experiment_name,b76b1106-db00-41e7-9bc0-ab642a0360a8,function_transfer_time,1779123286.793868,0.029673017
experiment_name,b76b1106-db00-41e7-9bc0-ab642a0360a8,function_transfer_time,1779123286.8010893,0.042466059
experiment_name,b76b1106-db00-41e7-9bc0-ab642a0360a8,function_transfer_time,1779123286.8045342,0.037723668
experiment_name,b76b1106-db00-41e7-9bc0-ab642a0360a8,function_transfer_time,1779123286.8115878,0.046786214
experiment_name,b76b1106-db00-41e7-9bc0-ab642a0360a8,function_transfer_time,1779123286.8152714,0.043487644
experiment_name,b76b1106-db00-41e7-9bc0-ab642a0360a8,function_transfer_time,1779123286.8222957,0.057908226
experiment_name,b76b1106-db00-41e7-9bc0-ab642a0360a8,function_transfer_time,1779123286.8253036,0.051963446
experiment_name,b76b1106-db00-41e7-9bc0-ab642a0360a8,function_transfer_time,1779123286.8331118,0.063658505
experiment_name,b76b1106-db00-41e7-9bc0-ab642a0360a8,function_transfer_time,1779123286.8362207,0.06091756
experiment_name,b76b1106-db00-41e7-9bc0-ab642a0360a8,function_transfer_time,1779123286.8614795,0.000187995
experiment_name,b76b1106-db00-41e7-9bc0-ab642a0360a8,function_transfer_time,1779123286.8638992,0.000144481
experiment_name,b76b1106-db00-41e7-9bc0-ab642a0360a8,function_transfer_time,1779123286.8754537,0.000134722
experiment_name,b76b1106-db00-41e7-9bc0-ab642a0360a8,function_transfer_time,1779123286.8825638,0.000488701
experiment_name,b76b1106-db00-41e7-9bc0-ab642a0360a8,function_transfer_time,1779123286.8860931,0.000178311
experiment_name,b76b1106-db00-41e7-9bc0-ab642a0360a8,function_transfer_time,1779123286.8935714,0.000548423
experiment_name,b76b1106-db00-41e7-9bc0-ab642a0360a8,function_transfer_time,1779123286.896406,0.000481565
experiment_name,b76b1106-db00-41e7-9bc0-ab642a0360a8,function_transfer_time,1779123286.9031749,0.000501686
experiment_name,b76b1106-db00-41e7-9bc0-ab642a0360a8,function_transfer_time,1779123286.9071286,0.000174626
experiment_name,b76b1106-db00-41e7-9bc0-ab642a0360a8,function_transfer_time,1779123286.913861,0.00046833
experiment_name,b76b1106-db00-41e7-9bc0-ab642a0360a8,function_transfer_time,1779123286.9182754,0.000509412
experiment_name,b76b1106-db00-41e7-9bc0-ab642a0360a8,function_transfer_time,1779123286.925599,0.000482244
experiment_name,b76b1106-db00-41e7-9bc0-ab642a0360a8,function_transfer_time,1779123286.9281206,0.000175878
experiment_name,b76b1106-db00-41e7-9bc0-ab642a0360a8,function_transfer_time,1779123286.935565,0.000174925
experiment_name,b76b1106-db00-41e7-9bc0-ab642a0360a8,function_transfer_time,1779123286.93998,0.001013437
experiment_name,6d3b0cb6-f994-41da-bbcf-31e20349765a,function_transfer_time,1779123286.5193672,0.00002226
experiment_name,6d3b0cb6-f994-41da-bbcf-31e20349765a,function_transfer_time,1779123286.6203568,0.000085652
experiment_name,6d3b0cb6-f994-41da-bbcf-31e20349765a,function_transfer_time,1779123286.7216785,0.000082229
experiment_name,6d3b0cb6-f994-41da-bbcf-31e20349765a,function_transfer_time,1779123286.8223197,0.000025322
experiment_name,6d3b0cb6-f994-41da-bbcf-31e20349765a,function_transfer_time,1779123286.923888,0.000015288
experiment_name,6d3b0cb6-f994-41da-bbcf-31e20349765a,function_transfer_time,1779123287.0249865,0.000019952
experiment_name,6d3b0cb6-f994-41da-bbcf-31e20349765a,function_transfer_time,1779123287.1262963,0.000083169
experiment_name,6d3b0cb6-f994-41da-bbcf-31e20349765a,function_transfer_time,1779123287.2276196,0.000081635
experiment_name,6d3b0cb6-f994-41da-bbcf-31e20349765a,function_transfer_time,1779123287.3288863,0.000019096
experiment_name,6d3b0cb6-f994-41da-bbcf-31e20349765a,function_transfer_time,1779123287.4301267,0.000018999
experiment_name,6d3b0cb6-f994-41da-bbcf-31e20349765a,function_transfer_time,1779123287.5314612,0.00008804
experiment_name,6d3b0cb6-f994-41da-bbcf-31e20349765a,function_transfer_time,1779123287.6329048,0.000077637
experiment_name,6d3b0cb6-f994-41da-bbcf-31e20349765a,function_transfer_time,1779123287.734171,0.000019458
experiment_name,6d3b0cb6-f994-41da-bbcf-31e20349765a,function_transfer_time,1779123287.8354564,0.000024252
experiment_name,6d3b0cb6-f994-41da-bbcf-31e20349765a,function_transfer_time,1779123287.936721,0.000017131
experiment_name,6d3b0cb6-f994-41da-bbcf-31e20349765a,function_transfer_time,1779123288.0380669,0.000083571
experiment_name,6d3b0cb6-f994-41da-bbcf-31e20349765a,function_transfer_time,1779123288.1393616,0.000081418
experiment_name,6d3b0cb6-f994-41da-bbcf-31e20349765a,function_transfer_time,1779123288.2406445,0.000018642
experiment_name,6d3b0cb6-f994-41da-bbcf-31e20349765a,function_transfer_time,1779123288.341943,0.000080303
experiment_name,6d3b0cb6-f994-41da-bbcf-31e20349765a,function_transfer_time,1779123288.4432688,0.000083282
experiment_name,6d3b0cb6-f994-41da-bbcf-31e20349765a,function_transfer_time,1779123288.5446033,0.000076341
experiment_name,6d3b0cb6-f994-41da-bbcf-31e20349765a,function_transfer_time,1779123288.6459527,0.000078565
experiment_name,6d3b0cb6-f994-41da-bbcf-31e20349765a,function_transfer_time,1779123288.747258,0.00008168
experiment_name,6d3b0cb6-f994-41da-bbcf-31e20349765a,function_transfer_time,1779123288.848563,0.000079782
experiment_name,6d3b0cb6-f994-41da-bbcf-31e20349765a,function_transfer_time,1779123288.9498885,0.000078612
experiment_name,6d3b0cb6-f994-41da-bbcf-31e20349765a,function_transfer_time,1779123289.0512555,0.000075096
experiment_name,6d3b0cb6-f994-41da-bbcf-31e20349765a,function_transfer_time,1779123289.1525621,0.000079066
experiment_name,6d3b0cb6-f994-41da-bbcf-31e20349765a,function_transfer_time,1779123289.2539086,0.00008238
experiment_name,6d3b0cb6-f994-41da-bbcf-31e20349765a,function_transfer_time,1779123289.3552117,0.000077859
experiment_name,6d3b0cb6-f994-41da-bbcf-31e20349765a,function_transfer_time,1779123289.4565983,0.000075071
experiment_name,6d3b0cb6-f994-41da-bbcf-31e20349765a,function_transfer_time,1779123289.5578742,0.000018703
experiment_name,b0e22b15-95b3-40d2-ac00-6446f9cdd2ed,function_instantiate_time,1779123286.7593954,0.215494297
experiment_name,b2063f4a-a424-4d21-9429-a40c5a54515d,function_instantiate_time,1779123286.7562623,0.216158913
experiment_name,5a5c3d13-4d6d-46c7-ba94-5237bfb4efe6,function_instantiate_time,1779123286.7726114,0.250889729
experiment_name,c80cce06-0d78-419f-b1ba-fdcbde0a5bf2,function_instantiate_time,1779123286.7698128,0.242656246
experiment_name,f41dc9c3-c1c0-48b7-b857-cfe82c057503,function_instantiate_time,1779123286.750229,0.197932934
experiment_name,830270c4-fc6e-4915-91d0-0e066f24486f,function_instantiate_time,1779123286.7702627,0.254131807
experiment_name,4ddab7da-7c91-4ab5-9049-a81307b3b0ad,function_instantiate_time,1779123286.7615936,0.212190219
experiment_name,16342434-3ee8-40f9-a0e7-c6fa2b2d0352,function_instantiate_time,1779123286.7630808,0.228096589
experiment_name,f41dc9c3-c1c0-48b7-b857-cfe82c057503,function_init_time,1779123286.7504644,0.000261891
experiment_name,c80cce06-0d78-419f-b1ba-fdcbde0a5bf2,function_init_time,1779123286.7701774,0.000345428
experiment_name,b0e22b15-95b3-40d2-ac00-6446f9cdd2ed,function_init_time,1779123286.759423,0.000803673
experiment_name,b2063f4a-a424-4d21-9429-a40c5a54515d,function_init_time,1779123286.756554,0.000307502
experiment_name,5a5c3d13-4d6d-46c7-ba94-5237bfb4efe6,function_init_time,1779123286.7758048,0.001607752
experiment_name,4ddab7da-7c91-4ab5-9049-a81307b3b0ad,function_init_time,1779123286.7616086,0.000545874
experiment_name,830270c4-fc6e-4915-91d0-0e066f24486f,function_init_time,1779123286.770694,0.000429929
experiment_name,16342434-3ee8-40f9-a0e7-c6fa2b2d0352,function_init_time,1779123286.7638752,0.000925321
experiment_name,b2063f4a-a424-4d21-9429-a40c5a54515d,function_execution_time,1779123286.7769344,0.020348771
experiment_name,b2063f4a-a424-4d21-9429-a40c5a54515d,function_execution_time,1779123286.8805137,0.000271261
experiment_name,b0e22b15-95b3-40d2-ac00-6446f9cdd2ed,function_execution_time,1779123286.787109,0.027594747
experiment_name,b0e22b15-95b3-40d2-ac00-6446f9cdd2ed,function_execution_time,1779123286.8904843,0.000290298
experiment_name,5a5c3d13-4d6d-46c7-ba94-5237bfb4efe6,function_execution_time,1779123286.8397448,0.065507086
experiment_name,5a5c3d13-4d6d-46c7-ba94-5237bfb4efe6,function_execution_time,1779123286.9452786,0.00028565
experiment_name,16342434-3ee8-40f9-a0e7-c6fa2b2d0352,function_execution_time,1779123286.8081436,0.044215122
experiment_name,16342434-3ee8-40f9-a0e7-c6fa2b2d0352,function_execution_time,1779123286.9118333,0.000271205
experiment_name,f41dc9c3-c1c0-48b7-b857-cfe82c057503,function_execution_time,1779123286.7653887,0.014871548
experiment_name,f41dc9c3-c1c0-48b7-b857-cfe82c057503,function_execution_time,1779123286.866137,0.000277613
experiment_name,c80cce06-0d78-419f-b1ba-fdcbde0a5bf2,function_execution_time,1779123286.8288581,0.05862052
experiment_name,c80cce06-0d78-419f-b1ba-fdcbde0a5bf2,function_execution_time,1779123286.9328797,0.00028665
experiment_name,4ddab7da-7c91-4ab5-9049-a81307b3b0ad,function_execution_time,1779123286.7974784,0.03575486
experiment_name,4ddab7da-7c91-4ab5-9049-a81307b3b0ad,function_execution_time,1779123286.9010556,0.000270501
experiment_name,830270c4-fc6e-4915-91d0-0e066f24486f,function_execution_time,1779123286.818848,0.048123779
experiment_name,830270c4-fc6e-4915-91d0-0e066f24486f,function_execution_time,1779123286.9232695,0.000272131
experiment_name,b2063f4a-a424-4d21-9429-a40c5a54515d,function_transfer_time,1779123286.756558,0.000038463
experiment_name,b2063f4a-a424-4d21-9429-a40c5a54515d,function_transfer_time,1779123286.880241,0.003591258
experiment_name,f41dc9c3-c1c0-48b7-b857-cfe82c057503,function_transfer_time,1779123286.7504663,0.000029926
experiment_name,f41dc9c3-c1c0-48b7-b857-cfe82c057503,function_transfer_time,1779123286.865859,0.003687415
experiment_name,16342434-3ee8-40f9-a0e7-c6fa2b2d0352,function_transfer_time,1779123286.7639277,0.000089501
experiment_name,16342434-3ee8-40f9-a0e7-c6fa2b2d0352,function_transfer_time,1779123286.9115596,0.003565136
experiment_name,830270c4-fc6e-4915-91d0-0e066f24486f,function_transfer_time,1779123286.7706978,0.000034093
experiment_name,830270c4-fc6e-4915-91d0-0e066f24486f,function_transfer_time,1779123286.923021,0.00351457
experiment_name,c80cce06-0d78-419f-b1ba-fdcbde0a5bf2,function_transfer_time,1779123286.7701893,0.0001025
experiment_name,c80cce06-0d78-419f-b1ba-fdcbde0a5bf2,function_transfer_time,1779123286.9325588,0.003572375
experiment_name,b0e22b15-95b3-40d2-ac00-6446f9cdd2ed,function_transfer_time,1779123286.761537,0.000251095
experiment_name,b0e22b15-95b3-40d2-ac00-6446f9cdd2ed,function_transfer_time,1779123286.8901913,0.003573159
experiment_name,4ddab7da-7c91-4ab5-9049-a81307b3b0ad,function_transfer_time,1779123286.7619832,0.00048504
experiment_name,4ddab7da-7c91-4ab5-9049-a81307b3b0ad,function_transfer_time,1779123286.9008036,0.003547347
experiment_name,5a5c3d13-4d6d-46c7-ba94-5237bfb4efe6,function_transfer_time,1779123286.7758102,0.000068167
experiment_name,5a5c3d13-4d6d-46c7-ba94-5237bfb4efe6,function_transfer_time,1779123286.9449887,0.003521025
experiment_name,db4c2df0-b555-4ce9-a587-67d6ca7a3b3c,function_instantiate_time,1779123286.7655501,0.238284645
experiment_name,d419ed66-6544-4c26-bbec-f91ccf86d05f,function_instantiate_time,1779123286.753751,0.215839317
experiment_name,2f007284-fc41-4122-baf7-068bc3620ed9,function_instantiate_time,1779123286.7608793,0.232465507
experiment_name,63ff3638-d22f-4b8d-8566-1aeb6742801e,function_instantiate_time,1779123286.7608624,0.224920082
experiment_name,640ca0cb-5810-4837-908b-4ef5772a646c,function_instantiate_time,1779123286.740355,0.191928389
experiment_name,2db664f4-82e3-4675-81c0-7bc175c2d764,function_instantiate_time,1779123286.7403603,0.196140594
experiment_name,ab4a4d98-cf0a-4a42-a678-587b9f56b07b,function_instantiate_time,1779123286.7512014,0.236455544
experiment_name,2f007284-fc41-4122-baf7-068bc3620ed9,function_init_time,1779123286.7608948,0.001282821
experiment_name,d419ed66-6544-4c26-bbec-f91ccf86d05f,function_init_time,1779123286.754663,0.000922023
experiment_name,63ff3638-d22f-4b8d-8566-1aeb6742801e,function_init_time,1779123286.7608898,0.001910009
experiment_name,2db664f4-82e3-4675-81c0-7bc175c2d764,function_init_time,1779123286.7403703,0.001080449
experiment_name,640ca0cb-5810-4837-908b-4ef5772a646c,function_init_time,1779123286.7403722,0.001093339
experiment_name,db4c2df0-b555-4ce9-a587-67d6ca7a3b3c,function_init_time,1779123286.7655685,0.001601767
experiment_name,ab4a4d98-cf0a-4a42-a678-587b9f56b07b,function_init_time,1779123286.7518826,0.000688152
experiment_name,d419ed66-6544-4c26-bbec-f91ccf86d05f,function_execution_time,1779123286.8015244,0.045128936
experiment_name,d419ed66-6544-4c26-bbec-f91ccf86d05f,function_execution_time,1779123286.905123,0.000252334
experiment_name,ab4a4d98-cf0a-4a42-a678-587b9f56b07b,function_execution_time,1779123286.7909043,0.038918314
experiment_name,ab4a4d98-cf0a-4a42-a678-587b9f56b07b,function_execution_time,1779123286.8951852,0.000338779
experiment_name,db4c2df0-b555-4ce9-a587-67d6ca7a3b3c,function_execution_time,1779123286.8334968,0.067839988
experiment_name,db4c2df0-b555-4ce9-a587-67d6ca7a3b3c,function_execution_time,1779123286.937123,0.000299687
experiment_name,2f007284-fc41-4122-baf7-068bc3620ed9,function_execution_time,1779123286.8232775,0.061699162
experiment_name,2f007284-fc41-4122-baf7-068bc3620ed9,function_execution_time,1779123286.9271843,0.000311927
experiment_name,2db664f4-82e3-4675-81c0-7bc175c2d764,function_execution_time,1779123286.7801726,0.039270556
experiment_name,2db664f4-82e3-4675-81c0-7bc175c2d764,function_execution_time,1779123286.8840978,0.000294038
experiment_name,63ff3638-d22f-4b8d-8566-1aeb6742801e,function_execution_time,1779123286.8120482,0.050822278
experiment_name,63ff3638-d22f-4b8d-8566-1aeb6742801e,function_execution_time,1779123286.9150434,0.000337316
experiment_name,640ca0cb-5810-4837-908b-4ef5772a646c,function_execution_time,1779123286.7655315,0.02162675
experiment_name,640ca0cb-5810-4837-908b-4ef5772a646c,function_execution_time,1779123286.8654766,0.000364409
experiment_name,d419ed66-6544-4c26-bbec-f91ccf86d05f,function_transfer_time,1779123286.7563696,0.001741934
experiment_name,d419ed66-6544-4c26-bbec-f91ccf86d05f,function_transfer_time,1779123286.9048696,0.000374593
experiment_name,2db664f4-82e3-4675-81c0-7bc175c2d764,function_transfer_time,1779123286.7405467,0.000273575
experiment_name,2db664f4-82e3-4675-81c0-7bc175c2d764,function_transfer_time,1779123286.8837984,0.000340138
experiment_name,63ff3638-d22f-4b8d-8566-1aeb6742801e,function_transfer_time,1779123286.7611275,0.00057278
experiment_name,63ff3638-d22f-4b8d-8566-1aeb6742801e,function_transfer_time,1779123286.914692,0.000330609
experiment_name,2f007284-fc41-4122-baf7-068bc3620ed9,function_transfer_time,1779123286.7609825,0.000234872
experiment_name,2f007284-fc41-4122-baf7-068bc3620ed9,function_transfer_time,1779123286.9268699,0.000332946
experiment_name,640ca0cb-5810-4837-908b-4ef5772a646c,function_transfer_time,1779123286.7405443,0.00026002
experiment_name,640ca0cb-5810-4837-908b-4ef5772a646c,function_transfer_time,1779123286.865107,0.000406588
experiment_name,ab4a4d98-cf0a-4a42-a678-587b9f56b07b,function_transfer_time,1779123286.7518866,0.000048056
experiment_name,ab4a4d98-cf0a-4a42-a678-587b9f56b07b,function_transfer_time,1779123286.8948343,0.000352564
experiment_name,db4c2df0-b555-4ce9-a587-67d6ca7a3b3c,function_transfer_time,1779123286.765662,0.000387409
experiment_name,db4c2df0-b555-4ce9-a587-67d6ca7a3b3c,function_transfer_time,1779123286.9368095,0.000317332
experiment_name,f8defd48-5f23-4c05-a9ab-39aaf179ad43,function_execution_time,1779123289.6600652,0.000081106
experiment_name,f8defd48-5f23-4c05-a9ab-39aaf179ad43,function_execution_time,1779123289.76067,0.000075476
experiment_name,f8defd48-5f23-4c05-a9ab-39aaf179ad43,function_execution_time,1779123289.8615005,0.000064203
experiment_name,f8defd48-5f23-4c05-a9ab-39aaf179ad43,function_execution_time,1779123289.9629982,0.000075547
experiment_name,f8defd48-5f23-4c05-a9ab-39aaf179ad43,function_execution_time,1779123290.064236,0.000065969
experiment_name,f8defd48-5f23-4c05-a9ab-39aaf179ad43,function_execution_time,1779123290.165689,0.000081889
experiment_name,f8defd48-5f23-4c05-a9ab-39aaf179ad43,function_execution_time,1779123290.2671955,0.000057531
experiment_name,f8defd48-5f23-4c05-a9ab-39aaf179ad43,function_execution_time,1779123290.3685184,0.000062952
experiment_name,f8defd48-5f23-4c05-a9ab-39aaf179ad43,function_execution_time,1779123290.4698267,0.000058375
experiment_name,f8defd48-5f23-4c05-a9ab-39aaf179ad43,function_execution_time,1779123290.571037,0.000063208
experiment_name,f8defd48-5f23-4c05-a9ab-39aaf179ad43,function_execution_time,1779123290.6723216,0.000055652
experiment_name,f8defd48-5f23-4c05-a9ab-39aaf179ad43,function_execution_time,1779123290.7735913,0.000055544
experiment_name,f8defd48-5f23-4c05-a9ab-39aaf179ad43,function_execution_time,1779123290.8750155,0.000055851
experiment_name,f8defd48-5f23-4c05-a9ab-39aaf179ad43,function_execution_time,1779123290.9762664,0.000062101
experiment_name,f8defd48-5f23-4c05-a9ab-39aaf179ad43,function_execution_time,1779123291.077575,0.000062874
experiment_name,f8defd48-5f23-4c05-a9ab-39aaf179ad43,function_execution_time,1779123291.178782,0.000059223
experiment_name,f8defd48-5f23-4c05-a9ab-39aaf179ad43,function_execution_time,1779123291.2801354,0.000056215
experiment_name,f8defd48-5f23-4c05-a9ab-39aaf179ad43,function_execution_time,1779123291.3814116,0.000055847
experiment_name,f8defd48-5f23-4c05-a9ab-39aaf179ad43,function_execution_time,1779123291.4827635,0.000062203
experiment_name,f8defd48-5f23-4c05-a9ab-39aaf179ad43,function_execution_time,1779123291.5840328,0.000053933
experiment_name,f8defd48-5f23-4c05-a9ab-39aaf179ad43,function_execution_time,1779123291.6853116,0.000054278
experiment_name,f8defd48-5f23-4c05-a9ab-39aaf179ad43,function_execution_time,1779123291.7866886,0.000058255
experiment_name,f8defd48-5f23-4c05-a9ab-39aaf179ad43,function_execution_time,1779123291.887898,0.000065165
experiment_name,f8defd48-5f23-4c05-a9ab-39aaf179ad43,function_execution_time,1779123291.9892557,0.000056238
experiment_name,f8defd48-5f23-4c05-a9ab-39aaf179ad43,function_execution_time,1779123292.0895185,0.00006269
experiment_name,f8defd48-5f23-4c05-a9ab-39aaf179ad43,function_execution_time,1779123292.1907632,0.000060462
experiment_name,f8defd48-5f23-4c05-a9ab-39aaf179ad43,function_execution_time,1779123292.2920399,0.000063274
experiment_name,f8defd48-5f23-4c05-a9ab-39aaf179ad43,function_execution_time,1779123292.3933942,0.00006767
experiment_name,f8defd48-5f23-4c05-a9ab-39aaf179ad43,function_execution_time,1779123292.4946163,0.000054493
experiment_name,f8defd48-5f23-4c05-a9ab-39aaf179ad43,function_execution_time,1779123292.5958996,0.00005463
experiment_name,f8defd48-5f23-4c05-a9ab-39aaf179ad43,function_execution_time,1779123292.6972065,0.000055526
experiment_name,f8defd48-5f23-4c05-a9ab-39aaf179ad43,function_execution_time,1779123292.7975264,0.000062019
experiment_name,f8defd48-5f23-4c05-a9ab-39aaf179ad43,function_execution_time,1779123292.8988006,0.000055825
experiment_name,f8defd48-5f23-4c05-a9ab-39aaf179ad43,function_execution_time,1779123293.0000777,0.000054743
experiment_name,f8defd48-5f23-4c05-a9ab-39aaf179ad43,function_execution_time,1779123293.1013606,0.000054581
experiment_name,f8defd48-5f23-4c05-a9ab-39aaf179ad43,function_execution_time,1779123293.2026746,0.000059122
experiment_name,f8defd48-5f23-4c05-a9ab-39aaf179ad43,function_execution_time,1779123293.3039937,0.00006371
experiment_name,f8defd48-5f23-4c05-a9ab-39aaf179ad43,function_execution_time,1779123293.4052935,0.000058788
experiment_name,f8defd48-5f23-4c05-a9ab-39aaf179ad43,function_execution_time,1779123293.5065787,0.000059674
experiment_name,f8defd48-5f23-4c05-a9ab-39aaf179ad43,function_execution_time,1779123293.607863,0.000054336
experiment_name,f8defd48-5f23-4c05-a9ab-39aaf179ad43,function_execution_time,1779123293.7091646,0.000064878
experiment_name,f8defd48-5f23-4c05-a9ab-39aaf179ad43,function_execution_time,1779123293.8095016,0.00006804
experiment_name,f8defd48-5f23-4c05-a9ab-39aaf179ad43,function_execution_time,1779123293.910723,0.000042338
experiment_name,f8defd48-5f23-4c05-a9ab-39aaf179ad43,function_execution_time,1779123294.0120194,0.000061769
experiment_name,f8defd48-5f23-4c05-a9ab-39aaf179ad43,function_execution_time,1779123294.1132739,0.000063327
experiment_name,f8defd48-5f23-4c05-a9ab-39aaf179ad43,function_execution_time,1779123294.2145712,0.000061422
experiment_name,f8defd48-5f23-4c05-a9ab-39aaf179ad43,function_execution_time,1779123294.315863,0.000073081
experiment_name,f8defd48-5f23-4c05-a9ab-39aaf179ad43,function_execution_time,1779123294.4170783,0.000056975
experiment_name,f8defd48-5f23-4c05-a9ab-39aaf179ad43,function_execution_time,1779123294.5183444,0.000057983
experiment_name,f8defd48-5f23-4c05-a9ab-39aaf179ad43,function_execution_time,1779123294.6197312,0.000055262
experiment_name,6d3b0cb6-f994-41da-bbcf-31e20349765a,function_execution_time,1779123289.65989,0.000091741
experiment_name,6d3b0cb6-f994-41da-bbcf-31e20349765a,function_execution_time,1779123289.7605958,0.000158243
experiment_name,6d3b0cb6-f994-41da-bbcf-31e20349765a,function_execution_time,1779123289.8614542,0.000120056
experiment_name,6d3b0cb6-f994-41da-bbcf-31e20349765a,function_execution_time,1779123289.9629705,0.000118096
experiment_name,6d3b0cb6-f994-41da-bbcf-31e20349765a,function_execution_time,1779123290.0641649,0.000096121
experiment_name,6d3b0cb6-f994-41da-bbcf-31e20349765a,function_execution_time,1779123290.1655257,0.00010388
experiment_name,6d3b0cb6-f994-41da-bbcf-31e20349765a,function_execution_time,1779123290.267105,0.000088138
experiment_name,6d3b0cb6-f994-41da-bbcf-31e20349765a,function_execution_time,1779123290.368345,0.000073901
experiment_name,6d3b0cb6-f994-41da-bbcf-31e20349765a,function_execution_time,1779123290.4696727,0.000075523
experiment_name,6d3b0cb6-f994-41da-bbcf-31e20349765a,function_execution_time,1779123290.5709763,0.000137177
experiment_name,6d3b0cb6-f994-41da-bbcf-31e20349765a,function_execution_time,1779123290.6722074,0.000082705
experiment_name,6d3b0cb6-f994-41da-bbcf-31e20349765a,function_execution_time,1779123290.7735353,0.000110459
experiment_name,6d3b0cb6-f994-41da-bbcf-31e20349765a,function_execution_time,1779123290.8748555,0.000068296
experiment_name,6d3b0cb6-f994-41da-bbcf-31e20349765a,function_execution_time,1779123290.9762492,0.000081079
experiment_name,6d3b0cb6-f994-41da-bbcf-31e20349765a,function_execution_time,1779123291.0774238,0.000067038
experiment_name,6d3b0cb6-f994-41da-bbcf-31e20349765a,function_execution_time,1779123291.178697,0.000067428
experiment_name,6d3b0cb6-f994-41da-bbcf-31e20349765a,function_execution_time,1779123291.2799954,0.000071751
experiment_name,6d3b0cb6-f994-41da-bbcf-31e20349765a,function_execution_time,1779123291.381248,0.000078056
experiment_name,6d3b0cb6-f994-41da-bbcf-31e20349765a,function_execution_time,1779123291.4825962,0.00007141
experiment_name,6d3b0cb6-f994-41da-bbcf-31e20349765a,function_execution_time,1779123291.5839803,0.00013918
experiment_name,6d3b0cb6-f994-41da-bbcf-31e20349765a,function_execution_time,1779123291.6852274,0.000076935
experiment_name,6d3b0cb6-f994-41da-bbcf-31e20349765a,function_execution_time,1779123291.7865427,0.000069477
experiment_name,6d3b0cb6-f994-41da-bbcf-31e20349765a,function_execution_time,1779123291.8878062,0.000069409
experiment_name,6d3b0cb6-f994-41da-bbcf-31e20349765a,function_execution_time,1779123291.9891136,0.000071004
experiment_name,6d3b0cb6-f994-41da-bbcf-31e20349765a,function_execution_time,1779123292.089495,0.000081876
experiment_name,6d3b0cb6-f994-41da-bbcf-31e20349765a,function_execution_time,1779123292.1907518,0.000076408
experiment_name,6d3b0cb6-f994-41da-bbcf-31e20349765a,function_execution_time,1779123292.2920356,0.000077771
experiment_name,6d3b0cb6-f994-41da-bbcf-31e20349765a,function_execution_time,1779123292.3932314,0.000078893
experiment_name,6d3b0cb6-f994-41da-bbcf-31e20349765a,function_execution_time,1779123292.494528,0.000082298
experiment_name,6d3b0cb6-f994-41da-bbcf-31e20349765a,function_execution_time,1779123292.5958416,0.000134726
experiment_name,6d3b0cb6-f994-41da-bbcf-31e20349765a,function_execution_time,1779123292.6970654,0.000067363
experiment_name,6d3b0cb6-f994-41da-bbcf-31e20349765a,function_execution_time,1779123292.7973793,0.000081726
experiment_name,6d3b0cb6-f994-41da-bbcf-31e20349765a,function_execution_time,1779123292.898643,0.000069516
experiment_name,6d3b0cb6-f994-41da-bbcf-31e20349765a,function_execution_time,1779123292.9999347,0.00007066
experiment_name,6d3b0cb6-f994-41da-bbcf-31e20349765a,function_execution_time,1779123293.1012032,0.000078704
experiment_name,6d3b0cb6-f994-41da-bbcf-31e20349765a,function_execution_time,1779123293.202517,0.000080414
experiment_name,6d3b0cb6-f994-41da-bbcf-31e20349765a,function_execution_time,1779123293.3038473,0.000073032
experiment_name,6d3b0cb6-f994-41da-bbcf-31e20349765a,function_execution_time,1779123293.4051378,0.000076766
experiment_name,6d3b0cb6-f994-41da-bbcf-31e20349765a,function_execution_time,1779123293.5064535,0.000085631
experiment_name,6d3b0cb6-f994-41da-bbcf-31e20349765a,function_execution_time,1779123293.6078107,0.000139272
experiment_name,6d3b0cb6-f994-41da-bbcf-31e20349765a,function_execution_time,1779123293.7090764,0.000068312
experiment_name,6d3b0cb6-f994-41da-bbcf-31e20349765a,function_execution_time,1779123293.8094244,0.000083919
experiment_name,6d3b0cb6-f994-41da-bbcf-31e20349765a,function_execution_time,1779123293.9106536,0.000069726
experiment_name,6d3b0cb6-f994-41da-bbcf-31e20349765a,function_execution_time,1779123294.0119174,0.000072026
experiment_name,6d3b0cb6-f994-41da-bbcf-31e20349765a,function_execution_time,1779123294.1131916,0.000075897
experiment_name,6d3b0cb6-f994-41da-bbcf-31e20349765a,function_execution_time,1779123294.2145674,0.000086031
experiment_name,6d3b0cb6-f994-41da-bbcf-31e20349765a,function_execution_time,1779123294.315765,0.000066885
experiment_name,6d3b0cb6-f994-41da-bbcf-31e20349765a,function_execution_time,1779123294.4170082,0.00006804
experiment_name,6d3b0cb6-f994-41da-bbcf-31e20349765a,function_execution_time,1779123294.5183406,0.000082646
experiment_name,6d3b0cb6-f994-41da-bbcf-31e20349765a,function_execution_time,1779123294.619678,0.00014693
experiment_name,f8defd48-5f23-4c05-a9ab-39aaf179ad43,function_transfer_time,1779123289.659966,0.000112969
experiment_name,f8defd48-5f23-4c05-a9ab-39aaf179ad43,function_transfer_time,1779123289.7605922,0.000053326
experiment_name,f8defd48-5f23-4c05-a9ab-39aaf179ad43,function_transfer_time,1779123289.8614383,0.000027585
experiment_name,f8defd48-5f23-4c05-a9ab-39aaf179ad43,function_transfer_time,1779123289.962974,0.000042408
experiment_name,f8defd48-5f23-4c05-a9ab-39aaf179ad43,function_transfer_time,1779123290.064167,0.000040114
experiment_name,f8defd48-5f23-4c05-a9ab-39aaf179ad43,function_transfer_time,1779123290.165596,0.000099644
experiment_name,f8defd48-5f23-4c05-a9ab-39aaf179ad43,function_transfer_time,1779123290.2671309,0.000121853
experiment_name,f8defd48-5f23-4c05-a9ab-39aaf179ad43,function_transfer_time,1779123290.3684516,0.000114365
experiment_name,f8defd48-5f23-4c05-a9ab-39aaf179ad43,function_transfer_time,1779123290.4697669,0.000115301
experiment_name,f8defd48-5f23-4c05-a9ab-39aaf179ad43,function_transfer_time,1779123290.5709732,0.000033503
experiment_name,f8defd48-5f23-4c05-a9ab-39aaf179ad43,function_transfer_time,1779123290.6722608,0.00008308
experiment_name,f8defd48-5f23-4c05-a9ab-39aaf179ad43,function_transfer_time,1779123290.773533,0.00003285
experiment_name,f8defd48-5f23-4c05-a9ab-39aaf179ad43,function_transfer_time,1779123290.8749588,0.000132257
experiment_name,f8defd48-5f23-4c05-a9ab-39aaf179ad43,function_transfer_time,1779123290.9762518,0.000045438
experiment_name,f8defd48-5f23-4c05-a9ab-39aaf179ad43,function_transfer_time,1779123291.0775082,0.000111019
experiment_name,f8defd48-5f23-4c05-a9ab-39aaf179ad43,function_transfer_time,1779123291.1787663,0.000053438
experiment_name,f8defd48-5f23-4c05-a9ab-39aaf179ad43,function_transfer_time,1779123291.2800784,0.000107419
experiment_name,f8defd48-5f23-4c05-a9ab-39aaf179ad43,function_transfer_time,1779123291.3813555,0.000121437
experiment_name,f8defd48-5f23-4c05-a9ab-39aaf179ad43,function_transfer_time,1779123291.4827,0.000125547
experiment_name,f8defd48-5f23-4c05-a9ab-39aaf179ad43,function_transfer_time,1779123291.5839777,0.000033224
experiment_name,f8defd48-5f23-4c05-a9ab-39aaf179ad43,function_transfer_time,1779123291.6852565,0.000052632
experiment_name,f8defd48-5f23-4c05-a9ab-39aaf179ad43,function_transfer_time,1779123291.7866309,0.000113468
experiment_name,f8defd48-5f23-4c05-a9ab-39aaf179ad43,function_transfer_time,1779123291.8878827,0.000047968
experiment_name,f8defd48-5f23-4c05-a9ab-39aaf179ad43,function_transfer_time,1779123291.9891984,0.000107836
experiment_name,f8defd48-5f23-4c05-a9ab-39aaf179ad43,function_transfer_time,1779123292.0894985,0.000045848
experiment_name,f8defd48-5f23-4c05-a9ab-39aaf179ad43,function_transfer_time,1779123292.1907477,0.000029853
experiment_name,f8defd48-5f23-4c05-a9ab-39aaf179ad43,function_transfer_time,1779123292.2920325,0.000030678
experiment_name,f8defd48-5f23-4c05-a9ab-39aaf179ad43,function_transfer_time,1779123292.3933253,0.000121581
experiment_name,f8defd48-5f23-4c05-a9ab-39aaf179ad43,function_transfer_time,1779123292.494555,0.000104002
experiment_name,f8defd48-5f23-4c05-a9ab-39aaf179ad43,function_transfer_time,1779123292.595844,0.000034163
experiment_name,f8defd48-5f23-4c05-a9ab-39aaf179ad43,function_transfer_time,1779123292.69715,0.000110318
experiment_name,f8defd48-5f23-4c05-a9ab-39aaf179ad43,function_transfer_time,1779123292.7974634,0.000101736
experiment_name,f8defd48-5f23-4c05-a9ab-39aaf179ad43,function_transfer_time,1779123292.8987446,0.00012273
experiment_name,f8defd48-5f23-4c05-a9ab-39aaf179ad43,function_transfer_time,1779123293.0000224,0.000107755
experiment_name,f8defd48-5f23-4c05-a9ab-39aaf179ad43,function_transfer_time,1779123293.1013045,0.000121463
experiment_name,f8defd48-5f23-4c05-a9ab-39aaf179ad43,function_transfer_time,1779123293.2026145,0.000117397
experiment_name,f8defd48-5f23-4c05-a9ab-39aaf179ad43,function_transfer_time,1779123293.303931,0.00010303
experiment_name,f8defd48-5f23-4c05-a9ab-39aaf179ad43,function_transfer_time,1779123293.4052339,0.000133828
experiment_name,f8defd48-5f23-4c05-a9ab-39aaf179ad43,function_transfer_time,1779123293.5065267,0.000095298
experiment_name,f8defd48-5f23-4c05-a9ab-39aaf179ad43,function_transfer_time,1779123293.6078074,0.00002896
experiment_name,f8defd48-5f23-4c05-a9ab-39aaf179ad43,function_transfer_time,1779123293.709162,0.000049052
experiment_name,f8defd48-5f23-4c05-a9ab-39aaf179ad43,function_transfer_time,1779123293.8094378,0.000106292
experiment_name,f8defd48-5f23-4c05-a9ab-39aaf179ad43,function_transfer_time,1779123293.9107199,0.000048094
experiment_name,f8defd48-5f23-4c05-a9ab-39aaf179ad43,function_transfer_time,1779123294.0120156,0.000052505
experiment_name,f8defd48-5f23-4c05-a9ab-39aaf179ad43,function_transfer_time,1779123294.1132712,0.000052884
experiment_name,f8defd48-5f23-4c05-a9ab-39aaf179ad43,function_transfer_time,1779123294.21457,0.000036065
experiment_name,f8defd48-5f23-4c05-a9ab-39aaf179ad43,function_transfer_time,1779123294.315841,0.000054979
experiment_name,f8defd48-5f23-4c05-a9ab-39aaf179ad43,function_transfer_time,1779123294.4170756,0.000047141
experiment_name,f8defd48-5f23-4c05-a9ab-39aaf179ad43,function_transfer_time,1779123294.5183432,0.000038661
experiment_name,f8defd48-5f23-4c05-a9ab-39aaf179ad43,function_transfer_time,1779123294.6196752,0.00003032
experiment_name,6d3b0cb6-f994-41da-bbcf-31e20349765a,function_transfer_time,1779123289.6597934,0.001031435
experiment_name,6d3b0cb6-f994-41da-bbcf-31e20349765a,function_transfer_time,1779123289.7604444,0.000102095
experiment_name,6d3b0cb6-f994-41da-bbcf-31e20349765a,function_transfer_time,1779123289.8613336,0.000036067
experiment_name,6d3b0cb6-f994-41da-bbcf-31e20349765a,function_transfer_time,1779123289.9627929,0.000101953
experiment_name,6d3b0cb6-f994-41da-bbcf-31e20349765a,function_transfer_time,1779123290.064066,0.000025804
experiment_name,6d3b0cb6-f994-41da-bbcf-31e20349765a,function_transfer_time,1779123290.1654217,0.000093776
experiment_name,6d3b0cb6-f994-41da-bbcf-31e20349765a,function_transfer_time,1779123290.2669556,0.000075346
experiment_name,6d3b0cb6-f994-41da-bbcf-31e20349765a,function_transfer_time,1779123290.3682704,0.000079407
experiment_name,6d3b0cb6-f994-41da-bbcf-31e20349765a,function_transfer_time,1779123290.4695957,0.000078845
experiment_name,6d3b0cb6-f994-41da-bbcf-31e20349765a,function_transfer_time,1779123290.5708292,0.000020867
experiment_name,6d3b0cb6-f994-41da-bbcf-31e20349765a,function_transfer_time,1779123290.6721191,0.000016212
experiment_name,6d3b0cb6-f994-41da-bbcf-31e20349765a,function_transfer_time,1779123290.7734215,0.000080222
experiment_name,6d3b0cb6-f994-41da-bbcf-31e20349765a,function_transfer_time,1779123290.874772,0.000019761
experiment_name,6d3b0cb6-f994-41da-bbcf-31e20349765a,function_transfer_time,1779123290.9761035,0.000075389
experiment_name,6d3b0cb6-f994-41da-bbcf-31e20349765a,function_transfer_time,1779123291.0773435,0.000015881
experiment_name,6d3b0cb6-f994-41da-bbcf-31e20349765a,function_transfer_time,1779123291.1786168,0.000017742
experiment_name,6d3b0cb6-f994-41da-bbcf-31e20349765a,function_transfer_time,1779123291.2799163,0.000077104
experiment_name,6d3b0cb6-f994-41da-bbcf-31e20349765a,function_transfer_time,1779123291.3811707,0.000016317
experiment_name,6d3b0cb6-f994-41da-bbcf-31e20349765a,function_transfer_time,1779123291.48252,0.000083807
experiment_name,6d3b0cb6-f994-41da-bbcf-31e20349765a,function_transfer_time,1779123291.5838327,0.000077046
experiment_name,6d3b0cb6-f994-41da-bbcf-31e20349765a,function_transfer_time,1779123291.6851506,0.000019217
experiment_name,6d3b0cb6-f994-41da-bbcf-31e20349765a,function_transfer_time,1779123291.7864602,0.000081819
experiment_name,6d3b0cb6-f994-41da-bbcf-31e20349765a,function_transfer_time,1779123291.8877306,0.000016112
experiment_name,6d3b0cb6-f994-41da-bbcf-31e20349765a,function_transfer_time,1779123291.9890363,0.000079276
experiment_name,6d3b0cb6-f994-41da-bbcf-31e20349765a,function_transfer_time,1779123292.0893483,0.000075585
experiment_name,6d3b0cb6-f994-41da-bbcf-31e20349765a,function_transfer_time,1779123292.1906192,0.000016291
experiment_name,6d3b0cb6-f994-41da-bbcf-31e20349765a,function_transfer_time,1779123292.2918973,0.00007753
experiment_name,6d3b0cb6-f994-41da-bbcf-31e20349765a,function_transfer_time,1779123292.393149,0.000017629
experiment_name,6d3b0cb6-f994-41da-bbcf-31e20349765a,function_transfer_time,1779123292.4943926,0.000016047
experiment_name,6d3b0cb6-f994-41da-bbcf-31e20349765a,function_transfer_time,1779123292.595702,0.000074472
experiment_name,6d3b0cb6-f994-41da-bbcf-31e20349765a,function_transfer_time,1779123292.696986,0.000016675
experiment_name,6d3b0cb6-f994-41da-bbcf-31e20349765a,function_transfer_time,1779123292.797299,0.000076784
experiment_name,6d3b0cb6-f994-41da-bbcf-31e20349765a,function_transfer_time,1779123292.8985674,0.000016755
experiment_name,6d3b0cb6-f994-41da-bbcf-31e20349765a,function_transfer_time,1779123292.99986,0.000075599
experiment_name,6d3b0cb6-f994-41da-bbcf-31e20349765a,function_transfer_time,1779123293.1011233,0.000016815
experiment_name,6d3b0cb6-f994-41da-bbcf-31e20349765a,function_transfer_time,1779123293.2024384,0.000078541
experiment_name,6d3b0cb6-f994-41da-bbcf-31e20349765a,function_transfer_time,1779123293.3037708,0.00008481
experiment_name,6d3b0cb6-f994-41da-bbcf-31e20349765a,function_transfer_time,1779123293.405043,0.000020145
experiment_name,6d3b0cb6-f994-41da-bbcf-31e20349765a,function_transfer_time,1779123293.5063694,0.000081653
experiment_name,6d3b0cb6-f994-41da-bbcf-31e20349765a,function_transfer_time,1779123293.6076584,0.000021656
experiment_name,6d3b0cb6-f994-41da-bbcf-31e20349765a,function_transfer_time,1779123293.7089984,0.000078509
experiment_name,6d3b0cb6-f994-41da-bbcf-31e20349765a,function_transfer_time,1779123293.8092628,0.000017229
experiment_name,6d3b0cb6-f994-41da-bbcf-31e20349765a,function_transfer_time,1779123293.9105694,0.00007981
experiment_name,6d3b0cb6-f994-41da-bbcf-31e20349765a,function_transfer_time,1779123294.0118334,0.00002123
experiment_name,6d3b0cb6-f994-41da-bbcf-31e20349765a,function_transfer_time,1779123294.113109,0.000015846
experiment_name,6d3b0cb6-f994-41da-bbcf-31e20349765a,function_transfer_time,1779123294.214411,0.000075049
experiment_name,6d3b0cb6-f994-41da-bbcf-31e20349765a,function_transfer_time,1779123294.3156807,0.000018061
experiment_name,6d3b0cb6-f994-41da-bbcf-31e20349765a,function_transfer_time,1779123294.4169254,0.000014573
experiment_name,6d3b0cb6-f994-41da-bbcf-31e20349765a,function_transfer_time,1779123294.5181856,0.0000166
experiment_name,6d3b0cb6-f994-41da-bbcf-31e20349765a,function_transfer_time,1779123294.6195247,0.00008535
experiment_name,f8defd48-5f23-4c05-a9ab-39aaf179ad43,function_execution_time,1779123294.7210999,0.000065884
experiment_name,f8defd48-5f23-4c05-a9ab-39aaf179ad43,function_execution_time,1779123294.8223855,0.000060869
experiment_name,f8defd48-5f23-4c05-a9ab-39aaf179ad43,function_execution_time,1779123294.9236488,0.00005915
experiment_name,f8defd48-5f23-4c05-a9ab-39aaf179ad43,function_execution_time,1779123295.0250494,0.000061195
experiment_name,f8defd48-5f23-4c05-a9ab-39aaf179ad43,function_execution_time,1779123295.1263738,0.000060382
experiment_name,f8defd48-5f23-4c05-a9ab-39aaf179ad43,function_execution_time,1779123295.227706,0.000064458
experiment_name,f8defd48-5f23-4c05-a9ab-39aaf179ad43,function_execution_time,1779123295.3289976,0.000059407
experiment_name,f8defd48-5f23-4c05-a9ab-39aaf179ad43,function_execution_time,1779123295.430245,0.00005526
experiment_name,f8defd48-5f23-4c05-a9ab-39aaf179ad43,function_execution_time,1779123295.5305328,0.000055893
experiment_name,f8defd48-5f23-4c05-a9ab-39aaf179ad43,function_execution_time,1779123295.6317854,0.000069845
experiment_name,f8defd48-5f23-4c05-a9ab-39aaf179ad43,function_execution_time,1779123295.7330296,0.000058474
experiment_name,f8defd48-5f23-4c05-a9ab-39aaf179ad43,function_execution_time,1779123295.8343427,0.000057883
experiment_name,f8defd48-5f23-4c05-a9ab-39aaf179ad43,function_execution_time,1779123295.935664,0.000053298
experiment_name,f8defd48-5f23-4c05-a9ab-39aaf179ad43,function_execution_time,1779123296.0369544,0.000057423
experiment_name,f8defd48-5f23-4c05-a9ab-39aaf179ad43,function_execution_time,1779123296.1382723,0.000066054
experiment_name,f8defd48-5f23-4c05-a9ab-39aaf179ad43,function_execution_time,1779123296.2384863,0.000076018
experiment_name,f8defd48-5f23-4c05-a9ab-39aaf179ad43,function_execution_time,1779123296.3397753,0.000056063
experiment_name,f8defd48-5f23-4c05-a9ab-39aaf179ad43,function_execution_time,1779123296.4411068,0.000061151
experiment_name,f8defd48-5f23-4c05-a9ab-39aaf179ad43,function_execution_time,1779123296.5424798,0.000085934
experiment_name,f8defd48-5f23-4c05-a9ab-39aaf179ad43,function_execution_time,1779123296.643774,0.000057343
experiment_name,f8defd48-5f23-4c05-a9ab-39aaf179ad43,function_execution_time,1779123296.7450998,0.000056857
experiment_name,f8defd48-5f23-4c05-a9ab-39aaf179ad43,function_execution_time,1779123296.846348,0.000060492
experiment_name,f8defd48-5f23-4c05-a9ab-39aaf179ad43,function_execution_time,1779123296.9476216,0.000048403
experiment_name,f8defd48-5f23-4c05-a9ab-39aaf179ad43,function_execution_time,1779123297.0489674,0.000058418
experiment_name,f8defd48-5f23-4c05-a9ab-39aaf179ad43,function_execution_time,1779123297.150246,0.000067256
experiment_name,f8defd48-5f23-4c05-a9ab-39aaf179ad43,function_execution_time,1779123297.2515717,0.000054424
experiment_name,f8defd48-5f23-4c05-a9ab-39aaf179ad43,function_execution_time,1779123297.3528767,0.000060468
experiment_name,f8defd48-5f23-4c05-a9ab-39aaf179ad43,function_execution_time,1779123297.454168,0.000054425
experiment_name,f8defd48-5f23-4c05-a9ab-39aaf179ad43,function_execution_time,1779123297.5544364,0.000055252
experiment_name,f8defd48-5f23-4c05-a9ab-39aaf179ad43,function_execution_time,1779123297.655797,0.000057939
experiment_name,f8defd48-5f23-4c05-a9ab-39aaf179ad43,function_execution_time,1779123297.757073,0.000057988
experiment_name,f8defd48-5f23-4c05-a9ab-39aaf179ad43,function_execution_time,1779123297.8583834,0.000060594
experiment_name,f8defd48-5f23-4c05-a9ab-39aaf179ad43,function_execution_time,1779123297.9598527,0.000037696
experiment_name,f8defd48-5f23-4c05-a9ab-39aaf179ad43,function_execution_time,1779123298.0611029,0.000058545
experiment_name,f8defd48-5f23-4c05-a9ab-39aaf179ad43,function_execution_time,1779123298.162525,0.00005657
experiment_name,f8defd48-5f23-4c05-a9ab-39aaf179ad43,function_execution_time,1779123298.263773,0.000065738
experiment_name,f8defd48-5f23-4c05-a9ab-39aaf179ad43,function_execution_time,1779123298.3649747,0.000059932
experiment_name,f8defd48-5f23-4c05-a9ab-39aaf179ad43,function_execution_time,1779123298.4663172,0.000068554
experiment_name,f8defd48-5f23-4c05-a9ab-39aaf179ad43,function_execution_time,1779123298.5675876,0.000059071
experiment_name,f8defd48-5f23-4c05-a9ab-39aaf179ad43,function_execution_time,1779123298.6689398,0.000057159
experiment_name,f8defd48-5f23-4c05-a9ab-39aaf179ad43,function_execution_time,1779123298.7703295,0.000065656
experiment_name,f8defd48-5f23-4c05-a9ab-39aaf179ad43,function_execution_time,1779123298.8715587,0.000054547
experiment_name,f8defd48-5f23-4c05-a9ab-39aaf179ad43,function_execution_time,1779123298.9728403,0.000054722
experiment_name,f8defd48-5f23-4c05-a9ab-39aaf179ad43,function_execution_time,1779123299.074025,0.000053939
experiment_name,f8defd48-5f23-4c05-a9ab-39aaf179ad43,function_execution_time,1779123299.1753657,0.000081301
experiment_name,f8defd48-5f23-4c05-a9ab-39aaf179ad43,function_execution_time,1779123299.2766247,0.000060826
experiment_name,f8defd48-5f23-4c05-a9ab-39aaf179ad43,function_execution_time,1779123299.3780444,0.000067359
experiment_name,f8defd48-5f23-4c05-a9ab-39aaf179ad43,function_execution_time,1779123299.479311,0.000057352
experiment_name,f8defd48-5f23-4c05-a9ab-39aaf179ad43,function_execution_time,1779123299.5807264,0.000058932
experiment_name,6d3b0cb6-f994-41da-bbcf-31e20349765a,function_execution_time,1779123294.7209275,0.000070028
experiment_name,6d3b0cb6-f994-41da-bbcf-31e20349765a,function_execution_time,1779123294.8222992,0.000087097
experiment_name,6d3b0cb6-f994-41da-bbcf-31e20349765a,function_execution_time,1779123294.9235687,0.000068918
experiment_name,6d3b0cb6-f994-41da-bbcf-31e20349765a,function_execution_time,1779123295.0249045,0.0000715
experiment_name,6d3b0cb6-f994-41da-bbcf-31e20349765a,function_execution_time,1779123295.126233,0.000080311
experiment_name,6d3b0cb6-f994-41da-bbcf-31e20349765a,function_execution_time,1779123295.2275803,0.000090278
experiment_name,6d3b0cb6-f994-41da-bbcf-31e20349765a,function_execution_time,1779123295.3288457,0.000067387
experiment_name,6d3b0cb6-f994-41da-bbcf-31e20349765a,function_execution_time,1779123295.4300954,0.000067985
experiment_name,6d3b0cb6-f994-41da-bbcf-31e20349765a,function_execution_time,1779123295.5303729,0.000080337
experiment_name,6d3b0cb6-f994-41da-bbcf-31e20349765a,function_execution_time,1779123295.6317155,0.000169675
experiment_name,6d3b0cb6-f994-41da-bbcf-31e20349765a,function_execution_time,1779123295.7329538,0.000067833
experiment_name,6d3b0cb6-f994-41da-bbcf-31e20349765a,function_execution_time,1779123295.8342695,0.000090325
experiment_name,6d3b0cb6-f994-41da-bbcf-31e20349765a,function_execution_time,1779123295.9356623,0.000103751
experiment_name,6d3b0cb6-f994-41da-bbcf-31e20349765a,function_execution_time,1779123296.0368702,0.000079771
experiment_name,6d3b0cb6-f994-41da-bbcf-31e20349765a,function_execution_time,1779123296.1381123,0.000076456
experiment_name,6d3b0cb6-f994-41da-bbcf-31e20349765a,function_execution_time,1779123296.2383845,0.000082207
experiment_name,6d3b0cb6-f994-41da-bbcf-31e20349765a,function_execution_time,1779123296.3396873,0.000072095
experiment_name,6d3b0cb6-f994-41da-bbcf-31e20349765a,function_execution_time,1779123296.441017,0.000072068
experiment_name,6d3b0cb6-f994-41da-bbcf-31e20349765a,function_execution_time,1779123296.5423002,0.000081432
experiment_name,6d3b0cb6-f994-41da-bbcf-31e20349765a,function_execution_time,1779123296.6437092,0.000163732
experiment_name,6d3b0cb6-f994-41da-bbcf-31e20349765a,function_execution_time,1779123296.744954,0.000070185
experiment_name,6d3b0cb6-f994-41da-bbcf-31e20349765a,function_execution_time,1779123296.8462691,0.00007098
experiment_name,6d3b0cb6-f994-41da-bbcf-31e20349765a,function_execution_time,1779123296.947545,0.000081707
experiment_name,6d3b0cb6-f994-41da-bbcf-31e20349765a,function_execution_time,1779123297.0488904,0.000070928
experiment_name,6d3b0cb6-f994-41da-bbcf-31e20349765a,function_execution_time,1779123297.1501544,0.000074493
experiment_name,6d3b0cb6-f994-41da-bbcf-31e20349765a,function_execution_time,1779123297.2514918,0.000096846
experiment_name,6d3b0cb6-f994-41da-bbcf-31e20349765a,function_execution_time,1779123297.352795,0.000071844
experiment_name,6d3b0cb6-f994-41da-bbcf-31e20349765a,function_execution_time,1779123297.4540823,0.000068211
experiment_name,6d3b0cb6-f994-41da-bbcf-31e20349765a,function_execution_time,1779123297.554334,0.000067684
experiment_name,6d3b0cb6-f994-41da-bbcf-31e20349765a,function_execution_time,1779123297.6557417,0.000140803
experiment_name,6d3b0cb6-f994-41da-bbcf-31e20349765a,function_execution_time,1779123297.756997,0.000078041
experiment_name,6d3b0cb6-f994-41da-bbcf-31e20349765a,function_execution_time,1779123297.8583236,0.000083244
experiment_name,6d3b0cb6-f994-41da-bbcf-31e20349765a,function_execution_time,1779123297.9597604,0.000070893
experiment_name,6d3b0cb6-f994-41da-bbcf-31e20349765a,function_execution_time,1779123298.0610168,0.000083067
experiment_name,6d3b0cb6-f994-41da-bbcf-31e20349765a,function_execution_time,1779123298.1623583,0.000070426
experiment_name,6d3b0cb6-f994-41da-bbcf-31e20349765a,function_execution_time,1779123298.2636242,0.000069071
experiment_name,6d3b0cb6-f994-41da-bbcf-31e20349765a,function_execution_time,1779123298.3648937,0.000068248
experiment_name,6d3b0cb6-f994-41da-bbcf-31e20349765a,function_execution_time,1779123298.4662712,0.000088392
experiment_name,6d3b0cb6-f994-41da-bbcf-31e20349765a,function_execution_time,1779123298.5674424,0.000067846
experiment_name,6d3b0cb6-f994-41da-bbcf-31e20349765a,function_execution_time,1779123298.6688776,0.000158578
experiment_name,6d3b0cb6-f994-41da-bbcf-31e20349765a,function_execution_time,1779123298.7701564,0.000078108
experiment_name,6d3b0cb6-f994-41da-bbcf-31e20349765a,function_execution_time,1779123298.8714178,0.000066639
experiment_name,6d3b0cb6-f994-41da-bbcf-31e20349765a,function_execution_time,1779123298.9726954,0.000070061
experiment_name,6d3b0cb6-f994-41da-bbcf-31e20349765a,function_execution_time,1779123299.0739477,0.00007121
experiment_name,6d3b0cb6-f994-41da-bbcf-31e20349765a,function_execution_time,1779123299.175337,0.000116256
experiment_name,6d3b0cb6-f994-41da-bbcf-31e20349765a,function_execution_time,1779123299.2766218,0.000105942
experiment_name,6d3b0cb6-f994-41da-bbcf-31e20349765a,function_execution_time,1779123299.3779495,0.000087076
experiment_name,6d3b0cb6-f994-41da-bbcf-31e20349765a,function_execution_time,1779123299.479201,0.00008813
experiment_name,6d3b0cb6-f994-41da-bbcf-31e20349765a,function_execution_time,1779123299.5805745,0.000069715
experiment_name,6d3b0cb6-f994-41da-bbcf-31e20349765a,function_transfer_time,1779123294.7208447,0.000017603
experiment_name,6d3b0cb6-f994-41da-bbcf-31e20349765a,function_transfer_time,1779123294.8222156,0.00009538
experiment_name,6d3b0cb6-f994-41da-bbcf-31e20349765a,function_transfer_time,1779123294.9234796,0.000021976
experiment_name,6d3b0cb6-f994-41da-bbcf-31e20349765a,function_transfer_time,1779123295.0248237,0.000083577
experiment_name,6d3b0cb6-f994-41da-bbcf-31e20349765a,function_transfer_time,1779123295.1261508,0.000093056
experiment_name,6d3b0cb6-f994-41da-bbcf-31e20349765a,function_transfer_time,1779123295.227485,0.000089435
experiment_name,6d3b0cb6-f994-41da-bbcf-31e20349765a,function_transfer_time,1779123295.328759,0.000020575
experiment_name,6d3b0cb6-f994-41da-bbcf-31e20349765a,function_transfer_time,1779123295.430015,0.000021082
experiment_name,6d3b0cb6-f994-41da-bbcf-31e20349765a,function_transfer_time,1779123295.53029,0.000017173
experiment_name,6d3b0cb6-f994-41da-bbcf-31e20349765a,function_transfer_time,1779123295.6315389,0.000016985
experiment_name,6d3b0cb6-f994-41da-bbcf-31e20349765a,function_transfer_time,1779123295.7328703,0.000017537
experiment_name,6d3b0cb6-f994-41da-bbcf-31e20349765a,function_transfer_time,1779123295.834173,0.00008292
experiment_name,6d3b0cb6-f994-41da-bbcf-31e20349765a,function_transfer_time,1779123295.935485,0.000049315
experiment_name,6d3b0cb6-f994-41da-bbcf-31e20349765a,function_transfer_time,1779123296.0367813,0.000019126
experiment_name,6d3b0cb6-f994-41da-bbcf-31e20349765a,function_transfer_time,1779123296.1380339,0.0000177
experiment_name,6d3b0cb6-f994-41da-bbcf-31e20349765a,function_transfer_time,1779123296.2382996,0.000016961
experiment_name,6d3b0cb6-f994-41da-bbcf-31e20349765a,function_transfer_time,1779123296.339611,0.000079091
experiment_name,6d3b0cb6-f994-41da-bbcf-31e20349765a,function_transfer_time,1779123296.4409282,0.000078027
experiment_name,6d3b0cb6-f994-41da-bbcf-31e20349765a,function_transfer_time,1779123296.5422137,0.000017605
experiment_name,6d3b0cb6-f994-41da-bbcf-31e20349765a,function_transfer_time,1779123296.6435409,0.000080072
experiment_name,6d3b0cb6-f994-41da-bbcf-31e20349765a,function_transfer_time,1779123296.7448688,0.00001666
experiment_name,6d3b0cb6-f994-41da-bbcf-31e20349765a,function_transfer_time,1779123296.8461826,0.000079819
experiment_name,6d3b0cb6-f994-41da-bbcf-31e20349765a,function_transfer_time,1779123296.947459,0.000021614
experiment_name,6d3b0cb6-f994-41da-bbcf-31e20349765a,function_transfer_time,1779123297.0487962,0.000082976
experiment_name,6d3b0cb6-f994-41da-bbcf-31e20349765a,function_transfer_time,1779123297.1500754,0.000023604
experiment_name,6d3b0cb6-f994-41da-bbcf-31e20349765a,function_transfer_time,1779123297.2514746,0.000022832
experiment_name,6d3b0cb6-f994-41da-bbcf-31e20349765a,function_transfer_time,1779123297.3527153,0.000083087
experiment_name,6d3b0cb6-f994-41da-bbcf-31e20349765a,function_transfer_time,1779123297.453994,0.000018519
experiment_name,6d3b0cb6-f994-41da-bbcf-31e20349765a,function_transfer_time,1779123297.5542436,0.000016679
experiment_name,6d3b0cb6-f994-41da-bbcf-31e20349765a,function_transfer_time,1779123297.6555939,0.000093076
experiment_name,6d3b0cb6-f994-41da-bbcf-31e20349765a,function_transfer_time,1779123297.7569165,0.000023444
experiment_name,6d3b0cb6-f994-41da-bbcf-31e20349765a,function_transfer_time,1779123297.858238,0.00008469
experiment_name,6d3b0cb6-f994-41da-bbcf-31e20349765a,function_transfer_time,1779123297.959681,0.0000948
experiment_name,6d3b0cb6-f994-41da-bbcf-31e20349765a,function_transfer_time,1779123298.0609336,0.000023724
experiment_name,6d3b0cb6-f994-41da-bbcf-31e20349765a,function_transfer_time,1779123298.1622791,0.000084687
experiment_name,6d3b0cb6-f994-41da-bbcf-31e20349765a,function_transfer_time,1779123298.2635393,0.000021669
experiment_name,6d3b0cb6-f994-41da-bbcf-31e20349765a,function_transfer_time,1779123298.3648121,0.000023185
experiment_name,6d3b0cb6-f994-41da-bbcf-31e20349765a,function_transfer_time,1779123298.4661021,0.000022085
experiment_name,6d3b0cb6-f994-41da-bbcf-31e20349765a,function_transfer_time,1779123298.5673432,0.000018188
experiment_name,6d3b0cb6-f994-41da-bbcf-31e20349765a,function_transfer_time,1779123298.6687105,0.000083886
experiment_name,6d3b0cb6-f994-41da-bbcf-31e20349765a,function_transfer_time,1779123298.7700722,0.00007512
experiment_name,6d3b0cb6-f994-41da-bbcf-31e20349765a,function_transfer_time,1779123298.8713372,0.000017714
experiment_name,6d3b0cb6-f994-41da-bbcf-31e20349765a,function_transfer_time,1779123298.9726202,0.000022212
experiment_name,6d3b0cb6-f994-41da-bbcf-31e20349765a,function_transfer_time,1779123299.0738704,0.000018083
experiment_name,6d3b0cb6-f994-41da-bbcf-31e20349765a,function_transfer_time,1779123299.17517,0.000028203
experiment_name,6d3b0cb6-f994-41da-bbcf-31e20349765a,function_transfer_time,1779123299.2764397,0.000029669
experiment_name,6d3b0cb6-f994-41da-bbcf-31e20349765a,function_transfer_time,1779123299.3778012,0.000087642
experiment_name,6d3b0cb6-f994-41da-bbcf-31e20349765a,function_transfer_time,1779123299.4791112,0.000072639
experiment_name,6d3b0cb6-f994-41da-bbcf-31e20349765a,function_transfer_time,1779123299.5804932,0.000017033
experiment_name,f8defd48-5f23-4c05-a9ab-39aaf179ad43,function_transfer_time,1779123294.7210333,0.00013497
experiment_name,f8defd48-5f23-4c05-a9ab-39aaf179ad43,function_transfer_time,1779123294.8223195,0.000048227
experiment_name,f8defd48-5f23-4c05-a9ab-39aaf179ad43,function_transfer_time,1779123294.923646,0.000067461
experiment_name,f8defd48-5f23-4c05-a9ab-39aaf179ad43,function_transfer_time,1779123295.0250006,0.000112458
experiment_name,f8defd48-5f23-4c05-a9ab-39aaf179ad43,function_transfer_time,1779123295.1263275,0.000109997
experiment_name,f8defd48-5f23-4c05-a9ab-39aaf179ad43,function_transfer_time,1779123295.2276292,0.00008898
experiment_name,f8defd48-5f23-4c05-a9ab-39aaf179ad43,function_transfer_time,1779123295.3289375,0.000123485
experiment_name,f8defd48-5f23-4c05-a9ab-39aaf179ad43,function_transfer_time,1779123295.4301865,0.000111306
experiment_name,f8defd48-5f23-4c05-a9ab-39aaf179ad43,function_transfer_time,1779123295.5304759,0.000123989
experiment_name,f8defd48-5f23-4c05-a9ab-39aaf179ad43,function_transfer_time,1779123295.6317112,0.000028157
experiment_name,f8defd48-5f23-4c05-a9ab-39aaf179ad43,function_transfer_time,1779123295.7330267,0.000054932
experiment_name,f8defd48-5f23-4c05-a9ab-39aaf179ad43,function_transfer_time,1779123295.8342743,0.000055311
experiment_name,f8defd48-5f23-4c05-a9ab-39aaf179ad43,function_transfer_time,1779123295.935658,0.000038292
experiment_name,f8defd48-5f23-4c05-a9ab-39aaf179ad43,function_transfer_time,1779123296.0368958,0.000055835
experiment_name,f8defd48-5f23-4c05-a9ab-39aaf179ad43,function_transfer_time,1779123296.1382043,0.000106889
experiment_name,f8defd48-5f23-4c05-a9ab-39aaf179ad43,function_transfer_time,1779123296.2384586,0.000048148
experiment_name,f8defd48-5f23-4c05-a9ab-39aaf179ad43,function_transfer_time,1779123296.3397171,0.000046955
experiment_name,f8defd48-5f23-4c05-a9ab-39aaf179ad43,function_transfer_time,1779123296.4410918,0.000058264
experiment_name,f8defd48-5f23-4c05-a9ab-39aaf179ad43,function_transfer_time,1779123296.5423892,0.00011378
experiment_name,f8defd48-5f23-4c05-a9ab-39aaf179ad43,function_transfer_time,1779123296.6437118,0.000046051
experiment_name,f8defd48-5f23-4c05-a9ab-39aaf179ad43,function_transfer_time,1779123296.7450397,0.000114255
experiment_name,f8defd48-5f23-4c05-a9ab-39aaf179ad43,function_transfer_time,1779123296.846345,0.000057294
experiment_name,f8defd48-5f23-4c05-a9ab-39aaf179ad43,function_transfer_time,1779123296.947618,0.000053032
experiment_name,f8defd48-5f23-4c05-a9ab-39aaf179ad43,function_transfer_time,1779123297.0489645,0.000065319
experiment_name,f8defd48-5f23-4c05-a9ab-39aaf179ad43,function_transfer_time,1779123297.1502302,0.000051182
experiment_name,f8defd48-5f23-4c05-a9ab-39aaf179ad43,function_transfer_time,1779123297.2515166,0.000056984
experiment_name,f8defd48-5f23-4c05-a9ab-39aaf179ad43,function_transfer_time,1779123297.3528736,0.00005288
experiment_name,f8defd48-5f23-4c05-a9ab-39aaf179ad43,function_transfer_time,1779123297.4541078,0.000059477
experiment_name,f8defd48-5f23-4c05-a9ab-39aaf179ad43,function_transfer_time,1779123297.554425,0.000061936
experiment_name,f8defd48-5f23-4c05-a9ab-39aaf179ad43,function_transfer_time,1779123297.6557386,0.000037523
experiment_name,f8defd48-5f23-4c05-a9ab-39aaf179ad43,function_transfer_time,1779123297.7570698,0.000048459
experiment_name,f8defd48-5f23-4c05-a9ab-39aaf179ad43,function_transfer_time,1779123297.8583214,0.00003181
experiment_name,f8defd48-5f23-4c05-a9ab-39aaf179ad43,function_transfer_time,1779123297.9598465,0.000048254
experiment_name,f8defd48-5f23-4c05-a9ab-39aaf179ad43,function_transfer_time,1779123298.061089,0.000056053
experiment_name,f8defd48-5f23-4c05-a9ab-39aaf179ad43,function_transfer_time,1779123298.1625214,0.000125203
experiment_name,f8defd48-5f23-4c05-a9ab-39aaf179ad43,function_transfer_time,1779123298.2637134,0.000117467
experiment_name,f8defd48-5f23-4c05-a9ab-39aaf179ad43,function_transfer_time,1779123298.364972,0.000052534
experiment_name,f8defd48-5f23-4c05-a9ab-39aaf179ad43,function_transfer_time,1779123298.466274,0.000086412
experiment_name,f8defd48-5f23-4c05-a9ab-39aaf179ad43,function_transfer_time,1779123298.5675247,0.000124235
experiment_name,f8defd48-5f23-4c05-a9ab-39aaf179ad43,function_transfer_time,1779123298.6688745,0.000037414
experiment_name,f8defd48-5f23-4c05-a9ab-39aaf179ad43,function_transfer_time,1779123298.7702603,0.000129562
experiment_name,f8defd48-5f23-4c05-a9ab-39aaf179ad43,function_transfer_time,1779123298.8715034,0.00011266
experiment_name,f8defd48-5f23-4c05-a9ab-39aaf179ad43,function_transfer_time,1779123298.9727824,0.000103161
experiment_name,f8defd48-5f23-4c05-a9ab-39aaf179ad43,function_transfer_time,1779123299.0739703,0.000049232
experiment_name,f8defd48-5f23-4c05-a9ab-39aaf179ad43,function_transfer_time,1779123299.1753325,0.000035626
experiment_name,f8defd48-5f23-4c05-a9ab-39aaf179ad43,function_transfer_time,1779123299.2766166,0.000037071
experiment_name,f8defd48-5f23-4c05-a9ab-39aaf179ad43,function_transfer_time,1779123299.3779707,0.000107133
experiment_name,f8defd48-5f23-4c05-a9ab-39aaf179ad43,function_transfer_time,1779123299.4792526,0.000083987
experiment_name,f8defd48-5f23-4c05-a9ab-39aaf179ad43,function_transfer_time,1779123299.5806618,0.000112235
experiment_name,6d3b0cb6-f994-41da-bbcf-31e20349765a,function_execution_time,1779123299.681482,0.000167018
experiment_name,6d3b0cb6-f994-41da-bbcf-31e20349765a,function_execution_time,1779123299.782686,0.000074515
experiment_name,6d3b0cb6-f994-41da-bbcf-31e20349765a,function_execution_time,1779123299.8839655,0.000080848
experiment_name,6d3b0cb6-f994-41da-bbcf-31e20349765a,function_execution_time,1779123299.9852657,0.000075088
experiment_name,6d3b0cb6-f994-41da-bbcf-31e20349765a,function_execution_time,1779123300.086548,0.000068965
experiment_name,6d3b0cb6-f994-41da-bbcf-31e20349765a,function_execution_time,1779123300.1880126,0.000085943
experiment_name,6d3b0cb6-f994-41da-bbcf-31e20349765a,function_execution_time,1779123300.289331,0.000073119
experiment_name,6d3b0cb6-f994-41da-bbcf-31e20349765a,function_execution_time,1779123300.3906798,0.000073666
experiment_name,6d3b0cb6-f994-41da-bbcf-31e20349765a,function_execution_time,1779123300.492003,0.000082156
experiment_name,6d3b0cb6-f994-41da-bbcf-31e20349765a,function_execution_time,1779123300.593337,0.000075003
experiment_name,6d3b0cb6-f994-41da-bbcf-31e20349765a,function_execution_time,1779123300.6946578,0.000139387
experiment_name,6d3b0cb6-f994-41da-bbcf-31e20349765a,function_execution_time,1779123300.7959676,0.000072495
experiment_name,6d3b0cb6-f994-41da-bbcf-31e20349765a,function_execution_time,1779123300.8972561,0.000086018
experiment_name,6d3b0cb6-f994-41da-bbcf-31e20349765a,function_execution_time,1779123300.9985638,0.000076425
experiment_name,6d3b0cb6-f994-41da-bbcf-31e20349765a,function_execution_time,1779123301.099964,0.000080501
experiment_name,6d3b0cb6-f994-41da-bbcf-31e20349765a,function_execution_time,1779123301.2012205,0.00007123
experiment_name,6d3b0cb6-f994-41da-bbcf-31e20349765a,function_execution_time,1779123301.3025339,0.000101424
experiment_name,6d3b0cb6-f994-41da-bbcf-31e20349765a,function_execution_time,1779123301.4039514,0.000071625
experiment_name,6d3b0cb6-f994-41da-bbcf-31e20349765a,function_execution_time,1779123301.5052717,0.00007388
experiment_name,6d3b0cb6-f994-41da-bbcf-31e20349765a,function_execution_time,1779123301.6066308,0.000092373
experiment_name,6d3b0cb6-f994-41da-bbcf-31e20349765a,function_execution_time,1779123301.7080793,0.000147336
experiment_name,6d3b0cb6-f994-41da-bbcf-31e20349765a,function_execution_time,1779123301.8083937,0.00007103
experiment_name,6d3b0cb6-f994-41da-bbcf-31e20349765a,function_execution_time,1779123301.9097152,0.000080442
experiment_name,6d3b0cb6-f994-41da-bbcf-31e20349765a,function_execution_time,1779123302.0110073,0.000069512
experiment_name,6d3b0cb6-f994-41da-bbcf-31e20349765a,function_execution_time,1779123302.112364,0.000073334
experiment_name,6d3b0cb6-f994-41da-bbcf-31e20349765a,function_execution_time,1779123302.2136858,0.000071277
experiment_name,6d3b0cb6-f994-41da-bbcf-31e20349765a,function_execution_time,1779123302.3150423,0.000080409
experiment_name,6d3b0cb6-f994-41da-bbcf-31e20349765a,function_execution_time,1779123302.4163632,0.000073513
experiment_name,6d3b0cb6-f994-41da-bbcf-31e20349765a,function_execution_time,1779123302.5176947,0.000071597
experiment_name,6d3b0cb6-f994-41da-bbcf-31e20349765a,function_execution_time,1779123302.6190512,0.000080789
experiment_name,6d3b0cb6-f994-41da-bbcf-31e20349765a,function_execution_time,1779123302.7204883,0.000194569
experiment_name,6d3b0cb6-f994-41da-bbcf-31e20349765a,function_execution_time,1779123302.8218088,0.000072193
experiment_name,6d3b0cb6-f994-41da-bbcf-31e20349765a,function_execution_time,1779123302.9231102,0.00006966
experiment_name,6d3b0cb6-f994-41da-bbcf-31e20349765a,function_execution_time,1779123303.0234606,0.000094285
experiment_name,6d3b0cb6-f994-41da-bbcf-31e20349765a,function_execution_time,1779123303.1247792,0.000073005
experiment_name,6d3b0cb6-f994-41da-bbcf-31e20349765a,function_execution_time,1779123303.2261071,0.000073276
experiment_name,6d3b0cb6-f994-41da-bbcf-31e20349765a,function_execution_time,1779123303.3264701,0.00009858
experiment_name,6d3b0cb6-f994-41da-bbcf-31e20349765a,function_execution_time,1779123303.427788,0.000072498
experiment_name,6d3b0cb6-f994-41da-bbcf-31e20349765a,function_execution_time,1779123303.5291436,0.000068651
experiment_name,6d3b0cb6-f994-41da-bbcf-31e20349765a,function_execution_time,1779123303.6304014,0.000069729
experiment_name,6d3b0cb6-f994-41da-bbcf-31e20349765a,function_execution_time,1779123303.7318108,0.000153923
experiment_name,6d3b0cb6-f994-41da-bbcf-31e20349765a,function_execution_time,1779123303.8330657,0.000077594
experiment_name,6d3b0cb6-f994-41da-bbcf-31e20349765a,function_execution_time,1779123303.9333937,0.000078298
experiment_name,6d3b0cb6-f994-41da-bbcf-31e20349765a,function_execution_time,1779123304.0347042,0.000081676
experiment_name,6d3b0cb6-f994-41da-bbcf-31e20349765a,function_execution_time,1779123304.1360302,0.000073481
experiment_name,6d3b0cb6-f994-41da-bbcf-31e20349765a,function_execution_time,1779123304.2373116,0.0000737
experiment_name,6d3b0cb6-f994-41da-bbcf-31e20349765a,function_execution_time,1779123304.3386426,0.000071374
experiment_name,6d3b0cb6-f994-41da-bbcf-31e20349765a,function_execution_time,1779123304.4399836,0.000086353
experiment_name,6d3b0cb6-f994-41da-bbcf-31e20349765a,function_execution_time,1779123304.541305,0.000073977
experiment_name,f8defd48-5f23-4c05-a9ab-39aaf179ad43,function_execution_time,1779123299.6815455,0.000068211
experiment_name,f8defd48-5f23-4c05-a9ab-39aaf179ad43,function_execution_time,1779123299.7828352,0.000055849
experiment_name,f8defd48-5f23-4c05-a9ab-39aaf179ad43,function_execution_time,1779123299.8840573,0.000056855
experiment_name,f8defd48-5f23-4c05-a9ab-39aaf179ad43,function_execution_time,1779123299.985365,0.000059473
experiment_name,f8defd48-5f23-4c05-a9ab-39aaf179ad43,function_execution_time,1779123300.086659,0.000073469
experiment_name,f8defd48-5f23-4c05-a9ab-39aaf179ad43,function_execution_time,1779123300.1881106,0.000063981
experiment_name,f8defd48-5f23-4c05-a9ab-39aaf179ad43,function_execution_time,1779123300.2894127,0.000062155
experiment_name,f8defd48-5f23-4c05-a9ab-39aaf179ad43,function_execution_time,1779123300.3908248,0.000055509
experiment_name,f8defd48-5f23-4c05-a9ab-39aaf179ad43,function_execution_time,1779123300.4920948,0.00006376
experiment_name,f8defd48-5f23-4c05-a9ab-39aaf179ad43,function_execution_time,1779123300.593504,0.000064609
experiment_name,f8defd48-5f23-4c05-a9ab-39aaf179ad43,function_execution_time,1779123300.694722,0.000054757
experiment_name,f8defd48-5f23-4c05-a9ab-39aaf179ad43,function_execution_time,1779123300.7961314,0.000058968
experiment_name,f8defd48-5f23-4c05-a9ab-39aaf179ad43,function_execution_time,1779123300.897391,0.000054385
experiment_name,f8defd48-5f23-4c05-a9ab-39aaf179ad43,function_execution_time,1779123300.9987116,0.000063142
experiment_name,f8defd48-5f23-4c05-a9ab-39aaf179ad43,function_execution_time,1779123301.1000392,0.00005595
experiment_name,f8defd48-5f23-4c05-a9ab-39aaf179ad43,function_execution_time,1779123301.201363,0.000054969
experiment_name,f8defd48-5f23-4c05-a9ab-39aaf179ad43,function_execution_time,1779123301.3025863,0.000054854
experiment_name,f8defd48-5f23-4c05-a9ab-39aaf179ad43,function_execution_time,1779123301.4040422,0.000068667
experiment_name,f8defd48-5f23-4c05-a9ab-39aaf179ad43,function_execution_time,1779123301.5053544,0.000056016
experiment_name,f8defd48-5f23-4c05-a9ab-39aaf179ad43,function_execution_time,1779123301.6066935,0.000054899
experiment_name,f8defd48-5f23-4c05-a9ab-39aaf179ad43,function_execution_time,1779123301.708137,0.000055138
experiment_name,f8defd48-5f23-4c05-a9ab-39aaf179ad43,function_execution_time,1779123301.8085399,0.00005611
experiment_name,f8defd48-5f23-4c05-a9ab-39aaf179ad43,function_execution_time,1779123301.9098854,0.000063339
experiment_name,f8defd48-5f23-4c05-a9ab-39aaf179ad43,function_execution_time,1779123302.0110896,0.000060686
experiment_name,f8defd48-5f23-4c05-a9ab-39aaf179ad43,function_execution_time,1779123302.112509,0.000057637
experiment_name,f8defd48-5f23-4c05-a9ab-39aaf179ad43,function_execution_time,1779123302.2137654,0.00005815
experiment_name,f8defd48-5f23-4c05-a9ab-39aaf179ad43,function_execution_time,1779123302.3151908,0.000065309
experiment_name,f8defd48-5f23-4c05-a9ab-39aaf179ad43,function_execution_time,1779123302.4165142,0.000057127
experiment_name,f8defd48-5f23-4c05-a9ab-39aaf179ad43,function_execution_time,1779123302.517776,0.000057811
experiment_name,f8defd48-5f23-4c05-a9ab-39aaf179ad43,function_execution_time,1779123302.619131,0.000057599
experiment_name,f8defd48-5f23-4c05-a9ab-39aaf179ad43,function_execution_time,1779123302.7205467,0.000079232
experiment_name,f8defd48-5f23-4c05-a9ab-39aaf179ad43,function_execution_time,1779123302.8219748,0.000062631
experiment_name,f8defd48-5f23-4c05-a9ab-39aaf179ad43,function_execution_time,1779123302.9232578,0.000056033
experiment_name,f8defd48-5f23-4c05-a9ab-39aaf179ad43,function_execution_time,1779123303.023558,0.000056882
experiment_name,f8defd48-5f23-4c05-a9ab-39aaf179ad43,function_execution_time,1779123303.1249301,0.000056525
experiment_name,f8defd48-5f23-4c05-a9ab-39aaf179ad43,function_execution_time,1779123303.226278,0.000063332
experiment_name,f8defd48-5f23-4c05-a9ab-39aaf179ad43,function_execution_time,1779123303.3265407,0.000057292
experiment_name,f8defd48-5f23-4c05-a9ab-39aaf179ad43,function_execution_time,1779123303.427884,0.000062428
experiment_name,f8defd48-5f23-4c05-a9ab-39aaf179ad43,function_execution_time,1779123303.529233,0.000063345
experiment_name,f8defd48-5f23-4c05-a9ab-39aaf179ad43,function_execution_time,1779123303.6305254,0.00009154
experiment_name,f8defd48-5f23-4c05-a9ab-39aaf179ad43,function_execution_time,1779123303.7318747,0.000055126
experiment_name,f8defd48-5f23-4c05-a9ab-39aaf179ad43,function_execution_time,1779123303.8332205,0.000067715
experiment_name,f8defd48-5f23-4c05-a9ab-39aaf179ad43,function_execution_time,1779123303.933537,0.000060681
experiment_name,f8defd48-5f23-4c05-a9ab-39aaf179ad43,function_execution_time,1779123304.0347855,0.000057791
experiment_name,f8defd48-5f23-4c05-a9ab-39aaf179ad43,function_execution_time,1779123304.1361854,0.000067106
experiment_name,f8defd48-5f23-4c05-a9ab-39aaf179ad43,function_execution_time,1779123304.2373936,0.000058304
experiment_name,f8defd48-5f23-4c05-a9ab-39aaf179ad43,function_execution_time,1779123304.3387852,0.000056188
experiment_name,f8defd48-5f23-4c05-a9ab-39aaf179ad43,function_execution_time,1779123304.4400666,0.000063291
experiment_name,f8defd48-5f23-4c05-a9ab-39aaf179ad43,function_execution_time,1779123304.541408,0.000069657
experiment_name,f8defd48-5f23-4c05-a9ab-39aaf179ad43,function_transfer_time,1779123299.6814773,0.000044032
experiment_name,f8defd48-5f23-4c05-a9ab-39aaf179ad43,function_transfer_time,1779123299.7827756,0.000106584
experiment_name,f8defd48-5f23-4c05-a9ab-39aaf179ad43,function_transfer_time,1779123299.8839958,0.000052022
experiment_name,f8defd48-5f23-4c05-a9ab-39aaf179ad43,function_transfer_time,1779123299.985304,0.000048603
experiment_name,f8defd48-5f23-4c05-a9ab-39aaf179ad43,function_transfer_time,1779123300.0866196,0.000069368
experiment_name,f8defd48-5f23-4c05-a9ab-39aaf179ad43,function_transfer_time,1779123300.1880822,0.00005483
experiment_name,f8defd48-5f23-4c05-a9ab-39aaf179ad43,function_transfer_time,1779123300.2894077,0.000048913
experiment_name,f8defd48-5f23-4c05-a9ab-39aaf179ad43,function_transfer_time,1779123300.3907654,0.000104069
experiment_name,f8defd48-5f23-4c05-a9ab-39aaf179ad43,function_transfer_time,1779123300.4920301,0.000058041
experiment_name,f8defd48-5f23-4c05-a9ab-39aaf179ad43,function_transfer_time,1779123300.5934458,0.000114516
experiment_name,f8defd48-5f23-4c05-a9ab-39aaf179ad43,function_transfer_time,1779123300.6946602,0.000041673
experiment_name,f8defd48-5f23-4c05-a9ab-39aaf179ad43,function_transfer_time,1779123300.7960696,0.000123397
experiment_name,f8defd48-5f23-4c05-a9ab-39aaf179ad43,function_transfer_time,1779123300.8973315,0.000100989
experiment_name,f8defd48-5f23-4c05-a9ab-39aaf179ad43,function_transfer_time,1779123300.9986472,0.000113663
experiment_name,f8defd48-5f23-4c05-a9ab-39aaf179ad43,function_transfer_time,1779123301.0999677,0.000101829
experiment_name,f8defd48-5f23-4c05-a9ab-39aaf179ad43,function_transfer_time,1779123301.2013075,0.000118855
experiment_name,f8defd48-5f23-4c05-a9ab-39aaf179ad43,function_transfer_time,1779123301.3025298,0.00003777
experiment_name,f8defd48-5f23-4c05-a9ab-39aaf179ad43,function_transfer_time,1779123301.4040222,0.000060438
experiment_name,f8defd48-5f23-4c05-a9ab-39aaf179ad43,function_transfer_time,1779123301.5053518,0.000054278
experiment_name,f8defd48-5f23-4c05-a9ab-39aaf179ad43,function_transfer_time,1779123301.606628,0.000028515
experiment_name,f8defd48-5f23-4c05-a9ab-39aaf179ad43,function_transfer_time,1779123301.7080817,0.000037467
experiment_name,f8defd48-5f23-4c05-a9ab-39aaf179ad43,function_transfer_time,1779123301.8084815,0.000107981
experiment_name,f8defd48-5f23-4c05-a9ab-39aaf179ad43,function_transfer_time,1779123301.9098208,0.000129156
experiment_name,f8defd48-5f23-4c05-a9ab-39aaf179ad43,function_transfer_time,1779123302.0110872,0.000052045
experiment_name,f8defd48-5f23-4c05-a9ab-39aaf179ad43,function_transfer_time,1779123302.1124537,0.000104464
experiment_name,f8defd48-5f23-4c05-a9ab-39aaf179ad43,function_transfer_time,1779123302.2137628,0.000058562
experiment_name,f8defd48-5f23-4c05-a9ab-39aaf179ad43,function_transfer_time,1779123302.3151302,0.000110415
experiment_name,f8defd48-5f23-4c05-a9ab-39aaf179ad43,function_transfer_time,1779123302.416463,0.00012067
experiment_name,f8defd48-5f23-4c05-a9ab-39aaf179ad43,function_transfer_time,1779123302.5177732,0.000055152
experiment_name,f8defd48-5f23-4c05-a9ab-39aaf179ad43,function_transfer_time,1779123302.6191285,0.000056462
experiment_name,f8defd48-5f23-4c05-a9ab-39aaf179ad43,function_transfer_time,1779123302.7204611,0.000038443
experiment_name,f8defd48-5f23-4c05-a9ab-39aaf179ad43,function_transfer_time,1779123302.8219118,0.000129434
experiment_name,f8defd48-5f23-4c05-a9ab-39aaf179ad43,function_transfer_time,1779123302.9231966,0.000107661
experiment_name,f8defd48-5f23-4c05-a9ab-39aaf179ad43,function_transfer_time,1779123303.0235527,0.000056067
experiment_name,f8defd48-5f23-4c05-a9ab-39aaf179ad43,function_transfer_time,1779123303.1248708,0.000106225
experiment_name,f8defd48-5f23-4c05-a9ab-39aaf179ad43,function_transfer_time,1779123303.2262144,0.000131154
experiment_name,f8defd48-5f23-4c05-a9ab-39aaf179ad43,function_transfer_time,1779123303.3265378,0.000058291
experiment_name,f8defd48-5f23-4c05-a9ab-39aaf179ad43,function_transfer_time,1779123303.4278564,0.000054655
experiment_name,f8defd48-5f23-4c05-a9ab-39aaf179ad43,function_transfer_time,1779123303.5292132,0.000060454
experiment_name,f8defd48-5f23-4c05-a9ab-39aaf179ad43,function_transfer_time,1779123303.6304755,0.000054011
experiment_name,f8defd48-5f23-4c05-a9ab-39aaf179ad43,function_transfer_time,1779123303.7318134,0.00004127
experiment_name,f8defd48-5f23-4c05-a9ab-39aaf179ad43,function_transfer_time,1779123303.833178,0.000115798
experiment_name,f8defd48-5f23-4c05-a9ab-39aaf179ad43,function_transfer_time,1779123303.933483,0.000109486
experiment_name,f8defd48-5f23-4c05-a9ab-39aaf179ad43,function_transfer_time,1779123304.0347831,0.000052838
experiment_name,f8defd48-5f23-4c05-a9ab-39aaf179ad43,function_transfer_time,1779123304.1361296,0.000114288
experiment_name,f8defd48-5f23-4c05-a9ab-39aaf179ad43,function_transfer_time,1779123304.237391,0.00005037
experiment_name,f8defd48-5f23-4c05-a9ab-39aaf179ad43,function_transfer_time,1779123304.3387322,0.000114404
experiment_name,f8defd48-5f23-4c05-a9ab-39aaf179ad43,function_transfer_time,1779123304.4400468,0.000041603
experiment_name,f8defd48-5f23-4c05-a9ab-39aaf179ad43,function_transfer_time,1779123304.5413852,0.000046624
experiment_name,6d3b0cb6-f994-41da-bbcf-31e20349765a,function_transfer_time,1779123299.6813042,0.000072384
experiment_name,6d3b0cb6-f994-41da-bbcf-31e20349765a,function_transfer_time,1779123299.7826078,0.000021714
experiment_name,6d3b0cb6-f994-41da-bbcf-31e20349765a,function_transfer_time,1779123299.8838773,0.000016822
experiment_name,6d3b0cb6-f994-41da-bbcf-31e20349765a,function_transfer_time,1779123299.9851906,0.000081057
experiment_name,6d3b0cb6-f994-41da-bbcf-31e20349765a,function_transfer_time,1779123300.0865438,0.000024431
experiment_name,6d3b0cb6-f994-41da-bbcf-31e20349765a,function_transfer_time,1779123300.1879268,0.000082643
experiment_name,6d3b0cb6-f994-41da-bbcf-31e20349765a,function_transfer_time,1779123300.2892509,0.000080405
experiment_name,6d3b0cb6-f994-41da-bbcf-31e20349765a,function_transfer_time,1779123300.3905995,0.000076401
experiment_name,6d3b0cb6-f994-41da-bbcf-31e20349765a,function_transfer_time,1779123300.4919155,0.000083219
experiment_name,6d3b0cb6-f994-41da-bbcf-31e20349765a,function_transfer_time,1779123300.5932605,0.000084817
experiment_name,6d3b0cb6-f994-41da-bbcf-31e20349765a,function_transfer_time,1779123300.6945167,0.000021965
experiment_name,6d3b0cb6-f994-41da-bbcf-31e20349765a,function_transfer_time,1779123300.7958837,0.000085356
experiment_name,6d3b0cb6-f994-41da-bbcf-31e20349765a,function_transfer_time,1779123300.8971658,0.000020336
experiment_name,6d3b0cb6-f994-41da-bbcf-31e20349765a,function_transfer_time,1779123300.998475,0.000081294
experiment_name,6d3b0cb6-f994-41da-bbcf-31e20349765a,function_transfer_time,1779123301.0998185,0.000081652
experiment_name,6d3b0cb6-f994-41da-bbcf-31e20349765a,function_transfer_time,1779123301.2011347,0.000083188
experiment_name,6d3b0cb6-f994-41da-bbcf-31e20349765a,function_transfer_time,1779123301.3024235,0.000028541
experiment_name,6d3b0cb6-f994-41da-bbcf-31e20349765a,function_transfer_time,1779123301.4038634,0.000090469
experiment_name,6d3b0cb6-f994-41da-bbcf-31e20349765a,function_transfer_time,1779123301.5051877,0.000079265
experiment_name,6d3b0cb6-f994-41da-bbcf-31e20349765a,function_transfer_time,1779123301.6065333,0.00008305
experiment_name,6d3b0cb6-f994-41da-bbcf-31e20349765a,function_transfer_time,1779123301.707927,0.000078228
experiment_name,6d3b0cb6-f994-41da-bbcf-31e20349765a,function_transfer_time,1779123301.808312,0.000083952
experiment_name,6d3b0cb6-f994-41da-bbcf-31e20349765a,function_transfer_time,1779123301.9096384,0.000083537
experiment_name,6d3b0cb6-f994-41da-bbcf-31e20349765a,function_transfer_time,1779123302.0109286,0.000035029
experiment_name,6d3b0cb6-f994-41da-bbcf-31e20349765a,function_transfer_time,1779123302.1122842,0.000098515
experiment_name,6d3b0cb6-f994-41da-bbcf-31e20349765a,function_transfer_time,1779123302.2136004,0.000080069
experiment_name,6d3b0cb6-f994-41da-bbcf-31e20349765a,function_transfer_time,1779123302.314956,0.00009367
experiment_name,6d3b0cb6-f994-41da-bbcf-31e20349765a,function_transfer_time,1779123302.416283,0.000090552
experiment_name,6d3b0cb6-f994-41da-bbcf-31e20349765a,function_transfer_time,1779123302.5176098,0.000079347
experiment_name,6d3b0cb6-f994-41da-bbcf-31e20349765a,function_transfer_time,1779123302.618966,0.000085472
experiment_name,6d3b0cb6-f994-41da-bbcf-31e20349765a,function_transfer_time,1779123302.7202938,0.000081327
experiment_name,6d3b0cb6-f994-41da-bbcf-31e20349765a,function_transfer_time,1779123302.8217278,0.000080257
experiment_name,6d3b0cb6-f994-41da-bbcf-31e20349765a,function_transfer_time,1779123302.9230309,0.000076614
experiment_name,6d3b0cb6-f994-41da-bbcf-31e20349765a,function_transfer_time,1779123303.0233648,0.000084036
experiment_name,6d3b0cb6-f994-41da-bbcf-31e20349765a,function_transfer_time,1779123303.1247032,0.000084627
experiment_name,6d3b0cb6-f994-41da-bbcf-31e20349765a,function_transfer_time,1779123303.2260292,0.000083162
experiment_name,6d3b0cb6-f994-41da-bbcf-31e20349765a,function_transfer_time,1779123303.3263748,0.000080083
experiment_name,6d3b0cb6-f994-41da-bbcf-31e20349765a,function_transfer_time,1779123303.427707,0.000076902
experiment_name,6d3b0cb6-f994-41da-bbcf-31e20349765a,function_transfer_time,1779123303.529054,0.000082855
experiment_name,6d3b0cb6-f994-41da-bbcf-31e20349765a,function_transfer_time,1779123303.6303167,0.00002375
experiment_name,6d3b0cb6-f994-41da-bbcf-31e20349765a,function_transfer_time,1779123303.7316558,0.00007643
experiment_name,6d3b0cb6-f994-41da-bbcf-31e20349765a,function_transfer_time,1779123303.8329847,0.000028131
experiment_name,6d3b0cb6-f994-41da-bbcf-31e20349765a,function_transfer_time,1779123303.93331,0.000082536
experiment_name,6d3b0cb6-f994-41da-bbcf-31e20349765a,function_transfer_time,1779123304.0346265,0.000033106
experiment_name,6d3b0cb6-f994-41da-bbcf-31e20349765a,function_transfer_time,1779123304.1359515,0.000092509
experiment_name,6d3b0cb6-f994-41da-bbcf-31e20349765a,function_transfer_time,1779123304.2372344,0.000026214
experiment_name,6d3b0cb6-f994-41da-bbcf-31e20349765a,function_transfer_time,1779123304.3385632,0.00009616
experiment_name,6d3b0cb6-f994-41da-bbcf-31e20349765a,function_transfer_time,1779123304.4398987,0.000084831
experiment_name,6d3b0cb6-f994-41da-bbcf-31e20349765a,function_transfer_time,1779123304.5412302,0.00006431
experiment_name,6d3b0cb6-f994-41da-bbcf-31e20349765a,function_execution_time,1779123304.643026,0.000085902
experiment_name,6d3b0cb6-f994-41da-bbcf-31e20349765a,function_execution_time,1779123304.7444415,0.000164707
experiment_name,6d3b0cb6-f994-41da-bbcf-31e20349765a,function_execution_time,1779123304.8457139,0.000070019
experiment_name,6d3b0cb6-f994-41da-bbcf-31e20349765a,function_execution_time,1779123304.947045,0.000072484
experiment_name,6d3b0cb6-f994-41da-bbcf-31e20349765a,function_execution_time,1779123305.0484495,0.000095529
experiment_name,6d3b0cb6-f994-41da-bbcf-31e20349765a,function_execution_time,1779123305.1496687,0.000069125
experiment_name,6d3b0cb6-f994-41da-bbcf-31e20349765a,function_execution_time,1779123305.250953,0.000068308
experiment_name,6d3b0cb6-f994-41da-bbcf-31e20349765a,function_execution_time,1779123305.352268,0.000072434
experiment_name,6d3b0cb6-f994-41da-bbcf-31e20349765a,function_execution_time,1779123305.4535708,0.000078726
experiment_name,6d3b0cb6-f994-41da-bbcf-31e20349765a,function_execution_time,1779123305.5549073,0.000069725
experiment_name,6d3b0cb6-f994-41da-bbcf-31e20349765a,function_execution_time,1779123305.6561792,0.000073155
experiment_name,6d3b0cb6-f994-41da-bbcf-31e20349765a,function_execution_time,1779123305.7576141,0.000151843
experiment_name,6d3b0cb6-f994-41da-bbcf-31e20349765a,function_execution_time,1779123305.8588505,0.000071161
experiment_name,6d3b0cb6-f994-41da-bbcf-31e20349765a,function_execution_time,1779123305.9602706,0.000111549
experiment_name,6d3b0cb6-f994-41da-bbcf-31e20349765a,function_execution_time,1779123306.0616243,0.000103991
experiment_name,6d3b0cb6-f994-41da-bbcf-31e20349765a,function_execution_time,1779123306.1628888,0.000076533
experiment_name,6d3b0cb6-f994-41da-bbcf-31e20349765a,function_execution_time,1779123306.2642047,0.00007895
experiment_name,6d3b0cb6-f994-41da-bbcf-31e20349765a,function_execution_time,1779123306.3656123,0.000083627
experiment_name,6d3b0cb6-f994-41da-bbcf-31e20349765a,function_execution_time,1779123306.4668748,0.000070227
experiment_name,6d3b0cb6-f994-41da-bbcf-31e20349765a,function_execution_time,1779123306.568259,0.000079879
experiment_name,6d3b0cb6-f994-41da-bbcf-31e20349765a,function_execution_time,1779123306.6695228,0.000093534
experiment_name,6d3b0cb6-f994-41da-bbcf-31e20349765a,function_execution_time,1779123306.7709281,0.00016652
experiment_name,6d3b0cb6-f994-41da-bbcf-31e20349765a,function_execution_time,1779123306.8722205,0.000068606
experiment_name,6d3b0cb6-f994-41da-bbcf-31e20349765a,function_execution_time,1779123306.97361,0.000078338
experiment_name,6d3b0cb6-f994-41da-bbcf-31e20349765a,function_execution_time,1779123307.0748596,0.000078437
experiment_name,6d3b0cb6-f994-41da-bbcf-31e20349765a,function_execution_time,1779123307.1762955,0.000085603
experiment_name,6d3b0cb6-f994-41da-bbcf-31e20349765a,function_execution_time,1779123307.277594,0.000075534
experiment_name,6d3b0cb6-f994-41da-bbcf-31e20349765a,function_execution_time,1779123307.3788676,0.000087539
experiment_name,6d3b0cb6-f994-41da-bbcf-31e20349765a,function_execution_time,1779123307.480162,0.000082023
experiment_name,6d3b0cb6-f994-41da-bbcf-31e20349765a,function_execution_time,1779123307.5814874,0.000088148
experiment_name,6d3b0cb6-f994-41da-bbcf-31e20349765a,function_execution_time,1779123307.6829073,0.000095087
experiment_name,6d3b0cb6-f994-41da-bbcf-31e20349765a,function_execution_time,1779123307.7842402,0.000157762
experiment_name,6d3b0cb6-f994-41da-bbcf-31e20349765a,function_execution_time,1779123307.8855593,0.0000783
experiment_name,6d3b0cb6-f994-41da-bbcf-31e20349765a,function_execution_time,1779123307.9869196,0.000098865
experiment_name,6d3b0cb6-f994-41da-bbcf-31e20349765a,function_execution_time,1779123308.0882194,0.000072287
experiment_name,6d3b0cb6-f994-41da-bbcf-31e20349765a,function_execution_time,1779123308.1896298,0.000078494
experiment_name,6d3b0cb6-f994-41da-bbcf-31e20349765a,function_execution_time,1779123308.2909017,0.000083784
experiment_name,6d3b0cb6-f994-41da-bbcf-31e20349765a,function_execution_time,1779123308.3921769,0.000070849
experiment_name,6d3b0cb6-f994-41da-bbcf-31e20349765a,function_execution_time,1779123308.4935524,0.000086802
experiment_name,6d3b0cb6-f994-41da-bbcf-31e20349765a,function_execution_time,1779123308.5948215,0.000070553
experiment_name,6d3b0cb6-f994-41da-bbcf-31e20349765a,function_execution_time,1779123308.6960816,0.000077294
experiment_name,6d3b0cb6-f994-41da-bbcf-31e20349765a,function_execution_time,1779123308.79652,0.000187688
experiment_name,6d3b0cb6-f994-41da-bbcf-31e20349765a,function_execution_time,1779123308.8977885,0.00006958
experiment_name,6d3b0cb6-f994-41da-bbcf-31e20349765a,function_execution_time,1779123308.9991198,0.000072366
experiment_name,6d3b0cb6-f994-41da-bbcf-31e20349765a,function_execution_time,1779123309.099478,0.000080581
experiment_name,6d3b0cb6-f994-41da-bbcf-31e20349765a,function_execution_time,1779123309.200714,0.000068906
experiment_name,6d3b0cb6-f994-41da-bbcf-31e20349765a,function_execution_time,1779123309.3020775,0.000109815
experiment_name,6d3b0cb6-f994-41da-bbcf-31e20349765a,function_execution_time,1779123309.4023015,0.000091929
experiment_name,6d3b0cb6-f994-41da-bbcf-31e20349765a,function_execution_time,1779123309.503564,0.000068328
experiment_name,6d3b0cb6-f994-41da-bbcf-31e20349765a,function_execution_time,1779123309.6049109,0.000078023
experiment_name,f8defd48-5f23-4c05-a9ab-39aaf179ad43,function_execution_time,1779123304.6430817,0.000063212
experiment_name,f8defd48-5f23-4c05-a9ab-39aaf179ad43,function_execution_time,1779123304.7445266,0.000068903
experiment_name,f8defd48-5f23-4c05-a9ab-39aaf179ad43,function_execution_time,1779123304.8458622,0.000054097
experiment_name,f8defd48-5f23-4c05-a9ab-39aaf179ad43,function_execution_time,1779123304.9471173,0.000050671
experiment_name,f8defd48-5f23-4c05-a9ab-39aaf179ad43,function_execution_time,1779123305.0484843,0.000111199
experiment_name,f8defd48-5f23-4c05-a9ab-39aaf179ad43,function_execution_time,1779123305.1498256,0.000064326
experiment_name,f8defd48-5f23-4c05-a9ab-39aaf179ad43,function_execution_time,1779123305.251095,0.000055651
experiment_name,f8defd48-5f23-4c05-a9ab-39aaf179ad43,function_execution_time,1779123305.352415,0.000055146
experiment_name,f8defd48-5f23-4c05-a9ab-39aaf179ad43,function_execution_time,1779123305.4537203,0.000053898
experiment_name,f8defd48-5f23-4c05-a9ab-39aaf179ad43,function_execution_time,1779123305.5550504,0.000058571
experiment_name,f8defd48-5f23-4c05-a9ab-39aaf179ad43,function_execution_time,1779123305.6563203,0.000065606
experiment_name,f8defd48-5f23-4c05-a9ab-39aaf179ad43,function_execution_time,1779123305.7576706,0.000058915
experiment_name,f8defd48-5f23-4c05-a9ab-39aaf179ad43,function_execution_time,1779123305.8590002,0.000056111
experiment_name,f8defd48-5f23-4c05-a9ab-39aaf179ad43,function_execution_time,1779123305.9603338,0.000060366
experiment_name,f8defd48-5f23-4c05-a9ab-39aaf179ad43,function_execution_time,1779123306.061701,0.000060372
experiment_name,f8defd48-5f23-4c05-a9ab-39aaf179ad43,function_execution_time,1779123306.1630518,0.000056745
experiment_name,f8defd48-5f23-4c05-a9ab-39aaf179ad43,function_execution_time,1779123306.2643476,0.000055388
experiment_name,f8defd48-5f23-4c05-a9ab-39aaf179ad43,function_execution_time,1779123306.365685,0.000067788
experiment_name,f8defd48-5f23-4c05-a9ab-39aaf179ad43,function_execution_time,1779123306.4670184,0.000056314
experiment_name,f8defd48-5f23-4c05-a9ab-39aaf179ad43,function_execution_time,1779123306.5683117,0.000062623
experiment_name,f8defd48-5f23-4c05-a9ab-39aaf179ad43,function_execution_time,1779123306.6696577,0.000056756
experiment_name,f8defd48-5f23-4c05-a9ab-39aaf179ad43,function_execution_time,1779123306.77099,0.000062972
experiment_name,f8defd48-5f23-4c05-a9ab-39aaf179ad43,function_execution_time,1779123306.872364,0.000055107
experiment_name,f8defd48-5f23-4c05-a9ab-39aaf179ad43,function_execution_time,1779123306.9736798,0.000055441
experiment_name,f8defd48-5f23-4c05-a9ab-39aaf179ad43,function_execution_time,1779123307.0750053,0.000053817
experiment_name,f8defd48-5f23-4c05-a9ab-39aaf179ad43,function_execution_time,1779123307.1763442,0.000060389
experiment_name,f8defd48-5f23-4c05-a9ab-39aaf179ad43,function_execution_time,1779123307.2776184,0.000072518
experiment_name,f8defd48-5f23-4c05-a9ab-39aaf179ad43,function_execution_time,1779123307.3789916,0.00005461
experiment_name,f8defd48-5f23-4c05-a9ab-39aaf179ad43,function_execution_time,1779123307.480241,0.000053885
experiment_name,f8defd48-5f23-4c05-a9ab-39aaf179ad43,function_execution_time,1779123307.5816212,0.000054809
experiment_name,f8defd48-5f23-4c05-a9ab-39aaf179ad43,function_execution_time,1779123307.6829214,0.000065524
experiment_name,f8defd48-5f23-4c05-a9ab-39aaf179ad43,function_execution_time,1779123307.784307,0.000062773
experiment_name,f8defd48-5f23-4c05-a9ab-39aaf179ad43,function_execution_time,1779123307.8856475,0.000058067
experiment_name,f8defd48-5f23-4c05-a9ab-39aaf179ad43,function_execution_time,1779123307.9869754,0.00005785
experiment_name,f8defd48-5f23-4c05-a9ab-39aaf179ad43,function_execution_time,1779123308.0883145,0.000064349
experiment_name,f8defd48-5f23-4c05-a9ab-39aaf179ad43,function_execution_time,1779123308.1896324,0.000062346
experiment_name,f8defd48-5f23-4c05-a9ab-39aaf179ad43,function_execution_time,1779123308.290972,0.000055997
experiment_name,f8defd48-5f23-4c05-a9ab-39aaf179ad43,function_execution_time,1779123308.3923488,0.000056688
experiment_name,f8defd48-5f23-4c05-a9ab-39aaf179ad43,function_execution_time,1779123308.493642,0.00006343
experiment_name,f8defd48-5f23-4c05-a9ab-39aaf179ad43,function_execution_time,1779123308.5949745,0.000056028
experiment_name,f8defd48-5f23-4c05-a9ab-39aaf179ad43,function_execution_time,1779123308.6961563,0.000057965
experiment_name,f8defd48-5f23-4c05-a9ab-39aaf179ad43,function_execution_time,1779123308.7965727,0.000057214
experiment_name,f8defd48-5f23-4c05-a9ab-39aaf179ad43,function_execution_time,1779123308.897937,0.000064647
experiment_name,f8defd48-5f23-4c05-a9ab-39aaf179ad43,function_execution_time,1779123308.9992642,0.00006505
experiment_name,f8defd48-5f23-4c05-a9ab-39aaf179ad43,function_execution_time,1779123309.0995214,0.000062431
experiment_name,f8defd48-5f23-4c05-a9ab-39aaf179ad43,function_execution_time,1779123309.200862,0.000055797
experiment_name,f8defd48-5f23-4c05-a9ab-39aaf179ad43,function_execution_time,1779123309.302134,0.00005852
experiment_name,f8defd48-5f23-4c05-a9ab-39aaf179ad43,function_execution_time,1779123309.4024541,0.000074546
experiment_name,f8defd48-5f23-4c05-a9ab-39aaf179ad43,function_execution_time,1779123309.503744,0.000078216
experiment_name,f8defd48-5f23-4c05-a9ab-39aaf179ad43,function_execution_time,1779123309.6050806,0.000059621
experiment_name,6d3b0cb6-f994-41da-bbcf-31e20349765a,function_transfer_time,1779123304.6429307,0.000016498
experiment_name,6d3b0cb6-f994-41da-bbcf-31e20349765a,function_transfer_time,1779123304.7442663,0.000084925
experiment_name,6d3b0cb6-f994-41da-bbcf-31e20349765a,function_transfer_time,1779123304.8456376,0.000080649
experiment_name,6d3b0cb6-f994-41da-bbcf-31e20349765a,function_transfer_time,1779123304.9469647,0.000082595
experiment_name,6d3b0cb6-f994-41da-bbcf-31e20349765a,function_transfer_time,1779123305.048279,0.000082771
experiment_name,6d3b0cb6-f994-41da-bbcf-31e20349765a,function_transfer_time,1779123305.149588,0.000079592
experiment_name,6d3b0cb6-f994-41da-bbcf-31e20349765a,function_transfer_time,1779123305.250866,0.000020917
experiment_name,6d3b0cb6-f994-41da-bbcf-31e20349765a,function_transfer_time,1779123305.3521876,0.000078775
experiment_name,6d3b0cb6-f994-41da-bbcf-31e20349765a,function_transfer_time,1779123305.4534929,0.000019049
experiment_name,6d3b0cb6-f994-41da-bbcf-31e20349765a,function_transfer_time,1779123305.5548234,0.000097464
experiment_name,6d3b0cb6-f994-41da-bbcf-31e20349765a,function_transfer_time,1779123305.6560998,0.00002754
experiment_name,6d3b0cb6-f994-41da-bbcf-31e20349765a,function_transfer_time,1779123305.7574596,0.000095874
experiment_name,6d3b0cb6-f994-41da-bbcf-31e20349765a,function_transfer_time,1779123305.8587725,0.000023229
experiment_name,6d3b0cb6-f994-41da-bbcf-31e20349765a,function_transfer_time,1779123305.9601488,0.0001089
experiment_name,6d3b0cb6-f994-41da-bbcf-31e20349765a,function_transfer_time,1779123306.0614643,0.000091777
experiment_name,6d3b0cb6-f994-41da-bbcf-31e20349765a,function_transfer_time,1779123306.1628025,0.000081357
experiment_name,6d3b0cb6-f994-41da-bbcf-31e20349765a,function_transfer_time,1779123306.2641258,0.000082022
experiment_name,6d3b0cb6-f994-41da-bbcf-31e20349765a,function_transfer_time,1779123306.365453,0.00008542
experiment_name,6d3b0cb6-f994-41da-bbcf-31e20349765a,function_transfer_time,1779123306.466789,0.00008163
experiment_name,6d3b0cb6-f994-41da-bbcf-31e20349765a,function_transfer_time,1779123306.5681038,0.000084105
experiment_name,6d3b0cb6-f994-41da-bbcf-31e20349765a,function_transfer_time,1779123306.6694214,0.000076167
experiment_name,6d3b0cb6-f994-41da-bbcf-31e20349765a,function_transfer_time,1779123306.770746,0.00008522
experiment_name,6d3b0cb6-f994-41da-bbcf-31e20349765a,function_transfer_time,1779123306.8721347,0.00008307
experiment_name,6d3b0cb6-f994-41da-bbcf-31e20349765a,function_transfer_time,1779123306.9734788,0.00008187
experiment_name,6d3b0cb6-f994-41da-bbcf-31e20349765a,function_transfer_time,1779123307.074776,0.000083519
experiment_name,6d3b0cb6-f994-41da-bbcf-31e20349765a,function_transfer_time,1779123307.1761382,0.000085934
experiment_name,6d3b0cb6-f994-41da-bbcf-31e20349765a,function_transfer_time,1779123307.277436,0.00008384
experiment_name,6d3b0cb6-f994-41da-bbcf-31e20349765a,function_transfer_time,1779123307.3787754,0.00008635
experiment_name,6d3b0cb6-f994-41da-bbcf-31e20349765a,function_transfer_time,1779123307.4800828,0.000079083
experiment_name,6d3b0cb6-f994-41da-bbcf-31e20349765a,function_transfer_time,1779123307.5814002,0.000083022
experiment_name,6d3b0cb6-f994-41da-bbcf-31e20349765a,function_transfer_time,1779123307.6827602,0.000088509
experiment_name,6d3b0cb6-f994-41da-bbcf-31e20349765a,function_transfer_time,1779123307.7840705,0.000082695
experiment_name,6d3b0cb6-f994-41da-bbcf-31e20349765a,function_transfer_time,1779123307.885472,0.0000833
experiment_name,6d3b0cb6-f994-41da-bbcf-31e20349765a,function_transfer_time,1779123307.9868066,0.000087935
experiment_name,6d3b0cb6-f994-41da-bbcf-31e20349765a,function_transfer_time,1779123308.088131,0.000084987
experiment_name,6d3b0cb6-f994-41da-bbcf-31e20349765a,function_transfer_time,1779123308.1894855,0.000082387
experiment_name,6d3b0cb6-f994-41da-bbcf-31e20349765a,function_transfer_time,1779123308.290771,0.000076616
experiment_name,6d3b0cb6-f994-41da-bbcf-31e20349765a,function_transfer_time,1779123308.3920882,0.000085548
experiment_name,6d3b0cb6-f994-41da-bbcf-31e20349765a,function_transfer_time,1779123308.493402,0.00008112
experiment_name,6d3b0cb6-f994-41da-bbcf-31e20349765a,function_transfer_time,1779123308.5947406,0.000081751
experiment_name,6d3b0cb6-f994-41da-bbcf-31e20349765a,function_transfer_time,1779123308.6959958,0.000018152
experiment_name,6d3b0cb6-f994-41da-bbcf-31e20349765a,function_transfer_time,1779123308.7963266,0.000085004
experiment_name,6d3b0cb6-f994-41da-bbcf-31e20349765a,function_transfer_time,1779123308.897702,0.000030393
experiment_name,6d3b0cb6-f994-41da-bbcf-31e20349765a,function_transfer_time,1779123308.999035,0.000092181
experiment_name,6d3b0cb6-f994-41da-bbcf-31e20349765a,function_transfer_time,1779123309.0993247,0.000025921
experiment_name,6d3b0cb6-f994-41da-bbcf-31e20349765a,function_transfer_time,1779123309.2006254,0.000084824
experiment_name,6d3b0cb6-f994-41da-bbcf-31e20349765a,function_transfer_time,1779123309.3019638,0.000087655
experiment_name,6d3b0cb6-f994-41da-bbcf-31e20349765a,function_transfer_time,1779123309.4022086,0.000029303
experiment_name,6d3b0cb6-f994-41da-bbcf-31e20349765a,function_transfer_time,1779123309.5034804,0.000040537
experiment_name,6d3b0cb6-f994-41da-bbcf-31e20349765a,function_transfer_time,1779123309.604835,0.000076585
experiment_name,f8defd48-5f23-4c05-a9ab-39aaf179ad43,function_transfer_time,1779123304.6430223,0.000034472
experiment_name,f8defd48-5f23-4c05-a9ab-39aaf179ad43,function_transfer_time,1779123304.744439,0.000036747
experiment_name,f8defd48-5f23-4c05-a9ab-39aaf179ad43,function_transfer_time,1779123304.8458047,0.000109036
experiment_name,f8defd48-5f23-4c05-a9ab-39aaf179ad43,function_transfer_time,1779123304.9470696,0.000047415
experiment_name,f8defd48-5f23-4c05-a9ab-39aaf179ad43,function_transfer_time,1779123305.048442,0.000031279
experiment_name,f8defd48-5f23-4c05-a9ab-39aaf179ad43,function_transfer_time,1779123305.1497574,0.000108803
experiment_name,f8defd48-5f23-4c05-a9ab-39aaf179ad43,function_transfer_time,1779123305.251038,0.000116295
experiment_name,f8defd48-5f23-4c05-a9ab-39aaf179ad43,function_transfer_time,1779123305.3523588,0.000109344
experiment_name,f8defd48-5f23-4c05-a9ab-39aaf179ad43,function_transfer_time,1779123305.4536657,0.000112859
experiment_name,f8defd48-5f23-4c05-a9ab-39aaf179ad43,function_transfer_time,1779123305.5550084,0.000118184
experiment_name,f8defd48-5f23-4c05-a9ab-39aaf179ad43,function_transfer_time,1779123305.6562665,0.000102837
experiment_name,f8defd48-5f23-4c05-a9ab-39aaf179ad43,function_transfer_time,1779123305.7576113,0.000034648
experiment_name,f8defd48-5f23-4c05-a9ab-39aaf179ad43,function_transfer_time,1779123305.8589373,0.000103395
experiment_name,f8defd48-5f23-4c05-a9ab-39aaf179ad43,function_transfer_time,1779123305.960273,0.000046437
experiment_name,f8defd48-5f23-4c05-a9ab-39aaf179ad43,function_transfer_time,1779123306.0616305,0.000095365
experiment_name,f8defd48-5f23-4c05-a9ab-39aaf179ad43,function_transfer_time,1779123306.1629941,0.000135033
experiment_name,f8defd48-5f23-4c05-a9ab-39aaf179ad43,function_transfer_time,1779123306.2642899,0.000101223
experiment_name,f8defd48-5f23-4c05-a9ab-39aaf179ad43,function_transfer_time,1779123306.3656163,0.000103008
experiment_name,f8defd48-5f23-4c05-a9ab-39aaf179ad43,function_transfer_time,1779123306.4669611,0.000116886
experiment_name,f8defd48-5f23-4c05-a9ab-39aaf179ad43,function_transfer_time,1779123306.5682633,0.000083877
experiment_name,f8defd48-5f23-4c05-a9ab-39aaf179ad43,function_transfer_time,1779123306.6695895,0.000103902
experiment_name,f8defd48-5f23-4c05-a9ab-39aaf179ad43,function_transfer_time,1779123306.7709239,0.000035081
experiment_name,f8defd48-5f23-4c05-a9ab-39aaf179ad43,function_transfer_time,1779123306.8723075,0.000118475
experiment_name,f8defd48-5f23-4c05-a9ab-39aaf179ad43,function_transfer_time,1779123306.973614,0.000085711
experiment_name,f8defd48-5f23-4c05-a9ab-39aaf179ad43,function_transfer_time,1779123307.0749512,0.00012314
experiment_name,f8defd48-5f23-4c05-a9ab-39aaf179ad43,function_transfer_time,1779123307.1763,0.000091525
experiment_name,f8defd48-5f23-4c05-a9ab-39aaf179ad43,function_transfer_time,1779123307.2775989,0.000038232
experiment_name,f8defd48-5f23-4c05-a9ab-39aaf179ad43,function_transfer_time,1779123307.3789318,0.000102168
experiment_name,f8defd48-5f23-4c05-a9ab-39aaf179ad43,function_transfer_time,1779123307.4802375,0.000040383
experiment_name,f8defd48-5f23-4c05-a9ab-39aaf179ad43,function_transfer_time,1779123307.581566,0.000098869
experiment_name,f8defd48-5f23-4c05-a9ab-39aaf179ad43,function_transfer_time,1779123307.6829033,0.000033844
experiment_name,f8defd48-5f23-4c05-a9ab-39aaf179ad43,function_transfer_time,1779123307.7842445,0.000038665
experiment_name,f8defd48-5f23-4c05-a9ab-39aaf179ad43,function_transfer_time,1779123307.8855886,0.000058
experiment_name,f8defd48-5f23-4c05-a9ab-39aaf179ad43,function_transfer_time,1779123307.9869149,0.000034612
experiment_name,f8defd48-5f23-4c05-a9ab-39aaf179ad43,function_transfer_time,1779123308.088248,0.00006152
experiment_name,f8defd48-5f23-4c05-a9ab-39aaf179ad43,function_transfer_time,1779123308.1896236,0.000028872
experiment_name,f8defd48-5f23-4c05-a9ab-39aaf179ad43,function_transfer_time,1779123308.290905,0.000084014
experiment_name,f8defd48-5f23-4c05-a9ab-39aaf179ad43,function_transfer_time,1779123308.3922918,0.000146562
experiment_name,f8defd48-5f23-4c05-a9ab-39aaf179ad43,function_transfer_time,1779123308.493556,0.000093438
experiment_name,f8defd48-5f23-4c05-a9ab-39aaf179ad43,function_transfer_time,1779123308.5949156,0.000114237
experiment_name,f8defd48-5f23-4c05-a9ab-39aaf179ad43,function_transfer_time,1779123308.6961539,0.000048269
experiment_name,f8defd48-5f23-4c05-a9ab-39aaf179ad43,function_transfer_time,1779123308.7965174,0.000041442
experiment_name,f8defd48-5f23-4c05-a9ab-39aaf179ad43,function_transfer_time,1779123308.8978999,0.000119867
experiment_name,f8defd48-5f23-4c05-a9ab-39aaf179ad43,function_transfer_time,1779123308.9992082,0.000111903
experiment_name,f8defd48-5f23-4c05-a9ab-39aaf179ad43,function_transfer_time,1779123309.0994813,0.000082886
experiment_name,f8defd48-5f23-4c05-a9ab-39aaf179ad43,function_transfer_time,1779123309.2008023,0.000117787
experiment_name,f8defd48-5f23-4c05-a9ab-39aaf179ad43,function_transfer_time,1779123309.3020747,0.000044876
experiment_name,f8defd48-5f23-4c05-a9ab-39aaf179ad43,function_transfer_time,1779123309.40236,0.000090683
experiment_name,f8defd48-5f23-4c05-a9ab-39aaf179ad43,function_transfer_time,1779123309.5036604,0.000124756
experiment_name,f8defd48-5f23-4c05-a9ab-39aaf179ad43,function_transfer_time,1779123309.6050203,0.000128393
experiment_name,f8defd48-5f23-4c05-a9ab-39aaf179ad43,function_execution_time,1779123309.7055507,0.000057556
experiment_name,f8defd48-5f23-4c05-a9ab-39aaf179ad43,function_execution_time,1779123309.8068264,0.000059055
experiment_name,f8defd48-5f23-4c05-a9ab-39aaf179ad43,function_execution_time,1779123309.9082355,0.000065616
experiment_name,f8defd48-5f23-4c05-a9ab-39aaf179ad43,function_execution_time,1779123310.0087202,0.000056688
experiment_name,f8defd48-5f23-4c05-a9ab-39aaf179ad43,function_execution_time,1779123310.110068,0.000059495
experiment_name,f8defd48-5f23-4c05-a9ab-39aaf179ad43,function_execution_time,1779123310.2113779,0.000056214
experiment_name,f8defd48-5f23-4c05-a9ab-39aaf179ad43,function_execution_time,1779123310.3127232,0.000062373
experiment_name,f8defd48-5f23-4c05-a9ab-39aaf179ad43,function_execution_time,1779123310.4140317,0.000054617
experiment_name,f8defd48-5f23-4c05-a9ab-39aaf179ad43,function_execution_time,1779123310.5153468,0.000054904
experiment_name,f8defd48-5f23-4c05-a9ab-39aaf179ad43,function_execution_time,1779123310.6166677,0.000056171
experiment_name,f8defd48-5f23-4c05-a9ab-39aaf179ad43,function_execution_time,1779123310.7179759,0.000061969
experiment_name,f8defd48-5f23-4c05-a9ab-39aaf179ad43,function_execution_time,1779123310.8193016,0.000054754
experiment_name,f8defd48-5f23-4c05-a9ab-39aaf179ad43,function_execution_time,1779123310.9206707,0.000054559
experiment_name,f8defd48-5f23-4c05-a9ab-39aaf179ad43,function_execution_time,1779123311.0220182,0.000055058
experiment_name,f8defd48-5f23-4c05-a9ab-39aaf179ad43,function_execution_time,1779123311.1233153,0.000055805
experiment_name,f8defd48-5f23-4c05-a9ab-39aaf179ad43,function_execution_time,1779123311.2246299,0.000062911
experiment_name,f8defd48-5f23-4c05-a9ab-39aaf179ad43,function_execution_time,1779123311.3259664,0.000055186
experiment_name,f8defd48-5f23-4c05-a9ab-39aaf179ad43,function_execution_time,1779123311.4272797,0.000057147
experiment_name,f8defd48-5f23-4c05-a9ab-39aaf179ad43,function_execution_time,1779123311.5276186,0.000054853
experiment_name,f8defd48-5f23-4c05-a9ab-39aaf179ad43,function_execution_time,1779123311.628911,0.000063469
experiment_name,f8defd48-5f23-4c05-a9ab-39aaf179ad43,function_execution_time,1779123311.7302322,0.000055551
experiment_name,f8defd48-5f23-4c05-a9ab-39aaf179ad43,function_execution_time,1779123311.8305042,0.000084505
experiment_name,f8defd48-5f23-4c05-a9ab-39aaf179ad43,function_execution_time,1779123311.931969,0.000055061
experiment_name,f8defd48-5f23-4c05-a9ab-39aaf179ad43,function_execution_time,1779123312.0332441,0.000055999
experiment_name,f8defd48-5f23-4c05-a9ab-39aaf179ad43,function_execution_time,1779123312.1335738,0.000064217
experiment_name,f8defd48-5f23-4c05-a9ab-39aaf179ad43,function_execution_time,1779123312.2348423,0.000059372
experiment_name,f8defd48-5f23-4c05-a9ab-39aaf179ad43,function_execution_time,1779123312.3361182,0.000054489
experiment_name,f8defd48-5f23-4c05-a9ab-39aaf179ad43,function_execution_time,1779123312.437361,0.000055547
experiment_name,f8defd48-5f23-4c05-a9ab-39aaf179ad43,function_execution_time,1779123312.5387356,0.000064077
experiment_name,f8defd48-5f23-4c05-a9ab-39aaf179ad43,function_execution_time,1779123312.639978,0.00005725
experiment_name,f8defd48-5f23-4c05-a9ab-39aaf179ad43,function_execution_time,1779123312.741378,0.000055737
experiment_name,f8defd48-5f23-4c05-a9ab-39aaf179ad43,function_execution_time,1779123312.8426921,0.000058991
experiment_name,f8defd48-5f23-4c05-a9ab-39aaf179ad43,function_execution_time,1779123312.944082,0.000063312
experiment_name,f8defd48-5f23-4c05-a9ab-39aaf179ad43,function_execution_time,1779123313.0454073,0.000054111
experiment_name,f8defd48-5f23-4c05-a9ab-39aaf179ad43,function_execution_time,1779123313.146735,0.000054417
experiment_name,f8defd48-5f23-4c05-a9ab-39aaf179ad43,function_execution_time,1779123313.2480624,0.00005523
experiment_name,f8defd48-5f23-4c05-a9ab-39aaf179ad43,function_execution_time,1779123313.3493156,0.000054876
experiment_name,f8defd48-5f23-4c05-a9ab-39aaf179ad43,function_execution_time,1779123313.4506042,0.000068162
experiment_name,f8defd48-5f23-4c05-a9ab-39aaf179ad43,function_execution_time,1779123313.551927,0.000055657
experiment_name,f8defd48-5f23-4c05-a9ab-39aaf179ad43,function_execution_time,1779123313.6533923,0.000059138
experiment_name,f8defd48-5f23-4c05-a9ab-39aaf179ad43,function_execution_time,1779123313.7547436,0.000060786
experiment_name,f8defd48-5f23-4c05-a9ab-39aaf179ad43,function_execution_time,1779123313.8559675,0.000064038
experiment_name,f8defd48-5f23-4c05-a9ab-39aaf179ad43,function_execution_time,1779123313.9573793,0.000055359
experiment_name,f8defd48-5f23-4c05-a9ab-39aaf179ad43,function_execution_time,1779123314.0587652,0.000055586
experiment_name,f8defd48-5f23-4c05-a9ab-39aaf179ad43,function_execution_time,1779123314.1600778,0.000055092
experiment_name,f8defd48-5f23-4c05-a9ab-39aaf179ad43,function_execution_time,1779123314.2614174,0.000058195
experiment_name,f8defd48-5f23-4c05-a9ab-39aaf179ad43,function_execution_time,1779123314.3627226,0.000068412
experiment_name,f8defd48-5f23-4c05-a9ab-39aaf179ad43,function_execution_time,1779123314.4640908,0.000057818
experiment_name,f8defd48-5f23-4c05-a9ab-39aaf179ad43,function_execution_time,1779123314.5653932,0.000055565
experiment_name,6d3b0cb6-f994-41da-bbcf-31e20349765a,function_execution_time,1779123309.7053912,0.000071233
experiment_name,6d3b0cb6-f994-41da-bbcf-31e20349765a,function_execution_time,1779123309.8067634,0.000166634
experiment_name,6d3b0cb6-f994-41da-bbcf-31e20349765a,function_execution_time,1779123309.908125,0.000073816
experiment_name,6d3b0cb6-f994-41da-bbcf-31e20349765a,function_execution_time,1779123310.008581,0.000070187
experiment_name,6d3b0cb6-f994-41da-bbcf-31e20349765a,function_execution_time,1779123310.1099722,0.000084151
experiment_name,6d3b0cb6-f994-41da-bbcf-31e20349765a,function_execution_time,1779123310.2112226,0.000068226
experiment_name,6d3b0cb6-f994-41da-bbcf-31e20349765a,function_execution_time,1779123310.3125682,0.000067606
experiment_name,6d3b0cb6-f994-41da-bbcf-31e20349765a,function_execution_time,1779123310.413881,0.00006995
experiment_name,6d3b0cb6-f994-41da-bbcf-31e20349765a,function_execution_time,1779123310.5152106,0.000076587
experiment_name,6d3b0cb6-f994-41da-bbcf-31e20349765a,function_execution_time,1779123310.6165802,0.000075989
experiment_name,6d3b0cb6-f994-41da-bbcf-31e20349765a,function_execution_time,1779123310.7178326,0.00006858
experiment_name,6d3b0cb6-f994-41da-bbcf-31e20349765a,function_execution_time,1779123310.8192494,0.000144871
experiment_name,6d3b0cb6-f994-41da-bbcf-31e20349765a,function_execution_time,1779123310.9205348,0.000067302
experiment_name,6d3b0cb6-f994-41da-bbcf-31e20349765a,function_execution_time,1779123311.0218673,0.000069577
experiment_name,6d3b0cb6-f994-41da-bbcf-31e20349765a,function_execution_time,1779123311.123174,0.000068877
experiment_name,6d3b0cb6-f994-41da-bbcf-31e20349765a,function_execution_time,1779123311.2245095,0.000095396
experiment_name,6d3b0cb6-f994-41da-bbcf-31e20349765a,function_execution_time,1779123311.3258293,0.000068143
experiment_name,6d3b0cb6-f994-41da-bbcf-31e20349765a,function_execution_time,1779123311.4271932,0.000080231
experiment_name,6d3b0cb6-f994-41da-bbcf-31e20349765a,function_execution_time,1779123311.5274897,0.000096233
experiment_name,6d3b0cb6-f994-41da-bbcf-31e20349765a,function_execution_time,1779123311.6288197,0.000075547
experiment_name,6d3b0cb6-f994-41da-bbcf-31e20349765a,function_execution_time,1779123311.7300897,0.000069584
experiment_name,6d3b0cb6-f994-41da-bbcf-31e20349765a,function_execution_time,1779123311.8304129,0.000142014
experiment_name,6d3b0cb6-f994-41da-bbcf-31e20349765a,function_execution_time,1779123311.9318316,0.00007817
experiment_name,6d3b0cb6-f994-41da-bbcf-31e20349765a,function_execution_time,1779123312.0331068,0.000069419
experiment_name,6d3b0cb6-f994-41da-bbcf-31e20349765a,function_execution_time,1779123312.1334033,0.000070892
experiment_name,6d3b0cb6-f994-41da-bbcf-31e20349765a,function_execution_time,1779123312.2346857,0.000074583
experiment_name,6d3b0cb6-f994-41da-bbcf-31e20349765a,function_execution_time,1779123312.3360348,0.000076307
experiment_name,6d3b0cb6-f994-41da-bbcf-31e20349765a,function_execution_time,1779123312.4372237,0.000068161
experiment_name,6d3b0cb6-f994-41da-bbcf-31e20349765a,function_execution_time,1779123312.5385747,0.000077905
experiment_name,6d3b0cb6-f994-41da-bbcf-31e20349765a,function_execution_time,1779123312.6398957,0.000067663
experiment_name,6d3b0cb6-f994-41da-bbcf-31e20349765a,function_execution_time,1779123312.7412405,0.000068687
experiment_name,6d3b0cb6-f994-41da-bbcf-31e20349765a,function_execution_time,1779123312.84263,0.000157335
experiment_name,6d3b0cb6-f994-41da-bbcf-31e20349765a,function_execution_time,1779123312.943937,0.000077427
experiment_name,6d3b0cb6-f994-41da-bbcf-31e20349765a,function_execution_time,1779123313.0452514,0.000067378
experiment_name,6d3b0cb6-f994-41da-bbcf-31e20349765a,function_execution_time,1779123313.1465724,0.000069578
experiment_name,6d3b0cb6-f994-41da-bbcf-31e20349765a,function_execution_time,1779123313.2479062,0.000078207
experiment_name,6d3b0cb6-f994-41da-bbcf-31e20349765a,function_execution_time,1779123313.3491528,0.000067312
experiment_name,6d3b0cb6-f994-41da-bbcf-31e20349765a,function_execution_time,1779123313.4504545,0.000072306
experiment_name,6d3b0cb6-f994-41da-bbcf-31e20349765a,function_execution_time,1779123313.5517619,0.000071505
experiment_name,6d3b0cb6-f994-41da-bbcf-31e20349765a,function_execution_time,1779123313.653239,0.000080427
experiment_name,6d3b0cb6-f994-41da-bbcf-31e20349765a,function_execution_time,1779123313.7546546,0.000079451
experiment_name,6d3b0cb6-f994-41da-bbcf-31e20349765a,function_execution_time,1779123313.8558998,0.000136567
experiment_name,6d3b0cb6-f994-41da-bbcf-31e20349765a,function_execution_time,1779123313.9572933,0.000082801
experiment_name,6d3b0cb6-f994-41da-bbcf-31e20349765a,function_execution_time,1779123314.0586722,0.000077048
experiment_name,6d3b0cb6-f994-41da-bbcf-31e20349765a,function_execution_time,1779123314.1599407,0.00006853
experiment_name,6d3b0cb6-f994-41da-bbcf-31e20349765a,function_execution_time,1779123314.2612514,0.000069868
experiment_name,6d3b0cb6-f994-41da-bbcf-31e20349765a,function_execution_time,1779123314.3625748,0.000078894
experiment_name,6d3b0cb6-f994-41da-bbcf-31e20349765a,function_execution_time,1779123314.4639251,0.00006848
experiment_name,6d3b0cb6-f994-41da-bbcf-31e20349765a,function_execution_time,1779123314.5652344,0.000068772
experiment_name,6d3b0cb6-f994-41da-bbcf-31e20349765a,function_transfer_time,1779123309.7053092,0.000079187
experiment_name,6d3b0cb6-f994-41da-bbcf-31e20349765a,function_transfer_time,1779123309.8065903,0.000022344
experiment_name,6d3b0cb6-f994-41da-bbcf-31e20349765a,function_transfer_time,1779123309.9079952,0.000020974
experiment_name,6d3b0cb6-f994-41da-bbcf-31e20349765a,function_transfer_time,1779123310.00849,0.000077996
experiment_name,6d3b0cb6-f994-41da-bbcf-31e20349765a,function_transfer_time,1779123310.1098442,0.000082994
experiment_name,6d3b0cb6-f994-41da-bbcf-31e20349765a,function_transfer_time,1779123310.2111413,0.000084476
experiment_name,6d3b0cb6-f994-41da-bbcf-31e20349765a,function_transfer_time,1779123310.3124871,0.00008487
experiment_name,6d3b0cb6-f994-41da-bbcf-31e20349765a,function_transfer_time,1779123310.413804,0.000086546
experiment_name,6d3b0cb6-f994-41da-bbcf-31e20349765a,function_transfer_time,1779123310.5151284,0.000083949
experiment_name,6d3b0cb6-f994-41da-bbcf-31e20349765a,function_transfer_time,1779123310.6164553,0.000091136
experiment_name,6d3b0cb6-f994-41da-bbcf-31e20349765a,function_transfer_time,1779123310.7177508,0.00007951
experiment_name,6d3b0cb6-f994-41da-bbcf-31e20349765a,function_transfer_time,1779123310.8190975,0.000085096
experiment_name,6d3b0cb6-f994-41da-bbcf-31e20349765a,function_transfer_time,1779123310.9204524,0.000085267
experiment_name,6d3b0cb6-f994-41da-bbcf-31e20349765a,function_transfer_time,1779123311.0217917,0.000081011
experiment_name,6d3b0cb6-f994-41da-bbcf-31e20349765a,function_transfer_time,1779123311.1230958,0.000078829
experiment_name,6d3b0cb6-f994-41da-bbcf-31e20349765a,function_transfer_time,1779123311.2244108,0.000073427
experiment_name,6d3b0cb6-f994-41da-bbcf-31e20349765a,function_transfer_time,1779123311.3257477,0.000079519
experiment_name,6d3b0cb6-f994-41da-bbcf-31e20349765a,function_transfer_time,1779123311.4270556,0.000077433
experiment_name,6d3b0cb6-f994-41da-bbcf-31e20349765a,function_transfer_time,1779123311.527387,0.000084896
experiment_name,6d3b0cb6-f994-41da-bbcf-31e20349765a,function_transfer_time,1779123311.628692,0.000074378
experiment_name,6d3b0cb6-f994-41da-bbcf-31e20349765a,function_transfer_time,1779123311.7300098,0.000085516
experiment_name,6d3b0cb6-f994-41da-bbcf-31e20349765a,function_transfer_time,1779123311.8302643,0.00002246
experiment_name,6d3b0cb6-f994-41da-bbcf-31e20349765a,function_transfer_time,1779123311.931749,0.000076381
experiment_name,6d3b0cb6-f994-41da-bbcf-31e20349765a,function_transfer_time,1779123312.0330305,0.000021206
experiment_name,6d3b0cb6-f994-41da-bbcf-31e20349765a,function_transfer_time,1779123312.1333258,0.000081347
experiment_name,6d3b0cb6-f994-41da-bbcf-31e20349765a,function_transfer_time,1779123312.2346046,0.000023135
experiment_name,6d3b0cb6-f994-41da-bbcf-31e20349765a,function_transfer_time,1779123312.3359041,0.000073148
experiment_name,6d3b0cb6-f994-41da-bbcf-31e20349765a,function_transfer_time,1779123312.4371438,0.000022734
experiment_name,6d3b0cb6-f994-41da-bbcf-31e20349765a,function_transfer_time,1779123312.5384898,0.000082276
experiment_name,6d3b0cb6-f994-41da-bbcf-31e20349765a,function_transfer_time,1779123312.6398134,0.00008293
experiment_name,6d3b0cb6-f994-41da-bbcf-31e20349765a,function_transfer_time,1779123312.741158,0.000072854
experiment_name,6d3b0cb6-f994-41da-bbcf-31e20349765a,function_transfer_time,1779123312.8424678,0.000083696
experiment_name,6d3b0cb6-f994-41da-bbcf-31e20349765a,function_transfer_time,1779123312.9438543,0.000084487
experiment_name,6d3b0cb6-f994-41da-bbcf-31e20349765a,function_transfer_time,1779123313.0451689,0.000080251
experiment_name,6d3b0cb6-f994-41da-bbcf-31e20349765a,function_transfer_time,1779123313.1464953,0.000082773
experiment_name,6d3b0cb6-f994-41da-bbcf-31e20349765a,function_transfer_time,1779123313.247822,0.000075277
experiment_name,6d3b0cb6-f994-41da-bbcf-31e20349765a,function_transfer_time,1779123313.3490753,0.000021749
experiment_name,6d3b0cb6-f994-41da-bbcf-31e20349765a,function_transfer_time,1779123313.4503481,0.000021406
experiment_name,6d3b0cb6-f994-41da-bbcf-31e20349765a,function_transfer_time,1779123313.5516872,0.000083827
experiment_name,6d3b0cb6-f994-41da-bbcf-31e20349765a,function_transfer_time,1779123313.6531594,0.000021989
experiment_name,6d3b0cb6-f994-41da-bbcf-31e20349765a,function_transfer_time,1779123313.7545152,0.000085443
experiment_name,6d3b0cb6-f994-41da-bbcf-31e20349765a,function_transfer_time,1779123313.8557575,0.000021661
experiment_name,6d3b0cb6-f994-41da-bbcf-31e20349765a,function_transfer_time,1779123313.9571457,0.000084682
experiment_name,6d3b0cb6-f994-41da-bbcf-31e20349765a,function_transfer_time,1779123314.058547,0.000021246
experiment_name,6d3b0cb6-f994-41da-bbcf-31e20349765a,function_transfer_time,1779123314.159859,0.000083784
experiment_name,6d3b0cb6-f994-41da-bbcf-31e20349765a,function_transfer_time,1779123314.2611752,0.000080509
experiment_name,6d3b0cb6-f994-41da-bbcf-31e20349765a,function_transfer_time,1779123314.3624916,0.000077208
experiment_name,6d3b0cb6-f994-41da-bbcf-31e20349765a,function_transfer_time,1779123314.4638386,0.000079669
experiment_name,6d3b0cb6-f994-41da-bbcf-31e20349765a,function_transfer_time,1779123314.5651538,0.000075196
experiment_name,f8defd48-5f23-4c05-a9ab-39aaf179ad43,function_transfer_time,1779123309.7054927,0.000129214
experiment_name,f8defd48-5f23-4c05-a9ab-39aaf179ad43,function_transfer_time,1779123309.8067663,0.00003549
experiment_name,f8defd48-5f23-4c05-a9ab-39aaf179ad43,function_transfer_time,1779123309.9081614,0.00011645
experiment_name,f8defd48-5f23-4c05-a9ab-39aaf179ad43,function_transfer_time,1779123310.0086684,0.00011885
experiment_name,f8defd48-5f23-4c05-a9ab-39aaf179ad43,function_transfer_time,1779123310.110005,0.000110582
experiment_name,f8defd48-5f23-4c05-a9ab-39aaf179ad43,function_transfer_time,1779123310.2113163,0.000121452
experiment_name,f8defd48-5f23-4c05-a9ab-39aaf179ad43,function_transfer_time,1779123310.3126605,0.000120499
experiment_name,f8defd48-5f23-4c05-a9ab-39aaf179ad43,function_transfer_time,1779123310.413977,0.000120329
experiment_name,f8defd48-5f23-4c05-a9ab-39aaf179ad43,function_transfer_time,1779123310.5152915,0.000103002
experiment_name,f8defd48-5f23-4c05-a9ab-39aaf179ad43,function_transfer_time,1779123310.6166048,0.000099166
experiment_name,f8defd48-5f23-4c05-a9ab-39aaf179ad43,function_transfer_time,1779123310.7179132,0.000109072
experiment_name,f8defd48-5f23-4c05-a9ab-39aaf179ad43,function_transfer_time,1779123310.8192465,0.000034497
experiment_name,f8defd48-5f23-4c05-a9ab-39aaf179ad43,function_transfer_time,1779123310.920616,0.000111425
experiment_name,f8defd48-5f23-4c05-a9ab-39aaf179ad43,function_transfer_time,1779123311.0219626,0.000118198
experiment_name,f8defd48-5f23-4c05-a9ab-39aaf179ad43,function_transfer_time,1779123311.1232584,0.000108776
experiment_name,f8defd48-5f23-4c05-a9ab-39aaf179ad43,function_transfer_time,1779123311.22456,0.000082229
experiment_name,f8defd48-5f23-4c05-a9ab-39aaf179ad43,function_transfer_time,1779123311.3259108,0.000110214
experiment_name,f8defd48-5f23-4c05-a9ab-39aaf179ad43,function_transfer_time,1779123311.4272156,0.000107711
experiment_name,f8defd48-5f23-4c05-a9ab-39aaf179ad43,function_transfer_time,1779123311.527557,0.0001201
experiment_name,f8defd48-5f23-4c05-a9ab-39aaf179ad43,function_transfer_time,1779123311.628841,0.00009878
experiment_name,f8defd48-5f23-4c05-a9ab-39aaf179ad43,function_transfer_time,1779123311.7301767,0.000107726
experiment_name,f8defd48-5f23-4c05-a9ab-39aaf179ad43,function_transfer_time,1779123311.8304157,0.000036608
experiment_name,f8defd48-5f23-4c05-a9ab-39aaf179ad43,function_transfer_time,1779123311.9319122,0.000102587
experiment_name,f8defd48-5f23-4c05-a9ab-39aaf179ad43,function_transfer_time,1779123312.0331929,0.000104257
experiment_name,f8defd48-5f23-4c05-a9ab-39aaf179ad43,function_transfer_time,1779123312.1335092,0.000129248
experiment_name,f8defd48-5f23-4c05-a9ab-39aaf179ad43,function_transfer_time,1779123312.2347798,0.000112968
experiment_name,f8defd48-5f23-4c05-a9ab-39aaf179ad43,function_transfer_time,1779123312.3360565,0.000102315
experiment_name,f8defd48-5f23-4c05-a9ab-39aaf179ad43,function_transfer_time,1779123312.4373047,0.000106755
experiment_name,f8defd48-5f23-4c05-a9ab-39aaf179ad43,function_transfer_time,1779123312.5386713,0.000129473
experiment_name,f8defd48-5f23-4c05-a9ab-39aaf179ad43,function_transfer_time,1779123312.6399753,0.000051794
experiment_name,f8defd48-5f23-4c05-a9ab-39aaf179ad43,function_transfer_time,1779123312.7413213,0.000109458
experiment_name,f8defd48-5f23-4c05-a9ab-39aaf179ad43,function_transfer_time,1779123312.8426325,0.000035616
experiment_name,f8defd48-5f23-4c05-a9ab-39aaf179ad43,function_transfer_time,1779123312.9440181,0.000102843
experiment_name,f8defd48-5f23-4c05-a9ab-39aaf179ad43,function_transfer_time,1779123313.0453527,0.000131945
experiment_name,f8defd48-5f23-4c05-a9ab-39aaf179ad43,function_transfer_time,1779123313.1466796,0.000131674
experiment_name,f8defd48-5f23-4c05-a9ab-39aaf179ad43,function_transfer_time,1779123313.2480066,0.000129859
experiment_name,f8defd48-5f23-4c05-a9ab-39aaf179ad43,function_transfer_time,1779123313.3492603,0.000131292
experiment_name,f8defd48-5f23-4c05-a9ab-39aaf179ad43,function_transfer_time,1779123313.450536,0.000130715
experiment_name,f8defd48-5f23-4c05-a9ab-39aaf179ad43,function_transfer_time,1779123313.551872,0.000129556
experiment_name,f8defd48-5f23-4c05-a9ab-39aaf179ad43,function_transfer_time,1779123313.653333,0.000109906
experiment_name,f8defd48-5f23-4c05-a9ab-39aaf179ad43,function_transfer_time,1779123313.7546754,0.000107509
experiment_name,f8defd48-5f23-4c05-a9ab-39aaf179ad43,function_transfer_time,1779123313.8559024,0.000035725
experiment_name,f8defd48-5f23-4c05-a9ab-39aaf179ad43,function_transfer_time,1779123313.9573152,0.000119064
experiment_name,f8defd48-5f23-4c05-a9ab-39aaf179ad43,function_transfer_time,1779123314.0587027,0.000106003
experiment_name,f8defd48-5f23-4c05-a9ab-39aaf179ad43,function_transfer_time,1779123314.160022,0.000109426
experiment_name,f8defd48-5f23-4c05-a9ab-39aaf179ad43,function_transfer_time,1779123314.261359,0.000130619
experiment_name,f8defd48-5f23-4c05-a9ab-39aaf179ad43,function_transfer_time,1779123314.362663,0.000101713
experiment_name,f8defd48-5f23-4c05-a9ab-39aaf179ad43,function_transfer_time,1779123314.4640322,0.000139632
experiment_name,f8defd48-5f23-4c05-a9ab-39aaf179ad43,function_transfer_time,1779123314.565337,0.000129775
experiment_name,6d3b0cb6-f994-41da-bbcf-31e20349765a,function_execution_time,1779123314.6672342,0.000091611
experiment_name,6d3b0cb6-f994-41da-bbcf-31e20349765a,function_execution_time,1779123314.7685456,0.00007792
experiment_name,6d3b0cb6-f994-41da-bbcf-31e20349765a,function_execution_time,1779123314.869903,0.000155084
experiment_name,6d3b0cb6-f994-41da-bbcf-31e20349765a,function_execution_time,1779123314.971218,0.000086066
experiment_name,6d3b0cb6-f994-41da-bbcf-31e20349765a,function_execution_time,1779123315.0725188,0.000081012
experiment_name,6d3b0cb6-f994-41da-bbcf-31e20349765a,function_execution_time,1779123315.1738698,0.000070891
experiment_name,6d3b0cb6-f994-41da-bbcf-31e20349765a,function_execution_time,1779123315.2752416,0.000083947
experiment_name,6d3b0cb6-f994-41da-bbcf-31e20349765a,function_execution_time,1779123315.3765113,0.000087207
experiment_name,6d3b0cb6-f994-41da-bbcf-31e20349765a,function_execution_time,1779123315.4777489,0.000067733
experiment_name,6d3b0cb6-f994-41da-bbcf-31e20349765a,function_execution_time,1779123315.5790753,0.000074898
experiment_name,6d3b0cb6-f994-41da-bbcf-31e20349765a,function_execution_time,1779123315.679421,0.0000788
experiment_name,6d3b0cb6-f994-41da-bbcf-31e20349765a,function_execution_time,1779123315.7807455,0.000070484
experiment_name,6d3b0cb6-f994-41da-bbcf-31e20349765a,function_execution_time,1779123315.8821466,0.000143765
experiment_name,6d3b0cb6-f994-41da-bbcf-31e20349765a,function_execution_time,1779123315.982361,0.000077143
experiment_name,6d3b0cb6-f994-41da-bbcf-31e20349765a,function_execution_time,1779123316.0837388,0.000095973
experiment_name,6d3b0cb6-f994-41da-bbcf-31e20349765a,function_execution_time,1779123316.1851432,0.000091298
experiment_name,6d3b0cb6-f994-41da-bbcf-31e20349765a,function_execution_time,1779123316.2853968,0.000071242
experiment_name,6d3b0cb6-f994-41da-bbcf-31e20349765a,function_execution_time,1779123316.3866932,0.00007209
experiment_name,6d3b0cb6-f994-41da-bbcf-31e20349765a,function_execution_time,1779123316.4880307,0.000075621
experiment_name,6d3b0cb6-f994-41da-bbcf-31e20349765a,function_execution_time,1779123316.5892591,0.000084117
experiment_name,6d3b0cb6-f994-41da-bbcf-31e20349765a,function_execution_time,1779123316.6905408,0.000084758
experiment_name,6d3b0cb6-f994-41da-bbcf-31e20349765a,function_execution_time,1779123316.7917905,0.000073078
experiment_name,6d3b0cb6-f994-41da-bbcf-31e20349765a,function_execution_time,1779123316.8932042,0.000155172
experiment_name,6d3b0cb6-f994-41da-bbcf-31e20349765a,function_execution_time,1779123316.994563,0.000087
experiment_name,6d3b0cb6-f994-41da-bbcf-31e20349765a,function_execution_time,1779123317.0958211,0.000076664
experiment_name,6d3b0cb6-f994-41da-bbcf-31e20349765a,function_execution_time,1779123317.1970875,0.000096162
experiment_name,6d3b0cb6-f994-41da-bbcf-31e20349765a,function_execution_time,1779123317.297327,0.000067321
experiment_name,6d3b0cb6-f994-41da-bbcf-31e20349765a,function_execution_time,1779123317.3986504,0.00006897
experiment_name,6d3b0cb6-f994-41da-bbcf-31e20349765a,function_execution_time,1779123317.499967,0.000085354
experiment_name,6d3b0cb6-f994-41da-bbcf-31e20349765a,function_execution_time,1779123317.6012397,0.000079525
experiment_name,6d3b0cb6-f994-41da-bbcf-31e20349765a,function_execution_time,1779123317.7025588,0.000092544
experiment_name,6d3b0cb6-f994-41da-bbcf-31e20349765a,function_execution_time,1779123317.8037307,0.000068841
experiment_name,6d3b0cb6-f994-41da-bbcf-31e20349765a,function_execution_time,1779123317.9050908,0.000129905
experiment_name,6d3b0cb6-f994-41da-bbcf-31e20349765a,function_execution_time,1779123318.0053968,0.000068663
experiment_name,6d3b0cb6-f994-41da-bbcf-31e20349765a,function_execution_time,1779123318.1066747,0.000068329
experiment_name,6d3b0cb6-f994-41da-bbcf-31e20349765a,function_execution_time,1779123318.2080023,0.000081385
experiment_name,6d3b0cb6-f994-41da-bbcf-31e20349765a,function_execution_time,1779123318.3093572,0.000070064
experiment_name,6d3b0cb6-f994-41da-bbcf-31e20349765a,function_execution_time,1779123318.4106631,0.000083468
experiment_name,6d3b0cb6-f994-41da-bbcf-31e20349765a,function_execution_time,1779123318.5119555,0.000079844
experiment_name,6d3b0cb6-f994-41da-bbcf-31e20349765a,function_execution_time,1779123318.613264,0.000068654
experiment_name,6d3b0cb6-f994-41da-bbcf-31e20349765a,function_execution_time,1779123318.714593,0.000068103
experiment_name,6d3b0cb6-f994-41da-bbcf-31e20349765a,function_execution_time,1779123318.8159397,0.000074675
experiment_name,6d3b0cb6-f994-41da-bbcf-31e20349765a,function_execution_time,1779123318.9173477,0.000166551
experiment_name,6d3b0cb6-f994-41da-bbcf-31e20349765a,function_execution_time,1779123319.0186508,0.000070205
experiment_name,6d3b0cb6-f994-41da-bbcf-31e20349765a,function_execution_time,1779123319.1199474,0.000070811
experiment_name,6d3b0cb6-f994-41da-bbcf-31e20349765a,function_execution_time,1779123319.2212746,0.000081697
experiment_name,6d3b0cb6-f994-41da-bbcf-31e20349765a,function_execution_time,1779123319.3226206,0.000072647
experiment_name,6d3b0cb6-f994-41da-bbcf-31e20349765a,function_execution_time,1779123319.4239435,0.000073165
experiment_name,6d3b0cb6-f994-41da-bbcf-31e20349765a,function_execution_time,1779123319.5252824,0.000099609
experiment_name,f8defd48-5f23-4c05-a9ab-39aaf179ad43,function_execution_time,1779123314.667239,0.000057798
experiment_name,f8defd48-5f23-4c05-a9ab-39aaf179ad43,function_execution_time,1779123314.7686887,0.000063004
experiment_name,f8defd48-5f23-4c05-a9ab-39aaf179ad43,function_execution_time,1779123314.8699582,0.000057034
experiment_name,f8defd48-5f23-4c05-a9ab-39aaf179ad43,function_execution_time,1779123314.9712608,0.000044994
experiment_name,f8defd48-5f23-4c05-a9ab-39aaf179ad43,function_execution_time,1779123315.0726728,0.000059132
experiment_name,f8defd48-5f23-4c05-a9ab-39aaf179ad43,function_execution_time,1779123315.1740057,0.000055205
experiment_name,f8defd48-5f23-4c05-a9ab-39aaf179ad43,function_execution_time,1779123315.2753408,0.000063027
experiment_name,f8defd48-5f23-4c05-a9ab-39aaf179ad43,function_execution_time,1779123315.376642,0.000054998
experiment_name,f8defd48-5f23-4c05-a9ab-39aaf179ad43,function_execution_time,1779123315.4778314,0.000060365
experiment_name,f8defd48-5f23-4c05-a9ab-39aaf179ad43,function_execution_time,1779123315.5792348,0.000061143
experiment_name,f8defd48-5f23-4c05-a9ab-39aaf179ad43,function_execution_time,1779123315.6795177,0.000065345
experiment_name,f8defd48-5f23-4c05-a9ab-39aaf179ad43,function_execution_time,1779123315.780888,0.000056621
experiment_name,f8defd48-5f23-4c05-a9ab-39aaf179ad43,function_execution_time,1779123315.8821988,0.000054297
experiment_name,f8defd48-5f23-4c05-a9ab-39aaf179ad43,function_execution_time,1779123315.9825232,0.000062815
experiment_name,f8defd48-5f23-4c05-a9ab-39aaf179ad43,function_execution_time,1779123316.0837603,0.000077371
experiment_name,f8defd48-5f23-4c05-a9ab-39aaf179ad43,function_execution_time,1779123316.1852386,0.000066326
experiment_name,f8defd48-5f23-4c05-a9ab-39aaf179ad43,function_execution_time,1779123316.2855735,0.000061947
experiment_name,f8defd48-5f23-4c05-a9ab-39aaf179ad43,function_execution_time,1779123316.38684,0.000061226
experiment_name,f8defd48-5f23-4c05-a9ab-39aaf179ad43,function_execution_time,1779123316.4880705,0.000071884
experiment_name,f8defd48-5f23-4c05-a9ab-39aaf179ad43,function_execution_time,1779123316.589385,0.000055901
experiment_name,f8defd48-5f23-4c05-a9ab-39aaf179ad43,function_execution_time,1779123316.6906276,0.000056794
experiment_name,f8defd48-5f23-4c05-a9ab-39aaf179ad43,function_execution_time,1779123316.7919323,0.000057441
experiment_name,f8defd48-5f23-4c05-a9ab-39aaf179ad43,function_execution_time,1779123316.8932676,0.000059723
experiment_name,f8defd48-5f23-4c05-a9ab-39aaf179ad43,function_execution_time,1779123316.9946413,0.000064281
experiment_name,f8defd48-5f23-4c05-a9ab-39aaf179ad43,function_execution_time,1779123317.0958254,0.000059909
experiment_name,f8defd48-5f23-4c05-a9ab-39aaf179ad43,function_execution_time,1779123317.197138,0.0000663
experiment_name,f8defd48-5f23-4c05-a9ab-39aaf179ad43,function_execution_time,1779123317.2974045,0.00005449
experiment_name,f8defd48-5f23-4c05-a9ab-39aaf179ad43,function_execution_time,1779123317.3987317,0.000066967
experiment_name,f8defd48-5f23-4c05-a9ab-39aaf179ad43,function_execution_time,1779123317.4999948,0.000079433
experiment_name,f8defd48-5f23-4c05-a9ab-39aaf179ad43,function_execution_time,1779123317.6013148,0.000056982
experiment_name,f8defd48-5f23-4c05-a9ab-39aaf179ad43,function_execution_time,1779123317.7025607,0.000057984
experiment_name,f8defd48-5f23-4c05-a9ab-39aaf179ad43,function_execution_time,1779123317.8038988,0.000063851
experiment_name,f8defd48-5f23-4c05-a9ab-39aaf179ad43,function_execution_time,1779123317.9051406,0.0000554
experiment_name,f8defd48-5f23-4c05-a9ab-39aaf179ad43,function_execution_time,1779123318.0054965,0.000068104
experiment_name,f8defd48-5f23-4c05-a9ab-39aaf179ad43,function_execution_time,1779123318.1067564,0.000064871
experiment_name,f8defd48-5f23-4c05-a9ab-39aaf179ad43,function_execution_time,1779123318.2080834,0.000038417
experiment_name,f8defd48-5f23-4c05-a9ab-39aaf179ad43,function_execution_time,1779123318.3095224,0.000064271
experiment_name,f8defd48-5f23-4c05-a9ab-39aaf179ad43,function_execution_time,1779123318.4108052,0.000062748
experiment_name,f8defd48-5f23-4c05-a9ab-39aaf179ad43,function_execution_time,1779123318.5120873,0.000055867
experiment_name,f8defd48-5f23-4c05-a9ab-39aaf179ad43,function_execution_time,1779123318.6134136,0.000055916
experiment_name,f8defd48-5f23-4c05-a9ab-39aaf179ad43,function_execution_time,1779123318.7147522,0.000067226
experiment_name,f8defd48-5f23-4c05-a9ab-39aaf179ad43,function_execution_time,1779123318.8160977,0.000061476
experiment_name,f8defd48-5f23-4c05-a9ab-39aaf179ad43,function_execution_time,1779123318.917405,0.000059141
experiment_name,f8defd48-5f23-4c05-a9ab-39aaf179ad43,function_execution_time,1779123319.0188174,0.000060821
experiment_name,f8defd48-5f23-4c05-a9ab-39aaf179ad43,function_execution_time,1779123319.1201093,0.000059692
experiment_name,f8defd48-5f23-4c05-a9ab-39aaf179ad43,function_execution_time,1779123319.2214553,0.000078061
experiment_name,f8defd48-5f23-4c05-a9ab-39aaf179ad43,function_execution_time,1779123319.3227754,0.000063037
experiment_name,f8defd48-5f23-4c05-a9ab-39aaf179ad43,function_execution_time,1779123319.4240901,0.000060274
experiment_name,f8defd48-5f23-4c05-a9ab-39aaf179ad43,function_execution_time,1779123319.52536,0.000079444
experiment_name,6d3b0cb6-f994-41da-bbcf-31e20349765a,function_transfer_time,1779123314.6670785,0.000083199
experiment_name,6d3b0cb6-f994-41da-bbcf-31e20349765a,function_transfer_time,1779123314.7684655,0.000082434
experiment_name,6d3b0cb6-f994-41da-bbcf-31e20349765a,function_transfer_time,1779123314.8697374,0.000024768
experiment_name,6d3b0cb6-f994-41da-bbcf-31e20349765a,function_transfer_time,1779123314.9711254,0.00008098
experiment_name,6d3b0cb6-f994-41da-bbcf-31e20349765a,function_transfer_time,1779123315.0724428,0.000083874
experiment_name,6d3b0cb6-f994-41da-bbcf-31e20349765a,function_transfer_time,1779123315.1737885,0.000081531
experiment_name,6d3b0cb6-f994-41da-bbcf-31e20349765a,function_transfer_time,1779123315.2750952,0.000081136
experiment_name,6d3b0cb6-f994-41da-bbcf-31e20349765a,function_transfer_time,1779123315.3764205,0.000083731
experiment_name,6d3b0cb6-f994-41da-bbcf-31e20349765a,function_transfer_time,1779123315.4776657,0.000015876
experiment_name,6d3b0cb6-f994-41da-bbcf-31e20349765a,function_transfer_time,1779123315.5789917,0.000084629
experiment_name,6d3b0cb6-f994-41da-bbcf-31e20349765a,function_transfer_time,1779123315.679335,0.000078414
experiment_name,6d3b0cb6-f994-41da-bbcf-31e20349765a,function_transfer_time,1779123315.780662,0.000086328
experiment_name,6d3b0cb6-f994-41da-bbcf-31e20349765a,function_transfer_time,1779123315.881997,0.00007649
experiment_name,6d3b0cb6-f994-41da-bbcf-31e20349765a,function_transfer_time,1779123315.9822764,0.000021481
experiment_name,6d3b0cb6-f994-41da-bbcf-31e20349765a,function_transfer_time,1779123316.083581,0.000040916
experiment_name,6d3b0cb6-f994-41da-bbcf-31e20349765a,function_transfer_time,1779123316.1849942,0.000080939
experiment_name,6d3b0cb6-f994-41da-bbcf-31e20349765a,function_transfer_time,1779123316.285314,0.000078608
experiment_name,6d3b0cb6-f994-41da-bbcf-31e20349765a,function_transfer_time,1779123316.386599,0.000022781
experiment_name,6d3b0cb6-f994-41da-bbcf-31e20349765a,function_transfer_time,1779123316.4878557,0.0000179
experiment_name,6d3b0cb6-f994-41da-bbcf-31e20349765a,function_transfer_time,1779123316.5891676,0.00007855
experiment_name,6d3b0cb6-f994-41da-bbcf-31e20349765a,function_transfer_time,1779123316.6904087,0.00001791
experiment_name,6d3b0cb6-f994-41da-bbcf-31e20349765a,function_transfer_time,1779123316.7917163,0.000074756
experiment_name,6d3b0cb6-f994-41da-bbcf-31e20349765a,function_transfer_time,1779123316.893044,0.000076691
experiment_name,6d3b0cb6-f994-41da-bbcf-31e20349765a,function_transfer_time,1779123316.994413,0.000075115
experiment_name,6d3b0cb6-f994-41da-bbcf-31e20349765a,function_transfer_time,1779123317.0956945,0.000018964
experiment_name,6d3b0cb6-f994-41da-bbcf-31e20349765a,function_transfer_time,1779123317.1969852,0.000077937
experiment_name,6d3b0cb6-f994-41da-bbcf-31e20349765a,function_transfer_time,1779123317.297248,0.000022138
experiment_name,6d3b0cb6-f994-41da-bbcf-31e20349765a,function_transfer_time,1779123317.3985715,0.000087381
experiment_name,6d3b0cb6-f994-41da-bbcf-31e20349765a,function_transfer_time,1779123317.4998376,0.000022116
experiment_name,6d3b0cb6-f994-41da-bbcf-31e20349765a,function_transfer_time,1779123317.6011624,0.00008445
experiment_name,6d3b0cb6-f994-41da-bbcf-31e20349765a,function_transfer_time,1779123317.7024076,0.00001816
experiment_name,6d3b0cb6-f994-41da-bbcf-31e20349765a,function_transfer_time,1779123317.8036575,0.000016396
experiment_name,6d3b0cb6-f994-41da-bbcf-31e20349765a,function_transfer_time,1779123317.9049566,0.000078378
experiment_name,6d3b0cb6-f994-41da-bbcf-31e20349765a,function_transfer_time,1779123318.0053084,0.000081805
experiment_name,6d3b0cb6-f994-41da-bbcf-31e20349765a,function_transfer_time,1779123318.1065934,0.000076287
experiment_name,6d3b0cb6-f994-41da-bbcf-31e20349765a,function_transfer_time,1779123318.207913,0.000083308
experiment_name,6d3b0cb6-f994-41da-bbcf-31e20349765a,function_transfer_time,1779123318.3092763,0.0000805
experiment_name,6d3b0cb6-f994-41da-bbcf-31e20349765a,function_transfer_time,1779123318.4105737,0.000105358
experiment_name,6d3b0cb6-f994-41da-bbcf-31e20349765a,function_transfer_time,1779123318.5118785,0.000076325
experiment_name,6d3b0cb6-f994-41da-bbcf-31e20349765a,function_transfer_time,1779123318.6131835,0.000076626
experiment_name,6d3b0cb6-f994-41da-bbcf-31e20349765a,function_transfer_time,1779123318.714509,0.000082369
experiment_name,6d3b0cb6-f994-41da-bbcf-31e20349765a,function_transfer_time,1779123318.8158576,0.000085722
experiment_name,6d3b0cb6-f994-41da-bbcf-31e20349765a,function_transfer_time,1779123318.9171722,0.000079324
experiment_name,6d3b0cb6-f994-41da-bbcf-31e20349765a,function_transfer_time,1779123319.0185707,0.000082326
experiment_name,6d3b0cb6-f994-41da-bbcf-31e20349765a,function_transfer_time,1779123319.1198723,0.00007641
experiment_name,6d3b0cb6-f994-41da-bbcf-31e20349765a,function_transfer_time,1779123319.2211921,0.000081035
experiment_name,6d3b0cb6-f994-41da-bbcf-31e20349765a,function_transfer_time,1779123319.3225424,0.000085846
experiment_name,6d3b0cb6-f994-41da-bbcf-31e20349765a,function_transfer_time,1779123319.4238646,0.000082406
experiment_name,6d3b0cb6-f994-41da-bbcf-31e20349765a,function_transfer_time,1779123319.525174,0.00002998
experiment_name,f8defd48-5f23-4c05-a9ab-39aaf179ad43,function_transfer_time,1779123314.6672378,0.000043355
experiment_name,f8defd48-5f23-4c05-a9ab-39aaf179ad43,function_transfer_time,1779123314.7686245,0.000101007
experiment_name,f8defd48-5f23-4c05-a9ab-39aaf179ad43,function_transfer_time,1779123314.8699005,0.000036318
experiment_name,f8defd48-5f23-4c05-a9ab-39aaf179ad43,function_transfer_time,1779123314.9712155,0.000027657
experiment_name,f8defd48-5f23-4c05-a9ab-39aaf179ad43,function_transfer_time,1779123315.0726132,0.000117372
experiment_name,f8defd48-5f23-4c05-a9ab-39aaf179ad43,function_transfer_time,1779123315.1739502,0.00010642
experiment_name,f8defd48-5f23-4c05-a9ab-39aaf179ad43,function_transfer_time,1779123315.2752717,0.000124441
experiment_name,f8defd48-5f23-4c05-a9ab-39aaf179ad43,function_transfer_time,1779123315.3765776,0.000093484
experiment_name,f8defd48-5f23-4c05-a9ab-39aaf179ad43,function_transfer_time,1779123315.4778275,0.00005203
experiment_name,f8defd48-5f23-4c05-a9ab-39aaf179ad43,function_transfer_time,1779123315.5791728,0.000123602
experiment_name,f8defd48-5f23-4c05-a9ab-39aaf179ad43,function_transfer_time,1779123315.6794922,0.000056048
experiment_name,f8defd48-5f23-4c05-a9ab-39aaf179ad43,function_transfer_time,1779123315.7808304,0.000113135
experiment_name,f8defd48-5f23-4c05-a9ab-39aaf179ad43,function_transfer_time,1779123315.8821442,0.000030657
experiment_name,f8defd48-5f23-4c05-a9ab-39aaf179ad43,function_transfer_time,1779123315.9824545,0.000117119
experiment_name,f8defd48-5f23-4c05-a9ab-39aaf179ad43,function_transfer_time,1779123316.0837343,0.000040884
experiment_name,f8defd48-5f23-4c05-a9ab-39aaf179ad43,function_transfer_time,1779123316.1851654,0.000114904
experiment_name,f8defd48-5f23-4c05-a9ab-39aaf179ad43,function_transfer_time,1779123316.2855115,0.000141314
experiment_name,f8defd48-5f23-4c05-a9ab-39aaf179ad43,function_transfer_time,1779123316.3867779,0.000122436
experiment_name,f8defd48-5f23-4c05-a9ab-39aaf179ad43,function_transfer_time,1779123316.4880333,0.000090834
experiment_name,f8defd48-5f23-4c05-a9ab-39aaf179ad43,function_transfer_time,1779123316.589322,0.000097313
experiment_name,f8defd48-5f23-4c05-a9ab-39aaf179ad43,function_transfer_time,1779123316.6905644,0.000097226
experiment_name,f8defd48-5f23-4c05-a9ab-39aaf179ad43,function_transfer_time,1779123316.7918742,0.000103801
experiment_name,f8defd48-5f23-4c05-a9ab-39aaf179ad43,function_transfer_time,1779123316.8932066,0.000037769
experiment_name,f8defd48-5f23-4c05-a9ab-39aaf179ad43,function_transfer_time,1779123316.994568,0.000097862
experiment_name,f8defd48-5f23-4c05-a9ab-39aaf179ad43,function_transfer_time,1779123317.0958173,0.000023224
experiment_name,f8defd48-5f23-4c05-a9ab-39aaf179ad43,function_transfer_time,1779123317.197064,0.000025974
experiment_name,f8defd48-5f23-4c05-a9ab-39aaf179ad43,function_transfer_time,1779123317.2974012,0.000046159
experiment_name,f8defd48-5f23-4c05-a9ab-39aaf179ad43,function_transfer_time,1779123317.398729,0.000045208
experiment_name,f8defd48-5f23-4c05-a9ab-39aaf179ad43,function_transfer_time,1779123317.4999635,0.000024052
experiment_name,f8defd48-5f23-4c05-a9ab-39aaf179ad43,function_transfer_time,1779123317.6013122,0.000039628
experiment_name,f8defd48-5f23-4c05-a9ab-39aaf179ad43,function_transfer_time,1779123317.7025557,0.000023788
experiment_name,f8defd48-5f23-4c05-a9ab-39aaf179ad43,function_transfer_time,1779123317.803764,0.000040687
experiment_name,f8defd48-5f23-4c05-a9ab-39aaf179ad43,function_transfer_time,1779123317.9050832,0.00002408
experiment_name,f8defd48-5f23-4c05-a9ab-39aaf179ad43,function_transfer_time,1779123318.005467,0.000067588
experiment_name,f8defd48-5f23-4c05-a9ab-39aaf179ad43,function_transfer_time,1779123318.1067538,0.000048058
experiment_name,f8defd48-5f23-4c05-a9ab-39aaf179ad43,function_transfer_time,1779123318.2080796,0.000049074
experiment_name,f8defd48-5f23-4c05-a9ab-39aaf179ad43,function_transfer_time,1779123318.3094583,0.000127137
experiment_name,f8defd48-5f23-4c05-a9ab-39aaf179ad43,function_transfer_time,1779123318.4107368,0.000110726
experiment_name,f8defd48-5f23-4c05-a9ab-39aaf179ad43,function_transfer_time,1779123318.512031,0.000098555
experiment_name,f8defd48-5f23-4c05-a9ab-39aaf179ad43,function_transfer_time,1779123318.6133578,0.000121037
experiment_name,f8defd48-5f23-4c05-a9ab-39aaf179ad43,function_transfer_time,1779123318.7146845,0.000121513
experiment_name,f8defd48-5f23-4c05-a9ab-39aaf179ad43,function_transfer_time,1779123318.8160357,0.000119966
experiment_name,f8defd48-5f23-4c05-a9ab-39aaf179ad43,function_transfer_time,1779123318.917345,0.000034623
experiment_name,f8defd48-5f23-4c05-a9ab-39aaf179ad43,function_transfer_time,1779123319.0187562,0.000129359
experiment_name,f8defd48-5f23-4c05-a9ab-39aaf179ad43,function_transfer_time,1779123319.1200492,0.00012243
experiment_name,f8defd48-5f23-4c05-a9ab-39aaf179ad43,function_transfer_time,1779123319.2213767,0.000129589
experiment_name,f8defd48-5f23-4c05-a9ab-39aaf179ad43,function_transfer_time,1779123319.3227243,0.000118025
experiment_name,f8defd48-5f23-4c05-a9ab-39aaf179ad43,function_transfer_time,1779123319.4240296,0.000108793
experiment_name,f8defd48-5f23-4c05-a9ab-39aaf179ad43,function_transfer_time,1779123319.525279,0.000037509
experiment_name,f8defd48-5f23-4c05-a9ab-39aaf179ad43,function_execution_time,1779123319.6267343,0.000110445
experiment_name,f8defd48-5f23-4c05-a9ab-39aaf179ad43,function_execution_time,1779123319.7276182,0.000086322
experiment_name,f8defd48-5f23-4c05-a9ab-39aaf179ad43,function_execution_time,1779123319.8290474,0.000063733
experiment_name,f8defd48-5f23-4c05-a9ab-39aaf179ad43,function_execution_time,1779123319.9305265,0.000064064
experiment_name,f8defd48-5f23-4c05-a9ab-39aaf179ad43,function_execution_time,1779123320.0319188,0.000068852
experiment_name,f8defd48-5f23-4c05-a9ab-39aaf179ad43,function_execution_time,1779123320.133222,0.000059331
experiment_name,f8defd48-5f23-4c05-a9ab-39aaf179ad43,function_execution_time,1779123320.2335436,0.000071723
experiment_name,f8defd48-5f23-4c05-a9ab-39aaf179ad43,function_execution_time,1779123320.3348472,0.000067975
experiment_name,f8defd48-5f23-4c05-a9ab-39aaf179ad43,function_execution_time,1779123320.4362125,0.000066666
experiment_name,f8defd48-5f23-4c05-a9ab-39aaf179ad43,function_execution_time,1779123320.5374556,0.000069276
experiment_name,f8defd48-5f23-4c05-a9ab-39aaf179ad43,function_execution_time,1779123320.6388268,0.000076773
experiment_name,f8defd48-5f23-4c05-a9ab-39aaf179ad43,function_execution_time,1779123320.7401993,0.000058349
experiment_name,f8defd48-5f23-4c05-a9ab-39aaf179ad43,function_execution_time,1779123320.841524,0.000068097
experiment_name,f8defd48-5f23-4c05-a9ab-39aaf179ad43,function_execution_time,1779123320.9428205,0.000061699
experiment_name,f8defd48-5f23-4c05-a9ab-39aaf179ad43,function_execution_time,1779123321.0441678,0.000060161
experiment_name,f8defd48-5f23-4c05-a9ab-39aaf179ad43,function_execution_time,1779123321.1454961,0.000067624
experiment_name,f8defd48-5f23-4c05-a9ab-39aaf179ad43,function_execution_time,1779123321.246767,0.000056957
experiment_name,f8defd48-5f23-4c05-a9ab-39aaf179ad43,function_execution_time,1779123321.3480108,0.000073825
experiment_name,f8defd48-5f23-4c05-a9ab-39aaf179ad43,function_execution_time,1779123321.449378,0.000058745
experiment_name,f8defd48-5f23-4c05-a9ab-39aaf179ad43,function_execution_time,1779123321.5506685,0.000055217
experiment_name,f8defd48-5f23-4c05-a9ab-39aaf179ad43,function_execution_time,1779123321.6519864,0.000056777
experiment_name,f8defd48-5f23-4c05-a9ab-39aaf179ad43,function_execution_time,1779123321.753311,0.000064702
experiment_name,f8defd48-5f23-4c05-a9ab-39aaf179ad43,function_execution_time,1779123321.8546329,0.000062049
experiment_name,f8defd48-5f23-4c05-a9ab-39aaf179ad43,function_execution_time,1779123321.9561129,0.000063447
experiment_name,f8defd48-5f23-4c05-a9ab-39aaf179ad43,function_execution_time,1779123322.0574753,0.000070774
experiment_name,f8defd48-5f23-4c05-a9ab-39aaf179ad43,function_execution_time,1779123322.1587272,0.00006254
experiment_name,f8defd48-5f23-4c05-a9ab-39aaf179ad43,function_execution_time,1779123322.2602484,0.000082916
experiment_name,f8defd48-5f23-4c05-a9ab-39aaf179ad43,function_execution_time,1779123322.360545,0.000059046
experiment_name,f8defd48-5f23-4c05-a9ab-39aaf179ad43,function_execution_time,1779123322.461897,0.000062157
experiment_name,f8defd48-5f23-4c05-a9ab-39aaf179ad43,function_execution_time,1779123322.563208,0.000060142
experiment_name,f8defd48-5f23-4c05-a9ab-39aaf179ad43,function_execution_time,1779123322.6635575,0.000066862
experiment_name,f8defd48-5f23-4c05-a9ab-39aaf179ad43,function_execution_time,1779123322.7648695,0.000061598
experiment_name,f8defd48-5f23-4c05-a9ab-39aaf179ad43,function_execution_time,1779123322.866201,0.000057946
experiment_name,f8defd48-5f23-4c05-a9ab-39aaf179ad43,function_execution_time,1779123322.966674,0.000057265
experiment_name,f8defd48-5f23-4c05-a9ab-39aaf179ad43,function_execution_time,1779123323.0680635,0.000061953
experiment_name,f8defd48-5f23-4c05-a9ab-39aaf179ad43,function_execution_time,1779123323.1694043,0.000067973
experiment_name,f8defd48-5f23-4c05-a9ab-39aaf179ad43,function_execution_time,1779123323.2707567,0.000056416
experiment_name,f8defd48-5f23-4c05-a9ab-39aaf179ad43,function_execution_time,1779123323.372053,0.000068366
experiment_name,f8defd48-5f23-4c05-a9ab-39aaf179ad43,function_execution_time,1779123323.473401,0.000057778
experiment_name,f8defd48-5f23-4c05-a9ab-39aaf179ad43,function_execution_time,1779123323.5746908,0.000069136
experiment_name,f8defd48-5f23-4c05-a9ab-39aaf179ad43,function_execution_time,1779123323.6760206,0.000056752
experiment_name,f8defd48-5f23-4c05-a9ab-39aaf179ad43,function_execution_time,1779123323.7773464,0.000065418
experiment_name,f8defd48-5f23-4c05-a9ab-39aaf179ad43,function_execution_time,1779123323.8786972,0.000059387
experiment_name,f8defd48-5f23-4c05-a9ab-39aaf179ad43,function_execution_time,1779123323.9800012,0.000062494
experiment_name,f8defd48-5f23-4c05-a9ab-39aaf179ad43,function_execution_time,1779123324.0813804,0.000061101
experiment_name,f8defd48-5f23-4c05-a9ab-39aaf179ad43,function_execution_time,1779123324.1826973,0.000058367
experiment_name,f8defd48-5f23-4c05-a9ab-39aaf179ad43,function_execution_time,1779123324.2840416,0.000073372
experiment_name,f8defd48-5f23-4c05-a9ab-39aaf179ad43,function_execution_time,1779123324.3853664,0.000061619
experiment_name,f8defd48-5f23-4c05-a9ab-39aaf179ad43,function_execution_time,1779123324.4866865,0.000070156
experiment_name,f8defd48-5f23-4c05-a9ab-39aaf179ad43,function_execution_time,1779123324.5880015,0.000060542
experiment_name,6d3b0cb6-f994-41da-bbcf-31e20349765a,function_execution_time,1779123319.626666,0.000133356
experiment_name,6d3b0cb6-f994-41da-bbcf-31e20349765a,function_execution_time,1779123319.7275636,0.000110234
experiment_name,6d3b0cb6-f994-41da-bbcf-31e20349765a,function_execution_time,1779123319.8289595,0.000071194
experiment_name,6d3b0cb6-f994-41da-bbcf-31e20349765a,function_execution_time,1779123319.930465,0.000161249
experiment_name,6d3b0cb6-f994-41da-bbcf-31e20349765a,function_execution_time,1779123320.0317545,0.00007311
experiment_name,6d3b0cb6-f994-41da-bbcf-31e20349765a,function_execution_time,1779123320.1330678,0.000080555
experiment_name,6d3b0cb6-f994-41da-bbcf-31e20349765a,function_execution_time,1779123320.2334201,0.000078205
experiment_name,6d3b0cb6-f994-41da-bbcf-31e20349765a,function_execution_time,1779123320.3347354,0.000070543
experiment_name,6d3b0cb6-f994-41da-bbcf-31e20349765a,function_execution_time,1779123320.4361265,0.000080196
experiment_name,6d3b0cb6-f994-41da-bbcf-31e20349765a,function_execution_time,1779123320.5373592,0.000066632
experiment_name,6d3b0cb6-f994-41da-bbcf-31e20349765a,function_execution_time,1779123320.6387143,0.000068793
experiment_name,6d3b0cb6-f994-41da-bbcf-31e20349765a,function_execution_time,1779123320.7400374,0.000077939
experiment_name,6d3b0cb6-f994-41da-bbcf-31e20349765a,function_execution_time,1779123320.8413463,0.000066993
experiment_name,6d3b0cb6-f994-41da-bbcf-31e20349765a,function_execution_time,1779123320.942749,0.000140965
experiment_name,6d3b0cb6-f994-41da-bbcf-31e20349765a,function_execution_time,1779123321.044044,0.000080122
experiment_name,6d3b0cb6-f994-41da-bbcf-31e20349765a,function_execution_time,1779123321.1453323,0.000066878
experiment_name,6d3b0cb6-f994-41da-bbcf-31e20349765a,function_execution_time,1779123321.2466087,0.000065902
experiment_name,6d3b0cb6-f994-41da-bbcf-31e20349765a,function_execution_time,1779123321.347965,0.000079428
experiment_name,6d3b0cb6-f994-41da-bbcf-31e20349765a,function_execution_time,1779123321.4492934,0.000081929
experiment_name,6d3b0cb6-f994-41da-bbcf-31e20349765a,function_execution_time,1779123321.5505888,0.000076198
experiment_name,6d3b0cb6-f994-41da-bbcf-31e20349765a,function_execution_time,1779123321.6518373,0.000068104
experiment_name,6d3b0cb6-f994-41da-bbcf-31e20349765a,function_execution_time,1779123321.7531557,0.000078516
experiment_name,6d3b0cb6-f994-41da-bbcf-31e20349765a,function_execution_time,1779123321.8545687,0.000088215
experiment_name,6d3b0cb6-f994-41da-bbcf-31e20349765a,function_execution_time,1779123321.9560394,0.000138975
experiment_name,6d3b0cb6-f994-41da-bbcf-31e20349765a,function_execution_time,1779123322.0573812,0.000077322
experiment_name,6d3b0cb6-f994-41da-bbcf-31e20349765a,function_execution_time,1779123322.1585612,0.000078788
experiment_name,6d3b0cb6-f994-41da-bbcf-31e20349765a,function_execution_time,1779123322.260079,0.000106307
experiment_name,6d3b0cb6-f994-41da-bbcf-31e20349765a,function_execution_time,1779123322.3603897,0.000078563
experiment_name,6d3b0cb6-f994-41da-bbcf-31e20349765a,function_execution_time,1779123322.461734,0.000079973
experiment_name,6d3b0cb6-f994-41da-bbcf-31e20349765a,function_execution_time,1779123322.5631328,0.000088636
experiment_name,6d3b0cb6-f994-41da-bbcf-31e20349765a,function_execution_time,1779123322.6634064,0.000085232
experiment_name,6d3b0cb6-f994-41da-bbcf-31e20349765a,function_execution_time,1779123322.7647169,0.00007848
experiment_name,6d3b0cb6-f994-41da-bbcf-31e20349765a,function_execution_time,1779123322.8661027,0.00007859
experiment_name,6d3b0cb6-f994-41da-bbcf-31e20349765a,function_execution_time,1779123322.9666162,0.00015154
experiment_name,6d3b0cb6-f994-41da-bbcf-31e20349765a,function_execution_time,1779123323.067907,0.000073781
experiment_name,6d3b0cb6-f994-41da-bbcf-31e20349765a,function_execution_time,1779123323.1692421,0.000069987
experiment_name,6d3b0cb6-f994-41da-bbcf-31e20349765a,function_execution_time,1779123323.2706115,0.000080274
experiment_name,6d3b0cb6-f994-41da-bbcf-31e20349765a,function_execution_time,1779123323.3719494,0.000073301
experiment_name,6d3b0cb6-f994-41da-bbcf-31e20349765a,function_execution_time,1779123323.4732547,0.000073792
experiment_name,6d3b0cb6-f994-41da-bbcf-31e20349765a,function_execution_time,1779123323.574528,0.000077477
experiment_name,6d3b0cb6-f994-41da-bbcf-31e20349765a,function_execution_time,1779123323.6758723,0.000073982
experiment_name,6d3b0cb6-f994-41da-bbcf-31e20349765a,function_execution_time,1779123323.7771885,0.00006968
experiment_name,6d3b0cb6-f994-41da-bbcf-31e20349765a,function_execution_time,1779123323.8785434,0.000070632
experiment_name,6d3b0cb6-f994-41da-bbcf-31e20349765a,function_execution_time,1779123323.9799287,0.000150703
experiment_name,6d3b0cb6-f994-41da-bbcf-31e20349765a,function_execution_time,1779123324.0812309,0.000070655
experiment_name,6d3b0cb6-f994-41da-bbcf-31e20349765a,function_execution_time,1779123324.1825447,0.000072586
experiment_name,6d3b0cb6-f994-41da-bbcf-31e20349765a,function_execution_time,1779123324.283863,0.000082302
experiment_name,6d3b0cb6-f994-41da-bbcf-31e20349765a,function_execution_time,1779123324.3852084,0.000073537
experiment_name,6d3b0cb6-f994-41da-bbcf-31e20349765a,function_execution_time,1779123324.4865174,0.000085705
experiment_name,6d3b0cb6-f994-41da-bbcf-31e20349765a,function_execution_time,1779123324.587847,0.000072951
experiment_name,f8defd48-5f23-4c05-a9ab-39aaf179ad43,function_transfer_time,1779123319.6266217,0.000029742
experiment_name,f8defd48-5f23-4c05-a9ab-39aaf179ad43,function_transfer_time,1779123319.727567,0.000055419
experiment_name,f8defd48-5f23-4c05-a9ab-39aaf179ad43,function_transfer_time,1779123319.828983,0.000058372
experiment_name,f8defd48-5f23-4c05-a9ab-39aaf179ad43,function_transfer_time,1779123319.930467,0.000049691
experiment_name,f8defd48-5f23-4c05-a9ab-39aaf179ad43,function_transfer_time,1779123320.031845,0.000115016
experiment_name,f8defd48-5f23-4c05-a9ab-39aaf179ad43,function_transfer_time,1779123320.1331587,0.00010545
experiment_name,f8defd48-5f23-4c05-a9ab-39aaf179ad43,function_transfer_time,1779123320.2334673,0.000069121
experiment_name,f8defd48-5f23-4c05-a9ab-39aaf179ad43,function_transfer_time,1779123320.334774,0.000049217
experiment_name,f8defd48-5f23-4c05-a9ab-39aaf179ad43,function_transfer_time,1779123320.43613,0.000103783
experiment_name,f8defd48-5f23-4c05-a9ab-39aaf179ad43,function_transfer_time,1779123320.5373762,0.000087063
experiment_name,f8defd48-5f23-4c05-a9ab-39aaf179ad43,function_transfer_time,1779123320.6387844,0.000052988
experiment_name,f8defd48-5f23-4c05-a9ab-39aaf179ad43,function_transfer_time,1779123320.7401366,0.000111633
experiment_name,f8defd48-5f23-4c05-a9ab-39aaf179ad43,function_transfer_time,1779123320.8414521,0.000116293
experiment_name,f8defd48-5f23-4c05-a9ab-39aaf179ad43,function_transfer_time,1779123320.9427516,0.000035283
experiment_name,f8defd48-5f23-4c05-a9ab-39aaf179ad43,function_transfer_time,1779123321.0440967,0.000083615
experiment_name,f8defd48-5f23-4c05-a9ab-39aaf179ad43,function_transfer_time,1779123321.1454167,0.000105453
experiment_name,f8defd48-5f23-4c05-a9ab-39aaf179ad43,function_transfer_time,1779123321.2467055,0.000114334
experiment_name,f8defd48-5f23-4c05-a9ab-39aaf179ad43,function_transfer_time,1779123321.3479698,0.000035126
experiment_name,f8defd48-5f23-4c05-a9ab-39aaf179ad43,function_transfer_time,1779123321.4493124,0.000089367
experiment_name,f8defd48-5f23-4c05-a9ab-39aaf179ad43,function_transfer_time,1779123321.5506043,0.000085728
experiment_name,f8defd48-5f23-4c05-a9ab-39aaf179ad43,function_transfer_time,1779123321.6519248,0.000106038
experiment_name,f8defd48-5f23-4c05-a9ab-39aaf179ad43,function_transfer_time,1779123321.7532415,0.000113638
experiment_name,f8defd48-5f23-4c05-a9ab-39aaf179ad43,function_transfer_time,1779123321.854572,0.000093327
experiment_name,f8defd48-5f23-4c05-a9ab-39aaf179ad43,function_transfer_time,1779123321.956042,0.000034143
experiment_name,f8defd48-5f23-4c05-a9ab-39aaf179ad43,function_transfer_time,1779123322.0573847,0.000092622
experiment_name,f8defd48-5f23-4c05-a9ab-39aaf179ad43,function_transfer_time,1779123322.1586607,0.000108053
experiment_name,f8defd48-5f23-4c05-a9ab-39aaf179ad43,function_transfer_time,1779123322.2601547,0.000111362
experiment_name,f8defd48-5f23-4c05-a9ab-39aaf179ad43,function_transfer_time,1779123322.3604822,0.000112534
experiment_name,f8defd48-5f23-4c05-a9ab-39aaf179ad43,function_transfer_time,1779123322.4618292,0.00010922
experiment_name,f8defd48-5f23-4c05-a9ab-39aaf179ad43,function_transfer_time,1779123322.563136,0.000100685
experiment_name,f8defd48-5f23-4c05-a9ab-39aaf179ad43,function_transfer_time,1779123322.6634853,0.000096743
experiment_name,f8defd48-5f23-4c05-a9ab-39aaf179ad43,function_transfer_time,1779123322.7648044,0.000100906
experiment_name,f8defd48-5f23-4c05-a9ab-39aaf179ad43,function_transfer_time,1779123322.8661356,0.000105287
experiment_name,f8defd48-5f23-4c05-a9ab-39aaf179ad43,function_transfer_time,1779123322.9666126,0.000034012
experiment_name,f8defd48-5f23-4c05-a9ab-39aaf179ad43,function_transfer_time,1779123323.0679905,0.000115485
experiment_name,f8defd48-5f23-4c05-a9ab-39aaf179ad43,function_transfer_time,1779123323.1693451,0.000109809
experiment_name,f8defd48-5f23-4c05-a9ab-39aaf179ad43,function_transfer_time,1779123323.270696,0.000148193
experiment_name,f8defd48-5f23-4c05-a9ab-39aaf179ad43,function_transfer_time,1779123323.3720179,0.000051248
experiment_name,f8defd48-5f23-4c05-a9ab-39aaf179ad43,function_transfer_time,1779123323.473339,0.000097903
experiment_name,f8defd48-5f23-4c05-a9ab-39aaf179ad43,function_transfer_time,1779123323.5746171,0.000104576
experiment_name,f8defd48-5f23-4c05-a9ab-39aaf179ad43,function_transfer_time,1779123323.6759565,0.000105211
experiment_name,f8defd48-5f23-4c05-a9ab-39aaf179ad43,function_transfer_time,1779123323.7772765,0.000106473
experiment_name,f8defd48-5f23-4c05-a9ab-39aaf179ad43,function_transfer_time,1779123323.878634,0.000111195
experiment_name,f8defd48-5f23-4c05-a9ab-39aaf179ad43,function_transfer_time,1779123323.9799316,0.000034525
experiment_name,f8defd48-5f23-4c05-a9ab-39aaf179ad43,function_transfer_time,1779123324.0813155,0.000105658
experiment_name,f8defd48-5f23-4c05-a9ab-39aaf179ad43,function_transfer_time,1779123324.1826339,0.000105577
experiment_name,f8defd48-5f23-4c05-a9ab-39aaf179ad43,function_transfer_time,1779123324.2839637,0.000119248
experiment_name,f8defd48-5f23-4c05-a9ab-39aaf179ad43,function_transfer_time,1779123324.385294,0.000106508
experiment_name,f8defd48-5f23-4c05-a9ab-39aaf179ad43,function_transfer_time,1779123324.4866116,0.000106915
experiment_name,f8defd48-5f23-4c05-a9ab-39aaf179ad43,function_transfer_time,1779123324.5879366,0.000105752
experiment_name,6d3b0cb6-f994-41da-bbcf-31e20349765a,function_transfer_time,1779123319.6265316,0.000023018
experiment_name,6d3b0cb6-f994-41da-bbcf-31e20349765a,function_transfer_time,1779123319.727399,0.000085823
experiment_name,6d3b0cb6-f994-41da-bbcf-31e20349765a,function_transfer_time,1779123319.8288727,0.000091887
experiment_name,6d3b0cb6-f994-41da-bbcf-31e20349765a,function_transfer_time,1779123319.9302833,0.000076511
experiment_name,6d3b0cb6-f994-41da-bbcf-31e20349765a,function_transfer_time,1779123320.031671,0.00008064
experiment_name,6d3b0cb6-f994-41da-bbcf-31e20349765a,function_transfer_time,1779123320.132985,0.000074448
experiment_name,6d3b0cb6-f994-41da-bbcf-31e20349765a,function_transfer_time,1779123320.233329,0.000077232
experiment_name,6d3b0cb6-f994-41da-bbcf-31e20349765a,function_transfer_time,1779123320.3346572,0.000084459
experiment_name,6d3b0cb6-f994-41da-bbcf-31e20349765a,function_transfer_time,1779123320.435982,0.00007889
experiment_name,6d3b0cb6-f994-41da-bbcf-31e20349765a,function_transfer_time,1779123320.5372393,0.000020018
experiment_name,6d3b0cb6-f994-41da-bbcf-31e20349765a,function_transfer_time,1779123320.6386366,0.000021539
experiment_name,6d3b0cb6-f994-41da-bbcf-31e20349765a,function_transfer_time,1779123320.7400305,0.000074521
experiment_name,6d3b0cb6-f994-41da-bbcf-31e20349765a,function_transfer_time,1779123320.8412654,0.00007821
experiment_name,6d3b0cb6-f994-41da-bbcf-31e20349765a,function_transfer_time,1779123320.9426024,0.000081769
experiment_name,6d3b0cb6-f994-41da-bbcf-31e20349765a,function_transfer_time,1779123321.0439591,0.000084979
experiment_name,6d3b0cb6-f994-41da-bbcf-31e20349765a,function_transfer_time,1779123321.145253,0.000079447
experiment_name,6d3b0cb6-f994-41da-bbcf-31e20349765a,function_transfer_time,1779123321.2465315,0.000021644
experiment_name,6d3b0cb6-f994-41da-bbcf-31e20349765a,function_transfer_time,1779123321.3478444,0.00008328
experiment_name,6d3b0cb6-f994-41da-bbcf-31e20349765a,function_transfer_time,1779123321.449161,0.000076812
experiment_name,6d3b0cb6-f994-41da-bbcf-31e20349765a,function_transfer_time,1779123321.5504637,0.000090319
experiment_name,6d3b0cb6-f994-41da-bbcf-31e20349765a,function_transfer_time,1779123321.6517615,0.00007548
experiment_name,6d3b0cb6-f994-41da-bbcf-31e20349765a,function_transfer_time,1779123321.753072,0.000076635
experiment_name,6d3b0cb6-f994-41da-bbcf-31e20349765a,function_transfer_time,1779123321.8544047,0.00008466
experiment_name,6d3b0cb6-f994-41da-bbcf-31e20349765a,function_transfer_time,1779123321.9558933,0.000081378
experiment_name,6d3b0cb6-f994-41da-bbcf-31e20349765a,function_transfer_time,1779123322.057241,0.000080129
experiment_name,6d3b0cb6-f994-41da-bbcf-31e20349765a,function_transfer_time,1779123322.1584835,0.000022979
experiment_name,6d3b0cb6-f994-41da-bbcf-31e20349765a,function_transfer_time,1779123322.2599673,0.000079904
experiment_name,6d3b0cb6-f994-41da-bbcf-31e20349765a,function_transfer_time,1779123322.3603053,0.000085466
experiment_name,6d3b0cb6-f994-41da-bbcf-31e20349765a,function_transfer_time,1779123322.4616518,0.000084403
experiment_name,6d3b0cb6-f994-41da-bbcf-31e20349765a,function_transfer_time,1779123322.5629814,0.000083822
experiment_name,6d3b0cb6-f994-41da-bbcf-31e20349765a,function_transfer_time,1779123322.6633217,0.000081761
experiment_name,6d3b0cb6-f994-41da-bbcf-31e20349765a,function_transfer_time,1779123322.764639,0.000087046
experiment_name,6d3b0cb6-f994-41da-bbcf-31e20349765a,function_transfer_time,1779123322.8659718,0.000081572
experiment_name,6d3b0cb6-f994-41da-bbcf-31e20349765a,function_transfer_time,1779123322.9664505,0.000080494
experiment_name,6d3b0cb6-f994-41da-bbcf-31e20349765a,function_transfer_time,1779123323.0678163,0.000080849
experiment_name,6d3b0cb6-f994-41da-bbcf-31e20349765a,function_transfer_time,1779123323.16916,0.000079299
experiment_name,6d3b0cb6-f994-41da-bbcf-31e20349765a,function_transfer_time,1779123323.27048,0.000086646
experiment_name,6d3b0cb6-f994-41da-bbcf-31e20349765a,function_transfer_time,1779123323.3718672,0.000083272
experiment_name,6d3b0cb6-f994-41da-bbcf-31e20349765a,function_transfer_time,1779123323.4731815,0.00008326
experiment_name,6d3b0cb6-f994-41da-bbcf-31e20349765a,function_transfer_time,1779123323.5744514,0.00003042
experiment_name,6d3b0cb6-f994-41da-bbcf-31e20349765a,function_transfer_time,1779123323.6757941,0.000076768
experiment_name,6d3b0cb6-f994-41da-bbcf-31e20349765a,function_transfer_time,1779123323.7771091,0.00008384
experiment_name,6d3b0cb6-f994-41da-bbcf-31e20349765a,function_transfer_time,1779123323.878463,0.000087956
experiment_name,6d3b0cb6-f994-41da-bbcf-31e20349765a,function_transfer_time,1779123323.9797728,0.000079488
experiment_name,6d3b0cb6-f994-41da-bbcf-31e20349765a,function_transfer_time,1779123324.0811489,0.000080185
experiment_name,6d3b0cb6-f994-41da-bbcf-31e20349765a,function_transfer_time,1779123324.1824675,0.000079735
experiment_name,6d3b0cb6-f994-41da-bbcf-31e20349765a,function_transfer_time,1779123324.2837808,0.000075152
experiment_name,6d3b0cb6-f994-41da-bbcf-31e20349765a,function_transfer_time,1779123324.3851278,0.000082825
experiment_name,6d3b0cb6-f994-41da-bbcf-31e20349765a,function_transfer_time,1779123324.4864385,0.000079357
experiment_name,6d3b0cb6-f994-41da-bbcf-31e20349765a,function_transfer_time,1779123324.5877695,0.000079172
experiment_name,6d3b0cb6-f994-41da-bbcf-31e20349765a,function_execution_time,1779123324.6891134,0.000105015
experiment_name,6d3b0cb6-f994-41da-bbcf-31e20349765a,function_execution_time,1779123324.7904396,0.000099225
experiment_name,6d3b0cb6-f994-41da-bbcf-31e20349765a,function_execution_time,1779123324.8916354,0.000054567
experiment_name,6d3b0cb6-f994-41da-bbcf-31e20349765a,function_execution_time,1779123324.9929545,0.000164666
experiment_name,6d3b0cb6-f994-41da-bbcf-31e20349765a,function_execution_time,1779123325.094301,0.000065238
experiment_name,6d3b0cb6-f994-41da-bbcf-31e20349765a,function_execution_time,1779123325.1955354,0.000071794
experiment_name,6d3b0cb6-f994-41da-bbcf-31e20349765a,function_execution_time,1779123325.296766,0.000070784
experiment_name,6d3b0cb6-f994-41da-bbcf-31e20349765a,function_execution_time,1779123325.3982327,0.00009642
experiment_name,6d3b0cb6-f994-41da-bbcf-31e20349765a,function_execution_time,1779123325.4994247,0.000068728
experiment_name,6d3b0cb6-f994-41da-bbcf-31e20349765a,function_execution_time,1779123325.6007748,0.00007122
experiment_name,6d3b0cb6-f994-41da-bbcf-31e20349765a,function_execution_time,1779123325.7020226,0.000081114
experiment_name,6d3b0cb6-f994-41da-bbcf-31e20349765a,function_execution_time,1779123325.8033793,0.000079491
experiment_name,6d3b0cb6-f994-41da-bbcf-31e20349765a,function_execution_time,1779123325.904546,0.00007046
experiment_name,6d3b0cb6-f994-41da-bbcf-31e20349765a,function_execution_time,1779123326.0058699,0.000135574
experiment_name,6d3b0cb6-f994-41da-bbcf-31e20349765a,function_execution_time,1779123326.107126,0.000077595
experiment_name,6d3b0cb6-f994-41da-bbcf-31e20349765a,function_execution_time,1779123326.20745,0.00006946
experiment_name,6d3b0cb6-f994-41da-bbcf-31e20349765a,function_execution_time,1779123326.3087876,0.000069789
experiment_name,6d3b0cb6-f994-41da-bbcf-31e20349765a,function_execution_time,1779123326.4100919,0.000080792
experiment_name,6d3b0cb6-f994-41da-bbcf-31e20349765a,function_execution_time,1779123326.5104222,0.000069717
experiment_name,6d3b0cb6-f994-41da-bbcf-31e20349765a,function_execution_time,1779123326.611791,0.000080059
experiment_name,6d3b0cb6-f994-41da-bbcf-31e20349765a,function_execution_time,1779123326.7130404,0.000080278
experiment_name,6d3b0cb6-f994-41da-bbcf-31e20349765a,function_execution_time,1779123326.8144102,0.00007456
experiment_name,6d3b0cb6-f994-41da-bbcf-31e20349765a,function_execution_time,1779123326.915654,0.000069487
experiment_name,6d3b0cb6-f994-41da-bbcf-31e20349765a,function_execution_time,1779123327.017068,0.000147242
experiment_name,6d3b0cb6-f994-41da-bbcf-31e20349765a,function_execution_time,1779123327.1182806,0.000068709
experiment_name,6d3b0cb6-f994-41da-bbcf-31e20349765a,function_execution_time,1779123327.219668,0.000082246
experiment_name,6d3b0cb6-f994-41da-bbcf-31e20349765a,function_execution_time,1779123327.320971,0.000080472
experiment_name,6d3b0cb6-f994-41da-bbcf-31e20349765a,function_execution_time,1779123327.4222717,0.000072564
experiment_name,6d3b0cb6-f994-41da-bbcf-31e20349765a,function_execution_time,1779123327.5236754,0.000080708
experiment_name,6d3b0cb6-f994-41da-bbcf-31e20349765a,function_execution_time,1779123327.6250763,0.000069085
experiment_name,6d3b0cb6-f994-41da-bbcf-31e20349765a,function_execution_time,1779123327.7254043,0.000067089
experiment_name,6d3b0cb6-f994-41da-bbcf-31e20349765a,function_execution_time,1779123327.8267136,0.000067212
experiment_name,6d3b0cb6-f994-41da-bbcf-31e20349765a,function_execution_time,1779123327.9280245,0.000082858
experiment_name,6d3b0cb6-f994-41da-bbcf-31e20349765a,function_execution_time,1779123328.0293698,0.000140483
experiment_name,6d3b0cb6-f994-41da-bbcf-31e20349765a,function_execution_time,1779123328.1306543,0.000066878
experiment_name,6d3b0cb6-f994-41da-bbcf-31e20349765a,function_execution_time,1779123328.2319891,0.000067366
experiment_name,6d3b0cb6-f994-41da-bbcf-31e20349765a,function_execution_time,1779123328.3332899,0.000071292
experiment_name,6d3b0cb6-f994-41da-bbcf-31e20349765a,function_execution_time,1779123328.4346201,0.0000795
experiment_name,6d3b0cb6-f994-41da-bbcf-31e20349765a,function_execution_time,1779123328.5359468,0.000067314
experiment_name,6d3b0cb6-f994-41da-bbcf-31e20349765a,function_execution_time,1779123328.6372628,0.000071024
experiment_name,6d3b0cb6-f994-41da-bbcf-31e20349765a,function_execution_time,1779123328.7386127,0.000076252
experiment_name,6d3b0cb6-f994-41da-bbcf-31e20349765a,function_execution_time,1779123328.8399153,0.000066658
experiment_name,6d3b0cb6-f994-41da-bbcf-31e20349765a,function_execution_time,1779123328.941248,0.000066697
experiment_name,6d3b0cb6-f994-41da-bbcf-31e20349765a,function_execution_time,1779123329.0425766,0.00015021
experiment_name,6d3b0cb6-f994-41da-bbcf-31e20349765a,function_execution_time,1779123329.143929,0.000081158
experiment_name,6d3b0cb6-f994-41da-bbcf-31e20349765a,function_execution_time,1779123329.2451913,0.00006758
experiment_name,6d3b0cb6-f994-41da-bbcf-31e20349765a,function_execution_time,1779123329.346562,0.000091298
experiment_name,6d3b0cb6-f994-41da-bbcf-31e20349765a,function_execution_time,1779123329.4478335,0.000082185
experiment_name,6d3b0cb6-f994-41da-bbcf-31e20349765a,function_execution_time,1779123329.5491345,0.000067787
experiment_name,f8defd48-5f23-4c05-a9ab-39aaf179ad43,function_execution_time,1779123324.6891813,0.00006031
experiment_name,f8defd48-5f23-4c05-a9ab-39aaf179ad43,function_execution_time,1779123324.790472,0.000072005
experiment_name,f8defd48-5f23-4c05-a9ab-39aaf179ad43,function_execution_time,1779123324.8917382,0.00005271
experiment_name,f8defd48-5f23-4c05-a9ab-39aaf179ad43,function_execution_time,1779123324.993008,0.0000728
experiment_name,f8defd48-5f23-4c05-a9ab-39aaf179ad43,function_execution_time,1779123325.0943043,0.000044848
experiment_name,f8defd48-5f23-4c05-a9ab-39aaf179ad43,function_execution_time,1779123325.195587,0.000046663
experiment_name,f8defd48-5f23-4c05-a9ab-39aaf179ad43,function_execution_time,1779123325.2968354,0.000060613
experiment_name,f8defd48-5f23-4c05-a9ab-39aaf179ad43,function_execution_time,1779123325.3983078,0.000057792
experiment_name,f8defd48-5f23-4c05-a9ab-39aaf179ad43,function_execution_time,1779123325.4995725,0.000057658
experiment_name,f8defd48-5f23-4c05-a9ab-39aaf179ad43,function_execution_time,1779123325.6009407,0.000066559
experiment_name,f8defd48-5f23-4c05-a9ab-39aaf179ad43,function_execution_time,1779123325.7021787,0.000059885
experiment_name,f8defd48-5f23-4c05-a9ab-39aaf179ad43,function_execution_time,1779123325.803466,0.000083557
experiment_name,f8defd48-5f23-4c05-a9ab-39aaf179ad43,function_execution_time,1779123325.9046936,0.000056775
experiment_name,f8defd48-5f23-4c05-a9ab-39aaf179ad43,function_execution_time,1779123326.0059457,0.00006224
experiment_name,f8defd48-5f23-4c05-a9ab-39aaf179ad43,function_execution_time,1779123326.1072824,0.00005445
experiment_name,f8defd48-5f23-4c05-a9ab-39aaf179ad43,function_execution_time,1779123326.2075996,0.000059046
experiment_name,f8defd48-5f23-4c05-a9ab-39aaf179ad43,function_execution_time,1779123326.3089812,0.000071946
experiment_name,f8defd48-5f23-4c05-a9ab-39aaf179ad43,function_execution_time,1779123326.4102626,0.000067425
experiment_name,f8defd48-5f23-4c05-a9ab-39aaf179ad43,function_execution_time,1779123326.510573,0.000058903
experiment_name,f8defd48-5f23-4c05-a9ab-39aaf179ad43,function_execution_time,1779123326.6118646,0.000056021
experiment_name,f8defd48-5f23-4c05-a9ab-39aaf179ad43,function_execution_time,1779123326.7131774,0.000059546
experiment_name,f8defd48-5f23-4c05-a9ab-39aaf179ad43,function_execution_time,1779123326.814518,0.00008028
experiment_name,f8defd48-5f23-4c05-a9ab-39aaf179ad43,function_execution_time,1779123326.9157512,0.000062118
experiment_name,f8defd48-5f23-4c05-a9ab-39aaf179ad43,function_execution_time,1779123327.0171323,0.000054866
experiment_name,f8defd48-5f23-4c05-a9ab-39aaf179ad43,function_execution_time,1779123327.1184375,0.000057809
experiment_name,f8defd48-5f23-4c05-a9ab-39aaf179ad43,function_execution_time,1779123327.2198117,0.000056881
experiment_name,f8defd48-5f23-4c05-a9ab-39aaf179ad43,function_execution_time,1779123327.3211,0.00006135
experiment_name,f8defd48-5f23-4c05-a9ab-39aaf179ad43,function_execution_time,1779123327.422426,0.00005613
experiment_name,f8defd48-5f23-4c05-a9ab-39aaf179ad43,function_execution_time,1779123327.52377,0.000056048
experiment_name,f8defd48-5f23-4c05-a9ab-39aaf179ad43,function_execution_time,1779123327.6252232,0.000058222
experiment_name,f8defd48-5f23-4c05-a9ab-39aaf179ad43,function_execution_time,1779123327.7255511,0.000055546
experiment_name,f8defd48-5f23-4c05-a9ab-39aaf179ad43,function_execution_time,1779123327.8268669,0.000062483
experiment_name,f8defd48-5f23-4c05-a9ab-39aaf179ad43,function_execution_time,1779123327.9281204,0.000063144
experiment_name,f8defd48-5f23-4c05-a9ab-39aaf179ad43,function_execution_time,1779123328.0294244,0.000054863
experiment_name,f8defd48-5f23-4c05-a9ab-39aaf179ad43,function_execution_time,1779123328.130794,0.00005631
experiment_name,f8defd48-5f23-4c05-a9ab-39aaf179ad43,function_execution_time,1779123328.232147,0.000059622
experiment_name,f8defd48-5f23-4c05-a9ab-39aaf179ad43,function_execution_time,1779123328.3334033,0.000074782
experiment_name,f8defd48-5f23-4c05-a9ab-39aaf179ad43,function_execution_time,1779123328.4347966,0.000066313
experiment_name,f8defd48-5f23-4c05-a9ab-39aaf179ad43,function_execution_time,1779123328.5361042,0.000066546
experiment_name,f8defd48-5f23-4c05-a9ab-39aaf179ad43,function_execution_time,1779123328.6374116,0.00005964
experiment_name,f8defd48-5f23-4c05-a9ab-39aaf179ad43,function_execution_time,1779123328.7387676,0.000059913
experiment_name,f8defd48-5f23-4c05-a9ab-39aaf179ad43,function_execution_time,1779123328.8400736,0.000061188
experiment_name,f8defd48-5f23-4c05-a9ab-39aaf179ad43,function_execution_time,1779123328.9413996,0.000063594
experiment_name,f8defd48-5f23-4c05-a9ab-39aaf179ad43,function_execution_time,1779123329.0426435,0.000056205
experiment_name,f8defd48-5f23-4c05-a9ab-39aaf179ad43,function_execution_time,1779123329.1440086,0.000055388
experiment_name,f8defd48-5f23-4c05-a9ab-39aaf179ad43,function_execution_time,1779123329.2453406,0.000054893
experiment_name,f8defd48-5f23-4c05-a9ab-39aaf179ad43,function_execution_time,1779123329.3466456,0.00005504
experiment_name,f8defd48-5f23-4c05-a9ab-39aaf179ad43,function_execution_time,1779123329.447993,0.000063897
experiment_name,f8defd48-5f23-4c05-a9ab-39aaf179ad43,function_execution_time,1779123329.5492814,0.000056786
experiment_name,6d3b0cb6-f994-41da-bbcf-31e20349765a,function_transfer_time,1779123324.6889505,0.000093522
experiment_name,6d3b0cb6-f994-41da-bbcf-31e20349765a,function_transfer_time,1779123324.7902708,0.000079073
experiment_name,6d3b0cb6-f994-41da-bbcf-31e20349765a,function_transfer_time,1779123324.891548,0.000016066
experiment_name,6d3b0cb6-f994-41da-bbcf-31e20349765a,function_transfer_time,1779123324.992781,0.000007383
experiment_name,6d3b0cb6-f994-41da-bbcf-31e20349765a,function_transfer_time,1779123325.0941768,0.000014544
experiment_name,6d3b0cb6-f994-41da-bbcf-31e20349765a,function_transfer_time,1779123325.195463,0.000022928
experiment_name,6d3b0cb6-f994-41da-bbcf-31e20349765a,function_transfer_time,1779123325.2966833,0.000013291
experiment_name,6d3b0cb6-f994-41da-bbcf-31e20349765a,function_transfer_time,1779123325.3980865,0.000091358
experiment_name,6d3b0cb6-f994-41da-bbcf-31e20349765a,function_transfer_time,1779123325.4993436,0.000022125
experiment_name,6d3b0cb6-f994-41da-bbcf-31e20349765a,function_transfer_time,1779123325.6006942,0.000080785
experiment_name,6d3b0cb6-f994-41da-bbcf-31e20349765a,function_transfer_time,1779123325.701944,0.000022578
experiment_name,6d3b0cb6-f994-41da-bbcf-31e20349765a,function_transfer_time,1779123325.8032293,0.000021806
experiment_name,6d3b0cb6-f994-41da-bbcf-31e20349765a,function_transfer_time,1779123325.9044714,0.000033527
experiment_name,6d3b0cb6-f994-41da-bbcf-31e20349765a,function_transfer_time,1779123326.0057323,0.000017998
experiment_name,6d3b0cb6-f994-41da-bbcf-31e20349765a,function_transfer_time,1779123326.1070485,0.000017699
experiment_name,6d3b0cb6-f994-41da-bbcf-31e20349765a,function_transfer_time,1779123326.2073596,0.000081973
experiment_name,6d3b0cb6-f994-41da-bbcf-31e20349765a,function_transfer_time,1779123326.3087099,0.00008536
experiment_name,6d3b0cb6-f994-41da-bbcf-31e20349765a,function_transfer_time,1779123326.410012,0.000075865
experiment_name,6d3b0cb6-f994-41da-bbcf-31e20349765a,function_transfer_time,1779123326.5103445,0.000078307
experiment_name,6d3b0cb6-f994-41da-bbcf-31e20349765a,function_transfer_time,1779123326.6116612,0.00008332
experiment_name,6d3b0cb6-f994-41da-bbcf-31e20349765a,function_transfer_time,1779123326.7129545,0.000076356
experiment_name,6d3b0cb6-f994-41da-bbcf-31e20349765a,function_transfer_time,1779123326.814282,0.000079114
experiment_name,6d3b0cb6-f994-41da-bbcf-31e20349765a,function_transfer_time,1779123326.9155717,0.000078638
experiment_name,6d3b0cb6-f994-41da-bbcf-31e20349765a,function_transfer_time,1779123327.016915,0.0000817
experiment_name,6d3b0cb6-f994-41da-bbcf-31e20349765a,function_transfer_time,1779123327.1182015,0.000020474
experiment_name,6d3b0cb6-f994-41da-bbcf-31e20349765a,function_transfer_time,1779123327.2195394,0.000081406
experiment_name,6d3b0cb6-f994-41da-bbcf-31e20349765a,function_transfer_time,1779123327.3208861,0.000063685
experiment_name,6d3b0cb6-f994-41da-bbcf-31e20349765a,function_transfer_time,1779123327.422181,0.000080858
experiment_name,6d3b0cb6-f994-41da-bbcf-31e20349765a,function_transfer_time,1779123327.5236013,0.000081844
experiment_name,6d3b0cb6-f994-41da-bbcf-31e20349765a,function_transfer_time,1779123327.624996,0.000075637
experiment_name,6d3b0cb6-f994-41da-bbcf-31e20349765a,function_transfer_time,1779123327.7253282,0.000075573
experiment_name,6d3b0cb6-f994-41da-bbcf-31e20349765a,function_transfer_time,1779123327.8266344,0.000081103
experiment_name,6d3b0cb6-f994-41da-bbcf-31e20349765a,function_transfer_time,1779123327.9278965,0.000022579
experiment_name,6d3b0cb6-f994-41da-bbcf-31e20349765a,function_transfer_time,1779123328.0292153,0.000076549
experiment_name,6d3b0cb6-f994-41da-bbcf-31e20349765a,function_transfer_time,1779123328.1305718,0.00008488
experiment_name,6d3b0cb6-f994-41da-bbcf-31e20349765a,function_transfer_time,1779123328.2319086,0.00008087
experiment_name,6d3b0cb6-f994-41da-bbcf-31e20349765a,function_transfer_time,1779123328.3332136,0.000082369
experiment_name,6d3b0cb6-f994-41da-bbcf-31e20349765a,function_transfer_time,1779123328.4345415,0.000078744
experiment_name,6d3b0cb6-f994-41da-bbcf-31e20349765a,function_transfer_time,1779123328.535854,0.000077947
experiment_name,6d3b0cb6-f994-41da-bbcf-31e20349765a,function_transfer_time,1779123328.6371822,0.000077334
experiment_name,6d3b0cb6-f994-41da-bbcf-31e20349765a,function_transfer_time,1779123328.7385285,0.000095221
experiment_name,6d3b0cb6-f994-41da-bbcf-31e20349765a,function_transfer_time,1779123328.8398347,0.000078349
experiment_name,6d3b0cb6-f994-41da-bbcf-31e20349765a,function_transfer_time,1779123328.941171,0.000083814
experiment_name,6d3b0cb6-f994-41da-bbcf-31e20349765a,function_transfer_time,1779123329.0424204,0.000024757
experiment_name,6d3b0cb6-f994-41da-bbcf-31e20349765a,function_transfer_time,1779123329.1437814,0.000073883
experiment_name,6d3b0cb6-f994-41da-bbcf-31e20349765a,function_transfer_time,1779123329.2451072,0.000075482
experiment_name,6d3b0cb6-f994-41da-bbcf-31e20349765a,function_transfer_time,1779123329.3464143,0.000074157
experiment_name,6d3b0cb6-f994-41da-bbcf-31e20349765a,function_transfer_time,1779123329.4477515,0.000082653
experiment_name,6d3b0cb6-f994-41da-bbcf-31e20349765a,function_transfer_time,1779123329.5490568,0.000076139
experiment_name,f8defd48-5f23-4c05-a9ab-39aaf179ad43,function_transfer_time,1779123324.6891177,0.000087735
experiment_name,f8defd48-5f23-4c05-a9ab-39aaf179ad43,function_transfer_time,1779123324.7904427,0.000053007
experiment_name,f8defd48-5f23-4c05-a9ab-39aaf179ad43,function_transfer_time,1779123324.8916779,0.000072408
experiment_name,f8defd48-5f23-4c05-a9ab-39aaf179ad43,function_transfer_time,1779123324.9929287,0.000026285
experiment_name,f8defd48-5f23-4c05-a9ab-39aaf179ad43,function_transfer_time,1779123325.0942945,0.000025556
experiment_name,f8defd48-5f23-4c05-a9ab-39aaf179ad43,function_transfer_time,1779123325.1955328,0.000028064
experiment_name,f8defd48-5f23-4c05-a9ab-39aaf179ad43,function_transfer_time,1779123325.2967632,0.000026364
experiment_name,f8defd48-5f23-4c05-a9ab-39aaf179ad43,function_transfer_time,1779123325.3982363,0.000084596
experiment_name,f8defd48-5f23-4c05-a9ab-39aaf179ad43,function_transfer_time,1779123325.4995081,0.000108917
experiment_name,f8defd48-5f23-4c05-a9ab-39aaf179ad43,function_transfer_time,1779123325.6008697,0.000114106
experiment_name,f8defd48-5f23-4c05-a9ab-39aaf179ad43,function_transfer_time,1779123325.702115,0.000108654
experiment_name,f8defd48-5f23-4c05-a9ab-39aaf179ad43,function_transfer_time,1779123325.8033829,0.000088614
experiment_name,f8defd48-5f23-4c05-a9ab-39aaf179ad43,function_transfer_time,1779123325.9046316,0.000101429
experiment_name,f8defd48-5f23-4c05-a9ab-39aaf179ad43,function_transfer_time,1779123326.005873,0.000032179
experiment_name,f8defd48-5f23-4c05-a9ab-39aaf179ad43,function_transfer_time,1779123326.1072776,0.000099263
experiment_name,f8defd48-5f23-4c05-a9ab-39aaf179ad43,function_transfer_time,1779123326.207536,0.000116652
experiment_name,f8defd48-5f23-4c05-a9ab-39aaf179ad43,function_transfer_time,1779123326.3089042,0.000129927
experiment_name,f8defd48-5f23-4c05-a9ab-39aaf179ad43,function_transfer_time,1779123326.4101918,0.000110553
experiment_name,f8defd48-5f23-4c05-a9ab-39aaf179ad43,function_transfer_time,1779123326.5105093,0.000105276
experiment_name,f8defd48-5f23-4c05-a9ab-39aaf179ad43,function_transfer_time,1779123326.6117938,0.000084888
experiment_name,f8defd48-5f23-4c05-a9ab-39aaf179ad43,function_transfer_time,1779123326.7131078,0.000096607
experiment_name,f8defd48-5f23-4c05-a9ab-39aaf179ad43,function_transfer_time,1779123326.8144455,0.000088756
experiment_name,f8defd48-5f23-4c05-a9ab-39aaf179ad43,function_transfer_time,1779123326.915685,0.000058196
experiment_name,f8defd48-5f23-4c05-a9ab-39aaf179ad43,function_transfer_time,1779123327.017071,0.00003666
experiment_name,f8defd48-5f23-4c05-a9ab-39aaf179ad43,function_transfer_time,1779123327.1183646,0.000104414
experiment_name,f8defd48-5f23-4c05-a9ab-39aaf179ad43,function_transfer_time,1779123327.2197483,0.000144128
experiment_name,f8defd48-5f23-4c05-a9ab-39aaf179ad43,function_transfer_time,1779123327.3210323,0.000089287
experiment_name,f8defd48-5f23-4c05-a9ab-39aaf179ad43,function_transfer_time,1779123327.4223657,0.000122712
experiment_name,f8defd48-5f23-4c05-a9ab-39aaf179ad43,function_transfer_time,1779123327.5237005,0.000105649
experiment_name,f8defd48-5f23-4c05-a9ab-39aaf179ad43,function_transfer_time,1779123327.6251614,0.000104207
experiment_name,f8defd48-5f23-4c05-a9ab-39aaf179ad43,function_transfer_time,1779123327.725492,0.000105438
experiment_name,f8defd48-5f23-4c05-a9ab-39aaf179ad43,function_transfer_time,1779123327.8268015,0.000108171
experiment_name,f8defd48-5f23-4c05-a9ab-39aaf179ad43,function_transfer_time,1779123327.92805,0.000089698
experiment_name,f8defd48-5f23-4c05-a9ab-39aaf179ad43,function_transfer_time,1779123328.029366,0.000029419
experiment_name,f8defd48-5f23-4c05-a9ab-39aaf179ad43,function_transfer_time,1779123328.130735,0.00010562
experiment_name,f8defd48-5f23-4c05-a9ab-39aaf179ad43,function_transfer_time,1779123328.2320826,0.000115331
experiment_name,f8defd48-5f23-4c05-a9ab-39aaf179ad43,function_transfer_time,1779123328.3333607,0.00005232
experiment_name,f8defd48-5f23-4c05-a9ab-39aaf179ad43,function_transfer_time,1779123328.43472,0.000111994
experiment_name,f8defd48-5f23-4c05-a9ab-39aaf179ad43,function_transfer_time,1779123328.536033,0.000120957
experiment_name,f8defd48-5f23-4c05-a9ab-39aaf179ad43,function_transfer_time,1779123328.637346,0.000102728
experiment_name,f8defd48-5f23-4c05-a9ab-39aaf179ad43,function_transfer_time,1779123328.738703,0.000115583
experiment_name,f8defd48-5f23-4c05-a9ab-39aaf179ad43,function_transfer_time,1779123328.840008,0.000115922
experiment_name,f8defd48-5f23-4c05-a9ab-39aaf179ad43,function_transfer_time,1779123328.9413278,0.000105431
experiment_name,f8defd48-5f23-4c05-a9ab-39aaf179ad43,function_transfer_time,1779123329.0425794,0.000036319
experiment_name,f8defd48-5f23-4c05-a9ab-39aaf179ad43,function_transfer_time,1779123329.1439326,0.000099667
experiment_name,f8defd48-5f23-4c05-a9ab-39aaf179ad43,function_transfer_time,1779123329.2452803,0.000114607
experiment_name,f8defd48-5f23-4c05-a9ab-39aaf179ad43,function_transfer_time,1779123329.346583,0.000099782
experiment_name,f8defd48-5f23-4c05-a9ab-39aaf179ad43,function_transfer_time,1779123329.4479241,0.000111416
experiment_name,f8defd48-5f23-4c05-a9ab-39aaf179ad43,function_transfer_time,1779123329.549221,0.000103248
experiment_name,6d3b0cb6-f994-41da-bbcf-31e20349765a,function_execution_time,1779123329.6503713,0.000068634
experiment_name,6d3b0cb6-f994-41da-bbcf-31e20349765a,function_execution_time,1779123329.7517517,0.000120338
experiment_name,6d3b0cb6-f994-41da-bbcf-31e20349765a,function_execution_time,1779123329.853227,0.000090416
experiment_name,6d3b0cb6-f994-41da-bbcf-31e20349765a,function_execution_time,1779123329.954539,0.00009503
experiment_name,6d3b0cb6-f994-41da-bbcf-31e20349765a,function_execution_time,1779123330.0558786,0.000160915
experiment_name,6d3b0cb6-f994-41da-bbcf-31e20349765a,function_execution_time,1779123330.1571634,0.000080295
experiment_name,6d3b0cb6-f994-41da-bbcf-31e20349765a,function_execution_time,1779123330.2585626,0.000090152
experiment_name,6d3b0cb6-f994-41da-bbcf-31e20349765a,function_execution_time,1779123330.3597913,0.000070741
experiment_name,6d3b0cb6-f994-41da-bbcf-31e20349765a,function_execution_time,1779123330.4611351,0.000080343
experiment_name,6d3b0cb6-f994-41da-bbcf-31e20349765a,function_execution_time,1779123330.5614488,0.000082467
experiment_name,6d3b0cb6-f994-41da-bbcf-31e20349765a,function_execution_time,1779123330.6628373,0.000077236
experiment_name,6d3b0cb6-f994-41da-bbcf-31e20349765a,function_execution_time,1779123330.7640896,0.000085894
experiment_name,6d3b0cb6-f994-41da-bbcf-31e20349765a,function_execution_time,1779123330.8643906,0.00006746
experiment_name,6d3b0cb6-f994-41da-bbcf-31e20349765a,function_execution_time,1779123330.9657102,0.000072006
experiment_name,6d3b0cb6-f994-41da-bbcf-31e20349765a,function_execution_time,1779123331.0672686,0.000137864
experiment_name,6d3b0cb6-f994-41da-bbcf-31e20349765a,function_execution_time,1779123331.1685662,0.000079613
experiment_name,6d3b0cb6-f994-41da-bbcf-31e20349765a,function_execution_time,1779123331.26991,0.000073912
experiment_name,6d3b0cb6-f994-41da-bbcf-31e20349765a,function_execution_time,1779123331.3711762,0.000068602
experiment_name,6d3b0cb6-f994-41da-bbcf-31e20349765a,function_execution_time,1779123331.4725575,0.000093016
experiment_name,6d3b0cb6-f994-41da-bbcf-31e20349765a,function_execution_time,1779123331.5738108,0.000068959
experiment_name,6d3b0cb6-f994-41da-bbcf-31e20349765a,function_execution_time,1779123331.675147,0.00006826
experiment_name,6d3b0cb6-f994-41da-bbcf-31e20349765a,function_execution_time,1779123331.776552,0.000087328
experiment_name,6d3b0cb6-f994-41da-bbcf-31e20349765a,function_execution_time,1779123331.8778217,0.000076887
experiment_name,6d3b0cb6-f994-41da-bbcf-31e20349765a,function_execution_time,1779123331.9791503,0.000069436
experiment_name,6d3b0cb6-f994-41da-bbcf-31e20349765a,function_execution_time,1779123332.0804965,0.000156417
experiment_name,6d3b0cb6-f994-41da-bbcf-31e20349765a,function_execution_time,1779123332.1818554,0.000085586
experiment_name,6d3b0cb6-f994-41da-bbcf-31e20349765a,function_execution_time,1779123332.283107,0.000069655
experiment_name,6d3b0cb6-f994-41da-bbcf-31e20349765a,function_execution_time,1779123332.3834422,0.000068882
experiment_name,6d3b0cb6-f994-41da-bbcf-31e20349765a,function_execution_time,1779123332.4847546,0.000070326
experiment_name,6d3b0cb6-f994-41da-bbcf-31e20349765a,function_execution_time,1779123332.5860932,0.000078353
experiment_name,6d3b0cb6-f994-41da-bbcf-31e20349765a,function_execution_time,1779123332.6863976,0.000068985
experiment_name,6d3b0cb6-f994-41da-bbcf-31e20349765a,function_execution_time,1779123332.7876687,0.000065989
experiment_name,6d3b0cb6-f994-41da-bbcf-31e20349765a,function_execution_time,1779123332.8889208,0.000074281
experiment_name,6d3b0cb6-f994-41da-bbcf-31e20349765a,function_execution_time,1779123332.990181,0.000069923
experiment_name,6d3b0cb6-f994-41da-bbcf-31e20349765a,function_execution_time,1779123333.0915911,0.000140194
experiment_name,6d3b0cb6-f994-41da-bbcf-31e20349765a,function_execution_time,1779123333.1928809,0.000068466
experiment_name,6d3b0cb6-f994-41da-bbcf-31e20349765a,function_execution_time,1779123333.29421,0.000080123
experiment_name,6d3b0cb6-f994-41da-bbcf-31e20349765a,function_execution_time,1779123333.395532,0.000071703
experiment_name,6d3b0cb6-f994-41da-bbcf-31e20349765a,function_execution_time,1779123333.4968567,0.000069546
experiment_name,6d3b0cb6-f994-41da-bbcf-31e20349765a,function_execution_time,1779123333.598198,0.000076395
experiment_name,6d3b0cb6-f994-41da-bbcf-31e20349765a,function_execution_time,1779123333.6995182,0.000072688
experiment_name,6d3b0cb6-f994-41da-bbcf-31e20349765a,function_execution_time,1779123333.8008077,0.0000832
experiment_name,6d3b0cb6-f994-41da-bbcf-31e20349765a,function_execution_time,1779123333.9020836,0.000076086
experiment_name,6d3b0cb6-f994-41da-bbcf-31e20349765a,function_execution_time,1779123334.0024009,0.0000689
experiment_name,6d3b0cb6-f994-41da-bbcf-31e20349765a,function_execution_time,1779123334.103784,0.000143113
experiment_name,6d3b0cb6-f994-41da-bbcf-31e20349765a,function_execution_time,1779123334.205064,0.000069
experiment_name,6d3b0cb6-f994-41da-bbcf-31e20349765a,function_execution_time,1779123334.3054671,0.000080994
experiment_name,6d3b0cb6-f994-41da-bbcf-31e20349765a,function_execution_time,1779123334.40671,0.000068305
experiment_name,6d3b0cb6-f994-41da-bbcf-31e20349765a,function_execution_time,1779123334.5080433,0.000068234
experiment_name,6d3b0cb6-f994-41da-bbcf-31e20349765a,function_execution_time,1779123334.6093566,0.000078688
experiment_name,f8defd48-5f23-4c05-a9ab-39aaf179ad43,function_execution_time,1779123329.6505022,0.000058401
experiment_name,f8defd48-5f23-4c05-a9ab-39aaf179ad43,function_execution_time,1779123329.7518604,0.000056429
experiment_name,f8defd48-5f23-4c05-a9ab-39aaf179ad43,function_execution_time,1779123329.853302,0.000067506
experiment_name,f8defd48-5f23-4c05-a9ab-39aaf179ad43,function_execution_time,1779123329.954618,0.000060374
experiment_name,f8defd48-5f23-4c05-a9ab-39aaf179ad43,function_execution_time,1779123330.0559323,0.000056245
experiment_name,f8defd48-5f23-4c05-a9ab-39aaf179ad43,function_execution_time,1779123330.157321,0.000056158
experiment_name,f8defd48-5f23-4c05-a9ab-39aaf179ad43,function_execution_time,1779123330.2586296,0.000060558
experiment_name,f8defd48-5f23-4c05-a9ab-39aaf179ad43,function_execution_time,1779123330.3599534,0.000068329
experiment_name,f8defd48-5f23-4c05-a9ab-39aaf179ad43,function_execution_time,1779123330.461301,0.000065042
experiment_name,f8defd48-5f23-4c05-a9ab-39aaf179ad43,function_execution_time,1779123330.5615973,0.000056865
experiment_name,f8defd48-5f23-4c05-a9ab-39aaf179ad43,function_execution_time,1779123330.6629326,0.000059522
experiment_name,f8defd48-5f23-4c05-a9ab-39aaf179ad43,function_execution_time,1779123330.7642202,0.000065186
experiment_name,f8defd48-5f23-4c05-a9ab-39aaf179ad43,function_execution_time,1779123330.8645527,0.000060926
experiment_name,f8defd48-5f23-4c05-a9ab-39aaf179ad43,function_execution_time,1779123330.9658856,0.00005534
experiment_name,f8defd48-5f23-4c05-a9ab-39aaf179ad43,function_execution_time,1779123331.0673456,0.000062094
experiment_name,f8defd48-5f23-4c05-a9ab-39aaf179ad43,function_execution_time,1779123331.1687138,0.000062748
experiment_name,f8defd48-5f23-4c05-a9ab-39aaf179ad43,function_execution_time,1779123331.2699785,0.00005486
experiment_name,f8defd48-5f23-4c05-a9ab-39aaf179ad43,function_execution_time,1779123331.371335,0.000061836
experiment_name,f8defd48-5f23-4c05-a9ab-39aaf179ad43,function_execution_time,1779123331.472633,0.000055722
experiment_name,f8defd48-5f23-4c05-a9ab-39aaf179ad43,function_execution_time,1779123331.5739758,0.000059135
experiment_name,f8defd48-5f23-4c05-a9ab-39aaf179ad43,function_execution_time,1779123331.6753006,0.00006215
experiment_name,f8defd48-5f23-4c05-a9ab-39aaf179ad43,function_execution_time,1779123331.776632,0.000055609
experiment_name,f8defd48-5f23-4c05-a9ab-39aaf179ad43,function_execution_time,1779123331.8779688,0.000055134
experiment_name,f8defd48-5f23-4c05-a9ab-39aaf179ad43,function_execution_time,1779123331.9792967,0.000055937
experiment_name,f8defd48-5f23-4c05-a9ab-39aaf179ad43,function_execution_time,1779123332.0805924,0.000061822
experiment_name,f8defd48-5f23-4c05-a9ab-39aaf179ad43,function_execution_time,1779123332.1819415,0.000059377
experiment_name,f8defd48-5f23-4c05-a9ab-39aaf179ad43,function_execution_time,1779123332.283282,0.00005985
experiment_name,f8defd48-5f23-4c05-a9ab-39aaf179ad43,function_execution_time,1779123332.3836024,0.000060838
experiment_name,f8defd48-5f23-4c05-a9ab-39aaf179ad43,function_execution_time,1779123332.484917,0.000068901
experiment_name,f8defd48-5f23-4c05-a9ab-39aaf179ad43,function_execution_time,1779123332.5862477,0.000066103
experiment_name,f8defd48-5f23-4c05-a9ab-39aaf179ad43,function_execution_time,1779123332.6865413,0.000056865
experiment_name,f8defd48-5f23-4c05-a9ab-39aaf179ad43,function_execution_time,1779123332.787831,0.000061704
experiment_name,f8defd48-5f23-4c05-a9ab-39aaf179ad43,function_execution_time,1779123332.8890216,0.000065906
experiment_name,f8defd48-5f23-4c05-a9ab-39aaf179ad43,function_execution_time,1779123332.9903445,0.000066799
experiment_name,f8defd48-5f23-4c05-a9ab-39aaf179ad43,function_execution_time,1779123333.0916572,0.000054936
experiment_name,f8defd48-5f23-4c05-a9ab-39aaf179ad43,function_execution_time,1779123333.1930277,0.000056384
experiment_name,f8defd48-5f23-4c05-a9ab-39aaf179ad43,function_execution_time,1779123333.2943633,0.000055927
experiment_name,f8defd48-5f23-4c05-a9ab-39aaf179ad43,function_execution_time,1779123333.3956954,0.000057018
experiment_name,f8defd48-5f23-4c05-a9ab-39aaf179ad43,function_execution_time,1779123333.4970155,0.000066854
experiment_name,f8defd48-5f23-4c05-a9ab-39aaf179ad43,function_execution_time,1779123333.5983496,0.000055353
experiment_name,f8defd48-5f23-4c05-a9ab-39aaf179ad43,function_execution_time,1779123333.69966,0.000059736
experiment_name,f8defd48-5f23-4c05-a9ab-39aaf179ad43,function_execution_time,1779123333.8009424,0.000056145
experiment_name,f8defd48-5f23-4c05-a9ab-39aaf179ad43,function_execution_time,1779123333.9022365,0.000063347
experiment_name,f8defd48-5f23-4c05-a9ab-39aaf179ad43,function_execution_time,1779123334.002557,0.000059742
experiment_name,f8defd48-5f23-4c05-a9ab-39aaf179ad43,function_execution_time,1779123334.1038544,0.000058604
experiment_name,f8defd48-5f23-4c05-a9ab-39aaf179ad43,function_execution_time,1779123334.205223,0.000063634
experiment_name,f8defd48-5f23-4c05-a9ab-39aaf179ad43,function_execution_time,1779123334.3055687,0.000065836
experiment_name,f8defd48-5f23-4c05-a9ab-39aaf179ad43,function_execution_time,1779123334.4068003,0.000067096
experiment_name,f8defd48-5f23-4c05-a9ab-39aaf179ad43,function_execution_time,1779123334.508219,0.00006903
experiment_name,f8defd48-5f23-4c05-a9ab-39aaf179ad43,function_execution_time,1779123334.6095264,0.000058954
experiment_name,6d3b0cb6-f994-41da-bbcf-31e20349765a,function_transfer_time,1779123329.650266,0.00001815
experiment_name,6d3b0cb6-f994-41da-bbcf-31e20349765a,function_transfer_time,1779123329.7516298,0.000092986
experiment_name,6d3b0cb6-f994-41da-bbcf-31e20349765a,function_transfer_time,1779123329.8530717,0.000032459
experiment_name,6d3b0cb6-f994-41da-bbcf-31e20349765a,function_transfer_time,1779123329.954391,0.000081548
experiment_name,6d3b0cb6-f994-41da-bbcf-31e20349765a,function_transfer_time,1779123330.0556972,0.0000813
experiment_name,6d3b0cb6-f994-41da-bbcf-31e20349765a,function_transfer_time,1779123330.1570842,0.000075977
experiment_name,6d3b0cb6-f994-41da-bbcf-31e20349765a,function_transfer_time,1779123330.2584004,0.000082703
experiment_name,6d3b0cb6-f994-41da-bbcf-31e20349765a,function_transfer_time,1779123330.3597162,0.000074439
experiment_name,6d3b0cb6-f994-41da-bbcf-31e20349765a,function_transfer_time,1779123330.4610524,0.000076197
experiment_name,6d3b0cb6-f994-41da-bbcf-31e20349765a,function_transfer_time,1779123330.5613663,0.000081227
experiment_name,6d3b0cb6-f994-41da-bbcf-31e20349765a,function_transfer_time,1779123330.6627119,0.000078445
experiment_name,6d3b0cb6-f994-41da-bbcf-31e20349765a,function_transfer_time,1779123330.7639987,0.000081672
experiment_name,6d3b0cb6-f994-41da-bbcf-31e20349765a,function_transfer_time,1779123330.8643107,0.000078171
experiment_name,6d3b0cb6-f994-41da-bbcf-31e20349765a,function_transfer_time,1779123330.965627,0.000079648
experiment_name,6d3b0cb6-f994-41da-bbcf-31e20349765a,function_transfer_time,1779123331.067125,0.00008266
experiment_name,6d3b0cb6-f994-41da-bbcf-31e20349765a,function_transfer_time,1779123331.1684833,0.00007439
experiment_name,6d3b0cb6-f994-41da-bbcf-31e20349765a,function_transfer_time,1779123331.269778,0.000074114
experiment_name,6d3b0cb6-f994-41da-bbcf-31e20349765a,function_transfer_time,1779123331.371095,0.000075
experiment_name,6d3b0cb6-f994-41da-bbcf-31e20349765a,function_transfer_time,1779123331.4724114,0.000084535
experiment_name,6d3b0cb6-f994-41da-bbcf-31e20349765a,function_transfer_time,1779123331.5737343,0.000082161
experiment_name,6d3b0cb6-f994-41da-bbcf-31e20349765a,function_transfer_time,1779123331.675072,0.000074757
experiment_name,6d3b0cb6-f994-41da-bbcf-31e20349765a,function_transfer_time,1779123331.7763991,0.000082898
experiment_name,6d3b0cb6-f994-41da-bbcf-31e20349765a,function_transfer_time,1779123331.8777452,0.000078301
experiment_name,6d3b0cb6-f994-41da-bbcf-31e20349765a,function_transfer_time,1779123331.979063,0.000089738
experiment_name,6d3b0cb6-f994-41da-bbcf-31e20349765a,function_transfer_time,1779123332.0803344,0.00001833
experiment_name,6d3b0cb6-f994-41da-bbcf-31e20349765a,function_transfer_time,1779123332.181703,0.000077439
experiment_name,6d3b0cb6-f994-41da-bbcf-31e20349765a,function_transfer_time,1779123332.2830184,0.00007723
experiment_name,6d3b0cb6-f994-41da-bbcf-31e20349765a,function_transfer_time,1779123332.3833628,0.000079437
experiment_name,6d3b0cb6-f994-41da-bbcf-31e20349765a,function_transfer_time,1779123332.4846768,0.000077216
experiment_name,6d3b0cb6-f994-41da-bbcf-31e20349765a,function_transfer_time,1779123332.5860136,0.000076925
experiment_name,6d3b0cb6-f994-41da-bbcf-31e20349765a,function_transfer_time,1779123332.6863153,0.000076506
experiment_name,6d3b0cb6-f994-41da-bbcf-31e20349765a,function_transfer_time,1779123332.787587,0.000023153
experiment_name,6d3b0cb6-f994-41da-bbcf-31e20349765a,function_transfer_time,1779123332.8888428,0.000022203
experiment_name,6d3b0cb6-f994-41da-bbcf-31e20349765a,function_transfer_time,1779123332.9901054,0.00002193
experiment_name,6d3b0cb6-f994-41da-bbcf-31e20349765a,function_transfer_time,1779123333.0914986,0.000079736
experiment_name,6d3b0cb6-f994-41da-bbcf-31e20349765a,function_transfer_time,1779123333.192794,0.000078072
experiment_name,6d3b0cb6-f994-41da-bbcf-31e20349765a,function_transfer_time,1779123333.2941296,0.000075726
experiment_name,6d3b0cb6-f994-41da-bbcf-31e20349765a,function_transfer_time,1779123333.3954563,0.000092763
experiment_name,6d3b0cb6-f994-41da-bbcf-31e20349765a,function_transfer_time,1779123333.496782,0.000081503
experiment_name,6d3b0cb6-f994-41da-bbcf-31e20349765a,function_transfer_time,1779123333.5981178,0.000076736
experiment_name,6d3b0cb6-f994-41da-bbcf-31e20349765a,function_transfer_time,1779123333.6994355,0.000082358
experiment_name,6d3b0cb6-f994-41da-bbcf-31e20349765a,function_transfer_time,1779123333.8007207,0.000020729
experiment_name,6d3b0cb6-f994-41da-bbcf-31e20349765a,function_transfer_time,1779123333.9020038,0.000077733
experiment_name,6d3b0cb6-f994-41da-bbcf-31e20349765a,function_transfer_time,1779123334.0023265,0.000077134
experiment_name,6d3b0cb6-f994-41da-bbcf-31e20349765a,function_transfer_time,1779123334.1036313,0.000078516
experiment_name,6d3b0cb6-f994-41da-bbcf-31e20349765a,function_transfer_time,1779123334.2049897,0.000078409
experiment_name,6d3b0cb6-f994-41da-bbcf-31e20349765a,function_transfer_time,1779123334.305322,0.00008346
experiment_name,6d3b0cb6-f994-41da-bbcf-31e20349765a,function_transfer_time,1779123334.4066288,0.000077843
experiment_name,6d3b0cb6-f994-41da-bbcf-31e20349765a,function_transfer_time,1779123334.507965,0.000082494
experiment_name,6d3b0cb6-f994-41da-bbcf-31e20349765a,function_transfer_time,1779123334.6092799,0.00008254
experiment_name,f8defd48-5f23-4c05-a9ab-39aaf179ad43,function_transfer_time,1779123329.6503906,0.000073356
experiment_name,f8defd48-5f23-4c05-a9ab-39aaf179ad43,function_transfer_time,1779123329.7518003,0.000087917
experiment_name,f8defd48-5f23-4c05-a9ab-39aaf179ad43,function_transfer_time,1779123329.8532305,0.0000916
experiment_name,f8defd48-5f23-4c05-a9ab-39aaf179ad43,function_transfer_time,1779123329.9545424,0.000087604
experiment_name,f8defd48-5f23-4c05-a9ab-39aaf179ad43,function_transfer_time,1779123330.0558724,0.00003859
experiment_name,f8defd48-5f23-4c05-a9ab-39aaf179ad43,function_transfer_time,1779123330.1572607,0.000108004
experiment_name,f8defd48-5f23-4c05-a9ab-39aaf179ad43,function_transfer_time,1779123330.2585654,0.000090503
experiment_name,f8defd48-5f23-4c05-a9ab-39aaf179ad43,function_transfer_time,1779123330.3598778,0.000103601
experiment_name,f8defd48-5f23-4c05-a9ab-39aaf179ad43,function_transfer_time,1779123330.4612308,0.000109942
experiment_name,f8defd48-5f23-4c05-a9ab-39aaf179ad43,function_transfer_time,1779123330.561533,0.000113782
experiment_name,f8defd48-5f23-4c05-a9ab-39aaf179ad43,function_transfer_time,1779123330.6628659,0.000096576
experiment_name,f8defd48-5f23-4c05-a9ab-39aaf179ad43,function_transfer_time,1779123330.7641475,0.00009214
experiment_name,f8defd48-5f23-4c05-a9ab-39aaf179ad43,function_transfer_time,1779123330.864486,0.000116054
experiment_name,f8defd48-5f23-4c05-a9ab-39aaf179ad43,function_transfer_time,1779123330.965821,0.000128919
experiment_name,f8defd48-5f23-4c05-a9ab-39aaf179ad43,function_transfer_time,1779123331.0672715,0.000039872
experiment_name,f8defd48-5f23-4c05-a9ab-39aaf179ad43,function_transfer_time,1779123331.1686432,0.000098001
experiment_name,f8defd48-5f23-4c05-a9ab-39aaf179ad43,function_transfer_time,1779123331.2699149,0.00008509
experiment_name,f8defd48-5f23-4c05-a9ab-39aaf179ad43,function_transfer_time,1779123331.3712676,0.000114097
experiment_name,f8defd48-5f23-4c05-a9ab-39aaf179ad43,function_transfer_time,1779123331.472561,0.000092193
experiment_name,f8defd48-5f23-4c05-a9ab-39aaf179ad43,function_transfer_time,1779123331.5739117,0.000118183
experiment_name,f8defd48-5f23-4c05-a9ab-39aaf179ad43,function_transfer_time,1779123331.675234,0.000105053
experiment_name,f8defd48-5f23-4c05-a9ab-39aaf179ad43,function_transfer_time,1779123331.776567,0.000100028
experiment_name,f8defd48-5f23-4c05-a9ab-39aaf179ad43,function_transfer_time,1779123331.8779092,0.000098865
experiment_name,f8defd48-5f23-4c05-a9ab-39aaf179ad43,function_transfer_time,1779123331.9792361,0.00011244
experiment_name,f8defd48-5f23-4c05-a9ab-39aaf179ad43,function_transfer_time,1779123332.0804996,0.000038742
experiment_name,f8defd48-5f23-4c05-a9ab-39aaf179ad43,function_transfer_time,1779123332.181876,0.000114926
experiment_name,f8defd48-5f23-4c05-a9ab-39aaf179ad43,function_transfer_time,1779123332.2832174,0.000125749
experiment_name,f8defd48-5f23-4c05-a9ab-39aaf179ad43,function_transfer_time,1779123332.383537,0.000116147
experiment_name,f8defd48-5f23-4c05-a9ab-39aaf179ad43,function_transfer_time,1779123332.484843,0.000106313
experiment_name,f8defd48-5f23-4c05-a9ab-39aaf179ad43,function_transfer_time,1779123332.5861773,0.0000982
experiment_name,f8defd48-5f23-4c05-a9ab-39aaf179ad43,function_transfer_time,1779123332.6864777,0.000102993
experiment_name,f8defd48-5f23-4c05-a9ab-39aaf179ad43,function_transfer_time,1779123332.7877645,0.000119089
experiment_name,f8defd48-5f23-4c05-a9ab-39aaf179ad43,function_transfer_time,1779123332.8889933,0.000054864
experiment_name,f8defd48-5f23-4c05-a9ab-39aaf179ad43,function_transfer_time,1779123332.9902737,0.000109864
experiment_name,f8defd48-5f23-4c05-a9ab-39aaf179ad43,function_transfer_time,1779123333.091594,0.000033464
experiment_name,f8defd48-5f23-4c05-a9ab-39aaf179ad43,function_transfer_time,1779123333.1929662,0.000112709
experiment_name,f8defd48-5f23-4c05-a9ab-39aaf179ad43,function_transfer_time,1779123333.2943032,0.000105592
experiment_name,f8defd48-5f23-4c05-a9ab-39aaf179ad43,function_transfer_time,1779123333.395618,0.000103073
experiment_name,f8defd48-5f23-4c05-a9ab-39aaf179ad43,function_transfer_time,1779123333.4969432,0.000103931
experiment_name,f8defd48-5f23-4c05-a9ab-39aaf179ad43,function_transfer_time,1779123333.5982893,0.0001067
experiment_name,f8defd48-5f23-4c05-a9ab-39aaf179ad43,function_transfer_time,1779123333.6995964,0.00009467
experiment_name,f8defd48-5f23-4c05-a9ab-39aaf179ad43,function_transfer_time,1779123333.8008788,0.000096232
experiment_name,f8defd48-5f23-4c05-a9ab-39aaf179ad43,function_transfer_time,1779123333.9021688,0.000107232
experiment_name,f8defd48-5f23-4c05-a9ab-39aaf179ad43,function_transfer_time,1779123334.002493,0.000107986
experiment_name,f8defd48-5f23-4c05-a9ab-39aaf179ad43,function_transfer_time,1779123334.103787,0.000035468
experiment_name,f8defd48-5f23-4c05-a9ab-39aaf179ad43,function_transfer_time,1779123334.2051542,0.000106228
experiment_name,f8defd48-5f23-4c05-a9ab-39aaf179ad43,function_transfer_time,1779123334.305495,0.000108802
experiment_name,f8defd48-5f23-4c05-a9ab-39aaf179ad43,function_transfer_time,1779123334.4067965,0.000052547
experiment_name,f8defd48-5f23-4c05-a9ab-39aaf179ad43,function_transfer_time,1779123334.508144,0.000118476
experiment_name,f8defd48-5f23-4c05-a9ab-39aaf179ad43,function_transfer_time,1779123334.6094635,0.000124962
experiment_name,6d3b0cb6-f994-41da-bbcf-31e20349765a,function_execution_time,1779123334.7111084,0.000078235
experiment_name,6d3b0cb6-f994-41da-bbcf-31e20349765a,function_execution_time,1779123334.8113813,0.000073394
experiment_name,6d3b0cb6-f994-41da-bbcf-31e20349765a,function_execution_time,1779123334.9127004,0.000076811
experiment_name,6d3b0cb6-f994-41da-bbcf-31e20349765a,function_execution_time,1779123335.014101,0.000081456
experiment_name,6d3b0cb6-f994-41da-bbcf-31e20349765a,function_execution_time,1779123335.1154053,0.00015423
experiment_name,6d3b0cb6-f994-41da-bbcf-31e20349765a,function_execution_time,1779123335.216713,0.000072221
experiment_name,6d3b0cb6-f994-41da-bbcf-31e20349765a,function_execution_time,1779123335.318034,0.000103017
experiment_name,6d3b0cb6-f994-41da-bbcf-31e20349765a,function_execution_time,1779123335.4193394,0.000082916
experiment_name,6d3b0cb6-f994-41da-bbcf-31e20349765a,function_execution_time,1779123335.5206285,0.000086791
experiment_name,6d3b0cb6-f994-41da-bbcf-31e20349765a,function_execution_time,1779123335.6219425,0.000074307
experiment_name,6d3b0cb6-f994-41da-bbcf-31e20349765a,function_execution_time,1779123335.7232134,0.000070576
experiment_name,6d3b0cb6-f994-41da-bbcf-31e20349765a,function_execution_time,1779123335.8245425,0.000082085
experiment_name,6d3b0cb6-f994-41da-bbcf-31e20349765a,function_execution_time,1779123335.9258761,0.000070157
experiment_name,6d3b0cb6-f994-41da-bbcf-31e20349765a,function_execution_time,1779123336.027217,0.00007399
experiment_name,6d3b0cb6-f994-41da-bbcf-31e20349765a,function_execution_time,1779123336.1286092,0.000142229
experiment_name,6d3b0cb6-f994-41da-bbcf-31e20349765a,function_execution_time,1779123336.2299273,0.000084466
experiment_name,6d3b0cb6-f994-41da-bbcf-31e20349765a,function_execution_time,1779123336.3311868,0.000070049
experiment_name,6d3b0cb6-f994-41da-bbcf-31e20349765a,function_execution_time,1779123336.4325209,0.000071785
experiment_name,6d3b0cb6-f994-41da-bbcf-31e20349765a,function_execution_time,1779123336.5339096,0.000082652
experiment_name,6d3b0cb6-f994-41da-bbcf-31e20349765a,function_execution_time,1779123336.6352077,0.000076353
experiment_name,6d3b0cb6-f994-41da-bbcf-31e20349765a,function_execution_time,1779123336.7355404,0.000099901
experiment_name,6d3b0cb6-f994-41da-bbcf-31e20349765a,function_execution_time,1779123336.8368003,0.000088747
experiment_name,6d3b0cb6-f994-41da-bbcf-31e20349765a,function_execution_time,1779123336.938113,0.000071514
experiment_name,6d3b0cb6-f994-41da-bbcf-31e20349765a,function_execution_time,1779123337.0384192,0.000084052
experiment_name,6d3b0cb6-f994-41da-bbcf-31e20349765a,function_execution_time,1779123337.1397462,0.000143127
experiment_name,6d3b0cb6-f994-41da-bbcf-31e20349765a,function_execution_time,1779123337.2410994,0.000083486
experiment_name,6d3b0cb6-f994-41da-bbcf-31e20349765a,function_execution_time,1779123337.3423247,0.000070465
experiment_name,6d3b0cb6-f994-41da-bbcf-31e20349765a,function_execution_time,1779123337.4436586,0.000072599
experiment_name,6d3b0cb6-f994-41da-bbcf-31e20349765a,function_execution_time,1779123337.5450203,0.000082651
experiment_name,6d3b0cb6-f994-41da-bbcf-31e20349765a,function_execution_time,1779123337.6463265,0.000078393
experiment_name,6d3b0cb6-f994-41da-bbcf-31e20349765a,function_execution_time,1779123337.7476087,0.00007497
experiment_name,6d3b0cb6-f994-41da-bbcf-31e20349765a,function_execution_time,1779123337.8488533,0.000070894
experiment_name,6d3b0cb6-f994-41da-bbcf-31e20349765a,function_execution_time,1779123337.9502642,0.000083468
experiment_name,6d3b0cb6-f994-41da-bbcf-31e20349765a,function_execution_time,1779123338.0515213,0.000085063
experiment_name,6d3b0cb6-f994-41da-bbcf-31e20349765a,function_execution_time,1779123338.1529214,0.000150584
experiment_name,6d3b0cb6-f994-41da-bbcf-31e20349765a,function_execution_time,1779123338.2541504,0.000075226
experiment_name,6d3b0cb6-f994-41da-bbcf-31e20349765a,function_execution_time,1779123338.355552,0.000096996
experiment_name,6d3b0cb6-f994-41da-bbcf-31e20349765a,function_execution_time,1779123338.4567387,0.000070298
experiment_name,6d3b0cb6-f994-41da-bbcf-31e20349765a,function_execution_time,1779123338.5580633,0.000070152
experiment_name,6d3b0cb6-f994-41da-bbcf-31e20349765a,function_execution_time,1779123338.6583903,0.000079568
experiment_name,6d3b0cb6-f994-41da-bbcf-31e20349765a,function_execution_time,1779123338.759749,0.000074461
experiment_name,6d3b0cb6-f994-41da-bbcf-31e20349765a,function_execution_time,1779123338.8610523,0.000077888
experiment_name,6d3b0cb6-f994-41da-bbcf-31e20349765a,function_execution_time,1779123338.9622936,0.000080103
experiment_name,6d3b0cb6-f994-41da-bbcf-31e20349765a,function_execution_time,1779123339.0636752,0.000078446
experiment_name,6d3b0cb6-f994-41da-bbcf-31e20349765a,function_execution_time,1779123339.164997,0.000134901
experiment_name,6d3b0cb6-f994-41da-bbcf-31e20349765a,function_execution_time,1779123339.2662735,0.000071295
experiment_name,6d3b0cb6-f994-41da-bbcf-31e20349765a,function_execution_time,1779123339.3676858,0.000084177
experiment_name,6d3b0cb6-f994-41da-bbcf-31e20349765a,function_execution_time,1779123339.4689143,0.000070151
experiment_name,6d3b0cb6-f994-41da-bbcf-31e20349765a,function_execution_time,1779123339.5702367,0.000073016
experiment_name,f8defd48-5f23-4c05-a9ab-39aaf179ad43,function_execution_time,1779123334.7111783,0.000059244
experiment_name,f8defd48-5f23-4c05-a9ab-39aaf179ad43,function_execution_time,1779123334.8115432,0.000067789
experiment_name,f8defd48-5f23-4c05-a9ab-39aaf179ad43,function_execution_time,1779123334.912851,0.000056822
experiment_name,f8defd48-5f23-4c05-a9ab-39aaf179ad43,function_execution_time,1779123335.0141196,0.000065558
experiment_name,f8defd48-5f23-4c05-a9ab-39aaf179ad43,function_execution_time,1779123335.1154876,0.000067042
experiment_name,f8defd48-5f23-4c05-a9ab-39aaf179ad43,function_execution_time,1779123335.216871,0.000069512
experiment_name,f8defd48-5f23-4c05-a9ab-39aaf179ad43,function_execution_time,1779123335.3180926,0.0000587
experiment_name,f8defd48-5f23-4c05-a9ab-39aaf179ad43,function_execution_time,1779123335.419509,0.000071842
experiment_name,f8defd48-5f23-4c05-a9ab-39aaf179ad43,function_execution_time,1779123335.5208063,0.000081271
experiment_name,f8defd48-5f23-4c05-a9ab-39aaf179ad43,function_execution_time,1779123335.622094,0.000061116
experiment_name,f8defd48-5f23-4c05-a9ab-39aaf179ad43,function_execution_time,1779123335.723373,0.000061881
experiment_name,f8defd48-5f23-4c05-a9ab-39aaf179ad43,function_execution_time,1779123335.8246934,0.000058457
experiment_name,f8defd48-5f23-4c05-a9ab-39aaf179ad43,function_execution_time,1779123335.9260266,0.000055947
experiment_name,f8defd48-5f23-4c05-a9ab-39aaf179ad43,function_execution_time,1779123336.027365,0.000057102
experiment_name,f8defd48-5f23-4c05-a9ab-39aaf179ad43,function_execution_time,1779123336.1286826,0.000062815
experiment_name,f8defd48-5f23-4c05-a9ab-39aaf179ad43,function_execution_time,1779123336.2300808,0.000058096
experiment_name,f8defd48-5f23-4c05-a9ab-39aaf179ad43,function_execution_time,1779123336.3312976,0.000077172
experiment_name,f8defd48-5f23-4c05-a9ab-39aaf179ad43,function_execution_time,1779123336.4326675,0.000057554
experiment_name,f8defd48-5f23-4c05-a9ab-39aaf179ad43,function_execution_time,1779123336.5339923,0.000062815
experiment_name,f8defd48-5f23-4c05-a9ab-39aaf179ad43,function_execution_time,1779123336.6352897,0.000065186
experiment_name,f8defd48-5f23-4c05-a9ab-39aaf179ad43,function_execution_time,1779123336.7356243,0.000056037
experiment_name,f8defd48-5f23-4c05-a9ab-39aaf179ad43,function_execution_time,1779123336.8369253,0.000060515
experiment_name,f8defd48-5f23-4c05-a9ab-39aaf179ad43,function_execution_time,1779123336.938267,0.000058493
experiment_name,f8defd48-5f23-4c05-a9ab-39aaf179ad43,function_execution_time,1779123337.0384777,0.000090552
experiment_name,f8defd48-5f23-4c05-a9ab-39aaf179ad43,function_execution_time,1779123337.1398222,0.000064472
experiment_name,f8defd48-5f23-4c05-a9ab-39aaf179ad43,function_execution_time,1779123337.2411754,0.000064215
experiment_name,f8defd48-5f23-4c05-a9ab-39aaf179ad43,function_execution_time,1779123337.3424883,0.000070217
experiment_name,f8defd48-5f23-4c05-a9ab-39aaf179ad43,function_execution_time,1779123337.4438298,0.00006476
experiment_name,f8defd48-5f23-4c05-a9ab-39aaf179ad43,function_execution_time,1779123337.545091,0.000055825
experiment_name,f8defd48-5f23-4c05-a9ab-39aaf179ad43,function_execution_time,1779123337.6464097,0.000055879
experiment_name,f8defd48-5f23-4c05-a9ab-39aaf179ad43,function_execution_time,1779123337.747682,0.000056392
experiment_name,f8defd48-5f23-4c05-a9ab-39aaf179ad43,function_execution_time,1779123337.8490007,0.000056266
experiment_name,f8defd48-5f23-4c05-a9ab-39aaf179ad43,function_execution_time,1779123337.9503443,0.000063839
experiment_name,f8defd48-5f23-4c05-a9ab-39aaf179ad43,function_execution_time,1779123338.0516584,0.000059211
experiment_name,f8defd48-5f23-4c05-a9ab-39aaf179ad43,function_execution_time,1779123338.1529884,0.000055879
experiment_name,f8defd48-5f23-4c05-a9ab-39aaf179ad43,function_execution_time,1779123338.254306,0.000063605
experiment_name,f8defd48-5f23-4c05-a9ab-39aaf179ad43,function_execution_time,1779123338.3556397,0.000063006
experiment_name,f8defd48-5f23-4c05-a9ab-39aaf179ad43,function_execution_time,1779123338.4568918,0.000062666
experiment_name,f8defd48-5f23-4c05-a9ab-39aaf179ad43,function_execution_time,1779123338.5582354,0.000066684
experiment_name,f8defd48-5f23-4c05-a9ab-39aaf179ad43,function_execution_time,1779123338.6585398,0.000060405
experiment_name,f8defd48-5f23-4c05-a9ab-39aaf179ad43,function_execution_time,1779123338.759826,0.000063776
experiment_name,f8defd48-5f23-4c05-a9ab-39aaf179ad43,function_execution_time,1779123338.8611414,0.000059283
experiment_name,f8defd48-5f23-4c05-a9ab-39aaf179ad43,function_execution_time,1779123338.962456,0.000057304
experiment_name,f8defd48-5f23-4c05-a9ab-39aaf179ad43,function_execution_time,1779123339.0637388,0.00005889
experiment_name,f8defd48-5f23-4c05-a9ab-39aaf179ad43,function_execution_time,1779123339.1650734,0.000063303
experiment_name,f8defd48-5f23-4c05-a9ab-39aaf179ad43,function_execution_time,1779123339.2664502,0.000060936
experiment_name,f8defd48-5f23-4c05-a9ab-39aaf179ad43,function_execution_time,1779123339.3677795,0.000059253
experiment_name,f8defd48-5f23-4c05-a9ab-39aaf179ad43,function_execution_time,1779123339.4690711,0.000063011
experiment_name,f8defd48-5f23-4c05-a9ab-39aaf179ad43,function_execution_time,1779123339.5703921,0.0000594
experiment_name,6d3b0cb6-f994-41da-bbcf-31e20349765a,function_transfer_time,1779123334.7109754,0.00007606
experiment_name,6d3b0cb6-f994-41da-bbcf-31e20349765a,function_transfer_time,1779123334.8112993,0.000081617
experiment_name,6d3b0cb6-f994-41da-bbcf-31e20349765a,function_transfer_time,1779123334.9126146,0.000079035
experiment_name,6d3b0cb6-f994-41da-bbcf-31e20349765a,function_transfer_time,1779123335.01396,0.000079768
experiment_name,6d3b0cb6-f994-41da-bbcf-31e20349765a,function_transfer_time,1779123335.1152453,0.000081382
experiment_name,6d3b0cb6-f994-41da-bbcf-31e20349765a,function_transfer_time,1779123335.216634,0.000083506
experiment_name,6d3b0cb6-f994-41da-bbcf-31e20349765a,function_transfer_time,1779123335.317917,0.000034256
experiment_name,6d3b0cb6-f994-41da-bbcf-31e20349765a,function_transfer_time,1779123335.4192579,0.000085564
experiment_name,6d3b0cb6-f994-41da-bbcf-31e20349765a,function_transfer_time,1779123335.520541,0.000019318
experiment_name,6d3b0cb6-f994-41da-bbcf-31e20349765a,function_transfer_time,1779123335.621866,0.000080793
experiment_name,6d3b0cb6-f994-41da-bbcf-31e20349765a,function_transfer_time,1779123335.7231374,0.000019091
experiment_name,6d3b0cb6-f994-41da-bbcf-31e20349765a,function_transfer_time,1779123335.8244615,0.000097903
experiment_name,6d3b0cb6-f994-41da-bbcf-31e20349765a,function_transfer_time,1779123335.9257934,0.000077828
experiment_name,6d3b0cb6-f994-41da-bbcf-31e20349765a,function_transfer_time,1779123336.0271409,0.000081173
experiment_name,6d3b0cb6-f994-41da-bbcf-31e20349765a,function_transfer_time,1779123336.128462,0.000086509
experiment_name,6d3b0cb6-f994-41da-bbcf-31e20349765a,function_transfer_time,1779123336.229787,0.000022739
experiment_name,6d3b0cb6-f994-41da-bbcf-31e20349765a,function_transfer_time,1779123336.3311014,0.000020331
experiment_name,6d3b0cb6-f994-41da-bbcf-31e20349765a,function_transfer_time,1779123336.432436,0.00008158
experiment_name,6d3b0cb6-f994-41da-bbcf-31e20349765a,function_transfer_time,1779123336.533761,0.000083566
experiment_name,6d3b0cb6-f994-41da-bbcf-31e20349765a,function_transfer_time,1779123336.6350749,0.000077314
experiment_name,6d3b0cb6-f994-41da-bbcf-31e20349765a,function_transfer_time,1779123336.735389,0.000085088
experiment_name,6d3b0cb6-f994-41da-bbcf-31e20349765a,function_transfer_time,1779123336.836706,0.000079863
experiment_name,6d3b0cb6-f994-41da-bbcf-31e20349765a,function_transfer_time,1779123336.9380312,0.000085713
experiment_name,6d3b0cb6-f994-41da-bbcf-31e20349765a,function_transfer_time,1779123337.0382855,0.00002494
experiment_name,6d3b0cb6-f994-41da-bbcf-31e20349765a,function_transfer_time,1779123337.139597,0.000073717
experiment_name,6d3b0cb6-f994-41da-bbcf-31e20349765a,function_transfer_time,1779123337.240954,0.000082741
experiment_name,6d3b0cb6-f994-41da-bbcf-31e20349765a,function_transfer_time,1779123337.342248,0.00007299
experiment_name,6d3b0cb6-f994-41da-bbcf-31e20349765a,function_transfer_time,1779123337.443656,0.000079887
experiment_name,6d3b0cb6-f994-41da-bbcf-31e20349765a,function_transfer_time,1779123337.5448906,0.000078064
experiment_name,6d3b0cb6-f994-41da-bbcf-31e20349765a,function_transfer_time,1779123337.6461973,0.000078296
experiment_name,6d3b0cb6-f994-41da-bbcf-31e20349765a,function_transfer_time,1779123337.747481,0.000077189
experiment_name,6d3b0cb6-f994-41da-bbcf-31e20349765a,function_transfer_time,1779123337.8487775,0.000078456
experiment_name,6d3b0cb6-f994-41da-bbcf-31e20349765a,function_transfer_time,1779123337.9501147,0.00008305
experiment_name,6d3b0cb6-f994-41da-bbcf-31e20349765a,function_transfer_time,1779123338.0514393,0.000081258
experiment_name,6d3b0cb6-f994-41da-bbcf-31e20349765a,function_transfer_time,1779123338.1527653,0.000077088
experiment_name,6d3b0cb6-f994-41da-bbcf-31e20349765a,function_transfer_time,1779123338.2540593,0.000023589
experiment_name,6d3b0cb6-f994-41da-bbcf-31e20349765a,function_transfer_time,1779123338.355399,0.000084561
experiment_name,6d3b0cb6-f994-41da-bbcf-31e20349765a,function_transfer_time,1779123338.4566636,0.000021552
experiment_name,6d3b0cb6-f994-41da-bbcf-31e20349765a,function_transfer_time,1779123338.5579805,0.000077464
experiment_name,6d3b0cb6-f994-41da-bbcf-31e20349765a,function_transfer_time,1779123338.6583111,0.000081271
experiment_name,6d3b0cb6-f994-41da-bbcf-31e20349765a,function_transfer_time,1779123338.7596166,0.000081025
experiment_name,6d3b0cb6-f994-41da-bbcf-31e20349765a,function_transfer_time,1779123338.8609228,0.00007761
experiment_name,6d3b0cb6-f994-41da-bbcf-31e20349765a,function_transfer_time,1779123338.962208,0.00007706
experiment_name,6d3b0cb6-f994-41da-bbcf-31e20349765a,function_transfer_time,1779123339.0635345,0.000077269
experiment_name,6d3b0cb6-f994-41da-bbcf-31e20349765a,function_transfer_time,1779123339.1648574,0.000086377
experiment_name,6d3b0cb6-f994-41da-bbcf-31e20349765a,function_transfer_time,1779123339.266196,0.000075781
experiment_name,6d3b0cb6-f994-41da-bbcf-31e20349765a,function_transfer_time,1779123339.3675435,0.000082035
experiment_name,6d3b0cb6-f994-41da-bbcf-31e20349765a,function_transfer_time,1779123339.4688377,0.000079879
experiment_name,6d3b0cb6-f994-41da-bbcf-31e20349765a,function_transfer_time,1779123339.5701654,0.000080804
experiment_name,f8defd48-5f23-4c05-a9ab-39aaf179ad43,function_transfer_time,1779123334.7111123,0.000083593
experiment_name,f8defd48-5f23-4c05-a9ab-39aaf179ad43,function_transfer_time,1779123334.811471,0.000111398
experiment_name,f8defd48-5f23-4c05-a9ab-39aaf179ad43,function_transfer_time,1779123334.9127889,0.000115818
experiment_name,f8defd48-5f23-4c05-a9ab-39aaf179ad43,function_transfer_time,1779123335.0140953,0.00003073
experiment_name,f8defd48-5f23-4c05-a9ab-39aaf179ad43,function_transfer_time,1779123335.1154091,0.000035097
experiment_name,f8defd48-5f23-4c05-a9ab-39aaf179ad43,function_transfer_time,1779123335.2167966,0.000104795
experiment_name,f8defd48-5f23-4c05-a9ab-39aaf179ad43,function_transfer_time,1779123335.3180304,0.000040989
experiment_name,f8defd48-5f23-4c05-a9ab-39aaf179ad43,function_transfer_time,1779123335.4194427,0.000104692
experiment_name,f8defd48-5f23-4c05-a9ab-39aaf179ad43,function_transfer_time,1779123335.520724,0.000111073
experiment_name,f8defd48-5f23-4c05-a9ab-39aaf179ad43,function_transfer_time,1779123335.6220288,0.000102065
experiment_name,f8defd48-5f23-4c05-a9ab-39aaf179ad43,function_transfer_time,1779123335.7233064,0.000109223
experiment_name,f8defd48-5f23-4c05-a9ab-39aaf179ad43,function_transfer_time,1779123335.8246305,0.000108615
experiment_name,f8defd48-5f23-4c05-a9ab-39aaf179ad43,function_transfer_time,1779123335.925967,0.000112832
experiment_name,f8defd48-5f23-4c05-a9ab-39aaf179ad43,function_transfer_time,1779123336.027302,0.000100362
experiment_name,f8defd48-5f23-4c05-a9ab-39aaf179ad43,function_transfer_time,1779123336.1286118,0.00003733
experiment_name,f8defd48-5f23-4c05-a9ab-39aaf179ad43,function_transfer_time,1779123336.230015,0.000160029
experiment_name,f8defd48-5f23-4c05-a9ab-39aaf179ad43,function_transfer_time,1779123336.3312614,0.000054834
experiment_name,f8defd48-5f23-4c05-a9ab-39aaf179ad43,function_transfer_time,1779123336.4326072,0.000102598
experiment_name,f8defd48-5f23-4c05-a9ab-39aaf179ad43,function_transfer_time,1779123336.5339124,0.000097247
experiment_name,f8defd48-5f23-4c05-a9ab-39aaf179ad43,function_transfer_time,1779123336.635211,0.00008338
experiment_name,f8defd48-5f23-4c05-a9ab-39aaf179ad43,function_transfer_time,1779123336.735562,0.000091863
experiment_name,f8defd48-5f23-4c05-a9ab-39aaf179ad43,function_transfer_time,1779123336.8368573,0.000093668
experiment_name,f8defd48-5f23-4c05-a9ab-39aaf179ad43,function_transfer_time,1779123336.938205,0.000111583
experiment_name,f8defd48-5f23-4c05-a9ab-39aaf179ad43,function_transfer_time,1779123337.038422,0.000033222
experiment_name,f8defd48-5f23-4c05-a9ab-39aaf179ad43,function_transfer_time,1779123337.1397486,0.000036176
experiment_name,f8defd48-5f23-4c05-a9ab-39aaf179ad43,function_transfer_time,1779123337.241103,0.000086639
experiment_name,f8defd48-5f23-4c05-a9ab-39aaf179ad43,function_transfer_time,1779123337.342413,0.000105299
experiment_name,f8defd48-5f23-4c05-a9ab-39aaf179ad43,function_transfer_time,1779123337.4437602,0.000114592
experiment_name,f8defd48-5f23-4c05-a9ab-39aaf179ad43,function_transfer_time,1779123337.545024,0.000083469
experiment_name,f8defd48-5f23-4c05-a9ab-39aaf179ad43,function_transfer_time,1779123337.6463463,0.000093232
experiment_name,f8defd48-5f23-4c05-a9ab-39aaf179ad43,function_transfer_time,1779123337.7476122,0.000084689
experiment_name,f8defd48-5f23-4c05-a9ab-39aaf179ad43,function_transfer_time,1779123337.848941,0.000103456
experiment_name,f8defd48-5f23-4c05-a9ab-39aaf179ad43,function_transfer_time,1779123337.9502697,0.000095277
experiment_name,f8defd48-5f23-4c05-a9ab-39aaf179ad43,function_transfer_time,1779123338.0515878,0.000094268
experiment_name,f8defd48-5f23-4c05-a9ab-39aaf179ad43,function_transfer_time,1779123338.1529245,0.000037121
experiment_name,f8defd48-5f23-4c05-a9ab-39aaf179ad43,function_transfer_time,1779123338.2542377,0.000118395
experiment_name,f8defd48-5f23-4c05-a9ab-39aaf179ad43,function_transfer_time,1779123338.3555706,0.000094511
experiment_name,f8defd48-5f23-4c05-a9ab-39aaf179ad43,function_transfer_time,1779123338.456824,0.000103324
experiment_name,f8defd48-5f23-4c05-a9ab-39aaf179ad43,function_transfer_time,1779123338.5581608,0.000119116
experiment_name,f8defd48-5f23-4c05-a9ab-39aaf179ad43,function_transfer_time,1779123338.658474,0.000097155
experiment_name,f8defd48-5f23-4c05-a9ab-39aaf179ad43,function_transfer_time,1779123338.7597525,0.000085527
experiment_name,f8defd48-5f23-4c05-a9ab-39aaf179ad43,function_transfer_time,1779123338.8610759,0.000094782
experiment_name,f8defd48-5f23-4c05-a9ab-39aaf179ad43,function_transfer_time,1779123338.9623728,0.000106611
experiment_name,f8defd48-5f23-4c05-a9ab-39aaf179ad43,function_transfer_time,1779123339.0636785,0.000083848
experiment_name,f8defd48-5f23-4c05-a9ab-39aaf179ad43,function_transfer_time,1779123339.165,0.000036934
experiment_name,f8defd48-5f23-4c05-a9ab-39aaf179ad43,function_transfer_time,1779123339.266371,0.000104526
experiment_name,f8defd48-5f23-4c05-a9ab-39aaf179ad43,function_transfer_time,1779123339.3677073,0.0000974
experiment_name,f8defd48-5f23-4c05-a9ab-39aaf179ad43,function_transfer_time,1779123339.4690032,0.000106145
experiment_name,f8defd48-5f23-4c05-a9ab-39aaf179ad43,function_transfer_time,1779123339.5703282,0.00010396
experiment_name,f8defd48-5f23-4c05-a9ab-39aaf179ad43,function_execution_time,1779123339.6722462,0.000065855
experiment_name,f8defd48-5f23-4c05-a9ab-39aaf179ad43,function_execution_time,1779123339.772553,0.000055878
experiment_name,f8defd48-5f23-4c05-a9ab-39aaf179ad43,function_execution_time,1779123339.8737974,0.000065255
experiment_name,f8defd48-5f23-4c05-a9ab-39aaf179ad43,function_execution_time,1779123339.9750633,0.000061065
experiment_name,f8defd48-5f23-4c05-a9ab-39aaf179ad43,function_execution_time,1779123340.0764015,0.000066199
experiment_name,f8defd48-5f23-4c05-a9ab-39aaf179ad43,function_execution_time,1779123340.1777093,0.000056513
experiment_name,f8defd48-5f23-4c05-a9ab-39aaf179ad43,function_execution_time,1779123340.279021,0.000060797
experiment_name,f8defd48-5f23-4c05-a9ab-39aaf179ad43,function_execution_time,1779123340.380366,0.000057197
experiment_name,f8defd48-5f23-4c05-a9ab-39aaf179ad43,function_execution_time,1779123340.481684,0.000059416
experiment_name,f8defd48-5f23-4c05-a9ab-39aaf179ad43,function_execution_time,1779123340.5830612,0.000079506
experiment_name,f8defd48-5f23-4c05-a9ab-39aaf179ad43,function_execution_time,1779123340.684331,0.000065915
experiment_name,f8defd48-5f23-4c05-a9ab-39aaf179ad43,function_execution_time,1779123340.7856574,0.000058564
experiment_name,f8defd48-5f23-4c05-a9ab-39aaf179ad43,function_execution_time,1779123340.8869786,0.000061497
experiment_name,f8defd48-5f23-4c05-a9ab-39aaf179ad43,function_execution_time,1779123340.9883103,0.00006556
experiment_name,f8defd48-5f23-4c05-a9ab-39aaf179ad43,function_execution_time,1779123341.0896235,0.000056886
experiment_name,f8defd48-5f23-4c05-a9ab-39aaf179ad43,function_execution_time,1779123341.190927,0.000059354
experiment_name,f8defd48-5f23-4c05-a9ab-39aaf179ad43,function_execution_time,1779123341.292306,0.000055628
experiment_name,f8defd48-5f23-4c05-a9ab-39aaf179ad43,function_execution_time,1779123341.39358,0.000072309
experiment_name,f8defd48-5f23-4c05-a9ab-39aaf179ad43,function_execution_time,1779123341.4949653,0.000062211
experiment_name,f8defd48-5f23-4c05-a9ab-39aaf179ad43,function_execution_time,1779123341.5962927,0.000059805
experiment_name,f8defd48-5f23-4c05-a9ab-39aaf179ad43,function_execution_time,1779123341.6976035,0.000056614
experiment_name,f8defd48-5f23-4c05-a9ab-39aaf179ad43,function_execution_time,1779123341.7988563,0.000058786
experiment_name,f8defd48-5f23-4c05-a9ab-39aaf179ad43,function_execution_time,1779123341.900159,0.000064587
experiment_name,f8defd48-5f23-4c05-a9ab-39aaf179ad43,function_execution_time,1779123342.0015054,0.000070645
experiment_name,f8defd48-5f23-4c05-a9ab-39aaf179ad43,function_execution_time,1779123342.1028237,0.00005961
experiment_name,f8defd48-5f23-4c05-a9ab-39aaf179ad43,function_execution_time,1779123342.2041326,0.000061667
experiment_name,f8defd48-5f23-4c05-a9ab-39aaf179ad43,function_execution_time,1779123342.3045566,0.000063129
experiment_name,f8defd48-5f23-4c05-a9ab-39aaf179ad43,function_execution_time,1779123342.4058733,0.000056696
experiment_name,f8defd48-5f23-4c05-a9ab-39aaf179ad43,function_execution_time,1779123342.5072258,0.000063032
experiment_name,f8defd48-5f23-4c05-a9ab-39aaf179ad43,function_execution_time,1779123342.6075778,0.000068975
experiment_name,f8defd48-5f23-4c05-a9ab-39aaf179ad43,function_execution_time,1779123342.7088716,0.000060112
experiment_name,f8defd48-5f23-4c05-a9ab-39aaf179ad43,function_execution_time,1779123342.810176,0.000068067
experiment_name,f8defd48-5f23-4c05-a9ab-39aaf179ad43,function_execution_time,1779123342.9114935,0.000067278
experiment_name,f8defd48-5f23-4c05-a9ab-39aaf179ad43,function_execution_time,1779123343.0128198,0.000057906
experiment_name,f8defd48-5f23-4c05-a9ab-39aaf179ad43,function_execution_time,1779123343.114114,0.000063514
experiment_name,f8defd48-5f23-4c05-a9ab-39aaf179ad43,function_execution_time,1779123343.2145898,0.000063304
experiment_name,f8defd48-5f23-4c05-a9ab-39aaf179ad43,function_execution_time,1779123343.3159547,0.000056358
experiment_name,f8defd48-5f23-4c05-a9ab-39aaf179ad43,function_execution_time,1779123343.4172752,0.000061064
experiment_name,f8defd48-5f23-4c05-a9ab-39aaf179ad43,function_execution_time,1779123343.5176127,0.000055359
experiment_name,f8defd48-5f23-4c05-a9ab-39aaf179ad43,function_execution_time,1779123343.61892,0.000057134
experiment_name,f8defd48-5f23-4c05-a9ab-39aaf179ad43,function_execution_time,1779123343.7201676,0.000075088
experiment_name,f8defd48-5f23-4c05-a9ab-39aaf179ad43,function_execution_time,1779123343.821543,0.000064037
experiment_name,f8defd48-5f23-4c05-a9ab-39aaf179ad43,function_execution_time,1779123343.9228475,0.000057883
experiment_name,f8defd48-5f23-4c05-a9ab-39aaf179ad43,function_execution_time,1779123344.024133,0.000075844
experiment_name,f8defd48-5f23-4c05-a9ab-39aaf179ad43,function_execution_time,1779123344.1255074,0.000079703
experiment_name,f8defd48-5f23-4c05-a9ab-39aaf179ad43,function_execution_time,1779123344.2268174,0.00005957
experiment_name,f8defd48-5f23-4c05-a9ab-39aaf179ad43,function_execution_time,1779123344.3281276,0.000063489
experiment_name,f8defd48-5f23-4c05-a9ab-39aaf179ad43,function_execution_time,1779123344.4294736,0.000066106
experiment_name,f8defd48-5f23-4c05-a9ab-39aaf179ad43,function_execution_time,1779123344.5307171,0.000064802
experiment_name,6d3b0cb6-f994-41da-bbcf-31e20349765a,function_execution_time,1779123339.6720898,0.000083357
experiment_name,6d3b0cb6-f994-41da-bbcf-31e20349765a,function_execution_time,1779123339.7724028,0.000071852
experiment_name,6d3b0cb6-f994-41da-bbcf-31e20349765a,function_execution_time,1779123339.8737137,0.000097033
experiment_name,6d3b0cb6-f994-41da-bbcf-31e20349765a,function_execution_time,1779123339.9749002,0.000096753
experiment_name,6d3b0cb6-f994-41da-bbcf-31e20349765a,function_execution_time,1779123340.0763242,0.000091402
experiment_name,6d3b0cb6-f994-41da-bbcf-31e20349765a,function_execution_time,1779123340.1776533,0.000160378
experiment_name,6d3b0cb6-f994-41da-bbcf-31e20349765a,function_execution_time,1779123340.2788713,0.000074891
experiment_name,6d3b0cb6-f994-41da-bbcf-31e20349765a,function_execution_time,1779123340.3802173,0.000088531
experiment_name,6d3b0cb6-f994-41da-bbcf-31e20349765a,function_execution_time,1779123340.48153,0.00007436
experiment_name,6d3b0cb6-f994-41da-bbcf-31e20349765a,function_execution_time,1779123340.5828757,0.000069685
experiment_name,6d3b0cb6-f994-41da-bbcf-31e20349765a,function_execution_time,1779123340.6842573,0.000083945
experiment_name,6d3b0cb6-f994-41da-bbcf-31e20349765a,function_execution_time,1779123340.785583,0.000112616
experiment_name,6d3b0cb6-f994-41da-bbcf-31e20349765a,function_execution_time,1779123340.8868275,0.000071315
experiment_name,6d3b0cb6-f994-41da-bbcf-31e20349765a,function_execution_time,1779123340.9881477,0.000082464
experiment_name,6d3b0cb6-f994-41da-bbcf-31e20349765a,function_execution_time,1779123341.089554,0.00008941
experiment_name,6d3b0cb6-f994-41da-bbcf-31e20349765a,function_execution_time,1779123341.1908548,0.000142039
experiment_name,6d3b0cb6-f994-41da-bbcf-31e20349765a,function_execution_time,1779123341.2921596,0.000070482
experiment_name,6d3b0cb6-f994-41da-bbcf-31e20349765a,function_execution_time,1779123341.393546,0.000101941
experiment_name,6d3b0cb6-f994-41da-bbcf-31e20349765a,function_execution_time,1779123341.4947984,0.000069454
experiment_name,6d3b0cb6-f994-41da-bbcf-31e20349765a,function_execution_time,1779123341.5961382,0.000077613
experiment_name,6d3b0cb6-f994-41da-bbcf-31e20349765a,function_execution_time,1779123341.6974561,0.000090187
experiment_name,6d3b0cb6-f994-41da-bbcf-31e20349765a,function_execution_time,1779123341.7987874,0.000075605
experiment_name,6d3b0cb6-f994-41da-bbcf-31e20349765a,function_execution_time,1779123341.9000041,0.000070465
experiment_name,6d3b0cb6-f994-41da-bbcf-31e20349765a,function_execution_time,1779123342.0013406,0.000069481
experiment_name,6d3b0cb6-f994-41da-bbcf-31e20349765a,function_execution_time,1779123342.1026654,0.000078242
experiment_name,6d3b0cb6-f994-41da-bbcf-31e20349765a,function_execution_time,1779123342.2040603,0.000148029
experiment_name,6d3b0cb6-f994-41da-bbcf-31e20349765a,function_execution_time,1779123342.3043964,0.000074627
experiment_name,6d3b0cb6-f994-41da-bbcf-31e20349765a,function_execution_time,1779123342.4057155,0.000080487
experiment_name,6d3b0cb6-f994-41da-bbcf-31e20349765a,function_execution_time,1779123342.5070674,0.000077499
experiment_name,6d3b0cb6-f994-41da-bbcf-31e20349765a,function_execution_time,1779123342.6073961,0.000071272
experiment_name,6d3b0cb6-f994-41da-bbcf-31e20349765a,function_execution_time,1779123342.7087202,0.000073385
experiment_name,6d3b0cb6-f994-41da-bbcf-31e20349765a,function_execution_time,1779123342.8100162,0.000080083
experiment_name,6d3b0cb6-f994-41da-bbcf-31e20349765a,function_execution_time,1779123342.9113293,0.000071505
experiment_name,6d3b0cb6-f994-41da-bbcf-31e20349765a,function_execution_time,1779123343.0126677,0.00007284
experiment_name,6d3b0cb6-f994-41da-bbcf-31e20349765a,function_execution_time,1779123343.1139812,0.000084746
experiment_name,6d3b0cb6-f994-41da-bbcf-31e20349765a,function_execution_time,1779123343.2145176,0.000149289
experiment_name,6d3b0cb6-f994-41da-bbcf-31e20349765a,function_execution_time,1779123343.3158023,0.000069636
experiment_name,6d3b0cb6-f994-41da-bbcf-31e20349765a,function_execution_time,1779123343.4171214,0.000071101
experiment_name,6d3b0cb6-f994-41da-bbcf-31e20349765a,function_execution_time,1779123343.5175276,0.000097003
experiment_name,6d3b0cb6-f994-41da-bbcf-31e20349765a,function_execution_time,1779123343.6187723,0.000074121
experiment_name,6d3b0cb6-f994-41da-bbcf-31e20349765a,function_execution_time,1779123343.720057,0.000073135
experiment_name,6d3b0cb6-f994-41da-bbcf-31e20349765a,function_execution_time,1779123343.821371,0.000083927
experiment_name,6d3b0cb6-f994-41da-bbcf-31e20349765a,function_execution_time,1779123343.922699,0.000073306
experiment_name,6d3b0cb6-f994-41da-bbcf-31e20349765a,function_execution_time,1779123344.0240238,0.00007159
experiment_name,6d3b0cb6-f994-41da-bbcf-31e20349765a,function_execution_time,1779123344.1254148,0.000086352
experiment_name,6d3b0cb6-f994-41da-bbcf-31e20349765a,function_execution_time,1779123344.2267478,0.000149022
experiment_name,6d3b0cb6-f994-41da-bbcf-31e20349765a,function_execution_time,1779123344.327968,0.000068661
experiment_name,6d3b0cb6-f994-41da-bbcf-31e20349765a,function_execution_time,1779123344.4293075,0.000073856
experiment_name,6d3b0cb6-f994-41da-bbcf-31e20349765a,function_execution_time,1779123344.5305598,0.0000802
experiment_name,6d3b0cb6-f994-41da-bbcf-31e20349765a,function_transfer_time,1779123339.6720035,0.00008447
experiment_name,6d3b0cb6-f994-41da-bbcf-31e20349765a,function_transfer_time,1779123339.7723248,0.000075451
experiment_name,6d3b0cb6-f994-41da-bbcf-31e20349765a,function_transfer_time,1779123339.8735487,0.000031026
experiment_name,6d3b0cb6-f994-41da-bbcf-31e20349765a,function_transfer_time,1779123339.974804,0.000028885
experiment_name,6d3b0cb6-f994-41da-bbcf-31e20349765a,function_transfer_time,1779123340.076164,0.000079324
experiment_name,6d3b0cb6-f994-41da-bbcf-31e20349765a,function_transfer_time,1779123340.177477,0.000081334
experiment_name,6d3b0cb6-f994-41da-bbcf-31e20349765a,function_transfer_time,1779123340.2787907,0.000019012
experiment_name,6d3b0cb6-f994-41da-bbcf-31e20349765a,function_transfer_time,1779123340.3801289,0.000080728
experiment_name,6d3b0cb6-f994-41da-bbcf-31e20349765a,function_transfer_time,1779123340.4814558,0.000090592
experiment_name,6d3b0cb6-f994-41da-bbcf-31e20349765a,function_transfer_time,1779123340.5827918,0.000077426
experiment_name,6d3b0cb6-f994-41da-bbcf-31e20349765a,function_transfer_time,1779123340.6840987,0.000079866
experiment_name,6d3b0cb6-f994-41da-bbcf-31e20349765a,function_transfer_time,1779123340.7854228,0.000077504
experiment_name,6d3b0cb6-f994-41da-bbcf-31e20349765a,function_transfer_time,1779123340.8867488,0.000075312
experiment_name,6d3b0cb6-f994-41da-bbcf-31e20349765a,function_transfer_time,1779123340.988066,0.000082465
experiment_name,6d3b0cb6-f994-41da-bbcf-31e20349765a,function_transfer_time,1779123341.0894003,0.000073932
experiment_name,6d3b0cb6-f994-41da-bbcf-31e20349765a,function_transfer_time,1779123341.1907074,0.000081263
experiment_name,6d3b0cb6-f994-41da-bbcf-31e20349765a,function_transfer_time,1779123341.292084,0.000080699
experiment_name,6d3b0cb6-f994-41da-bbcf-31e20349765a,function_transfer_time,1779123341.3933907,0.000079055
experiment_name,6d3b0cb6-f994-41da-bbcf-31e20349765a,function_transfer_time,1779123341.4947147,0.000080462
experiment_name,6d3b0cb6-f994-41da-bbcf-31e20349765a,function_transfer_time,1779123341.5960627,0.000083362
experiment_name,6d3b0cb6-f994-41da-bbcf-31e20349765a,function_transfer_time,1779123341.697368,0.000079842
experiment_name,6d3b0cb6-f994-41da-bbcf-31e20349765a,function_transfer_time,1779123341.7986608,0.00002063
experiment_name,6d3b0cb6-f994-41da-bbcf-31e20349765a,function_transfer_time,1779123341.8999271,0.000076559
experiment_name,6d3b0cb6-f994-41da-bbcf-31e20349765a,function_transfer_time,1779123342.001257,0.000081276
experiment_name,6d3b0cb6-f994-41da-bbcf-31e20349765a,function_transfer_time,1779123342.10258,0.000082059
experiment_name,6d3b0cb6-f994-41da-bbcf-31e20349765a,function_transfer_time,1779123342.2039077,0.000078894
experiment_name,6d3b0cb6-f994-41da-bbcf-31e20349765a,function_transfer_time,1779123342.304322,0.000081997
experiment_name,6d3b0cb6-f994-41da-bbcf-31e20349765a,function_transfer_time,1779123342.4056296,0.000078747
experiment_name,6d3b0cb6-f994-41da-bbcf-31e20349765a,function_transfer_time,1779123342.5069866,0.000083625
experiment_name,6d3b0cb6-f994-41da-bbcf-31e20349765a,function_transfer_time,1779123342.6072984,0.000082228
experiment_name,6d3b0cb6-f994-41da-bbcf-31e20349765a,function_transfer_time,1779123342.7086434,0.000084616
experiment_name,6d3b0cb6-f994-41da-bbcf-31e20349765a,function_transfer_time,1779123342.809931,0.000078277
experiment_name,6d3b0cb6-f994-41da-bbcf-31e20349765a,function_transfer_time,1779123342.911254,0.000075155
experiment_name,6d3b0cb6-f994-41da-bbcf-31e20349765a,function_transfer_time,1779123343.0125916,0.000074565
experiment_name,6d3b0cb6-f994-41da-bbcf-31e20349765a,function_transfer_time,1779123343.113894,0.000078609
experiment_name,6d3b0cb6-f994-41da-bbcf-31e20349765a,function_transfer_time,1779123343.2143614,0.000073593
experiment_name,6d3b0cb6-f994-41da-bbcf-31e20349765a,function_transfer_time,1779123343.315719,0.00008339
experiment_name,6d3b0cb6-f994-41da-bbcf-31e20349765a,function_transfer_time,1779123343.4170463,0.00008216
experiment_name,6d3b0cb6-f994-41da-bbcf-31e20349765a,function_transfer_time,1779123343.5173776,0.000075853
experiment_name,6d3b0cb6-f994-41da-bbcf-31e20349765a,function_transfer_time,1779123343.6186962,0.000078937
experiment_name,6d3b0cb6-f994-41da-bbcf-31e20349765a,function_transfer_time,1779123343.7199774,0.000025167
experiment_name,6d3b0cb6-f994-41da-bbcf-31e20349765a,function_transfer_time,1779123343.8212879,0.000078211
experiment_name,6d3b0cb6-f994-41da-bbcf-31e20349765a,function_transfer_time,1779123343.9226232,0.000077717
experiment_name,6d3b0cb6-f994-41da-bbcf-31e20349765a,function_transfer_time,1779123344.023939,0.000080196
experiment_name,6d3b0cb6-f994-41da-bbcf-31e20349765a,function_transfer_time,1779123344.1252658,0.000081561
experiment_name,6d3b0cb6-f994-41da-bbcf-31e20349765a,function_transfer_time,1779123344.2265928,0.000082523
experiment_name,6d3b0cb6-f994-41da-bbcf-31e20349765a,function_transfer_time,1779123344.3278847,0.000020446
experiment_name,6d3b0cb6-f994-41da-bbcf-31e20349765a,function_transfer_time,1779123344.4292314,0.00008109
experiment_name,6d3b0cb6-f994-41da-bbcf-31e20349765a,function_transfer_time,1779123344.5304816,0.000020721
experiment_name,f8defd48-5f23-4c05-a9ab-39aaf179ad43,function_transfer_time,1779123339.672178,0.000105338
experiment_name,f8defd48-5f23-4c05-a9ab-39aaf179ad43,function_transfer_time,1779123339.7724924,0.000107449
experiment_name,f8defd48-5f23-4c05-a9ab-39aaf179ad43,function_transfer_time,1779123339.873717,0.000108036
experiment_name,f8defd48-5f23-4c05-a9ab-39aaf179ad43,function_transfer_time,1779123339.9749982,0.000122834
experiment_name,f8defd48-5f23-4c05-a9ab-39aaf179ad43,function_transfer_time,1779123340.07633,0.000102748
experiment_name,f8defd48-5f23-4c05-a9ab-39aaf179ad43,function_transfer_time,1779123340.1776495,0.000035976
experiment_name,f8defd48-5f23-4c05-a9ab-39aaf179ad43,function_transfer_time,1779123340.2789562,0.000103737
experiment_name,f8defd48-5f23-4c05-a9ab-39aaf179ad43,function_transfer_time,1779123340.3803048,0.00010339
experiment_name,f8defd48-5f23-4c05-a9ab-39aaf179ad43,function_transfer_time,1779123340.4816208,0.000104411
experiment_name,f8defd48-5f23-4c05-a9ab-39aaf179ad43,function_transfer_time,1779123340.582974,0.000121408
experiment_name,f8defd48-5f23-4c05-a9ab-39aaf179ad43,function_transfer_time,1779123340.6842604,0.000099077
experiment_name,f8defd48-5f23-4c05-a9ab-39aaf179ad43,function_transfer_time,1779123340.7855866,0.000086249
experiment_name,f8defd48-5f23-4c05-a9ab-39aaf179ad43,function_transfer_time,1779123340.8869126,0.000106244
experiment_name,f8defd48-5f23-4c05-a9ab-39aaf179ad43,function_transfer_time,1779123340.9882402,0.000112415
experiment_name,f8defd48-5f23-4c05-a9ab-39aaf179ad43,function_transfer_time,1779123341.0895572,0.000091382
experiment_name,f8defd48-5f23-4c05-a9ab-39aaf179ad43,function_transfer_time,1779123341.1908576,0.000035867
experiment_name,f8defd48-5f23-4c05-a9ab-39aaf179ad43,function_transfer_time,1779123341.29225,0.000104383
experiment_name,f8defd48-5f23-4c05-a9ab-39aaf179ad43,function_transfer_time,1779123341.3935509,0.000036873
experiment_name,f8defd48-5f23-4c05-a9ab-39aaf179ad43,function_transfer_time,1779123341.4949,0.000126025
experiment_name,f8defd48-5f23-4c05-a9ab-39aaf179ad43,function_transfer_time,1779123341.5962298,0.000100104
experiment_name,f8defd48-5f23-4c05-a9ab-39aaf179ad43,function_transfer_time,1779123341.6975439,0.000116709
experiment_name,f8defd48-5f23-4c05-a9ab-39aaf179ad43,function_transfer_time,1779123341.7987912,0.000084735
experiment_name,f8defd48-5f23-4c05-a9ab-39aaf179ad43,function_transfer_time,1779123341.9000902,0.000104987
experiment_name,f8defd48-5f23-4c05-a9ab-39aaf179ad43,function_transfer_time,1779123342.0014262,0.000112916
experiment_name,f8defd48-5f23-4c05-a9ab-39aaf179ad43,function_transfer_time,1779123342.1027546,0.000109306
experiment_name,f8defd48-5f23-4c05-a9ab-39aaf179ad43,function_transfer_time,1779123342.2040634,0.000036697
experiment_name,f8defd48-5f23-4c05-a9ab-39aaf179ad43,function_transfer_time,1779123342.304489,0.000105612
experiment_name,f8defd48-5f23-4c05-a9ab-39aaf179ad43,function_transfer_time,1779123342.405813,0.000121838
experiment_name,f8defd48-5f23-4c05-a9ab-39aaf179ad43,function_transfer_time,1779123342.5071583,0.000109598
experiment_name,f8defd48-5f23-4c05-a9ab-39aaf179ad43,function_transfer_time,1779123342.607503,0.000140403
experiment_name,f8defd48-5f23-4c05-a9ab-39aaf179ad43,function_transfer_time,1779123342.7088091,0.000101771
experiment_name,f8defd48-5f23-4c05-a9ab-39aaf179ad43,function_transfer_time,1779123342.8101034,0.000104668
experiment_name,f8defd48-5f23-4c05-a9ab-39aaf179ad43,function_transfer_time,1779123342.9114156,0.000103963
experiment_name,f8defd48-5f23-4c05-a9ab-39aaf179ad43,function_transfer_time,1779123343.0127573,0.000104718
experiment_name,f8defd48-5f23-4c05-a9ab-39aaf179ad43,function_transfer_time,1779123343.114044,0.000088404
experiment_name,f8defd48-5f23-4c05-a9ab-39aaf179ad43,function_transfer_time,1779123343.2145205,0.000036134
experiment_name,f8defd48-5f23-4c05-a9ab-39aaf179ad43,function_transfer_time,1779123343.3158948,0.000117529
experiment_name,f8defd48-5f23-4c05-a9ab-39aaf179ad43,function_transfer_time,1779123343.4172077,0.000103336
experiment_name,f8defd48-5f23-4c05-a9ab-39aaf179ad43,function_transfer_time,1779123343.51755,0.000109214
experiment_name,f8defd48-5f23-4c05-a9ab-39aaf179ad43,function_transfer_time,1779123343.6188586,0.000101085
experiment_name,f8defd48-5f23-4c05-a9ab-39aaf179ad43,function_transfer_time,1779123343.720134,0.000052895
experiment_name,f8defd48-5f23-4c05-a9ab-39aaf179ad43,function_transfer_time,1779123343.8214746,0.000117012
experiment_name,f8defd48-5f23-4c05-a9ab-39aaf179ad43,function_transfer_time,1779123343.9227874,0.000102711
experiment_name,f8defd48-5f23-4c05-a9ab-39aaf179ad43,function_transfer_time,1779123344.0240963,0.000053277
experiment_name,f8defd48-5f23-4c05-a9ab-39aaf179ad43,function_transfer_time,1779123344.1254187,0.000094964
experiment_name,f8defd48-5f23-4c05-a9ab-39aaf179ad43,function_transfer_time,1779123344.2267509,0.000039686
experiment_name,f8defd48-5f23-4c05-a9ab-39aaf179ad43,function_transfer_time,1779123344.3280602,0.00011499
experiment_name,f8defd48-5f23-4c05-a9ab-39aaf179ad43,function_transfer_time,1779123344.429396,0.000102733
experiment_name,f8defd48-5f23-4c05-a9ab-39aaf179ad43,function_transfer_time,1779123344.5306456,0.000099002
experiment_name,6d3b0cb6-f994-41da-bbcf-31e20349765a,function_execution_time,1779123344.6319923,0.000103743
experiment_name,6d3b0cb6-f994-41da-bbcf-31e20349765a,function_execution_time,1779123344.7328339,0.000068778
experiment_name,6d3b0cb6-f994-41da-bbcf-31e20349765a,function_execution_time,1779123344.8341665,0.000088658
experiment_name,6d3b0cb6-f994-41da-bbcf-31e20349765a,function_execution_time,1779123344.9355192,0.000077733
experiment_name,6d3b0cb6-f994-41da-bbcf-31e20349765a,function_execution_time,1779123345.03683,0.000080005
experiment_name,6d3b0cb6-f994-41da-bbcf-31e20349765a,function_execution_time,1779123345.138161,0.000073335
experiment_name,6d3b0cb6-f994-41da-bbcf-31e20349765a,function_execution_time,1779123345.239587,0.000172737
experiment_name,6d3b0cb6-f994-41da-bbcf-31e20349765a,function_execution_time,1779123345.3408864,0.000087106
experiment_name,6d3b0cb6-f994-41da-bbcf-31e20349765a,function_execution_time,1779123345.4423237,0.000101811
experiment_name,6d3b0cb6-f994-41da-bbcf-31e20349765a,function_execution_time,1779123345.5436482,0.000080404
experiment_name,6d3b0cb6-f994-41da-bbcf-31e20349765a,function_execution_time,1779123345.6449425,0.00008527
experiment_name,6d3b0cb6-f994-41da-bbcf-31e20349765a,function_execution_time,1779123345.746264,0.000073482
experiment_name,6d3b0cb6-f994-41da-bbcf-31e20349765a,function_execution_time,1779123345.8476343,0.00007902
experiment_name,6d3b0cb6-f994-41da-bbcf-31e20349765a,function_execution_time,1779123345.9489806,0.000084803
experiment_name,6d3b0cb6-f994-41da-bbcf-31e20349765a,function_execution_time,1779123346.0502908,0.000077999
experiment_name,6d3b0cb6-f994-41da-bbcf-31e20349765a,function_execution_time,1779123346.151629,0.000077858
experiment_name,6d3b0cb6-f994-41da-bbcf-31e20349765a,function_execution_time,1779123346.2530262,0.000164539
experiment_name,6d3b0cb6-f994-41da-bbcf-31e20349765a,function_execution_time,1779123346.3543856,0.000084138
experiment_name,6d3b0cb6-f994-41da-bbcf-31e20349765a,function_execution_time,1779123346.4556284,0.000071487
experiment_name,6d3b0cb6-f994-41da-bbcf-31e20349765a,function_execution_time,1779123346.5568793,0.000069287
experiment_name,f8defd48-5f23-4c05-a9ab-39aaf179ad43,function_execution_time,1779123344.631994,0.000067852
experiment_name,f8defd48-5f23-4c05-a9ab-39aaf179ad43,function_execution_time,1779123344.7329433,0.000077483
experiment_name,f8defd48-5f23-4c05-a9ab-39aaf179ad43,function_execution_time,1779123344.8342717,0.000077673
experiment_name,f8defd48-5f23-4c05-a9ab-39aaf179ad43,function_execution_time,1779123344.9356797,0.00006017
experiment_name,f8defd48-5f23-4c05-a9ab-39aaf179ad43,function_execution_time,1779123345.0370073,0.000064088
experiment_name,f8defd48-5f23-4c05-a9ab-39aaf179ad43,function_execution_time,1779123345.1383176,0.000056628
experiment_name,f8defd48-5f23-4c05-a9ab-39aaf179ad43,function_execution_time,1779123345.2396805,0.000056369
experiment_name,f8defd48-5f23-4c05-a9ab-39aaf179ad43,function_execution_time,1779123345.3410401,0.000055505
experiment_name,f8defd48-5f23-4c05-a9ab-39aaf179ad43,function_execution_time,1779123345.4423304,0.000069892
experiment_name,f8defd48-5f23-4c05-a9ab-39aaf179ad43,function_execution_time,1779123345.5437388,0.00006221
experiment_name,f8defd48-5f23-4c05-a9ab-39aaf179ad43,function_execution_time,1779123345.6450222,0.000058105
experiment_name,f8defd48-5f23-4c05-a9ab-39aaf179ad43,function_execution_time,1779123345.7463715,0.000076776
experiment_name,f8defd48-5f23-4c05-a9ab-39aaf179ad43,function_execution_time,1779123345.8478024,0.000060755
experiment_name,f8defd48-5f23-4c05-a9ab-39aaf179ad43,function_execution_time,1779123345.9491363,0.000062407
experiment_name,f8defd48-5f23-4c05-a9ab-39aaf179ad43,function_execution_time,1779123346.0504174,0.000068385
experiment_name,f8defd48-5f23-4c05-a9ab-39aaf179ad43,function_execution_time,1779123346.1517832,0.000055931
experiment_name,f8defd48-5f23-4c05-a9ab-39aaf179ad43,function_execution_time,1779123346.2530875,0.000064432
experiment_name,f8defd48-5f23-4c05-a9ab-39aaf179ad43,function_execution_time,1779123346.3544722,0.000072969
experiment_name,f8defd48-5f23-4c05-a9ab-39aaf179ad43,function_execution_time,1779123346.4557042,0.000060409
experiment_name,f8defd48-5f23-4c05-a9ab-39aaf179ad43,function_execution_time,1779123346.5570316,0.000065401
experiment_name,b76b1106-db00-41e7-9bc0-ab642a0360a8,function_stop_time,1779123346.5781655,0.000057204
experiment_name,f8defd48-5f23-4c05-a9ab-39aaf179ad43,function_stop_time,1779123346.5877666,0.000034417
experiment_name,6d3b0cb6-f994-41da-bbcf-31e20349765a,function_stop_time,1779123346.589944,0.000039796
experiment_name,6d3b0cb6-f994-41da-bbcf-31e20349765a,function_transfer_time,1779123344.631827,0.000029935
experiment_name,6d3b0cb6-f994-41da-bbcf-31e20349765a,function_transfer_time,1779123344.7327406,0.000018247
experiment_name,6d3b0cb6-f994-41da-bbcf-31e20349765a,function_transfer_time,1779123344.834082,0.000085813
experiment_name,6d3b0cb6-f994-41da-bbcf-31e20349765a,function_transfer_time,1779123344.9354396,0.000082811
experiment_name,6d3b0cb6-f994-41da-bbcf-31e20349765a,function_transfer_time,1779123345.0367491,0.000078158
experiment_name,6d3b0cb6-f994-41da-bbcf-31e20349765a,function_transfer_time,1779123345.1380854,0.000082013
experiment_name,6d3b0cb6-f994-41da-bbcf-31e20349765a,function_transfer_time,1779123345.2394023,0.000083453
experiment_name,6d3b0cb6-f994-41da-bbcf-31e20349765a,function_transfer_time,1779123345.3407993,0.000084355
experiment_name,6d3b0cb6-f994-41da-bbcf-31e20349765a,function_transfer_time,1779123345.4421303,0.000039741
experiment_name,6d3b0cb6-f994-41da-bbcf-31e20349765a,function_transfer_time,1779123345.5435636,0.000089614
experiment_name,6d3b0cb6-f994-41da-bbcf-31e20349765a,function_transfer_time,1779123345.6448522,0.000024203
experiment_name,6d3b0cb6-f994-41da-bbcf-31e20349765a,function_transfer_time,1779123345.7461784,0.000080894
experiment_name,6d3b0cb6-f994-41da-bbcf-31e20349765a,function_transfer_time,1779123345.8475423,0.000103473
experiment_name,6d3b0cb6-f994-41da-bbcf-31e20349765a,function_transfer_time,1779123345.9488964,0.000081398
experiment_name,6d3b0cb6-f994-41da-bbcf-31e20349765a,function_transfer_time,1779123346.0502136,0.00007987
experiment_name,6d3b0cb6-f994-41da-bbcf-31e20349765a,function_transfer_time,1779123346.151548,0.00008023
experiment_name,6d3b0cb6-f994-41da-bbcf-31e20349765a,function_transfer_time,1779123346.2528515,0.000080724
experiment_name,6d3b0cb6-f994-41da-bbcf-31e20349765a,function_transfer_time,1779123346.3542316,0.000077717
experiment_name,6d3b0cb6-f994-41da-bbcf-31e20349765a,function_transfer_time,1779123346.455538,0.000076709
experiment_name,6d3b0cb6-f994-41da-bbcf-31e20349765a,function_transfer_time,1779123346.5567963,0.000016641
experiment_name,f8defd48-5f23-4c05-a9ab-39aaf179ad43,function_transfer_time,1779123344.6319892,0.000038717
experiment_name,f8defd48-5f23-4c05-a9ab-39aaf179ad43,function_transfer_time,1779123344.732907,0.000066296
experiment_name,f8defd48-5f23-4c05-a9ab-39aaf179ad43,function_transfer_time,1779123344.8342361,0.000056445
experiment_name,f8defd48-5f23-4c05-a9ab-39aaf179ad43,function_transfer_time,1779123344.9356782,0.000117785
experiment_name,f8defd48-5f23-4c05-a9ab-39aaf179ad43,function_transfer_time,1779123345.037004,0.000126765
experiment_name,f8defd48-5f23-4c05-a9ab-39aaf179ad43,function_transfer_time,1779123345.1383162,0.000116128
experiment_name,f8defd48-5f23-4c05-a9ab-39aaf179ad43,function_transfer_time,1779123345.2396083,0.000072907
experiment_name,f8defd48-5f23-4c05-a9ab-39aaf179ad43,function_transfer_time,1779123345.3410385,0.000114678
experiment_name,f8defd48-5f23-4c05-a9ab-39aaf179ad43,function_transfer_time,1779123345.442329,0.000052806
experiment_name,f8defd48-5f23-4c05-a9ab-39aaf179ad43,function_transfer_time,1779123345.5437346,0.000053249
experiment_name,f8defd48-5f23-4c05-a9ab-39aaf179ad43,function_transfer_time,1779123345.6450179,0.000052113
experiment_name,f8defd48-5f23-4c05-a9ab-39aaf179ad43,function_transfer_time,1779123345.7463357,0.000059204
experiment_name,f8defd48-5f23-4c05-a9ab-39aaf179ad43,function_transfer_time,1779123345.8478007,0.000128494
experiment_name,f8defd48-5f23-4c05-a9ab-39aaf179ad43,function_transfer_time,1779123345.9491346,0.000115576
experiment_name,f8defd48-5f23-4c05-a9ab-39aaf179ad43,function_transfer_time,1779123346.0503428,0.000063721
experiment_name,f8defd48-5f23-4c05-a9ab-39aaf179ad43,function_transfer_time,1779123346.1517818,0.000119214
experiment_name,f8defd48-5f23-4c05-a9ab-39aaf179ad43,function_transfer_time,1779123346.2530217,0.00004054
experiment_name,f8defd48-5f23-4c05-a9ab-39aaf179ad43,function_transfer_time,1779123346.3543897,0.000098702
experiment_name,f8defd48-5f23-4c05-a9ab-39aaf179ad43,function_transfer_time,1779123346.4557014,0.000055776
experiment_name,f8defd48-5f23-4c05-a9ab-39aaf179ad43,function_transfer_time,1779123346.5569654,0.000114933
experiment_name,830270c4-fc6e-4915-91d0-0e066f24486f,function_stop_time,1779123346.5938249,0.000036001
experiment_name,f41dc9c3-c1c0-48b7-b857-cfe82c057503,function_stop_time,1779123346.5877461,0.000046297
experiment_name,4ddab7da-7c91-4ab5-9049-a81307b3b0ad,function_stop_time,1779123346.5780542,0.000061279
experiment_name,b2063f4a-a424-4d21-9429-a40c5a54515d,function_stop_time,1779123346.5925426,0.00003787
experiment_name,16342434-3ee8-40f9-a0e7-c6fa2b2d0352,function_stop_time,1779123346.5804203,0.000044
experiment_name,5a5c3d13-4d6d-46c7-ba94-5237bfb4efe6,function_stop_time,1779123346.5893247,0.000040315
experiment_name,b0e22b15-95b3-40d2-ac00-6446f9cdd2ed,function_stop_time,1779123346.594325,0.000050963
experiment_name,c80cce06-0d78-419f-b1ba-fdcbde0a5bf2,function_stop_time,1779123346.592965,0.000036482
experiment_name,2f007284-fc41-4122-baf7-068bc3620ed9,function_stop_time,1779123346.5884805,0.000043463
experiment_name,d419ed66-6544-4c26-bbec-f91ccf86d05f,function_stop_time,1779123346.5888991,0.000049574
experiment_name,db4c2df0-b555-4ce9-a587-67d6ca7a3b3c,function_stop_time,1779123346.57602,0.000069316
experiment_name,640ca0cb-5810-4837-908b-4ef5772a646c,function_stop_time,1779123346.587484,0.000040167
experiment_name,63ff3638-d22f-4b8d-8566-1aeb6742801e,function_stop_time,1779123346.586924,0.000060704
experiment_name,ab4a4d98-cf0a-4a42-a678-587b9f56b07b,function_stop_time,1779123346.5855198,0.000055797
experiment_name,2db664f4-82e3-4675-81c0-7bc175c2d764,function_stop_time,1779123346.583945,0.000061667
