experiment_name,bf3a74b0-3b5d-4a54-b037-15a0fb37bb39,function_instantiate_time,1780474429.6505609,0.016859973
experiment_name,dbf25c80-7b83-4b75-8235-cfd09c67fa3a,function_instantiate_time,1780474429.649743,0.012553509
experiment_name,fa99a26a-44ea-4c4d-a730-9c75493c2a1d,function_instantiate_time,1780474429.6502113,0.015661992
experiment_name,dbf25c80-7b83-4b75-8235-cfd09c67fa3a,function_init_time,1780474429.649773,0.000044228
experiment_name,fa99a26a-44ea-4c4d-a730-9c75493c2a1d,function_init_time,1780474429.6502402,0.000029374
experiment_name,bf3a74b0-3b5d-4a54-b037-15a0fb37bb39,function_init_time,1780474429.6505997,0.00004011
experiment_name,bf3a74b0-3b5d-4a54-b037-15a0fb37bb39,function_execution_time,1780474429.6507187,0.000082324
experiment_name,bf3a74b0-3b5d-4a54-b037-15a0fb37bb39,function_execution_time,1780474429.7521386,0.000098176
experiment_name,bf3a74b0-3b5d-4a54-b037-15a0fb37bb39,function_execution_time,1780474429.853033,0.000115284
experiment_name,bf3a74b0-3b5d-4a54-b037-15a0fb37bb39,function_execution_time,1780474429.9545617,0.000119291
experiment_name,bf3a74b0-3b5d-4a54-b037-15a0fb37bb39,function_execution_time,1780474430.0558157,0.00008266
experiment_name,bf3a74b0-3b5d-4a54-b037-15a0fb37bb39,function_execution_time,1780474430.15715,0.000076786
experiment_name,bf3a74b0-3b5d-4a54-b037-15a0fb37bb39,function_execution_time,1780474430.258529,0.00012759
experiment_name,bf3a74b0-3b5d-4a54-b037-15a0fb37bb39,function_execution_time,1780474430.3598344,0.000072935
experiment_name,bf3a74b0-3b5d-4a54-b037-15a0fb37bb39,function_execution_time,1780474430.4612412,0.000083828
experiment_name,bf3a74b0-3b5d-4a54-b037-15a0fb37bb39,function_execution_time,1780474430.5625007,0.00008913
experiment_name,bf3a74b0-3b5d-4a54-b037-15a0fb37bb39,function_execution_time,1780474430.6638572,0.000158363
experiment_name,bf3a74b0-3b5d-4a54-b037-15a0fb37bb39,function_execution_time,1780474430.7651594,0.000068401
experiment_name,bf3a74b0-3b5d-4a54-b037-15a0fb37bb39,function_execution_time,1780474430.866424,0.000080016
experiment_name,bf3a74b0-3b5d-4a54-b037-15a0fb37bb39,function_execution_time,1780474430.967833,0.000091224
experiment_name,fa99a26a-44ea-4c4d-a730-9c75493c2a1d,function_execution_time,1780474429.6507688,0.000076685
experiment_name,fa99a26a-44ea-4c4d-a730-9c75493c2a1d,function_execution_time,1780474429.7522733,0.000069408
experiment_name,fa99a26a-44ea-4c4d-a730-9c75493c2a1d,function_execution_time,1780474429.8530703,0.000092006
experiment_name,fa99a26a-44ea-4c4d-a730-9c75493c2a1d,function_execution_time,1780474429.9546158,0.000108759
experiment_name,fa99a26a-44ea-4c4d-a730-9c75493c2a1d,function_execution_time,1780474430.0559747,0.000071938
experiment_name,fa99a26a-44ea-4c4d-a730-9c75493c2a1d,function_execution_time,1780474430.157306,0.000064663
experiment_name,fa99a26a-44ea-4c4d-a730-9c75493c2a1d,function_execution_time,1780474430.2585888,0.000062789
experiment_name,fa99a26a-44ea-4c4d-a730-9c75493c2a1d,function_execution_time,1780474430.359975,0.000058066
experiment_name,fa99a26a-44ea-4c4d-a730-9c75493c2a1d,function_execution_time,1780474430.4612434,0.000071927
experiment_name,fa99a26a-44ea-4c4d-a730-9c75493c2a1d,function_execution_time,1780474430.562517,0.00006318
experiment_name,fa99a26a-44ea-4c4d-a730-9c75493c2a1d,function_execution_time,1780474430.6639154,0.000058538
experiment_name,fa99a26a-44ea-4c4d-a730-9c75493c2a1d,function_execution_time,1780474430.765237,0.000057685
experiment_name,fa99a26a-44ea-4c4d-a730-9c75493c2a1d,function_execution_time,1780474430.8665829,0.000065032
experiment_name,fa99a26a-44ea-4c4d-a730-9c75493c2a1d,function_execution_time,1780474430.9678884,0.000053477
experiment_name,dbf25c80-7b83-4b75-8235-cfd09c67fa3a,function_execution_time,1780474429.8106112,0.021354239
experiment_name,dbf25c80-7b83-4b75-8235-cfd09c67fa3a,function_execution_time,1780474429.9221199,0.008901398
experiment_name,bf3a74b0-3b5d-4a54-b037-15a0fb37bb39,function_transfer_time,1780474429.6506226,0.000028066
experiment_name,bf3a74b0-3b5d-4a54-b037-15a0fb37bb39,function_transfer_time,1780474429.752042,0.000089808
experiment_name,bf3a74b0-3b5d-4a54-b037-15a0fb37bb39,function_transfer_time,1780474429.8528597,0.000099459
experiment_name,bf3a74b0-3b5d-4a54-b037-15a0fb37bb39,function_transfer_time,1780474429.954381,0.000099698
experiment_name,bf3a74b0-3b5d-4a54-b037-15a0fb37bb39,function_transfer_time,1780474430.0557308,0.000097822
experiment_name,bf3a74b0-3b5d-4a54-b037-15a0fb37bb39,function_transfer_time,1780474430.1570678,0.000082265
experiment_name,bf3a74b0-3b5d-4a54-b037-15a0fb37bb39,function_transfer_time,1780474430.2583973,0.000087871
experiment_name,bf3a74b0-3b5d-4a54-b037-15a0fb37bb39,function_transfer_time,1780474430.3597567,0.000084924
experiment_name,bf3a74b0-3b5d-4a54-b037-15a0fb37bb39,function_transfer_time,1780474430.4610991,0.000079386
experiment_name,bf3a74b0-3b5d-4a54-b037-15a0fb37bb39,function_transfer_time,1780474430.5623455,0.000023807
experiment_name,bf3a74b0-3b5d-4a54-b037-15a0fb37bb39,function_transfer_time,1780474430.6636858,0.000086645
experiment_name,bf3a74b0-3b5d-4a54-b037-15a0fb37bb39,function_transfer_time,1780474430.7650666,0.000085581
experiment_name,bf3a74b0-3b5d-4a54-b037-15a0fb37bb39,function_transfer_time,1780474430.866345,0.000023846
experiment_name,bf3a74b0-3b5d-4a54-b037-15a0fb37bb39,function_transfer_time,1780474430.9677424,0.000081059
experiment_name,fa99a26a-44ea-4c4d-a730-9c75493c2a1d,function_transfer_time,1780474429.6506858,0.000023626
experiment_name,fa99a26a-44ea-4c4d-a730-9c75493c2a1d,function_transfer_time,1780474429.7521996,0.000096038
experiment_name,fa99a26a-44ea-4c4d-a730-9c75493c2a1d,function_transfer_time,1780474429.853028,0.000044286
experiment_name,fa99a26a-44ea-4c4d-a730-9c75493c2a1d,function_transfer_time,1780474429.954557,0.000042522
experiment_name,fa99a26a-44ea-4c4d-a730-9c75493c2a1d,function_transfer_time,1780474430.0559025,0.000106367
experiment_name,fa99a26a-44ea-4c4d-a730-9c75493c2a1d,function_transfer_time,1780474430.157239,0.000108502
experiment_name,fa99a26a-44ea-4c4d-a730-9c75493c2a1d,function_transfer_time,1780474430.2585256,0.00003619
experiment_name,fa99a26a-44ea-4c4d-a730-9c75493c2a1d,function_transfer_time,1780474430.3599222,0.000109517
experiment_name,fa99a26a-44ea-4c4d-a730-9c75493c2a1d,function_transfer_time,1780474430.4612355,0.000029062
experiment_name,fa99a26a-44ea-4c4d-a730-9c75493c2a1d,function_transfer_time,1780474430.562504,0.000052174
experiment_name,fa99a26a-44ea-4c4d-a730-9c75493c2a1d,function_transfer_time,1780474430.6638532,0.000031795
experiment_name,fa99a26a-44ea-4c4d-a730-9c75493c2a1d,function_transfer_time,1780474430.7652342,0.000063217
experiment_name,fa99a26a-44ea-4c4d-a730-9c75493c2a1d,function_transfer_time,1780474430.8665175,0.000115603
experiment_name,fa99a26a-44ea-4c4d-a730-9c75493c2a1d,function_transfer_time,1780474430.9678304,0.000031018
experiment_name,dbf25c80-7b83-4b75-8235-cfd09c67fa3a,function_transfer_time,1780474429.789244,0.113014442
experiment_name,dbf25c80-7b83-4b75-8235-cfd09c67fa3a,function_transfer_time,1780474429.9132206,0.001125028
experiment_name,5b32db5e-fef9-4813-be01-6f55f820f57f,function_instantiate_time,1780474429.6648333,0.028099753
experiment_name,5b32db5e-fef9-4813-be01-6f55f820f57f,function_init_time,1780474429.6674635,0.002644464
experiment_name,5b32db5e-fef9-4813-be01-6f55f820f57f,function_execution_time,1780474429.790664,0.123177404
experiment_name,5b32db5e-fef9-4813-be01-6f55f820f57f,function_execution_time,1780474429.924539,0.002302738
experiment_name,5b32db5e-fef9-4813-be01-6f55f820f57f,function_transfer_time,1780474429.6674662,0.000058148
experiment_name,5b32db5e-fef9-4813-be01-6f55f820f57f,function_transfer_time,1780474429.9222298,0.000726611
experiment_name,bf3a74b0-3b5d-4a54-b037-15a0fb37bb39,function_execution_time,1780474431.0691545,0.000121698
experiment_name,bf3a74b0-3b5d-4a54-b037-15a0fb37bb39,function_execution_time,1780474431.1697888,0.000142698
experiment_name,bf3a74b0-3b5d-4a54-b037-15a0fb37bb39,function_execution_time,1780474431.2710502,0.000072586
experiment_name,bf3a74b0-3b5d-4a54-b037-15a0fb37bb39,function_execution_time,1780474431.3723702,0.000079929
experiment_name,bf3a74b0-3b5d-4a54-b037-15a0fb37bb39,function_execution_time,1780474431.4736807,0.000075403
experiment_name,bf3a74b0-3b5d-4a54-b037-15a0fb37bb39,function_execution_time,1780474431.575013,0.000086027
experiment_name,bf3a74b0-3b5d-4a54-b037-15a0fb37bb39,function_execution_time,1780474431.6764266,0.000148592
experiment_name,bf3a74b0-3b5d-4a54-b037-15a0fb37bb39,function_execution_time,1780474431.777713,0.000076496
experiment_name,bf3a74b0-3b5d-4a54-b037-15a0fb37bb39,function_execution_time,1780474431.878988,0.000078929
experiment_name,bf3a74b0-3b5d-4a54-b037-15a0fb37bb39,function_execution_time,1780474431.9802532,0.000086369
experiment_name,bf3a74b0-3b5d-4a54-b037-15a0fb37bb39,function_execution_time,1780474432.0805502,0.000070558
experiment_name,bf3a74b0-3b5d-4a54-b037-15a0fb37bb39,function_execution_time,1780474432.1818488,0.000069175
experiment_name,bf3a74b0-3b5d-4a54-b037-15a0fb37bb39,function_execution_time,1780474432.283171,0.000089556
experiment_name,bf3a74b0-3b5d-4a54-b037-15a0fb37bb39,function_execution_time,1780474432.3844225,0.00007107
experiment_name,bf3a74b0-3b5d-4a54-b037-15a0fb37bb39,function_execution_time,1780474432.4858897,0.000073461
experiment_name,bf3a74b0-3b5d-4a54-b037-15a0fb37bb39,function_execution_time,1780474432.5872397,0.000083881
experiment_name,bf3a74b0-3b5d-4a54-b037-15a0fb37bb39,function_execution_time,1780474432.687629,0.000142282
experiment_name,bf3a74b0-3b5d-4a54-b037-15a0fb37bb39,function_execution_time,1780474432.78894,0.00007803
experiment_name,bf3a74b0-3b5d-4a54-b037-15a0fb37bb39,function_execution_time,1780474432.8902843,0.000075899
experiment_name,bf3a74b0-3b5d-4a54-b037-15a0fb37bb39,function_execution_time,1780474432.9906278,0.000082496
experiment_name,bf3a74b0-3b5d-4a54-b037-15a0fb37bb39,function_execution_time,1780474433.0919642,0.00007059
experiment_name,bf3a74b0-3b5d-4a54-b037-15a0fb37bb39,function_execution_time,1780474433.193262,0.000071185
experiment_name,bf3a74b0-3b5d-4a54-b037-15a0fb37bb39,function_execution_time,1780474433.2936523,0.000082761
experiment_name,bf3a74b0-3b5d-4a54-b037-15a0fb37bb39,function_execution_time,1780474433.3948884,0.000073412
experiment_name,bf3a74b0-3b5d-4a54-b037-15a0fb37bb39,function_execution_time,1780474433.4961476,0.000070516
experiment_name,bf3a74b0-3b5d-4a54-b037-15a0fb37bb39,function_execution_time,1780474433.5974925,0.000090972
experiment_name,bf3a74b0-3b5d-4a54-b037-15a0fb37bb39,function_execution_time,1780474433.6988869,0.000158678
experiment_name,bf3a74b0-3b5d-4a54-b037-15a0fb37bb39,function_execution_time,1780474433.8001266,0.000064368
experiment_name,bf3a74b0-3b5d-4a54-b037-15a0fb37bb39,function_execution_time,1780474433.901459,0.000071584
experiment_name,bf3a74b0-3b5d-4a54-b037-15a0fb37bb39,function_execution_time,1780474434.0027971,0.000095179
experiment_name,bf3a74b0-3b5d-4a54-b037-15a0fb37bb39,function_execution_time,1780474434.1041124,0.000072141
experiment_name,bf3a74b0-3b5d-4a54-b037-15a0fb37bb39,function_execution_time,1780474434.2054405,0.000076722
experiment_name,bf3a74b0-3b5d-4a54-b037-15a0fb37bb39,function_execution_time,1780474434.3067832,0.000086191
experiment_name,bf3a74b0-3b5d-4a54-b037-15a0fb37bb39,function_execution_time,1780474434.4080498,0.000077876
experiment_name,bf3a74b0-3b5d-4a54-b037-15a0fb37bb39,function_execution_time,1780474434.5092497,0.000069348
experiment_name,bf3a74b0-3b5d-4a54-b037-15a0fb37bb39,function_execution_time,1780474434.609531,0.000096276
experiment_name,bf3a74b0-3b5d-4a54-b037-15a0fb37bb39,function_execution_time,1780474434.7108998,0.000146306
experiment_name,bf3a74b0-3b5d-4a54-b037-15a0fb37bb39,function_execution_time,1780474434.812233,0.000071541
experiment_name,bf3a74b0-3b5d-4a54-b037-15a0fb37bb39,function_execution_time,1780474434.9125423,0.000073352
experiment_name,bf3a74b0-3b5d-4a54-b037-15a0fb37bb39,function_execution_time,1780474435.0140593,0.000080298
experiment_name,bf3a74b0-3b5d-4a54-b037-15a0fb37bb39,function_execution_time,1780474435.115374,0.000072167
experiment_name,bf3a74b0-3b5d-4a54-b037-15a0fb37bb39,function_execution_time,1780474435.2167706,0.000081393
experiment_name,bf3a74b0-3b5d-4a54-b037-15a0fb37bb39,function_execution_time,1780474435.3179958,0.000079311
experiment_name,bf3a74b0-3b5d-4a54-b037-15a0fb37bb39,function_execution_time,1780474435.4192722,0.00008402
experiment_name,bf3a74b0-3b5d-4a54-b037-15a0fb37bb39,function_execution_time,1780474435.5195727,0.000070824
experiment_name,bf3a74b0-3b5d-4a54-b037-15a0fb37bb39,function_execution_time,1780474435.620945,0.000085423
experiment_name,bf3a74b0-3b5d-4a54-b037-15a0fb37bb39,function_execution_time,1780474435.7222738,0.000143827
experiment_name,bf3a74b0-3b5d-4a54-b037-15a0fb37bb39,function_execution_time,1780474435.8225517,0.000073893
experiment_name,bf3a74b0-3b5d-4a54-b037-15a0fb37bb39,function_execution_time,1780474435.9238725,0.000076668
experiment_name,fa99a26a-44ea-4c4d-a730-9c75493c2a1d,function_execution_time,1780474431.0692348,0.000086126
experiment_name,fa99a26a-44ea-4c4d-a730-9c75493c2a1d,function_execution_time,1780474431.1699371,0.000094417
experiment_name,fa99a26a-44ea-4c4d-a730-9c75493c2a1d,function_execution_time,1780474431.2712207,0.000068208
experiment_name,fa99a26a-44ea-4c4d-a730-9c75493c2a1d,function_execution_time,1780474431.3724627,0.000069132
experiment_name,fa99a26a-44ea-4c4d-a730-9c75493c2a1d,function_execution_time,1780474431.4738576,0.000060961
experiment_name,fa99a26a-44ea-4c4d-a730-9c75493c2a1d,function_execution_time,1780474431.5751588,0.000060683
experiment_name,fa99a26a-44ea-4c4d-a730-9c75493c2a1d,function_execution_time,1780474431.6764991,0.000068302
experiment_name,fa99a26a-44ea-4c4d-a730-9c75493c2a1d,function_execution_time,1780474431.7778761,0.000074188
experiment_name,fa99a26a-44ea-4c4d-a730-9c75493c2a1d,function_execution_time,1780474431.879171,0.000062406
experiment_name,fa99a26a-44ea-4c4d-a730-9c75493c2a1d,function_execution_time,1780474431.9803748,0.000061119
experiment_name,fa99a26a-44ea-4c4d-a730-9c75493c2a1d,function_execution_time,1780474432.0807145,0.000057129
experiment_name,fa99a26a-44ea-4c4d-a730-9c75493c2a1d,function_execution_time,1780474432.182018,0.000067063
experiment_name,fa99a26a-44ea-4c4d-a730-9c75493c2a1d,function_execution_time,1780474432.2832708,0.000064142
experiment_name,fa99a26a-44ea-4c4d-a730-9c75493c2a1d,function_execution_time,1780474432.384585,0.000055668
experiment_name,fa99a26a-44ea-4c4d-a730-9c75493c2a1d,function_execution_time,1780474432.486047,0.000057969
experiment_name,fa99a26a-44ea-4c4d-a730-9c75493c2a1d,function_execution_time,1780474432.587392,0.000065262
experiment_name,fa99a26a-44ea-4c4d-a730-9c75493c2a1d,function_execution_time,1780474432.6877007,0.00006765
experiment_name,fa99a26a-44ea-4c4d-a730-9c75493c2a1d,function_execution_time,1780474432.7890918,0.000063131
experiment_name,fa99a26a-44ea-4c4d-a730-9c75493c2a1d,function_execution_time,1780474432.8904605,0.000076295
experiment_name,fa99a26a-44ea-4c4d-a730-9c75493c2a1d,function_execution_time,1780474432.9907148,0.000060202
experiment_name,fa99a26a-44ea-4c4d-a730-9c75493c2a1d,function_execution_time,1780474433.092107,0.000064134
experiment_name,fa99a26a-44ea-4c4d-a730-9c75493c2a1d,function_execution_time,1780474433.1934035,0.000056355
experiment_name,fa99a26a-44ea-4c4d-a730-9c75493c2a1d,function_execution_time,1780474433.2936556,0.000056106
experiment_name,fa99a26a-44ea-4c4d-a730-9c75493c2a1d,function_execution_time,1780474433.3949656,0.000056132
experiment_name,fa99a26a-44ea-4c4d-a730-9c75493c2a1d,function_execution_time,1780474433.496243,0.000068884
experiment_name,fa99a26a-44ea-4c4d-a730-9c75493c2a1d,function_execution_time,1780474433.597564,0.000053995
experiment_name,fa99a26a-44ea-4c4d-a730-9c75493c2a1d,function_execution_time,1780474433.6989434,0.000057918
experiment_name,fa99a26a-44ea-4c4d-a730-9c75493c2a1d,function_execution_time,1780474433.8001955,0.000051327
experiment_name,fa99a26a-44ea-4c4d-a730-9c75493c2a1d,function_execution_time,1780474433.9016068,0.000059626
experiment_name,fa99a26a-44ea-4c4d-a730-9c75493c2a1d,function_execution_time,1780474434.0028536,0.000057997
experiment_name,fa99a26a-44ea-4c4d-a730-9c75493c2a1d,function_execution_time,1780474434.1041975,0.000060304
experiment_name,fa99a26a-44ea-4c4d-a730-9c75493c2a1d,function_execution_time,1780474434.2055316,0.000059232
experiment_name,fa99a26a-44ea-4c4d-a730-9c75493c2a1d,function_execution_time,1780474434.3068593,0.00006806
experiment_name,fa99a26a-44ea-4c4d-a730-9c75493c2a1d,function_execution_time,1780474434.4081454,0.0000581
experiment_name,fa99a26a-44ea-4c4d-a730-9c75493c2a1d,function_execution_time,1780474434.5093994,0.000058999
experiment_name,fa99a26a-44ea-4c4d-a730-9c75493c2a1d,function_execution_time,1780474434.6095903,0.000061825
experiment_name,fa99a26a-44ea-4c4d-a730-9c75493c2a1d,function_execution_time,1780474434.7109537,0.000056359
experiment_name,fa99a26a-44ea-4c4d-a730-9c75493c2a1d,function_execution_time,1780474434.8123832,0.000058731
experiment_name,fa99a26a-44ea-4c4d-a730-9c75493c2a1d,function_execution_time,1780474434.912706,0.000056765
experiment_name,fa99a26a-44ea-4c4d-a730-9c75493c2a1d,function_execution_time,1780474435.0142236,0.000055475
experiment_name,fa99a26a-44ea-4c4d-a730-9c75493c2a1d,function_execution_time,1780474435.1155448,0.000064402
experiment_name,fa99a26a-44ea-4c4d-a730-9c75493c2a1d,function_execution_time,1780474435.2167957,0.000070772
experiment_name,fa99a26a-44ea-4c4d-a730-9c75493c2a1d,function_execution_time,1780474435.3181498,0.0000586
experiment_name,fa99a26a-44ea-4c4d-a730-9c75493c2a1d,function_execution_time,1780474435.4193296,0.000060166
experiment_name,fa99a26a-44ea-4c4d-a730-9c75493c2a1d,function_execution_time,1780474435.5197284,0.000058355
experiment_name,fa99a26a-44ea-4c4d-a730-9c75493c2a1d,function_execution_time,1780474435.6209807,0.000080831
experiment_name,fa99a26a-44ea-4c4d-a730-9c75493c2a1d,function_execution_time,1780474435.7223246,0.000054899
experiment_name,fa99a26a-44ea-4c4d-a730-9c75493c2a1d,function_execution_time,1780474435.8227127,0.000056877
experiment_name,fa99a26a-44ea-4c4d-a730-9c75493c2a1d,function_execution_time,1780474435.924046,0.000058603
experiment_name,bf3a74b0-3b5d-4a54-b037-15a0fb37bb39,function_transfer_time,1780474431.0690246,0.000040995
experiment_name,bf3a74b0-3b5d-4a54-b037-15a0fb37bb39,function_transfer_time,1780474431.1696413,0.00010111
experiment_name,bf3a74b0-3b5d-4a54-b037-15a0fb37bb39,function_transfer_time,1780474431.2709677,0.000085214
experiment_name,bf3a74b0-3b5d-4a54-b037-15a0fb37bb39,function_transfer_time,1780474431.3722918,0.000081916
experiment_name,bf3a74b0-3b5d-4a54-b037-15a0fb37bb39,function_transfer_time,1780474431.473601,0.000073654
experiment_name,bf3a74b0-3b5d-4a54-b037-15a0fb37bb39,function_transfer_time,1780474431.5749254,0.000085242
experiment_name,bf3a74b0-3b5d-4a54-b037-15a0fb37bb39,function_transfer_time,1780474431.6762726,0.000080485
experiment_name,bf3a74b0-3b5d-4a54-b037-15a0fb37bb39,function_transfer_time,1780474431.777633,0.000087063
experiment_name,bf3a74b0-3b5d-4a54-b037-15a0fb37bb39,function_transfer_time,1780474431.8789032,0.000021353
experiment_name,bf3a74b0-3b5d-4a54-b037-15a0fb37bb39,function_transfer_time,1780474431.9801672,0.000023165
experiment_name,bf3a74b0-3b5d-4a54-b037-15a0fb37bb39,function_transfer_time,1780474432.080469,0.000074534
experiment_name,bf3a74b0-3b5d-4a54-b037-15a0fb37bb39,function_transfer_time,1780474432.1817663,0.000080461
experiment_name,bf3a74b0-3b5d-4a54-b037-15a0fb37bb39,function_transfer_time,1780474432.283026,0.000023343
experiment_name,bf3a74b0-3b5d-4a54-b037-15a0fb37bb39,function_transfer_time,1780474432.3844202,0.000075595
experiment_name,bf3a74b0-3b5d-4a54-b037-15a0fb37bb39,function_transfer_time,1780474432.4858153,0.000081006
experiment_name,bf3a74b0-3b5d-4a54-b037-15a0fb37bb39,function_transfer_time,1780474432.5871544,0.000092758
experiment_name,bf3a74b0-3b5d-4a54-b037-15a0fb37bb39,function_transfer_time,1780474432.6874804,0.000083287
experiment_name,bf3a74b0-3b5d-4a54-b037-15a0fb37bb39,function_transfer_time,1780474432.7888567,0.00008553
experiment_name,bf3a74b0-3b5d-4a54-b037-15a0fb37bb39,function_transfer_time,1780474432.8902004,0.000079955
experiment_name,bf3a74b0-3b5d-4a54-b037-15a0fb37bb39,function_transfer_time,1780474432.990544,0.000092949
experiment_name,bf3a74b0-3b5d-4a54-b037-15a0fb37bb39,function_transfer_time,1780474433.0918765,0.000073327
experiment_name,bf3a74b0-3b5d-4a54-b037-15a0fb37bb39,function_transfer_time,1780474433.1931844,0.000080335
experiment_name,bf3a74b0-3b5d-4a54-b037-15a0fb37bb39,function_transfer_time,1780474433.2935052,0.000074831
experiment_name,bf3a74b0-3b5d-4a54-b037-15a0fb37bb39,function_transfer_time,1780474433.3948123,0.00008082
experiment_name,bf3a74b0-3b5d-4a54-b037-15a0fb37bb39,function_transfer_time,1780474433.496071,0.000024791
experiment_name,bf3a74b0-3b5d-4a54-b037-15a0fb37bb39,function_transfer_time,1780474433.5974052,0.000082482
experiment_name,bf3a74b0-3b5d-4a54-b037-15a0fb37bb39,function_transfer_time,1780474433.698722,0.000076703
experiment_name,bf3a74b0-3b5d-4a54-b037-15a0fb37bb39,function_transfer_time,1780474433.8000515,0.000022341
experiment_name,bf3a74b0-3b5d-4a54-b037-15a0fb37bb39,function_transfer_time,1780474433.9013653,0.000084182
experiment_name,bf3a74b0-3b5d-4a54-b037-15a0fb37bb39,function_transfer_time,1780474434.0026982,0.000077582
experiment_name,bf3a74b0-3b5d-4a54-b037-15a0fb37bb39,function_transfer_time,1780474434.104033,0.000085045
experiment_name,bf3a74b0-3b5d-4a54-b037-15a0fb37bb39,function_transfer_time,1780474434.205352,0.000090589
experiment_name,bf3a74b0-3b5d-4a54-b037-15a0fb37bb39,function_transfer_time,1780474434.3066394,0.00002479
experiment_name,bf3a74b0-3b5d-4a54-b037-15a0fb37bb39,function_transfer_time,1780474434.40792,0.000074945
experiment_name,bf3a74b0-3b5d-4a54-b037-15a0fb37bb39,function_transfer_time,1780474434.509164,0.000026778
experiment_name,bf3a74b0-3b5d-4a54-b037-15a0fb37bb39,function_transfer_time,1780474434.6094341,0.000023566
experiment_name,bf3a74b0-3b5d-4a54-b037-15a0fb37bb39,function_transfer_time,1780474434.7107427,0.000076459
experiment_name,bf3a74b0-3b5d-4a54-b037-15a0fb37bb39,function_transfer_time,1780474434.8121545,0.000022213
experiment_name,bf3a74b0-3b5d-4a54-b037-15a0fb37bb39,function_transfer_time,1780474434.9124649,0.000077855
experiment_name,bf3a74b0-3b5d-4a54-b037-15a0fb37bb39,function_transfer_time,1780474435.0139742,0.000081571
experiment_name,bf3a74b0-3b5d-4a54-b037-15a0fb37bb39,function_transfer_time,1780474435.1152902,0.000080984
experiment_name,bf3a74b0-3b5d-4a54-b037-15a0fb37bb39,function_transfer_time,1780474435.2166376,0.000086593
experiment_name,bf3a74b0-3b5d-4a54-b037-15a0fb37bb39,function_transfer_time,1780474435.317911,0.000083322
experiment_name,bf3a74b0-3b5d-4a54-b037-15a0fb37bb39,function_transfer_time,1780474435.4191768,0.000022509
experiment_name,bf3a74b0-3b5d-4a54-b037-15a0fb37bb39,function_transfer_time,1780474435.5194886,0.000076155
experiment_name,bf3a74b0-3b5d-4a54-b037-15a0fb37bb39,function_transfer_time,1780474435.6208057,0.00009169
experiment_name,bf3a74b0-3b5d-4a54-b037-15a0fb37bb39,function_transfer_time,1780474435.722121,0.000076672
experiment_name,bf3a74b0-3b5d-4a54-b037-15a0fb37bb39,function_transfer_time,1780474435.8224757,0.000086885
experiment_name,bf3a74b0-3b5d-4a54-b037-15a0fb37bb39,function_transfer_time,1780474435.9237995,0.000076688
experiment_name,fa99a26a-44ea-4c4d-a730-9c75493c2a1d,function_transfer_time,1780474431.069148,0.00004271
experiment_name,fa99a26a-44ea-4c4d-a730-9c75493c2a1d,function_transfer_time,1780474431.1698337,0.00010557
experiment_name,fa99a26a-44ea-4c4d-a730-9c75493c2a1d,function_transfer_time,1780474431.271152,0.000127625
experiment_name,fa99a26a-44ea-4c4d-a730-9c75493c2a1d,function_transfer_time,1780474431.3723927,0.000040977
experiment_name,fa99a26a-44ea-4c4d-a730-9c75493c2a1d,function_transfer_time,1780474431.473796,0.000140459
experiment_name,fa99a26a-44ea-4c4d-a730-9c75493c2a1d,function_transfer_time,1780474431.5750978,0.000106482
experiment_name,fa99a26a-44ea-4c4d-a730-9c75493c2a1d,function_transfer_time,1780474431.6764393,0.000037416
experiment_name,fa99a26a-44ea-4c4d-a730-9c75493c2a1d,function_transfer_time,1780474431.7778003,0.000111729
experiment_name,fa99a26a-44ea-4c4d-a730-9c75493c2a1d,function_transfer_time,1780474431.8791077,0.000148332
experiment_name,fa99a26a-44ea-4c4d-a730-9c75493c2a1d,function_transfer_time,1780474431.9803088,0.000091859
experiment_name,fa99a26a-44ea-4c4d-a730-9c75493c2a1d,function_transfer_time,1780474432.0806556,0.000130716
experiment_name,fa99a26a-44ea-4c4d-a730-9c75493c2a1d,function_transfer_time,1780474432.18195,0.000130265
experiment_name,fa99a26a-44ea-4c4d-a730-9c75493c2a1d,function_transfer_time,1780474432.2832012,0.000112862
experiment_name,fa99a26a-44ea-4c4d-a730-9c75493c2a1d,function_transfer_time,1780474432.3845303,0.000122093
experiment_name,fa99a26a-44ea-4c4d-a730-9c75493c2a1d,function_transfer_time,1780474432.4859884,0.000118018
experiment_name,fa99a26a-44ea-4c4d-a730-9c75493c2a1d,function_transfer_time,1780474432.587334,0.000114879
experiment_name,fa99a26a-44ea-4c4d-a730-9c75493c2a1d,function_transfer_time,1780474432.6876328,0.000035611
experiment_name,fa99a26a-44ea-4c4d-a730-9c75493c2a1d,function_transfer_time,1780474432.7890358,0.000114072
experiment_name,fa99a26a-44ea-4c4d-a730-9c75493c2a1d,function_transfer_time,1780474432.8903787,0.000117241
experiment_name,fa99a26a-44ea-4c4d-a730-9c75493c2a1d,function_transfer_time,1780474432.9906547,0.000055356
experiment_name,fa99a26a-44ea-4c4d-a730-9c75493c2a1d,function_transfer_time,1780474433.092043,0.000111371
experiment_name,fa99a26a-44ea-4c4d-a730-9c75493c2a1d,function_transfer_time,1780474433.1933463,0.000108212
experiment_name,fa99a26a-44ea-4c4d-a730-9c75493c2a1d,function_transfer_time,1780474433.2936544,0.000042167
experiment_name,fa99a26a-44ea-4c4d-a730-9c75493c2a1d,function_transfer_time,1780474433.3949084,0.000042115
experiment_name,fa99a26a-44ea-4c4d-a730-9c75493c2a1d,function_transfer_time,1780474433.496229,0.000046308
experiment_name,fa99a26a-44ea-4c4d-a730-9c75493c2a1d,function_transfer_time,1780474433.5975614,0.000044357
experiment_name,fa99a26a-44ea-4c4d-a730-9c75493c2a1d,function_transfer_time,1780474433.6988842,0.000031593
experiment_name,fa99a26a-44ea-4c4d-a730-9c75493c2a1d,function_transfer_time,1780474433.800193,0.00004796
experiment_name,fa99a26a-44ea-4c4d-a730-9c75493c2a1d,function_transfer_time,1780474433.9015417,0.000129074
experiment_name,fa99a26a-44ea-4c4d-a730-9c75493c2a1d,function_transfer_time,1780474434.0027947,0.000031248
experiment_name,fa99a26a-44ea-4c4d-a730-9c75493c2a1d,function_transfer_time,1780474434.104182,0.000048533
experiment_name,fa99a26a-44ea-4c4d-a730-9c75493c2a1d,function_transfer_time,1780474434.2054725,0.000061847
experiment_name,fa99a26a-44ea-4c4d-a730-9c75493c2a1d,function_transfer_time,1780474434.3067896,0.000095332
experiment_name,fa99a26a-44ea-4c4d-a730-9c75493c2a1d,function_transfer_time,1780474434.4080803,0.000109246
experiment_name,fa99a26a-44ea-4c4d-a730-9c75493c2a1d,function_transfer_time,1780474434.5093403,0.000120591
experiment_name,fa99a26a-44ea-4c4d-a730-9c75493c2a1d,function_transfer_time,1780474434.6095283,0.000035342
experiment_name,fa99a26a-44ea-4c4d-a730-9c75493c2a1d,function_transfer_time,1780474434.710903,0.000035478
experiment_name,fa99a26a-44ea-4c4d-a730-9c75493c2a1d,function_transfer_time,1780474434.8123236,0.000113455
experiment_name,fa99a26a-44ea-4c4d-a730-9c75493c2a1d,function_transfer_time,1780474434.9126494,0.000127819
experiment_name,fa99a26a-44ea-4c4d-a730-9c75493c2a1d,function_transfer_time,1780474435.0141666,0.000130241
experiment_name,fa99a26a-44ea-4c4d-a730-9c75493c2a1d,function_transfer_time,1780474435.1154728,0.000127771
experiment_name,fa99a26a-44ea-4c4d-a730-9c75493c2a1d,function_transfer_time,1780474435.2167666,0.00003381
experiment_name,fa99a26a-44ea-4c4d-a730-9c75493c2a1d,function_transfer_time,1780474435.3180912,0.000125919
experiment_name,fa99a26a-44ea-4c4d-a730-9c75493c2a1d,function_transfer_time,1780474435.419269,0.000033589
experiment_name,fa99a26a-44ea-4c4d-a730-9c75493c2a1d,function_transfer_time,1780474435.5196698,0.000124987
experiment_name,fa99a26a-44ea-4c4d-a730-9c75493c2a1d,function_transfer_time,1780474435.6209488,0.00003483
experiment_name,fa99a26a-44ea-4c4d-a730-9c75493c2a1d,function_transfer_time,1780474435.7222703,0.000030516
experiment_name,fa99a26a-44ea-4c4d-a730-9c75493c2a1d,function_transfer_time,1780474435.822655,0.00012367
experiment_name,fa99a26a-44ea-4c4d-a730-9c75493c2a1d,function_transfer_time,1780474435.9239817,0.000124475
experiment_name,bf3a74b0-3b5d-4a54-b037-15a0fb37bb39,function_execution_time,1780474436.0249116,0.000095786
experiment_name,bf3a74b0-3b5d-4a54-b037-15a0fb37bb39,function_execution_time,1780474436.125704,0.000086903
experiment_name,bf3a74b0-3b5d-4a54-b037-15a0fb37bb39,function_execution_time,1780474436.226961,0.000078164
experiment_name,bf3a74b0-3b5d-4a54-b037-15a0fb37bb39,function_execution_time,1780474436.328272,0.000074344
experiment_name,bf3a74b0-3b5d-4a54-b037-15a0fb37bb39,function_execution_time,1780474436.4285347,0.000068888
experiment_name,bf3a74b0-3b5d-4a54-b037-15a0fb37bb39,function_execution_time,1780474436.5299282,0.000089936
experiment_name,bf3a74b0-3b5d-4a54-b037-15a0fb37bb39,function_execution_time,1780474436.6311655,0.000072155
experiment_name,bf3a74b0-3b5d-4a54-b037-15a0fb37bb39,function_execution_time,1780474436.73258,0.000146732
experiment_name,bf3a74b0-3b5d-4a54-b037-15a0fb37bb39,function_execution_time,1780474436.833888,0.000090361
experiment_name,bf3a74b0-3b5d-4a54-b037-15a0fb37bb39,function_execution_time,1780474436.9352858,0.000069649
experiment_name,bf3a74b0-3b5d-4a54-b037-15a0fb37bb39,function_execution_time,1780474437.0356028,0.000072702
experiment_name,bf3a74b0-3b5d-4a54-b037-15a0fb37bb39,function_execution_time,1780474437.1369226,0.000076726
experiment_name,bf3a74b0-3b5d-4a54-b037-15a0fb37bb39,function_execution_time,1780474437.23828,0.000082311
experiment_name,bf3a74b0-3b5d-4a54-b037-15a0fb37bb39,function_execution_time,1780474437.3395467,0.000084126
experiment_name,bf3a74b0-3b5d-4a54-b037-15a0fb37bb39,function_execution_time,1780474437.4408,0.000081953
experiment_name,bf3a74b0-3b5d-4a54-b037-15a0fb37bb39,function_execution_time,1780474437.5420158,0.000079459
experiment_name,bf3a74b0-3b5d-4a54-b037-15a0fb37bb39,function_execution_time,1780474437.6433594,0.000082615
experiment_name,bf3a74b0-3b5d-4a54-b037-15a0fb37bb39,function_execution_time,1780474437.7447202,0.000134232
experiment_name,bf3a74b0-3b5d-4a54-b037-15a0fb37bb39,function_execution_time,1780474437.8459628,0.000079945
experiment_name,bf3a74b0-3b5d-4a54-b037-15a0fb37bb39,function_execution_time,1780474437.9472985,0.000075129
experiment_name,bf3a74b0-3b5d-4a54-b037-15a0fb37bb39,function_execution_time,1780474438.0476692,0.000080439
experiment_name,bf3a74b0-3b5d-4a54-b037-15a0fb37bb39,function_execution_time,1780474438.1489167,0.000069641
experiment_name,bf3a74b0-3b5d-4a54-b037-15a0fb37bb39,function_execution_time,1780474438.25018,0.000084548
experiment_name,bf3a74b0-3b5d-4a54-b037-15a0fb37bb39,function_execution_time,1780474438.351504,0.000086945
experiment_name,bf3a74b0-3b5d-4a54-b037-15a0fb37bb39,function_execution_time,1780474438.452683,0.000072903
experiment_name,bf3a74b0-3b5d-4a54-b037-15a0fb37bb39,function_execution_time,1780474438.5540104,0.000080369
experiment_name,bf3a74b0-3b5d-4a54-b037-15a0fb37bb39,function_execution_time,1780474438.6553917,0.000075104
experiment_name,bf3a74b0-3b5d-4a54-b037-15a0fb37bb39,function_execution_time,1780474438.7567136,0.000142149
experiment_name,bf3a74b0-3b5d-4a54-b037-15a0fb37bb39,function_execution_time,1780474438.8580377,0.000049894
experiment_name,bf3a74b0-3b5d-4a54-b037-15a0fb37bb39,function_execution_time,1780474438.95941,0.000083443
experiment_name,bf3a74b0-3b5d-4a54-b037-15a0fb37bb39,function_execution_time,1780474439.0606537,0.000077499
experiment_name,bf3a74b0-3b5d-4a54-b037-15a0fb37bb39,function_execution_time,1780474439.1621876,0.00007963
experiment_name,bf3a74b0-3b5d-4a54-b037-15a0fb37bb39,function_execution_time,1780474439.263453,0.000106156
experiment_name,bf3a74b0-3b5d-4a54-b037-15a0fb37bb39,function_execution_time,1780474439.364818,0.000088437
experiment_name,bf3a74b0-3b5d-4a54-b037-15a0fb37bb39,function_execution_time,1780474439.4660375,0.000071284
experiment_name,bf3a74b0-3b5d-4a54-b037-15a0fb37bb39,function_execution_time,1780474439.5673323,0.000093386
experiment_name,bf3a74b0-3b5d-4a54-b037-15a0fb37bb39,function_execution_time,1780474439.6676364,0.000082494
experiment_name,bf3a74b0-3b5d-4a54-b037-15a0fb37bb39,function_execution_time,1780474439.7689986,0.000148559
experiment_name,bf3a74b0-3b5d-4a54-b037-15a0fb37bb39,function_execution_time,1780474439.8703094,0.00008614
experiment_name,bf3a74b0-3b5d-4a54-b037-15a0fb37bb39,function_execution_time,1780474439.9708364,0.000082187
experiment_name,bf3a74b0-3b5d-4a54-b037-15a0fb37bb39,function_execution_time,1780474440.0720975,0.000069747
experiment_name,bf3a74b0-3b5d-4a54-b037-15a0fb37bb39,function_execution_time,1780474440.1734006,0.000076787
experiment_name,bf3a74b0-3b5d-4a54-b037-15a0fb37bb39,function_execution_time,1780474440.274807,0.000086464
experiment_name,bf3a74b0-3b5d-4a54-b037-15a0fb37bb39,function_execution_time,1780474440.3760233,0.000071574
experiment_name,bf3a74b0-3b5d-4a54-b037-15a0fb37bb39,function_execution_time,1780474440.4772677,0.000069543
experiment_name,bf3a74b0-3b5d-4a54-b037-15a0fb37bb39,function_execution_time,1780474440.5775502,0.000088859
experiment_name,bf3a74b0-3b5d-4a54-b037-15a0fb37bb39,function_execution_time,1780474440.678989,0.000073617
experiment_name,bf3a74b0-3b5d-4a54-b037-15a0fb37bb39,function_execution_time,1780474440.7804167,0.000171311
experiment_name,bf3a74b0-3b5d-4a54-b037-15a0fb37bb39,function_execution_time,1780474440.8816934,0.00007034
experiment_name,bf3a74b0-3b5d-4a54-b037-15a0fb37bb39,function_execution_time,1780474440.9830132,0.000077197
experiment_name,fa99a26a-44ea-4c4d-a730-9c75493c2a1d,function_execution_time,1780474436.024966,0.000075807
experiment_name,fa99a26a-44ea-4c4d-a730-9c75493c2a1d,function_execution_time,1780474436.1257498,0.000064619
experiment_name,fa99a26a-44ea-4c4d-a730-9c75493c2a1d,function_execution_time,1780474436.227116,0.000056805
experiment_name,fa99a26a-44ea-4c4d-a730-9c75493c2a1d,function_execution_time,1780474436.3284497,0.000056463
experiment_name,fa99a26a-44ea-4c4d-a730-9c75493c2a1d,function_execution_time,1780474436.428685,0.000058217
experiment_name,fa99a26a-44ea-4c4d-a730-9c75493c2a1d,function_execution_time,1780474436.529932,0.000066726
experiment_name,fa99a26a-44ea-4c4d-a730-9c75493c2a1d,function_execution_time,1780474436.6313097,0.000054988
experiment_name,fa99a26a-44ea-4c4d-a730-9c75493c2a1d,function_execution_time,1780474436.7326317,0.000054198
experiment_name,fa99a26a-44ea-4c4d-a730-9c75493c2a1d,function_execution_time,1780474436.8339505,0.000058872
experiment_name,fa99a26a-44ea-4c4d-a730-9c75493c2a1d,function_execution_time,1780474436.9354756,0.000077669
experiment_name,fa99a26a-44ea-4c4d-a730-9c75493c2a1d,function_execution_time,1780474437.0357513,0.000058456
experiment_name,fa99a26a-44ea-4c4d-a730-9c75493c2a1d,function_execution_time,1780474437.1371014,0.000057676
experiment_name,fa99a26a-44ea-4c4d-a730-9c75493c2a1d,function_execution_time,1780474437.2382839,0.000058444
experiment_name,fa99a26a-44ea-4c4d-a730-9c75493c2a1d,function_execution_time,1780474437.3396564,0.000057167
experiment_name,fa99a26a-44ea-4c4d-a730-9c75493c2a1d,function_execution_time,1780474437.4408593,0.000062829
experiment_name,fa99a26a-44ea-4c4d-a730-9c75493c2a1d,function_execution_time,1780474437.5421894,0.000058857
experiment_name,fa99a26a-44ea-4c4d-a730-9c75493c2a1d,function_execution_time,1780474437.643501,0.000070628
experiment_name,fa99a26a-44ea-4c4d-a730-9c75493c2a1d,function_execution_time,1780474437.7447734,0.000054996
experiment_name,fa99a26a-44ea-4c4d-a730-9c75493c2a1d,function_execution_time,1780474437.8461242,0.000064939
experiment_name,fa99a26a-44ea-4c4d-a730-9c75493c2a1d,function_execution_time,1780474437.9474676,0.000073363
experiment_name,fa99a26a-44ea-4c4d-a730-9c75493c2a1d,function_execution_time,1780474438.0477314,0.00005869
experiment_name,fa99a26a-44ea-4c4d-a730-9c75493c2a1d,function_execution_time,1780474438.1490772,0.000056494
experiment_name,fa99a26a-44ea-4c4d-a730-9c75493c2a1d,function_execution_time,1780474438.2502692,0.00006237
experiment_name,fa99a26a-44ea-4c4d-a730-9c75493c2a1d,function_execution_time,1780474438.3516183,0.000062408
experiment_name,fa99a26a-44ea-4c4d-a730-9c75493c2a1d,function_execution_time,1780474438.4528391,0.000058251
experiment_name,fa99a26a-44ea-4c4d-a730-9c75493c2a1d,function_execution_time,1780474438.554166,0.000055391
experiment_name,fa99a26a-44ea-4c4d-a730-9c75493c2a1d,function_execution_time,1780474438.655511,0.000059822
experiment_name,fa99a26a-44ea-4c4d-a730-9c75493c2a1d,function_execution_time,1780474438.756771,0.000061553
experiment_name,fa99a26a-44ea-4c4d-a730-9c75493c2a1d,function_execution_time,1780474438.8581948,0.000055264
experiment_name,fa99a26a-44ea-4c4d-a730-9c75493c2a1d,function_execution_time,1780474438.9595108,0.000055364
experiment_name,fa99a26a-44ea-4c4d-a730-9c75493c2a1d,function_execution_time,1780474439.0608118,0.000059663
experiment_name,fa99a26a-44ea-4c4d-a730-9c75493c2a1d,function_execution_time,1780474439.162199,0.000070343
experiment_name,fa99a26a-44ea-4c4d-a730-9c75493c2a1d,function_execution_time,1780474439.263501,0.000066999
experiment_name,fa99a26a-44ea-4c4d-a730-9c75493c2a1d,function_execution_time,1780474439.3649666,0.00006589
experiment_name,fa99a26a-44ea-4c4d-a730-9c75493c2a1d,function_execution_time,1780474439.4661202,0.000055439
experiment_name,fa99a26a-44ea-4c4d-a730-9c75493c2a1d,function_execution_time,1780474439.5674682,0.000072453
experiment_name,fa99a26a-44ea-4c4d-a730-9c75493c2a1d,function_execution_time,1780474439.667701,0.000067126
experiment_name,fa99a26a-44ea-4c4d-a730-9c75493c2a1d,function_execution_time,1780474439.7690551,0.000058673
experiment_name,fa99a26a-44ea-4c4d-a730-9c75493c2a1d,function_execution_time,1780474439.8704586,0.000068552
experiment_name,fa99a26a-44ea-4c4d-a730-9c75493c2a1d,function_execution_time,1780474439.9709597,0.000062607
experiment_name,fa99a26a-44ea-4c4d-a730-9c75493c2a1d,function_execution_time,1780474440.072241,0.000062335
experiment_name,fa99a26a-44ea-4c4d-a730-9c75493c2a1d,function_execution_time,1780474440.1735592,0.000053594
experiment_name,fa99a26a-44ea-4c4d-a730-9c75493c2a1d,function_execution_time,1780474440.274899,0.000057053
experiment_name,fa99a26a-44ea-4c4d-a730-9c75493c2a1d,function_execution_time,1780474440.37617,0.000057948
experiment_name,fa99a26a-44ea-4c4d-a730-9c75493c2a1d,function_execution_time,1780474440.4774244,0.000055873
experiment_name,fa99a26a-44ea-4c4d-a730-9c75493c2a1d,function_execution_time,1780474440.5776813,0.000066526
experiment_name,fa99a26a-44ea-4c4d-a730-9c75493c2a1d,function_execution_time,1780474440.6791277,0.000055049
experiment_name,fa99a26a-44ea-4c4d-a730-9c75493c2a1d,function_execution_time,1780474440.7804923,0.000076822
experiment_name,fa99a26a-44ea-4c4d-a730-9c75493c2a1d,function_execution_time,1780474440.8818316,0.000055631
experiment_name,fa99a26a-44ea-4c4d-a730-9c75493c2a1d,function_execution_time,1780474440.983167,0.000065946
experiment_name,bf3a74b0-3b5d-4a54-b037-15a0fb37bb39,function_transfer_time,1780474436.024813,0.000018434
experiment_name,bf3a74b0-3b5d-4a54-b037-15a0fb37bb39,function_transfer_time,1780474436.1255336,0.000081487
experiment_name,bf3a74b0-3b5d-4a54-b037-15a0fb37bb39,function_transfer_time,1780474436.226878,0.000084659
experiment_name,bf3a74b0-3b5d-4a54-b037-15a0fb37bb39,function_transfer_time,1780474436.3281932,0.000084957
experiment_name,bf3a74b0-3b5d-4a54-b037-15a0fb37bb39,function_transfer_time,1780474436.428457,0.000027229
experiment_name,bf3a74b0-3b5d-4a54-b037-15a0fb37bb39,function_transfer_time,1780474436.5298345,0.000081336
experiment_name,bf3a74b0-3b5d-4a54-b037-15a0fb37bb39,function_transfer_time,1780474436.631084,0.000073618
experiment_name,bf3a74b0-3b5d-4a54-b037-15a0fb37bb39,function_transfer_time,1780474436.7324262,0.000085031
experiment_name,bf3a74b0-3b5d-4a54-b037-15a0fb37bb39,function_transfer_time,1780474436.8338032,0.000092917
experiment_name,bf3a74b0-3b5d-4a54-b037-15a0fb37bb39,function_transfer_time,1780474436.9352052,0.000078712
experiment_name,bf3a74b0-3b5d-4a54-b037-15a0fb37bb39,function_transfer_time,1780474437.0355206,0.000087323
experiment_name,bf3a74b0-3b5d-4a54-b037-15a0fb37bb39,function_transfer_time,1780474437.1368465,0.000076127
experiment_name,bf3a74b0-3b5d-4a54-b037-15a0fb37bb39,function_transfer_time,1780474437.2381284,0.000078969
experiment_name,bf3a74b0-3b5d-4a54-b037-15a0fb37bb39,function_transfer_time,1780474437.3394575,0.000094599
experiment_name,bf3a74b0-3b5d-4a54-b037-15a0fb37bb39,function_transfer_time,1780474437.440712,0.000021143
experiment_name,bf3a74b0-3b5d-4a54-b037-15a0fb37bb39,function_transfer_time,1780474437.541938,0.000026348
experiment_name,bf3a74b0-3b5d-4a54-b037-15a0fb37bb39,function_transfer_time,1780474437.6432724,0.000084326
experiment_name,bf3a74b0-3b5d-4a54-b037-15a0fb37bb39,function_transfer_time,1780474437.7445786,0.000087294
experiment_name,bf3a74b0-3b5d-4a54-b037-15a0fb37bb39,function_transfer_time,1780474437.8458762,0.000020219
experiment_name,bf3a74b0-3b5d-4a54-b037-15a0fb37bb39,function_transfer_time,1780474437.947221,0.000078846
experiment_name,bf3a74b0-3b5d-4a54-b037-15a0fb37bb39,function_transfer_time,1780474438.0475225,0.000075753
experiment_name,bf3a74b0-3b5d-4a54-b037-15a0fb37bb39,function_transfer_time,1780474438.148839,0.000085286
experiment_name,bf3a74b0-3b5d-4a54-b037-15a0fb37bb39,function_transfer_time,1780474438.2500963,0.000024802
experiment_name,bf3a74b0-3b5d-4a54-b037-15a0fb37bb39,function_transfer_time,1780474438.351376,0.000024894
experiment_name,bf3a74b0-3b5d-4a54-b037-15a0fb37bb39,function_transfer_time,1780474438.4526095,0.000021779
experiment_name,bf3a74b0-3b5d-4a54-b037-15a0fb37bb39,function_transfer_time,1780474438.5539331,0.000084827
experiment_name,bf3a74b0-3b5d-4a54-b037-15a0fb37bb39,function_transfer_time,1780474438.6552646,0.000081304
experiment_name,bf3a74b0-3b5d-4a54-b037-15a0fb37bb39,function_transfer_time,1780474438.75656,0.000085571
experiment_name,bf3a74b0-3b5d-4a54-b037-15a0fb37bb39,function_transfer_time,1780474438.857962,0.000017401
experiment_name,bf3a74b0-3b5d-4a54-b037-15a0fb37bb39,function_transfer_time,1780474438.9592638,0.000075485
experiment_name,bf3a74b0-3b5d-4a54-b037-15a0fb37bb39,function_transfer_time,1780474439.0606441,0.000077074
experiment_name,bf3a74b0-3b5d-4a54-b037-15a0fb37bb39,function_transfer_time,1780474439.162047,0.000021179
experiment_name,bf3a74b0-3b5d-4a54-b037-15a0fb37bb39,function_transfer_time,1780474439.2633452,0.000090529
experiment_name,bf3a74b0-3b5d-4a54-b037-15a0fb37bb39,function_transfer_time,1780474439.364725,0.000031412
experiment_name,bf3a74b0-3b5d-4a54-b037-15a0fb37bb39,function_transfer_time,1780474439.465951,0.000017747
experiment_name,bf3a74b0-3b5d-4a54-b037-15a0fb37bb39,function_transfer_time,1780474439.567234,0.00002461
experiment_name,bf3a74b0-3b5d-4a54-b037-15a0fb37bb39,function_transfer_time,1780474439.667544,0.000085362
experiment_name,bf3a74b0-3b5d-4a54-b037-15a0fb37bb39,function_transfer_time,1780474439.7688403,0.000077756
experiment_name,bf3a74b0-3b5d-4a54-b037-15a0fb37bb39,function_transfer_time,1780474439.8702188,0.000080501
experiment_name,bf3a74b0-3b5d-4a54-b037-15a0fb37bb39,function_transfer_time,1780474439.9707038,0.000092242
experiment_name,bf3a74b0-3b5d-4a54-b037-15a0fb37bb39,function_transfer_time,1780474440.0720177,0.000075277
experiment_name,bf3a74b0-3b5d-4a54-b037-15a0fb37bb39,function_transfer_time,1780474440.1733248,0.000081499
experiment_name,bf3a74b0-3b5d-4a54-b037-15a0fb37bb39,function_transfer_time,1780474440.2746518,0.000082538
experiment_name,bf3a74b0-3b5d-4a54-b037-15a0fb37bb39,function_transfer_time,1780474440.3759365,0.000022147
experiment_name,bf3a74b0-3b5d-4a54-b037-15a0fb37bb39,function_transfer_time,1780474440.4771895,0.000016832
experiment_name,bf3a74b0-3b5d-4a54-b037-15a0fb37bb39,function_transfer_time,1780474440.5774581,0.000026212
experiment_name,bf3a74b0-3b5d-4a54-b037-15a0fb37bb39,function_transfer_time,1780474440.6789112,0.000082066
experiment_name,bf3a74b0-3b5d-4a54-b037-15a0fb37bb39,function_transfer_time,1780474440.780237,0.000085003
experiment_name,bf3a74b0-3b5d-4a54-b037-15a0fb37bb39,function_transfer_time,1780474440.8816173,0.000076361
experiment_name,bf3a74b0-3b5d-4a54-b037-15a0fb37bb39,function_transfer_time,1780474440.9829295,0.000081341
experiment_name,fa99a26a-44ea-4c4d-a730-9c75493c2a1d,function_transfer_time,1780474436.0248842,0.000022148
experiment_name,fa99a26a-44ea-4c4d-a730-9c75493c2a1d,function_transfer_time,1780474436.1257064,0.000094523
experiment_name,fa99a26a-44ea-4c4d-a730-9c75493c2a1d,function_transfer_time,1780474436.2270594,0.000122933
experiment_name,fa99a26a-44ea-4c4d-a730-9c75493c2a1d,function_transfer_time,1780474436.328375,0.000125518
experiment_name,fa99a26a-44ea-4c4d-a730-9c75493c2a1d,function_transfer_time,1780474436.428626,0.000113939
experiment_name,fa99a26a-44ea-4c4d-a730-9c75493c2a1d,function_transfer_time,1780474436.529931,0.000033213
experiment_name,fa99a26a-44ea-4c4d-a730-9c75493c2a1d,function_transfer_time,1780474436.6312537,0.000115182
experiment_name,fa99a26a-44ea-4c4d-a730-9c75493c2a1d,function_transfer_time,1780474436.7325766,0.000032339
experiment_name,fa99a26a-44ea-4c4d-a730-9c75493c2a1d,function_transfer_time,1780474436.833886,0.000030371
experiment_name,fa99a26a-44ea-4c4d-a730-9c75493c2a1d,function_transfer_time,1780474436.935397,0.000136637
experiment_name,fa99a26a-44ea-4c4d-a730-9c75493c2a1d,function_transfer_time,1780474437.0356925,0.000115877
experiment_name,fa99a26a-44ea-4c4d-a730-9c75493c2a1d,function_transfer_time,1780474437.1370418,0.000134353
experiment_name,fa99a26a-44ea-4c4d-a730-9c75493c2a1d,function_transfer_time,1780474437.238283,0.000033669
experiment_name,fa99a26a-44ea-4c4d-a730-9c75493c2a1d,function_transfer_time,1780474437.3395936,0.00008406
experiment_name,fa99a26a-44ea-4c4d-a730-9c75493c2a1d,function_transfer_time,1780474437.4407973,0.00002799
experiment_name,fa99a26a-44ea-4c4d-a730-9c75493c2a1d,function_transfer_time,1780474437.5421305,0.00012884
experiment_name,fa99a26a-44ea-4c4d-a730-9c75493c2a1d,function_transfer_time,1780474437.6434193,0.000092708
experiment_name,fa99a26a-44ea-4c4d-a730-9c75493c2a1d,function_transfer_time,1780474437.7447174,0.000028492
experiment_name,fa99a26a-44ea-4c4d-a730-9c75493c2a1d,function_transfer_time,1780474437.8460524,0.000123953
experiment_name,fa99a26a-44ea-4c4d-a730-9c75493c2a1d,function_transfer_time,1780474437.9473927,0.000114777
experiment_name,fa99a26a-44ea-4c4d-a730-9c75493c2a1d,function_transfer_time,1780474438.047672,0.000094367
experiment_name,fa99a26a-44ea-4c4d-a730-9c75493c2a1d,function_transfer_time,1780474438.1490204,0.000125777
experiment_name,fa99a26a-44ea-4c4d-a730-9c75493c2a1d,function_transfer_time,1780474438.2502055,0.000044247
experiment_name,fa99a26a-44ea-4c4d-a730-9c75493c2a1d,function_transfer_time,1780474438.3515463,0.000118749
experiment_name,fa99a26a-44ea-4c4d-a730-9c75493c2a1d,function_transfer_time,1780474438.4527807,0.000117284
experiment_name,fa99a26a-44ea-4c4d-a730-9c75493c2a1d,function_transfer_time,1780474438.5541103,0.000125408
experiment_name,fa99a26a-44ea-4c4d-a730-9c75493c2a1d,function_transfer_time,1780474438.6554437,0.000117488
experiment_name,fa99a26a-44ea-4c4d-a730-9c75493c2a1d,function_transfer_time,1780474438.7567105,0.000031618
experiment_name,fa99a26a-44ea-4c4d-a730-9c75493c2a1d,function_transfer_time,1780474438.858139,0.000139655
experiment_name,fa99a26a-44ea-4c4d-a730-9c75493c2a1d,function_transfer_time,1780474438.9594502,0.000127206
experiment_name,fa99a26a-44ea-4c4d-a730-9c75493c2a1d,function_transfer_time,1780474439.0607517,0.000112306
experiment_name,fa99a26a-44ea-4c4d-a730-9c75493c2a1d,function_transfer_time,1780474439.1621833,0.000026688
experiment_name,fa99a26a-44ea-4c4d-a730-9c75493c2a1d,function_transfer_time,1780474439.2634394,0.000029613
experiment_name,fa99a26a-44ea-4c4d-a730-9c75493c2a1d,function_transfer_time,1780474439.3648903,0.000108803
experiment_name,fa99a26a-44ea-4c4d-a730-9c75493c2a1d,function_transfer_time,1780474439.466057,0.000054239
experiment_name,fa99a26a-44ea-4c4d-a730-9c75493c2a1d,function_transfer_time,1780474439.5673876,0.00009089
experiment_name,fa99a26a-44ea-4c4d-a730-9c75493c2a1d,function_transfer_time,1780474439.6676335,0.000033189
experiment_name,fa99a26a-44ea-4c4d-a730-9c75493c2a1d,function_transfer_time,1780474439.7689953,0.000034312
experiment_name,fa99a26a-44ea-4c4d-a730-9c75493c2a1d,function_transfer_time,1780474439.8703752,0.000102707
experiment_name,fa99a26a-44ea-4c4d-a730-9c75493c2a1d,function_transfer_time,1780474439.9708924,0.000133362
experiment_name,fa99a26a-44ea-4c4d-a730-9c75493c2a1d,function_transfer_time,1780474440.0721786,0.000107058
experiment_name,fa99a26a-44ea-4c4d-a730-9c75493c2a1d,function_transfer_time,1780474440.1735053,0.000123758
experiment_name,fa99a26a-44ea-4c4d-a730-9c75493c2a1d,function_transfer_time,1780474440.2748375,0.000125514
experiment_name,fa99a26a-44ea-4c4d-a730-9c75493c2a1d,function_transfer_time,1780474440.3761044,0.000115238
experiment_name,fa99a26a-44ea-4c4d-a730-9c75493c2a1d,function_transfer_time,1780474440.477368,0.000126142
experiment_name,fa99a26a-44ea-4c4d-a730-9c75493c2a1d,function_transfer_time,1780474440.5776083,0.000096208
experiment_name,fa99a26a-44ea-4c4d-a730-9c75493c2a1d,function_transfer_time,1780474440.6790762,0.000103808
experiment_name,fa99a26a-44ea-4c4d-a730-9c75493c2a1d,function_transfer_time,1780474440.780414,0.000034068
experiment_name,fa99a26a-44ea-4c4d-a730-9c75493c2a1d,function_transfer_time,1780474440.881777,0.000106322
experiment_name,fa99a26a-44ea-4c4d-a730-9c75493c2a1d,function_transfer_time,1780474440.9830997,0.000109363
experiment_name,bf3a74b0-3b5d-4a54-b037-15a0fb37bb39,function_execution_time,1780474441.0843272,0.000075188
experiment_name,bf3a74b0-3b5d-4a54-b037-15a0fb37bb39,function_execution_time,1780474441.185649,0.000082625
experiment_name,bf3a74b0-3b5d-4a54-b037-15a0fb37bb39,function_execution_time,1780474441.2869284,0.000084854
experiment_name,bf3a74b0-3b5d-4a54-b037-15a0fb37bb39,function_execution_time,1780474441.3882215,0.000074706
experiment_name,bf3a74b0-3b5d-4a54-b037-15a0fb37bb39,function_execution_time,1780474441.4885516,0.000085952
experiment_name,bf3a74b0-3b5d-4a54-b037-15a0fb37bb39,function_execution_time,1780474441.5898447,0.000071141
experiment_name,bf3a74b0-3b5d-4a54-b037-15a0fb37bb39,function_execution_time,1780474441.6912224,0.000085308
experiment_name,bf3a74b0-3b5d-4a54-b037-15a0fb37bb39,function_execution_time,1780474441.792588,0.000183162
experiment_name,bf3a74b0-3b5d-4a54-b037-15a0fb37bb39,function_execution_time,1780474441.8938062,0.000071643
experiment_name,bf3a74b0-3b5d-4a54-b037-15a0fb37bb39,function_execution_time,1780474441.9951332,0.000070501
experiment_name,bf3a74b0-3b5d-4a54-b037-15a0fb37bb39,function_execution_time,1780474442.0964568,0.000095697
experiment_name,bf3a74b0-3b5d-4a54-b037-15a0fb37bb39,function_execution_time,1780474442.197691,0.000083694
experiment_name,bf3a74b0-3b5d-4a54-b037-15a0fb37bb39,function_execution_time,1780474442.299098,0.000087124
experiment_name,bf3a74b0-3b5d-4a54-b037-15a0fb37bb39,function_execution_time,1780474442.4003444,0.000076649
experiment_name,bf3a74b0-3b5d-4a54-b037-15a0fb37bb39,function_execution_time,1780474442.5016954,0.000075053
experiment_name,bf3a74b0-3b5d-4a54-b037-15a0fb37bb39,function_execution_time,1780474442.6030023,0.000085504
experiment_name,bf3a74b0-3b5d-4a54-b037-15a0fb37bb39,function_execution_time,1780474442.7043355,0.000077672
experiment_name,bf3a74b0-3b5d-4a54-b037-15a0fb37bb39,function_execution_time,1780474442.805688,0.000142112
experiment_name,bf3a74b0-3b5d-4a54-b037-15a0fb37bb39,function_execution_time,1780474442.9069676,0.000070389
experiment_name,bf3a74b0-3b5d-4a54-b037-15a0fb37bb39,function_execution_time,1780474443.0083003,0.000081601
experiment_name,bf3a74b0-3b5d-4a54-b037-15a0fb37bb39,function_execution_time,1780474443.1085553,0.000067603
experiment_name,bf3a74b0-3b5d-4a54-b037-15a0fb37bb39,function_execution_time,1780474443.210075,0.000075049
experiment_name,bf3a74b0-3b5d-4a54-b037-15a0fb37bb39,function_execution_time,1780474443.3113873,0.000093537
experiment_name,bf3a74b0-3b5d-4a54-b037-15a0fb37bb39,function_execution_time,1780474443.412592,0.000069778
experiment_name,bf3a74b0-3b5d-4a54-b037-15a0fb37bb39,function_execution_time,1780474443.514011,0.000070763
experiment_name,bf3a74b0-3b5d-4a54-b037-15a0fb37bb39,function_execution_time,1780474443.615279,0.00008515
experiment_name,bf3a74b0-3b5d-4a54-b037-15a0fb37bb39,function_execution_time,1780474443.715583,0.000080816
experiment_name,bf3a74b0-3b5d-4a54-b037-15a0fb37bb39,function_execution_time,1780474443.81691,0.00015302
experiment_name,bf3a74b0-3b5d-4a54-b037-15a0fb37bb39,function_execution_time,1780474443.9182086,0.000074436
experiment_name,bf3a74b0-3b5d-4a54-b037-15a0fb37bb39,function_execution_time,1780474444.0195305,0.000081137
experiment_name,bf3a74b0-3b5d-4a54-b037-15a0fb37bb39,function_execution_time,1780474444.1208606,0.000072058
experiment_name,bf3a74b0-3b5d-4a54-b037-15a0fb37bb39,function_execution_time,1780474444.2221913,0.000070577
experiment_name,bf3a74b0-3b5d-4a54-b037-15a0fb37bb39,function_execution_time,1780474444.323458,0.000083563
experiment_name,bf3a74b0-3b5d-4a54-b037-15a0fb37bb39,function_execution_time,1780474444.4247262,0.000080485
experiment_name,bf3a74b0-3b5d-4a54-b037-15a0fb37bb39,function_execution_time,1780474444.5260324,0.000074852
experiment_name,bf3a74b0-3b5d-4a54-b037-15a0fb37bb39,function_execution_time,1780474444.6274197,0.000083073
experiment_name,bf3a74b0-3b5d-4a54-b037-15a0fb37bb39,function_execution_time,1780474444.7287974,0.000085486
experiment_name,bf3a74b0-3b5d-4a54-b037-15a0fb37bb39,function_execution_time,1780474444.830122,0.000087986
experiment_name,bf3a74b0-3b5d-4a54-b037-15a0fb37bb39,function_execution_time,1780474444.9314995,0.000090567
experiment_name,bf3a74b0-3b5d-4a54-b037-15a0fb37bb39,function_execution_time,1780474445.0327373,0.000072193
experiment_name,bf3a74b0-3b5d-4a54-b037-15a0fb37bb39,function_execution_time,1780474445.1340714,0.00007127
experiment_name,bf3a74b0-3b5d-4a54-b037-15a0fb37bb39,function_execution_time,1780474445.2353818,0.000080556
experiment_name,bf3a74b0-3b5d-4a54-b037-15a0fb37bb39,function_execution_time,1780474445.3366938,0.00007108
experiment_name,bf3a74b0-3b5d-4a54-b037-15a0fb37bb39,function_execution_time,1780474445.438023,0.000069049
experiment_name,bf3a74b0-3b5d-4a54-b037-15a0fb37bb39,function_execution_time,1780474445.5393245,0.00008537
experiment_name,bf3a74b0-3b5d-4a54-b037-15a0fb37bb39,function_execution_time,1780474445.6395898,0.000068918
experiment_name,bf3a74b0-3b5d-4a54-b037-15a0fb37bb39,function_execution_time,1780474445.7409053,0.000072564
experiment_name,bf3a74b0-3b5d-4a54-b037-15a0fb37bb39,function_execution_time,1780474445.8422499,0.000156295
experiment_name,bf3a74b0-3b5d-4a54-b037-15a0fb37bb39,function_execution_time,1780474445.942575,0.000092374
experiment_name,fa99a26a-44ea-4c4d-a730-9c75493c2a1d,function_execution_time,1780474441.0844011,0.000035914
experiment_name,fa99a26a-44ea-4c4d-a730-9c75493c2a1d,function_execution_time,1780474441.1857073,0.000037283
experiment_name,fa99a26a-44ea-4c4d-a730-9c75493c2a1d,function_execution_time,1780474441.2869887,0.000060683
experiment_name,fa99a26a-44ea-4c4d-a730-9c75493c2a1d,function_execution_time,1780474441.388388,0.000067199
experiment_name,fa99a26a-44ea-4c4d-a730-9c75493c2a1d,function_execution_time,1780474441.4886982,0.00005639
experiment_name,fa99a26a-44ea-4c4d-a730-9c75493c2a1d,function_execution_time,1780474441.5899956,0.000055495
experiment_name,fa99a26a-44ea-4c4d-a730-9c75493c2a1d,function_execution_time,1780474441.6912336,0.000061006
experiment_name,fa99a26a-44ea-4c4d-a730-9c75493c2a1d,function_execution_time,1780474441.7926562,0.000070519
experiment_name,fa99a26a-44ea-4c4d-a730-9c75493c2a1d,function_execution_time,1780474441.8938878,0.000060052
experiment_name,fa99a26a-44ea-4c4d-a730-9c75493c2a1d,function_execution_time,1780474441.995268,0.0000539
experiment_name,fa99a26a-44ea-4c4d-a730-9c75493c2a1d,function_execution_time,1780474442.0965133,0.000059762
experiment_name,fa99a26a-44ea-4c4d-a730-9c75493c2a1d,function_execution_time,1780474442.197781,0.000063113
experiment_name,fa99a26a-44ea-4c4d-a730-9c75493c2a1d,function_execution_time,1780474442.2991958,0.00006409
experiment_name,fa99a26a-44ea-4c4d-a730-9c75493c2a1d,function_execution_time,1780474442.4005115,0.000056513
experiment_name,fa99a26a-44ea-4c4d-a730-9c75493c2a1d,function_execution_time,1780474442.5018494,0.000055324
experiment_name,fa99a26a-44ea-4c4d-a730-9c75493c2a1d,function_execution_time,1780474442.6030846,0.000058305
experiment_name,fa99a26a-44ea-4c4d-a730-9c75493c2a1d,function_execution_time,1780474442.7045121,0.000062559
experiment_name,fa99a26a-44ea-4c4d-a730-9c75493c2a1d,function_execution_time,1780474442.805738,0.000052886
experiment_name,fa99a26a-44ea-4c4d-a730-9c75493c2a1d,function_execution_time,1780474442.9071348,0.000058138
experiment_name,fa99a26a-44ea-4c4d-a730-9c75493c2a1d,function_execution_time,1780474443.0084355,0.000054408
experiment_name,fa99a26a-44ea-4c4d-a730-9c75493c2a1d,function_execution_time,1780474443.1087334,0.000065797
experiment_name,fa99a26a-44ea-4c4d-a730-9c75493c2a1d,function_execution_time,1780474443.2102127,0.00005944
experiment_name,fa99a26a-44ea-4c4d-a730-9c75493c2a1d,function_execution_time,1780474443.3114154,0.000081108
experiment_name,fa99a26a-44ea-4c4d-a730-9c75493c2a1d,function_execution_time,1780474443.4127395,0.000054901
experiment_name,fa99a26a-44ea-4c4d-a730-9c75493c2a1d,function_execution_time,1780474443.514147,0.0000545
experiment_name,fa99a26a-44ea-4c4d-a730-9c75493c2a1d,function_execution_time,1780474443.6154003,0.000062524
experiment_name,fa99a26a-44ea-4c4d-a730-9c75493c2a1d,function_execution_time,1780474443.7156584,0.000057749
experiment_name,fa99a26a-44ea-4c4d-a730-9c75493c2a1d,function_execution_time,1780474443.8169653,0.00005774
experiment_name,fa99a26a-44ea-4c4d-a730-9c75493c2a1d,function_execution_time,1780474443.9183693,0.000056135
experiment_name,fa99a26a-44ea-4c4d-a730-9c75493c2a1d,function_execution_time,1780474444.0196242,0.000068841
experiment_name,fa99a26a-44ea-4c4d-a730-9c75493c2a1d,function_execution_time,1780474444.121001,0.000056669
experiment_name,fa99a26a-44ea-4c4d-a730-9c75493c2a1d,function_execution_time,1780474444.2223601,0.000058405
experiment_name,fa99a26a-44ea-4c4d-a730-9c75493c2a1d,function_execution_time,1780474444.3235366,0.000055413
experiment_name,fa99a26a-44ea-4c4d-a730-9c75493c2a1d,function_execution_time,1780474444.4248097,0.000058485
experiment_name,fa99a26a-44ea-4c4d-a730-9c75493c2a1d,function_execution_time,1780474444.5261817,0.000067064
experiment_name,fa99a26a-44ea-4c4d-a730-9c75493c2a1d,function_execution_time,1780474444.6274502,0.000076958
experiment_name,fa99a26a-44ea-4c4d-a730-9c75493c2a1d,function_execution_time,1780474444.7288795,0.000057624
experiment_name,fa99a26a-44ea-4c4d-a730-9c75493c2a1d,function_execution_time,1780474444.830178,0.000057392
experiment_name,fa99a26a-44ea-4c4d-a730-9c75493c2a1d,function_execution_time,1780474444.931595,0.000060795
experiment_name,fa99a26a-44ea-4c4d-a730-9c75493c2a1d,function_execution_time,1780474445.0328884,0.000059158
experiment_name,fa99a26a-44ea-4c4d-a730-9c75493c2a1d,function_execution_time,1780474445.1342306,0.000055397
experiment_name,fa99a26a-44ea-4c4d-a730-9c75493c2a1d,function_execution_time,1780474445.2355132,0.000053498
experiment_name,fa99a26a-44ea-4c4d-a730-9c75493c2a1d,function_execution_time,1780474445.336872,0.00006566
experiment_name,fa99a26a-44ea-4c4d-a730-9c75493c2a1d,function_execution_time,1780474445.4381757,0.000054245
experiment_name,fa99a26a-44ea-4c4d-a730-9c75493c2a1d,function_execution_time,1780474445.5394263,0.000057469
experiment_name,fa99a26a-44ea-4c4d-a730-9c75493c2a1d,function_execution_time,1780474445.6397443,0.000054727
experiment_name,fa99a26a-44ea-4c4d-a730-9c75493c2a1d,function_execution_time,1780474445.7410817,0.000065122
experiment_name,fa99a26a-44ea-4c4d-a730-9c75493c2a1d,function_execution_time,1780474445.8423066,0.000059818
experiment_name,fa99a26a-44ea-4c4d-a730-9c75493c2a1d,function_execution_time,1780474445.942663,0.00005721
experiment_name,fa99a26a-44ea-4c4d-a730-9c75493c2a1d,function_transfer_time,1780474441.0843973,0.000047843
experiment_name,fa99a26a-44ea-4c4d-a730-9c75493c2a1d,function_transfer_time,1780474441.185672,0.000057378
experiment_name,fa99a26a-44ea-4c4d-a730-9c75493c2a1d,function_transfer_time,1780474441.2869258,0.000029961
experiment_name,fa99a26a-44ea-4c4d-a730-9c75493c2a1d,function_transfer_time,1780474441.3883204,0.000122413
experiment_name,fa99a26a-44ea-4c4d-a730-9c75493c2a1d,function_transfer_time,1780474441.4886422,0.000110038
experiment_name,fa99a26a-44ea-4c4d-a730-9c75493c2a1d,function_transfer_time,1780474441.5899396,0.000122625
experiment_name,fa99a26a-44ea-4c4d-a730-9c75493c2a1d,function_transfer_time,1780474441.6912186,0.000027788
experiment_name,fa99a26a-44ea-4c4d-a730-9c75493c2a1d,function_transfer_time,1780474441.7925854,0.000033746
experiment_name,fa99a26a-44ea-4c4d-a730-9c75493c2a1d,function_transfer_time,1780474441.8938837,0.00004452
experiment_name,fa99a26a-44ea-4c4d-a730-9c75493c2a1d,function_transfer_time,1780474441.9952135,0.00010563
experiment_name,fa99a26a-44ea-4c4d-a730-9c75493c2a1d,function_transfer_time,1780474442.0964541,0.000033446
experiment_name,fa99a26a-44ea-4c4d-a730-9c75493c2a1d,function_transfer_time,1780474442.1977656,0.00004591
experiment_name,fa99a26a-44ea-4c4d-a730-9c75493c2a1d,function_transfer_time,1780474442.2991266,0.000103448
experiment_name,fa99a26a-44ea-4c4d-a730-9c75493c2a1d,function_transfer_time,1780474442.4004536,0.00012903
experiment_name,fa99a26a-44ea-4c4d-a730-9c75493c2a1d,function_transfer_time,1780474442.5017936,0.000121841
experiment_name,fa99a26a-44ea-4c4d-a730-9c75493c2a1d,function_transfer_time,1780474442.6030252,0.000049139
experiment_name,fa99a26a-44ea-4c4d-a730-9c75493c2a1d,function_transfer_time,1780474442.7044365,0.000120438
experiment_name,fa99a26a-44ea-4c4d-a730-9c75493c2a1d,function_transfer_time,1780474442.8056853,0.000029056
experiment_name,fa99a26a-44ea-4c4d-a730-9c75493c2a1d,function_transfer_time,1780474442.9070761,0.000132333
experiment_name,fa99a26a-44ea-4c4d-a730-9c75493c2a1d,function_transfer_time,1780474443.0083687,0.000095956
experiment_name,fa99a26a-44ea-4c4d-a730-9c75493c2a1d,function_transfer_time,1780474443.1086679,0.000148854
experiment_name,fa99a26a-44ea-4c4d-a730-9c75493c2a1d,function_transfer_time,1780474443.2101722,0.000099708
experiment_name,fa99a26a-44ea-4c4d-a730-9c75493c2a1d,function_transfer_time,1780474443.3113835,0.000030141
experiment_name,fa99a26a-44ea-4c4d-a730-9c75493c2a1d,function_transfer_time,1780474443.412683,0.00012846
experiment_name,fa99a26a-44ea-4c4d-a730-9c75493c2a1d,function_transfer_time,1780474443.5140882,0.000102309
experiment_name,fa99a26a-44ea-4c4d-a730-9c75493c2a1d,function_transfer_time,1780474443.6153314,0.000087648
experiment_name,fa99a26a-44ea-4c4d-a730-9c75493c2a1d,function_transfer_time,1780474443.7156558,0.000042453
experiment_name,fa99a26a-44ea-4c4d-a730-9c75493c2a1d,function_transfer_time,1780474443.816907,0.000034134
experiment_name,fa99a26a-44ea-4c4d-a730-9c75493c2a1d,function_transfer_time,1780474443.9183123,0.000121683
experiment_name,fa99a26a-44ea-4c4d-a730-9c75493c2a1d,function_transfer_time,1780474444.0195992,0.000051352
experiment_name,fa99a26a-44ea-4c4d-a730-9c75493c2a1d,function_transfer_time,1780474444.1209435,0.000111817
experiment_name,fa99a26a-44ea-4c4d-a730-9c75493c2a1d,function_transfer_time,1780474444.2223015,0.000134319
experiment_name,fa99a26a-44ea-4c4d-a730-9c75493c2a1d,function_transfer_time,1780474444.323533,0.000061202
experiment_name,fa99a26a-44ea-4c4d-a730-9c75493c2a1d,function_transfer_time,1780474444.424807,0.000040365
experiment_name,fa99a26a-44ea-4c4d-a730-9c75493c2a1d,function_transfer_time,1780474444.526123,0.00010391
experiment_name,fa99a26a-44ea-4c4d-a730-9c75493c2a1d,function_transfer_time,1780474444.6274152,0.000031915
experiment_name,fa99a26a-44ea-4c4d-a730-9c75493c2a1d,function_transfer_time,1780474444.7288766,0.000050264
experiment_name,fa99a26a-44ea-4c4d-a730-9c75493c2a1d,function_transfer_time,1780474444.8301194,0.000030378
experiment_name,fa99a26a-44ea-4c4d-a730-9c75493c2a1d,function_transfer_time,1780474444.9315286,0.000117723
experiment_name,fa99a26a-44ea-4c4d-a730-9c75493c2a1d,function_transfer_time,1780474445.0328298,0.000114655
experiment_name,fa99a26a-44ea-4c4d-a730-9c75493c2a1d,function_transfer_time,1780474445.1341746,0.000134995
experiment_name,fa99a26a-44ea-4c4d-a730-9c75493c2a1d,function_transfer_time,1780474445.2354596,0.000097518
experiment_name,fa99a26a-44ea-4c4d-a730-9c75493c2a1d,function_transfer_time,1780474445.336806,0.000137001
experiment_name,fa99a26a-44ea-4c4d-a730-9c75493c2a1d,function_transfer_time,1780474445.4381208,0.000125035
experiment_name,fa99a26a-44ea-4c4d-a730-9c75493c2a1d,function_transfer_time,1780474445.5393624,0.000113436
experiment_name,fa99a26a-44ea-4c4d-a730-9c75493c2a1d,function_transfer_time,1780474445.6396894,0.000126034
experiment_name,fa99a26a-44ea-4c4d-a730-9c75493c2a1d,function_transfer_time,1780474445.741016,0.00013483
experiment_name,fa99a26a-44ea-4c4d-a730-9c75493c2a1d,function_transfer_time,1780474445.842247,0.00003036
experiment_name,fa99a26a-44ea-4c4d-a730-9c75493c2a1d,function_transfer_time,1780474445.942599,0.000108214
experiment_name,bf3a74b0-3b5d-4a54-b037-15a0fb37bb39,function_transfer_time,1780474441.084247,0.000090178
experiment_name,bf3a74b0-3b5d-4a54-b037-15a0fb37bb39,function_transfer_time,1780474441.1855602,0.000081978
experiment_name,bf3a74b0-3b5d-4a54-b037-15a0fb37bb39,function_transfer_time,1780474441.286838,0.000019774
experiment_name,bf3a74b0-3b5d-4a54-b037-15a0fb37bb39,function_transfer_time,1780474441.3881433,0.000096312
experiment_name,bf3a74b0-3b5d-4a54-b037-15a0fb37bb39,function_transfer_time,1780474441.4884667,0.000079577
experiment_name,bf3a74b0-3b5d-4a54-b037-15a0fb37bb39,function_transfer_time,1780474441.589762,0.000080391
experiment_name,bf3a74b0-3b5d-4a54-b037-15a0fb37bb39,function_transfer_time,1780474441.6910841,0.00008198
experiment_name,bf3a74b0-3b5d-4a54-b037-15a0fb37bb39,function_transfer_time,1780474441.7924037,0.000076909
experiment_name,bf3a74b0-3b5d-4a54-b037-15a0fb37bb39,function_transfer_time,1780474441.8937306,0.000021499
experiment_name,bf3a74b0-3b5d-4a54-b037-15a0fb37bb39,function_transfer_time,1780474441.9950547,0.000078262
experiment_name,bf3a74b0-3b5d-4a54-b037-15a0fb37bb39,function_transfer_time,1780474442.096361,0.000077305
experiment_name,bf3a74b0-3b5d-4a54-b037-15a0fb37bb39,function_transfer_time,1780474442.197607,0.000021348
experiment_name,bf3a74b0-3b5d-4a54-b037-15a0fb37bb39,function_transfer_time,1780474442.2989624,0.000084801
experiment_name,bf3a74b0-3b5d-4a54-b037-15a0fb37bb39,function_transfer_time,1780474442.4002688,0.000081226
experiment_name,bf3a74b0-3b5d-4a54-b037-15a0fb37bb39,function_transfer_time,1780474442.5016158,0.000083617
experiment_name,bf3a74b0-3b5d-4a54-b037-15a0fb37bb39,function_transfer_time,1780474442.6029203,0.000079448
experiment_name,bf3a74b0-3b5d-4a54-b037-15a0fb37bb39,function_transfer_time,1780474442.7042568,0.000082105
experiment_name,bf3a74b0-3b5d-4a54-b037-15a0fb37bb39,function_transfer_time,1780474442.805539,0.000079684
experiment_name,bf3a74b0-3b5d-4a54-b037-15a0fb37bb39,function_transfer_time,1780474442.906888,0.000079832
experiment_name,bf3a74b0-3b5d-4a54-b037-15a0fb37bb39,function_transfer_time,1780474443.0082142,0.000077319
experiment_name,bf3a74b0-3b5d-4a54-b037-15a0fb37bb39,function_transfer_time,1780474443.108552,0.000027037
experiment_name,bf3a74b0-3b5d-4a54-b037-15a0fb37bb39,function_transfer_time,1780474443.2099993,0.000081478
experiment_name,bf3a74b0-3b5d-4a54-b037-15a0fb37bb39,function_transfer_time,1780474443.3112488,0.000023658
experiment_name,bf3a74b0-3b5d-4a54-b037-15a0fb37bb39,function_transfer_time,1780474443.412507,0.00002233
experiment_name,bf3a74b0-3b5d-4a54-b037-15a0fb37bb39,function_transfer_time,1780474443.5139358,0.000021254
experiment_name,bf3a74b0-3b5d-4a54-b037-15a0fb37bb39,function_transfer_time,1780474443.6151912,0.000024502
experiment_name,bf3a74b0-3b5d-4a54-b037-15a0fb37bb39,function_transfer_time,1780474443.7155015,0.000080829
experiment_name,bf3a74b0-3b5d-4a54-b037-15a0fb37bb39,function_transfer_time,1780474443.8167465,0.000023022
experiment_name,bf3a74b0-3b5d-4a54-b037-15a0fb37bb39,function_transfer_time,1780474443.918135,0.000084674
experiment_name,bf3a74b0-3b5d-4a54-b037-15a0fb37bb39,function_transfer_time,1780474444.0194502,0.000076828
experiment_name,bf3a74b0-3b5d-4a54-b037-15a0fb37bb39,function_transfer_time,1780474444.1207767,0.000085825
experiment_name,bf3a74b0-3b5d-4a54-b037-15a0fb37bb39,function_transfer_time,1780474444.2221115,0.000079827
experiment_name,bf3a74b0-3b5d-4a54-b037-15a0fb37bb39,function_transfer_time,1780474444.3233666,0.000023882
experiment_name,bf3a74b0-3b5d-4a54-b037-15a0fb37bb39,function_transfer_time,1780474444.4246469,0.00002192
experiment_name,bf3a74b0-3b5d-4a54-b037-15a0fb37bb39,function_transfer_time,1780474444.5259569,0.00008498
experiment_name,bf3a74b0-3b5d-4a54-b037-15a0fb37bb39,function_transfer_time,1780474444.6272838,0.000094436
experiment_name,bf3a74b0-3b5d-4a54-b037-15a0fb37bb39,function_transfer_time,1780474444.7287138,0.000083141
experiment_name,bf3a74b0-3b5d-4a54-b037-15a0fb37bb39,function_transfer_time,1780474444.8300276,0.000078142
experiment_name,bf3a74b0-3b5d-4a54-b037-15a0fb37bb39,function_transfer_time,1780474444.9313536,0.000082446
experiment_name,bf3a74b0-3b5d-4a54-b037-15a0fb37bb39,function_transfer_time,1780474445.0326588,0.000080356
experiment_name,bf3a74b0-3b5d-4a54-b037-15a0fb37bb39,function_transfer_time,1780474445.1339843,0.00007717
experiment_name,bf3a74b0-3b5d-4a54-b037-15a0fb37bb39,function_transfer_time,1780474445.2353003,0.000081698
experiment_name,bf3a74b0-3b5d-4a54-b037-15a0fb37bb39,function_transfer_time,1780474445.3366146,0.000077896
experiment_name,bf3a74b0-3b5d-4a54-b037-15a0fb37bb39,function_transfer_time,1780474445.4379425,0.000074699
experiment_name,bf3a74b0-3b5d-4a54-b037-15a0fb37bb39,function_transfer_time,1780474445.5391958,0.000024833
experiment_name,bf3a74b0-3b5d-4a54-b037-15a0fb37bb39,function_transfer_time,1780474445.6395097,0.000082183
experiment_name,bf3a74b0-3b5d-4a54-b037-15a0fb37bb39,function_transfer_time,1780474445.7408261,0.000084464
experiment_name,bf3a74b0-3b5d-4a54-b037-15a0fb37bb39,function_transfer_time,1780474445.8420868,0.000022197
experiment_name,bf3a74b0-3b5d-4a54-b037-15a0fb37bb39,function_transfer_time,1780474445.942423,0.000076572
experiment_name,bf3a74b0-3b5d-4a54-b037-15a0fb37bb39,function_execution_time,1780474446.044318,0.000080006
experiment_name,bf3a74b0-3b5d-4a54-b037-15a0fb37bb39,function_execution_time,1780474446.1456695,0.000074522
experiment_name,bf3a74b0-3b5d-4a54-b037-15a0fb37bb39,function_execution_time,1780474446.2469406,0.000093664
experiment_name,bf3a74b0-3b5d-4a54-b037-15a0fb37bb39,function_execution_time,1780474446.3482623,0.000084521
experiment_name,bf3a74b0-3b5d-4a54-b037-15a0fb37bb39,function_execution_time,1780474446.4495494,0.000079949
experiment_name,bf3a74b0-3b5d-4a54-b037-15a0fb37bb39,function_execution_time,1780474446.550855,0.000071949
experiment_name,bf3a74b0-3b5d-4a54-b037-15a0fb37bb39,function_execution_time,1780474446.6522725,0.000092465
experiment_name,bf3a74b0-3b5d-4a54-b037-15a0fb37bb39,function_execution_time,1780474446.7536108,0.000100532
experiment_name,bf3a74b0-3b5d-4a54-b037-15a0fb37bb39,function_execution_time,1780474446.8549666,0.000179753
experiment_name,bf3a74b0-3b5d-4a54-b037-15a0fb37bb39,function_execution_time,1780474446.9562552,0.000086723
experiment_name,bf3a74b0-3b5d-4a54-b037-15a0fb37bb39,function_execution_time,1780474447.0565898,0.000073743
experiment_name,bf3a74b0-3b5d-4a54-b037-15a0fb37bb39,function_execution_time,1780474447.1578844,0.000085198
experiment_name,bf3a74b0-3b5d-4a54-b037-15a0fb37bb39,function_execution_time,1780474447.259119,0.000069007
experiment_name,bf3a74b0-3b5d-4a54-b037-15a0fb37bb39,function_execution_time,1780474447.3605504,0.000095809
experiment_name,bf3a74b0-3b5d-4a54-b037-15a0fb37bb39,function_execution_time,1780474447.461883,0.000067874
experiment_name,bf3a74b0-3b5d-4a54-b037-15a0fb37bb39,function_execution_time,1780474447.563168,0.00008687
experiment_name,bf3a74b0-3b5d-4a54-b037-15a0fb37bb39,function_execution_time,1780474447.6645143,0.000112354
experiment_name,bf3a74b0-3b5d-4a54-b037-15a0fb37bb39,function_execution_time,1780474447.7658994,0.00008815
experiment_name,bf3a74b0-3b5d-4a54-b037-15a0fb37bb39,function_execution_time,1780474447.8672516,0.000153405
experiment_name,bf3a74b0-3b5d-4a54-b037-15a0fb37bb39,function_execution_time,1780474447.968578,0.0001103
experiment_name,bf3a74b0-3b5d-4a54-b037-15a0fb37bb39,function_execution_time,1780474448.0698788,0.000077315
experiment_name,bf3a74b0-3b5d-4a54-b037-15a0fb37bb39,function_execution_time,1780474448.1712542,0.000083242
experiment_name,bf3a74b0-3b5d-4a54-b037-15a0fb37bb39,function_execution_time,1780474448.2725804,0.000088671
experiment_name,bf3a74b0-3b5d-4a54-b037-15a0fb37bb39,function_execution_time,1780474448.373802,0.000087856
experiment_name,bf3a74b0-3b5d-4a54-b037-15a0fb37bb39,function_execution_time,1780474448.4750547,0.000070413
experiment_name,bf3a74b0-3b5d-4a54-b037-15a0fb37bb39,function_execution_time,1780474448.5763927,0.00007454
experiment_name,bf3a74b0-3b5d-4a54-b037-15a0fb37bb39,function_execution_time,1780474448.6779156,0.000088128
experiment_name,bf3a74b0-3b5d-4a54-b037-15a0fb37bb39,function_execution_time,1780474448.7791839,0.000085484
experiment_name,bf3a74b0-3b5d-4a54-b037-15a0fb37bb39,function_execution_time,1780474448.880484,0.000146303
experiment_name,bf3a74b0-3b5d-4a54-b037-15a0fb37bb39,function_execution_time,1780474448.9818013,0.000070123
experiment_name,bf3a74b0-3b5d-4a54-b037-15a0fb37bb39,function_execution_time,1780474449.0832026,0.000084743
experiment_name,bf3a74b0-3b5d-4a54-b037-15a0fb37bb39,function_execution_time,1780474449.184519,0.000094256
experiment_name,bf3a74b0-3b5d-4a54-b037-15a0fb37bb39,function_execution_time,1780474449.2857246,0.000083575
experiment_name,bf3a74b0-3b5d-4a54-b037-15a0fb37bb39,function_execution_time,1780474449.3870091,0.000086037
experiment_name,bf3a74b0-3b5d-4a54-b037-15a0fb37bb39,function_execution_time,1780474449.4883153,0.000078962
experiment_name,bf3a74b0-3b5d-4a54-b037-15a0fb37bb39,function_execution_time,1780474449.5896206,0.000080401
experiment_name,bf3a74b0-3b5d-4a54-b037-15a0fb37bb39,function_execution_time,1780474449.6908855,0.000076634
experiment_name,bf3a74b0-3b5d-4a54-b037-15a0fb37bb39,function_execution_time,1780474449.7922869,0.000084889
experiment_name,bf3a74b0-3b5d-4a54-b037-15a0fb37bb39,function_execution_time,1780474449.8926773,0.000139047
experiment_name,bf3a74b0-3b5d-4a54-b037-15a0fb37bb39,function_execution_time,1780474449.993983,0.000070988
experiment_name,bf3a74b0-3b5d-4a54-b037-15a0fb37bb39,function_execution_time,1780474450.0953684,0.000084718
experiment_name,bf3a74b0-3b5d-4a54-b037-15a0fb37bb39,function_execution_time,1780474450.1955588,0.000071822
experiment_name,bf3a74b0-3b5d-4a54-b037-15a0fb37bb39,function_execution_time,1780474450.2969062,0.000072259
experiment_name,bf3a74b0-3b5d-4a54-b037-15a0fb37bb39,function_execution_time,1780474450.3982997,0.000086273
experiment_name,bf3a74b0-3b5d-4a54-b037-15a0fb37bb39,function_execution_time,1780474450.4985945,0.000085274
experiment_name,bf3a74b0-3b5d-4a54-b037-15a0fb37bb39,function_execution_time,1780474450.5997782,0.000083739
experiment_name,bf3a74b0-3b5d-4a54-b037-15a0fb37bb39,function_execution_time,1780474450.7011716,0.000080192
experiment_name,bf3a74b0-3b5d-4a54-b037-15a0fb37bb39,function_execution_time,1780474450.8025165,0.000102765
experiment_name,bf3a74b0-3b5d-4a54-b037-15a0fb37bb39,function_execution_time,1780474450.9039078,0.000150145
experiment_name,bf3a74b0-3b5d-4a54-b037-15a0fb37bb39,function_execution_time,1780474451.00515,0.000071
experiment_name,fa99a26a-44ea-4c4d-a730-9c75493c2a1d,function_execution_time,1780474446.0444903,0.000059199
experiment_name,fa99a26a-44ea-4c4d-a730-9c75493c2a1d,function_execution_time,1780474446.1458023,0.000063513
experiment_name,fa99a26a-44ea-4c4d-a730-9c75493c2a1d,function_execution_time,1780474446.2470102,0.00007245
experiment_name,fa99a26a-44ea-4c4d-a730-9c75493c2a1d,function_execution_time,1780474446.3483188,0.000058206
experiment_name,fa99a26a-44ea-4c4d-a730-9c75493c2a1d,function_execution_time,1780474446.4496768,0.000059549
experiment_name,fa99a26a-44ea-4c4d-a730-9c75493c2a1d,function_execution_time,1780474446.5510168,0.000059285
experiment_name,fa99a26a-44ea-4c4d-a730-9c75493c2a1d,function_execution_time,1780474446.652283,0.00006772
experiment_name,fa99a26a-44ea-4c4d-a730-9c75493c2a1d,function_execution_time,1780474446.7536156,0.000062305
experiment_name,fa99a26a-44ea-4c4d-a730-9c75493c2a1d,function_execution_time,1780474446.8550198,0.000056724
experiment_name,fa99a26a-44ea-4c4d-a730-9c75493c2a1d,function_execution_time,1780474446.9563992,0.000062537
experiment_name,fa99a26a-44ea-4c4d-a730-9c75493c2a1d,function_execution_time,1780474447.0567672,0.000063277
experiment_name,fa99a26a-44ea-4c4d-a730-9c75493c2a1d,function_execution_time,1780474447.158027,0.000070409
experiment_name,fa99a26a-44ea-4c4d-a730-9c75493c2a1d,function_execution_time,1780474447.2592711,0.000059477
experiment_name,fa99a26a-44ea-4c4d-a730-9c75493c2a1d,function_execution_time,1780474447.3606312,0.000054278
experiment_name,fa99a26a-44ea-4c4d-a730-9c75493c2a1d,function_execution_time,1780474447.4619687,0.00005434
experiment_name,fa99a26a-44ea-4c4d-a730-9c75493c2a1d,function_execution_time,1780474447.563229,0.000063682
experiment_name,fa99a26a-44ea-4c4d-a730-9c75493c2a1d,function_execution_time,1780474447.6645746,0.000056049
experiment_name,fa99a26a-44ea-4c4d-a730-9c75493c2a1d,function_execution_time,1780474447.7659159,0.000058849
experiment_name,fa99a26a-44ea-4c4d-a730-9c75493c2a1d,function_execution_time,1780474447.8673089,0.000057491
experiment_name,fa99a26a-44ea-4c4d-a730-9c75493c2a1d,function_execution_time,1780474447.9686441,0.000080019
experiment_name,fa99a26a-44ea-4c4d-a730-9c75493c2a1d,function_execution_time,1780474448.0699515,0.00005486
experiment_name,fa99a26a-44ea-4c4d-a730-9c75493c2a1d,function_execution_time,1780474448.1712558,0.000061559
experiment_name,fa99a26a-44ea-4c4d-a730-9c75493c2a1d,function_execution_time,1780474448.2725856,0.000054528
experiment_name,fa99a26a-44ea-4c4d-a730-9c75493c2a1d,function_execution_time,1780474448.3738952,0.000057863
experiment_name,fa99a26a-44ea-4c4d-a730-9c75493c2a1d,function_execution_time,1780474448.4751348,0.000059416
experiment_name,fa99a26a-44ea-4c4d-a730-9c75493c2a1d,function_execution_time,1780474448.5765424,0.000054784
experiment_name,fa99a26a-44ea-4c4d-a730-9c75493c2a1d,function_execution_time,1780474448.6780028,0.000055003
experiment_name,fa99a26a-44ea-4c4d-a730-9c75493c2a1d,function_execution_time,1780474448.7792377,0.000056544
experiment_name,fa99a26a-44ea-4c4d-a730-9c75493c2a1d,function_execution_time,1780474448.8805642,0.000065481
experiment_name,fa99a26a-44ea-4c4d-a730-9c75493c2a1d,function_execution_time,1780474448.9818802,0.000054247
experiment_name,fa99a26a-44ea-4c4d-a730-9c75493c2a1d,function_execution_time,1780474449.0832884,0.000055651
experiment_name,fa99a26a-44ea-4c4d-a730-9c75493c2a1d,function_execution_time,1780474449.184614,0.00005801
experiment_name,fa99a26a-44ea-4c4d-a730-9c75493c2a1d,function_execution_time,1780474449.2857769,0.000055586
experiment_name,fa99a26a-44ea-4c4d-a730-9c75493c2a1d,function_execution_time,1780474449.3871224,0.00006236
experiment_name,fa99a26a-44ea-4c4d-a730-9c75493c2a1d,function_execution_time,1780474449.4884653,0.000068961
experiment_name,fa99a26a-44ea-4c4d-a730-9c75493c2a1d,function_execution_time,1780474449.589702,0.000057955
experiment_name,fa99a26a-44ea-4c4d-a730-9c75493c2a1d,function_execution_time,1780474449.6909654,0.000058506
experiment_name,fa99a26a-44ea-4c4d-a730-9c75493c2a1d,function_execution_time,1780474449.792308,0.000066046
experiment_name,fa99a26a-44ea-4c4d-a730-9c75493c2a1d,function_execution_time,1780474449.8927336,0.000056858
experiment_name,fa99a26a-44ea-4c4d-a730-9c75493c2a1d,function_execution_time,1780474449.9941337,0.00005422
experiment_name,fa99a26a-44ea-4c4d-a730-9c75493c2a1d,function_execution_time,1780474450.0953722,0.000059297
experiment_name,fa99a26a-44ea-4c4d-a730-9c75493c2a1d,function_execution_time,1780474450.19564,0.000059872
experiment_name,fa99a26a-44ea-4c4d-a730-9c75493c2a1d,function_execution_time,1780474450.297051,0.000065998
experiment_name,fa99a26a-44ea-4c4d-a730-9c75493c2a1d,function_execution_time,1780474450.3983011,0.000059862
experiment_name,fa99a26a-44ea-4c4d-a730-9c75493c2a1d,function_execution_time,1780474450.4986823,0.000055133
experiment_name,fa99a26a-44ea-4c4d-a730-9c75493c2a1d,function_execution_time,1780474450.5998638,0.000061456
experiment_name,fa99a26a-44ea-4c4d-a730-9c75493c2a1d,function_execution_time,1780474450.701173,0.000068542
experiment_name,fa99a26a-44ea-4c4d-a730-9c75493c2a1d,function_execution_time,1780474450.8025825,0.000057502
experiment_name,fa99a26a-44ea-4c4d-a730-9c75493c2a1d,function_execution_time,1780474450.9039593,0.000054508
experiment_name,fa99a26a-44ea-4c4d-a730-9c75493c2a1d,function_execution_time,1780474451.005324,0.000057306
experiment_name,fa99a26a-44ea-4c4d-a730-9c75493c2a1d,function_transfer_time,1780474446.0444365,0.000129497
experiment_name,fa99a26a-44ea-4c4d-a730-9c75493c2a1d,function_transfer_time,1780474446.1457646,0.000091734
experiment_name,fa99a26a-44ea-4c4d-a730-9c75493c2a1d,function_transfer_time,1780474446.246938,0.000032821
experiment_name,fa99a26a-44ea-4c4d-a730-9c75493c2a1d,function_transfer_time,1780474446.34826,0.000033661
experiment_name,fa99a26a-44ea-4c4d-a730-9c75493c2a1d,function_transfer_time,1780474446.4496102,0.000092893
experiment_name,fa99a26a-44ea-4c4d-a730-9c75493c2a1d,function_transfer_time,1780474446.5509567,0.000131178
experiment_name,fa99a26a-44ea-4c4d-a730-9c75493c2a1d,function_transfer_time,1780474446.6522684,0.000029446
experiment_name,fa99a26a-44ea-4c4d-a730-9c75493c2a1d,function_transfer_time,1780474446.7536137,0.000038241
experiment_name,fa99a26a-44ea-4c4d-a730-9c75493c2a1d,function_transfer_time,1780474446.8549626,0.000033365
experiment_name,fa99a26a-44ea-4c4d-a730-9c75493c2a1d,function_transfer_time,1780474446.9563537,0.000109072
experiment_name,fa99a26a-44ea-4c4d-a730-9c75493c2a1d,function_transfer_time,1780474447.0567033,0.000143187
experiment_name,fa99a26a-44ea-4c4d-a730-9c75493c2a1d,function_transfer_time,1780474447.1579509,0.000103313
experiment_name,fa99a26a-44ea-4c4d-a730-9c75493c2a1d,function_transfer_time,1780474447.2592134,0.000115412
experiment_name,fa99a26a-44ea-4c4d-a730-9c75493c2a1d,function_transfer_time,1780474447.3605707,0.000081952
experiment_name,fa99a26a-44ea-4c4d-a730-9c75493c2a1d,function_transfer_time,1780474447.461965,0.000045097
experiment_name,fa99a26a-44ea-4c4d-a730-9c75493c2a1d,function_transfer_time,1780474447.5631652,0.000027898
experiment_name,fa99a26a-44ea-4c4d-a730-9c75493c2a1d,function_transfer_time,1780474447.6645174,0.000039616
experiment_name,fa99a26a-44ea-4c4d-a730-9c75493c2a1d,function_transfer_time,1780474447.7659032,0.000041833
experiment_name,fa99a26a-44ea-4c4d-a730-9c75493c2a1d,function_transfer_time,1780474447.867249,0.00002904
experiment_name,fa99a26a-44ea-4c4d-a730-9c75493c2a1d,function_transfer_time,1780474447.9685626,0.000033331
experiment_name,fa99a26a-44ea-4c4d-a730-9c75493c2a1d,function_transfer_time,1780474448.0699487,0.000044733
experiment_name,fa99a26a-44ea-4c4d-a730-9c75493c2a1d,function_transfer_time,1780474448.1712508,0.0000274
experiment_name,fa99a26a-44ea-4c4d-a730-9c75493c2a1d,function_transfer_time,1780474448.2725837,0.000037296
experiment_name,fa99a26a-44ea-4c4d-a730-9c75493c2a1d,function_transfer_time,1780474448.3738322,0.000107827
experiment_name,fa99a26a-44ea-4c4d-a730-9c75493c2a1d,function_transfer_time,1780474448.4750743,0.000046548
experiment_name,fa99a26a-44ea-4c4d-a730-9c75493c2a1d,function_transfer_time,1780474448.5764887,0.000110858
experiment_name,fa99a26a-44ea-4c4d-a730-9c75493c2a1d,function_transfer_time,1780474448.677941,0.00011368
experiment_name,fa99a26a-44ea-4c4d-a730-9c75493c2a1d,function_transfer_time,1780474448.7791815,0.00002426
experiment_name,fa99a26a-44ea-4c4d-a730-9c75493c2a1d,function_transfer_time,1780474448.8804865,0.000036881
experiment_name,fa99a26a-44ea-4c4d-a730-9c75493c2a1d,function_transfer_time,1780474448.9818254,0.000054818
experiment_name,fa99a26a-44ea-4c4d-a730-9c75493c2a1d,function_transfer_time,1780474449.0832279,0.000113476
experiment_name,fa99a26a-44ea-4c4d-a730-9c75493c2a1d,function_transfer_time,1780474449.1845462,0.000123918
experiment_name,fa99a26a-44ea-4c4d-a730-9c75493c2a1d,function_transfer_time,1780474449.285721,0.000024112
experiment_name,fa99a26a-44ea-4c4d-a730-9c75493c2a1d,function_transfer_time,1780474449.3870528,0.000083658
experiment_name,fa99a26a-44ea-4c4d-a730-9c75493c2a1d,function_transfer_time,1780474449.4883902,0.000103419
experiment_name,fa99a26a-44ea-4c4d-a730-9c75493c2a1d,function_transfer_time,1780474449.5896432,0.00005335
experiment_name,fa99a26a-44ea-4c4d-a730-9c75493c2a1d,function_transfer_time,1780474449.690906,0.000054059
experiment_name,fa99a26a-44ea-4c4d-a730-9c75493c2a1d,function_transfer_time,1780474449.7922907,0.000035911
experiment_name,fa99a26a-44ea-4c4d-a730-9c75493c2a1d,function_transfer_time,1780474449.892675,0.000028283
experiment_name,fa99a26a-44ea-4c4d-a730-9c75493c2a1d,function_transfer_time,1780474449.9940789,0.000122335
experiment_name,fa99a26a-44ea-4c4d-a730-9c75493c2a1d,function_transfer_time,1780474450.0953712,0.00004565
experiment_name,fa99a26a-44ea-4c4d-a730-9c75493c2a1d,function_transfer_time,1780474450.1956377,0.000046047
experiment_name,fa99a26a-44ea-4c4d-a730-9c75493c2a1d,function_transfer_time,1780474450.2969944,0.000110414
experiment_name,fa99a26a-44ea-4c4d-a730-9c75493c2a1d,function_transfer_time,1780474450.3982964,0.000029486
experiment_name,fa99a26a-44ea-4c4d-a730-9c75493c2a1d,function_transfer_time,1780474450.4986203,0.000097999
experiment_name,fa99a26a-44ea-4c4d-a730-9c75493c2a1d,function_transfer_time,1780474450.599803,0.000044585
experiment_name,fa99a26a-44ea-4c4d-a730-9c75493c2a1d,function_transfer_time,1780474450.7011683,0.000028101
experiment_name,fa99a26a-44ea-4c4d-a730-9c75493c2a1d,function_transfer_time,1780474450.8025196,0.000048216
experiment_name,fa99a26a-44ea-4c4d-a730-9c75493c2a1d,function_transfer_time,1780474450.9039052,0.00003094
experiment_name,fa99a26a-44ea-4c4d-a730-9c75493c2a1d,function_transfer_time,1780474451.0052664,0.000139262
experiment_name,bf3a74b0-3b5d-4a54-b037-15a0fb37bb39,function_transfer_time,1780474446.0442405,0.00008367
experiment_name,bf3a74b0-3b5d-4a54-b037-15a0fb37bb39,function_transfer_time,1780474446.1455934,0.000082977
experiment_name,bf3a74b0-3b5d-4a54-b037-15a0fb37bb39,function_transfer_time,1780474446.2468462,0.000024079
experiment_name,bf3a74b0-3b5d-4a54-b037-15a0fb37bb39,function_transfer_time,1780474446.3481684,0.000085021
experiment_name,bf3a74b0-3b5d-4a54-b037-15a0fb37bb39,function_transfer_time,1780474446.4494648,0.000084211
experiment_name,bf3a74b0-3b5d-4a54-b037-15a0fb37bb39,function_transfer_time,1780474446.5507703,0.00008001
experiment_name,bf3a74b0-3b5d-4a54-b037-15a0fb37bb39,function_transfer_time,1780474446.6521206,0.000086032
experiment_name,bf3a74b0-3b5d-4a54-b037-15a0fb37bb39,function_transfer_time,1780474446.7534263,0.000085123
experiment_name,bf3a74b0-3b5d-4a54-b037-15a0fb37bb39,function_transfer_time,1780474446.8547769,0.00008229
experiment_name,bf3a74b0-3b5d-4a54-b037-15a0fb37bb39,function_transfer_time,1780474446.9561722,0.000084631
experiment_name,bf3a74b0-3b5d-4a54-b037-15a0fb37bb39,function_transfer_time,1780474447.0565014,0.000086311
experiment_name,bf3a74b0-3b5d-4a54-b037-15a0fb37bb39,function_transfer_time,1780474447.157794,0.000076087
experiment_name,bf3a74b0-3b5d-4a54-b037-15a0fb37bb39,function_transfer_time,1780474447.259038,0.000020365
experiment_name,bf3a74b0-3b5d-4a54-b037-15a0fb37bb39,function_transfer_time,1780474447.360479,0.000082816
experiment_name,bf3a74b0-3b5d-4a54-b037-15a0fb37bb39,function_transfer_time,1780474447.4618022,0.000023056
experiment_name,bf3a74b0-3b5d-4a54-b037-15a0fb37bb39,function_transfer_time,1780474447.5630798,0.000026952
experiment_name,bf3a74b0-3b5d-4a54-b037-15a0fb37bb39,function_transfer_time,1780474447.6643972,0.000097013
experiment_name,bf3a74b0-3b5d-4a54-b037-15a0fb37bb39,function_transfer_time,1780474447.7657537,0.000084087
experiment_name,bf3a74b0-3b5d-4a54-b037-15a0fb37bb39,function_transfer_time,1780474447.8670912,0.00008288
experiment_name,bf3a74b0-3b5d-4a54-b037-15a0fb37bb39,function_transfer_time,1780474447.968465,0.000087093
experiment_name,bf3a74b0-3b5d-4a54-b037-15a0fb37bb39,function_transfer_time,1780474448.0697942,0.000084405
experiment_name,bf3a74b0-3b5d-4a54-b037-15a0fb37bb39,function_transfer_time,1780474448.1711097,0.000089987
experiment_name,bf3a74b0-3b5d-4a54-b037-15a0fb37bb39,function_transfer_time,1780474448.2724237,0.000084577
experiment_name,bf3a74b0-3b5d-4a54-b037-15a0fb37bb39,function_transfer_time,1780474448.373663,0.000021695
experiment_name,bf3a74b0-3b5d-4a54-b037-15a0fb37bb39,function_transfer_time,1780474448.474974,0.000085621
experiment_name,bf3a74b0-3b5d-4a54-b037-15a0fb37bb39,function_transfer_time,1780474448.57639,0.0000892
experiment_name,bf3a74b0-3b5d-4a54-b037-15a0fb37bb39,function_transfer_time,1780474448.6777709,0.000079029
experiment_name,bf3a74b0-3b5d-4a54-b037-15a0fb37bb39,function_transfer_time,1780474448.7790964,0.000077493
experiment_name,bf3a74b0-3b5d-4a54-b037-15a0fb37bb39,function_transfer_time,1780474448.8803363,0.000025121
experiment_name,bf3a74b0-3b5d-4a54-b037-15a0fb37bb39,function_transfer_time,1780474448.9817173,0.000079094
experiment_name,bf3a74b0-3b5d-4a54-b037-15a0fb37bb39,function_transfer_time,1780474449.0830545,0.000076122
experiment_name,bf3a74b0-3b5d-4a54-b037-15a0fb37bb39,function_transfer_time,1780474449.1843681,0.000076055
experiment_name,bf3a74b0-3b5d-4a54-b037-15a0fb37bb39,function_transfer_time,1780474449.285635,0.000017997
experiment_name,bf3a74b0-3b5d-4a54-b037-15a0fb37bb39,function_transfer_time,1780474449.3869185,0.000075833
experiment_name,bf3a74b0-3b5d-4a54-b037-15a0fb37bb39,function_transfer_time,1780474449.4882302,0.000088805
experiment_name,bf3a74b0-3b5d-4a54-b037-15a0fb37bb39,function_transfer_time,1780474449.5895317,0.000091091
experiment_name,bf3a74b0-3b5d-4a54-b037-15a0fb37bb39,function_transfer_time,1780474449.690794,0.000021282
experiment_name,bf3a74b0-3b5d-4a54-b037-15a0fb37bb39,function_transfer_time,1780474449.79221,0.000085753
experiment_name,bf3a74b0-3b5d-4a54-b037-15a0fb37bb39,function_transfer_time,1780474449.8925364,0.000079291
experiment_name,bf3a74b0-3b5d-4a54-b037-15a0fb37bb39,function_transfer_time,1780474449.9939048,0.000079633
experiment_name,bf3a74b0-3b5d-4a54-b037-15a0fb37bb39,function_transfer_time,1780474450.0952206,0.000081431
experiment_name,bf3a74b0-3b5d-4a54-b037-15a0fb37bb39,function_transfer_time,1780474450.1954808,0.000023127
experiment_name,bf3a74b0-3b5d-4a54-b037-15a0fb37bb39,function_transfer_time,1780474450.2968214,0.000076506
experiment_name,bf3a74b0-3b5d-4a54-b037-15a0fb37bb39,function_transfer_time,1780474450.3981566,0.000088015
experiment_name,bf3a74b0-3b5d-4a54-b037-15a0fb37bb39,function_transfer_time,1780474450.4984624,0.000074346
experiment_name,bf3a74b0-3b5d-4a54-b037-15a0fb37bb39,function_transfer_time,1780474450.599696,0.00002521
experiment_name,bf3a74b0-3b5d-4a54-b037-15a0fb37bb39,function_transfer_time,1780474450.701026,0.000081611
experiment_name,bf3a74b0-3b5d-4a54-b037-15a0fb37bb39,function_transfer_time,1780474450.8024082,0.000077796
experiment_name,bf3a74b0-3b5d-4a54-b037-15a0fb37bb39,function_transfer_time,1780474450.9037528,0.000083512
experiment_name,bf3a74b0-3b5d-4a54-b037-15a0fb37bb39,function_transfer_time,1780474451.0050714,0.000024445
experiment_name,fa99a26a-44ea-4c4d-a730-9c75493c2a1d,function_execution_time,1780474451.105832,0.000063013
experiment_name,fa99a26a-44ea-4c4d-a730-9c75493c2a1d,function_execution_time,1780474451.2070937,0.000059907
experiment_name,fa99a26a-44ea-4c4d-a730-9c75493c2a1d,function_execution_time,1780474451.3084757,0.000072082
experiment_name,fa99a26a-44ea-4c4d-a730-9c75493c2a1d,function_execution_time,1780474451.4098017,0.000063424
experiment_name,fa99a26a-44ea-4c4d-a730-9c75493c2a1d,function_execution_time,1780474451.5111587,0.000066573
experiment_name,fa99a26a-44ea-4c4d-a730-9c75493c2a1d,function_execution_time,1780474451.6124637,0.000076386
experiment_name,fa99a26a-44ea-4c4d-a730-9c75493c2a1d,function_execution_time,1780474451.7128098,0.000057059
experiment_name,fa99a26a-44ea-4c4d-a730-9c75493c2a1d,function_execution_time,1780474451.8141131,0.000056531
experiment_name,fa99a26a-44ea-4c4d-a730-9c75493c2a1d,function_execution_time,1780474451.9154506,0.000067312
experiment_name,fa99a26a-44ea-4c4d-a730-9c75493c2a1d,function_execution_time,1780474452.0168626,0.000064458
experiment_name,fa99a26a-44ea-4c4d-a730-9c75493c2a1d,function_execution_time,1780474452.1182716,0.000059325
experiment_name,fa99a26a-44ea-4c4d-a730-9c75493c2a1d,function_execution_time,1780474452.219606,0.000058321
experiment_name,fa99a26a-44ea-4c4d-a730-9c75493c2a1d,function_execution_time,1780474452.3208182,0.000055904
experiment_name,fa99a26a-44ea-4c4d-a730-9c75493c2a1d,function_execution_time,1780474452.4221125,0.000068425
experiment_name,fa99a26a-44ea-4c4d-a730-9c75493c2a1d,function_execution_time,1780474452.5234985,0.000073829
experiment_name,fa99a26a-44ea-4c4d-a730-9c75493c2a1d,function_execution_time,1780474452.6248276,0.000058162
experiment_name,fa99a26a-44ea-4c4d-a730-9c75493c2a1d,function_execution_time,1780474452.7260146,0.000055152
experiment_name,fa99a26a-44ea-4c4d-a730-9c75493c2a1d,function_execution_time,1780474452.8273408,0.000064273
experiment_name,fa99a26a-44ea-4c4d-a730-9c75493c2a1d,function_execution_time,1780474452.9277282,0.000058809
experiment_name,fa99a26a-44ea-4c4d-a730-9c75493c2a1d,function_execution_time,1780474453.0290916,0.00005974
experiment_name,fa99a26a-44ea-4c4d-a730-9c75493c2a1d,function_execution_time,1780474453.1305304,0.000059377
experiment_name,fa99a26a-44ea-4c4d-a730-9c75493c2a1d,function_execution_time,1780474453.2318118,0.000056008
experiment_name,fa99a26a-44ea-4c4d-a730-9c75493c2a1d,function_execution_time,1780474453.3331,0.000064287
experiment_name,fa99a26a-44ea-4c4d-a730-9c75493c2a1d,function_execution_time,1780474453.4343016,0.000054756
experiment_name,fa99a26a-44ea-4c4d-a730-9c75493c2a1d,function_execution_time,1780474453.535562,0.000065479
experiment_name,fa99a26a-44ea-4c4d-a730-9c75493c2a1d,function_execution_time,1780474453.6368968,0.000063031
experiment_name,fa99a26a-44ea-4c4d-a730-9c75493c2a1d,function_execution_time,1780474453.7381513,0.000066375
experiment_name,fa99a26a-44ea-4c4d-a730-9c75493c2a1d,function_execution_time,1780474453.839401,0.000057737
experiment_name,fa99a26a-44ea-4c4d-a730-9c75493c2a1d,function_execution_time,1780474453.940648,0.000065765
experiment_name,fa99a26a-44ea-4c4d-a730-9c75493c2a1d,function_execution_time,1780474454.04215,0.000065603
experiment_name,fa99a26a-44ea-4c4d-a730-9c75493c2a1d,function_execution_time,1780474454.1435087,0.000057913
experiment_name,fa99a26a-44ea-4c4d-a730-9c75493c2a1d,function_execution_time,1780474454.244655,0.000061949
experiment_name,fa99a26a-44ea-4c4d-a730-9c75493c2a1d,function_execution_time,1780474454.3460634,0.000058998
experiment_name,fa99a26a-44ea-4c4d-a730-9c75493c2a1d,function_execution_time,1780474454.4473736,0.000063965
experiment_name,fa99a26a-44ea-4c4d-a730-9c75493c2a1d,function_execution_time,1780474454.5487015,0.000056189
experiment_name,fa99a26a-44ea-4c4d-a730-9c75493c2a1d,function_execution_time,1780474454.650028,0.000056048
experiment_name,fa99a26a-44ea-4c4d-a730-9c75493c2a1d,function_execution_time,1780474454.751343,0.000055892
experiment_name,fa99a26a-44ea-4c4d-a730-9c75493c2a1d,function_execution_time,1780474454.8526855,0.000062259
experiment_name,fa99a26a-44ea-4c4d-a730-9c75493c2a1d,function_execution_time,1780474454.954123,0.000065189
experiment_name,fa99a26a-44ea-4c4d-a730-9c75493c2a1d,function_execution_time,1780474455.0555117,0.000060031
experiment_name,fa99a26a-44ea-4c4d-a730-9c75493c2a1d,function_execution_time,1780474455.1568277,0.000060647
experiment_name,fa99a26a-44ea-4c4d-a730-9c75493c2a1d,function_execution_time,1780474455.2581701,0.00005923
experiment_name,fa99a26a-44ea-4c4d-a730-9c75493c2a1d,function_execution_time,1780474455.3594859,0.000065952
experiment_name,fa99a26a-44ea-4c4d-a730-9c75493c2a1d,function_execution_time,1780474455.4607751,0.000056
experiment_name,fa99a26a-44ea-4c4d-a730-9c75493c2a1d,function_execution_time,1780474455.5623338,0.000067302
experiment_name,fa99a26a-44ea-4c4d-a730-9c75493c2a1d,function_execution_time,1780474455.6636047,0.000056158
experiment_name,fa99a26a-44ea-4c4d-a730-9c75493c2a1d,function_execution_time,1780474455.7649605,0.000058356
experiment_name,fa99a26a-44ea-4c4d-a730-9c75493c2a1d,function_execution_time,1780474455.8662279,0.000060414
experiment_name,fa99a26a-44ea-4c4d-a730-9c75493c2a1d,function_execution_time,1780474455.9676347,0.00007048
experiment_name,bf3a74b0-3b5d-4a54-b037-15a0fb37bb39,function_execution_time,1780474451.1056645,0.000080327
experiment_name,bf3a74b0-3b5d-4a54-b037-15a0fb37bb39,function_execution_time,1780474451.2070065,0.000084122
experiment_name,bf3a74b0-3b5d-4a54-b037-15a0fb37bb39,function_execution_time,1780474451.308315,0.000071345
experiment_name,bf3a74b0-3b5d-4a54-b037-15a0fb37bb39,function_execution_time,1780474451.4096432,0.000073677
experiment_name,bf3a74b0-3b5d-4a54-b037-15a0fb37bb39,function_execution_time,1780474451.5109959,0.000083382
experiment_name,bf3a74b0-3b5d-4a54-b037-15a0fb37bb39,function_execution_time,1780474451.6123054,0.000073501
experiment_name,bf3a74b0-3b5d-4a54-b037-15a0fb37bb39,function_execution_time,1780474451.7126522,0.000071387
experiment_name,bf3a74b0-3b5d-4a54-b037-15a0fb37bb39,function_execution_time,1780474451.8139513,0.000080313
experiment_name,bf3a74b0-3b5d-4a54-b037-15a0fb37bb39,function_execution_time,1780474451.9153724,0.000159688
experiment_name,bf3a74b0-3b5d-4a54-b037-15a0fb37bb39,function_execution_time,1780474452.0167723,0.000071268
experiment_name,bf3a74b0-3b5d-4a54-b037-15a0fb37bb39,function_execution_time,1780474452.1181064,0.000070412
experiment_name,bf3a74b0-3b5d-4a54-b037-15a0fb37bb39,function_execution_time,1780474452.2195303,0.000096361
experiment_name,bf3a74b0-3b5d-4a54-b037-15a0fb37bb39,function_execution_time,1780474452.3207033,0.000077671
experiment_name,bf3a74b0-3b5d-4a54-b037-15a0fb37bb39,function_execution_time,1780474452.4220216,0.000075389
experiment_name,bf3a74b0-3b5d-4a54-b037-15a0fb37bb39,function_execution_time,1780474452.5233946,0.000081241
experiment_name,bf3a74b0-3b5d-4a54-b037-15a0fb37bb39,function_execution_time,1780474452.6246543,0.00006923
experiment_name,bf3a74b0-3b5d-4a54-b037-15a0fb37bb39,function_execution_time,1780474452.7259316,0.000074568
experiment_name,bf3a74b0-3b5d-4a54-b037-15a0fb37bb39,function_execution_time,1780474452.8272781,0.000084319
experiment_name,bf3a74b0-3b5d-4a54-b037-15a0fb37bb39,function_execution_time,1780474452.9276679,0.000162443
experiment_name,bf3a74b0-3b5d-4a54-b037-15a0fb37bb39,function_execution_time,1780474453.02909,0.000078635
experiment_name,bf3a74b0-3b5d-4a54-b037-15a0fb37bb39,function_execution_time,1780474453.130353,0.000071573
experiment_name,bf3a74b0-3b5d-4a54-b037-15a0fb37bb39,function_execution_time,1780474453.2317257,0.000085588
experiment_name,bf3a74b0-3b5d-4a54-b037-15a0fb37bb39,function_execution_time,1780474453.3329828,0.000083646
experiment_name,bf3a74b0-3b5d-4a54-b037-15a0fb37bb39,function_execution_time,1780474453.4343,0.000078222
experiment_name,bf3a74b0-3b5d-4a54-b037-15a0fb37bb39,function_execution_time,1780474453.535558,0.00009727
experiment_name,bf3a74b0-3b5d-4a54-b037-15a0fb37bb39,function_execution_time,1780474453.6368313,0.000091173
experiment_name,bf3a74b0-3b5d-4a54-b037-15a0fb37bb39,function_execution_time,1780474453.737986,0.000069876
experiment_name,bf3a74b0-3b5d-4a54-b037-15a0fb37bb39,function_execution_time,1780474453.8393059,0.000077068
experiment_name,bf3a74b0-3b5d-4a54-b037-15a0fb37bb39,function_execution_time,1780474453.940575,0.000167625
experiment_name,bf3a74b0-3b5d-4a54-b037-15a0fb37bb39,function_execution_time,1780474454.041985,0.000070484
experiment_name,bf3a74b0-3b5d-4a54-b037-15a0fb37bb39,function_execution_time,1780474454.1433265,0.000076619
experiment_name,bf3a74b0-3b5d-4a54-b037-15a0fb37bb39,function_execution_time,1780474454.244594,0.000089236
experiment_name,bf3a74b0-3b5d-4a54-b037-15a0fb37bb39,function_execution_time,1780474454.3458993,0.000080639
experiment_name,bf3a74b0-3b5d-4a54-b037-15a0fb37bb39,function_execution_time,1780474454.4472103,0.000071518
experiment_name,bf3a74b0-3b5d-4a54-b037-15a0fb37bb39,function_execution_time,1780474454.548542,0.000070112
experiment_name,bf3a74b0-3b5d-4a54-b037-15a0fb37bb39,function_execution_time,1780474454.6498914,0.000080705
experiment_name,bf3a74b0-3b5d-4a54-b037-15a0fb37bb39,function_execution_time,1780474454.7512538,0.000076225
experiment_name,bf3a74b0-3b5d-4a54-b037-15a0fb37bb39,function_execution_time,1780474454.8525243,0.000077541
experiment_name,bf3a74b0-3b5d-4a54-b037-15a0fb37bb39,function_execution_time,1780474454.95406,0.000146657
experiment_name,bf3a74b0-3b5d-4a54-b037-15a0fb37bb39,function_execution_time,1780474455.0553477,0.000070176
experiment_name,bf3a74b0-3b5d-4a54-b037-15a0fb37bb39,function_execution_time,1780474455.1566634,0.000071509
experiment_name,bf3a74b0-3b5d-4a54-b037-15a0fb37bb39,function_execution_time,1780474455.2579823,0.000070849
experiment_name,bf3a74b0-3b5d-4a54-b037-15a0fb37bb39,function_execution_time,1780474455.3593166,0.000069182
experiment_name,bf3a74b0-3b5d-4a54-b037-15a0fb37bb39,function_execution_time,1780474455.4606807,0.000080997
experiment_name,bf3a74b0-3b5d-4a54-b037-15a0fb37bb39,function_execution_time,1780474455.5621555,0.00007078
experiment_name,bf3a74b0-3b5d-4a54-b037-15a0fb37bb39,function_execution_time,1780474455.663537,0.00008867
experiment_name,bf3a74b0-3b5d-4a54-b037-15a0fb37bb39,function_execution_time,1780474455.7648695,0.000081916
experiment_name,bf3a74b0-3b5d-4a54-b037-15a0fb37bb39,function_execution_time,1780474455.8661475,0.000083016
experiment_name,bf3a74b0-3b5d-4a54-b037-15a0fb37bb39,function_execution_time,1780474455.967557,0.000164756
experiment_name,bf3a74b0-3b5d-4a54-b037-15a0fb37bb39,function_transfer_time,1780474451.1055858,0.000082287
experiment_name,bf3a74b0-3b5d-4a54-b037-15a0fb37bb39,function_transfer_time,1780474451.2069213,0.000080265
experiment_name,bf3a74b0-3b5d-4a54-b037-15a0fb37bb39,function_transfer_time,1780474451.3082354,0.000079383
experiment_name,bf3a74b0-3b5d-4a54-b037-15a0fb37bb39,function_transfer_time,1780474451.4095635,0.000077804
experiment_name,bf3a74b0-3b5d-4a54-b037-15a0fb37bb39,function_transfer_time,1780474451.5109138,0.000078358
experiment_name,bf3a74b0-3b5d-4a54-b037-15a0fb37bb39,function_transfer_time,1780474451.6122243,0.000077025
experiment_name,bf3a74b0-3b5d-4a54-b037-15a0fb37bb39,function_transfer_time,1780474451.712569,0.000078697
experiment_name,bf3a74b0-3b5d-4a54-b037-15a0fb37bb39,function_transfer_time,1780474451.8138726,0.000076564
experiment_name,bf3a74b0-3b5d-4a54-b037-15a0fb37bb39,function_transfer_time,1780474451.9152007,0.000080446
experiment_name,bf3a74b0-3b5d-4a54-b037-15a0fb37bb39,function_transfer_time,1780474452.0166888,0.00008204
experiment_name,bf3a74b0-3b5d-4a54-b037-15a0fb37bb39,function_transfer_time,1780474452.118027,0.000090833
experiment_name,bf3a74b0-3b5d-4a54-b037-15a0fb37bb39,function_transfer_time,1780474452.2193692,0.000081393
experiment_name,bf3a74b0-3b5d-4a54-b037-15a0fb37bb39,function_transfer_time,1780474452.3206205,0.000021177
experiment_name,bf3a74b0-3b5d-4a54-b037-15a0fb37bb39,function_transfer_time,1780474452.42194,0.000079612
experiment_name,bf3a74b0-3b5d-4a54-b037-15a0fb37bb39,function_transfer_time,1780474452.523249,0.000083988
experiment_name,bf3a74b0-3b5d-4a54-b037-15a0fb37bb39,function_transfer_time,1780474452.6245747,0.000083023
experiment_name,bf3a74b0-3b5d-4a54-b037-15a0fb37bb39,function_transfer_time,1780474452.7258582,0.000077363
experiment_name,bf3a74b0-3b5d-4a54-b037-15a0fb37bb39,function_transfer_time,1780474452.8271875,0.000093799
experiment_name,bf3a74b0-3b5d-4a54-b037-15a0fb37bb39,function_transfer_time,1780474452.9274986,0.000079482
experiment_name,bf3a74b0-3b5d-4a54-b037-15a0fb37bb39,function_transfer_time,1780474453.0289478,0.000077044
experiment_name,bf3a74b0-3b5d-4a54-b037-15a0fb37bb39,function_transfer_time,1780474453.1302693,0.000085005
experiment_name,bf3a74b0-3b5d-4a54-b037-15a0fb37bb39,function_transfer_time,1780474453.2315795,0.000078665
experiment_name,bf3a74b0-3b5d-4a54-b037-15a0fb37bb39,function_transfer_time,1780474453.3328943,0.000078913
experiment_name,bf3a74b0-3b5d-4a54-b037-15a0fb37bb39,function_transfer_time,1780474453.4341588,0.000021935
experiment_name,bf3a74b0-3b5d-4a54-b037-15a0fb37bb39,function_transfer_time,1780474453.5353944,0.000025346
experiment_name,bf3a74b0-3b5d-4a54-b037-15a0fb37bb39,function_transfer_time,1780474453.6366715,0.000023373
experiment_name,bf3a74b0-3b5d-4a54-b037-15a0fb37bb39,function_transfer_time,1780474453.7379076,0.000017973
experiment_name,bf3a74b0-3b5d-4a54-b037-15a0fb37bb39,function_transfer_time,1780474453.839174,0.000020205
experiment_name,bf3a74b0-3b5d-4a54-b037-15a0fb37bb39,function_transfer_time,1780474453.940404,0.000024012
experiment_name,bf3a74b0-3b5d-4a54-b037-15a0fb37bb39,function_transfer_time,1780474454.041894,0.00007906
experiment_name,bf3a74b0-3b5d-4a54-b037-15a0fb37bb39,function_transfer_time,1780474454.1432464,0.000086451
experiment_name,bf3a74b0-3b5d-4a54-b037-15a0fb37bb39,function_transfer_time,1780474454.2444973,0.000023268
experiment_name,bf3a74b0-3b5d-4a54-b037-15a0fb37bb39,function_transfer_time,1780474454.345818,0.000082582
experiment_name,bf3a74b0-3b5d-4a54-b037-15a0fb37bb39,function_transfer_time,1780474454.4471338,0.000083907
experiment_name,bf3a74b0-3b5d-4a54-b037-15a0fb37bb39,function_transfer_time,1780474454.5484579,0.000083736
experiment_name,bf3a74b0-3b5d-4a54-b037-15a0fb37bb39,function_transfer_time,1780474454.6498125,0.000084685
experiment_name,bf3a74b0-3b5d-4a54-b037-15a0fb37bb39,function_transfer_time,1780474454.7511234,0.000081788
experiment_name,bf3a74b0-3b5d-4a54-b037-15a0fb37bb39,function_transfer_time,1780474454.852514,0.00007597
experiment_name,bf3a74b0-3b5d-4a54-b037-15a0fb37bb39,function_transfer_time,1780474454.9539073,0.000072944
experiment_name,bf3a74b0-3b5d-4a54-b037-15a0fb37bb39,function_transfer_time,1780474455.055267,0.000077639
experiment_name,bf3a74b0-3b5d-4a54-b037-15a0fb37bb39,function_transfer_time,1780474455.156582,0.000084107
experiment_name,bf3a74b0-3b5d-4a54-b037-15a0fb37bb39,function_transfer_time,1780474455.2579024,0.000078469
experiment_name,bf3a74b0-3b5d-4a54-b037-15a0fb37bb39,function_transfer_time,1780474455.359234,0.000075977
experiment_name,bf3a74b0-3b5d-4a54-b037-15a0fb37bb39,function_transfer_time,1780474455.4606037,0.000078435
experiment_name,bf3a74b0-3b5d-4a54-b037-15a0fb37bb39,function_transfer_time,1780474455.5620787,0.000079185
experiment_name,bf3a74b0-3b5d-4a54-b037-15a0fb37bb39,function_transfer_time,1780474455.6633868,0.000079108
experiment_name,bf3a74b0-3b5d-4a54-b037-15a0fb37bb39,function_transfer_time,1780474455.764723,0.000082147
experiment_name,bf3a74b0-3b5d-4a54-b037-15a0fb37bb39,function_transfer_time,1780474455.866061,0.000084842
experiment_name,bf3a74b0-3b5d-4a54-b037-15a0fb37bb39,function_transfer_time,1780474455.9673874,0.000088949
experiment_name,fa99a26a-44ea-4c4d-a730-9c75493c2a1d,function_transfer_time,1780474451.1057687,0.000121748
experiment_name,fa99a26a-44ea-4c4d-a730-9c75493c2a1d,function_transfer_time,1780474451.2070324,0.000047767
experiment_name,fa99a26a-44ea-4c4d-a730-9c75493c2a1d,function_transfer_time,1780474451.3083956,0.000108483
experiment_name,fa99a26a-44ea-4c4d-a730-9c75493c2a1d,function_transfer_time,1780474451.4097376,0.000118226
experiment_name,fa99a26a-44ea-4c4d-a730-9c75493c2a1d,function_transfer_time,1780474451.5110915,0.000118171
experiment_name,fa99a26a-44ea-4c4d-a730-9c75493c2a1d,function_transfer_time,1780474451.6123853,0.000108576
experiment_name,fa99a26a-44ea-4c4d-a730-9c75493c2a1d,function_transfer_time,1780474451.712752,0.000128172
experiment_name,fa99a26a-44ea-4c4d-a730-9c75493c2a1d,function_transfer_time,1780474451.8140564,0.00012925
experiment_name,fa99a26a-44ea-4c4d-a730-9c75493c2a1d,function_transfer_time,1780474451.915368,0.000034035
experiment_name,fa99a26a-44ea-4c4d-a730-9c75493c2a1d,function_transfer_time,1780474452.0168478,0.000053502
experiment_name,fa99a26a-44ea-4c4d-a730-9c75493c2a1d,function_transfer_time,1780474452.1182117,0.000128889
experiment_name,fa99a26a-44ea-4c4d-a730-9c75493c2a1d,function_transfer_time,1780474452.2195427,0.000115344
experiment_name,fa99a26a-44ea-4c4d-a730-9c75493c2a1d,function_transfer_time,1780474452.320755,0.00008445
experiment_name,fa99a26a-44ea-4c4d-a730-9c75493c2a1d,function_transfer_time,1780474452.4220922,0.000047554
experiment_name,fa99a26a-44ea-4c4d-a730-9c75493c2a1d,function_transfer_time,1780474452.523418,0.000119324
experiment_name,fa99a26a-44ea-4c4d-a730-9c75493c2a1d,function_transfer_time,1780474452.624769,0.000139402
experiment_name,fa99a26a-44ea-4c4d-a730-9c75493c2a1d,function_transfer_time,1780474452.7259583,0.000045568
experiment_name,fa99a26a-44ea-4c4d-a730-9c75493c2a1d,function_transfer_time,1780474452.8272758,0.000029885
experiment_name,fa99a26a-44ea-4c4d-a730-9c75493c2a1d,function_transfer_time,1780474452.9276702,0.000035902
experiment_name,fa99a26a-44ea-4c4d-a730-9c75493c2a1d,function_transfer_time,1780474453.0290868,0.000029496
experiment_name,fa99a26a-44ea-4c4d-a730-9c75493c2a1d,function_transfer_time,1780474453.1304731,0.000146122
experiment_name,fa99a26a-44ea-4c4d-a730-9c75493c2a1d,function_transfer_time,1780474453.2317488,0.000116663
experiment_name,fa99a26a-44ea-4c4d-a730-9c75493c2a1d,function_transfer_time,1780474453.333031,0.000082584
experiment_name,fa99a26a-44ea-4c4d-a730-9c75493c2a1d,function_transfer_time,1780474453.4342968,0.000027729
experiment_name,fa99a26a-44ea-4c4d-a730-9c75493c2a1d,function_transfer_time,1780474453.5355606,0.000036675
experiment_name,fa99a26a-44ea-4c4d-a730-9c75493c2a1d,function_transfer_time,1780474453.6368344,0.000096019
experiment_name,fa99a26a-44ea-4c4d-a730-9c75493c2a1d,function_transfer_time,1780474453.7380838,0.000121579
experiment_name,fa99a26a-44ea-4c4d-a730-9c75493c2a1d,function_transfer_time,1780474453.8393364,0.000111728
experiment_name,fa99a26a-44ea-4c4d-a730-9c75493c2a1d,function_transfer_time,1780474453.9405773,0.000043406
experiment_name,fa99a26a-44ea-4c4d-a730-9c75493c2a1d,function_transfer_time,1780474454.0420835,0.000137586
experiment_name,fa99a26a-44ea-4c4d-a730-9c75493c2a1d,function_transfer_time,1780474454.1434507,0.000136353
experiment_name,fa99a26a-44ea-4c4d-a730-9c75493c2a1d,function_transfer_time,1780474454.2445917,0.000033373
experiment_name,fa99a26a-44ea-4c4d-a730-9c75493c2a1d,function_transfer_time,1780474454.3460033,0.000123246
experiment_name,fa99a26a-44ea-4c4d-a730-9c75493c2a1d,function_transfer_time,1780474454.447308,0.000119613
experiment_name,fa99a26a-44ea-4c4d-a730-9c75493c2a1d,function_transfer_time,1780474454.548645,0.000131052
experiment_name,fa99a26a-44ea-4c4d-a730-9c75493c2a1d,function_transfer_time,1780474454.6499717,0.000100068
experiment_name,fa99a26a-44ea-4c4d-a730-9c75493c2a1d,function_transfer_time,1780474454.7512827,0.000108817
experiment_name,fa99a26a-44ea-4c4d-a730-9c75493c2a1d,function_transfer_time,1780474454.8526235,0.000118291
experiment_name,fa99a26a-44ea-4c4d-a730-9c75493c2a1d,function_transfer_time,1780474454.9540575,0.000034731
experiment_name,fa99a26a-44ea-4c4d-a730-9c75493c2a1d,function_transfer_time,1780474455.0554516,0.000118299
experiment_name,fa99a26a-44ea-4c4d-a730-9c75493c2a1d,function_transfer_time,1780474455.1567667,0.000127161
experiment_name,fa99a26a-44ea-4c4d-a730-9c75493c2a1d,function_transfer_time,1780474455.2581081,0.000148189
experiment_name,fa99a26a-44ea-4c4d-a730-9c75493c2a1d,function_transfer_time,1780474455.3594174,0.000128267
experiment_name,fa99a26a-44ea-4c4d-a730-9c75493c2a1d,function_transfer_time,1780474455.4607081,0.000111412
experiment_name,fa99a26a-44ea-4c4d-a730-9c75493c2a1d,function_transfer_time,1780474455.5622659,0.000132218
experiment_name,fa99a26a-44ea-4c4d-a730-9c75493c2a1d,function_transfer_time,1780474455.6635396,0.000096664
experiment_name,fa99a26a-44ea-4c4d-a730-9c75493c2a1d,function_transfer_time,1780474455.7648928,0.000118005
experiment_name,fa99a26a-44ea-4c4d-a730-9c75493c2a1d,function_transfer_time,1780474455.8662252,0.000048899
experiment_name,fa99a26a-44ea-4c4d-a730-9c75493c2a1d,function_transfer_time,1780474455.967559,0.000039271
experiment_name,fa99a26a-44ea-4c4d-a730-9c75493c2a1d,function_execution_time,1780474456.0690823,0.000062366
experiment_name,fa99a26a-44ea-4c4d-a730-9c75493c2a1d,function_execution_time,1780474456.1703641,0.000058133
experiment_name,fa99a26a-44ea-4c4d-a730-9c75493c2a1d,function_execution_time,1780474456.2708101,0.000057807
experiment_name,fa99a26a-44ea-4c4d-a730-9c75493c2a1d,function_execution_time,1780474456.3722725,0.000069526
experiment_name,fa99a26a-44ea-4c4d-a730-9c75493c2a1d,function_execution_time,1780474456.4727104,0.000061245
experiment_name,fa99a26a-44ea-4c4d-a730-9c75493c2a1d,function_execution_time,1780474456.5742347,0.000065172
experiment_name,fa99a26a-44ea-4c4d-a730-9c75493c2a1d,function_execution_time,1780474456.6755285,0.000063083
experiment_name,fa99a26a-44ea-4c4d-a730-9c75493c2a1d,function_execution_time,1780474456.7768364,0.00006796
experiment_name,fa99a26a-44ea-4c4d-a730-9c75493c2a1d,function_execution_time,1780474456.8781095,0.000056092
experiment_name,fa99a26a-44ea-4c4d-a730-9c75493c2a1d,function_execution_time,1780474456.9793763,0.000063097
experiment_name,fa99a26a-44ea-4c4d-a730-9c75493c2a1d,function_execution_time,1780474457.0797296,0.000060151
experiment_name,fa99a26a-44ea-4c4d-a730-9c75493c2a1d,function_execution_time,1780474457.1810882,0.000060415
experiment_name,fa99a26a-44ea-4c4d-a730-9c75493c2a1d,function_execution_time,1780474457.2825203,0.000068191
experiment_name,fa99a26a-44ea-4c4d-a730-9c75493c2a1d,function_execution_time,1780474457.383796,0.000059266
experiment_name,fa99a26a-44ea-4c4d-a730-9c75493c2a1d,function_execution_time,1780474457.485281,0.000059434
experiment_name,fa99a26a-44ea-4c4d-a730-9c75493c2a1d,function_execution_time,1780474457.5865076,0.000066985
experiment_name,fa99a26a-44ea-4c4d-a730-9c75493c2a1d,function_execution_time,1780474457.6877704,0.000067017
experiment_name,fa99a26a-44ea-4c4d-a730-9c75493c2a1d,function_execution_time,1780474457.7891026,0.000060435
experiment_name,fa99a26a-44ea-4c4d-a730-9c75493c2a1d,function_execution_time,1780474457.8904037,0.00006211
experiment_name,fa99a26a-44ea-4c4d-a730-9c75493c2a1d,function_execution_time,1780474457.9917727,0.000057902
experiment_name,fa99a26a-44ea-4c4d-a730-9c75493c2a1d,function_execution_time,1780474458.0931365,0.000055895
experiment_name,fa99a26a-44ea-4c4d-a730-9c75493c2a1d,function_execution_time,1780474458.1946068,0.000063721
experiment_name,fa99a26a-44ea-4c4d-a730-9c75493c2a1d,function_execution_time,1780474458.2958138,0.000066916
experiment_name,fa99a26a-44ea-4c4d-a730-9c75493c2a1d,function_execution_time,1780474458.3971198,0.000061713
experiment_name,fa99a26a-44ea-4c4d-a730-9c75493c2a1d,function_execution_time,1780474458.4984624,0.000070297
experiment_name,fa99a26a-44ea-4c4d-a730-9c75493c2a1d,function_execution_time,1780474458.5986974,0.000061802
experiment_name,fa99a26a-44ea-4c4d-a730-9c75493c2a1d,function_execution_time,1780474458.699951,0.00004393
experiment_name,fa99a26a-44ea-4c4d-a730-9c75493c2a1d,function_execution_time,1780474458.8012102,0.000034204
experiment_name,fa99a26a-44ea-4c4d-a730-9c75493c2a1d,function_execution_time,1780474458.902443,0.000098157
experiment_name,fa99a26a-44ea-4c4d-a730-9c75493c2a1d,function_execution_time,1780474459.003721,0.000052768
experiment_name,fa99a26a-44ea-4c4d-a730-9c75493c2a1d,function_execution_time,1780474459.105129,0.000059835
experiment_name,fa99a26a-44ea-4c4d-a730-9c75493c2a1d,function_execution_time,1780474459.206452,0.00006657
experiment_name,fa99a26a-44ea-4c4d-a730-9c75493c2a1d,function_execution_time,1780474459.3067048,0.00006079
experiment_name,fa99a26a-44ea-4c4d-a730-9c75493c2a1d,function_execution_time,1780474459.4080524,0.000070576
experiment_name,fa99a26a-44ea-4c4d-a730-9c75493c2a1d,function_execution_time,1780474459.5093677,0.000067474
experiment_name,fa99a26a-44ea-4c4d-a730-9c75493c2a1d,function_execution_time,1780474459.6106234,0.000063228
experiment_name,fa99a26a-44ea-4c4d-a730-9c75493c2a1d,function_execution_time,1780474459.71196,0.00006184
experiment_name,fa99a26a-44ea-4c4d-a730-9c75493c2a1d,function_execution_time,1780474459.81334,0.000057857
experiment_name,fa99a26a-44ea-4c4d-a730-9c75493c2a1d,function_execution_time,1780474459.9146192,0.000067306
experiment_name,fa99a26a-44ea-4c4d-a730-9c75493c2a1d,function_execution_time,1780474460.0159032,0.000074571
experiment_name,fa99a26a-44ea-4c4d-a730-9c75493c2a1d,function_execution_time,1780474460.117292,0.000056857
experiment_name,fa99a26a-44ea-4c4d-a730-9c75493c2a1d,function_execution_time,1780474460.2186494,0.00005638
experiment_name,fa99a26a-44ea-4c4d-a730-9c75493c2a1d,function_execution_time,1780474460.3199074,0.000066195
experiment_name,fa99a26a-44ea-4c4d-a730-9c75493c2a1d,function_execution_time,1780474460.4211357,0.000058503
experiment_name,fa99a26a-44ea-4c4d-a730-9c75493c2a1d,function_execution_time,1780474460.5224662,0.000071092
experiment_name,fa99a26a-44ea-4c4d-a730-9c75493c2a1d,function_execution_time,1780474460.6226716,0.000057251
experiment_name,fa99a26a-44ea-4c4d-a730-9c75493c2a1d,function_execution_time,1780474460.7240484,0.000055992
experiment_name,fa99a26a-44ea-4c4d-a730-9c75493c2a1d,function_execution_time,1780474460.8253162,0.000075005
experiment_name,fa99a26a-44ea-4c4d-a730-9c75493c2a1d,function_execution_time,1780474460.9256897,0.000058286
experiment_name,bf3a74b0-3b5d-4a54-b037-15a0fb37bb39,function_execution_time,1780474456.0689452,0.000083949
experiment_name,bf3a74b0-3b5d-4a54-b037-15a0fb37bb39,function_execution_time,1780474456.1702414,0.000087087
experiment_name,bf3a74b0-3b5d-4a54-b037-15a0fb37bb39,function_execution_time,1780474456.270696,0.000077534
experiment_name,bf3a74b0-3b5d-4a54-b037-15a0fb37bb39,function_execution_time,1780474456.3721368,0.000078564
experiment_name,bf3a74b0-3b5d-4a54-b037-15a0fb37bb39,function_execution_time,1780474456.4725962,0.000084484
experiment_name,bf3a74b0-3b5d-4a54-b037-15a0fb37bb39,function_execution_time,1780474456.574078,0.000091933
experiment_name,bf3a74b0-3b5d-4a54-b037-15a0fb37bb39,function_execution_time,1780474456.6753802,0.00008704
experiment_name,bf3a74b0-3b5d-4a54-b037-15a0fb37bb39,function_execution_time,1780474456.7767384,0.000078808
experiment_name,bf3a74b0-3b5d-4a54-b037-15a0fb37bb39,function_execution_time,1780474456.8780136,0.000084293
experiment_name,bf3a74b0-3b5d-4a54-b037-15a0fb37bb39,function_execution_time,1780474456.9793155,0.000131403
experiment_name,bf3a74b0-3b5d-4a54-b037-15a0fb37bb39,function_execution_time,1780474457.0796397,0.000079831
experiment_name,bf3a74b0-3b5d-4a54-b037-15a0fb37bb39,function_execution_time,1780474457.1809614,0.000088129
experiment_name,bf3a74b0-3b5d-4a54-b037-15a0fb37bb39,function_execution_time,1780474457.2824514,0.000097354
experiment_name,bf3a74b0-3b5d-4a54-b037-15a0fb37bb39,function_execution_time,1780474457.3836608,0.000078353
experiment_name,bf3a74b0-3b5d-4a54-b037-15a0fb37bb39,function_execution_time,1780474457.4851754,0.00008097
experiment_name,bf3a74b0-3b5d-4a54-b037-15a0fb37bb39,function_execution_time,1780474457.5863705,0.000087877
experiment_name,bf3a74b0-3b5d-4a54-b037-15a0fb37bb39,function_execution_time,1780474457.687707,0.000088676
experiment_name,bf3a74b0-3b5d-4a54-b037-15a0fb37bb39,function_execution_time,1780474457.7890437,0.000092124
experiment_name,bf3a74b0-3b5d-4a54-b037-15a0fb37bb39,function_execution_time,1780474457.890393,0.000086504
experiment_name,bf3a74b0-3b5d-4a54-b037-15a0fb37bb39,function_execution_time,1780474457.9917166,0.000145045
experiment_name,bf3a74b0-3b5d-4a54-b037-15a0fb37bb39,function_execution_time,1780474458.09298,0.000072205
experiment_name,bf3a74b0-3b5d-4a54-b037-15a0fb37bb39,function_execution_time,1780474458.1944947,0.000099384
experiment_name,bf3a74b0-3b5d-4a54-b037-15a0fb37bb39,function_execution_time,1780474458.2958093,0.000086363
experiment_name,bf3a74b0-3b5d-4a54-b037-15a0fb37bb39,function_execution_time,1780474458.3969855,0.000082544
experiment_name,bf3a74b0-3b5d-4a54-b037-15a0fb37bb39,function_execution_time,1780474458.4982898,0.000076195
experiment_name,bf3a74b0-3b5d-4a54-b037-15a0fb37bb39,function_execution_time,1780474458.598609,0.000081699
experiment_name,bf3a74b0-3b5d-4a54-b037-15a0fb37bb39,function_execution_time,1780474458.6998775,0.000043625
experiment_name,bf3a74b0-3b5d-4a54-b037-15a0fb37bb39,function_execution_time,1780474458.8011215,0.000041664
experiment_name,bf3a74b0-3b5d-4a54-b037-15a0fb37bb39,function_execution_time,1780474458.9024158,0.000067765
experiment_name,bf3a74b0-3b5d-4a54-b037-15a0fb37bb39,function_execution_time,1780474459.0036647,0.000134458
experiment_name,bf3a74b0-3b5d-4a54-b037-15a0fb37bb39,function_execution_time,1780474459.1049495,0.00007067
experiment_name,bf3a74b0-3b5d-4a54-b037-15a0fb37bb39,function_execution_time,1780474459.2063527,0.000080185
experiment_name,bf3a74b0-3b5d-4a54-b037-15a0fb37bb39,function_execution_time,1780474459.3065326,0.000077162
experiment_name,bf3a74b0-3b5d-4a54-b037-15a0fb37bb39,function_execution_time,1780474459.4078689,0.000070205
experiment_name,bf3a74b0-3b5d-4a54-b037-15a0fb37bb39,function_execution_time,1780474459.5092044,0.000089371
experiment_name,bf3a74b0-3b5d-4a54-b037-15a0fb37bb39,function_execution_time,1780474459.610535,0.000083184
experiment_name,bf3a74b0-3b5d-4a54-b037-15a0fb37bb39,function_execution_time,1780474459.711946,0.000078599
experiment_name,bf3a74b0-3b5d-4a54-b037-15a0fb37bb39,function_execution_time,1780474459.8131783,0.000073468
experiment_name,bf3a74b0-3b5d-4a54-b037-15a0fb37bb39,function_execution_time,1780474459.9145086,0.000084849
experiment_name,bf3a74b0-3b5d-4a54-b037-15a0fb37bb39,function_execution_time,1780474460.0158253,0.000149343
experiment_name,bf3a74b0-3b5d-4a54-b037-15a0fb37bb39,function_execution_time,1780474460.1171331,0.000071487
experiment_name,bf3a74b0-3b5d-4a54-b037-15a0fb37bb39,function_execution_time,1780474460.218556,0.000093918
experiment_name,bf3a74b0-3b5d-4a54-b037-15a0fb37bb39,function_execution_time,1780474460.3197296,0.000077836
experiment_name,bf3a74b0-3b5d-4a54-b037-15a0fb37bb39,function_execution_time,1780474460.4210792,0.000083344
experiment_name,bf3a74b0-3b5d-4a54-b037-15a0fb37bb39,function_execution_time,1780474460.5223475,0.000077191
experiment_name,bf3a74b0-3b5d-4a54-b037-15a0fb37bb39,function_execution_time,1780474460.6226678,0.000079064
experiment_name,bf3a74b0-3b5d-4a54-b037-15a0fb37bb39,function_execution_time,1780474460.7239082,0.000080673
experiment_name,bf3a74b0-3b5d-4a54-b037-15a0fb37bb39,function_execution_time,1780474460.8252964,0.000080219
experiment_name,bf3a74b0-3b5d-4a54-b037-15a0fb37bb39,function_execution_time,1780474460.925538,0.000070998
experiment_name,fa99a26a-44ea-4c4d-a730-9c75493c2a1d,function_transfer_time,1780474456.0690129,0.00009867
experiment_name,fa99a26a-44ea-4c4d-a730-9c75493c2a1d,function_transfer_time,1780474456.170301,0.000086531
experiment_name,fa99a26a-44ea-4c4d-a730-9c75493c2a1d,function_transfer_time,1780474456.2707477,0.000075257
experiment_name,fa99a26a-44ea-4c4d-a730-9c75493c2a1d,function_transfer_time,1780474456.3721943,0.000082553
experiment_name,fa99a26a-44ea-4c4d-a730-9c75493c2a1d,function_transfer_time,1780474456.4726422,0.000077258
experiment_name,fa99a26a-44ea-4c4d-a730-9c75493c2a1d,function_transfer_time,1780474456.5741682,0.000115973
experiment_name,fa99a26a-44ea-4c4d-a730-9c75493c2a1d,function_transfer_time,1780474456.675459,0.000114503
experiment_name,fa99a26a-44ea-4c4d-a730-9c75493c2a1d,function_transfer_time,1780474456.7767618,0.000117264
experiment_name,fa99a26a-44ea-4c4d-a730-9c75493c2a1d,function_transfer_time,1780474456.8780458,0.000118706
experiment_name,fa99a26a-44ea-4c4d-a730-9c75493c2a1d,function_transfer_time,1780474456.9793127,0.000033948
experiment_name,fa99a26a-44ea-4c4d-a730-9c75493c2a1d,function_transfer_time,1780474457.0796614,0.000046941
experiment_name,fa99a26a-44ea-4c4d-a730-9c75493c2a1d,function_transfer_time,1780474457.1810238,0.000096094
experiment_name,fa99a26a-44ea-4c4d-a730-9c75493c2a1d,function_transfer_time,1780474457.2824407,0.000026695
experiment_name,fa99a26a-44ea-4c4d-a730-9c75493c2a1d,function_transfer_time,1780474457.3837311,0.000092069
experiment_name,fa99a26a-44ea-4c4d-a730-9c75493c2a1d,function_transfer_time,1780474457.485215,0.000121125
experiment_name,fa99a26a-44ea-4c4d-a730-9c75493c2a1d,function_transfer_time,1780474457.5864403,0.000089246
experiment_name,fa99a26a-44ea-4c4d-a730-9c75493c2a1d,function_transfer_time,1780474457.687703,0.00003226
experiment_name,fa99a26a-44ea-4c4d-a730-9c75493c2a1d,function_transfer_time,1780474457.7890413,0.000034443
experiment_name,fa99a26a-44ea-4c4d-a730-9c75493c2a1d,function_transfer_time,1780474457.890389,0.000030944
experiment_name,fa99a26a-44ea-4c4d-a730-9c75493c2a1d,function_transfer_time,1780474457.991714,0.000031958
experiment_name,fa99a26a-44ea-4c4d-a730-9c75493c2a1d,function_transfer_time,1780474458.0930772,0.00010964
experiment_name,fa99a26a-44ea-4c4d-a730-9c75493c2a1d,function_transfer_time,1780474458.194538,0.000084439
experiment_name,fa99a26a-44ea-4c4d-a730-9c75493c2a1d,function_transfer_time,1780474458.2958126,0.00003598
experiment_name,fa99a26a-44ea-4c4d-a730-9c75493c2a1d,function_transfer_time,1780474458.3970509,0.000100446
experiment_name,fa99a26a-44ea-4c4d-a730-9c75493c2a1d,function_transfer_time,1780474458.4983895,0.000118525
experiment_name,fa99a26a-44ea-4c4d-a730-9c75493c2a1d,function_transfer_time,1780474458.5986784,0.000043339
experiment_name,fa99a26a-44ea-4c4d-a730-9c75493c2a1d,function_transfer_time,1780474458.6998816,0.000066363
experiment_name,fa99a26a-44ea-4c4d-a730-9c75493c2a1d,function_transfer_time,1780474458.8012066,0.000065006
experiment_name,fa99a26a-44ea-4c4d-a730-9c75493c2a1d,function_transfer_time,1780474458.9024124,0.00002392
experiment_name,fa99a26a-44ea-4c4d-a730-9c75493c2a1d,function_transfer_time,1780474459.0036676,0.000026817
experiment_name,fa99a26a-44ea-4c4d-a730-9c75493c2a1d,function_transfer_time,1780474459.105069,0.000143759
experiment_name,fa99a26a-44ea-4c4d-a730-9c75493c2a1d,function_transfer_time,1780474459.2063766,0.000115482
experiment_name,fa99a26a-44ea-4c4d-a730-9c75493c2a1d,function_transfer_time,1780474459.306643,0.000131133
experiment_name,fa99a26a-44ea-4c4d-a730-9c75493c2a1d,function_transfer_time,1780474459.407981,0.00014036
experiment_name,fa99a26a-44ea-4c4d-a730-9c75493c2a1d,function_transfer_time,1780474459.509299,0.000117808
experiment_name,fa99a26a-44ea-4c4d-a730-9c75493c2a1d,function_transfer_time,1780474459.6105962,0.000053447
experiment_name,fa99a26a-44ea-4c4d-a730-9c75493c2a1d,function_transfer_time,1780474459.711943,0.000026754
experiment_name,fa99a26a-44ea-4c4d-a730-9c75493c2a1d,function_transfer_time,1780474459.8132813,0.000127689
experiment_name,fa99a26a-44ea-4c4d-a730-9c75493c2a1d,function_transfer_time,1780474459.9145463,0.000128986
experiment_name,fa99a26a-44ea-4c4d-a730-9c75493c2a1d,function_transfer_time,1780474460.0158277,0.000031706
experiment_name,fa99a26a-44ea-4c4d-a730-9c75493c2a1d,function_transfer_time,1780474460.1172342,0.000127614
experiment_name,fa99a26a-44ea-4c4d-a730-9c75493c2a1d,function_transfer_time,1780474460.218586,0.000112752
experiment_name,fa99a26a-44ea-4c4d-a730-9c75493c2a1d,function_transfer_time,1780474460.3198407,0.000135281
experiment_name,fa99a26a-44ea-4c4d-a730-9c75493c2a1d,function_transfer_time,1780474460.4210763,0.000032514
experiment_name,fa99a26a-44ea-4c4d-a730-9c75493c2a1d,function_transfer_time,1780474460.5223901,0.00012163
experiment_name,fa99a26a-44ea-4c4d-a730-9c75493c2a1d,function_transfer_time,1780474460.6226707,0.000040836
experiment_name,fa99a26a-44ea-4c4d-a730-9c75493c2a1d,function_transfer_time,1780474460.7239916,0.000100069
experiment_name,fa99a26a-44ea-4c4d-a730-9c75493c2a1d,function_transfer_time,1780474460.8252923,0.000031448
experiment_name,fa99a26a-44ea-4c4d-a730-9c75493c2a1d,function_transfer_time,1780474460.9256303,0.000111731
experiment_name,bf3a74b0-3b5d-4a54-b037-15a0fb37bb39,function_transfer_time,1780474456.0688555,0.000076838
experiment_name,bf3a74b0-3b5d-4a54-b037-15a0fb37bb39,function_transfer_time,1780474456.1701531,0.000079864
experiment_name,bf3a74b0-3b5d-4a54-b037-15a0fb37bb39,function_transfer_time,1780474456.2706172,0.000079925
experiment_name,bf3a74b0-3b5d-4a54-b037-15a0fb37bb39,function_transfer_time,1780474456.3720574,0.000091383
experiment_name,bf3a74b0-3b5d-4a54-b037-15a0fb37bb39,function_transfer_time,1780474456.472513,0.000080734
experiment_name,bf3a74b0-3b5d-4a54-b037-15a0fb37bb39,function_transfer_time,1780474456.5739892,0.000083965
experiment_name,bf3a74b0-3b5d-4a54-b037-15a0fb37bb39,function_transfer_time,1780474456.6752856,0.000073477
experiment_name,bf3a74b0-3b5d-4a54-b037-15a0fb37bb39,function_transfer_time,1780474456.7765896,0.000071184
experiment_name,bf3a74b0-3b5d-4a54-b037-15a0fb37bb39,function_transfer_time,1780474456.8778656,0.000076701
experiment_name,bf3a74b0-3b5d-4a54-b037-15a0fb37bb39,function_transfer_time,1780474456.979173,0.00008659
experiment_name,bf3a74b0-3b5d-4a54-b037-15a0fb37bb39,function_transfer_time,1780474457.0795588,0.000110607
experiment_name,bf3a74b0-3b5d-4a54-b037-15a0fb37bb39,function_transfer_time,1780474457.180871,0.000086291
experiment_name,bf3a74b0-3b5d-4a54-b037-15a0fb37bb39,function_transfer_time,1780474457.2823524,0.000086106
experiment_name,bf3a74b0-3b5d-4a54-b037-15a0fb37bb39,function_transfer_time,1780474457.3835814,0.00002392
experiment_name,bf3a74b0-3b5d-4a54-b037-15a0fb37bb39,function_transfer_time,1780474457.4850366,0.000080399
experiment_name,bf3a74b0-3b5d-4a54-b037-15a0fb37bb39,function_transfer_time,1780474457.5862782,0.000025532
experiment_name,bf3a74b0-3b5d-4a54-b037-15a0fb37bb39,function_transfer_time,1780474457.6876097,0.000090997
experiment_name,bf3a74b0-3b5d-4a54-b037-15a0fb37bb39,function_transfer_time,1780474457.788944,0.00009046
experiment_name,bf3a74b0-3b5d-4a54-b037-15a0fb37bb39,function_transfer_time,1780474457.8902519,0.000086182
experiment_name,bf3a74b0-3b5d-4a54-b037-15a0fb37bb39,function_transfer_time,1780474457.9915638,0.00008414
experiment_name,bf3a74b0-3b5d-4a54-b037-15a0fb37bb39,function_transfer_time,1780474458.0929773,0.000080941
experiment_name,bf3a74b0-3b5d-4a54-b037-15a0fb37bb39,function_transfer_time,1780474458.1943896,0.000083458
experiment_name,bf3a74b0-3b5d-4a54-b037-15a0fb37bb39,function_transfer_time,1780474458.295657,0.000017853
experiment_name,bf3a74b0-3b5d-4a54-b037-15a0fb37bb39,function_transfer_time,1780474458.3968968,0.000024482
experiment_name,bf3a74b0-3b5d-4a54-b037-15a0fb37bb39,function_transfer_time,1780474458.498215,0.000083355
experiment_name,bf3a74b0-3b5d-4a54-b037-15a0fb37bb39,function_transfer_time,1780474458.5985296,0.000094501
experiment_name,bf3a74b0-3b5d-4a54-b037-15a0fb37bb39,function_transfer_time,1780474458.699795,0.000017896
experiment_name,bf3a74b0-3b5d-4a54-b037-15a0fb37bb39,function_transfer_time,1780474458.8010414,0.000013454
experiment_name,bf3a74b0-3b5d-4a54-b037-15a0fb37bb39,function_transfer_time,1780474458.9022903,0.000012729
experiment_name,bf3a74b0-3b5d-4a54-b037-15a0fb37bb39,function_transfer_time,1780474459.0035286,0.000020414
experiment_name,bf3a74b0-3b5d-4a54-b037-15a0fb37bb39,function_transfer_time,1780474459.104871,0.000079106
experiment_name,bf3a74b0-3b5d-4a54-b037-15a0fb37bb39,function_transfer_time,1780474459.206207,0.000080132
experiment_name,bf3a74b0-3b5d-4a54-b037-15a0fb37bb39,function_transfer_time,1780474459.306451,0.000026122
experiment_name,bf3a74b0-3b5d-4a54-b037-15a0fb37bb39,function_transfer_time,1780474459.4077854,0.000084341
experiment_name,bf3a74b0-3b5d-4a54-b037-15a0fb37bb39,function_transfer_time,1780474459.5091166,0.00008642
experiment_name,bf3a74b0-3b5d-4a54-b037-15a0fb37bb39,function_transfer_time,1780474459.61045,0.000079825
experiment_name,bf3a74b0-3b5d-4a54-b037-15a0fb37bb39,function_transfer_time,1780474459.7118175,0.000021635
experiment_name,bf3a74b0-3b5d-4a54-b037-15a0fb37bb39,function_transfer_time,1780474459.8130982,0.00007445
experiment_name,bf3a74b0-3b5d-4a54-b037-15a0fb37bb39,function_transfer_time,1780474459.914364,0.000020867
experiment_name,bf3a74b0-3b5d-4a54-b037-15a0fb37bb39,function_transfer_time,1780474460.015671,0.000082904
experiment_name,bf3a74b0-3b5d-4a54-b037-15a0fb37bb39,function_transfer_time,1780474460.1170506,0.000086169
experiment_name,bf3a74b0-3b5d-4a54-b037-15a0fb37bb39,function_transfer_time,1780474460.2184067,0.000093987
experiment_name,bf3a74b0-3b5d-4a54-b037-15a0fb37bb39,function_transfer_time,1780474460.3196528,0.000017218
experiment_name,bf3a74b0-3b5d-4a54-b037-15a0fb37bb39,function_transfer_time,1780474460.4209871,0.000077117
experiment_name,bf3a74b0-3b5d-4a54-b037-15a0fb37bb39,function_transfer_time,1780474460.5222166,0.000022236
experiment_name,bf3a74b0-3b5d-4a54-b037-15a0fb37bb39,function_transfer_time,1780474460.62252,0.000079913
experiment_name,bf3a74b0-3b5d-4a54-b037-15a0fb37bb39,function_transfer_time,1780474460.7238283,0.000079078
experiment_name,bf3a74b0-3b5d-4a54-b037-15a0fb37bb39,function_transfer_time,1780474460.8251536,0.000080447
experiment_name,bf3a74b0-3b5d-4a54-b037-15a0fb37bb39,function_transfer_time,1780474460.9254653,0.000081101
experiment_name,bf3a74b0-3b5d-4a54-b037-15a0fb37bb39,function_execution_time,1780474461.0270562,0.00008227
experiment_name,bf3a74b0-3b5d-4a54-b037-15a0fb37bb39,function_execution_time,1780474461.1283014,0.000071459
experiment_name,bf3a74b0-3b5d-4a54-b037-15a0fb37bb39,function_execution_time,1780474461.2286398,0.000085261
experiment_name,bf3a74b0-3b5d-4a54-b037-15a0fb37bb39,function_execution_time,1780474461.3299372,0.000089525
experiment_name,bf3a74b0-3b5d-4a54-b037-15a0fb37bb39,function_execution_time,1780474461.4311466,0.000073066
experiment_name,bf3a74b0-3b5d-4a54-b037-15a0fb37bb39,function_execution_time,1780474461.5325406,0.000089652
experiment_name,bf3a74b0-3b5d-4a54-b037-15a0fb37bb39,function_execution_time,1780474461.6338212,0.000080249
experiment_name,bf3a74b0-3b5d-4a54-b037-15a0fb37bb39,function_execution_time,1780474461.735127,0.000074161
experiment_name,bf3a74b0-3b5d-4a54-b037-15a0fb37bb39,function_execution_time,1780474461.8365364,0.000087322
experiment_name,bf3a74b0-3b5d-4a54-b037-15a0fb37bb39,function_execution_time,1780474461.937855,0.000089926
experiment_name,bf3a74b0-3b5d-4a54-b037-15a0fb37bb39,function_execution_time,1780474462.0391407,0.00017023
experiment_name,bf3a74b0-3b5d-4a54-b037-15a0fb37bb39,function_execution_time,1780474462.1405492,0.000094938
experiment_name,bf3a74b0-3b5d-4a54-b037-15a0fb37bb39,function_execution_time,1780474462.2417445,0.000088081
experiment_name,bf3a74b0-3b5d-4a54-b037-15a0fb37bb39,function_execution_time,1780474462.3430977,0.000088292
experiment_name,bf3a74b0-3b5d-4a54-b037-15a0fb37bb39,function_execution_time,1780474462.4445498,0.000085762
experiment_name,bf3a74b0-3b5d-4a54-b037-15a0fb37bb39,function_execution_time,1780474462.5458045,0.000069791
experiment_name,bf3a74b0-3b5d-4a54-b037-15a0fb37bb39,function_execution_time,1780474462.6471376,0.000073064
experiment_name,bf3a74b0-3b5d-4a54-b037-15a0fb37bb39,function_execution_time,1780474462.748533,0.000104382
experiment_name,bf3a74b0-3b5d-4a54-b037-15a0fb37bb39,function_execution_time,1780474462.8497922,0.000073547
experiment_name,bf3a74b0-3b5d-4a54-b037-15a0fb37bb39,function_execution_time,1780474462.9510958,0.000071615
experiment_name,bf3a74b0-3b5d-4a54-b037-15a0fb37bb39,function_execution_time,1780474463.0525107,0.000172808
experiment_name,bf3a74b0-3b5d-4a54-b037-15a0fb37bb39,function_execution_time,1780474463.1539059,0.000070418
experiment_name,bf3a74b0-3b5d-4a54-b037-15a0fb37bb39,function_execution_time,1780474463.2552273,0.000072225
experiment_name,bf3a74b0-3b5d-4a54-b037-15a0fb37bb39,function_execution_time,1780474463.3555067,0.00008556
experiment_name,bf3a74b0-3b5d-4a54-b037-15a0fb37bb39,function_execution_time,1780474463.456834,0.000084694
experiment_name,bf3a74b0-3b5d-4a54-b037-15a0fb37bb39,function_execution_time,1780474463.5580864,0.000077198
experiment_name,bf3a74b0-3b5d-4a54-b037-15a0fb37bb39,function_execution_time,1780474463.6593847,0.000071814
experiment_name,bf3a74b0-3b5d-4a54-b037-15a0fb37bb39,function_execution_time,1780474463.7608175,0.000082291
experiment_name,bf3a74b0-3b5d-4a54-b037-15a0fb37bb39,function_execution_time,1780474463.8620286,0.00007291
experiment_name,bf3a74b0-3b5d-4a54-b037-15a0fb37bb39,function_execution_time,1780474463.963341,0.000081782
experiment_name,bf3a74b0-3b5d-4a54-b037-15a0fb37bb39,function_execution_time,1780474464.0636382,0.000148592
experiment_name,bf3a74b0-3b5d-4a54-b037-15a0fb37bb39,function_execution_time,1780474464.1649103,0.000071707
experiment_name,bf3a74b0-3b5d-4a54-b037-15a0fb37bb39,function_execution_time,1780474464.2662377,0.000078942
experiment_name,bf3a74b0-3b5d-4a54-b037-15a0fb37bb39,function_execution_time,1780474464.3675947,0.000075196
experiment_name,bf3a74b0-3b5d-4a54-b037-15a0fb37bb39,function_execution_time,1780474464.4688451,0.000085317
experiment_name,bf3a74b0-3b5d-4a54-b037-15a0fb37bb39,function_execution_time,1780474464.5702333,0.000075982
experiment_name,bf3a74b0-3b5d-4a54-b037-15a0fb37bb39,function_execution_time,1780474464.671537,0.000091021
experiment_name,bf3a74b0-3b5d-4a54-b037-15a0fb37bb39,function_execution_time,1780474464.772857,0.000082246
experiment_name,bf3a74b0-3b5d-4a54-b037-15a0fb37bb39,function_execution_time,1780474464.874023,0.000072278
experiment_name,bf3a74b0-3b5d-4a54-b037-15a0fb37bb39,function_execution_time,1780474464.975346,0.000078323
experiment_name,bf3a74b0-3b5d-4a54-b037-15a0fb37bb39,function_execution_time,1780474465.0756135,0.000155199
experiment_name,bf3a74b0-3b5d-4a54-b037-15a0fb37bb39,function_execution_time,1780474465.1769078,0.000084742
experiment_name,bf3a74b0-3b5d-4a54-b037-15a0fb37bb39,function_execution_time,1780474465.2782419,0.000074427
experiment_name,bf3a74b0-3b5d-4a54-b037-15a0fb37bb39,function_execution_time,1780474465.378523,0.000097475
experiment_name,bf3a74b0-3b5d-4a54-b037-15a0fb37bb39,function_execution_time,1780474465.47984,0.0000693
experiment_name,bf3a74b0-3b5d-4a54-b037-15a0fb37bb39,function_execution_time,1780474465.5811462,0.000073251
experiment_name,bf3a74b0-3b5d-4a54-b037-15a0fb37bb39,function_execution_time,1780474465.6825573,0.000099799
experiment_name,bf3a74b0-3b5d-4a54-b037-15a0fb37bb39,function_execution_time,1780474465.7840407,0.000077779
experiment_name,bf3a74b0-3b5d-4a54-b037-15a0fb37bb39,function_execution_time,1780474465.8852684,0.000071351
experiment_name,bf3a74b0-3b5d-4a54-b037-15a0fb37bb39,function_execution_time,1780474465.985761,0.000081949
experiment_name,fa99a26a-44ea-4c4d-a730-9c75493c2a1d,function_execution_time,1780474461.0271149,0.000057007
experiment_name,fa99a26a-44ea-4c4d-a730-9c75493c2a1d,function_execution_time,1780474461.128468,0.000070983
experiment_name,fa99a26a-44ea-4c4d-a730-9c75493c2a1d,function_execution_time,1780474461.228704,0.000066131
experiment_name,fa99a26a-44ea-4c4d-a730-9c75493c2a1d,function_execution_time,1780474461.3300455,0.0000622
experiment_name,fa99a26a-44ea-4c4d-a730-9c75493c2a1d,function_execution_time,1780474461.4312975,0.000060174
experiment_name,fa99a26a-44ea-4c4d-a730-9c75493c2a1d,function_execution_time,1780474461.5326073,0.000057488
experiment_name,fa99a26a-44ea-4c4d-a730-9c75493c2a1d,function_execution_time,1780474461.633984,0.000055996
experiment_name,fa99a26a-44ea-4c4d-a730-9c75493c2a1d,function_execution_time,1780474461.7352998,0.000072278
experiment_name,fa99a26a-44ea-4c4d-a730-9c75493c2a1d,function_execution_time,1780474461.8366342,0.000062751
experiment_name,fa99a26a-44ea-4c4d-a730-9c75493c2a1d,function_execution_time,1780474461.937857,0.000066664
experiment_name,fa99a26a-44ea-4c4d-a730-9c75493c2a1d,function_execution_time,1780474462.039196,0.000057857
experiment_name,fa99a26a-44ea-4c4d-a730-9c75493c2a1d,function_execution_time,1780474462.140575,0.000077783
experiment_name,fa99a26a-44ea-4c4d-a730-9c75493c2a1d,function_execution_time,1780474462.241803,0.000061603
experiment_name,fa99a26a-44ea-4c4d-a730-9c75493c2a1d,function_execution_time,1780474462.3432324,0.000063442
experiment_name,fa99a26a-44ea-4c4d-a730-9c75493c2a1d,function_execution_time,1780474462.4445672,0.000059641
experiment_name,fa99a26a-44ea-4c4d-a730-9c75493c2a1d,function_execution_time,1780474462.5459847,0.000066673
experiment_name,fa99a26a-44ea-4c4d-a730-9c75493c2a1d,function_execution_time,1780474462.6473129,0.000059456
experiment_name,fa99a26a-44ea-4c4d-a730-9c75493c2a1d,function_execution_time,1780474462.7486303,0.000059411
experiment_name,fa99a26a-44ea-4c4d-a730-9c75493c2a1d,function_execution_time,1780474462.8498769,0.000058747
experiment_name,fa99a26a-44ea-4c4d-a730-9c75493c2a1d,function_execution_time,1780474462.9512553,0.000055386
experiment_name,fa99a26a-44ea-4c4d-a730-9c75493c2a1d,function_execution_time,1780474463.0525835,0.000067677
experiment_name,fa99a26a-44ea-4c4d-a730-9c75493c2a1d,function_execution_time,1780474463.1540446,0.000056194
experiment_name,fa99a26a-44ea-4c4d-a730-9c75493c2a1d,function_execution_time,1780474463.2554026,0.000059608
experiment_name,fa99a26a-44ea-4c4d-a730-9c75493c2a1d,function_execution_time,1780474463.355656,0.000060081
experiment_name,fa99a26a-44ea-4c4d-a730-9c75493c2a1d,function_execution_time,1780474463.456938,0.000066783
experiment_name,fa99a26a-44ea-4c4d-a730-9c75493c2a1d,function_execution_time,1780474463.5582225,0.000057081
experiment_name,fa99a26a-44ea-4c4d-a730-9c75493c2a1d,function_execution_time,1780474463.6595457,0.000055832
experiment_name,fa99a26a-44ea-4c4d-a730-9c75493c2a1d,function_execution_time,1780474463.7609024,0.000055449
experiment_name,fa99a26a-44ea-4c4d-a730-9c75493c2a1d,function_execution_time,1780474463.862136,0.000079349
experiment_name,fa99a26a-44ea-4c4d-a730-9c75493c2a1d,function_execution_time,1780474463.963463,0.000084669
experiment_name,fa99a26a-44ea-4c4d-a730-9c75493c2a1d,function_execution_time,1780474464.063692,0.000056482
experiment_name,fa99a26a-44ea-4c4d-a730-9c75493c2a1d,function_execution_time,1780474464.1650765,0.000059978
experiment_name,fa99a26a-44ea-4c4d-a730-9c75493c2a1d,function_execution_time,1780474464.2664003,0.00005697
experiment_name,fa99a26a-44ea-4c4d-a730-9c75493c2a1d,function_execution_time,1780474464.3676727,0.000066985
experiment_name,fa99a26a-44ea-4c4d-a730-9c75493c2a1d,function_execution_time,1780474464.4690027,0.000059185
experiment_name,fa99a26a-44ea-4c4d-a730-9c75493c2a1d,function_execution_time,1780474464.570329,0.000056718
experiment_name,fa99a26a-44ea-4c4d-a730-9c75493c2a1d,function_execution_time,1780474464.6715434,0.00006122
experiment_name,fa99a26a-44ea-4c4d-a730-9c75493c2a1d,function_execution_time,1780474464.772947,0.000055835
experiment_name,fa99a26a-44ea-4c4d-a730-9c75493c2a1d,function_execution_time,1780474464.8741684,0.000063562
experiment_name,fa99a26a-44ea-4c4d-a730-9c75493c2a1d,function_execution_time,1780474464.975348,0.000060067
experiment_name,fa99a26a-44ea-4c4d-a730-9c75493c2a1d,function_execution_time,1780474465.0756712,0.000059603
experiment_name,fa99a26a-44ea-4c4d-a730-9c75493c2a1d,function_execution_time,1780474465.1770923,0.000062461
experiment_name,fa99a26a-44ea-4c4d-a730-9c75493c2a1d,function_execution_time,1780474465.2784057,0.000064025
experiment_name,fa99a26a-44ea-4c4d-a730-9c75493c2a1d,function_execution_time,1780474465.3785815,0.000060271
experiment_name,fa99a26a-44ea-4c4d-a730-9c75493c2a1d,function_execution_time,1780474465.4799948,0.000055113
experiment_name,fa99a26a-44ea-4c4d-a730-9c75493c2a1d,function_execution_time,1780474465.5813143,0.000056133
experiment_name,fa99a26a-44ea-4c4d-a730-9c75493c2a1d,function_execution_time,1780474465.6826456,0.000055551
experiment_name,fa99a26a-44ea-4c4d-a730-9c75493c2a1d,function_execution_time,1780474465.7841432,0.000066636
experiment_name,fa99a26a-44ea-4c4d-a730-9c75493c2a1d,function_execution_time,1780474465.885426,0.000058051
experiment_name,fa99a26a-44ea-4c4d-a730-9c75493c2a1d,function_execution_time,1780474465.9859228,0.000058595
experiment_name,bf3a74b0-3b5d-4a54-b037-15a0fb37bb39,function_transfer_time,1780474461.0269752,0.000016164
experiment_name,bf3a74b0-3b5d-4a54-b037-15a0fb37bb39,function_transfer_time,1780474461.1282258,0.000021312
experiment_name,bf3a74b0-3b5d-4a54-b037-15a0fb37bb39,function_transfer_time,1780474461.228547,0.000095384
experiment_name,bf3a74b0-3b5d-4a54-b037-15a0fb37bb39,function_transfer_time,1780474461.329794,0.000020693
experiment_name,bf3a74b0-3b5d-4a54-b037-15a0fb37bb39,function_transfer_time,1780474461.4310668,0.000022486
experiment_name,bf3a74b0-3b5d-4a54-b037-15a0fb37bb39,function_transfer_time,1780474461.5323896,0.000082345
experiment_name,bf3a74b0-3b5d-4a54-b037-15a0fb37bb39,function_transfer_time,1780474461.6337402,0.000081377
experiment_name,bf3a74b0-3b5d-4a54-b037-15a0fb37bb39,function_transfer_time,1780474461.7350514,0.000081987
experiment_name,bf3a74b0-3b5d-4a54-b037-15a0fb37bb39,function_transfer_time,1780474461.8363779,0.000076099
experiment_name,bf3a74b0-3b5d-4a54-b037-15a0fb37bb39,function_transfer_time,1780474461.9377081,0.000088883
experiment_name,bf3a74b0-3b5d-4a54-b037-15a0fb37bb39,function_transfer_time,1780474462.03896,0.000021872
experiment_name,bf3a74b0-3b5d-4a54-b037-15a0fb37bb39,function_transfer_time,1780474462.1403844,0.000094696
experiment_name,bf3a74b0-3b5d-4a54-b037-15a0fb37bb39,function_transfer_time,1780474462.2416468,0.000023088
experiment_name,bf3a74b0-3b5d-4a54-b037-15a0fb37bb39,function_transfer_time,1780474462.3430028,0.000026041
experiment_name,bf3a74b0-3b5d-4a54-b037-15a0fb37bb39,function_transfer_time,1780474462.444405,0.000021287
experiment_name,bf3a74b0-3b5d-4a54-b037-15a0fb37bb39,function_transfer_time,1780474462.5457242,0.00007609
experiment_name,bf3a74b0-3b5d-4a54-b037-15a0fb37bb39,function_transfer_time,1780474462.647058,0.000074948
experiment_name,bf3a74b0-3b5d-4a54-b037-15a0fb37bb39,function_transfer_time,1780474462.7483726,0.00008105
experiment_name,bf3a74b0-3b5d-4a54-b037-15a0fb37bb39,function_transfer_time,1780474462.8497078,0.000079115
experiment_name,bf3a74b0-3b5d-4a54-b037-15a0fb37bb39,function_transfer_time,1780474462.9510179,0.000081761
experiment_name,bf3a74b0-3b5d-4a54-b037-15a0fb37bb39,function_transfer_time,1780474463.0523417,0.000079866
experiment_name,bf3a74b0-3b5d-4a54-b037-15a0fb37bb39,function_transfer_time,1780474463.1538255,0.000074701
experiment_name,bf3a74b0-3b5d-4a54-b037-15a0fb37bb39,function_transfer_time,1780474463.2551486,0.000081825
experiment_name,bf3a74b0-3b5d-4a54-b037-15a0fb37bb39,function_transfer_time,1780474463.3554158,0.000021215
experiment_name,bf3a74b0-3b5d-4a54-b037-15a0fb37bb39,function_transfer_time,1780474463.456681,0.000024535
experiment_name,bf3a74b0-3b5d-4a54-b037-15a0fb37bb39,function_transfer_time,1780474463.5580113,0.000083024
experiment_name,bf3a74b0-3b5d-4a54-b037-15a0fb37bb39,function_transfer_time,1780474463.6593049,0.00007426
experiment_name,bf3a74b0-3b5d-4a54-b037-15a0fb37bb39,function_transfer_time,1780474463.760671,0.000077249
experiment_name,bf3a74b0-3b5d-4a54-b037-15a0fb37bb39,function_transfer_time,1780474463.861948,0.000075297
experiment_name,bf3a74b0-3b5d-4a54-b037-15a0fb37bb39,function_transfer_time,1780474463.9632072,0.000022008
experiment_name,bf3a74b0-3b5d-4a54-b037-15a0fb37bb39,function_transfer_time,1780474464.0634785,0.000026086
experiment_name,bf3a74b0-3b5d-4a54-b037-15a0fb37bb39,function_transfer_time,1780474464.1648366,0.000083371
experiment_name,bf3a74b0-3b5d-4a54-b037-15a0fb37bb39,function_transfer_time,1780474464.2661602,0.000076565
experiment_name,bf3a74b0-3b5d-4a54-b037-15a0fb37bb39,function_transfer_time,1780474464.3674638,0.00008652
experiment_name,bf3a74b0-3b5d-4a54-b037-15a0fb37bb39,function_transfer_time,1780474464.4687603,0.000077979
experiment_name,bf3a74b0-3b5d-4a54-b037-15a0fb37bb39,function_transfer_time,1780474464.5701027,0.000080523
experiment_name,bf3a74b0-3b5d-4a54-b037-15a0fb37bb39,function_transfer_time,1780474464.6713884,0.000076985
experiment_name,bf3a74b0-3b5d-4a54-b037-15a0fb37bb39,function_transfer_time,1780474464.7727242,0.000078572
experiment_name,bf3a74b0-3b5d-4a54-b037-15a0fb37bb39,function_transfer_time,1780474464.8739483,0.000023607
experiment_name,bf3a74b0-3b5d-4a54-b037-15a0fb37bb39,function_transfer_time,1780474464.9752047,0.000020316
experiment_name,bf3a74b0-3b5d-4a54-b037-15a0fb37bb39,function_transfer_time,1780474465.0754514,0.00003129
experiment_name,bf3a74b0-3b5d-4a54-b037-15a0fb37bb39,function_transfer_time,1780474465.1768243,0.000089322
experiment_name,bf3a74b0-3b5d-4a54-b037-15a0fb37bb39,function_transfer_time,1780474465.2781677,0.000082749
experiment_name,bf3a74b0-3b5d-4a54-b037-15a0fb37bb39,function_transfer_time,1780474465.3784225,0.000023488
experiment_name,bf3a74b0-3b5d-4a54-b037-15a0fb37bb39,function_transfer_time,1780474465.4797473,0.000075985
experiment_name,bf3a74b0-3b5d-4a54-b037-15a0fb37bb39,function_transfer_time,1780474465.581074,0.000082338
experiment_name,bf3a74b0-3b5d-4a54-b037-15a0fb37bb39,function_transfer_time,1780474465.6823995,0.000085077
experiment_name,bf3a74b0-3b5d-4a54-b037-15a0fb37bb39,function_transfer_time,1780474465.7839,0.000074708
experiment_name,bf3a74b0-3b5d-4a54-b037-15a0fb37bb39,function_transfer_time,1780474465.8851953,0.000081373
experiment_name,bf3a74b0-3b5d-4a54-b037-15a0fb37bb39,function_transfer_time,1780474465.9856796,0.00007575
experiment_name,fa99a26a-44ea-4c4d-a730-9c75493c2a1d,function_transfer_time,1780474461.027054,0.000022277
experiment_name,fa99a26a-44ea-4c4d-a730-9c75493c2a1d,function_transfer_time,1780474461.1283953,0.000113833
experiment_name,fa99a26a-44ea-4c4d-a730-9c75493c2a1d,function_transfer_time,1780474461.2286375,0.000031107
experiment_name,fa99a26a-44ea-4c4d-a730-9c75493c2a1d,function_transfer_time,1780474461.329976,0.000118756
experiment_name,fa99a26a-44ea-4c4d-a730-9c75493c2a1d,function_transfer_time,1780474461.4312365,0.000113037
experiment_name,fa99a26a-44ea-4c4d-a730-9c75493c2a1d,function_transfer_time,1780474461.532544,0.000093469
experiment_name,fa99a26a-44ea-4c4d-a730-9c75493c2a1d,function_transfer_time,1780474461.633927,0.000135543
experiment_name,fa99a26a-44ea-4c4d-a730-9c75493c2a1d,function_transfer_time,1780474461.735226,0.000120535
experiment_name,fa99a26a-44ea-4c4d-a730-9c75493c2a1d,function_transfer_time,1780474461.8365672,0.000137077
experiment_name,fa99a26a-44ea-4c4d-a730-9c75493c2a1d,function_transfer_time,1780474461.9378512,0.00003079
experiment_name,fa99a26a-44ea-4c4d-a730-9c75493c2a1d,function_transfer_time,1780474462.0391376,0.000033236
experiment_name,fa99a26a-44ea-4c4d-a730-9c75493c2a1d,function_transfer_time,1780474462.1405525,0.000057819
experiment_name,fa99a26a-44ea-4c4d-a730-9c75493c2a1d,function_transfer_time,1780474462.2417414,0.000032248
experiment_name,fa99a26a-44ea-4c4d-a730-9c75493c2a1d,function_transfer_time,1780474462.3431594,0.000103086
experiment_name,fa99a26a-44ea-4c4d-a730-9c75493c2a1d,function_transfer_time,1780474462.4445527,0.000037439
experiment_name,fa99a26a-44ea-4c4d-a730-9c75493c2a1d,function_transfer_time,1780474462.5459168,0.000140498
experiment_name,fa99a26a-44ea-4c4d-a730-9c75493c2a1d,function_transfer_time,1780474462.6472528,0.000138281
experiment_name,fa99a26a-44ea-4c4d-a730-9c75493c2a1d,function_transfer_time,1780474462.748566,0.0001341
experiment_name,fa99a26a-44ea-4c4d-a730-9c75493c2a1d,function_transfer_time,1780474462.8498168,0.000052298
experiment_name,fa99a26a-44ea-4c4d-a730-9c75493c2a1d,function_transfer_time,1780474462.9511995,0.000127873
experiment_name,fa99a26a-44ea-4c4d-a730-9c75493c2a1d,function_transfer_time,1780474463.0525093,0.000031884
experiment_name,fa99a26a-44ea-4c4d-a730-9c75493c2a1d,function_transfer_time,1780474463.1539884,0.000110556
experiment_name,fa99a26a-44ea-4c4d-a730-9c75493c2a1d,function_transfer_time,1780474463.2553422,0.00013821
experiment_name,fa99a26a-44ea-4c4d-a730-9c75493c2a1d,function_transfer_time,1780474463.3555944,0.000111818
experiment_name,fa99a26a-44ea-4c4d-a730-9c75493c2a1d,function_transfer_time,1780474463.4568644,0.000123854
experiment_name,fa99a26a-44ea-4c4d-a730-9c75493c2a1d,function_transfer_time,1780474463.5581686,0.000096859
experiment_name,fa99a26a-44ea-4c4d-a730-9c75493c2a1d,function_transfer_time,1780474463.6594894,0.000128527
experiment_name,fa99a26a-44ea-4c4d-a730-9c75493c2a1d,function_transfer_time,1780474463.7608402,0.000112052
experiment_name,fa99a26a-44ea-4c4d-a730-9c75493c2a1d,function_transfer_time,1780474463.8620977,0.000052627
experiment_name,fa99a26a-44ea-4c4d-a730-9c75493c2a1d,function_transfer_time,1780474463.963372,0.000109096
experiment_name,fa99a26a-44ea-4c4d-a730-9c75493c2a1d,function_transfer_time,1780474464.063635,0.000038114
experiment_name,fa99a26a-44ea-4c4d-a730-9c75493c2a1d,function_transfer_time,1780474464.1650035,0.00011826
experiment_name,fa99a26a-44ea-4c4d-a730-9c75493c2a1d,function_transfer_time,1780474464.266343,0.000123056
experiment_name,fa99a26a-44ea-4c4d-a730-9c75493c2a1d,function_transfer_time,1780474464.3675976,0.000090538
experiment_name,fa99a26a-44ea-4c4d-a730-9c75493c2a1d,function_transfer_time,1780474464.4689426,0.000117257
experiment_name,fa99a26a-44ea-4c4d-a730-9c75493c2a1d,function_transfer_time,1780474464.5702658,0.000112442
experiment_name,fa99a26a-44ea-4c4d-a730-9c75493c2a1d,function_transfer_time,1780474464.6715393,0.000033996
experiment_name,fa99a26a-44ea-4c4d-a730-9c75493c2a1d,function_transfer_time,1780474464.7728846,0.000109857
experiment_name,fa99a26a-44ea-4c4d-a730-9c75493c2a1d,function_transfer_time,1780474464.8741035,0.000101841
experiment_name,fa99a26a-44ea-4c4d-a730-9c75493c2a1d,function_transfer_time,1780474464.9753432,0.000029675
experiment_name,fa99a26a-44ea-4c4d-a730-9c75493c2a1d,function_transfer_time,1780474465.0756106,0.000032831
experiment_name,fa99a26a-44ea-4c4d-a730-9c75493c2a1d,function_transfer_time,1780474465.1770294,0.000138711
experiment_name,fa99a26a-44ea-4c4d-a730-9c75493c2a1d,function_transfer_time,1780474465.2783413,0.000118178
experiment_name,fa99a26a-44ea-4c4d-a730-9c75493c2a1d,function_transfer_time,1780474465.3785205,0.000031644
experiment_name,fa99a26a-44ea-4c4d-a730-9c75493c2a1d,function_transfer_time,1780474465.4799387,0.000137471
experiment_name,fa99a26a-44ea-4c4d-a730-9c75493c2a1d,function_transfer_time,1780474465.5812578,0.000128705
experiment_name,fa99a26a-44ea-4c4d-a730-9c75493c2a1d,function_transfer_time,1780474465.6825798,0.00010811
experiment_name,fa99a26a-44ea-4c4d-a730-9c75493c2a1d,function_transfer_time,1780474465.7840695,0.000119015
experiment_name,fa99a26a-44ea-4c4d-a730-9c75493c2a1d,function_transfer_time,1780474465.885368,0.000117541
experiment_name,fa99a26a-44ea-4c4d-a730-9c75493c2a1d,function_transfer_time,1780474465.9858634,0.000127712
experiment_name,bf3a74b0-3b5d-4a54-b037-15a0fb37bb39,function_execution_time,1780474466.0871778,0.000159578
experiment_name,bf3a74b0-3b5d-4a54-b037-15a0fb37bb39,function_execution_time,1780474466.1884437,0.000075191
experiment_name,bf3a74b0-3b5d-4a54-b037-15a0fb37bb39,function_execution_time,1780474466.2898784,0.000068347
experiment_name,bf3a74b0-3b5d-4a54-b037-15a0fb37bb39,function_execution_time,1780474466.3911996,0.000080403
experiment_name,bf3a74b0-3b5d-4a54-b037-15a0fb37bb39,function_execution_time,1780474466.4915357,0.000074294
experiment_name,bf3a74b0-3b5d-4a54-b037-15a0fb37bb39,function_execution_time,1780474466.5928874,0.000079457
experiment_name,bf3a74b0-3b5d-4a54-b037-15a0fb37bb39,function_execution_time,1780474466.6941583,0.000080926
experiment_name,bf3a74b0-3b5d-4a54-b037-15a0fb37bb39,function_execution_time,1780474466.7954855,0.000089442
experiment_name,bf3a74b0-3b5d-4a54-b037-15a0fb37bb39,function_execution_time,1780474466.8968194,0.000071201
experiment_name,bf3a74b0-3b5d-4a54-b037-15a0fb37bb39,function_execution_time,1780474466.998115,0.000070496
experiment_name,bf3a74b0-3b5d-4a54-b037-15a0fb37bb39,function_execution_time,1780474467.0995188,0.000165517
experiment_name,bf3a74b0-3b5d-4a54-b037-15a0fb37bb39,function_execution_time,1780474467.20094,0.000075926
experiment_name,bf3a74b0-3b5d-4a54-b037-15a0fb37bb39,function_execution_time,1780474467.3022332,0.000075211
experiment_name,bf3a74b0-3b5d-4a54-b037-15a0fb37bb39,function_execution_time,1780474467.4025147,0.000088362
experiment_name,bf3a74b0-3b5d-4a54-b037-15a0fb37bb39,function_execution_time,1780474467.5038676,0.00007471
experiment_name,bf3a74b0-3b5d-4a54-b037-15a0fb37bb39,function_execution_time,1780474467.6051881,0.000080758
experiment_name,bf3a74b0-3b5d-4a54-b037-15a0fb37bb39,function_execution_time,1780474467.706534,0.000070018
experiment_name,bf3a74b0-3b5d-4a54-b037-15a0fb37bb39,function_execution_time,1780474467.8079243,0.000091509
experiment_name,bf3a74b0-3b5d-4a54-b037-15a0fb37bb39,function_execution_time,1780474467.9092498,0.000075299
experiment_name,bf3a74b0-3b5d-4a54-b037-15a0fb37bb39,function_execution_time,1780474468.0095499,0.000069557
experiment_name,bf3a74b0-3b5d-4a54-b037-15a0fb37bb39,function_execution_time,1780474468.1109266,0.000169117
experiment_name,bf3a74b0-3b5d-4a54-b037-15a0fb37bb39,function_execution_time,1780474468.2123554,0.000075994
experiment_name,bf3a74b0-3b5d-4a54-b037-15a0fb37bb39,function_execution_time,1780474468.3126137,0.000071964
experiment_name,bf3a74b0-3b5d-4a54-b037-15a0fb37bb39,function_execution_time,1780474468.413949,0.000079448
experiment_name,bf3a74b0-3b5d-4a54-b037-15a0fb37bb39,function_execution_time,1780474468.515321,0.000075626
experiment_name,bf3a74b0-3b5d-4a54-b037-15a0fb37bb39,function_execution_time,1780474468.6155868,0.000070339
experiment_name,bf3a74b0-3b5d-4a54-b037-15a0fb37bb39,function_execution_time,1780474468.7168884,0.000077197
experiment_name,bf3a74b0-3b5d-4a54-b037-15a0fb37bb39,function_execution_time,1780474468.818167,0.000084527
experiment_name,bf3a74b0-3b5d-4a54-b037-15a0fb37bb39,function_execution_time,1780474468.919579,0.000092849
experiment_name,bf3a74b0-3b5d-4a54-b037-15a0fb37bb39,function_execution_time,1780474469.0207903,0.00008482
experiment_name,bf3a74b0-3b5d-4a54-b037-15a0fb37bb39,function_execution_time,1780474469.122111,0.000148111
experiment_name,bf3a74b0-3b5d-4a54-b037-15a0fb37bb39,function_execution_time,1780474469.2233136,0.000068623
experiment_name,bf3a74b0-3b5d-4a54-b037-15a0fb37bb39,function_execution_time,1780474469.3245854,0.000071222
experiment_name,bf3a74b0-3b5d-4a54-b037-15a0fb37bb39,function_execution_time,1780474469.4258971,0.000070033
experiment_name,bf3a74b0-3b5d-4a54-b037-15a0fb37bb39,function_execution_time,1780474469.5271516,0.000079956
experiment_name,bf3a74b0-3b5d-4a54-b037-15a0fb37bb39,function_execution_time,1780474469.6285148,0.000095366
experiment_name,bf3a74b0-3b5d-4a54-b037-15a0fb37bb39,function_execution_time,1780474469.7298129,0.000073676
experiment_name,bf3a74b0-3b5d-4a54-b037-15a0fb37bb39,function_execution_time,1780474469.8312263,0.000082399
experiment_name,bf3a74b0-3b5d-4a54-b037-15a0fb37bb39,function_execution_time,1780474469.932406,0.000071894
experiment_name,bf3a74b0-3b5d-4a54-b037-15a0fb37bb39,function_execution_time,1780474470.0337303,0.000070483
experiment_name,bf3a74b0-3b5d-4a54-b037-15a0fb37bb39,function_execution_time,1780474470.1351633,0.000157896
experiment_name,bf3a74b0-3b5d-4a54-b037-15a0fb37bb39,function_execution_time,1780474470.2365108,0.000119278
experiment_name,bf3a74b0-3b5d-4a54-b037-15a0fb37bb39,function_execution_time,1780474470.3378217,0.000069596
experiment_name,bf3a74b0-3b5d-4a54-b037-15a0fb37bb39,function_execution_time,1780474470.4390628,0.000071605
experiment_name,bf3a74b0-3b5d-4a54-b037-15a0fb37bb39,function_execution_time,1780474470.5404081,0.000085562
experiment_name,bf3a74b0-3b5d-4a54-b037-15a0fb37bb39,function_execution_time,1780474470.641852,0.000072343
experiment_name,bf3a74b0-3b5d-4a54-b037-15a0fb37bb39,function_execution_time,1780474470.7431781,0.000083745
experiment_name,bf3a74b0-3b5d-4a54-b037-15a0fb37bb39,function_execution_time,1780474470.8444371,0.000067757
experiment_name,bf3a74b0-3b5d-4a54-b037-15a0fb37bb39,function_execution_time,1780474470.9458187,0.000090829
experiment_name,fa99a26a-44ea-4c4d-a730-9c75493c2a1d,function_execution_time,1780474466.0872324,0.000059378
experiment_name,fa99a26a-44ea-4c4d-a730-9c75493c2a1d,function_execution_time,1780474466.188619,0.000059452
experiment_name,fa99a26a-44ea-4c4d-a730-9c75493c2a1d,function_execution_time,1780474466.2900622,0.000063833
experiment_name,fa99a26a-44ea-4c4d-a730-9c75493c2a1d,function_execution_time,1780474466.39128,0.000054528
experiment_name,fa99a26a-44ea-4c4d-a730-9c75493c2a1d,function_execution_time,1780474466.49169,0.000059906
experiment_name,fa99a26a-44ea-4c4d-a730-9c75493c2a1d,function_execution_time,1780474466.5929868,0.000064324
experiment_name,fa99a26a-44ea-4c4d-a730-9c75493c2a1d,function_execution_time,1780474466.6942391,0.000061729
experiment_name,fa99a26a-44ea-4c4d-a730-9c75493c2a1d,function_execution_time,1780474466.7955637,0.000061098
experiment_name,fa99a26a-44ea-4c4d-a730-9c75493c2a1d,function_execution_time,1780474466.8969777,0.000058071
experiment_name,fa99a26a-44ea-4c4d-a730-9c75493c2a1d,function_execution_time,1780474466.9982784,0.000063931
experiment_name,fa99a26a-44ea-4c4d-a730-9c75493c2a1d,function_execution_time,1780474467.0996022,0.000060129
experiment_name,fa99a26a-44ea-4c4d-a730-9c75493c2a1d,function_execution_time,1780474467.2010908,0.000058234
experiment_name,fa99a26a-44ea-4c4d-a730-9c75493c2a1d,function_execution_time,1780474467.302372,0.000054577
experiment_name,fa99a26a-44ea-4c4d-a730-9c75493c2a1d,function_execution_time,1780474467.4025936,0.000054628
experiment_name,fa99a26a-44ea-4c4d-a730-9c75493c2a1d,function_execution_time,1780474467.5039806,0.000067135
experiment_name,fa99a26a-44ea-4c4d-a730-9c75493c2a1d,function_execution_time,1780474467.6052816,0.000062433
experiment_name,fa99a26a-44ea-4c4d-a730-9c75493c2a1d,function_execution_time,1780474467.7066898,0.000060699
experiment_name,fa99a26a-44ea-4c4d-a730-9c75493c2a1d,function_execution_time,1780474467.8079257,0.000065372
experiment_name,fa99a26a-44ea-4c4d-a730-9c75493c2a1d,function_execution_time,1780474467.9093404,0.000068255
experiment_name,fa99a26a-44ea-4c4d-a730-9c75493c2a1d,function_execution_time,1780474468.009705,0.000058902
experiment_name,fa99a26a-44ea-4c4d-a730-9c75493c2a1d,function_execution_time,1780474468.1109846,0.000061288
experiment_name,fa99a26a-44ea-4c4d-a730-9c75493c2a1d,function_execution_time,1780474468.2124581,0.000066454
experiment_name,fa99a26a-44ea-4c4d-a730-9c75493c2a1d,function_execution_time,1780474468.3127782,0.000058601
experiment_name,fa99a26a-44ea-4c4d-a730-9c75493c2a1d,function_execution_time,1780474468.4141207,0.000064213
experiment_name,fa99a26a-44ea-4c4d-a730-9c75493c2a1d,function_execution_time,1780474468.515423,0.000058161
experiment_name,fa99a26a-44ea-4c4d-a730-9c75493c2a1d,function_execution_time,1780474468.615756,0.000059746
experiment_name,fa99a26a-44ea-4c4d-a730-9c75493c2a1d,function_execution_time,1780474468.7169836,0.000060073
experiment_name,fa99a26a-44ea-4c4d-a730-9c75493c2a1d,function_execution_time,1780474468.8182604,0.000066313
experiment_name,fa99a26a-44ea-4c4d-a730-9c75493c2a1d,function_execution_time,1780474468.919674,0.000057787
experiment_name,fa99a26a-44ea-4c4d-a730-9c75493c2a1d,function_execution_time,1780474469.0208473,0.000058318
experiment_name,fa99a26a-44ea-4c4d-a730-9c75493c2a1d,function_execution_time,1780474469.1221678,0.000053911
experiment_name,fa99a26a-44ea-4c4d-a730-9c75493c2a1d,function_execution_time,1780474469.223506,0.000075041
experiment_name,fa99a26a-44ea-4c4d-a730-9c75493c2a1d,function_execution_time,1780474469.3246744,0.00005846
experiment_name,fa99a26a-44ea-4c4d-a730-9c75493c2a1d,function_execution_time,1780474469.4260507,0.0000546
experiment_name,fa99a26a-44ea-4c4d-a730-9c75493c2a1d,function_execution_time,1780474469.527307,0.000055061
experiment_name,fa99a26a-44ea-4c4d-a730-9c75493c2a1d,function_execution_time,1780474469.6286383,0.000058643
experiment_name,fa99a26a-44ea-4c4d-a730-9c75493c2a1d,function_execution_time,1780474469.7299778,0.000063809
experiment_name,fa99a26a-44ea-4c4d-a730-9c75493c2a1d,function_execution_time,1780474469.8312874,0.000058451
experiment_name,fa99a26a-44ea-4c4d-a730-9c75493c2a1d,function_execution_time,1780474469.932565,0.000058403
experiment_name,fa99a26a-44ea-4c4d-a730-9c75493c2a1d,function_execution_time,1780474470.033866,0.000055445
experiment_name,fa99a26a-44ea-4c4d-a730-9c75493c2a1d,function_execution_time,1780474470.135227,0.000066247
experiment_name,fa99a26a-44ea-4c4d-a730-9c75493c2a1d,function_execution_time,1780474470.236636,0.000063264
experiment_name,fa99a26a-44ea-4c4d-a730-9c75493c2a1d,function_execution_time,1780474470.3379812,0.00005485
experiment_name,fa99a26a-44ea-4c4d-a730-9c75493c2a1d,function_execution_time,1780474470.4392352,0.000058224
experiment_name,fa99a26a-44ea-4c4d-a730-9c75493c2a1d,function_execution_time,1780474470.5405312,0.000058605
experiment_name,fa99a26a-44ea-4c4d-a730-9c75493c2a1d,function_execution_time,1780474470.6420138,0.000063926
experiment_name,fa99a26a-44ea-4c4d-a730-9c75493c2a1d,function_execution_time,1780474470.7433085,0.000059277
experiment_name,fa99a26a-44ea-4c4d-a730-9c75493c2a1d,function_execution_time,1780474470.8445675,0.000055249
experiment_name,fa99a26a-44ea-4c4d-a730-9c75493c2a1d,function_execution_time,1780474470.9458365,0.000066294
experiment_name,bf3a74b0-3b5d-4a54-b037-15a0fb37bb39,function_transfer_time,1780474466.0870059,0.000081336
experiment_name,bf3a74b0-3b5d-4a54-b037-15a0fb37bb39,function_transfer_time,1780474466.18844,0.000024548
experiment_name,bf3a74b0-3b5d-4a54-b037-15a0fb37bb39,function_transfer_time,1780474466.2897923,0.000018774
experiment_name,bf3a74b0-3b5d-4a54-b037-15a0fb37bb39,function_transfer_time,1780474466.3911207,0.000084632
experiment_name,bf3a74b0-3b5d-4a54-b037-15a0fb37bb39,function_transfer_time,1780474466.49146,0.000083368
experiment_name,bf3a74b0-3b5d-4a54-b037-15a0fb37bb39,function_transfer_time,1780474466.592759,0.000075039
experiment_name,bf3a74b0-3b5d-4a54-b037-15a0fb37bb39,function_transfer_time,1780474466.6940746,0.000082869
experiment_name,bf3a74b0-3b5d-4a54-b037-15a0fb37bb39,function_transfer_time,1780474466.7953908,0.000085531
experiment_name,bf3a74b0-3b5d-4a54-b037-15a0fb37bb39,function_transfer_time,1780474466.8967376,0.000081121
experiment_name,bf3a74b0-3b5d-4a54-b037-15a0fb37bb39,function_transfer_time,1780474466.9980335,0.000078134
experiment_name,bf3a74b0-3b5d-4a54-b037-15a0fb37bb39,function_transfer_time,1780474467.0993478,0.000078922
experiment_name,bf3a74b0-3b5d-4a54-b037-15a0fb37bb39,function_transfer_time,1780474467.2008598,0.000085961
experiment_name,bf3a74b0-3b5d-4a54-b037-15a0fb37bb39,function_transfer_time,1780474467.3021533,0.000074518
experiment_name,bf3a74b0-3b5d-4a54-b037-15a0fb37bb39,function_transfer_time,1780474467.402421,0.000023841
experiment_name,bf3a74b0-3b5d-4a54-b037-15a0fb37bb39,function_transfer_time,1780474467.503739,0.000074858
experiment_name,bf3a74b0-3b5d-4a54-b037-15a0fb37bb39,function_transfer_time,1780474467.605051,0.000091949
experiment_name,bf3a74b0-3b5d-4a54-b037-15a0fb37bb39,function_transfer_time,1780474467.7064571,0.0000917
experiment_name,bf3a74b0-3b5d-4a54-b037-15a0fb37bb39,function_transfer_time,1780474467.8077703,0.000081614
experiment_name,bf3a74b0-3b5d-4a54-b037-15a0fb37bb39,function_transfer_time,1780474467.9091687,0.000081762
experiment_name,bf3a74b0-3b5d-4a54-b037-15a0fb37bb39,function_transfer_time,1780474468.0094693,0.000073431
experiment_name,bf3a74b0-3b5d-4a54-b037-15a0fb37bb39,function_transfer_time,1780474468.1107464,0.000024438
experiment_name,bf3a74b0-3b5d-4a54-b037-15a0fb37bb39,function_transfer_time,1780474468.2122257,0.00008371
experiment_name,bf3a74b0-3b5d-4a54-b037-15a0fb37bb39,function_transfer_time,1780474468.3125296,0.00007683
experiment_name,bf3a74b0-3b5d-4a54-b037-15a0fb37bb39,function_transfer_time,1780474468.4138646,0.000076648
experiment_name,bf3a74b0-3b5d-4a54-b037-15a0fb37bb39,function_transfer_time,1780474468.515192,0.000076479
experiment_name,bf3a74b0-3b5d-4a54-b037-15a0fb37bb39,function_transfer_time,1780474468.615504,0.000076778
experiment_name,bf3a74b0-3b5d-4a54-b037-15a0fb37bb39,function_transfer_time,1780474468.7167573,0.000023066
experiment_name,bf3a74b0-3b5d-4a54-b037-15a0fb37bb39,function_transfer_time,1780474468.8180869,0.000102228
experiment_name,bf3a74b0-3b5d-4a54-b037-15a0fb37bb39,function_transfer_time,1780474468.9194355,0.000084747
experiment_name,bf3a74b0-3b5d-4a54-b037-15a0fb37bb39,function_transfer_time,1780474469.0206985,0.000024176
experiment_name,bf3a74b0-3b5d-4a54-b037-15a0fb37bb39,function_transfer_time,1780474469.1219597,0.000024252
experiment_name,bf3a74b0-3b5d-4a54-b037-15a0fb37bb39,function_transfer_time,1780474469.2232375,0.000021982
experiment_name,bf3a74b0-3b5d-4a54-b037-15a0fb37bb39,function_transfer_time,1780474469.3245065,0.000017805
experiment_name,bf3a74b0-3b5d-4a54-b037-15a0fb37bb39,function_transfer_time,1780474469.4258173,0.000076565
experiment_name,bf3a74b0-3b5d-4a54-b037-15a0fb37bb39,function_transfer_time,1780474469.5270712,0.000021466
experiment_name,bf3a74b0-3b5d-4a54-b037-15a0fb37bb39,function_transfer_time,1780474469.6284168,0.000089551
experiment_name,bf3a74b0-3b5d-4a54-b037-15a0fb37bb39,function_transfer_time,1780474469.7297344,0.000083127
experiment_name,bf3a74b0-3b5d-4a54-b037-15a0fb37bb39,function_transfer_time,1780474469.8310666,0.000079099
experiment_name,bf3a74b0-3b5d-4a54-b037-15a0fb37bb39,function_transfer_time,1780474469.932326,0.000024231
experiment_name,bf3a74b0-3b5d-4a54-b037-15a0fb37bb39,function_transfer_time,1780474470.0336504,0.000081027
experiment_name,bf3a74b0-3b5d-4a54-b037-15a0fb37bb39,function_transfer_time,1780474470.1349978,0.000081931
experiment_name,bf3a74b0-3b5d-4a54-b037-15a0fb37bb39,function_transfer_time,1780474470.2363856,0.000097423
experiment_name,bf3a74b0-3b5d-4a54-b037-15a0fb37bb39,function_transfer_time,1780474470.337744,0.000080676
experiment_name,bf3a74b0-3b5d-4a54-b037-15a0fb37bb39,function_transfer_time,1780474470.438992,0.000022047
experiment_name,bf3a74b0-3b5d-4a54-b037-15a0fb37bb39,function_transfer_time,1780474470.5403216,0.000088206
experiment_name,bf3a74b0-3b5d-4a54-b037-15a0fb37bb39,function_transfer_time,1780474470.6417758,0.000081644
experiment_name,bf3a74b0-3b5d-4a54-b037-15a0fb37bb39,function_transfer_time,1780474470.743089,0.000077822
experiment_name,bf3a74b0-3b5d-4a54-b037-15a0fb37bb39,function_transfer_time,1780474470.844352,0.000021586
experiment_name,bf3a74b0-3b5d-4a54-b037-15a0fb37bb39,function_transfer_time,1780474470.945672,0.000084653
experiment_name,fa99a26a-44ea-4c4d-a730-9c75493c2a1d,function_transfer_time,1780474466.087173,0.000032249
experiment_name,fa99a26a-44ea-4c4d-a730-9c75493c2a1d,function_transfer_time,1780474466.188561,0.000169299
experiment_name,fa99a26a-44ea-4c4d-a730-9c75493c2a1d,function_transfer_time,1780474466.289997,0.000150207
experiment_name,fa99a26a-44ea-4c4d-a730-9c75493c2a1d,function_transfer_time,1780474466.391225,0.000041964
experiment_name,fa99a26a-44ea-4c4d-a730-9c75493c2a1d,function_transfer_time,1780474466.4916227,0.000109785
experiment_name,fa99a26a-44ea-4c4d-a730-9c75493c2a1d,function_transfer_time,1780474466.5929153,0.000105824
experiment_name,fa99a26a-44ea-4c4d-a730-9c75493c2a1d,function_transfer_time,1780474466.6942337,0.000052582
experiment_name,fa99a26a-44ea-4c4d-a730-9c75493c2a1d,function_transfer_time,1780474466.795561,0.000049089
experiment_name,fa99a26a-44ea-4c4d-a730-9c75493c2a1d,function_transfer_time,1780474466.896919,0.00012517
experiment_name,fa99a26a-44ea-4c4d-a730-9c75493c2a1d,function_transfer_time,1780474466.9982142,0.00012583
experiment_name,fa99a26a-44ea-4c4d-a730-9c75493c2a1d,function_transfer_time,1780474467.0995355,0.000043669
experiment_name,fa99a26a-44ea-4c4d-a730-9c75493c2a1d,function_transfer_time,1780474467.2010317,0.000112378
experiment_name,fa99a26a-44ea-4c4d-a730-9c75493c2a1d,function_transfer_time,1780474467.3023107,0.000102881
experiment_name,fa99a26a-44ea-4c4d-a730-9c75493c2a1d,function_transfer_time,1780474467.4025376,0.000052868
experiment_name,fa99a26a-44ea-4c4d-a730-9c75493c2a1d,function_transfer_time,1780474467.5039072,0.000116687
experiment_name,fa99a26a-44ea-4c4d-a730-9c75493c2a1d,function_transfer_time,1780474467.6052113,0.000104309
experiment_name,fa99a26a-44ea-4c4d-a730-9c75493c2a1d,function_transfer_time,1780474467.7066286,0.000115207
experiment_name,fa99a26a-44ea-4c4d-a730-9c75493c2a1d,function_transfer_time,1780474467.807921,0.000028178
experiment_name,fa99a26a-44ea-4c4d-a730-9c75493c2a1d,function_transfer_time,1780474467.9093251,0.000046195
experiment_name,fa99a26a-44ea-4c4d-a730-9c75493c2a1d,function_transfer_time,1780474468.0096388,0.000118172
experiment_name,fa99a26a-44ea-4c4d-a730-9c75493c2a1d,function_transfer_time,1780474468.1109235,0.000035762
experiment_name,fa99a26a-44ea-4c4d-a730-9c75493c2a1d,function_transfer_time,1780474468.2123833,0.000106847
experiment_name,fa99a26a-44ea-4c4d-a730-9c75493c2a1d,function_transfer_time,1780474468.3126984,0.000114956
experiment_name,fa99a26a-44ea-4c4d-a730-9c75493c2a1d,function_transfer_time,1780474468.4140558,0.000135485
experiment_name,fa99a26a-44ea-4c4d-a730-9c75493c2a1d,function_transfer_time,1780474468.515359,0.000114743
experiment_name,fa99a26a-44ea-4c4d-a730-9c75493c2a1d,function_transfer_time,1780474468.6156957,0.000135789
experiment_name,fa99a26a-44ea-4c4d-a730-9c75493c2a1d,function_transfer_time,1780474468.7169168,0.000106161
experiment_name,fa99a26a-44ea-4c4d-a730-9c75493c2a1d,function_transfer_time,1780474468.8181868,0.000040734
experiment_name,fa99a26a-44ea-4c4d-a730-9c75493c2a1d,function_transfer_time,1780474468.9196095,0.0001099
experiment_name,fa99a26a-44ea-4c4d-a730-9c75493c2a1d,function_transfer_time,1780474469.0207877,0.000030608
experiment_name,fa99a26a-44ea-4c4d-a730-9c75493c2a1d,function_transfer_time,1780474469.1221082,0.000029289
experiment_name,fa99a26a-44ea-4c4d-a730-9c75493c2a1d,function_transfer_time,1780474469.223439,0.000135074
experiment_name,fa99a26a-44ea-4c4d-a730-9c75493c2a1d,function_transfer_time,1780474469.3246675,0.000042794
experiment_name,fa99a26a-44ea-4c4d-a730-9c75493c2a1d,function_transfer_time,1780474469.4259956,0.000126252
experiment_name,fa99a26a-44ea-4c4d-a730-9c75493c2a1d,function_transfer_time,1780474469.527252,0.000117227
experiment_name,fa99a26a-44ea-4c4d-a730-9c75493c2a1d,function_transfer_time,1780474469.628574,0.000091121
experiment_name,fa99a26a-44ea-4c4d-a730-9c75493c2a1d,function_transfer_time,1780474469.729914,0.000123718
experiment_name,fa99a26a-44ea-4c4d-a730-9c75493c2a1d,function_transfer_time,1780474469.8312294,0.000108075
experiment_name,fa99a26a-44ea-4c4d-a730-9c75493c2a1d,function_transfer_time,1780474469.9325063,0.00012415
experiment_name,fa99a26a-44ea-4c4d-a730-9c75493c2a1d,function_transfer_time,1780474470.0338101,0.000104656
experiment_name,fa99a26a-44ea-4c4d-a730-9c75493c2a1d,function_transfer_time,1780474470.1351607,0.000033031
experiment_name,fa99a26a-44ea-4c4d-a730-9c75493c2a1d,function_transfer_time,1780474470.2365658,0.000094187
experiment_name,fa99a26a-44ea-4c4d-a730-9c75493c2a1d,function_transfer_time,1780474470.3379235,0.000123981
experiment_name,fa99a26a-44ea-4c4d-a730-9c75493c2a1d,function_transfer_time,1780474470.4391766,0.000129069
experiment_name,fa99a26a-44ea-4c4d-a730-9c75493c2a1d,function_transfer_time,1780474470.54047,0.000095259
experiment_name,fa99a26a-44ea-4c4d-a730-9c75493c2a1d,function_transfer_time,1780474470.6419492,0.000120692
experiment_name,fa99a26a-44ea-4c4d-a730-9c75493c2a1d,function_transfer_time,1780474470.743242,0.000098052
experiment_name,fa99a26a-44ea-4c4d-a730-9c75493c2a1d,function_transfer_time,1780474470.8445122,0.00010529
experiment_name,fa99a26a-44ea-4c4d-a730-9c75493c2a1d,function_transfer_time,1780474470.9458225,0.000032321
experiment_name,fa99a26a-44ea-4c4d-a730-9c75493c2a1d,function_execution_time,1780474471.0474043,0.00006271
experiment_name,fa99a26a-44ea-4c4d-a730-9c75493c2a1d,function_execution_time,1780474471.148698,0.000067416
experiment_name,fa99a26a-44ea-4c4d-a730-9c75493c2a1d,function_execution_time,1780474471.250202,0.000060842
experiment_name,fa99a26a-44ea-4c4d-a730-9c75493c2a1d,function_execution_time,1780474471.3514264,0.000064756
experiment_name,fa99a26a-44ea-4c4d-a730-9c75493c2a1d,function_execution_time,1780474471.4527795,0.000070193
experiment_name,fa99a26a-44ea-4c4d-a730-9c75493c2a1d,function_execution_time,1780474471.5539784,0.000080715
experiment_name,fa99a26a-44ea-4c4d-a730-9c75493c2a1d,function_execution_time,1780474471.6552825,0.000055337
experiment_name,fa99a26a-44ea-4c4d-a730-9c75493c2a1d,function_execution_time,1780474471.7565637,0.000058526
experiment_name,fa99a26a-44ea-4c4d-a730-9c75493c2a1d,function_execution_time,1780474471.85798,0.000070887
experiment_name,fa99a26a-44ea-4c4d-a730-9c75493c2a1d,function_execution_time,1780474471.9592617,0.000063908
experiment_name,fa99a26a-44ea-4c4d-a730-9c75493c2a1d,function_execution_time,1780474472.0606203,0.000056868
experiment_name,fa99a26a-44ea-4c4d-a730-9c75493c2a1d,function_execution_time,1780474472.1619167,0.000055657
experiment_name,fa99a26a-44ea-4c4d-a730-9c75493c2a1d,function_execution_time,1780474472.2632935,0.000068883
experiment_name,fa99a26a-44ea-4c4d-a730-9c75493c2a1d,function_execution_time,1780474472.364541,0.000055444
experiment_name,fa99a26a-44ea-4c4d-a730-9c75493c2a1d,function_execution_time,1780474472.465884,0.000059539
experiment_name,fa99a26a-44ea-4c4d-a730-9c75493c2a1d,function_execution_time,1780474472.5671618,0.000059186
experiment_name,fa99a26a-44ea-4c4d-a730-9c75493c2a1d,function_execution_time,1780474472.668502,0.000055988
experiment_name,fa99a26a-44ea-4c4d-a730-9c75493c2a1d,function_execution_time,1780474472.7697709,0.0000662
experiment_name,fa99a26a-44ea-4c4d-a730-9c75493c2a1d,function_execution_time,1780474472.870976,0.000054499
experiment_name,fa99a26a-44ea-4c4d-a730-9c75493c2a1d,function_execution_time,1780474472.972354,0.000059128
experiment_name,fa99a26a-44ea-4c4d-a730-9c75493c2a1d,function_execution_time,1780474473.0736647,0.000056192
experiment_name,fa99a26a-44ea-4c4d-a730-9c75493c2a1d,function_execution_time,1780474473.1750069,0.000066232
experiment_name,fa99a26a-44ea-4c4d-a730-9c75493c2a1d,function_execution_time,1780474473.2763228,0.000057245
experiment_name,fa99a26a-44ea-4c4d-a730-9c75493c2a1d,function_execution_time,1780474473.3767352,0.000065279
experiment_name,fa99a26a-44ea-4c4d-a730-9c75493c2a1d,function_execution_time,1780474473.4779193,0.000058227
experiment_name,fa99a26a-44ea-4c4d-a730-9c75493c2a1d,function_execution_time,1780474473.5792274,0.000057792
experiment_name,fa99a26a-44ea-4c4d-a730-9c75493c2a1d,function_execution_time,1780474473.6805778,0.000063822
experiment_name,fa99a26a-44ea-4c4d-a730-9c75493c2a1d,function_execution_time,1780474473.7818415,0.000057164
experiment_name,fa99a26a-44ea-4c4d-a730-9c75493c2a1d,function_execution_time,1780474473.883171,0.000059667
experiment_name,fa99a26a-44ea-4c4d-a730-9c75493c2a1d,function_execution_time,1780474473.9844828,0.00006634
experiment_name,fa99a26a-44ea-4c4d-a730-9c75493c2a1d,function_execution_time,1780474474.0858212,0.000055436
experiment_name,fa99a26a-44ea-4c4d-a730-9c75493c2a1d,function_execution_time,1780474474.1871347,0.000056022
experiment_name,fa99a26a-44ea-4c4d-a730-9c75493c2a1d,function_execution_time,1780474474.2883692,0.000059774
experiment_name,fa99a26a-44ea-4c4d-a730-9c75493c2a1d,function_execution_time,1780474474.3887105,0.000062809
experiment_name,fa99a26a-44ea-4c4d-a730-9c75493c2a1d,function_execution_time,1780474474.4901247,0.000056731
experiment_name,fa99a26a-44ea-4c4d-a730-9c75493c2a1d,function_execution_time,1780474474.5913692,0.000067109
experiment_name,fa99a26a-44ea-4c4d-a730-9c75493c2a1d,function_execution_time,1780474474.6917188,0.000055453
experiment_name,fa99a26a-44ea-4c4d-a730-9c75493c2a1d,function_execution_time,1780474474.7929814,0.000056207
experiment_name,fa99a26a-44ea-4c4d-a730-9c75493c2a1d,function_execution_time,1780474474.8943105,0.000056279
experiment_name,fa99a26a-44ea-4c4d-a730-9c75493c2a1d,function_execution_time,1780474474.995552,0.000069173
experiment_name,fa99a26a-44ea-4c4d-a730-9c75493c2a1d,function_execution_time,1780474475.0969574,0.000059673
experiment_name,fa99a26a-44ea-4c4d-a730-9c75493c2a1d,function_execution_time,1780474475.1982584,0.000055501
experiment_name,fa99a26a-44ea-4c4d-a730-9c75493c2a1d,function_execution_time,1780474475.2995512,0.000059597
experiment_name,fa99a26a-44ea-4c4d-a730-9c75493c2a1d,function_execution_time,1780474475.4009178,0.00006438
experiment_name,fa99a26a-44ea-4c4d-a730-9c75493c2a1d,function_execution_time,1780474475.5020769,0.000055576
experiment_name,fa99a26a-44ea-4c4d-a730-9c75493c2a1d,function_execution_time,1780474475.6034822,0.000068259
experiment_name,fa99a26a-44ea-4c4d-a730-9c75493c2a1d,function_execution_time,1780474475.704811,0.000057608
experiment_name,fa99a26a-44ea-4c4d-a730-9c75493c2a1d,function_execution_time,1780474475.8061674,0.000058247
experiment_name,fa99a26a-44ea-4c4d-a730-9c75493c2a1d,function_execution_time,1780474475.9075036,0.000056882
experiment_name,fa99a26a-44ea-4c4d-a730-9c75493c2a1d,function_execution_time,1780474476.0087752,0.000056726
experiment_name,bf3a74b0-3b5d-4a54-b037-15a0fb37bb39,function_execution_time,1780474471.0472348,0.000077434
experiment_name,bf3a74b0-3b5d-4a54-b037-15a0fb37bb39,function_execution_time,1780474471.1486669,0.00015968
experiment_name,bf3a74b0-3b5d-4a54-b037-15a0fb37bb39,function_execution_time,1780474471.2501044,0.000082143
experiment_name,bf3a74b0-3b5d-4a54-b037-15a0fb37bb39,function_execution_time,1780474471.351333,0.000076054
experiment_name,bf3a74b0-3b5d-4a54-b037-15a0fb37bb39,function_execution_time,1780474471.4525878,0.000069648
experiment_name,bf3a74b0-3b5d-4a54-b037-15a0fb37bb39,function_execution_time,1780474471.553886,0.000085448
experiment_name,bf3a74b0-3b5d-4a54-b037-15a0fb37bb39,function_execution_time,1780474471.6551235,0.000068072
experiment_name,bf3a74b0-3b5d-4a54-b037-15a0fb37bb39,function_execution_time,1780474471.7565076,0.000106142
experiment_name,bf3a74b0-3b5d-4a54-b037-15a0fb37bb39,function_execution_time,1780474471.8577962,0.000071026
experiment_name,bf3a74b0-3b5d-4a54-b037-15a0fb37bb39,function_execution_time,1780474471.9591277,0.000090021
experiment_name,bf3a74b0-3b5d-4a54-b037-15a0fb37bb39,function_execution_time,1780474472.0604591,0.000093367
experiment_name,bf3a74b0-3b5d-4a54-b037-15a0fb37bb39,function_execution_time,1780474472.161862,0.000145589
experiment_name,bf3a74b0-3b5d-4a54-b037-15a0fb37bb39,function_execution_time,1780474472.2631145,0.000078367
experiment_name,bf3a74b0-3b5d-4a54-b037-15a0fb37bb39,function_execution_time,1780474472.364379,0.000073438
experiment_name,bf3a74b0-3b5d-4a54-b037-15a0fb37bb39,function_execution_time,1780474472.465827,0.000081683
experiment_name,bf3a74b0-3b5d-4a54-b037-15a0fb37bb39,function_execution_time,1780474472.5670831,0.000070421
experiment_name,bf3a74b0-3b5d-4a54-b037-15a0fb37bb39,function_execution_time,1780474472.668337,0.000074929
experiment_name,bf3a74b0-3b5d-4a54-b037-15a0fb37bb39,function_execution_time,1780474472.7696092,0.000067432
experiment_name,bf3a74b0-3b5d-4a54-b037-15a0fb37bb39,function_execution_time,1780474472.8708978,0.000070796
experiment_name,bf3a74b0-3b5d-4a54-b037-15a0fb37bb39,function_execution_time,1780474472.972234,0.000081747
experiment_name,bf3a74b0-3b5d-4a54-b037-15a0fb37bb39,function_execution_time,1780474473.0735106,0.000080871
experiment_name,bf3a74b0-3b5d-4a54-b037-15a0fb37bb39,function_execution_time,1780474473.174943,0.0001813
experiment_name,bf3a74b0-3b5d-4a54-b037-15a0fb37bb39,function_execution_time,1780474473.276243,0.000070957
experiment_name,bf3a74b0-3b5d-4a54-b037-15a0fb37bb39,function_execution_time,1780474473.3765898,0.000088862
experiment_name,bf3a74b0-3b5d-4a54-b037-15a0fb37bb39,function_execution_time,1780474473.477848,0.000067247
experiment_name,bf3a74b0-3b5d-4a54-b037-15a0fb37bb39,function_execution_time,1780474473.579172,0.000082133
experiment_name,bf3a74b0-3b5d-4a54-b037-15a0fb37bb39,function_execution_time,1780474473.680476,0.000081531
experiment_name,bf3a74b0-3b5d-4a54-b037-15a0fb37bb39,function_execution_time,1780474473.7816844,0.000073563
experiment_name,bf3a74b0-3b5d-4a54-b037-15a0fb37bb39,function_execution_time,1780474473.8830001,0.000069774
experiment_name,bf3a74b0-3b5d-4a54-b037-15a0fb37bb39,function_execution_time,1780474473.9843147,0.000070826
experiment_name,bf3a74b0-3b5d-4a54-b037-15a0fb37bb39,function_execution_time,1780474474.0857317,0.000071481
experiment_name,bf3a74b0-3b5d-4a54-b037-15a0fb37bb39,function_execution_time,1780474474.1870773,0.000143787
experiment_name,bf3a74b0-3b5d-4a54-b037-15a0fb37bb39,function_execution_time,1780474474.2883139,0.0000823
experiment_name,bf3a74b0-3b5d-4a54-b037-15a0fb37bb39,function_execution_time,1780474474.38862,0.000081211
experiment_name,bf3a74b0-3b5d-4a54-b037-15a0fb37bb39,function_execution_time,1780474474.4899626,0.000070363
experiment_name,bf3a74b0-3b5d-4a54-b037-15a0fb37bb39,function_execution_time,1780474474.5912197,0.000071998
experiment_name,bf3a74b0-3b5d-4a54-b037-15a0fb37bb39,function_execution_time,1780474474.6915584,0.000079893
experiment_name,bf3a74b0-3b5d-4a54-b037-15a0fb37bb39,function_execution_time,1780474474.7928476,0.000072726
experiment_name,bf3a74b0-3b5d-4a54-b037-15a0fb37bb39,function_execution_time,1780474474.894221,0.000081339
experiment_name,bf3a74b0-3b5d-4a54-b037-15a0fb37bb39,function_execution_time,1780474474.9955285,0.000092611
experiment_name,bf3a74b0-3b5d-4a54-b037-15a0fb37bb39,function_execution_time,1780474475.0967839,0.000083068
experiment_name,bf3a74b0-3b5d-4a54-b037-15a0fb37bb39,function_execution_time,1780474475.1982045,0.000146833
experiment_name,bf3a74b0-3b5d-4a54-b037-15a0fb37bb39,function_execution_time,1780474475.299547,0.000092699
experiment_name,bf3a74b0-3b5d-4a54-b037-15a0fb37bb39,function_execution_time,1780474475.400752,0.000081207
experiment_name,bf3a74b0-3b5d-4a54-b037-15a0fb37bb39,function_execution_time,1780474475.5019984,0.000067498
experiment_name,bf3a74b0-3b5d-4a54-b037-15a0fb37bb39,function_execution_time,1780474475.6033127,0.000072835
experiment_name,bf3a74b0-3b5d-4a54-b037-15a0fb37bb39,function_execution_time,1780474475.7046707,0.000071227
experiment_name,bf3a74b0-3b5d-4a54-b037-15a0fb37bb39,function_execution_time,1780474475.8059874,0.000076043
experiment_name,bf3a74b0-3b5d-4a54-b037-15a0fb37bb39,function_execution_time,1780474475.9073308,0.000071582
experiment_name,bf3a74b0-3b5d-4a54-b037-15a0fb37bb39,function_execution_time,1780474476.008715,0.000086864
experiment_name,fa99a26a-44ea-4c4d-a730-9c75493c2a1d,function_transfer_time,1780474471.0473413,0.000133557
experiment_name,fa99a26a-44ea-4c4d-a730-9c75493c2a1d,function_transfer_time,1780474471.1486697,0.000034988
experiment_name,fa99a26a-44ea-4c4d-a730-9c75493c2a1d,function_transfer_time,1780474471.250133,0.000120982
experiment_name,fa99a26a-44ea-4c4d-a730-9c75493c2a1d,function_transfer_time,1780474471.3513608,0.00005879
experiment_name,fa99a26a-44ea-4c4d-a730-9c75493c2a1d,function_transfer_time,1780474471.4527085,0.000146739
experiment_name,fa99a26a-44ea-4c4d-a730-9c75493c2a1d,function_transfer_time,1780474471.5538883,0.000044598
experiment_name,fa99a26a-44ea-4c4d-a730-9c75493c2a1d,function_transfer_time,1780474471.6552265,0.000127515
experiment_name,fa99a26a-44ea-4c4d-a730-9c75493c2a1d,function_transfer_time,1780474471.756505,0.000037617
experiment_name,fa99a26a-44ea-4c4d-a730-9c75493c2a1d,function_transfer_time,1780474471.8579085,0.00013695
experiment_name,fa99a26a-44ea-4c4d-a730-9c75493c2a1d,function_transfer_time,1780474471.9591901,0.000096242
experiment_name,fa99a26a-44ea-4c4d-a730-9c75493c2a1d,function_transfer_time,1780474472.060564,0.000136945
experiment_name,fa99a26a-44ea-4c4d-a730-9c75493c2a1d,function_transfer_time,1780474472.1618586,0.000030041
experiment_name,fa99a26a-44ea-4c4d-a730-9c75493c2a1d,function_transfer_time,1780474472.2632236,0.000135177
experiment_name,fa99a26a-44ea-4c4d-a730-9c75493c2a1d,function_transfer_time,1780474472.364482,0.000136505
experiment_name,fa99a26a-44ea-4c4d-a730-9c75493c2a1d,function_transfer_time,1780474472.4658237,0.000030986
experiment_name,fa99a26a-44ea-4c4d-a730-9c75493c2a1d,function_transfer_time,1780474472.5671573,0.000046865
experiment_name,fa99a26a-44ea-4c4d-a730-9c75493c2a1d,function_transfer_time,1780474472.668445,0.000123456
experiment_name,fa99a26a-44ea-4c4d-a730-9c75493c2a1d,function_transfer_time,1780474472.7697039,0.000116166
experiment_name,fa99a26a-44ea-4c4d-a730-9c75493c2a1d,function_transfer_time,1780474472.8709733,0.000045129
experiment_name,fa99a26a-44ea-4c4d-a730-9c75493c2a1d,function_transfer_time,1780474472.9722877,0.00009031
experiment_name,fa99a26a-44ea-4c4d-a730-9c75493c2a1d,function_transfer_time,1780474473.0736074,0.000116926
experiment_name,fa99a26a-44ea-4c4d-a730-9c75493c2a1d,function_transfer_time,1780474473.1749403,0.000037799
experiment_name,fa99a26a-44ea-4c4d-a730-9c75493c2a1d,function_transfer_time,1780474473.2763202,0.000044485
experiment_name,fa99a26a-44ea-4c4d-a730-9c75493c2a1d,function_transfer_time,1780474473.3766627,0.000105204
experiment_name,fa99a26a-44ea-4c4d-a730-9c75493c2a1d,function_transfer_time,1780474473.4779146,0.000046379
experiment_name,fa99a26a-44ea-4c4d-a730-9c75493c2a1d,function_transfer_time,1780474473.5791693,0.00002949
experiment_name,fa99a26a-44ea-4c4d-a730-9c75493c2a1d,function_transfer_time,1780474473.680507,0.000122175
experiment_name,fa99a26a-44ea-4c4d-a730-9c75493c2a1d,function_transfer_time,1780474473.781784,0.000118377
experiment_name,fa99a26a-44ea-4c4d-a730-9c75493c2a1d,function_transfer_time,1780474473.8831103,0.000137536
experiment_name,fa99a26a-44ea-4c4d-a730-9c75493c2a1d,function_transfer_time,1780474473.9844162,0.000120643
experiment_name,fa99a26a-44ea-4c4d-a730-9c75493c2a1d,function_transfer_time,1780474474.085763,0.000049836
experiment_name,fa99a26a-44ea-4c4d-a730-9c75493c2a1d,function_transfer_time,1780474474.18708,0.000031466
experiment_name,fa99a26a-44ea-4c4d-a730-9c75493c2a1d,function_transfer_time,1780474474.288309,0.000029311
experiment_name,fa99a26a-44ea-4c4d-a730-9c75493c2a1d,function_transfer_time,1780474474.3887074,0.000056362
experiment_name,fa99a26a-44ea-4c4d-a730-9c75493c2a1d,function_transfer_time,1780474474.490067,0.000129459
experiment_name,fa99a26a-44ea-4c4d-a730-9c75493c2a1d,function_transfer_time,1780474474.591301,0.00010835
experiment_name,fa99a26a-44ea-4c4d-a730-9c75493c2a1d,function_transfer_time,1780474474.6916623,0.000127702
experiment_name,fa99a26a-44ea-4c4d-a730-9c75493c2a1d,function_transfer_time,1780474474.792922,0.000096421
experiment_name,fa99a26a-44ea-4c4d-a730-9c75493c2a1d,function_transfer_time,1780474474.8942494,0.000106472
experiment_name,fa99a26a-44ea-4c4d-a730-9c75493c2a1d,function_transfer_time,1780474474.995525,0.000042811
experiment_name,fa99a26a-44ea-4c4d-a730-9c75493c2a1d,function_transfer_time,1780474475.096897,0.000131795
experiment_name,fa99a26a-44ea-4c4d-a730-9c75493c2a1d,function_transfer_time,1780474475.198202,0.000032951
experiment_name,fa99a26a-44ea-4c4d-a730-9c75493c2a1d,function_transfer_time,1780474475.29955,0.000034665
experiment_name,fa99a26a-44ea-4c4d-a730-9c75493c2a1d,function_transfer_time,1780474475.4008527,0.000125068
experiment_name,fa99a26a-44ea-4c4d-a730-9c75493c2a1d,function_transfer_time,1780474475.5020144,0.000044001
experiment_name,fa99a26a-44ea-4c4d-a730-9c75493c2a1d,function_transfer_time,1780474475.603412,0.00011938
experiment_name,fa99a26a-44ea-4c4d-a730-9c75493c2a1d,function_transfer_time,1780474475.704753,0.00011766
experiment_name,fa99a26a-44ea-4c4d-a730-9c75493c2a1d,function_transfer_time,1780474475.806108,0.000143469
experiment_name,fa99a26a-44ea-4c4d-a730-9c75493c2a1d,function_transfer_time,1780474475.9074376,0.000128682
experiment_name,fa99a26a-44ea-4c4d-a730-9c75493c2a1d,function_transfer_time,1780474476.0087178,0.000095143
experiment_name,bf3a74b0-3b5d-4a54-b037-15a0fb37bb39,function_transfer_time,1780474471.0471494,0.000076909
experiment_name,bf3a74b0-3b5d-4a54-b037-15a0fb37bb39,function_transfer_time,1780474471.1484609,0.000084311
experiment_name,bf3a74b0-3b5d-4a54-b037-15a0fb37bb39,function_transfer_time,1780474471.2499533,0.000078665
experiment_name,bf3a74b0-3b5d-4a54-b037-15a0fb37bb39,function_transfer_time,1780474471.351242,0.000023302
experiment_name,bf3a74b0-3b5d-4a54-b037-15a0fb37bb39,function_transfer_time,1780474471.4525058,0.000023414
experiment_name,bf3a74b0-3b5d-4a54-b037-15a0fb37bb39,function_transfer_time,1780474471.5537944,0.000023739
experiment_name,bf3a74b0-3b5d-4a54-b037-15a0fb37bb39,function_transfer_time,1780474471.655044,0.000023038
experiment_name,bf3a74b0-3b5d-4a54-b037-15a0fb37bb39,function_transfer_time,1780474471.756391,0.000091242
experiment_name,bf3a74b0-3b5d-4a54-b037-15a0fb37bb39,function_transfer_time,1780474471.8577158,0.000085038
experiment_name,bf3a74b0-3b5d-4a54-b037-15a0fb37bb39,function_transfer_time,1780474471.9590297,0.000023024
experiment_name,bf3a74b0-3b5d-4a54-b037-15a0fb37bb39,function_transfer_time,1780474472.0603683,0.000075365
experiment_name,bf3a74b0-3b5d-4a54-b037-15a0fb37bb39,function_transfer_time,1780474472.1617067,0.000095538
experiment_name,bf3a74b0-3b5d-4a54-b037-15a0fb37bb39,function_transfer_time,1780474472.2630322,0.000020809
experiment_name,bf3a74b0-3b5d-4a54-b037-15a0fb37bb39,function_transfer_time,1780474472.3642867,0.000024905
experiment_name,bf3a74b0-3b5d-4a54-b037-15a0fb37bb39,function_transfer_time,1780474472.465736,0.000022085
experiment_name,bf3a74b0-3b5d-4a54-b037-15a0fb37bb39,function_transfer_time,1780474472.5670083,0.000020753
experiment_name,bf3a74b0-3b5d-4a54-b037-15a0fb37bb39,function_transfer_time,1780474472.6682537,0.000019197
experiment_name,bf3a74b0-3b5d-4a54-b037-15a0fb37bb39,function_transfer_time,1780474472.7695317,0.000020196
experiment_name,bf3a74b0-3b5d-4a54-b037-15a0fb37bb39,function_transfer_time,1780474472.8708205,0.000071481
experiment_name,bf3a74b0-3b5d-4a54-b037-15a0fb37bb39,function_transfer_time,1780474472.972147,0.00007948
experiment_name,bf3a74b0-3b5d-4a54-b037-15a0fb37bb39,function_transfer_time,1780474473.0734358,0.000074923
experiment_name,bf3a74b0-3b5d-4a54-b037-15a0fb37bb39,function_transfer_time,1780474473.1747525,0.000081106
experiment_name,bf3a74b0-3b5d-4a54-b037-15a0fb37bb39,function_transfer_time,1780474473.276169,0.000081835
experiment_name,bf3a74b0-3b5d-4a54-b037-15a0fb37bb39,function_transfer_time,1780474473.376494,0.00009193
experiment_name,bf3a74b0-3b5d-4a54-b037-15a0fb37bb39,function_transfer_time,1780474473.4777675,0.000020437
experiment_name,bf3a74b0-3b5d-4a54-b037-15a0fb37bb39,function_transfer_time,1780474473.5790823,0.000089691
experiment_name,bf3a74b0-3b5d-4a54-b037-15a0fb37bb39,function_transfer_time,1780474473.680333,0.000021984
experiment_name,bf3a74b0-3b5d-4a54-b037-15a0fb37bb39,function_transfer_time,1780474473.7816103,0.00007269
experiment_name,bf3a74b0-3b5d-4a54-b037-15a0fb37bb39,function_transfer_time,1780474473.8829188,0.000079403
experiment_name,bf3a74b0-3b5d-4a54-b037-15a0fb37bb39,function_transfer_time,1780474473.9843123,0.000073068
experiment_name,bf3a74b0-3b5d-4a54-b037-15a0fb37bb39,function_transfer_time,1780474474.0856514,0.000020968
experiment_name,bf3a74b0-3b5d-4a54-b037-15a0fb37bb39,function_transfer_time,1780474474.186928,0.00002449
experiment_name,bf3a74b0-3b5d-4a54-b037-15a0fb37bb39,function_transfer_time,1780474474.2882216,0.000018594
experiment_name,bf3a74b0-3b5d-4a54-b037-15a0fb37bb39,function_transfer_time,1780474474.3885372,0.000084498
experiment_name,bf3a74b0-3b5d-4a54-b037-15a0fb37bb39,function_transfer_time,1780474474.4898822,0.000079364
experiment_name,bf3a74b0-3b5d-4a54-b037-15a0fb37bb39,function_transfer_time,1780474474.5911365,0.000020383
experiment_name,bf3a74b0-3b5d-4a54-b037-15a0fb37bb39,function_transfer_time,1780474474.69148,0.000076404
experiment_name,bf3a74b0-3b5d-4a54-b037-15a0fb37bb39,function_transfer_time,1780474474.7927747,0.000075074
experiment_name,bf3a74b0-3b5d-4a54-b037-15a0fb37bb39,function_transfer_time,1780474474.8940907,0.000077323
experiment_name,bf3a74b0-3b5d-4a54-b037-15a0fb37bb39,function_transfer_time,1780474474.995385,0.000078792
experiment_name,bf3a74b0-3b5d-4a54-b037-15a0fb37bb39,function_transfer_time,1780474475.0967016,0.000081558
experiment_name,bf3a74b0-3b5d-4a54-b037-15a0fb37bb39,function_transfer_time,1780474475.1980486,0.000083913
experiment_name,bf3a74b0-3b5d-4a54-b037-15a0fb37bb39,function_transfer_time,1780474475.299394,0.000078242
experiment_name,bf3a74b0-3b5d-4a54-b037-15a0fb37bb39,function_transfer_time,1780474475.4006722,0.000022227
experiment_name,bf3a74b0-3b5d-4a54-b037-15a0fb37bb39,function_transfer_time,1780474475.5019205,0.000018057
experiment_name,bf3a74b0-3b5d-4a54-b037-15a0fb37bb39,function_transfer_time,1780474475.603239,0.000078799
experiment_name,bf3a74b0-3b5d-4a54-b037-15a0fb37bb39,function_transfer_time,1780474475.7045784,0.00008569
experiment_name,bf3a74b0-3b5d-4a54-b037-15a0fb37bb39,function_transfer_time,1780474475.8059063,0.000080698
experiment_name,bf3a74b0-3b5d-4a54-b037-15a0fb37bb39,function_transfer_time,1780474475.9072516,0.000080996
experiment_name,bf3a74b0-3b5d-4a54-b037-15a0fb37bb39,function_transfer_time,1780474476.0085573,0.000079023
experiment_name,bf3a74b0-3b5d-4a54-b037-15a0fb37bb39,function_execution_time,1780474476.109939,0.000071157
experiment_name,bf3a74b0-3b5d-4a54-b037-15a0fb37bb39,function_execution_time,1780474476.2113373,0.000158431
experiment_name,bf3a74b0-3b5d-4a54-b037-15a0fb37bb39,function_execution_time,1780474476.3115673,0.000078869
experiment_name,bf3a74b0-3b5d-4a54-b037-15a0fb37bb39,function_execution_time,1780474476.4129567,0.000078732
experiment_name,bf3a74b0-3b5d-4a54-b037-15a0fb37bb39,function_execution_time,1780474476.5141413,0.00006723
experiment_name,bf3a74b0-3b5d-4a54-b037-15a0fb37bb39,function_execution_time,1780474476.6154149,0.00006865
experiment_name,bf3a74b0-3b5d-4a54-b037-15a0fb37bb39,function_execution_time,1780474476.716736,0.00008236
experiment_name,bf3a74b0-3b5d-4a54-b037-15a0fb37bb39,function_execution_time,1780474476.8180597,0.000080378
experiment_name,bf3a74b0-3b5d-4a54-b037-15a0fb37bb39,function_execution_time,1780474476.9192657,0.000045472
experiment_name,bf3a74b0-3b5d-4a54-b037-15a0fb37bb39,function_execution_time,1780474477.0195138,0.000057533
experiment_name,bf3a74b0-3b5d-4a54-b037-15a0fb37bb39,function_execution_time,1780474477.120779,0.000071541
experiment_name,bf3a74b0-3b5d-4a54-b037-15a0fb37bb39,function_execution_time,1780474477.2220943,0.000149736
experiment_name,bf3a74b0-3b5d-4a54-b037-15a0fb37bb39,function_execution_time,1780474477.3233385,0.000068212
experiment_name,bf3a74b0-3b5d-4a54-b037-15a0fb37bb39,function_execution_time,1780474477.4245954,0.000078565
experiment_name,bf3a74b0-3b5d-4a54-b037-15a0fb37bb39,function_execution_time,1780474477.5258482,0.000068349
experiment_name,bf3a74b0-3b5d-4a54-b037-15a0fb37bb39,function_execution_time,1780474477.6271214,0.000076809
experiment_name,bf3a74b0-3b5d-4a54-b037-15a0fb37bb39,function_execution_time,1780474477.7283814,0.00007931
experiment_name,bf3a74b0-3b5d-4a54-b037-15a0fb37bb39,function_execution_time,1780474477.8296618,0.000068951
experiment_name,bf3a74b0-3b5d-4a54-b037-15a0fb37bb39,function_execution_time,1780474477.9309056,0.000071292
experiment_name,bf3a74b0-3b5d-4a54-b037-15a0fb37bb39,function_execution_time,1780474478.0322397,0.000073732
experiment_name,bf3a74b0-3b5d-4a54-b037-15a0fb37bb39,function_execution_time,1780474478.1335618,0.00009429
experiment_name,bf3a74b0-3b5d-4a54-b037-15a0fb37bb39,function_execution_time,1780474478.2348163,0.000132648
experiment_name,bf3a74b0-3b5d-4a54-b037-15a0fb37bb39,function_execution_time,1780474478.336072,0.0000679
experiment_name,bf3a74b0-3b5d-4a54-b037-15a0fb37bb39,function_execution_time,1780474478.4375546,0.000096376
experiment_name,bf3a74b0-3b5d-4a54-b037-15a0fb37bb39,function_execution_time,1780474478.5387468,0.000070047
experiment_name,bf3a74b0-3b5d-4a54-b037-15a0fb37bb39,function_execution_time,1780474478.6400723,0.00008258
experiment_name,bf3a74b0-3b5d-4a54-b037-15a0fb37bb39,function_execution_time,1780474478.7413056,0.00008109
experiment_name,bf3a74b0-3b5d-4a54-b037-15a0fb37bb39,function_execution_time,1780474478.8426366,0.000073674
experiment_name,bf3a74b0-3b5d-4a54-b037-15a0fb37bb39,function_execution_time,1780474478.9439518,0.000078494
experiment_name,bf3a74b0-3b5d-4a54-b037-15a0fb37bb39,function_execution_time,1780474479.0452569,0.000072429
experiment_name,bf3a74b0-3b5d-4a54-b037-15a0fb37bb39,function_execution_time,1780474479.145504,0.000081033
experiment_name,bf3a74b0-3b5d-4a54-b037-15a0fb37bb39,function_execution_time,1780474479.2469044,0.000141957
experiment_name,bf3a74b0-3b5d-4a54-b037-15a0fb37bb39,function_execution_time,1780474479.3482223,0.000072632
experiment_name,bf3a74b0-3b5d-4a54-b037-15a0fb37bb39,function_execution_time,1780474479.4495432,0.0000993
experiment_name,bf3a74b0-3b5d-4a54-b037-15a0fb37bb39,function_execution_time,1780474479.5508037,0.000071204
experiment_name,bf3a74b0-3b5d-4a54-b037-15a0fb37bb39,function_execution_time,1780474479.652089,0.000091406
experiment_name,bf3a74b0-3b5d-4a54-b037-15a0fb37bb39,function_execution_time,1780474479.7533276,0.000052319
experiment_name,bf3a74b0-3b5d-4a54-b037-15a0fb37bb39,function_execution_time,1780474479.8546393,0.000086879
experiment_name,bf3a74b0-3b5d-4a54-b037-15a0fb37bb39,function_execution_time,1780474479.9559133,0.000080643
experiment_name,bf3a74b0-3b5d-4a54-b037-15a0fb37bb39,function_execution_time,1780474480.0572097,0.000070862
experiment_name,bf3a74b0-3b5d-4a54-b037-15a0fb37bb39,function_execution_time,1780474480.1586027,0.000087192
experiment_name,bf3a74b0-3b5d-4a54-b037-15a0fb37bb39,function_execution_time,1780474480.259919,0.000140102
experiment_name,bf3a74b0-3b5d-4a54-b037-15a0fb37bb39,function_execution_time,1780474480.3612065,0.00006989
experiment_name,bf3a74b0-3b5d-4a54-b037-15a0fb37bb39,function_execution_time,1780474480.462545,0.000088466
experiment_name,bf3a74b0-3b5d-4a54-b037-15a0fb37bb39,function_execution_time,1780474480.563786,0.000081356
experiment_name,bf3a74b0-3b5d-4a54-b037-15a0fb37bb39,function_execution_time,1780474480.6651082,0.000071505
experiment_name,bf3a74b0-3b5d-4a54-b037-15a0fb37bb39,function_execution_time,1780474480.766447,0.000072908
experiment_name,bf3a74b0-3b5d-4a54-b037-15a0fb37bb39,function_execution_time,1780474480.8677075,0.000082438
experiment_name,bf3a74b0-3b5d-4a54-b037-15a0fb37bb39,function_execution_time,1780474480.9691012,0.000083928
experiment_name,fa99a26a-44ea-4c4d-a730-9c75493c2a1d,function_execution_time,1780474476.1100953,0.000058326
experiment_name,fa99a26a-44ea-4c4d-a730-9c75493c2a1d,function_execution_time,1780474476.211397,0.000062027
experiment_name,fa99a26a-44ea-4c4d-a730-9c75493c2a1d,function_execution_time,1780474476.3117232,0.0000587
experiment_name,fa99a26a-44ea-4c4d-a730-9c75493c2a1d,function_execution_time,1780474476.413061,0.000059878
experiment_name,fa99a26a-44ea-4c4d-a730-9c75493c2a1d,function_execution_time,1780474476.5142434,0.000065276
experiment_name,fa99a26a-44ea-4c4d-a730-9c75493c2a1d,function_execution_time,1780474476.6155725,0.000055739
experiment_name,fa99a26a-44ea-4c4d-a730-9c75493c2a1d,function_execution_time,1780474476.7167404,0.000060905
experiment_name,fa99a26a-44ea-4c4d-a730-9c75493c2a1d,function_execution_time,1780474476.8180614,0.000061396
experiment_name,fa99a26a-44ea-4c4d-a730-9c75493c2a1d,function_execution_time,1780474476.9194524,0.000075987
experiment_name,fa99a26a-44ea-4c4d-a730-9c75493c2a1d,function_execution_time,1780474477.0196517,0.000056475
experiment_name,fa99a26a-44ea-4c4d-a730-9c75493c2a1d,function_execution_time,1780474477.12093,0.00006106
experiment_name,fa99a26a-44ea-4c4d-a730-9c75493c2a1d,function_execution_time,1780474477.2221513,0.000058741
experiment_name,fa99a26a-44ea-4c4d-a730-9c75493c2a1d,function_execution_time,1780474477.323493,0.000081029
experiment_name,fa99a26a-44ea-4c4d-a730-9c75493c2a1d,function_execution_time,1780474477.4247649,0.000058716
experiment_name,fa99a26a-44ea-4c4d-a730-9c75493c2a1d,function_execution_time,1780474477.5260174,0.000058498
experiment_name,fa99a26a-44ea-4c4d-a730-9c75493c2a1d,function_execution_time,1780474477.6272051,0.000057804
experiment_name,fa99a26a-44ea-4c4d-a730-9c75493c2a1d,function_execution_time,1780474477.7284708,0.000066559
experiment_name,fa99a26a-44ea-4c4d-a730-9c75493c2a1d,function_execution_time,1780474477.8298318,0.000068192
experiment_name,fa99a26a-44ea-4c4d-a730-9c75493c2a1d,function_execution_time,1780474477.9309876,0.000057052
experiment_name,fa99a26a-44ea-4c4d-a730-9c75493c2a1d,function_execution_time,1780474478.0323284,0.000065118
experiment_name,fa99a26a-44ea-4c4d-a730-9c75493c2a1d,function_execution_time,1780474478.1336365,0.000055447
experiment_name,fa99a26a-44ea-4c4d-a730-9c75493c2a1d,function_execution_time,1780474478.2348797,0.0000661
experiment_name,fa99a26a-44ea-4c4d-a730-9c75493c2a1d,function_execution_time,1780474478.3362322,0.000055406
experiment_name,fa99a26a-44ea-4c4d-a730-9c75493c2a1d,function_execution_time,1780474478.4375584,0.000056801
experiment_name,fa99a26a-44ea-4c4d-a730-9c75493c2a1d,function_execution_time,1780474478.538826,0.000055177
experiment_name,fa99a26a-44ea-4c4d-a730-9c75493c2a1d,function_execution_time,1780474478.6401882,0.000057984
experiment_name,fa99a26a-44ea-4c4d-a730-9c75493c2a1d,function_execution_time,1780474478.7414742,0.000077959
experiment_name,fa99a26a-44ea-4c4d-a730-9c75493c2a1d,function_execution_time,1780474478.842797,0.000055523
experiment_name,fa99a26a-44ea-4c4d-a730-9c75493c2a1d,function_execution_time,1780474478.9440892,0.000060942
experiment_name,fa99a26a-44ea-4c4d-a730-9c75493c2a1d,function_execution_time,1780474479.0453424,0.0000601
experiment_name,fa99a26a-44ea-4c4d-a730-9c75493c2a1d,function_execution_time,1780474479.1455889,0.000046211
experiment_name,fa99a26a-44ea-4c4d-a730-9c75493c2a1d,function_execution_time,1780474479.2469554,0.000054436
experiment_name,fa99a26a-44ea-4c4d-a730-9c75493c2a1d,function_execution_time,1780474479.3483758,0.00005847
experiment_name,fa99a26a-44ea-4c4d-a730-9c75493c2a1d,function_execution_time,1780474479.4496439,0.00006479
experiment_name,fa99a26a-44ea-4c4d-a730-9c75493c2a1d,function_execution_time,1780474479.5508854,0.000055429
experiment_name,fa99a26a-44ea-4c4d-a730-9c75493c2a1d,function_execution_time,1780474479.6521554,0.000061737
experiment_name,fa99a26a-44ea-4c4d-a730-9c75493c2a1d,function_execution_time,1780474479.7535045,0.000079228
experiment_name,fa99a26a-44ea-4c4d-a730-9c75493c2a1d,function_execution_time,1780474479.8548284,0.00007664
experiment_name,fa99a26a-44ea-4c4d-a730-9c75493c2a1d,function_execution_time,1780474479.9560144,0.000062844
experiment_name,fa99a26a-44ea-4c4d-a730-9c75493c2a1d,function_execution_time,1780474480.0573843,0.000061701
experiment_name,fa99a26a-44ea-4c4d-a730-9c75493c2a1d,function_execution_time,1780474480.158604,0.000058043
experiment_name,fa99a26a-44ea-4c4d-a730-9c75493c2a1d,function_execution_time,1780474480.2599747,0.000057057
experiment_name,fa99a26a-44ea-4c4d-a730-9c75493c2a1d,function_execution_time,1780474480.3613915,0.0000685
experiment_name,fa99a26a-44ea-4c4d-a730-9c75493c2a1d,function_execution_time,1780474480.462631,0.000054998
experiment_name,fa99a26a-44ea-4c4d-a730-9c75493c2a1d,function_execution_time,1780474480.5639484,0.00005637
experiment_name,fa99a26a-44ea-4c4d-a730-9c75493c2a1d,function_execution_time,1780474480.6652675,0.000060185
experiment_name,fa99a26a-44ea-4c4d-a730-9c75493c2a1d,function_execution_time,1780474480.7666059,0.000068509
experiment_name,fa99a26a-44ea-4c4d-a730-9c75493c2a1d,function_execution_time,1780474480.8677962,0.000062837
experiment_name,fa99a26a-44ea-4c4d-a730-9c75493c2a1d,function_execution_time,1780474480.9691927,0.000055578
experiment_name,bf3a74b0-3b5d-4a54-b037-15a0fb37bb39,function_transfer_time,1780474476.1098535,0.000079633
experiment_name,bf3a74b0-3b5d-4a54-b037-15a0fb37bb39,function_transfer_time,1780474476.211169,0.00008294
experiment_name,bf3a74b0-3b5d-4a54-b037-15a0fb37bb39,function_transfer_time,1780474476.3114846,0.000020455
experiment_name,bf3a74b0-3b5d-4a54-b037-15a0fb37bb39,function_transfer_time,1780474476.41283,0.000081198
experiment_name,bf3a74b0-3b5d-4a54-b037-15a0fb37bb39,function_transfer_time,1780474476.5140555,0.00001786
experiment_name,bf3a74b0-3b5d-4a54-b037-15a0fb37bb39,function_transfer_time,1780474476.615334,0.000021432
experiment_name,bf3a74b0-3b5d-4a54-b037-15a0fb37bb39,function_transfer_time,1780474476.7165866,0.000023486
experiment_name,bf3a74b0-3b5d-4a54-b037-15a0fb37bb39,function_transfer_time,1780474476.8179204,0.000021477
experiment_name,bf3a74b0-3b5d-4a54-b037-15a0fb37bb39,function_transfer_time,1780474476.9191825,0.000016556
experiment_name,bf3a74b0-3b5d-4a54-b037-15a0fb37bb39,function_transfer_time,1780474477.019437,0.000014879
experiment_name,bf3a74b0-3b5d-4a54-b037-15a0fb37bb39,function_transfer_time,1780474477.1207016,0.000019947
experiment_name,bf3a74b0-3b5d-4a54-b037-15a0fb37bb39,function_transfer_time,1780474477.2219374,0.0000205
experiment_name,bf3a74b0-3b5d-4a54-b037-15a0fb37bb39,function_transfer_time,1780474477.3232582,0.00002041
experiment_name,bf3a74b0-3b5d-4a54-b037-15a0fb37bb39,function_transfer_time,1780474477.4245112,0.000021458
experiment_name,bf3a74b0-3b5d-4a54-b037-15a0fb37bb39,function_transfer_time,1780474477.5257688,0.000017189
experiment_name,bf3a74b0-3b5d-4a54-b037-15a0fb37bb39,function_transfer_time,1780474477.6270447,0.000022258
experiment_name,bf3a74b0-3b5d-4a54-b037-15a0fb37bb39,function_transfer_time,1780474477.7283008,0.000022924
experiment_name,bf3a74b0-3b5d-4a54-b037-15a0fb37bb39,function_transfer_time,1780474477.8295825,0.000020168
experiment_name,bf3a74b0-3b5d-4a54-b037-15a0fb37bb39,function_transfer_time,1780474477.9308267,0.000020101
experiment_name,bf3a74b0-3b5d-4a54-b037-15a0fb37bb39,function_transfer_time,1780474478.0321515,0.000080474
experiment_name,bf3a74b0-3b5d-4a54-b037-15a0fb37bb39,function_transfer_time,1780474478.1334147,0.000022201
experiment_name,bf3a74b0-3b5d-4a54-b037-15a0fb37bb39,function_transfer_time,1780474478.2346747,0.000024454
experiment_name,bf3a74b0-3b5d-4a54-b037-15a0fb37bb39,function_transfer_time,1780474478.3360686,0.000017664
experiment_name,bf3a74b0-3b5d-4a54-b037-15a0fb37bb39,function_transfer_time,1780474478.4373975,0.000020783
experiment_name,bf3a74b0-3b5d-4a54-b037-15a0fb37bb39,function_transfer_time,1780474478.538671,0.000022158
experiment_name,bf3a74b0-3b5d-4a54-b037-15a0fb37bb39,function_transfer_time,1780474478.639985,0.000082938
experiment_name,bf3a74b0-3b5d-4a54-b037-15a0fb37bb39,function_transfer_time,1780474478.7412264,0.000024742
experiment_name,bf3a74b0-3b5d-4a54-b037-15a0fb37bb39,function_transfer_time,1780474478.8425615,0.000074842
experiment_name,bf3a74b0-3b5d-4a54-b037-15a0fb37bb39,function_transfer_time,1780474478.943869,0.000079954
experiment_name,bf3a74b0-3b5d-4a54-b037-15a0fb37bb39,function_transfer_time,1780474479.0451865,0.000082588
experiment_name,bf3a74b0-3b5d-4a54-b037-15a0fb37bb39,function_transfer_time,1780474479.1454206,0.000021632
experiment_name,bf3a74b0-3b5d-4a54-b037-15a0fb37bb39,function_transfer_time,1780474479.2467537,0.000077874
experiment_name,bf3a74b0-3b5d-4a54-b037-15a0fb37bb39,function_transfer_time,1780474479.3481357,0.000023632
experiment_name,bf3a74b0-3b5d-4a54-b037-15a0fb37bb39,function_transfer_time,1780474479.449396,0.000022242
experiment_name,bf3a74b0-3b5d-4a54-b037-15a0fb37bb39,function_transfer_time,1780474479.550723,0.000081139
experiment_name,bf3a74b0-3b5d-4a54-b037-15a0fb37bb39,function_transfer_time,1780474479.6519916,0.000028692
experiment_name,bf3a74b0-3b5d-4a54-b037-15a0fb37bb39,function_transfer_time,1780474479.7532475,0.000017132
experiment_name,bf3a74b0-3b5d-4a54-b037-15a0fb37bb39,function_transfer_time,1780474479.854555,0.00008311
experiment_name,bf3a74b0-3b5d-4a54-b037-15a0fb37bb39,function_transfer_time,1780474479.9559107,0.000024794
experiment_name,bf3a74b0-3b5d-4a54-b037-15a0fb37bb39,function_transfer_time,1780474480.0571213,0.000022576
experiment_name,bf3a74b0-3b5d-4a54-b037-15a0fb37bb39,function_transfer_time,1780474480.1584535,0.000090998
experiment_name,bf3a74b0-3b5d-4a54-b037-15a0fb37bb39,function_transfer_time,1780474480.2597704,0.000085292
experiment_name,bf3a74b0-3b5d-4a54-b037-15a0fb37bb39,function_transfer_time,1780474480.3611252,0.000088807
experiment_name,bf3a74b0-3b5d-4a54-b037-15a0fb37bb39,function_transfer_time,1780474480.4623926,0.000021376
experiment_name,bf3a74b0-3b5d-4a54-b037-15a0fb37bb39,function_transfer_time,1780474480.5637052,0.000073712
experiment_name,bf3a74b0-3b5d-4a54-b037-15a0fb37bb39,function_transfer_time,1780474480.6650238,0.000083204
experiment_name,bf3a74b0-3b5d-4a54-b037-15a0fb37bb39,function_transfer_time,1780474480.76636,0.000081495
experiment_name,bf3a74b0-3b5d-4a54-b037-15a0fb37bb39,function_transfer_time,1780474480.8676188,0.000022867
experiment_name,bf3a74b0-3b5d-4a54-b037-15a0fb37bb39,function_transfer_time,1780474480.968961,0.000080093
experiment_name,fa99a26a-44ea-4c4d-a730-9c75493c2a1d,function_transfer_time,1780474476.1100366,0.000128411
experiment_name,fa99a26a-44ea-4c4d-a730-9c75493c2a1d,function_transfer_time,1780474476.2113347,0.00003497
experiment_name,fa99a26a-44ea-4c4d-a730-9c75493c2a1d,function_transfer_time,1780474476.3116636,0.000124443
experiment_name,fa99a26a-44ea-4c4d-a730-9c75493c2a1d,function_transfer_time,1780474476.4129963,0.000114567
experiment_name,fa99a26a-44ea-4c4d-a730-9c75493c2a1d,function_transfer_time,1780474476.5142388,0.000053022
experiment_name,fa99a26a-44ea-4c4d-a730-9c75493c2a1d,function_transfer_time,1780474476.6155162,0.000127846
experiment_name,fa99a26a-44ea-4c4d-a730-9c75493c2a1d,function_transfer_time,1780474476.7167392,0.000039581
experiment_name,fa99a26a-44ea-4c4d-a730-9c75493c2a1d,function_transfer_time,1780474476.818056,0.00003038
experiment_name,fa99a26a-44ea-4c4d-a730-9c75493c2a1d,function_transfer_time,1780474476.9193752,0.000157521
experiment_name,fa99a26a-44ea-4c4d-a730-9c75493c2a1d,function_transfer_time,1780474477.0195918,0.000120431
experiment_name,fa99a26a-44ea-4c4d-a730-9c75493c2a1d,function_transfer_time,1780474477.120864,0.000111488
experiment_name,fa99a26a-44ea-4c4d-a730-9c75493c2a1d,function_transfer_time,1780474477.2220917,0.000029569
experiment_name,fa99a26a-44ea-4c4d-a730-9c75493c2a1d,function_transfer_time,1780474477.3234253,0.000096812
experiment_name,fa99a26a-44ea-4c4d-a730-9c75493c2a1d,function_transfer_time,1780474477.4247055,0.000130681
experiment_name,fa99a26a-44ea-4c4d-a730-9c75493c2a1d,function_transfer_time,1780474477.5259583,0.000135322
experiment_name,fa99a26a-44ea-4c4d-a730-9c75493c2a1d,function_transfer_time,1780474477.6271458,0.000043592
experiment_name,fa99a26a-44ea-4c4d-a730-9c75493c2a1d,function_transfer_time,1780474477.7284544,0.000048017
experiment_name,fa99a26a-44ea-4c4d-a730-9c75493c2a1d,function_transfer_time,1780474477.8297627,0.000124921
experiment_name,fa99a26a-44ea-4c4d-a730-9c75493c2a1d,function_transfer_time,1780474477.930985,0.000047913
experiment_name,fa99a26a-44ea-4c4d-a730-9c75493c2a1d,function_transfer_time,1780474478.0323136,0.000055096
experiment_name,fa99a26a-44ea-4c4d-a730-9c75493c2a1d,function_transfer_time,1780474478.1335733,0.000089441
experiment_name,fa99a26a-44ea-4c4d-a730-9c75493c2a1d,function_transfer_time,1780474478.2348132,0.000033718
experiment_name,fa99a26a-44ea-4c4d-a730-9c75493c2a1d,function_transfer_time,1780474478.3361773,0.000150583
experiment_name,fa99a26a-44ea-4c4d-a730-9c75493c2a1d,function_transfer_time,1780474478.4375575,0.000031901
experiment_name,fa99a26a-44ea-4c4d-a730-9c75493c2a1d,function_transfer_time,1780474478.53877,0.00004567
experiment_name,fa99a26a-44ea-4c4d-a730-9c75493c2a1d,function_transfer_time,1780474478.6401234,0.000087495
experiment_name,fa99a26a-44ea-4c4d-a730-9c75493c2a1d,function_transfer_time,1780474478.7413905,0.000108507
experiment_name,fa99a26a-44ea-4c4d-a730-9c75493c2a1d,function_transfer_time,1780474478.842736,0.000119652
experiment_name,fa99a26a-44ea-4c4d-a730-9c75493c2a1d,function_transfer_time,1780474478.9440212,0.000101162
experiment_name,fa99a26a-44ea-4c4d-a730-9c75493c2a1d,function_transfer_time,1780474479.045326,0.000041478
experiment_name,fa99a26a-44ea-4c4d-a730-9c75493c2a1d,function_transfer_time,1780474479.1455853,0.000046796
experiment_name,fa99a26a-44ea-4c4d-a730-9c75493c2a1d,function_transfer_time,1780474479.2469018,0.000030659
experiment_name,fa99a26a-44ea-4c4d-a730-9c75493c2a1d,function_transfer_time,1780474479.3483162,0.000123913
experiment_name,fa99a26a-44ea-4c4d-a730-9c75493c2a1d,function_transfer_time,1780474479.4495745,0.000111097
experiment_name,fa99a26a-44ea-4c4d-a730-9c75493c2a1d,function_transfer_time,1780474479.5508287,0.000049212
experiment_name,fa99a26a-44ea-4c4d-a730-9c75493c2a1d,function_transfer_time,1780474479.652092,0.000042364
experiment_name,fa99a26a-44ea-4c4d-a730-9c75493c2a1d,function_transfer_time,1780474479.7534168,0.000132601
experiment_name,fa99a26a-44ea-4c4d-a730-9c75493c2a1d,function_transfer_time,1780474479.8547509,0.000127177
experiment_name,fa99a26a-44ea-4c4d-a730-9c75493c2a1d,function_transfer_time,1780474479.9559503,0.000058663
experiment_name,fa99a26a-44ea-4c4d-a730-9c75493c2a1d,function_transfer_time,1780474480.0573227,0.000143825
experiment_name,fa99a26a-44ea-4c4d-a730-9c75493c2a1d,function_transfer_time,1780474480.1585994,0.000030187
experiment_name,fa99a26a-44ea-4c4d-a730-9c75493c2a1d,function_transfer_time,1780474480.2599163,0.000030223
experiment_name,fa99a26a-44ea-4c4d-a730-9c75493c2a1d,function_transfer_time,1780474480.361322,0.000142918
experiment_name,fa99a26a-44ea-4c4d-a730-9c75493c2a1d,function_transfer_time,1780474480.4625692,0.000113447
experiment_name,fa99a26a-44ea-4c4d-a730-9c75493c2a1d,function_transfer_time,1780474480.5638912,0.000123259
experiment_name,fa99a26a-44ea-4c4d-a730-9c75493c2a1d,function_transfer_time,1780474480.6652067,0.000127375
experiment_name,fa99a26a-44ea-4c4d-a730-9c75493c2a1d,function_transfer_time,1780474480.7665389,0.000119171
experiment_name,fa99a26a-44ea-4c4d-a730-9c75493c2a1d,function_transfer_time,1780474480.8677802,0.00005727
experiment_name,fa99a26a-44ea-4c4d-a730-9c75493c2a1d,function_transfer_time,1780474480.9691305,0.000117329
experiment_name,fa99a26a-44ea-4c4d-a730-9c75493c2a1d,function_execution_time,1780474481.0700445,0.000061938
experiment_name,fa99a26a-44ea-4c4d-a730-9c75493c2a1d,function_execution_time,1780474481.1713457,0.000066886
experiment_name,fa99a26a-44ea-4c4d-a730-9c75493c2a1d,function_execution_time,1780474481.272617,0.000058217
experiment_name,fa99a26a-44ea-4c4d-a730-9c75493c2a1d,function_execution_time,1780474481.3739307,0.00005865
experiment_name,fa99a26a-44ea-4c4d-a730-9c75493c2a1d,function_execution_time,1780474481.4753275,0.000055166
experiment_name,fa99a26a-44ea-4c4d-a730-9c75493c2a1d,function_execution_time,1780474481.576636,0.000058481
experiment_name,fa99a26a-44ea-4c4d-a730-9c75493c2a1d,function_execution_time,1780474481.6779895,0.000063441
experiment_name,fa99a26a-44ea-4c4d-a730-9c75493c2a1d,function_execution_time,1780474481.7793016,0.000059447
experiment_name,fa99a26a-44ea-4c4d-a730-9c75493c2a1d,function_execution_time,1780474481.88054,0.000057609
experiment_name,fa99a26a-44ea-4c4d-a730-9c75493c2a1d,function_execution_time,1780474481.981869,0.000054991
experiment_name,fa99a26a-44ea-4c4d-a730-9c75493c2a1d,function_execution_time,1780474482.083056,0.000067106
experiment_name,fa99a26a-44ea-4c4d-a730-9c75493c2a1d,function_execution_time,1780474482.1844482,0.000065894
experiment_name,fa99a26a-44ea-4c4d-a730-9c75493c2a1d,function_execution_time,1780474482.284689,0.000057408
experiment_name,fa99a26a-44ea-4c4d-a730-9c75493c2a1d,function_execution_time,1780474482.3860748,0.00005796
experiment_name,fa99a26a-44ea-4c4d-a730-9c75493c2a1d,function_execution_time,1780474482.4875197,0.000058793
experiment_name,fa99a26a-44ea-4c4d-a730-9c75493c2a1d,function_execution_time,1780474482.5888252,0.000068259
experiment_name,fa99a26a-44ea-4c4d-a730-9c75493c2a1d,function_execution_time,1780474482.6900856,0.000055092
experiment_name,fa99a26a-44ea-4c4d-a730-9c75493c2a1d,function_execution_time,1780474482.7913191,0.000056209
experiment_name,fa99a26a-44ea-4c4d-a730-9c75493c2a1d,function_execution_time,1780474482.8925846,0.000064877
experiment_name,fa99a26a-44ea-4c4d-a730-9c75493c2a1d,function_execution_time,1780474482.9939797,0.000063115
experiment_name,fa99a26a-44ea-4c4d-a730-9c75493c2a1d,function_execution_time,1780474483.0952926,0.000059654
experiment_name,fa99a26a-44ea-4c4d-a730-9c75493c2a1d,function_execution_time,1780474483.1966252,0.000055236
experiment_name,fa99a26a-44ea-4c4d-a730-9c75493c2a1d,function_execution_time,1780474483.2978303,0.000073332
experiment_name,fa99a26a-44ea-4c4d-a730-9c75493c2a1d,function_execution_time,1780474483.3991475,0.000064048
experiment_name,fa99a26a-44ea-4c4d-a730-9c75493c2a1d,function_execution_time,1780474483.5004609,0.000075465
experiment_name,fa99a26a-44ea-4c4d-a730-9c75493c2a1d,function_execution_time,1780474483.600627,0.00005841
experiment_name,fa99a26a-44ea-4c4d-a730-9c75493c2a1d,function_execution_time,1780474483.7019117,0.000055509
experiment_name,fa99a26a-44ea-4c4d-a730-9c75493c2a1d,function_execution_time,1780474483.803173,0.000054954
experiment_name,fa99a26a-44ea-4c4d-a730-9c75493c2a1d,function_execution_time,1780474483.904537,0.000066667
experiment_name,fa99a26a-44ea-4c4d-a730-9c75493c2a1d,function_execution_time,1780474484.0057707,0.000058448
experiment_name,fa99a26a-44ea-4c4d-a730-9c75493c2a1d,function_execution_time,1780474484.1071208,0.000058355
experiment_name,fa99a26a-44ea-4c4d-a730-9c75493c2a1d,function_execution_time,1780474484.2083647,0.000057014
experiment_name,fa99a26a-44ea-4c4d-a730-9c75493c2a1d,function_execution_time,1780474484.3096154,0.00006521
experiment_name,fa99a26a-44ea-4c4d-a730-9c75493c2a1d,function_execution_time,1780474484.410894,0.000063863
experiment_name,fa99a26a-44ea-4c4d-a730-9c75493c2a1d,function_execution_time,1780474484.5121734,0.000055938
experiment_name,fa99a26a-44ea-4c4d-a730-9c75493c2a1d,function_execution_time,1780474484.6134608,0.000068032
experiment_name,fa99a26a-44ea-4c4d-a730-9c75493c2a1d,function_execution_time,1780474484.714757,0.000056469
experiment_name,fa99a26a-44ea-4c4d-a730-9c75493c2a1d,function_execution_time,1780474484.8160644,0.000089304
experiment_name,fa99a26a-44ea-4c4d-a730-9c75493c2a1d,function_execution_time,1780474484.9174423,0.000056581
experiment_name,fa99a26a-44ea-4c4d-a730-9c75493c2a1d,function_execution_time,1780474485.0177534,0.00005626
experiment_name,fa99a26a-44ea-4c4d-a730-9c75493c2a1d,function_execution_time,1780474485.119086,0.000055997
experiment_name,fa99a26a-44ea-4c4d-a730-9c75493c2a1d,function_execution_time,1780474485.2203364,0.00006922
experiment_name,fa99a26a-44ea-4c4d-a730-9c75493c2a1d,function_execution_time,1780474485.3207033,0.00005627
experiment_name,fa99a26a-44ea-4c4d-a730-9c75493c2a1d,function_execution_time,1780474485.4220278,0.000068505
experiment_name,fa99a26a-44ea-4c4d-a730-9c75493c2a1d,function_execution_time,1780474485.5232904,0.000058649
experiment_name,fa99a26a-44ea-4c4d-a730-9c75493c2a1d,function_execution_time,1780474485.623635,0.000063586
experiment_name,fa99a26a-44ea-4c4d-a730-9c75493c2a1d,function_execution_time,1780474485.7250178,0.000064641
experiment_name,fa99a26a-44ea-4c4d-a730-9c75493c2a1d,function_execution_time,1780474485.8263483,0.00005908
experiment_name,fa99a26a-44ea-4c4d-a730-9c75493c2a1d,function_execution_time,1780474485.9276006,0.000056242
experiment_name,bf3a74b0-3b5d-4a54-b037-15a0fb37bb39,function_execution_time,1780474481.0698783,0.000073863
experiment_name,bf3a74b0-3b5d-4a54-b037-15a0fb37bb39,function_execution_time,1780474481.171205,0.000079971
experiment_name,bf3a74b0-3b5d-4a54-b037-15a0fb37bb39,function_execution_time,1780474481.272557,0.000164758
experiment_name,bf3a74b0-3b5d-4a54-b037-15a0fb37bb39,function_execution_time,1780474481.3738499,0.000072223
experiment_name,bf3a74b0-3b5d-4a54-b037-15a0fb37bb39,function_execution_time,1780474481.4751868,0.000070626
experiment_name,bf3a74b0-3b5d-4a54-b037-15a0fb37bb39,function_execution_time,1780474481.576514,0.000102934
experiment_name,bf3a74b0-3b5d-4a54-b037-15a0fb37bb39,function_execution_time,1780474481.6778202,0.000071439
experiment_name,bf3a74b0-3b5d-4a54-b037-15a0fb37bb39,function_execution_time,1780474481.7791405,0.000075379
experiment_name,bf3a74b0-3b5d-4a54-b037-15a0fb37bb39,function_execution_time,1780474481.8805377,0.00010019
experiment_name,bf3a74b0-3b5d-4a54-b037-15a0fb37bb39,function_execution_time,1780474481.9817324,0.000069571
experiment_name,bf3a74b0-3b5d-4a54-b037-15a0fb37bb39,function_execution_time,1780474482.0830362,0.000078291
experiment_name,bf3a74b0-3b5d-4a54-b037-15a0fb37bb39,function_execution_time,1780474482.1843011,0.000069273
experiment_name,bf3a74b0-3b5d-4a54-b037-15a0fb37bb39,function_execution_time,1780474482.2846293,0.000154102
experiment_name,bf3a74b0-3b5d-4a54-b037-15a0fb37bb39,function_execution_time,1780474482.3860705,0.000077098
experiment_name,bf3a74b0-3b5d-4a54-b037-15a0fb37bb39,function_execution_time,1780474482.4873366,0.000072601
experiment_name,bf3a74b0-3b5d-4a54-b037-15a0fb37bb39,function_execution_time,1780474482.5886557,0.000081983
experiment_name,bf3a74b0-3b5d-4a54-b037-15a0fb37bb39,function_execution_time,1780474482.689926,0.00007222
experiment_name,bf3a74b0-3b5d-4a54-b037-15a0fb37bb39,function_execution_time,1780474482.7911716,0.000072079
experiment_name,bf3a74b0-3b5d-4a54-b037-15a0fb37bb39,function_execution_time,1780474482.892571,0.000098279
experiment_name,bf3a74b0-3b5d-4a54-b037-15a0fb37bb39,function_execution_time,1780474482.9938164,0.000080973
experiment_name,bf3a74b0-3b5d-4a54-b037-15a0fb37bb39,function_execution_time,1780474483.0951204,0.000074033
experiment_name,bf3a74b0-3b5d-4a54-b037-15a0fb37bb39,function_execution_time,1780474483.1965418,0.000093998
experiment_name,bf3a74b0-3b5d-4a54-b037-15a0fb37bb39,function_execution_time,1780474483.297795,0.000154584
experiment_name,bf3a74b0-3b5d-4a54-b037-15a0fb37bb39,function_execution_time,1780474483.3991272,0.000082764
experiment_name,bf3a74b0-3b5d-4a54-b037-15a0fb37bb39,function_execution_time,1780474483.5003016,0.000072665
experiment_name,bf3a74b0-3b5d-4a54-b037-15a0fb37bb39,function_execution_time,1780474483.600623,0.000083424
experiment_name,bf3a74b0-3b5d-4a54-b037-15a0fb37bb39,function_execution_time,1780474483.7017767,0.000080329
experiment_name,bf3a74b0-3b5d-4a54-b037-15a0fb37bb39,function_execution_time,1780474483.803094,0.000069816
experiment_name,bf3a74b0-3b5d-4a54-b037-15a0fb37bb39,function_execution_time,1780474483.9043643,0.000071839
experiment_name,bf3a74b0-3b5d-4a54-b037-15a0fb37bb39,function_execution_time,1780474484.005685,0.000078911
experiment_name,bf3a74b0-3b5d-4a54-b037-15a0fb37bb39,function_execution_time,1780474484.1069546,0.000068534
experiment_name,bf3a74b0-3b5d-4a54-b037-15a0fb37bb39,function_execution_time,1780474484.208203,0.000050205
experiment_name,bf3a74b0-3b5d-4a54-b037-15a0fb37bb39,function_execution_time,1780474484.309544,0.000149979
experiment_name,bf3a74b0-3b5d-4a54-b037-15a0fb37bb39,function_execution_time,1780474484.4108045,0.00008269
experiment_name,bf3a74b0-3b5d-4a54-b037-15a0fb37bb39,function_execution_time,1780474484.5120902,0.000072744
experiment_name,bf3a74b0-3b5d-4a54-b037-15a0fb37bb39,function_execution_time,1780474484.613362,0.000069582
experiment_name,bf3a74b0-3b5d-4a54-b037-15a0fb37bb39,function_execution_time,1780474484.7146206,0.000082597
experiment_name,bf3a74b0-3b5d-4a54-b037-15a0fb37bb39,function_execution_time,1780474484.815946,0.000072493
experiment_name,bf3a74b0-3b5d-4a54-b037-15a0fb37bb39,function_execution_time,1780474484.917268,0.000075815
experiment_name,bf3a74b0-3b5d-4a54-b037-15a0fb37bb39,function_execution_time,1780474485.0175958,0.000080259
experiment_name,bf3a74b0-3b5d-4a54-b037-15a0fb37bb39,function_execution_time,1780474485.118922,0.000074422
experiment_name,bf3a74b0-3b5d-4a54-b037-15a0fb37bb39,function_execution_time,1780474485.220237,0.000081625
experiment_name,bf3a74b0-3b5d-4a54-b037-15a0fb37bb39,function_execution_time,1780474485.3206434,0.000136607
experiment_name,bf3a74b0-3b5d-4a54-b037-15a0fb37bb39,function_execution_time,1780474485.4220095,0.000093404
experiment_name,bf3a74b0-3b5d-4a54-b037-15a0fb37bb39,function_execution_time,1780474485.5232034,0.000070206
experiment_name,bf3a74b0-3b5d-4a54-b037-15a0fb37bb39,function_execution_time,1780474485.623548,0.000071666
experiment_name,bf3a74b0-3b5d-4a54-b037-15a0fb37bb39,function_execution_time,1780474485.7249234,0.000085909
experiment_name,bf3a74b0-3b5d-4a54-b037-15a0fb37bb39,function_execution_time,1780474485.826198,0.000073668
experiment_name,bf3a74b0-3b5d-4a54-b037-15a0fb37bb39,function_execution_time,1780474485.9274566,0.000086897
experiment_name,bf3a74b0-3b5d-4a54-b037-15a0fb37bb39,function_transfer_time,1780474481.0698028,0.000018989
experiment_name,bf3a74b0-3b5d-4a54-b037-15a0fb37bb39,function_transfer_time,1780474481.1711206,0.000075758
experiment_name,bf3a74b0-3b5d-4a54-b037-15a0fb37bb39,function_transfer_time,1780474481.2723815,0.000019592
experiment_name,bf3a74b0-3b5d-4a54-b037-15a0fb37bb39,function_transfer_time,1780474481.3737545,0.000079765
experiment_name,bf3a74b0-3b5d-4a54-b037-15a0fb37bb39,function_transfer_time,1780474481.4751067,0.000078434
experiment_name,bf3a74b0-3b5d-4a54-b037-15a0fb37bb39,function_transfer_time,1780474481.5764055,0.000075395
experiment_name,bf3a74b0-3b5d-4a54-b037-15a0fb37bb39,function_transfer_time,1780474481.6777415,0.000079015
experiment_name,bf3a74b0-3b5d-4a54-b037-15a0fb37bb39,function_transfer_time,1780474481.7790596,0.000083216
experiment_name,bf3a74b0-3b5d-4a54-b037-15a0fb37bb39,function_transfer_time,1780474481.8803842,0.000081783
experiment_name,bf3a74b0-3b5d-4a54-b037-15a0fb37bb39,function_transfer_time,1780474481.981656,0.000019123
experiment_name,bf3a74b0-3b5d-4a54-b037-15a0fb37bb39,function_transfer_time,1780474482.0829055,0.000022332
experiment_name,bf3a74b0-3b5d-4a54-b037-15a0fb37bb39,function_transfer_time,1780474482.1842196,0.000080383
experiment_name,bf3a74b0-3b5d-4a54-b037-15a0fb37bb39,function_transfer_time,1780474482.28447,0.000020342
experiment_name,bf3a74b0-3b5d-4a54-b037-15a0fb37bb39,function_transfer_time,1780474482.3859437,0.000080039
experiment_name,bf3a74b0-3b5d-4a54-b037-15a0fb37bb39,function_transfer_time,1780474482.487256,0.000077861
experiment_name,bf3a74b0-3b5d-4a54-b037-15a0fb37bb39,function_transfer_time,1780474482.5885694,0.000076864
experiment_name,bf3a74b0-3b5d-4a54-b037-15a0fb37bb39,function_transfer_time,1780474482.6898532,0.000023018
experiment_name,bf3a74b0-3b5d-4a54-b037-15a0fb37bb39,function_transfer_time,1780474482.7910924,0.000021571
experiment_name,bf3a74b0-3b5d-4a54-b037-15a0fb37bb39,function_transfer_time,1780474482.8924172,0.000087348
experiment_name,bf3a74b0-3b5d-4a54-b037-15a0fb37bb39,function_transfer_time,1780474482.9937377,0.000077391
experiment_name,bf3a74b0-3b5d-4a54-b037-15a0fb37bb39,function_transfer_time,1780474483.0950475,0.000073961
experiment_name,bf3a74b0-3b5d-4a54-b037-15a0fb37bb39,function_transfer_time,1780474483.1963866,0.000080483
experiment_name,bf3a74b0-3b5d-4a54-b037-15a0fb37bb39,function_transfer_time,1780474483.2976384,0.000018217
experiment_name,bf3a74b0-3b5d-4a54-b037-15a0fb37bb39,function_transfer_time,1780474483.3989966,0.000083716
experiment_name,bf3a74b0-3b5d-4a54-b037-15a0fb37bb39,function_transfer_time,1780474483.5002224,0.000020766
experiment_name,bf3a74b0-3b5d-4a54-b037-15a0fb37bb39,function_transfer_time,1780474483.600486,0.000024304
experiment_name,bf3a74b0-3b5d-4a54-b037-15a0fb37bb39,function_transfer_time,1780474483.701697,0.000019319
experiment_name,bf3a74b0-3b5d-4a54-b037-15a0fb37bb39,function_transfer_time,1780474483.803011,0.000075985
experiment_name,bf3a74b0-3b5d-4a54-b037-15a0fb37bb39,function_transfer_time,1780474483.9042869,0.000024413
experiment_name,bf3a74b0-3b5d-4a54-b037-15a0fb37bb39,function_transfer_time,1780474484.0056021,0.000083883
experiment_name,bf3a74b0-3b5d-4a54-b037-15a0fb37bb39,function_transfer_time,1780474484.1068773,0.000020242
experiment_name,bf3a74b0-3b5d-4a54-b037-15a0fb37bb39,function_transfer_time,1780474484.2081163,0.000016182
experiment_name,bf3a74b0-3b5d-4a54-b037-15a0fb37bb39,function_transfer_time,1780474484.3093886,0.000022809
experiment_name,bf3a74b0-3b5d-4a54-b037-15a0fb37bb39,function_transfer_time,1780474484.4107223,0.000023178
experiment_name,bf3a74b0-3b5d-4a54-b037-15a0fb37bb39,function_transfer_time,1780474484.5119634,0.000017606
experiment_name,bf3a74b0-3b5d-4a54-b037-15a0fb37bb39,function_transfer_time,1780474484.613283,0.000081254
experiment_name,bf3a74b0-3b5d-4a54-b037-15a0fb37bb39,function_transfer_time,1780474484.7145395,0.000023163
experiment_name,bf3a74b0-3b5d-4a54-b037-15a0fb37bb39,function_transfer_time,1780474484.8158624,0.000080827
experiment_name,bf3a74b0-3b5d-4a54-b037-15a0fb37bb39,function_transfer_time,1780474484.9171958,0.000085929
experiment_name,bf3a74b0-3b5d-4a54-b037-15a0fb37bb39,function_transfer_time,1780474485.0175118,0.000079707
experiment_name,bf3a74b0-3b5d-4a54-b037-15a0fb37bb39,function_transfer_time,1780474485.1188467,0.000082194
experiment_name,bf3a74b0-3b5d-4a54-b037-15a0fb37bb39,function_transfer_time,1780474485.2201564,0.000089
experiment_name,bf3a74b0-3b5d-4a54-b037-15a0fb37bb39,function_transfer_time,1780474485.3205016,0.000081555
experiment_name,bf3a74b0-3b5d-4a54-b037-15a0fb37bb39,function_transfer_time,1780474485.4218497,0.000081755
experiment_name,bf3a74b0-3b5d-4a54-b037-15a0fb37bb39,function_transfer_time,1780474485.5231147,0.000018094
experiment_name,bf3a74b0-3b5d-4a54-b037-15a0fb37bb39,function_transfer_time,1780474485.623465,0.000080049
experiment_name,bf3a74b0-3b5d-4a54-b037-15a0fb37bb39,function_transfer_time,1780474485.724779,0.000076366
experiment_name,bf3a74b0-3b5d-4a54-b037-15a0fb37bb39,function_transfer_time,1780474485.82612,0.000083407
experiment_name,bf3a74b0-3b5d-4a54-b037-15a0fb37bb39,function_transfer_time,1780474485.9273725,0.000023024
experiment_name,fa99a26a-44ea-4c4d-a730-9c75493c2a1d,function_transfer_time,1780474481.069983,0.000122244
experiment_name,fa99a26a-44ea-4c4d-a730-9c75493c2a1d,function_transfer_time,1780474481.171271,0.000099006
experiment_name,fa99a26a-44ea-4c4d-a730-9c75493c2a1d,function_transfer_time,1780474481.272554,0.000033169
experiment_name,fa99a26a-44ea-4c4d-a730-9c75493c2a1d,function_transfer_time,1780474481.3738704,0.000061228
experiment_name,fa99a26a-44ea-4c4d-a730-9c75493c2a1d,function_transfer_time,1780474481.4752712,0.000110042
experiment_name,fa99a26a-44ea-4c4d-a730-9c75493c2a1d,function_transfer_time,1780474481.5765662,0.000085957
experiment_name,fa99a26a-44ea-4c4d-a730-9c75493c2a1d,function_transfer_time,1780474481.6779249,0.000129594
experiment_name,fa99a26a-44ea-4c4d-a730-9c75493c2a1d,function_transfer_time,1780474481.7792416,0.000125911
experiment_name,fa99a26a-44ea-4c4d-a730-9c75493c2a1d,function_transfer_time,1780474481.8805332,0.000050645
experiment_name,fa99a26a-44ea-4c4d-a730-9c75493c2a1d,function_transfer_time,1780474481.981812,0.000102068
experiment_name,fa99a26a-44ea-4c4d-a730-9c75493c2a1d,function_transfer_time,1780474482.083033,0.000029505
experiment_name,fa99a26a-44ea-4c4d-a730-9c75493c2a1d,function_transfer_time,1780474482.1843808,0.000107534
experiment_name,fa99a26a-44ea-4c4d-a730-9c75493c2a1d,function_transfer_time,1780474482.2846315,0.000031779
experiment_name,fa99a26a-44ea-4c4d-a730-9c75493c2a1d,function_transfer_time,1780474482.386067,0.000027488
experiment_name,fa99a26a-44ea-4c4d-a730-9c75493c2a1d,function_transfer_time,1780474482.4874604,0.000148356
experiment_name,fa99a26a-44ea-4c4d-a730-9c75493c2a1d,function_transfer_time,1780474482.5887556,0.000131038
experiment_name,fa99a26a-44ea-4c4d-a730-9c75493c2a1d,function_transfer_time,1780474482.69003,0.000122644
experiment_name,fa99a26a-44ea-4c4d-a730-9c75493c2a1d,function_transfer_time,1780474482.7912617,0.00011398
experiment_name,fa99a26a-44ea-4c4d-a730-9c75493c2a1d,function_transfer_time,1780474482.8925674,0.000030259
experiment_name,fa99a26a-44ea-4c4d-a730-9c75493c2a1d,function_transfer_time,1780474482.9939163,0.000119322
experiment_name,fa99a26a-44ea-4c4d-a730-9c75493c2a1d,function_transfer_time,1780474483.0952327,0.000129075
experiment_name,fa99a26a-44ea-4c4d-a730-9c75493c2a1d,function_transfer_time,1780474483.1965656,0.00011634
experiment_name,fa99a26a-44ea-4c4d-a730-9c75493c2a1d,function_transfer_time,1780474483.2977567,0.000023481
experiment_name,fa99a26a-44ea-4c4d-a730-9c75493c2a1d,function_transfer_time,1780474483.3991241,0.000030421
experiment_name,fa99a26a-44ea-4c4d-a730-9c75493c2a1d,function_transfer_time,1780474483.5003836,0.000105804
experiment_name,fa99a26a-44ea-4c4d-a730-9c75493c2a1d,function_transfer_time,1780474483.600626,0.000033621
experiment_name,fa99a26a-44ea-4c4d-a730-9c75493c2a1d,function_transfer_time,1780474483.7018554,0.00009605
experiment_name,fa99a26a-44ea-4c4d-a730-9c75493c2a1d,function_transfer_time,1780474483.8031168,0.000052058
experiment_name,fa99a26a-44ea-4c4d-a730-9c75493c2a1d,function_transfer_time,1780474483.9044704,0.00012804
experiment_name,fa99a26a-44ea-4c4d-a730-9c75493c2a1d,function_transfer_time,1780474484.0057683,0.000050794
experiment_name,fa99a26a-44ea-4c4d-a730-9c75493c2a1d,function_transfer_time,1780474484.1070611,0.000129214
experiment_name,fa99a26a-44ea-4c4d-a730-9c75493c2a1d,function_transfer_time,1780474484.2083066,0.000152039
experiment_name,fa99a26a-44ea-4c4d-a730-9c75493c2a1d,function_transfer_time,1780474484.3095481,0.000039171
experiment_name,fa99a26a-44ea-4c4d-a730-9c75493c2a1d,function_transfer_time,1780474484.4108732,0.000042822
experiment_name,fa99a26a-44ea-4c4d-a730-9c75493c2a1d,function_transfer_time,1780474484.5121126,0.000099849
experiment_name,fa99a26a-44ea-4c4d-a730-9c75493c2a1d,function_transfer_time,1780474484.6134439,0.000053418
experiment_name,fa99a26a-44ea-4c4d-a730-9c75493c2a1d,function_transfer_time,1780474484.7146993,0.000097919
experiment_name,fa99a26a-44ea-4c4d-a730-9c75493c2a1d,function_transfer_time,1780474484.8159733,0.000054347
experiment_name,fa99a26a-44ea-4c4d-a730-9c75493c2a1d,function_transfer_time,1780474484.9173748,0.000125707
experiment_name,fa99a26a-44ea-4c4d-a730-9c75493c2a1d,function_transfer_time,1780474485.0176957,0.000128228
experiment_name,fa99a26a-44ea-4c4d-a730-9c75493c2a1d,function_transfer_time,1780474485.1190295,0.000127762
experiment_name,fa99a26a-44ea-4c4d-a730-9c75493c2a1d,function_transfer_time,1780474485.2202659,0.000048421
experiment_name,fa99a26a-44ea-4c4d-a730-9c75493c2a1d,function_transfer_time,1780474485.3206458,0.000033743
experiment_name,fa99a26a-44ea-4c4d-a730-9c75493c2a1d,function_transfer_time,1780474485.4220138,0.000037188
experiment_name,fa99a26a-44ea-4c4d-a730-9c75493c2a1d,function_transfer_time,1780474485.5232875,0.000053148
experiment_name,fa99a26a-44ea-4c4d-a730-9c75493c2a1d,function_transfer_time,1780474485.623632,0.00005507
experiment_name,fa99a26a-44ea-4c4d-a730-9c75493c2a1d,function_transfer_time,1780474485.7249482,0.000117511
experiment_name,fa99a26a-44ea-4c4d-a730-9c75493c2a1d,function_transfer_time,1780474485.8262882,0.000115876
experiment_name,fa99a26a-44ea-4c4d-a730-9c75493c2a1d,function_transfer_time,1780474485.9275448,0.000115187
experiment_name,fa99a26a-44ea-4c4d-a730-9c75493c2a1d,function_execution_time,1780474486.0289638,0.000060048
experiment_name,fa99a26a-44ea-4c4d-a730-9c75493c2a1d,function_execution_time,1780474486.1304624,0.000069721
experiment_name,fa99a26a-44ea-4c4d-a730-9c75493c2a1d,function_execution_time,1780474486.230631,0.000066023
experiment_name,fa99a26a-44ea-4c4d-a730-9c75493c2a1d,function_execution_time,1780474486.3319733,0.000059609
experiment_name,fa99a26a-44ea-4c4d-a730-9c75493c2a1d,function_execution_time,1780474486.4332092,0.000055002
experiment_name,fa99a26a-44ea-4c4d-a730-9c75493c2a1d,function_execution_time,1780474486.5344946,0.00007523
experiment_name,fa99a26a-44ea-4c4d-a730-9c75493c2a1d,function_execution_time,1780474486.6358004,0.000057731
experiment_name,fa99a26a-44ea-4c4d-a730-9c75493c2a1d,function_execution_time,1780474486.7370872,0.000066293
experiment_name,fa99a26a-44ea-4c4d-a730-9c75493c2a1d,function_execution_time,1780474486.838213,0.000058354
experiment_name,fa99a26a-44ea-4c4d-a730-9c75493c2a1d,function_execution_time,1780474486.939555,0.000055328
experiment_name,fa99a26a-44ea-4c4d-a730-9c75493c2a1d,function_execution_time,1780474487.0407455,0.000057175
experiment_name,fa99a26a-44ea-4c4d-a730-9c75493c2a1d,function_execution_time,1780474487.142121,0.000067752
experiment_name,fa99a26a-44ea-4c4d-a730-9c75493c2a1d,function_execution_time,1780474487.2434263,0.000056555
experiment_name,fa99a26a-44ea-4c4d-a730-9c75493c2a1d,function_execution_time,1780474487.3436625,0.00005866
experiment_name,fa99a26a-44ea-4c4d-a730-9c75493c2a1d,function_execution_time,1780474487.4449744,0.000056277
experiment_name,fa99a26a-44ea-4c4d-a730-9c75493c2a1d,function_execution_time,1780474487.546292,0.000067299
experiment_name,fa99a26a-44ea-4c4d-a730-9c75493c2a1d,function_execution_time,1780474487.6474495,0.000070918
experiment_name,fa99a26a-44ea-4c4d-a730-9c75493c2a1d,function_execution_time,1780474487.7487204,0.000066204
experiment_name,fa99a26a-44ea-4c4d-a730-9c75493c2a1d,function_execution_time,1780474487.8500183,0.000055091
experiment_name,fa99a26a-44ea-4c4d-a730-9c75493c2a1d,function_execution_time,1780474487.951204,0.000062462
experiment_name,fa99a26a-44ea-4c4d-a730-9c75493c2a1d,function_execution_time,1780474488.0526223,0.000063199
experiment_name,fa99a26a-44ea-4c4d-a730-9c75493c2a1d,function_execution_time,1780474488.1539612,0.000061531
experiment_name,fa99a26a-44ea-4c4d-a730-9c75493c2a1d,function_execution_time,1780474488.255236,0.000036208
experiment_name,fa99a26a-44ea-4c4d-a730-9c75493c2a1d,function_execution_time,1780474488.3565664,0.000054842
experiment_name,fa99a26a-44ea-4c4d-a730-9c75493c2a1d,function_execution_time,1780474488.4580243,0.000066697
experiment_name,fa99a26a-44ea-4c4d-a730-9c75493c2a1d,function_execution_time,1780474488.5593154,0.000056484
experiment_name,fa99a26a-44ea-4c4d-a730-9c75493c2a1d,function_execution_time,1780474488.6605568,0.000058999
experiment_name,fa99a26a-44ea-4c4d-a730-9c75493c2a1d,function_execution_time,1780474488.7618985,0.000059886
experiment_name,fa99a26a-44ea-4c4d-a730-9c75493c2a1d,function_execution_time,1780474488.8632302,0.000062353
experiment_name,fa99a26a-44ea-4c4d-a730-9c75493c2a1d,function_execution_time,1780474488.9646456,0.000070553
experiment_name,fa99a26a-44ea-4c4d-a730-9c75493c2a1d,function_execution_time,1780474489.0659466,0.000056655
experiment_name,fa99a26a-44ea-4c4d-a730-9c75493c2a1d,function_execution_time,1780474489.1671228,0.000045665
experiment_name,fa99a26a-44ea-4c4d-a730-9c75493c2a1d,function_execution_time,1780474489.2685401,0.000064307
experiment_name,fa99a26a-44ea-4c4d-a730-9c75493c2a1d,function_execution_time,1780474489.369847,0.000054399
experiment_name,fa99a26a-44ea-4c4d-a730-9c75493c2a1d,function_execution_time,1780474489.47119,0.000055228
experiment_name,fa99a26a-44ea-4c4d-a730-9c75493c2a1d,function_execution_time,1780474489.5723898,0.000057497
experiment_name,bf3a74b0-3b5d-4a54-b037-15a0fb37bb39,function_execution_time,1780474486.0289001,0.000082189
experiment_name,bf3a74b0-3b5d-4a54-b037-15a0fb37bb39,function_execution_time,1780474486.130286,0.000073589
experiment_name,bf3a74b0-3b5d-4a54-b037-15a0fb37bb39,function_execution_time,1780474486.2305677,0.000091425
experiment_name,bf3a74b0-3b5d-4a54-b037-15a0fb37bb39,function_execution_time,1780474486.331915,0.000162208
experiment_name,bf3a74b0-3b5d-4a54-b037-15a0fb37bb39,function_execution_time,1780474486.4331307,0.000069506
experiment_name,bf3a74b0-3b5d-4a54-b037-15a0fb37bb39,function_execution_time,1780474486.5344677,0.000089761
experiment_name,bf3a74b0-3b5d-4a54-b037-15a0fb37bb39,function_execution_time,1780474486.6356409,0.000072324
experiment_name,bf3a74b0-3b5d-4a54-b037-15a0fb37bb39,function_execution_time,1780474486.736909,0.000073973
experiment_name,bf3a74b0-3b5d-4a54-b037-15a0fb37bb39,function_execution_time,1780474486.8381386,0.000070142
experiment_name,bf3a74b0-3b5d-4a54-b037-15a0fb37bb39,function_execution_time,1780474486.9394581,0.000082676
experiment_name,bf3a74b0-3b5d-4a54-b037-15a0fb37bb39,function_execution_time,1780474487.0406914,0.000083774
experiment_name,bf3a74b0-3b5d-4a54-b037-15a0fb37bb39,function_execution_time,1780474487.1420171,0.000051898
experiment_name,bf3a74b0-3b5d-4a54-b037-15a0fb37bb39,function_execution_time,1780474487.2432692,0.000080649
experiment_name,bf3a74b0-3b5d-4a54-b037-15a0fb37bb39,function_execution_time,1780474487.3435988,0.000147978
experiment_name,bf3a74b0-3b5d-4a54-b037-15a0fb37bb39,function_execution_time,1780474487.4448345,0.00007176
experiment_name,bf3a74b0-3b5d-4a54-b037-15a0fb37bb39,function_execution_time,1780474487.5461216,0.00006919
experiment_name,bf3a74b0-3b5d-4a54-b037-15a0fb37bb39,function_execution_time,1780474487.6474478,0.00008707
experiment_name,bf3a74b0-3b5d-4a54-b037-15a0fb37bb39,function_execution_time,1780474487.7486281,0.000071585
experiment_name,bf3a74b0-3b5d-4a54-b037-15a0fb37bb39,function_execution_time,1780474487.8498604,0.00006967
experiment_name,bf3a74b0-3b5d-4a54-b037-15a0fb37bb39,function_execution_time,1780474487.9511354,0.00009244
experiment_name,bf3a74b0-3b5d-4a54-b037-15a0fb37bb39,function_execution_time,1780474488.0524619,0.000083227
experiment_name,bf3a74b0-3b5d-4a54-b037-15a0fb37bb39,function_execution_time,1780474488.1538804,0.00007184
experiment_name,bf3a74b0-3b5d-4a54-b037-15a0fb37bb39,function_execution_time,1780474488.2551584,0.000068994
experiment_name,bf3a74b0-3b5d-4a54-b037-15a0fb37bb39,function_execution_time,1780474488.3565335,0.000204434
experiment_name,bf3a74b0-3b5d-4a54-b037-15a0fb37bb39,function_execution_time,1780474488.4578378,0.000069754
experiment_name,bf3a74b0-3b5d-4a54-b037-15a0fb37bb39,function_execution_time,1780474488.5591514,0.000072116
experiment_name,bf3a74b0-3b5d-4a54-b037-15a0fb37bb39,function_execution_time,1780474488.6605463,0.00010309
experiment_name,bf3a74b0-3b5d-4a54-b037-15a0fb37bb39,function_execution_time,1780474488.7618225,0.000071399
experiment_name,bf3a74b0-3b5d-4a54-b037-15a0fb37bb39,function_execution_time,1780474488.8631363,0.000071427
experiment_name,bf3a74b0-3b5d-4a54-b037-15a0fb37bb39,function_execution_time,1780474488.9645414,0.000104275
experiment_name,bf3a74b0-3b5d-4a54-b037-15a0fb37bb39,function_execution_time,1780474489.065788,0.000071724
experiment_name,bf3a74b0-3b5d-4a54-b037-15a0fb37bb39,function_execution_time,1780474489.1670523,0.000066489
experiment_name,bf3a74b0-3b5d-4a54-b037-15a0fb37bb39,function_execution_time,1780474489.2683566,0.000072682
experiment_name,bf3a74b0-3b5d-4a54-b037-15a0fb37bb39,function_execution_time,1780474489.3697906,0.000124153
experiment_name,bf3a74b0-3b5d-4a54-b037-15a0fb37bb39,function_execution_time,1780474489.4710965,0.000074364
experiment_name,bf3a74b0-3b5d-4a54-b037-15a0fb37bb39,function_execution_time,1780474489.5723884,0.000080212
experiment_name,fa99a26a-44ea-4c4d-a730-9c75493c2a1d,function_stop_time,1780474489.6576664,0.000035621
experiment_name,dbf25c80-7b83-4b75-8235-cfd09c67fa3a,function_stop_time,1780474489.6548738,0.000044437
experiment_name,bf3a74b0-3b5d-4a54-b037-15a0fb37bb39,function_stop_time,1780474489.6574144,0.000033222
experiment_name,bf3a74b0-3b5d-4a54-b037-15a0fb37bb39,function_transfer_time,1780474486.0288143,0.00001669
experiment_name,bf3a74b0-3b5d-4a54-b037-15a0fb37bb39,function_transfer_time,1780474486.130207,0.000081875
experiment_name,bf3a74b0-3b5d-4a54-b037-15a0fb37bb39,function_transfer_time,1780474486.230471,0.000021647
experiment_name,bf3a74b0-3b5d-4a54-b037-15a0fb37bb39,function_transfer_time,1780474486.331743,0.000023229
experiment_name,bf3a74b0-3b5d-4a54-b037-15a0fb37bb39,function_transfer_time,1780474486.4330506,0.000022152
experiment_name,bf3a74b0-3b5d-4a54-b037-15a0fb37bb39,function_transfer_time,1780474486.5343316,0.000021679
experiment_name,bf3a74b0-3b5d-4a54-b037-15a0fb37bb39,function_transfer_time,1780474486.635563,0.00001962
experiment_name,bf3a74b0-3b5d-4a54-b037-15a0fb37bb39,function_transfer_time,1780474486.7368307,0.000023532
experiment_name,bf3a74b0-3b5d-4a54-b037-15a0fb37bb39,function_transfer_time,1780474486.8380592,0.000022831
experiment_name,bf3a74b0-3b5d-4a54-b037-15a0fb37bb39,function_transfer_time,1780474486.9393165,0.000021379
experiment_name,bf3a74b0-3b5d-4a54-b037-15a0fb37bb39,function_transfer_time,1780474487.0406013,0.000022382
experiment_name,bf3a74b0-3b5d-4a54-b037-15a0fb37bb39,function_transfer_time,1780474487.1419067,0.000015247
experiment_name,bf3a74b0-3b5d-4a54-b037-15a0fb37bb39,function_transfer_time,1780474487.2431903,0.00007606
experiment_name,bf3a74b0-3b5d-4a54-b037-15a0fb37bb39,function_transfer_time,1780474487.343447,0.000018454
experiment_name,bf3a74b0-3b5d-4a54-b037-15a0fb37bb39,function_transfer_time,1780474487.4447558,0.00002173
experiment_name,bf3a74b0-3b5d-4a54-b037-15a0fb37bb39,function_transfer_time,1780474487.5460398,0.000028037
experiment_name,bf3a74b0-3b5d-4a54-b037-15a0fb37bb39,function_transfer_time,1780474487.6472871,0.000020629
experiment_name,bf3a74b0-3b5d-4a54-b037-15a0fb37bb39,function_transfer_time,1780474487.748542,0.000021287
experiment_name,bf3a74b0-3b5d-4a54-b037-15a0fb37bb39,function_transfer_time,1780474487.8497822,0.000019816
experiment_name,bf3a74b0-3b5d-4a54-b037-15a0fb37bb39,function_transfer_time,1780474487.9510462,0.000022062
experiment_name,bf3a74b0-3b5d-4a54-b037-15a0fb37bb39,function_transfer_time,1780474488.0523791,0.000022645
experiment_name,bf3a74b0-3b5d-4a54-b037-15a0fb37bb39,function_transfer_time,1780474488.153804,0.000020262
experiment_name,bf3a74b0-3b5d-4a54-b037-15a0fb37bb39,function_transfer_time,1780474488.255081,0.000021615
experiment_name,bf3a74b0-3b5d-4a54-b037-15a0fb37bb39,function_transfer_time,1780474488.3564172,0.000018628
experiment_name,bf3a74b0-3b5d-4a54-b037-15a0fb37bb39,function_transfer_time,1780474488.4577606,0.000078216
experiment_name,bf3a74b0-3b5d-4a54-b037-15a0fb37bb39,function_transfer_time,1780474488.5590656,0.000076393
experiment_name,bf3a74b0-3b5d-4a54-b037-15a0fb37bb39,function_transfer_time,1780474488.6603894,0.000075758
experiment_name,bf3a74b0-3b5d-4a54-b037-15a0fb37bb39,function_transfer_time,1780474488.7617383,0.000081718
experiment_name,bf3a74b0-3b5d-4a54-b037-15a0fb37bb39,function_transfer_time,1780474488.8630533,0.00008318
experiment_name,bf3a74b0-3b5d-4a54-b037-15a0fb37bb39,function_transfer_time,1780474488.9643886,0.000080366
experiment_name,bf3a74b0-3b5d-4a54-b037-15a0fb37bb39,function_transfer_time,1780474489.0657084,0.000083376
experiment_name,bf3a74b0-3b5d-4a54-b037-15a0fb37bb39,function_transfer_time,1780474489.166978,0.000026423
experiment_name,bf3a74b0-3b5d-4a54-b037-15a0fb37bb39,function_transfer_time,1780474489.2682834,0.000073466
experiment_name,bf3a74b0-3b5d-4a54-b037-15a0fb37bb39,function_transfer_time,1780474489.3696623,0.000082126
experiment_name,bf3a74b0-3b5d-4a54-b037-15a0fb37bb39,function_transfer_time,1780474489.4709637,0.000020334
experiment_name,bf3a74b0-3b5d-4a54-b037-15a0fb37bb39,function_transfer_time,1780474489.572252,0.000077847
experiment_name,fa99a26a-44ea-4c4d-a730-9c75493c2a1d,function_transfer_time,1780474486.028898,0.000025111
experiment_name,fa99a26a-44ea-4c4d-a730-9c75493c2a1d,function_transfer_time,1780474486.1303902,0.000127525
experiment_name,fa99a26a-44ea-4c4d-a730-9c75493c2a1d,function_transfer_time,1780474486.2305653,0.000029561
experiment_name,fa99a26a-44ea-4c4d-a730-9c75493c2a1d,function_transfer_time,1780474486.331912,0.000036846
experiment_name,fa99a26a-44ea-4c4d-a730-9c75493c2a1d,function_transfer_time,1780474486.4331532,0.000048436
experiment_name,fa99a26a-44ea-4c4d-a730-9c75493c2a1d,function_transfer_time,1780474486.5344641,0.000031407
experiment_name,fa99a26a-44ea-4c4d-a730-9c75493c2a1d,function_transfer_time,1780474486.6357417,0.00012228
experiment_name,fa99a26a-44ea-4c4d-a730-9c75493c2a1d,function_transfer_time,1780474486.737016,0.000129188
experiment_name,fa99a26a-44ea-4c4d-a730-9c75493c2a1d,function_transfer_time,1780474486.8382087,0.000046416
experiment_name,fa99a26a-44ea-4c4d-a730-9c75493c2a1d,function_transfer_time,1780474486.9394891,0.000112215
experiment_name,fa99a26a-44ea-4c4d-a730-9c75493c2a1d,function_transfer_time,1780474487.040689,0.000030192
experiment_name,fa99a26a-44ea-4c4d-a730-9c75493c2a1d,function_transfer_time,1780474487.1420488,0.000110231
experiment_name,fa99a26a-44ea-4c4d-a730-9c75493c2a1d,function_transfer_time,1780474487.2433689,0.00012629
experiment_name,fa99a26a-44ea-4c4d-a730-9c75493c2a1d,function_transfer_time,1780474487.3436012,0.000033604
experiment_name,fa99a26a-44ea-4c4d-a730-9c75493c2a1d,function_transfer_time,1780474487.4449172,0.000105388
experiment_name,fa99a26a-44ea-4c4d-a730-9c75493c2a1d,function_transfer_time,1780474487.5462236,0.000128453
experiment_name,fa99a26a-44ea-4c4d-a730-9c75493c2a1d,function_transfer_time,1780474487.6474438,0.000031524
experiment_name,fa99a26a-44ea-4c4d-a730-9c75493c2a1d,function_transfer_time,1780474487.7486987,0.000055161
experiment_name,fa99a26a-44ea-4c4d-a730-9c75493c2a1d,function_transfer_time,1780474487.8499622,0.000124647
experiment_name,fa99a26a-44ea-4c4d-a730-9c75493c2a1d,function_transfer_time,1780474487.9511337,0.000030655
experiment_name,fa99a26a-44ea-4c4d-a730-9c75493c2a1d,function_transfer_time,1780474488.0525568,0.000122803
experiment_name,fa99a26a-44ea-4c4d-a730-9c75493c2a1d,function_transfer_time,1780474488.1539586,0.000046408
experiment_name,fa99a26a-44ea-4c4d-a730-9c75493c2a1d,function_transfer_time,1780474488.2552326,0.000042807
experiment_name,fa99a26a-44ea-4c4d-a730-9c75493c2a1d,function_transfer_time,1780474488.3565147,0.000021906
experiment_name,fa99a26a-44ea-4c4d-a730-9c75493c2a1d,function_transfer_time,1780474488.4579544,0.000137412
experiment_name,fa99a26a-44ea-4c4d-a730-9c75493c2a1d,function_transfer_time,1780474488.559259,0.0001367
experiment_name,fa99a26a-44ea-4c4d-a730-9c75493c2a1d,function_transfer_time,1780474488.660543,0.000031876
experiment_name,fa99a26a-44ea-4c4d-a730-9c75493c2a1d,function_transfer_time,1780474488.761896,0.000050179
experiment_name,fa99a26a-44ea-4c4d-a730-9c75493c2a1d,function_transfer_time,1780474488.8632114,0.000056726
experiment_name,fa99a26a-44ea-4c4d-a730-9c75493c2a1d,function_transfer_time,1780474488.9645698,0.000111238
experiment_name,fa99a26a-44ea-4c4d-a730-9c75493c2a1d,function_transfer_time,1780474489.0658898,0.000126793
experiment_name,fa99a26a-44ea-4c4d-a730-9c75493c2a1d,function_transfer_time,1780474489.1670697,0.000044782
experiment_name,fa99a26a-44ea-4c4d-a730-9c75493c2a1d,function_transfer_time,1780474489.2684748,0.000136844
experiment_name,fa99a26a-44ea-4c4d-a730-9c75493c2a1d,function_transfer_time,1780474489.369793,0.000031251
experiment_name,fa99a26a-44ea-4c4d-a730-9c75493c2a1d,function_transfer_time,1780474489.4711258,0.000111138
experiment_name,fa99a26a-44ea-4c4d-a730-9c75493c2a1d,function_transfer_time,1780474489.572385,0.000025629
experiment_name,5b32db5e-fef9-4813-be01-6f55f820f57f,function_stop_time,1780474489.6568959,0.000072649
