experiment_name,fc68cf26-efaf-4dc9-9936-14f337f700ad,function_instantiate_time,1779127401.633949,0.012035687
experiment_name,a896566d-338c-42b8-b529-9da99031bbc8,function_instantiate_time,1779127401.6334262,0.010429691
experiment_name,67b92919-bb69-4de2-85bb-dff4ea41a26d,function_instantiate_time,1779127401.7112923,0.010382388
experiment_name,a896566d-338c-42b8-b529-9da99031bbc8,function_init_time,1779127401.6336148,0.000183356
experiment_name,67b92919-bb69-4de2-85bb-dff4ea41a26d,function_init_time,1779127401.711333,0.000041868
experiment_name,fc68cf26-efaf-4dc9-9936-14f337f700ad,function_init_time,1779127401.6339934,0.000041371
experiment_name,a896566d-338c-42b8-b529-9da99031bbc8,function_execution_time,1779127401.8363583,0.000073254
experiment_name,a896566d-338c-42b8-b529-9da99031bbc8,function_execution_time,1779127401.9376302,0.000060481
experiment_name,a896566d-338c-42b8-b529-9da99031bbc8,function_execution_time,1779127402.0390785,0.000067788
experiment_name,a896566d-338c-42b8-b529-9da99031bbc8,function_execution_time,1779127402.139453,0.000078064
experiment_name,a896566d-338c-42b8-b529-9da99031bbc8,function_execution_time,1779127402.241002,0.000073052
experiment_name,a896566d-338c-42b8-b529-9da99031bbc8,function_execution_time,1779127402.3423073,0.000123434
experiment_name,a896566d-338c-42b8-b529-9da99031bbc8,function_execution_time,1779127402.4442286,0.00006664
experiment_name,a896566d-338c-42b8-b529-9da99031bbc8,function_execution_time,1779127402.5445263,0.000058154
experiment_name,a896566d-338c-42b8-b529-9da99031bbc8,function_execution_time,1779127402.6457858,0.000065931
experiment_name,a896566d-338c-42b8-b529-9da99031bbc8,function_execution_time,1779127402.7470937,0.000055412
experiment_name,a896566d-338c-42b8-b529-9da99031bbc8,function_execution_time,1779127402.848464,0.000067738
experiment_name,a896566d-338c-42b8-b529-9da99031bbc8,function_execution_time,1779127402.9497435,0.000054415
experiment_name,a896566d-338c-42b8-b529-9da99031bbc8,function_execution_time,1779127403.0511158,0.000057529
experiment_name,a896566d-338c-42b8-b529-9da99031bbc8,function_execution_time,1779127403.1524048,0.000062471
experiment_name,a896566d-338c-42b8-b529-9da99031bbc8,function_execution_time,1779127403.2537541,0.000054802
experiment_name,a896566d-338c-42b8-b529-9da99031bbc8,function_execution_time,1779127403.3550317,0.000054306
experiment_name,a896566d-338c-42b8-b529-9da99031bbc8,function_execution_time,1779127403.4564354,0.000054271
experiment_name,a896566d-338c-42b8-b529-9da99031bbc8,function_execution_time,1779127403.5577714,0.000063169
experiment_name,a896566d-338c-42b8-b529-9da99031bbc8,function_execution_time,1779127403.6589859,0.000054164
experiment_name,a896566d-338c-42b8-b529-9da99031bbc8,function_execution_time,1779127403.7602427,0.000034255
experiment_name,a896566d-338c-42b8-b529-9da99031bbc8,function_execution_time,1779127403.861642,0.000054898
experiment_name,a896566d-338c-42b8-b529-9da99031bbc8,function_execution_time,1779127403.9629514,0.000054304
experiment_name,a896566d-338c-42b8-b529-9da99031bbc8,function_execution_time,1779127404.0644617,0.00007686
experiment_name,a896566d-338c-42b8-b529-9da99031bbc8,function_execution_time,1779127404.165694,0.000056715
experiment_name,a896566d-338c-42b8-b529-9da99031bbc8,function_execution_time,1779127404.2671027,0.000055245
experiment_name,a896566d-338c-42b8-b529-9da99031bbc8,function_execution_time,1779127404.36844,0.000057443
experiment_name,a896566d-338c-42b8-b529-9da99031bbc8,function_execution_time,1779127404.4696996,0.00006779
experiment_name,a896566d-338c-42b8-b529-9da99031bbc8,function_execution_time,1779127404.5710309,0.000059605
experiment_name,67b92919-bb69-4de2-85bb-dff4ea41a26d,function_execution_time,1779127402.0628793,0.002401285
experiment_name,67b92919-bb69-4de2-85bb-dff4ea41a26d,function_execution_time,1779127402.0768185,0.001120469
experiment_name,67b92919-bb69-4de2-85bb-dff4ea41a26d,function_execution_time,1779127402.0845172,0.000999479
experiment_name,67b92919-bb69-4de2-85bb-dff4ea41a26d,function_execution_time,1779127402.089662,0.000996534
experiment_name,67b92919-bb69-4de2-85bb-dff4ea41a26d,function_execution_time,1779127402.1056185,0.000900088
experiment_name,67b92919-bb69-4de2-85bb-dff4ea41a26d,function_execution_time,1779127402.1067026,0.000899026
experiment_name,67b92919-bb69-4de2-85bb-dff4ea41a26d,function_execution_time,1779127402.1175869,0.001367866
experiment_name,67b92919-bb69-4de2-85bb-dff4ea41a26d,function_execution_time,1779127402.1261895,0.001211543
experiment_name,67b92919-bb69-4de2-85bb-dff4ea41a26d,function_execution_time,1779127402.1270976,0.000903184
experiment_name,67b92919-bb69-4de2-85bb-dff4ea41a26d,function_execution_time,1779127402.137274,0.001126411
experiment_name,67b92919-bb69-4de2-85bb-dff4ea41a26d,function_execution_time,1779127402.147522,0.000996031
experiment_name,67b92919-bb69-4de2-85bb-dff4ea41a26d,function_execution_time,1779127402.1509387,0.00104517
experiment_name,67b92919-bb69-4de2-85bb-dff4ea41a26d,function_execution_time,1779127402.157604,0.001056147
experiment_name,67b92919-bb69-4de2-85bb-dff4ea41a26d,function_execution_time,1779127402.1614952,0.001045407
experiment_name,67b92919-bb69-4de2-85bb-dff4ea41a26d,function_execution_time,1779127402.1666465,0.003395236
experiment_name,67b92919-bb69-4de2-85bb-dff4ea41a26d,function_execution_time,1779127402.1674743,0.000826436
experiment_name,67b92919-bb69-4de2-85bb-dff4ea41a26d,function_execution_time,1779127402.171623,0.000723194
experiment_name,67b92919-bb69-4de2-85bb-dff4ea41a26d,function_execution_time,1779127402.1778965,0.00064289
experiment_name,67b92919-bb69-4de2-85bb-dff4ea41a26d,function_execution_time,1779127402.181804,0.003898586
experiment_name,67b92919-bb69-4de2-85bb-dff4ea41a26d,function_execution_time,1779127402.1833348,0.001532765
experiment_name,67b92919-bb69-4de2-85bb-dff4ea41a26d,function_execution_time,1779127402.1894958,0.004217667
experiment_name,67b92919-bb69-4de2-85bb-dff4ea41a26d,function_execution_time,1779127402.1910567,0.001559494
experiment_name,67b92919-bb69-4de2-85bb-dff4ea41a26d,function_execution_time,1779127402.1951876,0.004123012
experiment_name,67b92919-bb69-4de2-85bb-dff4ea41a26d,function_execution_time,1779127402.1959426,0.000745901
experiment_name,67b92919-bb69-4de2-85bb-dff4ea41a26d,function_execution_time,1779127402.1979146,0.000616572
experiment_name,67b92919-bb69-4de2-85bb-dff4ea41a26d,function_execution_time,1779127402.2042556,0.000578001
experiment_name,67b92919-bb69-4de2-85bb-dff4ea41a26d,function_execution_time,1779127402.2114034,0.004732225
experiment_name,67b92919-bb69-4de2-85bb-dff4ea41a26d,function_execution_time,1779127402.2127626,0.001351937
experiment_name,67b92919-bb69-4de2-85bb-dff4ea41a26d,function_execution_time,1779127402.216367,0.003598348
experiment_name,67b92919-bb69-4de2-85bb-dff4ea41a26d,function_execution_time,1779127402.217768,0.001393705
experiment_name,67b92919-bb69-4de2-85bb-dff4ea41a26d,function_execution_time,1779127402.2185204,0.000750668
experiment_name,67b92919-bb69-4de2-85bb-dff4ea41a26d,function_execution_time,1779127402.2196686,0.000930514
experiment_name,67b92919-bb69-4de2-85bb-dff4ea41a26d,function_execution_time,1779127402.225579,0.000720368
experiment_name,67b92919-bb69-4de2-85bb-dff4ea41a26d,function_execution_time,1779127402.2290428,0.001167604
experiment_name,67b92919-bb69-4de2-85bb-dff4ea41a26d,function_execution_time,1779127402.2331796,0.004132779
experiment_name,67b92919-bb69-4de2-85bb-dff4ea41a26d,function_execution_time,1779127402.2369425,0.001482966
experiment_name,67b92919-bb69-4de2-85bb-dff4ea41a26d,function_execution_time,1779127402.2394204,0.000800318
experiment_name,67b92919-bb69-4de2-85bb-dff4ea41a26d,function_execution_time,1779127402.2467875,0.000640095
experiment_name,67b92919-bb69-4de2-85bb-dff4ea41a26d,function_execution_time,1779127402.2492273,0.00094932
experiment_name,67b92919-bb69-4de2-85bb-dff4ea41a26d,function_execution_time,1779127402.2546375,0.003374355
experiment_name,67b92919-bb69-4de2-85bb-dff4ea41a26d,function_execution_time,1779127402.2579195,0.00139701
experiment_name,67b92919-bb69-4de2-85bb-dff4ea41a26d,function_execution_time,1779127402.2597828,0.000947736
experiment_name,67b92919-bb69-4de2-85bb-dff4ea41a26d,function_execution_time,1779127402.266459,0.003614883
experiment_name,67b92919-bb69-4de2-85bb-dff4ea41a26d,function_execution_time,1779127402.2690585,0.001478865
experiment_name,67b92919-bb69-4de2-85bb-dff4ea41a26d,function_execution_time,1779127402.269927,0.00086383
experiment_name,67b92919-bb69-4de2-85bb-dff4ea41a26d,function_execution_time,1779127402.2739213,0.00082034
experiment_name,67b92919-bb69-4de2-85bb-dff4ea41a26d,function_execution_time,1779127402.279836,0.000754546
experiment_name,67b92919-bb69-4de2-85bb-dff4ea41a26d,function_execution_time,1779127402.2861586,0.001124498
experiment_name,67b92919-bb69-4de2-85bb-dff4ea41a26d,function_execution_time,1779127402.2928033,0.001463789
experiment_name,67b92919-bb69-4de2-85bb-dff4ea41a26d,function_execution_time,1779127402.2978258,0.000824251
experiment_name,67b92919-bb69-4de2-85bb-dff4ea41a26d,function_execution_time,1779127402.2997375,0.000743196
experiment_name,67b92919-bb69-4de2-85bb-dff4ea41a26d,function_execution_time,1779127402.307002,0.001094186
experiment_name,67b92919-bb69-4de2-85bb-dff4ea41a26d,function_execution_time,1779127402.3156843,0.001158368
experiment_name,67b92919-bb69-4de2-85bb-dff4ea41a26d,function_execution_time,1779127402.320596,0.001735689
experiment_name,67b92919-bb69-4de2-85bb-dff4ea41a26d,function_execution_time,1779127402.3217084,0.001108162
experiment_name,67b92919-bb69-4de2-85bb-dff4ea41a26d,function_execution_time,1779127402.328563,0.001169152
experiment_name,67b92919-bb69-4de2-85bb-dff4ea41a26d,function_execution_time,1779127402.3390346,0.00131418
experiment_name,67b92919-bb69-4de2-85bb-dff4ea41a26d,function_execution_time,1779127402.3487277,0.001211429
experiment_name,67b92919-bb69-4de2-85bb-dff4ea41a26d,function_execution_time,1779127402.3612337,0.001719879
experiment_name,67b92919-bb69-4de2-85bb-dff4ea41a26d,function_execution_time,1779127402.3718095,0.001865995
experiment_name,fc68cf26-efaf-4dc9-9936-14f337f700ad,function_execution_time,1779127401.6340857,0.00006162
experiment_name,fc68cf26-efaf-4dc9-9936-14f337f700ad,function_execution_time,1779127401.7345672,0.000097349
experiment_name,fc68cf26-efaf-4dc9-9936-14f337f700ad,function_execution_time,1779127401.8361628,0.000084295
experiment_name,fc68cf26-efaf-4dc9-9936-14f337f700ad,function_execution_time,1779127401.937501,0.000099345
experiment_name,fc68cf26-efaf-4dc9-9936-14f337f700ad,function_execution_time,1779127402.0389082,0.000069637
experiment_name,fc68cf26-efaf-4dc9-9936-14f337f700ad,function_execution_time,1779127402.139304,0.000068203
experiment_name,fc68cf26-efaf-4dc9-9936-14f337f700ad,function_execution_time,1779127402.2409265,0.000077171
experiment_name,fc68cf26-efaf-4dc9-9936-14f337f700ad,function_execution_time,1779127402.3421946,0.000072082
experiment_name,fc68cf26-efaf-4dc9-9936-14f337f700ad,function_execution_time,1779127402.4441311,0.000086373
experiment_name,fc68cf26-efaf-4dc9-9936-14f337f700ad,function_execution_time,1779127402.5444617,0.000086043
experiment_name,fc68cf26-efaf-4dc9-9936-14f337f700ad,function_execution_time,1779127402.6457148,0.000142042
experiment_name,fc68cf26-efaf-4dc9-9936-14f337f700ad,function_execution_time,1779127402.746958,0.000068515
experiment_name,fc68cf26-efaf-4dc9-9936-14f337f700ad,function_execution_time,1779127402.848294,0.00007383
experiment_name,fc68cf26-efaf-4dc9-9936-14f337f700ad,function_execution_time,1779127402.9496129,0.000078875
experiment_name,fc68cf26-efaf-4dc9-9936-14f337f700ad,function_execution_time,1779127403.0509534,0.000072015
experiment_name,fc68cf26-efaf-4dc9-9936-14f337f700ad,function_execution_time,1779127403.1522658,0.000070682
experiment_name,fc68cf26-efaf-4dc9-9936-14f337f700ad,function_execution_time,1779127403.2535987,0.000080318
experiment_name,fc68cf26-efaf-4dc9-9936-14f337f700ad,function_execution_time,1779127403.3549504,0.000072093
experiment_name,fc68cf26-efaf-4dc9-9936-14f337f700ad,function_execution_time,1779127403.456271,0.000072844
experiment_name,fc68cf26-efaf-4dc9-9936-14f337f700ad,function_execution_time,1779127403.5576117,0.000071417
experiment_name,fc68cf26-efaf-4dc9-9936-14f337f700ad,function_execution_time,1779127403.6589334,0.000145308
experiment_name,fc68cf26-efaf-4dc9-9936-14f337f700ad,function_execution_time,1779127403.7601695,0.000069487
experiment_name,fc68cf26-efaf-4dc9-9936-14f337f700ad,function_execution_time,1779127403.8614912,0.000088569
experiment_name,fc68cf26-efaf-4dc9-9936-14f337f700ad,function_execution_time,1779127403.9628649,0.000082553
experiment_name,fc68cf26-efaf-4dc9-9936-14f337f700ad,function_execution_time,1779127404.0642896,0.000074074
experiment_name,fc68cf26-efaf-4dc9-9936-14f337f700ad,function_execution_time,1779127404.1656191,0.000070975
experiment_name,fc68cf26-efaf-4dc9-9936-14f337f700ad,function_execution_time,1779127404.2669559,0.000080367
experiment_name,fc68cf26-efaf-4dc9-9936-14f337f700ad,function_execution_time,1779127404.368281,0.000068786
experiment_name,fc68cf26-efaf-4dc9-9936-14f337f700ad,function_execution_time,1779127404.4695692,0.000081074
experiment_name,fc68cf26-efaf-4dc9-9936-14f337f700ad,function_execution_time,1779127404.5708776,0.00007401
experiment_name,a896566d-338c-42b8-b529-9da99031bbc8,function_transfer_time,1779127401.8362832,0.000139702
experiment_name,a896566d-338c-42b8-b529-9da99031bbc8,function_transfer_time,1779127401.9375587,0.000097307
experiment_name,a896566d-338c-42b8-b529-9da99031bbc8,function_transfer_time,1779127402.0390105,0.000127765
experiment_name,a896566d-338c-42b8-b529-9da99031bbc8,function_transfer_time,1779127402.1393714,0.000088185
experiment_name,a896566d-338c-42b8-b529-9da99031bbc8,function_transfer_time,1779127402.2409234,0.000021093
experiment_name,a896566d-338c-42b8-b529-9da99031bbc8,function_transfer_time,1779127402.342178,0.000019854
experiment_name,a896566d-338c-42b8-b529-9da99031bbc8,function_transfer_time,1779127402.4441547,0.000120266
experiment_name,a896566d-338c-42b8-b529-9da99031bbc8,function_transfer_time,1779127402.544464,0.000104497
experiment_name,a896566d-338c-42b8-b529-9da99031bbc8,function_transfer_time,1779127402.6457174,0.000035778
experiment_name,a896566d-338c-42b8-b529-9da99031bbc8,function_transfer_time,1779127402.7470384,0.000116454
experiment_name,a896566d-338c-42b8-b529-9da99031bbc8,function_transfer_time,1779127402.8483953,0.000126963
experiment_name,a896566d-338c-42b8-b529-9da99031bbc8,function_transfer_time,1779127402.9496891,0.000098651
experiment_name,a896566d-338c-42b8-b529-9da99031bbc8,function_transfer_time,1779127403.0510576,0.000127491
experiment_name,a896566d-338c-42b8-b529-9da99031bbc8,function_transfer_time,1779127403.1523428,0.000106141
experiment_name,a896566d-338c-42b8-b529-9da99031bbc8,function_transfer_time,1779127403.2536988,0.000127178
experiment_name,a896566d-338c-42b8-b529-9da99031bbc8,function_transfer_time,1779127403.3549771,0.000054228
experiment_name,a896566d-338c-42b8-b529-9da99031bbc8,function_transfer_time,1779127403.456372,0.000128135
experiment_name,a896566d-338c-42b8-b529-9da99031bbc8,function_transfer_time,1779127403.5577087,0.000124878
experiment_name,a896566d-338c-42b8-b529-9da99031bbc8,function_transfer_time,1779127403.6589308,0.000031846
experiment_name,a896566d-338c-42b8-b529-9da99031bbc8,function_transfer_time,1779127403.7602394,0.000045022
experiment_name,a896566d-338c-42b8-b529-9da99031bbc8,function_transfer_time,1779127403.8615868,0.00011353
experiment_name,a896566d-338c-42b8-b529-9da99031bbc8,function_transfer_time,1779127403.9628878,0.000099552
experiment_name,a896566d-338c-42b8-b529-9da99031bbc8,function_transfer_time,1779127404.0643823,0.000115579
experiment_name,a896566d-338c-42b8-b529-9da99031bbc8,function_transfer_time,1779127404.1656914,0.000053371
experiment_name,a896566d-338c-42b8-b529-9da99031bbc8,function_transfer_time,1779127404.2670393,0.000115031
experiment_name,a896566d-338c-42b8-b529-9da99031bbc8,function_transfer_time,1779127404.3683658,0.000115887
experiment_name,a896566d-338c-42b8-b529-9da99031bbc8,function_transfer_time,1779127404.4696257,0.000087051
experiment_name,a896566d-338c-42b8-b529-9da99031bbc8,function_transfer_time,1779127404.5709705,0.000115502
experiment_name,67b92919-bb69-4de2-85bb-dff4ea41a26d,function_transfer_time,1779127402.060499,0.007260581
experiment_name,67b92919-bb69-4de2-85bb-dff4ea41a26d,function_transfer_time,1779127402.0756972,0.014116442
experiment_name,67b92919-bb69-4de2-85bb-dff4ea41a26d,function_transfer_time,1779127402.0835109,0.012935836
experiment_name,67b92919-bb69-4de2-85bb-dff4ea41a26d,function_transfer_time,1779127402.0886579,0.025629987
experiment_name,67b92919-bb69-4de2-85bb-dff4ea41a26d,function_transfer_time,1779127402.104714,0.01819831
experiment_name,67b92919-bb69-4de2-85bb-dff4ea41a26d,function_transfer_time,1779127402.1058025,0.039338388
experiment_name,67b92919-bb69-4de2-85bb-dff4ea41a26d,function_transfer_time,1779127402.1162102,0.046189185
experiment_name,67b92919-bb69-4de2-85bb-dff4ea41a26d,function_transfer_time,1779127402.124972,0.019135581
experiment_name,67b92919-bb69-4de2-85bb-dff4ea41a26d,function_transfer_time,1779127402.1261911,0.045224941
experiment_name,67b92919-bb69-4de2-85bb-dff4ea41a26d,function_transfer_time,1779127402.136144,0.050649835
experiment_name,67b92919-bb69-4de2-85bb-dff4ea41a26d,function_transfer_time,1779127402.1465232,0.058069174
experiment_name,67b92919-bb69-4de2-85bb-dff4ea41a26d,function_transfer_time,1779127402.1498904,0.041416464
experiment_name,67b92919-bb69-4de2-85bb-dff4ea41a26d,function_transfer_time,1779127402.1565382,0.067005818
experiment_name,67b92919-bb69-4de2-85bb-dff4ea41a26d,function_transfer_time,1779127402.160444,0.047642902
experiment_name,67b92919-bb69-4de2-85bb-dff4ea41a26d,function_transfer_time,1779127402.1632411,0.000096291
experiment_name,67b92919-bb69-4de2-85bb-dff4ea41a26d,function_transfer_time,1779127402.1666481,0.074955619
experiment_name,67b92919-bb69-4de2-85bb-dff4ea41a26d,function_transfer_time,1779127402.1708949,0.054234515
experiment_name,67b92919-bb69-4de2-85bb-dff4ea41a26d,function_transfer_time,1779127402.1772478,0.08502276
experiment_name,67b92919-bb69-4de2-85bb-dff4ea41a26d,function_transfer_time,1779127402.177898,0.000653069
experiment_name,67b92919-bb69-4de2-85bb-dff4ea41a26d,function_transfer_time,1779127402.181805,0.063682815
experiment_name,67b92919-bb69-4de2-85bb-dff4ea41a26d,function_transfer_time,1779127402.185268,0.000107961
experiment_name,67b92919-bb69-4de2-85bb-dff4ea41a26d,function_transfer_time,1779127402.1894984,0.095510978
experiment_name,67b92919-bb69-4de2-85bb-dff4ea41a26d,function_transfer_time,1779127402.1910582,0.000731742
experiment_name,67b92919-bb69-4de2-85bb-dff4ea41a26d,function_transfer_time,1779127402.195189,0.067384742
experiment_name,67b92919-bb69-4de2-85bb-dff4ea41a26d,function_transfer_time,1779127402.1972914,0.099597651
experiment_name,67b92919-bb69-4de2-85bb-dff4ea41a26d,function_transfer_time,1779127402.2036755,0.071442589
experiment_name,67b92919-bb69-4de2-85bb-dff4ea41a26d,function_transfer_time,1779127402.2066755,0.000133332
experiment_name,67b92919-bb69-4de2-85bb-dff4ea41a26d,function_transfer_time,1779127402.2114048,0.113618884
experiment_name,67b92919-bb69-4de2-85bb-dff4ea41a26d,function_transfer_time,1779127402.212765,0.005486281
experiment_name,67b92919-bb69-4de2-85bb-dff4ea41a26d,function_transfer_time,1779127402.2163687,0.08707525
experiment_name,67b92919-bb69-4de2-85bb-dff4ea41a26d,function_transfer_time,1779127402.2177699,0.11782347
experiment_name,67b92919-bb69-4de2-85bb-dff4ea41a26d,function_transfer_time,1779127402.2187362,0.000476775
experiment_name,67b92919-bb69-4de2-85bb-dff4ea41a26d,function_transfer_time,1779127402.2248552,0.088563073
experiment_name,67b92919-bb69-4de2-85bb-dff4ea41a26d,function_transfer_time,1779127402.2278724,0.000109876
experiment_name,67b92919-bb69-4de2-85bb-dff4ea41a26d,function_transfer_time,1779127402.2290442,0.001272963
experiment_name,67b92919-bb69-4de2-85bb-dff4ea41a26d,function_transfer_time,1779127402.2354536,0.094838013
experiment_name,67b92919-bb69-4de2-85bb-dff4ea41a26d,function_transfer_time,1779127402.2385871,0.000130228
experiment_name,67b92919-bb69-4de2-85bb-dff4ea41a26d,function_transfer_time,1779127402.246138,0.105089851
experiment_name,67b92919-bb69-4de2-85bb-dff4ea41a26d,function_transfer_time,1779127402.2482755,0.0001322
experiment_name,67b92919-bb69-4de2-85bb-dff4ea41a26d,function_transfer_time,1779127402.2512596,0.00010106
experiment_name,67b92919-bb69-4de2-85bb-dff4ea41a26d,function_transfer_time,1779127402.256514,0.120415136
experiment_name,67b92919-bb69-4de2-85bb-dff4ea41a26d,function_transfer_time,1779127402.258833,0.000110014
experiment_name,67b92919-bb69-4de2-85bb-dff4ea41a26d,function_transfer_time,1779127402.2628407,0.00014693
experiment_name,67b92919-bb69-4de2-85bb-dff4ea41a26d,function_transfer_time,1779127402.2675793,0.137631177
experiment_name,67b92919-bb69-4de2-85bb-dff4ea41a26d,function_transfer_time,1779127402.2690597,0.000715151
experiment_name,67b92919-bb69-4de2-85bb-dff4ea41a26d,function_transfer_time,1779127402.2730958,0.00009958
experiment_name,67b92919-bb69-4de2-85bb-dff4ea41a26d,function_transfer_time,1779127402.27908,0.000091917
experiment_name,67b92919-bb69-4de2-85bb-dff4ea41a26d,function_transfer_time,1779127402.285031,0.000130578
experiment_name,67b92919-bb69-4de2-85bb-dff4ea41a26d,function_transfer_time,1779127402.2913377,0.000111304
experiment_name,67b92919-bb69-4de2-85bb-dff4ea41a26d,function_transfer_time,1779127402.2969942,0.000121227
experiment_name,67b92919-bb69-4de2-85bb-dff4ea41a26d,function_transfer_time,1779127402.2989933,0.000140046
experiment_name,67b92919-bb69-4de2-85bb-dff4ea41a26d,function_transfer_time,1779127402.3059065,0.000104009
experiment_name,67b92919-bb69-4de2-85bb-dff4ea41a26d,function_transfer_time,1779127402.3145213,0.000454605
experiment_name,67b92919-bb69-4de2-85bb-dff4ea41a26d,function_transfer_time,1779127402.3188636,0.000108099
experiment_name,67b92919-bb69-4de2-85bb-dff4ea41a26d,function_transfer_time,1779127402.320597,0.000915193
experiment_name,67b92919-bb69-4de2-85bb-dff4ea41a26d,function_transfer_time,1779127402.3273635,0.000579934
experiment_name,67b92919-bb69-4de2-85bb-dff4ea41a26d,function_transfer_time,1779127402.3377228,0.000093043
experiment_name,67b92919-bb69-4de2-85bb-dff4ea41a26d,function_transfer_time,1779127402.3475142,0.000139385
experiment_name,67b92919-bb69-4de2-85bb-dff4ea41a26d,function_transfer_time,1779127402.359518,0.000708023
experiment_name,67b92919-bb69-4de2-85bb-dff4ea41a26d,function_transfer_time,1779127402.3699477,0.000637028
experiment_name,fc68cf26-efaf-4dc9-9936-14f337f700ad,function_transfer_time,1779127401.6340125,0.000031957
experiment_name,fc68cf26-efaf-4dc9-9936-14f337f700ad,function_transfer_time,1779127401.7344637,0.000034107
experiment_name,fc68cf26-efaf-4dc9-9936-14f337f700ad,function_transfer_time,1779127401.83608,0.000079786
experiment_name,fc68cf26-efaf-4dc9-9936-14f337f700ad,function_transfer_time,1779127401.9373975,0.000082086
experiment_name,fc68cf26-efaf-4dc9-9936-14f337f700ad,function_transfer_time,1779127402.038828,0.000024742
experiment_name,fc68cf26-efaf-4dc9-9936-14f337f700ad,function_transfer_time,1779127402.1392317,0.00001555
experiment_name,fc68cf26-efaf-4dc9-9936-14f337f700ad,function_transfer_time,1779127402.2408497,0.000012315
experiment_name,fc68cf26-efaf-4dc9-9936-14f337f700ad,function_transfer_time,1779127402.3421197,0.000014653
experiment_name,fc68cf26-efaf-4dc9-9936-14f337f700ad,function_transfer_time,1779127402.4439757,0.000022899
experiment_name,fc68cf26-efaf-4dc9-9936-14f337f700ad,function_transfer_time,1779127402.544308,0.000077989
experiment_name,fc68cf26-efaf-4dc9-9936-14f337f700ad,function_transfer_time,1779127402.645567,0.000023478
experiment_name,fc68cf26-efaf-4dc9-9936-14f337f700ad,function_transfer_time,1779127402.746872,0.000018351
experiment_name,fc68cf26-efaf-4dc9-9936-14f337f700ad,function_transfer_time,1779127402.8482127,0.00007902
experiment_name,fc68cf26-efaf-4dc9-9936-14f337f700ad,function_transfer_time,1779127402.9495292,0.000075789
experiment_name,fc68cf26-efaf-4dc9-9936-14f337f700ad,function_transfer_time,1779127403.0508757,0.000081932
experiment_name,fc68cf26-efaf-4dc9-9936-14f337f700ad,function_transfer_time,1779127403.1521816,0.000084446
experiment_name,fc68cf26-efaf-4dc9-9936-14f337f700ad,function_transfer_time,1779127403.2535179,0.000083164
experiment_name,fc68cf26-efaf-4dc9-9936-14f337f700ad,function_transfer_time,1779127403.3548656,0.000081382
experiment_name,fc68cf26-efaf-4dc9-9936-14f337f700ad,function_transfer_time,1779127403.4561896,0.000083421
experiment_name,fc68cf26-efaf-4dc9-9936-14f337f700ad,function_transfer_time,1779127403.5575278,0.00007899
experiment_name,fc68cf26-efaf-4dc9-9936-14f337f700ad,function_transfer_time,1779127403.6587803,0.000022215
experiment_name,fc68cf26-efaf-4dc9-9936-14f337f700ad,function_transfer_time,1779127403.7600887,0.000018069
experiment_name,fc68cf26-efaf-4dc9-9936-14f337f700ad,function_transfer_time,1779127403.8614042,0.000085109
experiment_name,fc68cf26-efaf-4dc9-9936-14f337f700ad,function_transfer_time,1779127403.9627907,0.000080645
experiment_name,fc68cf26-efaf-4dc9-9936-14f337f700ad,function_transfer_time,1779127404.0642092,0.00007805
experiment_name,fc68cf26-efaf-4dc9-9936-14f337f700ad,function_transfer_time,1779127404.1655345,0.000085016
experiment_name,fc68cf26-efaf-4dc9-9936-14f337f700ad,function_transfer_time,1779127404.266871,0.000075039
experiment_name,fc68cf26-efaf-4dc9-9936-14f337f700ad,function_transfer_time,1779127404.3681989,0.000096992
experiment_name,fc68cf26-efaf-4dc9-9936-14f337f700ad,function_transfer_time,1779127404.4694808,0.000023388
experiment_name,fc68cf26-efaf-4dc9-9936-14f337f700ad,function_transfer_time,1779127404.5707994,0.000077391
experiment_name,1d75cb41-3731-474b-bafa-1283958efc8b,function_instantiate_time,1779127402.0745196,0.404029646
experiment_name,4edf55a0-274c-495d-89af-dbe1b1ea94a9,function_instantiate_time,1779127402.076911,0.420428929
experiment_name,79aa2cb4-12c3-44a6-ac15-dbb3bdeabbfe,function_instantiate_time,1779127402.0568018,0.362158756
experiment_name,1255e234-705e-4bf2-9759-7fff5a20b43f,function_instantiate_time,1779127402.0828748,0.408299344
experiment_name,731a199f-5d52-46da-bae5-9b5c199ae7a4,function_instantiate_time,1779127402.0768645,0.429592272
experiment_name,88baec90-7024-40a9-9e07-2ce9a57a77a1,function_instantiate_time,1779127402.0675778,0.378958098
experiment_name,cd16964e-d847-4eb3-9a04-1385fcd22fbf,function_instantiate_time,1779127402.0641127,0.382153121
experiment_name,f71c4440-8dac-4308-821c-6646ba606a0c,function_instantiate_time,1779127402.0872216,0.427486609
experiment_name,12f2e8c5-3772-4935-8285-15ea26c52b70,function_instantiate_time,1779127402.0596063,0.370882041
experiment_name,946547c7-ff7b-4b35-83b6-ec73520ca7b6,function_instantiate_time,1779127402.09308,0.453643388
experiment_name,f5afbedd-b830-4d05-b85f-fb89d745f90d,function_instantiate_time,1779127402.0521126,0.351119456
experiment_name,eac21860-4063-4452-9b00-aa70e80bc2ff,function_instantiate_time,1779127402.0870185,0.4235471
experiment_name,82ee7af2-2560-4b22-9565-b947bef5ef38,function_instantiate_time,1779127402.0838635,0.448992558
experiment_name,c456d646-3ac8-4f5c-9967-4e0255a62e89,function_instantiate_time,1779127402.079873,0.436345505
experiment_name,2c466ca8-ea5e-4627-a5dc-875574f0bbbd,function_instantiate_time,1779127402.0873473,0.459012889
experiment_name,1255e234-705e-4bf2-9759-7fff5a20b43f,function_init_time,1779127402.0842893,0.001405843
experiment_name,88baec90-7024-40a9-9e07-2ce9a57a77a1,function_init_time,1779127402.0686004,0.001066693
experiment_name,946547c7-ff7b-4b35-83b6-ec73520ca7b6,function_init_time,1779127402.0930843,0.000276743
experiment_name,4edf55a0-274c-495d-89af-dbe1b1ea94a9,function_init_time,1779127402.0865378,0.009560216
experiment_name,f5afbedd-b830-4d05-b85f-fb89d745f90d,function_init_time,1779127402.0523577,0.000264335
experiment_name,cd16964e-d847-4eb3-9a04-1385fcd22fbf,function_init_time,1779127402.0644405,0.000811006
experiment_name,731a199f-5d52-46da-bae5-9b5c199ae7a4,function_init_time,1779127402.078553,0.001680456
experiment_name,f71c4440-8dac-4308-821c-6646ba606a0c,function_init_time,1779127402.0948663,0.007652407
experiment_name,2c466ca8-ea5e-4627-a5dc-875574f0bbbd,function_init_time,1779127402.0951934,0.007863741
experiment_name,c456d646-3ac8-4f5c-9967-4e0255a62e89,function_init_time,1779127402.081043,0.001085729
experiment_name,12f2e8c5-3772-4935-8285-15ea26c52b70,function_init_time,1779127402.0622067,0.000433615
experiment_name,79aa2cb4-12c3-44a6-ac15-dbb3bdeabbfe,function_init_time,1779127402.0590155,0.001032063
experiment_name,82ee7af2-2560-4b22-9565-b947bef5ef38,function_init_time,1779127402.0873559,0.002947355
experiment_name,eac21860-4063-4452-9b00-aa70e80bc2ff,function_init_time,1779127402.094847,0.007786666
experiment_name,1d75cb41-3731-474b-bafa-1283958efc8b,function_init_time,1779127402.0765483,0.000423447
experiment_name,731a199f-5d52-46da-bae5-9b5c199ae7a4,function_execution_time,1779127402.139806,0.061062915
experiment_name,731a199f-5d52-46da-bae5-9b5c199ae7a4,function_execution_time,1779127402.2429836,0.00027178
experiment_name,f71c4440-8dac-4308-821c-6646ba606a0c,function_execution_time,1779127402.2109578,0.116034601
experiment_name,f71c4440-8dac-4308-821c-6646ba606a0c,function_execution_time,1779127402.3192155,0.000275298
experiment_name,2c466ca8-ea5e-4627-a5dc-875574f0bbbd,function_execution_time,1779127402.2209358,0.12490972
experiment_name,2c466ca8-ea5e-4627-a5dc-875574f0bbbd,function_execution_time,1779127402.3253522,0.000297224
experiment_name,79aa2cb4-12c3-44a6-ac15-dbb3bdeabbfe,function_execution_time,1779127402.0942714,0.035188047
experiment_name,79aa2cb4-12c3-44a6-ac15-dbb3bdeabbfe,function_execution_time,1779127402.1954856,0.000306706
experiment_name,1255e234-705e-4bf2-9759-7fff5a20b43f,function_execution_time,1779127402.1501832,0.065865876
experiment_name,1255e234-705e-4bf2-9759-7fff5a20b43f,function_execution_time,1779127402.2527788,0.00028028
experiment_name,c456d646-3ac8-4f5c-9967-4e0255a62e89,function_execution_time,1779127402.1601613,0.078594781
experiment_name,c456d646-3ac8-4f5c-9967-4e0255a62e89,function_execution_time,1779127402.2633193,0.000280372
experiment_name,946547c7-ff7b-4b35-83b6-ec73520ca7b6,function_execution_time,1779127402.1908395,0.097666064
experiment_name,946547c7-ff7b-4b35-83b6-ec73520ca7b6,function_execution_time,1779127402.2959933,0.000276428
experiment_name,f5afbedd-b830-4d05-b85f-fb89d745f90d,function_execution_time,1779127402.067989,0.015522999
experiment_name,f5afbedd-b830-4d05-b85f-fb89d745f90d,function_execution_time,1779127402.1684532,0.000292725
experiment_name,88baec90-7024-40a9-9e07-2ce9a57a77a1,function_execution_time,1779127402.1199782,0.051209845
experiment_name,88baec90-7024-40a9-9e07-2ce9a57a77a1,function_execution_time,1779127402.2232676,0.000275928
experiment_name,cd16964e-d847-4eb3-9a04-1385fcd22fbf,function_execution_time,1779127402.1095757,0.045064671
experiment_name,cd16964e-d847-4eb3-9a04-1385fcd22fbf,function_execution_time,1779127402.2172077,0.000289206
experiment_name,4edf55a0-274c-495d-89af-dbe1b1ea94a9,function_execution_time,1779127402.1810224,0.09432667
experiment_name,4edf55a0-274c-495d-89af-dbe1b1ea94a9,function_execution_time,1779127402.2834744,0.00029065
experiment_name,82ee7af2-2560-4b22-9565-b947bef5ef38,function_execution_time,1779127402.1704025,0.082781051
experiment_name,82ee7af2-2560-4b22-9565-b947bef5ef38,function_execution_time,1779127402.2734244,0.000282872
experiment_name,12f2e8c5-3772-4935-8285-15ea26c52b70,function_execution_time,1779127402.0814533,0.0213083
experiment_name,12f2e8c5-3772-4935-8285-15ea26c52b70,function_execution_time,1779127402.1827111,0.000353984
experiment_name,eac21860-4063-4452-9b00-aa70e80bc2ff,function_execution_time,1779127402.2009165,0.106021438
experiment_name,eac21860-4063-4452-9b00-aa70e80bc2ff,function_execution_time,1779127402.3033013,0.00027715
experiment_name,1d75cb41-3731-474b-bafa-1283958efc8b,function_execution_time,1779127402.1298544,0.052799857
experiment_name,1d75cb41-3731-474b-bafa-1283958efc8b,function_execution_time,1779127402.2326066,0.000280335
experiment_name,c456d646-3ac8-4f5c-9967-4e0255a62e89,function_transfer_time,1779127402.0815458,0.000687579
experiment_name,c456d646-3ac8-4f5c-9967-4e0255a62e89,function_transfer_time,1779127402.2630358,0.003646379
experiment_name,4edf55a0-274c-495d-89af-dbe1b1ea94a9,function_transfer_time,1779127402.0865455,0.000253113
experiment_name,4edf55a0-274c-495d-89af-dbe1b1ea94a9,function_transfer_time,1779127402.2834692,0.003645268
experiment_name,79aa2cb4-12c3-44a6-ac15-dbb3bdeabbfe,function_transfer_time,1779127402.059334,0.000176686
experiment_name,79aa2cb4-12c3-44a6-ac15-dbb3bdeabbfe,function_transfer_time,1779127402.1951818,0.003638282
experiment_name,88baec90-7024-40a9-9e07-2ce9a57a77a1,function_transfer_time,1779127402.0686047,0.000045704
experiment_name,88baec90-7024-40a9-9e07-2ce9a57a77a1,function_transfer_time,1779127402.2229898,0.003641843
experiment_name,cd16964e-d847-4eb3-9a04-1385fcd22fbf,function_transfer_time,1779127402.0644612,0.000156539
experiment_name,cd16964e-d847-4eb3-9a04-1385fcd22fbf,function_transfer_time,1779127402.216919,0.003635366
experiment_name,946547c7-ff7b-4b35-83b6-ec73520ca7b6,function_transfer_time,1779127402.0941641,0.000234353
experiment_name,946547c7-ff7b-4b35-83b6-ec73520ca7b6,function_transfer_time,1779127402.295989,0.00358463
experiment_name,1d75cb41-3731-474b-bafa-1283958efc8b,function_transfer_time,1779127402.0770152,0.00224685
experiment_name,1d75cb41-3731-474b-bafa-1283958efc8b,function_transfer_time,1779127402.2323468,0.003609786
experiment_name,1255e234-705e-4bf2-9759-7fff5a20b43f,function_transfer_time,1779127402.0843253,0.001040026
experiment_name,1255e234-705e-4bf2-9759-7fff5a20b43f,function_transfer_time,1779127402.2525187,0.003602742
experiment_name,f5afbedd-b830-4d05-b85f-fb89d745f90d,function_transfer_time,1779127402.0523612,0.00003987
experiment_name,f5afbedd-b830-4d05-b85f-fb89d745f90d,function_transfer_time,1779127402.1684463,0.00364388
experiment_name,2c466ca8-ea5e-4627-a5dc-875574f0bbbd,function_transfer_time,1779127402.0952277,0.000248668
experiment_name,2c466ca8-ea5e-4627-a5dc-875574f0bbbd,function_transfer_time,1779127402.3250513,0.003635176
experiment_name,eac21860-4063-4452-9b00-aa70e80bc2ff,function_transfer_time,1779127402.0948517,0.000102686
experiment_name,eac21860-4063-4452-9b00-aa70e80bc2ff,function_transfer_time,1779127402.3030198,0.003592945
experiment_name,f71c4440-8dac-4308-821c-6646ba606a0c,function_transfer_time,1779127402.0948818,0.000122278
experiment_name,f71c4440-8dac-4308-821c-6646ba606a0c,function_transfer_time,1779127402.318937,0.003630934
experiment_name,12f2e8c5-3772-4935-8285-15ea26c52b70,function_transfer_time,1779127402.0622149,0.000077889
experiment_name,12f2e8c5-3772-4935-8285-15ea26c52b70,function_transfer_time,1779127402.1824732,0.0036628
experiment_name,731a199f-5d52-46da-bae5-9b5c199ae7a4,function_transfer_time,1779127402.0790439,0.000220095
experiment_name,731a199f-5d52-46da-bae5-9b5c199ae7a4,function_transfer_time,1779127402.2427108,0.003639037
experiment_name,82ee7af2-2560-4b22-9565-b947bef5ef38,function_transfer_time,1779127402.0873883,0.000520485
experiment_name,82ee7af2-2560-4b22-9565-b947bef5ef38,function_transfer_time,1779127402.273162,0.003594957
experiment_name,063c06d8-9538-41cb-bceb-dbe7d7234f81,function_instantiate_time,1779127402.1057858,0.437284671
experiment_name,8b639d7a-13e3-4e8a-a611-8c669efd0fe1,function_instantiate_time,1779127402.0928109,0.399153879
experiment_name,1b44b701-8dab-40ab-9723-6f2d1faf0d2e,function_instantiate_time,1779127402.1233954,0.468471692
experiment_name,d70ce920-8829-44bb-8293-ab964c4603da,function_instantiate_time,1779127402.0990841,0.414441221
experiment_name,f5e994f0-86ba-40d0-962d-bd20d0dcb8c9,function_instantiate_time,1779127402.077476,0.382097844
experiment_name,6bb39174-2394-482d-b542-cd6a922fc688,function_instantiate_time,1779127402.0928273,0.428791986
experiment_name,ce3f2cfb-8034-41d3-910c-520ec2f13097,function_instantiate_time,1779127402.092831,0.457460478
experiment_name,90f616ca-db2f-4bbe-a80b-9b1100de1e79,function_instantiate_time,1779127402.1053517,0.445172759
experiment_name,ea1c7474-a500-4995-9d79-474e0024246b,function_instantiate_time,1779127402.1005902,0.419120001
experiment_name,6b456c5b-b9a9-40ad-b293-906e7ea184f3,function_instantiate_time,1779127402.101713,0.463246021
experiment_name,ad339ac0-7cbe-4949-a9a0-b819e16cb874,function_instantiate_time,1779127402.0887892,0.415799265
experiment_name,28859834-0497-4fee-be27-212d90d7e594,function_instantiate_time,1779127402.1025324,0.45503693
experiment_name,d65ad9cb-1c64-4435-9af4-d0282994d93d,function_instantiate_time,1779127402.1126285,0.46821732
experiment_name,e97022cc-3d82-4206-94d4-4cda31d3be53,function_instantiate_time,1779127402.0684786,0.368887806
experiment_name,64d35cf5-bb0b-4f4d-84f6-151863106907,function_instantiate_time,1779127402.1005976,0.472032003
experiment_name,ce3f2cfb-8034-41d3-910c-520ec2f13097,function_init_time,1779127402.1053655,0.01334726
experiment_name,90f616ca-db2f-4bbe-a80b-9b1100de1e79,function_init_time,1779127402.10797,0.004301148
experiment_name,e97022cc-3d82-4206-94d4-4cda31d3be53,function_init_time,1779127402.068913,0.000484613
experiment_name,d70ce920-8829-44bb-8293-ab964c4603da,function_init_time,1779127402.1005936,0.002195417
experiment_name,ad339ac0-7cbe-4949-a9a0-b819e16cb874,function_init_time,1779127402.0982413,0.009350818
experiment_name,f5e994f0-86ba-40d0-962d-bd20d0dcb8c9,function_init_time,1779127402.07749,0.0009238
experiment_name,64d35cf5-bb0b-4f4d-84f6-151863106907,function_init_time,1779127402.1212459,0.020663514
experiment_name,063c06d8-9538-41cb-bceb-dbe7d7234f81,function_init_time,1779127402.1212394,0.015336695
experiment_name,6bb39174-2394-482d-b542-cd6a922fc688,function_init_time,1779127402.0928452,0.001053227
experiment_name,6b456c5b-b9a9-40ad-b293-906e7ea184f3,function_init_time,1779127402.1025596,0.000777355
experiment_name,28859834-0497-4fee-be27-212d90d7e594,function_init_time,1779127402.122889,0.019576917
experiment_name,d65ad9cb-1c64-4435-9af4-d0282994d93d,function_init_time,1779127402.1173923,0.002270621
experiment_name,ea1c7474-a500-4995-9d79-474e0024246b,function_init_time,1779127402.1091444,0.008678241
experiment_name,8b639d7a-13e3-4e8a-a611-8c669efd0fe1,function_init_time,1779127402.119931,0.031060058
experiment_name,1b44b701-8dab-40ab-9723-6f2d1faf0d2e,function_init_time,1779127402.1336052,0.00843211
experiment_name,6bb39174-2394-482d-b542-cd6a922fc688,function_execution_time,1779127402.17125,0.07719242
experiment_name,6bb39174-2394-482d-b542-cd6a922fc688,function_execution_time,1779127402.27421,0.000330613
experiment_name,8b639d7a-13e3-4e8a-a611-8c669efd0fe1,function_execution_time,1779127402.256772,0.136777025
experiment_name,8b639d7a-13e3-4e8a-a611-8c669efd0fe1,function_execution_time,1779127402.3614619,0.000332482
experiment_name,d65ad9cb-1c64-4435-9af4-d0282994d93d,function_execution_time,1779127402.181752,0.068126141
experiment_name,d65ad9cb-1c64-4435-9af4-d0282994d93d,function_execution_time,1779127402.2863219,0.000298427
experiment_name,64d35cf5-bb0b-4f4d-84f6-151863106907,function_execution_time,1779127402.2678256,0.146624807
experiment_name,64d35cf5-bb0b-4f4d-84f6-151863106907,function_execution_time,1779127402.3720167,0.000346705
experiment_name,90f616ca-db2f-4bbe-a80b-9b1100de1e79,function_execution_time,1779127402.2040317,0.095975722
experiment_name,90f616ca-db2f-4bbe-a80b-9b1100de1e79,function_execution_time,1779127402.3072429,0.000300816
experiment_name,f5e994f0-86ba-40d0-962d-bd20d0dcb8c9,function_execution_time,1779127402.1220086,0.043915297
experiment_name,f5e994f0-86ba-40d0-962d-bd20d0dcb8c9,function_execution_time,1779127402.208582,0.000397484
experiment_name,ea1c7474-a500-4995-9d79-474e0024246b,function_execution_time,1779127402.16084,0.051624534
experiment_name,ea1c7474-a500-4995-9d79-474e0024246b,function_execution_time,1779127402.2639968,0.000385502
experiment_name,ce3f2cfb-8034-41d3-910c-520ec2f13097,function_execution_time,1779127402.2252293,0.119683267
experiment_name,ce3f2cfb-8034-41d3-910c-520ec2f13097,function_execution_time,1779127402.3287492,0.000291797
experiment_name,28859834-0497-4fee-be27-212d90d7e594,function_execution_time,1779127402.193522,0.071013153
experiment_name,28859834-0497-4fee-be27-212d90d7e594,function_execution_time,1779127402.29798,0.00031102
experiment_name,1b44b701-8dab-40ab-9723-6f2d1faf0d2e,function_execution_time,1779127402.2464702,0.112713534
experiment_name,1b44b701-8dab-40ab-9723-6f2d1faf0d2e,function_execution_time,1779127402.3490086,0.000337353
experiment_name,ad339ac0-7cbe-4949-a9a0-b819e16cb874,function_execution_time,1779127402.1336231,0.034202978
experiment_name,ad339ac0-7cbe-4949-a9a0-b819e16cb874,function_execution_time,1779127402.2306228,0.000326353
experiment_name,e97022cc-3d82-4206-94d4-4cda31d3be53,function_execution_time,1779127402.092821,0.020943997
experiment_name,e97022cc-3d82-4206-94d4-4cda31d3be53,function_execution_time,1779127402.1870377,0.000342538
experiment_name,d70ce920-8829-44bb-8293-ab964c4603da,function_execution_time,1779127402.1503165,0.049605599
experiment_name,d70ce920-8829-44bb-8293-ab964c4603da,function_execution_time,1779127402.2529373,0.000354631
experiment_name,6b456c5b-b9a9-40ad-b293-906e7ea184f3,function_execution_time,1779127402.2146,0.109189519
experiment_name,6b456c5b-b9a9-40ad-b293-906e7ea184f3,function_execution_time,1779127402.3208344,0.000353834
experiment_name,063c06d8-9538-41cb-bceb-dbe7d7234f81,function_execution_time,1779127402.2357578,0.114577246
experiment_name,063c06d8-9538-41cb-bceb-dbe7d7234f81,function_execution_time,1779127402.3392167,0.00033202
experiment_name,ea1c7474-a500-4995-9d79-474e0024246b,function_transfer_time,1779127402.109161,0.000104056
experiment_name,ea1c7474-a500-4995-9d79-474e0024246b,function_transfer_time,1779127402.2636101,0.000300878
experiment_name,ce3f2cfb-8034-41d3-910c-520ec2f13097,function_transfer_time,1779127402.105522,0.000790651
experiment_name,ce3f2cfb-8034-41d3-910c-520ec2f13097,function_transfer_time,1779127402.328451,0.000229906
experiment_name,6b456c5b-b9a9-40ad-b293-906e7ea184f3,function_transfer_time,1779127402.1054056,0.002963124
experiment_name,6b456c5b-b9a9-40ad-b293-906e7ea184f3,function_transfer_time,1779127402.320452,0.000707249
experiment_name,8b639d7a-13e3-4e8a-a611-8c669efd0fe1,function_transfer_time,1779127402.1200037,0.000200927
experiment_name,8b639d7a-13e3-4e8a-a611-8c669efd0fe1,function_transfer_time,1779127402.361123,0.000258241
experiment_name,90f616ca-db2f-4bbe-a80b-9b1100de1e79,function_transfer_time,1779127402.107978,0.002606123
experiment_name,90f616ca-db2f-4bbe-a80b-9b1100de1e79,function_transfer_time,1779127402.306936,0.000227911
experiment_name,6bb39174-2394-482d-b542-cd6a922fc688,function_transfer_time,1779127402.094423,0.002263935
experiment_name,6bb39174-2394-482d-b542-cd6a922fc688,function_transfer_time,1779127402.273851,0.000272864
experiment_name,063c06d8-9538-41cb-bceb-dbe7d7234f81,function_transfer_time,1779127402.1212432,0.000054686
experiment_name,063c06d8-9538-41cb-bceb-dbe7d7234f81,function_transfer_time,1779127402.338879,0.00022455
experiment_name,e97022cc-3d82-4206-94d4-4cda31d3be53,function_transfer_time,1779127402.068929,0.00004326
experiment_name,e97022cc-3d82-4206-94d4-4cda31d3be53,function_transfer_time,1779127402.1866934,0.000339861
experiment_name,64d35cf5-bb0b-4f4d-84f6-151863106907,function_transfer_time,1779127402.1212502,0.000870393
experiment_name,64d35cf5-bb0b-4f4d-84f6-151863106907,function_transfer_time,1779127402.3716662,0.000267016
experiment_name,d65ad9cb-1c64-4435-9af4-d0282994d93d,function_transfer_time,1779127402.117409,0.000266408
experiment_name,d65ad9cb-1c64-4435-9af4-d0282994d93d,function_transfer_time,1779127402.2860174,0.000238137
experiment_name,ad339ac0-7cbe-4949-a9a0-b819e16cb874,function_transfer_time,1779127402.0982475,0.005500023
experiment_name,ad339ac0-7cbe-4949-a9a0-b819e16cb874,function_transfer_time,1779127402.2302964,0.000368159
experiment_name,d70ce920-8829-44bb-8293-ab964c4603da,function_transfer_time,1779127402.100633,0.000208389
experiment_name,d70ce920-8829-44bb-8293-ab964c4603da,function_transfer_time,1779127402.2525623,0.000283603
experiment_name,1b44b701-8dab-40ab-9723-6f2d1faf0d2e,function_transfer_time,1779127402.1379042,0.002295269
experiment_name,1b44b701-8dab-40ab-9723-6f2d1faf0d2e,function_transfer_time,1779127402.348643,0.00023406
experiment_name,f5e994f0-86ba-40d0-962d-bd20d0dcb8c9,function_transfer_time,1779127402.0801828,0.001371672
experiment_name,f5e994f0-86ba-40d0-962d-bd20d0dcb8c9,function_transfer_time,1779127402.208185,0.000296464
experiment_name,28859834-0497-4fee-be27-212d90d7e594,function_transfer_time,1779127402.1229026,0.000093519
experiment_name,28859834-0497-4fee-be27-212d90d7e594,function_transfer_time,1779127402.297663,0.000234428
experiment_name,fc68cf26-efaf-4dc9-9936-14f337f700ad,function_execution_time,1779127404.6719356,0.000105602
experiment_name,fc68cf26-efaf-4dc9-9936-14f337f700ad,function_execution_time,1779127404.773506,0.00013785
experiment_name,fc68cf26-efaf-4dc9-9936-14f337f700ad,function_execution_time,1779127404.8748682,0.000132125
experiment_name,fc68cf26-efaf-4dc9-9936-14f337f700ad,function_execution_time,1779127404.9762568,0.000098923
experiment_name,fc68cf26-efaf-4dc9-9936-14f337f700ad,function_execution_time,1779127405.077506,0.000087531
experiment_name,fc68cf26-efaf-4dc9-9936-14f337f700ad,function_execution_time,1779127405.1788206,0.000074238
experiment_name,fc68cf26-efaf-4dc9-9936-14f337f700ad,function_execution_time,1779127405.28018,0.000102991
experiment_name,fc68cf26-efaf-4dc9-9936-14f337f700ad,function_execution_time,1779127405.3815417,0.000100392
experiment_name,fc68cf26-efaf-4dc9-9936-14f337f700ad,function_execution_time,1779127405.4828012,0.000078501
experiment_name,fc68cf26-efaf-4dc9-9936-14f337f700ad,function_execution_time,1779127405.5840964,0.000075503
experiment_name,fc68cf26-efaf-4dc9-9936-14f337f700ad,function_execution_time,1779127405.6845143,0.000160604
experiment_name,fc68cf26-efaf-4dc9-9936-14f337f700ad,function_execution_time,1779127405.7858531,0.000072607
experiment_name,fc68cf26-efaf-4dc9-9936-14f337f700ad,function_execution_time,1779127405.8871036,0.000069032
experiment_name,fc68cf26-efaf-4dc9-9936-14f337f700ad,function_execution_time,1779127405.9874513,0.000088635
experiment_name,fc68cf26-efaf-4dc9-9936-14f337f700ad,function_execution_time,1779127406.088721,0.000079218
experiment_name,fc68cf26-efaf-4dc9-9936-14f337f700ad,function_execution_time,1779127406.1900551,0.000071866
experiment_name,fc68cf26-efaf-4dc9-9936-14f337f700ad,function_execution_time,1779127406.291369,0.000069456
experiment_name,fc68cf26-efaf-4dc9-9936-14f337f700ad,function_execution_time,1779127406.3927062,0.000078868
experiment_name,fc68cf26-efaf-4dc9-9936-14f337f700ad,function_execution_time,1779127406.4941123,0.000078387
experiment_name,fc68cf26-efaf-4dc9-9936-14f337f700ad,function_execution_time,1779127406.5953412,0.000072371
experiment_name,fc68cf26-efaf-4dc9-9936-14f337f700ad,function_execution_time,1779127406.696755,0.00015433
experiment_name,fc68cf26-efaf-4dc9-9936-14f337f700ad,function_execution_time,1779127406.7980561,0.000072746
experiment_name,fc68cf26-efaf-4dc9-9936-14f337f700ad,function_execution_time,1779127406.8983834,0.000072827
experiment_name,fc68cf26-efaf-4dc9-9936-14f337f700ad,function_execution_time,1779127406.999715,0.000072698
experiment_name,fc68cf26-efaf-4dc9-9936-14f337f700ad,function_execution_time,1779127407.1010604,0.000082748
experiment_name,fc68cf26-efaf-4dc9-9936-14f337f700ad,function_execution_time,1779127407.2014894,0.000082961
experiment_name,fc68cf26-efaf-4dc9-9936-14f337f700ad,function_execution_time,1779127407.302719,0.000075495
experiment_name,fc68cf26-efaf-4dc9-9936-14f337f700ad,function_execution_time,1779127407.40413,0.000085748
experiment_name,fc68cf26-efaf-4dc9-9936-14f337f700ad,function_execution_time,1779127407.5053697,0.000074731
experiment_name,fc68cf26-efaf-4dc9-9936-14f337f700ad,function_execution_time,1779127407.6066892,0.00007356
experiment_name,fc68cf26-efaf-4dc9-9936-14f337f700ad,function_execution_time,1779127407.708121,0.000153324
experiment_name,fc68cf26-efaf-4dc9-9936-14f337f700ad,function_execution_time,1779127407.8084805,0.000086229
experiment_name,fc68cf26-efaf-4dc9-9936-14f337f700ad,function_execution_time,1779127407.9097614,0.000070966
experiment_name,fc68cf26-efaf-4dc9-9936-14f337f700ad,function_execution_time,1779127408.011068,0.000072955
experiment_name,fc68cf26-efaf-4dc9-9936-14f337f700ad,function_execution_time,1779127408.111402,0.000082389
experiment_name,fc68cf26-efaf-4dc9-9936-14f337f700ad,function_execution_time,1779127408.2126973,0.000072757
experiment_name,fc68cf26-efaf-4dc9-9936-14f337f700ad,function_execution_time,1779127408.3140213,0.000071355
experiment_name,fc68cf26-efaf-4dc9-9936-14f337f700ad,function_execution_time,1779127408.415348,0.000071158
experiment_name,fc68cf26-efaf-4dc9-9936-14f337f700ad,function_execution_time,1779127408.5166647,0.000081689
experiment_name,fc68cf26-efaf-4dc9-9936-14f337f700ad,function_execution_time,1779127408.6180017,0.000073196
experiment_name,fc68cf26-efaf-4dc9-9936-14f337f700ad,function_execution_time,1779127408.7193813,0.000141564
experiment_name,fc68cf26-efaf-4dc9-9936-14f337f700ad,function_execution_time,1779127408.8208435,0.000082975
experiment_name,fc68cf26-efaf-4dc9-9936-14f337f700ad,function_execution_time,1779127408.922073,0.000069846
experiment_name,fc68cf26-efaf-4dc9-9936-14f337f700ad,function_execution_time,1779127409.0223842,0.000078442
experiment_name,fc68cf26-efaf-4dc9-9936-14f337f700ad,function_execution_time,1779127409.1236615,0.000068147
experiment_name,fc68cf26-efaf-4dc9-9936-14f337f700ad,function_execution_time,1779127409.2251318,0.000081153
experiment_name,fc68cf26-efaf-4dc9-9936-14f337f700ad,function_execution_time,1779127409.325529,0.000091988
experiment_name,fc68cf26-efaf-4dc9-9936-14f337f700ad,function_execution_time,1779127409.4267766,0.000071917
experiment_name,fc68cf26-efaf-4dc9-9936-14f337f700ad,function_execution_time,1779127409.5280714,0.000077853
experiment_name,a896566d-338c-42b8-b529-9da99031bbc8,function_execution_time,1779127404.6720567,0.000078164
experiment_name,a896566d-338c-42b8-b529-9da99031bbc8,function_execution_time,1779127404.7735715,0.000082903
experiment_name,a896566d-338c-42b8-b529-9da99031bbc8,function_execution_time,1779127404.8750305,0.000097722
experiment_name,a896566d-338c-42b8-b529-9da99031bbc8,function_execution_time,1779127404.9763513,0.000077956
experiment_name,a896566d-338c-42b8-b529-9da99031bbc8,function_execution_time,1779127405.0776842,0.000066874
experiment_name,a896566d-338c-42b8-b529-9da99031bbc8,function_execution_time,1779127405.1789768,0.000056124
experiment_name,a896566d-338c-42b8-b529-9da99031bbc8,function_execution_time,1779127405.2802482,0.000057797
experiment_name,a896566d-338c-42b8-b529-9da99031bbc8,function_execution_time,1779127405.3816326,0.000056465
experiment_name,a896566d-338c-42b8-b529-9da99031bbc8,function_execution_time,1779127405.4829676,0.000057482
experiment_name,a896566d-338c-42b8-b529-9da99031bbc8,function_execution_time,1779127405.5842514,0.000065262
experiment_name,a896566d-338c-42b8-b529-9da99031bbc8,function_execution_time,1779127405.6845744,0.000054288
experiment_name,a896566d-338c-42b8-b529-9da99031bbc8,function_execution_time,1779127405.7860112,0.000054827
experiment_name,a896566d-338c-42b8-b529-9da99031bbc8,function_execution_time,1779127405.88726,0.000062465
experiment_name,a896566d-338c-42b8-b529-9da99031bbc8,function_execution_time,1779127405.9875665,0.000062377
experiment_name,a896566d-338c-42b8-b529-9da99031bbc8,function_execution_time,1779127406.088796,0.000057385
experiment_name,a896566d-338c-42b8-b529-9da99031bbc8,function_execution_time,1779127406.1901908,0.000055151
experiment_name,a896566d-338c-42b8-b529-9da99031bbc8,function_execution_time,1779127406.2914567,0.000069325
experiment_name,a896566d-338c-42b8-b529-9da99031bbc8,function_execution_time,1779127406.3928697,0.000062312
experiment_name,a896566d-338c-42b8-b529-9da99031bbc8,function_execution_time,1779127406.494114,0.000059547
experiment_name,a896566d-338c-42b8-b529-9da99031bbc8,function_execution_time,1779127406.5955055,0.000054146
experiment_name,a896566d-338c-42b8-b529-9da99031bbc8,function_execution_time,1779127406.6968074,0.000055948
experiment_name,a896566d-338c-42b8-b529-9da99031bbc8,function_execution_time,1779127406.7981997,0.00005538
experiment_name,a896566d-338c-42b8-b529-9da99031bbc8,function_execution_time,1779127406.8984838,0.000078951
experiment_name,a896566d-338c-42b8-b529-9da99031bbc8,function_execution_time,1779127406.9998796,0.000055747
experiment_name,a896566d-338c-42b8-b529-9da99031bbc8,function_execution_time,1779127407.1012232,0.000055709
experiment_name,a896566d-338c-42b8-b529-9da99031bbc8,function_execution_time,1779127407.2015712,0.000063923
experiment_name,a896566d-338c-42b8-b529-9da99031bbc8,function_execution_time,1779127407.302881,0.000063242
experiment_name,a896566d-338c-42b8-b529-9da99031bbc8,function_execution_time,1779127407.4042244,0.000055605
experiment_name,a896566d-338c-42b8-b529-9da99031bbc8,function_execution_time,1779127407.5055246,0.000054829
experiment_name,a896566d-338c-42b8-b529-9da99031bbc8,function_execution_time,1779127407.6068342,0.000056358
experiment_name,a896566d-338c-42b8-b529-9da99031bbc8,function_execution_time,1779127407.7081764,0.000058097
experiment_name,a896566d-338c-42b8-b529-9da99031bbc8,function_execution_time,1779127407.8085802,0.000063342
experiment_name,a896566d-338c-42b8-b529-9da99031bbc8,function_execution_time,1779127407.9098992,0.000055026
experiment_name,a896566d-338c-42b8-b529-9da99031bbc8,function_execution_time,1779127408.0112243,0.000054691
experiment_name,a896566d-338c-42b8-b529-9da99031bbc8,function_execution_time,1779127408.1115258,0.000053762
experiment_name,a896566d-338c-42b8-b529-9da99031bbc8,function_execution_time,1779127408.2128613,0.000062991
experiment_name,a896566d-338c-42b8-b529-9da99031bbc8,function_execution_time,1779127408.3141096,0.000062995
experiment_name,a896566d-338c-42b8-b529-9da99031bbc8,function_execution_time,1779127408.4155118,0.000053568
experiment_name,a896566d-338c-42b8-b529-9da99031bbc8,function_execution_time,1779127408.5168214,0.000055659
experiment_name,a896566d-338c-42b8-b529-9da99031bbc8,function_execution_time,1779127408.618158,0.000054824
experiment_name,a896566d-338c-42b8-b529-9da99031bbc8,function_execution_time,1779127408.7194526,0.000073901
experiment_name,a896566d-338c-42b8-b529-9da99031bbc8,function_execution_time,1779127408.820932,0.000053814
experiment_name,a896566d-338c-42b8-b529-9da99031bbc8,function_execution_time,1779127408.92225,0.000058126
experiment_name,a896566d-338c-42b8-b529-9da99031bbc8,function_execution_time,1779127409.0225403,0.000056896
experiment_name,a896566d-338c-42b8-b529-9da99031bbc8,function_execution_time,1779127409.1238198,0.000061722
experiment_name,a896566d-338c-42b8-b529-9da99031bbc8,function_execution_time,1779127409.2252731,0.000054277
experiment_name,a896566d-338c-42b8-b529-9da99031bbc8,function_execution_time,1779127409.325617,0.000054308
experiment_name,a896566d-338c-42b8-b529-9da99031bbc8,function_execution_time,1779127409.4269333,0.00005433
experiment_name,a896566d-338c-42b8-b529-9da99031bbc8,function_execution_time,1779127409.5282679,0.000076825
experiment_name,fc68cf26-efaf-4dc9-9936-14f337f700ad,function_transfer_time,1779127404.6717687,0.000087796
experiment_name,fc68cf26-efaf-4dc9-9936-14f337f700ad,function_transfer_time,1779127404.77333,0.000109746
experiment_name,fc68cf26-efaf-4dc9-9936-14f337f700ad,function_transfer_time,1779127404.8747287,0.000105742
experiment_name,fc68cf26-efaf-4dc9-9936-14f337f700ad,function_transfer_time,1779127404.9761095,0.000086548
experiment_name,fc68cf26-efaf-4dc9-9936-14f337f700ad,function_transfer_time,1779127405.0774188,0.000082228
experiment_name,fc68cf26-efaf-4dc9-9936-14f337f700ad,function_transfer_time,1779127405.178743,0.000077271
experiment_name,fc68cf26-efaf-4dc9-9936-14f337f700ad,function_transfer_time,1779127405.280076,0.000048039
experiment_name,fc68cf26-efaf-4dc9-9936-14f337f700ad,function_transfer_time,1779127405.3813863,0.000078387
experiment_name,fc68cf26-efaf-4dc9-9936-14f337f700ad,function_transfer_time,1779127405.4827218,0.000078818
experiment_name,fc68cf26-efaf-4dc9-9936-14f337f700ad,function_transfer_time,1779127405.584016,0.000073603
experiment_name,fc68cf26-efaf-4dc9-9936-14f337f700ad,function_transfer_time,1779127405.684352,0.000083326
experiment_name,fc68cf26-efaf-4dc9-9936-14f337f700ad,function_transfer_time,1779127405.7857811,0.000081423
experiment_name,fc68cf26-efaf-4dc9-9936-14f337f700ad,function_transfer_time,1779127405.8870234,0.000019663
experiment_name,fc68cf26-efaf-4dc9-9936-14f337f700ad,function_transfer_time,1779127405.9873567,0.000077288
experiment_name,fc68cf26-efaf-4dc9-9936-14f337f700ad,function_transfer_time,1779127406.0886414,0.000082235
experiment_name,fc68cf26-efaf-4dc9-9936-14f337f700ad,function_transfer_time,1779127406.1899786,0.000084269
experiment_name,fc68cf26-efaf-4dc9-9936-14f337f700ad,function_transfer_time,1779127406.2912836,0.00007823
experiment_name,fc68cf26-efaf-4dc9-9936-14f337f700ad,function_transfer_time,1779127406.3926206,0.000080998
experiment_name,fc68cf26-efaf-4dc9-9936-14f337f700ad,function_transfer_time,1779127406.4939678,0.000087404
experiment_name,fc68cf26-efaf-4dc9-9936-14f337f700ad,function_transfer_time,1779127406.5952632,0.000082256
experiment_name,fc68cf26-efaf-4dc9-9936-14f337f700ad,function_transfer_time,1779127406.6965997,0.000081237
experiment_name,fc68cf26-efaf-4dc9-9936-14f337f700ad,function_transfer_time,1779127406.797979,0.000023217
experiment_name,fc68cf26-efaf-4dc9-9936-14f337f700ad,function_transfer_time,1779127406.8983083,0.000083764
experiment_name,fc68cf26-efaf-4dc9-9936-14f337f700ad,function_transfer_time,1779127406.9996362,0.000095164
experiment_name,fc68cf26-efaf-4dc9-9936-14f337f700ad,function_transfer_time,1779127407.1009746,0.000081661
experiment_name,fc68cf26-efaf-4dc9-9936-14f337f700ad,function_transfer_time,1779127407.2013383,0.000098649
experiment_name,fc68cf26-efaf-4dc9-9936-14f337f700ad,function_transfer_time,1779127407.3026423,0.00007832
experiment_name,fc68cf26-efaf-4dc9-9936-14f337f700ad,function_transfer_time,1779127407.4039779,0.00008444
experiment_name,fc68cf26-efaf-4dc9-9936-14f337f700ad,function_transfer_time,1779127407.5052946,0.000084039
experiment_name,fc68cf26-efaf-4dc9-9936-14f337f700ad,function_transfer_time,1779127407.6066113,0.0000841
experiment_name,fc68cf26-efaf-4dc9-9936-14f337f700ad,function_transfer_time,1779127407.707958,0.000086894
experiment_name,fc68cf26-efaf-4dc9-9936-14f337f700ad,function_transfer_time,1779127407.8083305,0.000082748
experiment_name,fc68cf26-efaf-4dc9-9936-14f337f700ad,function_transfer_time,1779127407.9096777,0.000085642
experiment_name,fc68cf26-efaf-4dc9-9936-14f337f700ad,function_transfer_time,1779127408.0109923,0.000086501
experiment_name,fc68cf26-efaf-4dc9-9936-14f337f700ad,function_transfer_time,1779127408.1113138,0.000076767
experiment_name,fc68cf26-efaf-4dc9-9936-14f337f700ad,function_transfer_time,1779127408.2126198,0.000083396
experiment_name,fc68cf26-efaf-4dc9-9936-14f337f700ad,function_transfer_time,1779127408.313937,0.000078869
experiment_name,fc68cf26-efaf-4dc9-9936-14f337f700ad,function_transfer_time,1779127408.4152708,0.000074789
experiment_name,fc68cf26-efaf-4dc9-9936-14f337f700ad,function_transfer_time,1779127408.5165794,0.000080191
experiment_name,fc68cf26-efaf-4dc9-9936-14f337f700ad,function_transfer_time,1779127408.617924,0.000082121
experiment_name,fc68cf26-efaf-4dc9-9936-14f337f700ad,function_transfer_time,1779127408.7192297,0.000082729
experiment_name,fc68cf26-efaf-4dc9-9936-14f337f700ad,function_transfer_time,1779127408.8206987,0.000074406
experiment_name,fc68cf26-efaf-4dc9-9936-14f337f700ad,function_transfer_time,1779127408.9219842,0.0000763
experiment_name,fc68cf26-efaf-4dc9-9936-14f337f700ad,function_transfer_time,1779127409.022307,0.000078351
experiment_name,fc68cf26-efaf-4dc9-9936-14f337f700ad,function_transfer_time,1779127409.123658,0.000022591
experiment_name,fc68cf26-efaf-4dc9-9936-14f337f700ad,function_transfer_time,1779127409.2250519,0.000080858
experiment_name,fc68cf26-efaf-4dc9-9936-14f337f700ad,function_transfer_time,1779127409.325386,0.000077331
experiment_name,fc68cf26-efaf-4dc9-9936-14f337f700ad,function_transfer_time,1779127409.4267008,0.000080909
experiment_name,fc68cf26-efaf-4dc9-9936-14f337f700ad,function_transfer_time,1779127409.5279875,0.000038371
experiment_name,a896566d-338c-42b8-b529-9da99031bbc8,function_transfer_time,1779127404.6719718,0.000127883
experiment_name,a896566d-338c-42b8-b529-9da99031bbc8,function_transfer_time,1779127404.7735097,0.000081494
experiment_name,a896566d-338c-42b8-b529-9da99031bbc8,function_transfer_time,1779127404.8749263,0.00010353
experiment_name,a896566d-338c-42b8-b529-9da99031bbc8,function_transfer_time,1779127404.9762623,0.000096801
experiment_name,a896566d-338c-42b8-b529-9da99031bbc8,function_transfer_time,1779127405.0776167,0.000129214
experiment_name,a896566d-338c-42b8-b529-9da99031bbc8,function_transfer_time,1779127405.1789205,0.000121991
experiment_name,a896566d-338c-42b8-b529-9da99031bbc8,function_transfer_time,1779127405.280183,0.000048246
experiment_name,a896566d-338c-42b8-b529-9da99031bbc8,function_transfer_time,1779127405.3815699,0.000111298
experiment_name,a896566d-338c-42b8-b529-9da99031bbc8,function_transfer_time,1779127405.4829097,0.000130474
experiment_name,a896566d-338c-42b8-b529-9da99031bbc8,function_transfer_time,1779127405.5841813,0.000113294
experiment_name,a896566d-338c-42b8-b529-9da99031bbc8,function_transfer_time,1779127405.6845126,0.000034579
experiment_name,a896566d-338c-42b8-b529-9da99031bbc8,function_transfer_time,1779127405.7859566,0.000121399
experiment_name,a896566d-338c-42b8-b529-9da99031bbc8,function_transfer_time,1779127405.887189,0.000113559
experiment_name,a896566d-338c-42b8-b529-9da99031bbc8,function_transfer_time,1779127405.9875033,0.000092455
experiment_name,a896566d-338c-42b8-b529-9da99031bbc8,function_transfer_time,1779127406.0887933,0.000041843
experiment_name,a896566d-338c-42b8-b529-9da99031bbc8,function_transfer_time,1779127406.1901352,0.000101787
experiment_name,a896566d-338c-42b8-b529-9da99031bbc8,function_transfer_time,1779127406.2914526,0.000055025
experiment_name,a896566d-338c-42b8-b529-9da99031bbc8,function_transfer_time,1779127406.3928068,0.000124254
experiment_name,a896566d-338c-42b8-b529-9da99031bbc8,function_transfer_time,1779127406.4941087,0.000028269
experiment_name,a896566d-338c-42b8-b529-9da99031bbc8,function_transfer_time,1779127406.595451,0.000121587
experiment_name,a896566d-338c-42b8-b529-9da99031bbc8,function_transfer_time,1779127406.6967523,0.000029306
experiment_name,a896566d-338c-42b8-b529-9da99031bbc8,function_transfer_time,1779127406.798144,0.000109074
experiment_name,a896566d-338c-42b8-b529-9da99031bbc8,function_transfer_time,1779127406.8984501,0.000043383
experiment_name,a896566d-338c-42b8-b529-9da99031bbc8,function_transfer_time,1779127406.9998233,0.000131497
experiment_name,a896566d-338c-42b8-b529-9da99031bbc8,function_transfer_time,1779127407.1011674,0.00012813
experiment_name,a896566d-338c-42b8-b529-9da99031bbc8,function_transfer_time,1779127407.201493,0.000106372
experiment_name,a896566d-338c-42b8-b529-9da99031bbc8,function_transfer_time,1779127407.3028185,0.000119834
experiment_name,a896566d-338c-42b8-b529-9da99031bbc8,function_transfer_time,1779127407.4041622,0.000130564
experiment_name,a896566d-338c-42b8-b529-9da99031bbc8,function_transfer_time,1779127407.5054696,0.000120088
experiment_name,a896566d-338c-42b8-b529-9da99031bbc8,function_transfer_time,1779127407.606777,0.000110736
experiment_name,a896566d-338c-42b8-b529-9da99031bbc8,function_transfer_time,1779127407.7081182,0.000036405
experiment_name,a896566d-338c-42b8-b529-9da99031bbc8,function_transfer_time,1779127407.8085124,0.000120907
experiment_name,a896566d-338c-42b8-b529-9da99031bbc8,function_transfer_time,1779127407.9098446,0.000110593
experiment_name,a896566d-338c-42b8-b529-9da99031bbc8,function_transfer_time,1779127408.0111687,0.000121595
experiment_name,a896566d-338c-42b8-b529-9da99031bbc8,function_transfer_time,1779127408.1114674,0.000101095
experiment_name,a896566d-338c-42b8-b529-9da99031bbc8,function_transfer_time,1779127408.2127979,0.000122745
experiment_name,a896566d-338c-42b8-b529-9da99031bbc8,function_transfer_time,1779127408.3140898,0.000053618
experiment_name,a896566d-338c-42b8-b529-9da99031bbc8,function_transfer_time,1779127408.4154577,0.000131876
experiment_name,a896566d-338c-42b8-b529-9da99031bbc8,function_transfer_time,1779127408.516766,0.000123367
experiment_name,a896566d-338c-42b8-b529-9da99031bbc8,function_transfer_time,1779127408.6181026,0.000121626
experiment_name,a896566d-338c-42b8-b529-9da99031bbc8,function_transfer_time,1779127408.719379,0.000033803
experiment_name,a896566d-338c-42b8-b529-9da99031bbc8,function_transfer_time,1779127408.8208718,0.000122391
experiment_name,a896566d-338c-42b8-b529-9da99031bbc8,function_transfer_time,1779127408.922192,0.000152651
experiment_name,a896566d-338c-42b8-b529-9da99031bbc8,function_transfer_time,1779127409.0224824,0.00011712
experiment_name,a896566d-338c-42b8-b529-9da99031bbc8,function_transfer_time,1779127409.1237593,0.00012491
experiment_name,a896566d-338c-42b8-b529-9da99031bbc8,function_transfer_time,1779127409.225218,0.000103162
experiment_name,a896566d-338c-42b8-b529-9da99031bbc8,function_transfer_time,1779127409.3255587,0.000121152
experiment_name,a896566d-338c-42b8-b529-9da99031bbc8,function_transfer_time,1779127409.4268775,0.000122469
experiment_name,a896566d-338c-42b8-b529-9da99031bbc8,function_transfer_time,1779127409.5281904,0.000147471
experiment_name,a896566d-338c-42b8-b529-9da99031bbc8,function_execution_time,1779127409.628434,0.000068514
experiment_name,a896566d-338c-42b8-b529-9da99031bbc8,function_execution_time,1779127409.7300668,0.000061448
experiment_name,a896566d-338c-42b8-b529-9da99031bbc8,function_execution_time,1779127409.8315024,0.000072401
experiment_name,a896566d-338c-42b8-b529-9da99031bbc8,function_execution_time,1779127409.9328017,0.000058755
experiment_name,a896566d-338c-42b8-b529-9da99031bbc8,function_execution_time,1779127410.034139,0.000062237
experiment_name,a896566d-338c-42b8-b529-9da99031bbc8,function_execution_time,1779127410.135463,0.000067979
experiment_name,a896566d-338c-42b8-b529-9da99031bbc8,function_execution_time,1779127410.23671,0.000059598
experiment_name,a896566d-338c-42b8-b529-9da99031bbc8,function_execution_time,1779127410.3380485,0.00005465
experiment_name,a896566d-338c-42b8-b529-9da99031bbc8,function_execution_time,1779127410.439308,0.000061204
experiment_name,a896566d-338c-42b8-b529-9da99031bbc8,function_execution_time,1779127410.5406313,0.000054031
experiment_name,a896566d-338c-42b8-b529-9da99031bbc8,function_execution_time,1779127410.6419768,0.000059044
experiment_name,a896566d-338c-42b8-b529-9da99031bbc8,function_execution_time,1779127410.743347,0.000054454
experiment_name,a896566d-338c-42b8-b529-9da99031bbc8,function_execution_time,1779127410.84473,0.000060842
experiment_name,a896566d-338c-42b8-b529-9da99031bbc8,function_execution_time,1779127410.9460566,0.000065443
experiment_name,a896566d-338c-42b8-b529-9da99031bbc8,function_execution_time,1779127411.0473325,0.000054815
experiment_name,a896566d-338c-42b8-b529-9da99031bbc8,function_execution_time,1779127411.1486278,0.000055393
experiment_name,a896566d-338c-42b8-b529-9da99031bbc8,function_execution_time,1779127411.2499843,0.000054999
experiment_name,a896566d-338c-42b8-b529-9da99031bbc8,function_execution_time,1779127411.351256,0.000063931
experiment_name,a896566d-338c-42b8-b529-9da99031bbc8,function_execution_time,1779127411.4515543,0.000057677
experiment_name,a896566d-338c-42b8-b529-9da99031bbc8,function_execution_time,1779127411.5528872,0.000053941
experiment_name,a896566d-338c-42b8-b529-9da99031bbc8,function_execution_time,1779127411.6542149,0.000055304
experiment_name,a896566d-338c-42b8-b529-9da99031bbc8,function_execution_time,1779127411.7545445,0.000057074
experiment_name,a896566d-338c-42b8-b529-9da99031bbc8,function_execution_time,1779127411.855887,0.000061159
experiment_name,a896566d-338c-42b8-b529-9da99031bbc8,function_execution_time,1779127411.9571676,0.000066033
experiment_name,a896566d-338c-42b8-b529-9da99031bbc8,function_execution_time,1779127412.0584495,0.000063724
experiment_name,a896566d-338c-42b8-b529-9da99031bbc8,function_execution_time,1779127412.1598408,0.000057435
experiment_name,a896566d-338c-42b8-b529-9da99031bbc8,function_execution_time,1779127412.2611704,0.000053969
experiment_name,a896566d-338c-42b8-b529-9da99031bbc8,function_execution_time,1779127412.3624916,0.000067391
experiment_name,a896566d-338c-42b8-b529-9da99031bbc8,function_execution_time,1779127412.46382,0.000061294
experiment_name,a896566d-338c-42b8-b529-9da99031bbc8,function_execution_time,1779127412.5650623,0.000056068
experiment_name,a896566d-338c-42b8-b529-9da99031bbc8,function_execution_time,1779127412.666469,0.00006789
experiment_name,a896566d-338c-42b8-b529-9da99031bbc8,function_execution_time,1779127412.7677703,0.000055502
experiment_name,a896566d-338c-42b8-b529-9da99031bbc8,function_execution_time,1779127412.86917,0.000063126
experiment_name,a896566d-338c-42b8-b529-9da99031bbc8,function_execution_time,1779127412.9705071,0.000054405
experiment_name,a896566d-338c-42b8-b529-9da99031bbc8,function_execution_time,1779127413.0718277,0.000055119
experiment_name,a896566d-338c-42b8-b529-9da99031bbc8,function_execution_time,1779127413.1732957,0.000057664
experiment_name,a896566d-338c-42b8-b529-9da99031bbc8,function_execution_time,1779127413.2746072,0.000054791
experiment_name,a896566d-338c-42b8-b529-9da99031bbc8,function_execution_time,1779127413.3759565,0.000062491
experiment_name,a896566d-338c-42b8-b529-9da99031bbc8,function_execution_time,1779127413.4772956,0.000055986
experiment_name,a896566d-338c-42b8-b529-9da99031bbc8,function_execution_time,1779127413.5786138,0.000056289
experiment_name,a896566d-338c-42b8-b529-9da99031bbc8,function_execution_time,1779127413.6799574,0.000055898
experiment_name,a896566d-338c-42b8-b529-9da99031bbc8,function_execution_time,1779127413.7812505,0.000061321
experiment_name,a896566d-338c-42b8-b529-9da99031bbc8,function_execution_time,1779127413.8826504,0.000054761
experiment_name,a896566d-338c-42b8-b529-9da99031bbc8,function_execution_time,1779127413.9839704,0.000053313
experiment_name,a896566d-338c-42b8-b529-9da99031bbc8,function_execution_time,1779127414.085282,0.00005851
experiment_name,a896566d-338c-42b8-b529-9da99031bbc8,function_execution_time,1779127414.1866264,0.000053646
experiment_name,a896566d-338c-42b8-b529-9da99031bbc8,function_execution_time,1779127414.2878854,0.000060695
experiment_name,a896566d-338c-42b8-b529-9da99031bbc8,function_execution_time,1779127414.3892179,0.000054253
experiment_name,a896566d-338c-42b8-b529-9da99031bbc8,function_execution_time,1779127414.4905157,0.000055211
experiment_name,a896566d-338c-42b8-b529-9da99031bbc8,function_execution_time,1779127414.5917993,0.000054975
experiment_name,fc68cf26-efaf-4dc9-9936-14f337f700ad,function_execution_time,1779127409.6283615,0.000106419
experiment_name,fc68cf26-efaf-4dc9-9936-14f337f700ad,function_execution_time,1779127409.730008,0.000167338
experiment_name,fc68cf26-efaf-4dc9-9936-14f337f700ad,function_execution_time,1779127409.8313231,0.000078638
experiment_name,fc68cf26-efaf-4dc9-9936-14f337f700ad,function_execution_time,1779127409.9327145,0.000089132
experiment_name,fc68cf26-efaf-4dc9-9936-14f337f700ad,function_execution_time,1779127410.033977,0.000076008
experiment_name,fc68cf26-efaf-4dc9-9936-14f337f700ad,function_execution_time,1779127410.1352947,0.000077145
experiment_name,fc68cf26-efaf-4dc9-9936-14f337f700ad,function_execution_time,1779127410.236565,0.00008449
experiment_name,fc68cf26-efaf-4dc9-9936-14f337f700ad,function_execution_time,1779127410.337893,0.000073242
experiment_name,fc68cf26-efaf-4dc9-9936-14f337f700ad,function_execution_time,1779127410.4391434,0.000069928
experiment_name,fc68cf26-efaf-4dc9-9936-14f337f700ad,function_execution_time,1779127410.540546,0.000091925
experiment_name,fc68cf26-efaf-4dc9-9936-14f337f700ad,function_execution_time,1779127410.641895,0.000088474
experiment_name,fc68cf26-efaf-4dc9-9936-14f337f700ad,function_execution_time,1779127410.7432935,0.000141839
experiment_name,fc68cf26-efaf-4dc9-9936-14f337f700ad,function_execution_time,1779127410.8445601,0.000079904
experiment_name,fc68cf26-efaf-4dc9-9936-14f337f700ad,function_execution_time,1779127410.9459708,0.00009024
experiment_name,fc68cf26-efaf-4dc9-9936-14f337f700ad,function_execution_time,1779127411.0471783,0.000074159
experiment_name,fc68cf26-efaf-4dc9-9936-14f337f700ad,function_execution_time,1779127411.1485684,0.00009132
experiment_name,fc68cf26-efaf-4dc9-9936-14f337f700ad,function_execution_time,1779127411.2498307,0.000076537
experiment_name,fc68cf26-efaf-4dc9-9936-14f337f700ad,function_execution_time,1779127411.3511512,0.000081128
experiment_name,fc68cf26-efaf-4dc9-9936-14f337f700ad,function_execution_time,1779127411.4514027,0.000071584
experiment_name,fc68cf26-efaf-4dc9-9936-14f337f700ad,function_execution_time,1779127411.5527322,0.000073366
experiment_name,fc68cf26-efaf-4dc9-9936-14f337f700ad,function_execution_time,1779127411.6540573,0.000084714
experiment_name,fc68cf26-efaf-4dc9-9936-14f337f700ad,function_execution_time,1779127411.7544737,0.000165452
experiment_name,fc68cf26-efaf-4dc9-9936-14f337f700ad,function_execution_time,1779127411.855746,0.000074503
experiment_name,fc68cf26-efaf-4dc9-9936-14f337f700ad,function_execution_time,1779127411.9570768,0.00007433
experiment_name,fc68cf26-efaf-4dc9-9936-14f337f700ad,function_execution_time,1779127412.0583646,0.000083387
experiment_name,fc68cf26-efaf-4dc9-9936-14f337f700ad,function_execution_time,1779127412.1596797,0.000073532
experiment_name,fc68cf26-efaf-4dc9-9936-14f337f700ad,function_execution_time,1779127412.2610228,0.000072791
experiment_name,fc68cf26-efaf-4dc9-9936-14f337f700ad,function_execution_time,1779127412.3623383,0.000083096
experiment_name,fc68cf26-efaf-4dc9-9936-14f337f700ad,function_execution_time,1779127412.463666,0.000073278
experiment_name,fc68cf26-efaf-4dc9-9936-14f337f700ad,function_execution_time,1779127412.5649831,0.000074004
experiment_name,fc68cf26-efaf-4dc9-9936-14f337f700ad,function_execution_time,1779127412.6663938,0.000082331
experiment_name,fc68cf26-efaf-4dc9-9936-14f337f700ad,function_execution_time,1779127412.7677174,0.000142938
experiment_name,fc68cf26-efaf-4dc9-9936-14f337f700ad,function_execution_time,1779127412.869003,0.000074873
experiment_name,fc68cf26-efaf-4dc9-9936-14f337f700ad,function_execution_time,1779127412.9703383,0.00007414
experiment_name,fc68cf26-efaf-4dc9-9936-14f337f700ad,function_execution_time,1779127413.0717413,0.000085341
experiment_name,fc68cf26-efaf-4dc9-9936-14f337f700ad,function_execution_time,1779127413.1731555,0.000074981
experiment_name,fc68cf26-efaf-4dc9-9936-14f337f700ad,function_execution_time,1779127413.274456,0.000087567
experiment_name,fc68cf26-efaf-4dc9-9936-14f337f700ad,function_execution_time,1779127413.3758628,0.000085324
experiment_name,fc68cf26-efaf-4dc9-9936-14f337f700ad,function_execution_time,1779127413.4771378,0.000079557
experiment_name,fc68cf26-efaf-4dc9-9936-14f337f700ad,function_execution_time,1779127413.5785265,0.000093619
experiment_name,fc68cf26-efaf-4dc9-9936-14f337f700ad,function_execution_time,1779127413.6797993,0.000078519
experiment_name,fc68cf26-efaf-4dc9-9936-14f337f700ad,function_execution_time,1779127413.781188,0.000151563
experiment_name,fc68cf26-efaf-4dc9-9936-14f337f700ad,function_execution_time,1779127413.882566,0.000095091
experiment_name,fc68cf26-efaf-4dc9-9936-14f337f700ad,function_execution_time,1779127413.9838238,0.000072352
experiment_name,fc68cf26-efaf-4dc9-9936-14f337f700ad,function_execution_time,1779127414.085142,0.000075238
experiment_name,fc68cf26-efaf-4dc9-9936-14f337f700ad,function_execution_time,1779127414.1865435,0.00009558
experiment_name,fc68cf26-efaf-4dc9-9936-14f337f700ad,function_execution_time,1779127414.287733,0.000074523
experiment_name,fc68cf26-efaf-4dc9-9936-14f337f700ad,function_execution_time,1779127414.389057,0.000073834
experiment_name,fc68cf26-efaf-4dc9-9936-14f337f700ad,function_execution_time,1779127414.4904187,0.000085586
experiment_name,fc68cf26-efaf-4dc9-9936-14f337f700ad,function_execution_time,1779127414.5916576,0.000075462
experiment_name,fc68cf26-efaf-4dc9-9936-14f337f700ad,function_transfer_time,1779127409.6282504,0.000029119
experiment_name,fc68cf26-efaf-4dc9-9936-14f337f700ad,function_transfer_time,1779127409.7298324,0.000078373
experiment_name,fc68cf26-efaf-4dc9-9936-14f337f700ad,function_transfer_time,1779127409.8312395,0.000079606
experiment_name,fc68cf26-efaf-4dc9-9936-14f337f700ad,function_transfer_time,1779127409.9325647,0.000079334
experiment_name,fc68cf26-efaf-4dc9-9936-14f337f700ad,function_transfer_time,1779127410.033901,0.000081221
experiment_name,fc68cf26-efaf-4dc9-9936-14f337f700ad,function_transfer_time,1779127410.1352172,0.000085097
experiment_name,fc68cf26-efaf-4dc9-9936-14f337f700ad,function_transfer_time,1779127410.2364767,0.000024157
experiment_name,fc68cf26-efaf-4dc9-9936-14f337f700ad,function_transfer_time,1779127410.3378158,0.000075924
experiment_name,fc68cf26-efaf-4dc9-9936-14f337f700ad,function_transfer_time,1779127410.4390607,0.000022971
experiment_name,fc68cf26-efaf-4dc9-9936-14f337f700ad,function_transfer_time,1779127410.5403981,0.000081907
experiment_name,fc68cf26-efaf-4dc9-9936-14f337f700ad,function_transfer_time,1779127410.6418092,0.00002378
experiment_name,fc68cf26-efaf-4dc9-9936-14f337f700ad,function_transfer_time,1779127410.7431414,0.000081454
experiment_name,fc68cf26-efaf-4dc9-9936-14f337f700ad,function_transfer_time,1779127410.844481,0.000024983
experiment_name,fc68cf26-efaf-4dc9-9936-14f337f700ad,function_transfer_time,1779127410.9458094,0.00008327
experiment_name,fc68cf26-efaf-4dc9-9936-14f337f700ad,function_transfer_time,1779127411.0470989,0.000024647
experiment_name,fc68cf26-efaf-4dc9-9936-14f337f700ad,function_transfer_time,1779127411.1484065,0.000085885
experiment_name,fc68cf26-efaf-4dc9-9936-14f337f700ad,function_transfer_time,1779127411.2497537,0.000083442
experiment_name,fc68cf26-efaf-4dc9-9936-14f337f700ad,function_transfer_time,1779127411.351016,0.000028736
experiment_name,fc68cf26-efaf-4dc9-9936-14f337f700ad,function_transfer_time,1779127411.4513185,0.000077796
experiment_name,fc68cf26-efaf-4dc9-9936-14f337f700ad,function_transfer_time,1779127411.5526552,0.000076925
experiment_name,fc68cf26-efaf-4dc9-9936-14f337f700ad,function_transfer_time,1779127411.6539721,0.000084142
experiment_name,fc68cf26-efaf-4dc9-9936-14f337f700ad,function_transfer_time,1779127411.754305,0.000078735
experiment_name,fc68cf26-efaf-4dc9-9936-14f337f700ad,function_transfer_time,1779127411.8556633,0.000084213
experiment_name,fc68cf26-efaf-4dc9-9936-14f337f700ad,function_transfer_time,1779127411.9569979,0.000082461
experiment_name,fc68cf26-efaf-4dc9-9936-14f337f700ad,function_transfer_time,1779127412.0582821,0.000077912
experiment_name,fc68cf26-efaf-4dc9-9936-14f337f700ad,function_transfer_time,1779127412.1595993,0.000076895
experiment_name,fc68cf26-efaf-4dc9-9936-14f337f700ad,function_transfer_time,1779127412.2609434,0.000083274
experiment_name,fc68cf26-efaf-4dc9-9936-14f337f700ad,function_transfer_time,1779127412.3622491,0.000083273
experiment_name,fc68cf26-efaf-4dc9-9936-14f337f700ad,function_transfer_time,1779127412.463588,0.00007756
experiment_name,fc68cf26-efaf-4dc9-9936-14f337f700ad,function_transfer_time,1779127412.5648937,0.000080582
experiment_name,fc68cf26-efaf-4dc9-9936-14f337f700ad,function_transfer_time,1779127412.6662393,0.000085241
experiment_name,fc68cf26-efaf-4dc9-9936-14f337f700ad,function_transfer_time,1779127412.7675657,0.000081429
experiment_name,fc68cf26-efaf-4dc9-9936-14f337f700ad,function_transfer_time,1779127412.8689234,0.000084271
experiment_name,fc68cf26-efaf-4dc9-9936-14f337f700ad,function_transfer_time,1779127412.9702585,0.000080058
experiment_name,fc68cf26-efaf-4dc9-9936-14f337f700ad,function_transfer_time,1779127413.0715861,0.000086525
experiment_name,fc68cf26-efaf-4dc9-9936-14f337f700ad,function_transfer_time,1779127413.173075,0.000074817
experiment_name,fc68cf26-efaf-4dc9-9936-14f337f700ad,function_transfer_time,1779127413.2743635,0.000023423
experiment_name,fc68cf26-efaf-4dc9-9936-14f337f700ad,function_transfer_time,1779127413.3757086,0.000084691
experiment_name,fc68cf26-efaf-4dc9-9936-14f337f700ad,function_transfer_time,1779127413.4770565,0.000081697
experiment_name,fc68cf26-efaf-4dc9-9936-14f337f700ad,function_transfer_time,1779127413.5783718,0.000080897
experiment_name,fc68cf26-efaf-4dc9-9936-14f337f700ad,function_transfer_time,1779127413.6797194,0.000086054
experiment_name,fc68cf26-efaf-4dc9-9936-14f337f700ad,function_transfer_time,1779127413.7810316,0.000077505
experiment_name,fc68cf26-efaf-4dc9-9936-14f337f700ad,function_transfer_time,1779127413.8824096,0.000084437
experiment_name,fc68cf26-efaf-4dc9-9936-14f337f700ad,function_transfer_time,1779127413.983745,0.000075937
experiment_name,fc68cf26-efaf-4dc9-9936-14f337f700ad,function_transfer_time,1779127414.0850618,0.000085901
experiment_name,fc68cf26-efaf-4dc9-9936-14f337f700ad,function_transfer_time,1779127414.1863983,0.00007936
experiment_name,fc68cf26-efaf-4dc9-9936-14f337f700ad,function_transfer_time,1779127414.287657,0.000025914
experiment_name,fc68cf26-efaf-4dc9-9936-14f337f700ad,function_transfer_time,1779127414.388978,0.000082289
experiment_name,fc68cf26-efaf-4dc9-9936-14f337f700ad,function_transfer_time,1779127414.4902647,0.000078861
experiment_name,fc68cf26-efaf-4dc9-9936-14f337f700ad,function_transfer_time,1779127414.5915804,0.000077568
experiment_name,a896566d-338c-42b8-b529-9da99031bbc8,function_transfer_time,1779127409.628357,0.000034826
experiment_name,a896566d-338c-42b8-b529-9da99031bbc8,function_transfer_time,1779127409.7300048,0.000039292
experiment_name,a896566d-338c-42b8-b529-9da99031bbc8,function_transfer_time,1779127409.8314257,0.000128652
experiment_name,a896566d-338c-42b8-b529-9da99031bbc8,function_transfer_time,1779127409.9327385,0.000111643
experiment_name,a896566d-338c-42b8-b529-9da99031bbc8,function_transfer_time,1779127410.0340765,0.000120499
experiment_name,a896566d-338c-42b8-b529-9da99031bbc8,function_transfer_time,1779127410.1353943,0.000120397
experiment_name,a896566d-338c-42b8-b529-9da99031bbc8,function_transfer_time,1779127410.23665,0.000115837
experiment_name,a896566d-338c-42b8-b529-9da99031bbc8,function_transfer_time,1779127410.3379939,0.000123517
experiment_name,a896566d-338c-42b8-b529-9da99031bbc8,function_transfer_time,1779127410.4392462,0.000130636
experiment_name,a896566d-338c-42b8-b529-9da99031bbc8,function_transfer_time,1779127410.5405693,0.000107727
experiment_name,a896566d-338c-42b8-b529-9da99031bbc8,function_transfer_time,1779127410.6419733,0.000040335
experiment_name,a896566d-338c-42b8-b529-9da99031bbc8,function_transfer_time,1779127410.743291,0.000034121
experiment_name,a896566d-338c-42b8-b529-9da99031bbc8,function_transfer_time,1779127410.8446696,0.000128247
experiment_name,a896566d-338c-42b8-b529-9da99031bbc8,function_transfer_time,1779127410.9459755,0.000118095
experiment_name,a896566d-338c-42b8-b529-9da99031bbc8,function_transfer_time,1779127411.0472777,0.000122222
experiment_name,a896566d-338c-42b8-b529-9da99031bbc8,function_transfer_time,1779127411.1485715,0.000099079
experiment_name,a896566d-338c-42b8-b529-9da99031bbc8,function_transfer_time,1779127411.2499292,0.000119554
experiment_name,a896566d-338c-42b8-b529-9da99031bbc8,function_transfer_time,1779127411.3511827,0.000112882
experiment_name,a896566d-338c-42b8-b529-9da99031bbc8,function_transfer_time,1779127411.451499,0.000123451
experiment_name,a896566d-338c-42b8-b529-9da99031bbc8,function_transfer_time,1779127411.5528328,0.000122829
experiment_name,a896566d-338c-42b8-b529-9da99031bbc8,function_transfer_time,1779127411.6541598,0.000131283
experiment_name,a896566d-338c-42b8-b529-9da99031bbc8,function_transfer_time,1779127411.7544706,0.000045601
experiment_name,a896566d-338c-42b8-b529-9da99031bbc8,function_transfer_time,1779127411.8558257,0.000106047
experiment_name,a896566d-338c-42b8-b529-9da99031bbc8,function_transfer_time,1779127411.9571474,0.000049123
experiment_name,a896566d-338c-42b8-b529-9da99031bbc8,function_transfer_time,1779127412.0584466,0.000047712
experiment_name,a896566d-338c-42b8-b529-9da99031bbc8,function_transfer_time,1779127412.1597826,0.000128587
experiment_name,a896566d-338c-42b8-b529-9da99031bbc8,function_transfer_time,1779127412.2611165,0.000118562
experiment_name,a896566d-338c-42b8-b529-9da99031bbc8,function_transfer_time,1779127412.3624232,0.000111155
experiment_name,a896566d-338c-42b8-b529-9da99031bbc8,function_transfer_time,1779127412.4637587,0.000115843
experiment_name,a896566d-338c-42b8-b529-9da99031bbc8,function_transfer_time,1779127412.5650594,0.000056905
experiment_name,a896566d-338c-42b8-b529-9da99031bbc8,function_transfer_time,1779127412.6663969,0.000107987
experiment_name,a896566d-338c-42b8-b529-9da99031bbc8,function_transfer_time,1779127412.7677147,0.000033848
experiment_name,a896566d-338c-42b8-b529-9da99031bbc8,function_transfer_time,1779127412.869106,0.000126046
experiment_name,a896566d-338c-42b8-b529-9da99031bbc8,function_transfer_time,1779127412.9704533,0.000137959
experiment_name,a896566d-338c-42b8-b529-9da99031bbc8,function_transfer_time,1779127413.071764,0.000117934
experiment_name,a896566d-338c-42b8-b529-9da99031bbc8,function_transfer_time,1779127413.173238,0.000105664
experiment_name,a896566d-338c-42b8-b529-9da99031bbc8,function_transfer_time,1779127413.2746043,0.000123346
experiment_name,a896566d-338c-42b8-b529-9da99031bbc8,function_transfer_time,1779127413.3758872,0.000125501
experiment_name,a896566d-338c-42b8-b529-9da99031bbc8,function_transfer_time,1779127413.4772394,0.000124561
experiment_name,a896566d-338c-42b8-b529-9da99031bbc8,function_transfer_time,1779127413.578552,0.000123481
experiment_name,a896566d-338c-42b8-b529-9da99031bbc8,function_transfer_time,1779127413.6799014,0.000123634
experiment_name,a896566d-338c-42b8-b529-9da99031bbc8,function_transfer_time,1779127413.7811904,0.000037159
experiment_name,a896566d-338c-42b8-b529-9da99031bbc8,function_transfer_time,1779127413.8825893,0.000111997
experiment_name,a896566d-338c-42b8-b529-9da99031bbc8,function_transfer_time,1779127413.9839163,0.00011603
experiment_name,a896566d-338c-42b8-b529-9da99031bbc8,function_transfer_time,1779127414.085225,0.000105034
experiment_name,a896566d-338c-42b8-b529-9da99031bbc8,function_transfer_time,1779127414.1865666,0.000097545
experiment_name,a896566d-338c-42b8-b529-9da99031bbc8,function_transfer_time,1779127414.2878258,0.000112688
experiment_name,a896566d-338c-42b8-b529-9da99031bbc8,function_transfer_time,1779127414.3891625,0.000127627
experiment_name,a896566d-338c-42b8-b529-9da99031bbc8,function_transfer_time,1779127414.4904537,0.000135757
experiment_name,a896566d-338c-42b8-b529-9da99031bbc8,function_transfer_time,1779127414.591743,0.000105886
experiment_name,fc68cf26-efaf-4dc9-9936-14f337f700ad,function_execution_time,1779127414.6928658,0.000080597
experiment_name,fc68cf26-efaf-4dc9-9936-14f337f700ad,function_execution_time,1779127414.7941816,0.000155405
experiment_name,fc68cf26-efaf-4dc9-9936-14f337f700ad,function_execution_time,1779127414.8954682,0.000080805
experiment_name,fc68cf26-efaf-4dc9-9936-14f337f700ad,function_execution_time,1779127414.9967122,0.000071591
experiment_name,fc68cf26-efaf-4dc9-9936-14f337f700ad,function_execution_time,1779127415.0980334,0.000073396
experiment_name,fc68cf26-efaf-4dc9-9936-14f337f700ad,function_execution_time,1779127415.1983724,0.000080225
experiment_name,fc68cf26-efaf-4dc9-9936-14f337f700ad,function_execution_time,1779127415.299747,0.000092824
experiment_name,fc68cf26-efaf-4dc9-9936-14f337f700ad,function_execution_time,1779127415.400991,0.000089759
experiment_name,fc68cf26-efaf-4dc9-9936-14f337f700ad,function_execution_time,1779127415.502263,0.000075552
experiment_name,fc68cf26-efaf-4dc9-9936-14f337f700ad,function_execution_time,1779127415.6035938,0.000081649
experiment_name,fc68cf26-efaf-4dc9-9936-14f337f700ad,function_execution_time,1779127415.7049007,0.000077133
experiment_name,fc68cf26-efaf-4dc9-9936-14f337f700ad,function_execution_time,1779127415.8054223,0.000167112
experiment_name,fc68cf26-efaf-4dc9-9936-14f337f700ad,function_execution_time,1779127415.9067426,0.000090194
experiment_name,fc68cf26-efaf-4dc9-9936-14f337f700ad,function_execution_time,1779127416.0081797,0.000075212
experiment_name,fc68cf26-efaf-4dc9-9936-14f337f700ad,function_execution_time,1779127416.1095793,0.00009021
experiment_name,fc68cf26-efaf-4dc9-9936-14f337f700ad,function_execution_time,1779127416.2108293,0.000073103
experiment_name,fc68cf26-efaf-4dc9-9936-14f337f700ad,function_execution_time,1779127416.3121557,0.000082098
experiment_name,fc68cf26-efaf-4dc9-9936-14f337f700ad,function_execution_time,1779127416.4135027,0.000084527
experiment_name,fc68cf26-efaf-4dc9-9936-14f337f700ad,function_execution_time,1779127416.5147552,0.000073918
experiment_name,fc68cf26-efaf-4dc9-9936-14f337f700ad,function_execution_time,1779127416.6160433,0.000080074
experiment_name,fc68cf26-efaf-4dc9-9936-14f337f700ad,function_execution_time,1779127416.7172832,0.000074835
experiment_name,fc68cf26-efaf-4dc9-9936-14f337f700ad,function_execution_time,1779127416.818692,0.000171073
experiment_name,fc68cf26-efaf-4dc9-9936-14f337f700ad,function_execution_time,1779127416.9200668,0.00008573
experiment_name,fc68cf26-efaf-4dc9-9936-14f337f700ad,function_execution_time,1779127417.0213194,0.000076984
experiment_name,fc68cf26-efaf-4dc9-9936-14f337f700ad,function_execution_time,1779127417.1226132,0.00007737
experiment_name,fc68cf26-efaf-4dc9-9936-14f337f700ad,function_execution_time,1779127417.2239397,0.000077058
experiment_name,fc68cf26-efaf-4dc9-9936-14f337f700ad,function_execution_time,1779127417.3253727,0.000095336
experiment_name,fc68cf26-efaf-4dc9-9936-14f337f700ad,function_execution_time,1779127417.4266124,0.000079872
experiment_name,fc68cf26-efaf-4dc9-9936-14f337f700ad,function_execution_time,1779127417.5279481,0.000078549
experiment_name,fc68cf26-efaf-4dc9-9936-14f337f700ad,function_execution_time,1779127417.6293707,0.00008644
experiment_name,fc68cf26-efaf-4dc9-9936-14f337f700ad,function_execution_time,1779127417.7306354,0.000079895
experiment_name,fc68cf26-efaf-4dc9-9936-14f337f700ad,function_execution_time,1779127417.8321106,0.000145897
experiment_name,fc68cf26-efaf-4dc9-9936-14f337f700ad,function_execution_time,1779127417.9324167,0.000080014
experiment_name,fc68cf26-efaf-4dc9-9936-14f337f700ad,function_execution_time,1779127418.0338283,0.000096895
experiment_name,fc68cf26-efaf-4dc9-9936-14f337f700ad,function_execution_time,1779127418.1352627,0.000079623
experiment_name,fc68cf26-efaf-4dc9-9936-14f337f700ad,function_execution_time,1779127418.2365527,0.000073039
experiment_name,fc68cf26-efaf-4dc9-9936-14f337f700ad,function_execution_time,1779127418.3379755,0.000086254
experiment_name,fc68cf26-efaf-4dc9-9936-14f337f700ad,function_execution_time,1779127418.4391725,0.000079769
experiment_name,fc68cf26-efaf-4dc9-9936-14f337f700ad,function_execution_time,1779127418.5405269,0.00007911
experiment_name,fc68cf26-efaf-4dc9-9936-14f337f700ad,function_execution_time,1779127418.641776,0.000068664
experiment_name,fc68cf26-efaf-4dc9-9936-14f337f700ad,function_execution_time,1779127418.743162,0.000085716
experiment_name,fc68cf26-efaf-4dc9-9936-14f337f700ad,function_execution_time,1779127418.8434725,0.000162643
experiment_name,fc68cf26-efaf-4dc9-9936-14f337f700ad,function_execution_time,1779127418.9447534,0.00007153
experiment_name,fc68cf26-efaf-4dc9-9936-14f337f700ad,function_execution_time,1779127419.046113,0.000083969
experiment_name,fc68cf26-efaf-4dc9-9936-14f337f700ad,function_execution_time,1779127419.1473641,0.000073082
experiment_name,fc68cf26-efaf-4dc9-9936-14f337f700ad,function_execution_time,1779127419.2486358,0.000070443
experiment_name,fc68cf26-efaf-4dc9-9936-14f337f700ad,function_execution_time,1779127419.3498833,0.000045926
experiment_name,fc68cf26-efaf-4dc9-9936-14f337f700ad,function_execution_time,1779127419.4511976,0.000080332
experiment_name,fc68cf26-efaf-4dc9-9936-14f337f700ad,function_execution_time,1779127419.5524812,0.000083004
experiment_name,a896566d-338c-42b8-b529-9da99031bbc8,function_execution_time,1779127414.6929605,0.000064365
experiment_name,a896566d-338c-42b8-b529-9da99031bbc8,function_execution_time,1779127414.7942376,0.000058412
experiment_name,a896566d-338c-42b8-b529-9da99031bbc8,function_execution_time,1779127414.8955638,0.000058762
experiment_name,a896566d-338c-42b8-b529-9da99031bbc8,function_execution_time,1779127414.996867,0.00005548
experiment_name,a896566d-338c-42b8-b529-9da99031bbc8,function_execution_time,1779127415.098171,0.000055662
experiment_name,a896566d-338c-42b8-b529-9da99031bbc8,function_execution_time,1779127415.1985319,0.000062458
experiment_name,a896566d-338c-42b8-b529-9da99031bbc8,function_execution_time,1779127415.299762,0.000056442
experiment_name,a896566d-338c-42b8-b529-9da99031bbc8,function_execution_time,1779127415.4011362,0.000065104
experiment_name,a896566d-338c-42b8-b529-9da99031bbc8,function_execution_time,1779127415.5024207,0.000054748
experiment_name,a896566d-338c-42b8-b529-9da99031bbc8,function_execution_time,1779127415.6037548,0.000063173
experiment_name,a896566d-338c-42b8-b529-9da99031bbc8,function_execution_time,1779127415.7050567,0.00005614
experiment_name,a896566d-338c-42b8-b529-9da99031bbc8,function_execution_time,1779127415.805585,0.000079499
experiment_name,a896566d-338c-42b8-b529-9da99031bbc8,function_execution_time,1779127415.9068513,0.000056638
experiment_name,a896566d-338c-42b8-b529-9da99031bbc8,function_execution_time,1779127416.008326,0.000063778
experiment_name,a896566d-338c-42b8-b529-9da99031bbc8,function_execution_time,1779127416.1096606,0.000054028
experiment_name,a896566d-338c-42b8-b529-9da99031bbc8,function_execution_time,1779127416.210908,0.000058614
experiment_name,a896566d-338c-42b8-b529-9da99031bbc8,function_execution_time,1779127416.3122349,0.000056474
experiment_name,a896566d-338c-42b8-b529-9da99031bbc8,function_execution_time,1779127416.4135847,0.0000476
experiment_name,a896566d-338c-42b8-b529-9da99031bbc8,function_execution_time,1779127416.5149152,0.000056686
experiment_name,a896566d-338c-42b8-b529-9da99031bbc8,function_execution_time,1779127416.6161842,0.000054755
experiment_name,a896566d-338c-42b8-b529-9da99031bbc8,function_execution_time,1779127416.7173731,0.000069235
experiment_name,a896566d-338c-42b8-b529-9da99031bbc8,function_execution_time,1779127416.8187425,0.00005392
experiment_name,a896566d-338c-42b8-b529-9da99031bbc8,function_execution_time,1779127416.9201298,0.000058355
experiment_name,a896566d-338c-42b8-b529-9da99031bbc8,function_execution_time,1779127417.0214918,0.000069903
experiment_name,a896566d-338c-42b8-b529-9da99031bbc8,function_execution_time,1779127417.1227727,0.00005801
experiment_name,a896566d-338c-42b8-b529-9da99031bbc8,function_execution_time,1779127417.2240965,0.000064509
experiment_name,a896566d-338c-42b8-b529-9da99031bbc8,function_execution_time,1779127417.325472,0.000069922
experiment_name,a896566d-338c-42b8-b529-9da99031bbc8,function_execution_time,1779127417.4267774,0.000060393
experiment_name,a896566d-338c-42b8-b529-9da99031bbc8,function_execution_time,1779127417.5281205,0.000059492
experiment_name,a896566d-338c-42b8-b529-9da99031bbc8,function_execution_time,1779127417.6294584,0.000079685
experiment_name,a896566d-338c-42b8-b529-9da99031bbc8,function_execution_time,1779127417.7307825,0.000066235
experiment_name,a896566d-338c-42b8-b529-9da99031bbc8,function_execution_time,1779127417.8321798,0.00006114
experiment_name,a896566d-338c-42b8-b529-9da99031bbc8,function_execution_time,1779127417.9325807,0.000060174
experiment_name,a896566d-338c-42b8-b529-9da99031bbc8,function_execution_time,1779127418.0339248,0.000060369
experiment_name,a896566d-338c-42b8-b529-9da99031bbc8,function_execution_time,1779127418.1354392,0.000066283
experiment_name,a896566d-338c-42b8-b529-9da99031bbc8,function_execution_time,1779127418.2366376,0.000057982
experiment_name,a896566d-338c-42b8-b529-9da99031bbc8,function_execution_time,1779127418.33807,0.00006246
experiment_name,a896566d-338c-42b8-b529-9da99031bbc8,function_execution_time,1779127418.4393337,0.000054732
experiment_name,a896566d-338c-42b8-b529-9da99031bbc8,function_execution_time,1779127418.540667,0.000064671
experiment_name,a896566d-338c-42b8-b529-9da99031bbc8,function_execution_time,1779127418.6419125,0.000054662
experiment_name,a896566d-338c-42b8-b529-9da99031bbc8,function_execution_time,1779127418.743164,0.000054633
experiment_name,a896566d-338c-42b8-b529-9da99031bbc8,function_execution_time,1779127418.8435307,0.000072924
experiment_name,a896566d-338c-42b8-b529-9da99031bbc8,function_execution_time,1779127418.944913,0.000054301
experiment_name,a896566d-338c-42b8-b529-9da99031bbc8,function_execution_time,1779127419.0462046,0.000062195
experiment_name,a896566d-338c-42b8-b529-9da99031bbc8,function_execution_time,1779127419.1475086,0.000054729
experiment_name,a896566d-338c-42b8-b529-9da99031bbc8,function_execution_time,1779127419.248783,0.000053942
experiment_name,a896566d-338c-42b8-b529-9da99031bbc8,function_execution_time,1779127419.3500195,0.000055262
experiment_name,a896566d-338c-42b8-b529-9da99031bbc8,function_execution_time,1779127419.4513595,0.000061274
experiment_name,a896566d-338c-42b8-b529-9da99031bbc8,function_execution_time,1779127419.552618,0.000053768
experiment_name,fc68cf26-efaf-4dc9-9936-14f337f700ad,function_transfer_time,1779127414.6927323,0.000075883
experiment_name,fc68cf26-efaf-4dc9-9936-14f337f700ad,function_transfer_time,1779127414.794016,0.000078943
experiment_name,fc68cf26-efaf-4dc9-9936-14f337f700ad,function_transfer_time,1779127414.8953366,0.000017716
experiment_name,fc68cf26-efaf-4dc9-9936-14f337f700ad,function_transfer_time,1779127414.996627,0.000078541
experiment_name,fc68cf26-efaf-4dc9-9936-14f337f700ad,function_transfer_time,1779127415.0979533,0.000083034
experiment_name,fc68cf26-efaf-4dc9-9936-14f337f700ad,function_transfer_time,1779127415.1982863,0.000077205
experiment_name,fc68cf26-efaf-4dc9-9936-14f337f700ad,function_transfer_time,1779127415.2996047,0.000085003
experiment_name,fc68cf26-efaf-4dc9-9936-14f337f700ad,function_transfer_time,1779127415.400898,0.000031391
experiment_name,fc68cf26-efaf-4dc9-9936-14f337f700ad,function_transfer_time,1779127415.5021803,0.00007688
experiment_name,fc68cf26-efaf-4dc9-9936-14f337f700ad,function_transfer_time,1779127415.6035094,0.000083589
experiment_name,fc68cf26-efaf-4dc9-9936-14f337f700ad,function_transfer_time,1779127415.704898,0.000084645
experiment_name,fc68cf26-efaf-4dc9-9936-14f337f700ad,function_transfer_time,1779127415.8052478,0.000023056
experiment_name,fc68cf26-efaf-4dc9-9936-14f337f700ad,function_transfer_time,1779127415.9066496,0.00008352
experiment_name,fc68cf26-efaf-4dc9-9936-14f337f700ad,function_transfer_time,1779127416.0080988,0.000085579
experiment_name,fc68cf26-efaf-4dc9-9936-14f337f700ad,function_transfer_time,1779127416.109437,0.000078784
experiment_name,fc68cf26-efaf-4dc9-9936-14f337f700ad,function_transfer_time,1779127416.2107396,0.000082071
experiment_name,fc68cf26-efaf-4dc9-9936-14f337f700ad,function_transfer_time,1779127416.312074,0.00007873
experiment_name,fc68cf26-efaf-4dc9-9936-14f337f700ad,function_transfer_time,1779127416.41342,0.000079139
experiment_name,fc68cf26-efaf-4dc9-9936-14f337f700ad,function_transfer_time,1779127416.5146813,0.000021388
experiment_name,fc68cf26-efaf-4dc9-9936-14f337f700ad,function_transfer_time,1779127416.61596,0.000022975
experiment_name,fc68cf26-efaf-4dc9-9936-14f337f700ad,function_transfer_time,1779127416.717209,0.000022904
experiment_name,fc68cf26-efaf-4dc9-9936-14f337f700ad,function_transfer_time,1779127416.8185112,0.000057059
experiment_name,fc68cf26-efaf-4dc9-9936-14f337f700ad,function_transfer_time,1779127416.9199104,0.000081878
experiment_name,fc68cf26-efaf-4dc9-9936-14f337f700ad,function_transfer_time,1779127417.0212379,0.000086025
experiment_name,fc68cf26-efaf-4dc9-9936-14f337f700ad,function_transfer_time,1779127417.1225295,0.000022797
experiment_name,fc68cf26-efaf-4dc9-9936-14f337f700ad,function_transfer_time,1779127417.2238593,0.000084576
experiment_name,fc68cf26-efaf-4dc9-9936-14f337f700ad,function_transfer_time,1779127417.3252184,0.000086876
experiment_name,fc68cf26-efaf-4dc9-9936-14f337f700ad,function_transfer_time,1779127417.4265327,0.000078442
experiment_name,fc68cf26-efaf-4dc9-9936-14f337f700ad,function_transfer_time,1779127417.5278683,0.000084125
experiment_name,fc68cf26-efaf-4dc9-9936-14f337f700ad,function_transfer_time,1779127417.6292164,0.000086105
experiment_name,fc68cf26-efaf-4dc9-9936-14f337f700ad,function_transfer_time,1779127417.730546,0.000085042
experiment_name,fc68cf26-efaf-4dc9-9936-14f337f700ad,function_transfer_time,1779127417.8319612,0.000088348
experiment_name,fc68cf26-efaf-4dc9-9936-14f337f700ad,function_transfer_time,1779127417.9323282,0.000082682
experiment_name,fc68cf26-efaf-4dc9-9936-14f337f700ad,function_transfer_time,1779127418.033672,0.00007979
experiment_name,fc68cf26-efaf-4dc9-9936-14f337f700ad,function_transfer_time,1779127418.1351836,0.00008949
experiment_name,fc68cf26-efaf-4dc9-9936-14f337f700ad,function_transfer_time,1779127418.2364593,0.000027957
experiment_name,fc68cf26-efaf-4dc9-9936-14f337f700ad,function_transfer_time,1779127418.3378205,0.000081311
experiment_name,fc68cf26-efaf-4dc9-9936-14f337f700ad,function_transfer_time,1779127418.4390938,0.000043963
experiment_name,fc68cf26-efaf-4dc9-9936-14f337f700ad,function_transfer_time,1779127418.540439,0.000075851
experiment_name,fc68cf26-efaf-4dc9-9936-14f337f700ad,function_transfer_time,1779127418.6416943,0.000022872
experiment_name,fc68cf26-efaf-4dc9-9936-14f337f700ad,function_transfer_time,1779127418.74302,0.000082352
experiment_name,fc68cf26-efaf-4dc9-9936-14f337f700ad,function_transfer_time,1779127418.8432944,0.000022928
experiment_name,fc68cf26-efaf-4dc9-9936-14f337f700ad,function_transfer_time,1779127418.9446626,0.000081481
experiment_name,fc68cf26-efaf-4dc9-9936-14f337f700ad,function_transfer_time,1779127419.0459592,0.000024544
experiment_name,fc68cf26-efaf-4dc9-9936-14f337f700ad,function_transfer_time,1779127419.147284,0.00009818
experiment_name,fc68cf26-efaf-4dc9-9936-14f337f700ad,function_transfer_time,1779127419.2485545,0.00002181
experiment_name,fc68cf26-efaf-4dc9-9936-14f337f700ad,function_transfer_time,1779127419.349801,0.000018592
experiment_name,fc68cf26-efaf-4dc9-9936-14f337f700ad,function_transfer_time,1779127419.4511158,0.000073908
experiment_name,fc68cf26-efaf-4dc9-9936-14f337f700ad,function_transfer_time,1779127419.5524008,0.000025034
experiment_name,a896566d-338c-42b8-b529-9da99031bbc8,function_transfer_time,1779127414.6928918,0.000102893
experiment_name,a896566d-338c-42b8-b529-9da99031bbc8,function_transfer_time,1779127414.7941787,0.00003509
experiment_name,a896566d-338c-42b8-b529-9da99031bbc8,function_transfer_time,1779127414.895501,0.000107155
experiment_name,a896566d-338c-42b8-b529-9da99031bbc8,function_transfer_time,1779127414.9968104,0.000127169
experiment_name,a896566d-338c-42b8-b529-9da99031bbc8,function_transfer_time,1779127415.098114,0.000107049
experiment_name,a896566d-338c-42b8-b529-9da99031bbc8,function_transfer_time,1779127415.1984692,0.000126699
experiment_name,a896566d-338c-42b8-b529-9da99031bbc8,function_transfer_time,1779127415.29975,0.000038901
experiment_name,a896566d-338c-42b8-b529-9da99031bbc8,function_transfer_time,1779127415.4010596,0.000104548
experiment_name,a896566d-338c-42b8-b529-9da99031bbc8,function_transfer_time,1779127415.5023646,0.000128139
experiment_name,a896566d-338c-42b8-b529-9da99031bbc8,function_transfer_time,1779127415.603691,0.000119107
experiment_name,a896566d-338c-42b8-b529-9da99031bbc8,function_transfer_time,1779127415.705001,0.00011638
experiment_name,a896566d-338c-42b8-b529-9da99031bbc8,function_transfer_time,1779127415.805426,0.000038007
experiment_name,a896566d-338c-42b8-b529-9da99031bbc8,function_transfer_time,1779127415.906791,0.000083327
experiment_name,a896566d-338c-42b8-b529-9da99031bbc8,function_transfer_time,1779127416.0082638,0.000103485
experiment_name,a896566d-338c-42b8-b529-9da99031bbc8,function_transfer_time,1779127416.1096,0.00010516
experiment_name,a896566d-338c-42b8-b529-9da99031bbc8,function_transfer_time,1779127416.2109053,0.000055121
experiment_name,a896566d-338c-42b8-b529-9da99031bbc8,function_transfer_time,1779127416.312231,0.000045553
experiment_name,a896566d-338c-42b8-b529-9da99031bbc8,function_transfer_time,1779127416.4135342,0.000047043
experiment_name,a896566d-338c-42b8-b529-9da99031bbc8,function_transfer_time,1779127416.5148582,0.000121077
experiment_name,a896566d-338c-42b8-b529-9da99031bbc8,function_transfer_time,1779127416.6161287,0.000107528
experiment_name,a896566d-338c-42b8-b529-9da99031bbc8,function_transfer_time,1779127416.717353,0.000040386
experiment_name,a896566d-338c-42b8-b529-9da99031bbc8,function_transfer_time,1779127416.8186884,0.000033532
experiment_name,a896566d-338c-42b8-b529-9da99031bbc8,function_transfer_time,1779127416.9200702,0.000105034
experiment_name,a896566d-338c-42b8-b529-9da99031bbc8,function_transfer_time,1779127417.0214205,0.000124958
experiment_name,a896566d-338c-42b8-b529-9da99031bbc8,function_transfer_time,1779127417.1227143,0.000124713
experiment_name,a896566d-338c-42b8-b529-9da99031bbc8,function_transfer_time,1779127417.2240324,0.000114651
experiment_name,a896566d-338c-42b8-b529-9da99031bbc8,function_transfer_time,1779127417.325396,0.000114943
experiment_name,a896566d-338c-42b8-b529-9da99031bbc8,function_transfer_time,1779127417.426716,0.000124147
experiment_name,a896566d-338c-42b8-b529-9da99031bbc8,function_transfer_time,1779127417.5280604,0.000134909
experiment_name,a896566d-338c-42b8-b529-9da99031bbc8,function_transfer_time,1779127417.6293736,0.000103833
experiment_name,a896566d-338c-42b8-b529-9da99031bbc8,function_transfer_time,1779127417.730732,0.000109829
experiment_name,a896566d-338c-42b8-b529-9da99031bbc8,function_transfer_time,1779127417.8321135,0.000038596
experiment_name,a896566d-338c-42b8-b529-9da99031bbc8,function_transfer_time,1779127417.9325202,0.000131135
experiment_name,a896566d-338c-42b8-b529-9da99031bbc8,function_transfer_time,1779127418.0338519,0.000112465
experiment_name,a896566d-338c-42b8-b529-9da99031bbc8,function_transfer_time,1779127418.1353645,0.000121699
experiment_name,a896566d-338c-42b8-b529-9da99031bbc8,function_transfer_time,1779127418.2365785,0.000064188
experiment_name,a896566d-338c-42b8-b529-9da99031bbc8,function_transfer_time,1779127418.3380008,0.000126677
experiment_name,a896566d-338c-42b8-b529-9da99031bbc8,function_transfer_time,1779127418.439278,0.000122572
experiment_name,a896566d-338c-42b8-b529-9da99031bbc8,function_transfer_time,1779127418.5406191,0.000108969
experiment_name,a896566d-338c-42b8-b529-9da99031bbc8,function_transfer_time,1779127418.6418571,0.000108047
experiment_name,a896566d-338c-42b8-b529-9da99031bbc8,function_transfer_time,1779127418.7431588,0.000026801
experiment_name,a896566d-338c-42b8-b529-9da99031bbc8,function_transfer_time,1779127418.8434682,0.000036457
experiment_name,a896566d-338c-42b8-b529-9da99031bbc8,function_transfer_time,1779127418.944859,0.000140368
experiment_name,a896566d-338c-42b8-b529-9da99031bbc8,function_transfer_time,1779127419.0461352,0.000123922
experiment_name,a896566d-338c-42b8-b529-9da99031bbc8,function_transfer_time,1779127419.1474543,0.000114731
experiment_name,a896566d-338c-42b8-b529-9da99031bbc8,function_transfer_time,1779127419.2487285,0.000117951
experiment_name,a896566d-338c-42b8-b529-9da99031bbc8,function_transfer_time,1779127419.349964,0.000129165
experiment_name,a896566d-338c-42b8-b529-9da99031bbc8,function_transfer_time,1779127419.4512982,0.000120008
experiment_name,a896566d-338c-42b8-b529-9da99031bbc8,function_transfer_time,1779127419.5525644,0.000098818
experiment_name,a896566d-338c-42b8-b529-9da99031bbc8,function_execution_time,1779127419.653808,0.000072572
experiment_name,a896566d-338c-42b8-b529-9da99031bbc8,function_execution_time,1779127419.755003,0.000067542
experiment_name,a896566d-338c-42b8-b529-9da99031bbc8,function_execution_time,1779127419.8563714,0.000064059
experiment_name,a896566d-338c-42b8-b529-9da99031bbc8,function_execution_time,1779127419.9577568,0.000069631
experiment_name,a896566d-338c-42b8-b529-9da99031bbc8,function_execution_time,1779127420.0592732,0.000057614
experiment_name,a896566d-338c-42b8-b529-9da99031bbc8,function_execution_time,1779127420.1595814,0.000055687
experiment_name,a896566d-338c-42b8-b529-9da99031bbc8,function_execution_time,1779127420.2609105,0.000057774
experiment_name,a896566d-338c-42b8-b529-9da99031bbc8,function_execution_time,1779127420.3621814,0.000061523
experiment_name,a896566d-338c-42b8-b529-9da99031bbc8,function_execution_time,1779127420.4635386,0.000065133
experiment_name,a896566d-338c-42b8-b529-9da99031bbc8,function_execution_time,1779127420.5648575,0.00006031
experiment_name,a896566d-338c-42b8-b529-9da99031bbc8,function_execution_time,1779127420.6663465,0.000056469
experiment_name,a896566d-338c-42b8-b529-9da99031bbc8,function_execution_time,1779127420.76772,0.000057967
experiment_name,a896566d-338c-42b8-b529-9da99031bbc8,function_execution_time,1779127420.869042,0.000074594
experiment_name,a896566d-338c-42b8-b529-9da99031bbc8,function_execution_time,1779127420.9695606,0.000062341
experiment_name,a896566d-338c-42b8-b529-9da99031bbc8,function_execution_time,1779127421.0709088,0.000063363
experiment_name,a896566d-338c-42b8-b529-9da99031bbc8,function_execution_time,1779127421.1722195,0.000056183
experiment_name,a896566d-338c-42b8-b529-9da99031bbc8,function_execution_time,1779127421.2735345,0.000063601
experiment_name,a896566d-338c-42b8-b529-9da99031bbc8,function_execution_time,1779127421.3748622,0.000056655
experiment_name,a896566d-338c-42b8-b529-9da99031bbc8,function_execution_time,1779127421.4761803,0.000056477
experiment_name,a896566d-338c-42b8-b529-9da99031bbc8,function_execution_time,1779127421.576648,0.000059181
experiment_name,a896566d-338c-42b8-b529-9da99031bbc8,function_execution_time,1779127421.6779768,0.000058781
experiment_name,a896566d-338c-42b8-b529-9da99031bbc8,function_execution_time,1779127421.7792878,0.000075646
experiment_name,a896566d-338c-42b8-b529-9da99031bbc8,function_execution_time,1779127421.8797503,0.000056677
experiment_name,a896566d-338c-42b8-b529-9da99031bbc8,function_execution_time,1779127421.9811838,0.00005758
experiment_name,a896566d-338c-42b8-b529-9da99031bbc8,function_execution_time,1779127422.082505,0.000069594
experiment_name,a896566d-338c-42b8-b529-9da99031bbc8,function_execution_time,1779127422.183886,0.0000678
experiment_name,a896566d-338c-42b8-b529-9da99031bbc8,function_execution_time,1779127422.2851713,0.000058474
experiment_name,a896566d-338c-42b8-b529-9da99031bbc8,function_execution_time,1779127422.3865187,0.000057009
experiment_name,a896566d-338c-42b8-b529-9da99031bbc8,function_execution_time,1779127422.4878511,0.00005905
experiment_name,a896566d-338c-42b8-b529-9da99031bbc8,function_execution_time,1779127422.5891259,0.00005632
experiment_name,a896566d-338c-42b8-b529-9da99031bbc8,function_execution_time,1779127422.6904876,0.000079511
experiment_name,a896566d-338c-42b8-b529-9da99031bbc8,function_execution_time,1779127422.7918193,0.000056413
experiment_name,a896566d-338c-42b8-b529-9da99031bbc8,function_execution_time,1779127422.8931174,0.000056304
experiment_name,a896566d-338c-42b8-b529-9da99031bbc8,function_execution_time,1779127422.994516,0.000055112
experiment_name,a896566d-338c-42b8-b529-9da99031bbc8,function_execution_time,1779127423.0958266,0.00006377
experiment_name,a896566d-338c-42b8-b529-9da99031bbc8,function_execution_time,1779127423.1971858,0.000056755
experiment_name,a896566d-338c-42b8-b529-9da99031bbc8,function_execution_time,1779127423.2984867,0.000070415
experiment_name,a896566d-338c-42b8-b529-9da99031bbc8,function_execution_time,1779127423.3998492,0.000056754
experiment_name,a896566d-338c-42b8-b529-9da99031bbc8,function_execution_time,1779127423.5011208,0.000056433
experiment_name,a896566d-338c-42b8-b529-9da99031bbc8,function_execution_time,1779127423.602473,0.000076092
experiment_name,a896566d-338c-42b8-b529-9da99031bbc8,function_execution_time,1779127423.7037966,0.000055815
experiment_name,a896566d-338c-42b8-b529-9da99031bbc8,function_execution_time,1779127423.8051386,0.000060231
experiment_name,a896566d-338c-42b8-b529-9da99031bbc8,function_execution_time,1779127423.9064724,0.000092576
experiment_name,a896566d-338c-42b8-b529-9da99031bbc8,function_execution_time,1779127424.0078197,0.000067538
experiment_name,a896566d-338c-42b8-b529-9da99031bbc8,function_execution_time,1779127424.1091511,0.000064601
experiment_name,a896566d-338c-42b8-b529-9da99031bbc8,function_execution_time,1779127424.2104719,0.000069419
experiment_name,a896566d-338c-42b8-b529-9da99031bbc8,function_execution_time,1779127424.3117888,0.000059704
experiment_name,a896566d-338c-42b8-b529-9da99031bbc8,function_execution_time,1779127424.4131138,0.000056085
experiment_name,a896566d-338c-42b8-b529-9da99031bbc8,function_execution_time,1779127424.5136275,0.000066393
experiment_name,a896566d-338c-42b8-b529-9da99031bbc8,function_execution_time,1779127424.6149418,0.000056795
experiment_name,fc68cf26-efaf-4dc9-9936-14f337f700ad,function_execution_time,1779127419.6536884,0.000112313
experiment_name,fc68cf26-efaf-4dc9-9936-14f337f700ad,function_execution_time,1779127419.7549388,0.000099989
experiment_name,fc68cf26-efaf-4dc9-9936-14f337f700ad,function_execution_time,1779127419.85631,0.00016337
experiment_name,fc68cf26-efaf-4dc9-9936-14f337f700ad,function_execution_time,1779127419.957669,0.000083281
experiment_name,fc68cf26-efaf-4dc9-9936-14f337f700ad,function_execution_time,1779127420.059185,0.000087695
experiment_name,fc68cf26-efaf-4dc9-9936-14f337f700ad,function_execution_time,1779127420.1594908,0.000077029
experiment_name,fc68cf26-efaf-4dc9-9936-14f337f700ad,function_execution_time,1779127420.2607474,0.000073789
experiment_name,fc68cf26-efaf-4dc9-9936-14f337f700ad,function_execution_time,1779127420.3620675,0.000086041
experiment_name,fc68cf26-efaf-4dc9-9936-14f337f700ad,function_execution_time,1779127420.4633694,0.000075599
experiment_name,fc68cf26-efaf-4dc9-9936-14f337f700ad,function_execution_time,1779127420.5646925,0.000074418
experiment_name,fc68cf26-efaf-4dc9-9936-14f337f700ad,function_execution_time,1779127420.6661916,0.000074413
experiment_name,fc68cf26-efaf-4dc9-9936-14f337f700ad,function_execution_time,1779127420.767555,0.000086731
experiment_name,fc68cf26-efaf-4dc9-9936-14f337f700ad,function_execution_time,1779127420.8689601,0.000148187
experiment_name,fc68cf26-efaf-4dc9-9936-14f337f700ad,function_execution_time,1779127420.969404,0.000075255
experiment_name,fc68cf26-efaf-4dc9-9936-14f337f700ad,function_execution_time,1779127421.0708055,0.000091063
experiment_name,fc68cf26-efaf-4dc9-9936-14f337f700ad,function_execution_time,1779127421.1720634,0.000073637
experiment_name,fc68cf26-efaf-4dc9-9936-14f337f700ad,function_execution_time,1779127421.273384,0.000070657
experiment_name,fc68cf26-efaf-4dc9-9936-14f337f700ad,function_execution_time,1779127421.374705,0.000073495
experiment_name,fc68cf26-efaf-4dc9-9936-14f337f700ad,function_execution_time,1779127421.4760935,0.000084038
experiment_name,fc68cf26-efaf-4dc9-9936-14f337f700ad,function_execution_time,1779127421.5765522,0.000091578
experiment_name,fc68cf26-efaf-4dc9-9936-14f337f700ad,function_execution_time,1779127421.6778276,0.000077449
experiment_name,fc68cf26-efaf-4dc9-9936-14f337f700ad,function_execution_time,1779127421.7791543,0.000091707
experiment_name,fc68cf26-efaf-4dc9-9936-14f337f700ad,function_execution_time,1779127421.879696,0.000138687
experiment_name,fc68cf26-efaf-4dc9-9936-14f337f700ad,function_execution_time,1779127421.9810157,0.000076254
experiment_name,fc68cf26-efaf-4dc9-9936-14f337f700ad,function_execution_time,1779127422.082351,0.000073627
experiment_name,fc68cf26-efaf-4dc9-9936-14f337f700ad,function_execution_time,1779127422.1837056,0.000080133
experiment_name,fc68cf26-efaf-4dc9-9936-14f337f700ad,function_execution_time,1779127422.2850122,0.000079074
experiment_name,fc68cf26-efaf-4dc9-9936-14f337f700ad,function_execution_time,1779127422.386347,0.000071434
experiment_name,fc68cf26-efaf-4dc9-9936-14f337f700ad,function_execution_time,1779127422.4876633,0.000080858
experiment_name,fc68cf26-efaf-4dc9-9936-14f337f700ad,function_execution_time,1779127422.5889902,0.000072608
experiment_name,fc68cf26-efaf-4dc9-9936-14f337f700ad,function_execution_time,1779127422.6903222,0.000076399
experiment_name,fc68cf26-efaf-4dc9-9936-14f337f700ad,function_execution_time,1779127422.7916515,0.000078544
experiment_name,fc68cf26-efaf-4dc9-9936-14f337f700ad,function_execution_time,1779127422.8930585,0.000144604
experiment_name,fc68cf26-efaf-4dc9-9936-14f337f700ad,function_execution_time,1779127422.994344,0.000069852
experiment_name,fc68cf26-efaf-4dc9-9936-14f337f700ad,function_execution_time,1779127423.0956821,0.000072943
experiment_name,fc68cf26-efaf-4dc9-9936-14f337f700ad,function_execution_time,1779127423.1970196,0.000081386
experiment_name,fc68cf26-efaf-4dc9-9936-14f337f700ad,function_execution_time,1779127423.2983356,0.000073239
experiment_name,fc68cf26-efaf-4dc9-9936-14f337f700ad,function_execution_time,1779127423.3996801,0.000070935
experiment_name,fc68cf26-efaf-4dc9-9936-14f337f700ad,function_execution_time,1779127423.5009863,0.000081157
experiment_name,fc68cf26-efaf-4dc9-9936-14f337f700ad,function_execution_time,1779127423.6023138,0.000073437
experiment_name,fc68cf26-efaf-4dc9-9936-14f337f700ad,function_execution_time,1779127423.7036285,0.000072662
experiment_name,fc68cf26-efaf-4dc9-9936-14f337f700ad,function_execution_time,1779127423.8049557,0.000070108
experiment_name,fc68cf26-efaf-4dc9-9936-14f337f700ad,function_execution_time,1779127423.9064052,0.000181249
experiment_name,fc68cf26-efaf-4dc9-9936-14f337f700ad,function_execution_time,1779127424.0077147,0.000086442
experiment_name,fc68cf26-efaf-4dc9-9936-14f337f700ad,function_execution_time,1779127424.108984,0.000075878
experiment_name,fc68cf26-efaf-4dc9-9936-14f337f700ad,function_execution_time,1779127424.2102966,0.000075034
experiment_name,fc68cf26-efaf-4dc9-9936-14f337f700ad,function_execution_time,1779127424.311624,0.000078255
experiment_name,fc68cf26-efaf-4dc9-9936-14f337f700ad,function_execution_time,1779127424.413002,0.000087048
experiment_name,fc68cf26-efaf-4dc9-9936-14f337f700ad,function_execution_time,1779127424.5134451,0.000085687
experiment_name,fc68cf26-efaf-4dc9-9936-14f337f700ad,function_execution_time,1779127424.614784,0.000075203
experiment_name,a896566d-338c-42b8-b529-9da99031bbc8,function_transfer_time,1779127419.6537309,0.000132259
experiment_name,a896566d-338c-42b8-b529-9da99031bbc8,function_transfer_time,1779127419.754936,0.000037422
experiment_name,a896566d-338c-42b8-b529-9da99031bbc8,function_transfer_time,1779127419.8563068,0.000036875
experiment_name,a896566d-338c-42b8-b529-9da99031bbc8,function_transfer_time,1779127419.9576747,0.000091594
experiment_name,a896566d-338c-42b8-b529-9da99031bbc8,function_transfer_time,1779127420.0592108,0.000113631
experiment_name,a896566d-338c-42b8-b529-9da99031bbc8,function_transfer_time,1779127420.1595237,0.000114516
experiment_name,a896566d-338c-42b8-b529-9da99031bbc8,function_transfer_time,1779127420.2608523,0.000127294
experiment_name,a896566d-338c-42b8-b529-9da99031bbc8,function_transfer_time,1779127420.3621135,0.000084508
experiment_name,a896566d-338c-42b8-b529-9da99031bbc8,function_transfer_time,1779127420.4634726,0.000123414
experiment_name,a896566d-338c-42b8-b529-9da99031bbc8,function_transfer_time,1779127420.564794,0.000125703
experiment_name,a896566d-338c-42b8-b529-9da99031bbc8,function_transfer_time,1779127420.6662886,0.000123376
experiment_name,a896566d-338c-42b8-b529-9da99031bbc8,function_transfer_time,1779127420.7676616,0.000124213
experiment_name,a896566d-338c-42b8-b529-9da99031bbc8,function_transfer_time,1779127420.8689628,0.000038449
experiment_name,a896566d-338c-42b8-b529-9da99031bbc8,function_transfer_time,1779127420.9694977,0.000122642
experiment_name,a896566d-338c-42b8-b529-9da99031bbc8,function_transfer_time,1779127421.0708385,0.000141584
experiment_name,a896566d-338c-42b8-b529-9da99031bbc8,function_transfer_time,1779127421.172163,0.000125641
experiment_name,a896566d-338c-42b8-b529-9da99031bbc8,function_transfer_time,1779127421.2734702,0.000115197
experiment_name,a896566d-338c-42b8-b529-9da99031bbc8,function_transfer_time,1779127421.3748057,0.000123801
experiment_name,a896566d-338c-42b8-b529-9da99031bbc8,function_transfer_time,1779127421.476117,0.000098586
experiment_name,a896566d-338c-42b8-b529-9da99031bbc8,function_transfer_time,1779127421.5765848,0.000113373
experiment_name,a896566d-338c-42b8-b529-9da99031bbc8,function_transfer_time,1779127421.6779168,0.000111528
experiment_name,a896566d-338c-42b8-b529-9da99031bbc8,function_transfer_time,1779127421.7792094,0.000090841
experiment_name,a896566d-338c-42b8-b529-9da99031bbc8,function_transfer_time,1779127421.8796928,0.000030941
experiment_name,a896566d-338c-42b8-b529-9da99031bbc8,function_transfer_time,1779127421.9811263,0.000132786
experiment_name,a896566d-338c-42b8-b529-9da99031bbc8,function_transfer_time,1779127422.082447,0.000111626
experiment_name,a896566d-338c-42b8-b529-9da99031bbc8,function_transfer_time,1779127422.1838183,0.000137154
experiment_name,a896566d-338c-42b8-b529-9da99031bbc8,function_transfer_time,1779127422.2851121,0.000119242
experiment_name,a896566d-338c-42b8-b529-9da99031bbc8,function_transfer_time,1779127422.3864622,0.000138835
experiment_name,a896566d-338c-42b8-b529-9da99031bbc8,function_transfer_time,1779127422.4877894,0.000140109
experiment_name,a896566d-338c-42b8-b529-9da99031bbc8,function_transfer_time,1779127422.5890698,0.000104287
experiment_name,a896566d-338c-42b8-b529-9da99031bbc8,function_transfer_time,1779127422.6904066,0.000103099
experiment_name,a896566d-338c-42b8-b529-9da99031bbc8,function_transfer_time,1779127422.7917628,0.000145145
experiment_name,a896566d-338c-42b8-b529-9da99031bbc8,function_transfer_time,1779127422.893062,0.00003442
experiment_name,a896566d-338c-42b8-b529-9da99031bbc8,function_transfer_time,1779127422.9944613,0.000141438
experiment_name,a896566d-338c-42b8-b529-9da99031bbc8,function_transfer_time,1779127423.0957623,0.000106019
experiment_name,a896566d-338c-42b8-b529-9da99031bbc8,function_transfer_time,1779127423.1971292,0.000127405
experiment_name,a896566d-338c-42b8-b529-9da99031bbc8,function_transfer_time,1779127423.2984147,0.000103367
experiment_name,a896566d-338c-42b8-b529-9da99031bbc8,function_transfer_time,1779127423.3997922,0.000136738
experiment_name,a896566d-338c-42b8-b529-9da99031bbc8,function_transfer_time,1779127423.5010614,0.000105935
experiment_name,a896566d-338c-42b8-b529-9da99031bbc8,function_transfer_time,1779127423.6023967,0.000106055
experiment_name,a896566d-338c-42b8-b529-9da99031bbc8,function_transfer_time,1779127423.7037396,0.000135966
experiment_name,a896566d-338c-42b8-b529-9da99031bbc8,function_transfer_time,1779127423.8050785,0.000147969
experiment_name,a896566d-338c-42b8-b529-9da99031bbc8,function_transfer_time,1779127423.9063742,0.00002467
experiment_name,a896566d-338c-42b8-b529-9da99031bbc8,function_transfer_time,1779127424.007746,0.000110384
experiment_name,a896566d-338c-42b8-b529-9da99031bbc8,function_transfer_time,1779127424.1090868,0.000125258
experiment_name,a896566d-338c-42b8-b529-9da99031bbc8,function_transfer_time,1779127424.2104046,0.000124958
experiment_name,a896566d-338c-42b8-b529-9da99031bbc8,function_transfer_time,1779127424.3117282,0.000123956
experiment_name,a896566d-338c-42b8-b529-9da99031bbc8,function_transfer_time,1779127424.4130535,0.00008345
experiment_name,a896566d-338c-42b8-b529-9da99031bbc8,function_transfer_time,1779127424.5135603,0.000145297
experiment_name,a896566d-338c-42b8-b529-9da99031bbc8,function_transfer_time,1779127424.6148856,0.000122132
experiment_name,fc68cf26-efaf-4dc9-9936-14f337f700ad,function_transfer_time,1779127419.6536036,0.00009779
experiment_name,fc68cf26-efaf-4dc9-9936-14f337f700ad,function_transfer_time,1779127419.754833,0.000029061
experiment_name,fc68cf26-efaf-4dc9-9936-14f337f700ad,function_transfer_time,1779127419.856139,0.00008216
experiment_name,fc68cf26-efaf-4dc9-9936-14f337f700ad,function_transfer_time,1779127419.957534,0.0000772
experiment_name,fc68cf26-efaf-4dc9-9936-14f337f700ad,function_transfer_time,1779127420.0590343,0.000084922
experiment_name,fc68cf26-efaf-4dc9-9936-14f337f700ad,function_transfer_time,1779127420.1593559,0.000080607
experiment_name,fc68cf26-efaf-4dc9-9936-14f337f700ad,function_transfer_time,1779127420.2606702,0.000075373
experiment_name,fc68cf26-efaf-4dc9-9936-14f337f700ad,function_transfer_time,1779127420.3619769,0.000085588
experiment_name,fc68cf26-efaf-4dc9-9936-14f337f700ad,function_transfer_time,1779127420.463293,0.000081539
experiment_name,fc68cf26-efaf-4dc9-9936-14f337f700ad,function_transfer_time,1779127420.564611,0.00008434
experiment_name,fc68cf26-efaf-4dc9-9936-14f337f700ad,function_transfer_time,1779127420.66611,0.000079391
experiment_name,fc68cf26-efaf-4dc9-9936-14f337f700ad,function_transfer_time,1779127420.7674694,0.000088044
experiment_name,fc68cf26-efaf-4dc9-9936-14f337f700ad,function_transfer_time,1779127420.8688078,0.000089531
experiment_name,fc68cf26-efaf-4dc9-9936-14f337f700ad,function_transfer_time,1779127420.9693148,0.000084534
experiment_name,fc68cf26-efaf-4dc9-9936-14f337f700ad,function_transfer_time,1779127421.07064,0.000081431
experiment_name,fc68cf26-efaf-4dc9-9936-14f337f700ad,function_transfer_time,1779127421.171982,0.000081962
experiment_name,fc68cf26-efaf-4dc9-9936-14f337f700ad,function_transfer_time,1779127421.2732995,0.000077573
experiment_name,fc68cf26-efaf-4dc9-9936-14f337f700ad,function_transfer_time,1779127421.3746254,0.000081362
experiment_name,fc68cf26-efaf-4dc9-9936-14f337f700ad,function_transfer_time,1779127421.4760232,0.000083667
experiment_name,fc68cf26-efaf-4dc9-9936-14f337f700ad,function_transfer_time,1779127421.5764062,0.000077557
experiment_name,fc68cf26-efaf-4dc9-9936-14f337f700ad,function_transfer_time,1779127421.677746,0.000081392
experiment_name,fc68cf26-efaf-4dc9-9936-14f337f700ad,function_transfer_time,1779127421.7790613,0.000078133
experiment_name,fc68cf26-efaf-4dc9-9936-14f337f700ad,function_transfer_time,1779127421.879549,0.000088388
experiment_name,fc68cf26-efaf-4dc9-9936-14f337f700ad,function_transfer_time,1779127421.9809349,0.000087763
experiment_name,fc68cf26-efaf-4dc9-9936-14f337f700ad,function_transfer_time,1779127422.0822623,0.000086725
experiment_name,fc68cf26-efaf-4dc9-9936-14f337f700ad,function_transfer_time,1779127422.1836154,0.000084049
experiment_name,fc68cf26-efaf-4dc9-9936-14f337f700ad,function_transfer_time,1779127422.2849321,0.000076823
experiment_name,fc68cf26-efaf-4dc9-9936-14f337f700ad,function_transfer_time,1779127422.3862667,0.000080355
experiment_name,fc68cf26-efaf-4dc9-9936-14f337f700ad,function_transfer_time,1779127422.4875836,0.000078089
experiment_name,fc68cf26-efaf-4dc9-9936-14f337f700ad,function_transfer_time,1779127422.58891,0.00008415
experiment_name,fc68cf26-efaf-4dc9-9936-14f337f700ad,function_transfer_time,1779127422.6902468,0.000079184
experiment_name,fc68cf26-efaf-4dc9-9936-14f337f700ad,function_transfer_time,1779127422.7915668,0.000084015
experiment_name,fc68cf26-efaf-4dc9-9936-14f337f700ad,function_transfer_time,1779127422.8929083,0.00008049
experiment_name,fc68cf26-efaf-4dc9-9936-14f337f700ad,function_transfer_time,1779127422.9942653,0.000085026
experiment_name,fc68cf26-efaf-4dc9-9936-14f337f700ad,function_transfer_time,1779127423.095601,0.000078088
experiment_name,fc68cf26-efaf-4dc9-9936-14f337f700ad,function_transfer_time,1779127423.196937,0.000079504
experiment_name,fc68cf26-efaf-4dc9-9936-14f337f700ad,function_transfer_time,1779127423.298255,0.000083866
experiment_name,fc68cf26-efaf-4dc9-9936-14f337f700ad,function_transfer_time,1779127423.3995998,0.00007743
experiment_name,fc68cf26-efaf-4dc9-9936-14f337f700ad,function_transfer_time,1779127423.5009046,0.000078817
experiment_name,fc68cf26-efaf-4dc9-9936-14f337f700ad,function_transfer_time,1779127423.6022322,0.000076681
experiment_name,fc68cf26-efaf-4dc9-9936-14f337f700ad,function_transfer_time,1779127423.7035484,0.000078858
experiment_name,fc68cf26-efaf-4dc9-9936-14f337f700ad,function_transfer_time,1779127423.8048747,0.000078601
experiment_name,fc68cf26-efaf-4dc9-9936-14f337f700ad,function_transfer_time,1779127423.9062223,0.000091799
experiment_name,fc68cf26-efaf-4dc9-9936-14f337f700ad,function_transfer_time,1779127424.0075784,0.000075092
experiment_name,fc68cf26-efaf-4dc9-9936-14f337f700ad,function_transfer_time,1779127424.108903,0.00008661
experiment_name,fc68cf26-efaf-4dc9-9936-14f337f700ad,function_transfer_time,1779127424.2102206,0.000086067
experiment_name,fc68cf26-efaf-4dc9-9936-14f337f700ad,function_transfer_time,1779127424.3115468,0.00008474
experiment_name,fc68cf26-efaf-4dc9-9936-14f337f700ad,function_transfer_time,1779127424.4129076,0.000094442
experiment_name,fc68cf26-efaf-4dc9-9936-14f337f700ad,function_transfer_time,1779127424.5133593,0.000084196
experiment_name,fc68cf26-efaf-4dc9-9936-14f337f700ad,function_transfer_time,1779127424.6147065,0.00008448
experiment_name,a896566d-338c-42b8-b529-9da99031bbc8,function_execution_time,1779127424.7158968,0.000069254
experiment_name,a896566d-338c-42b8-b529-9da99031bbc8,function_execution_time,1779127424.817231,0.000060139
experiment_name,a896566d-338c-42b8-b529-9da99031bbc8,function_execution_time,1779127424.9175966,0.000080457
experiment_name,a896566d-338c-42b8-b529-9da99031bbc8,function_execution_time,1779127425.0189216,0.000059553
experiment_name,a896566d-338c-42b8-b529-9da99031bbc8,function_execution_time,1779127425.1202621,0.000060523
experiment_name,a896566d-338c-42b8-b529-9da99031bbc8,function_execution_time,1779127425.2207432,0.000059948
experiment_name,a896566d-338c-42b8-b529-9da99031bbc8,function_execution_time,1779127425.3220546,0.000056658
experiment_name,a896566d-338c-42b8-b529-9da99031bbc8,function_execution_time,1779127425.423268,0.000060654
experiment_name,a896566d-338c-42b8-b529-9da99031bbc8,function_execution_time,1779127425.524657,0.000058866
experiment_name,a896566d-338c-42b8-b529-9da99031bbc8,function_execution_time,1779127425.6259546,0.000066302
experiment_name,a896566d-338c-42b8-b529-9da99031bbc8,function_execution_time,1779127425.727248,0.000057661
experiment_name,a896566d-338c-42b8-b529-9da99031bbc8,function_execution_time,1779127425.8275807,0.000055224
experiment_name,a896566d-338c-42b8-b529-9da99031bbc8,function_execution_time,1779127425.928864,0.000055422
experiment_name,a896566d-338c-42b8-b529-9da99031bbc8,function_execution_time,1779127426.0303295,0.000062508
experiment_name,a896566d-338c-42b8-b529-9da99031bbc8,function_execution_time,1779127426.131641,0.000056115
experiment_name,a896566d-338c-42b8-b529-9da99031bbc8,function_execution_time,1779127426.2329974,0.000059055
experiment_name,a896566d-338c-42b8-b529-9da99031bbc8,function_execution_time,1779127426.3343024,0.000063355
experiment_name,a896566d-338c-42b8-b529-9da99031bbc8,function_execution_time,1779127426.4345338,0.000057395
experiment_name,a896566d-338c-42b8-b529-9da99031bbc8,function_execution_time,1779127426.5357926,0.000072615
experiment_name,a896566d-338c-42b8-b529-9da99031bbc8,function_execution_time,1779127426.637137,0.00005645
experiment_name,a896566d-338c-42b8-b529-9da99031bbc8,function_execution_time,1779127426.7385168,0.000057147
experiment_name,a896566d-338c-42b8-b529-9da99031bbc8,function_execution_time,1779127426.8398032,0.000057749
experiment_name,a896566d-338c-42b8-b529-9da99031bbc8,function_execution_time,1779127426.9411216,0.000064578
experiment_name,a896566d-338c-42b8-b529-9da99031bbc8,function_execution_time,1779127427.0415306,0.000058187
experiment_name,a896566d-338c-42b8-b529-9da99031bbc8,function_execution_time,1779127427.1428254,0.000056685
experiment_name,a896566d-338c-42b8-b529-9da99031bbc8,function_execution_time,1779127427.2441618,0.000057989
experiment_name,a896566d-338c-42b8-b529-9da99031bbc8,function_execution_time,1779127427.345526,0.000067388
experiment_name,a896566d-338c-42b8-b529-9da99031bbc8,function_execution_time,1779127427.4468024,0.000061799
experiment_name,a896566d-338c-42b8-b529-9da99031bbc8,function_execution_time,1779127427.548107,0.000059233
experiment_name,a896566d-338c-42b8-b529-9da99031bbc8,function_execution_time,1779127427.6493983,0.000059138
experiment_name,a896566d-338c-42b8-b529-9da99031bbc8,function_execution_time,1779127427.75074,0.000061179
experiment_name,a896566d-338c-42b8-b529-9da99031bbc8,function_execution_time,1779127427.852028,0.000067005
experiment_name,a896566d-338c-42b8-b529-9da99031bbc8,function_execution_time,1779127427.9532883,0.000058713
experiment_name,a896566d-338c-42b8-b529-9da99031bbc8,function_execution_time,1779127428.0546684,0.000057483
experiment_name,a896566d-338c-42b8-b529-9da99031bbc8,function_execution_time,1779127428.1559389,0.00005717
experiment_name,a896566d-338c-42b8-b529-9da99031bbc8,function_execution_time,1779127428.2572763,0.00006389
experiment_name,a896566d-338c-42b8-b529-9da99031bbc8,function_execution_time,1779127428.3575523,0.000056445
experiment_name,a896566d-338c-42b8-b529-9da99031bbc8,function_execution_time,1779127428.4588683,0.000056125
experiment_name,a896566d-338c-42b8-b529-9da99031bbc8,function_execution_time,1779127428.5603156,0.000056645
experiment_name,a896566d-338c-42b8-b529-9da99031bbc8,function_execution_time,1779127428.6616576,0.000059009
experiment_name,a896566d-338c-42b8-b529-9da99031bbc8,function_execution_time,1779127428.7629144,0.000064686
experiment_name,a896566d-338c-42b8-b529-9da99031bbc8,function_execution_time,1779127428.8642528,0.000058043
experiment_name,a896566d-338c-42b8-b529-9da99031bbc8,function_execution_time,1779127428.9645944,0.000058597
experiment_name,a896566d-338c-42b8-b529-9da99031bbc8,function_execution_time,1779127429.0659728,0.000056594
experiment_name,a896566d-338c-42b8-b529-9da99031bbc8,function_execution_time,1779127429.167332,0.000068146
experiment_name,a896566d-338c-42b8-b529-9da99031bbc8,function_execution_time,1779127429.2686224,0.000055582
experiment_name,a896566d-338c-42b8-b529-9da99031bbc8,function_execution_time,1779127429.369932,0.000056537
experiment_name,a896566d-338c-42b8-b529-9da99031bbc8,function_execution_time,1779127429.471281,0.000060797
experiment_name,a896566d-338c-42b8-b529-9da99031bbc8,function_execution_time,1779127429.5716105,0.000064386
experiment_name,fc68cf26-efaf-4dc9-9936-14f337f700ad,function_execution_time,1779127424.7157414,0.000082907
experiment_name,fc68cf26-efaf-4dc9-9936-14f337f700ad,function_execution_time,1779127424.8170693,0.000073675
experiment_name,fc68cf26-efaf-4dc9-9936-14f337f700ad,function_execution_time,1779127424.9175243,0.000172182
experiment_name,fc68cf26-efaf-4dc9-9936-14f337f700ad,function_execution_time,1779127425.01877,0.000074433
experiment_name,fc68cf26-efaf-4dc9-9936-14f337f700ad,function_execution_time,1779127425.1201184,0.000085513
experiment_name,fc68cf26-efaf-4dc9-9936-14f337f700ad,function_execution_time,1779127425.220571,0.000074235
experiment_name,fc68cf26-efaf-4dc9-9936-14f337f700ad,function_execution_time,1779127425.3219023,0.000075531
experiment_name,fc68cf26-efaf-4dc9-9936-14f337f700ad,function_execution_time,1779127425.4232628,0.00010182
experiment_name,fc68cf26-efaf-4dc9-9936-14f337f700ad,function_execution_time,1779127425.52451,0.000088461
experiment_name,fc68cf26-efaf-4dc9-9936-14f337f700ad,function_execution_time,1779127425.6258516,0.000079347
experiment_name,fc68cf26-efaf-4dc9-9936-14f337f700ad,function_execution_time,1779127425.727091,0.000075653
experiment_name,fc68cf26-efaf-4dc9-9936-14f337f700ad,function_execution_time,1779127425.8274872,0.000085196
experiment_name,fc68cf26-efaf-4dc9-9936-14f337f700ad,function_execution_time,1779127425.928811,0.000144325
experiment_name,fc68cf26-efaf-4dc9-9936-14f337f700ad,function_execution_time,1779127426.0301647,0.000072945
experiment_name,fc68cf26-efaf-4dc9-9936-14f337f700ad,function_execution_time,1779127426.1315565,0.000093646
experiment_name,fc68cf26-efaf-4dc9-9936-14f337f700ad,function_execution_time,1779127426.2328076,0.000072965
experiment_name,fc68cf26-efaf-4dc9-9936-14f337f700ad,function_execution_time,1779127426.3342018,0.000081337
experiment_name,fc68cf26-efaf-4dc9-9936-14f337f700ad,function_execution_time,1779127426.4344432,0.000071667
experiment_name,fc68cf26-efaf-4dc9-9936-14f337f700ad,function_execution_time,1779127426.5357609,0.000083235
experiment_name,fc68cf26-efaf-4dc9-9936-14f337f700ad,function_execution_time,1779127426.636998,0.00007021
experiment_name,fc68cf26-efaf-4dc9-9936-14f337f700ad,function_execution_time,1779127426.7383356,0.000075129
experiment_name,fc68cf26-efaf-4dc9-9936-14f337f700ad,function_execution_time,1779127426.8396947,0.000085871
experiment_name,fc68cf26-efaf-4dc9-9936-14f337f700ad,function_execution_time,1779127426.941054,0.000148358
experiment_name,fc68cf26-efaf-4dc9-9936-14f337f700ad,function_execution_time,1779127427.041373,0.000073445
experiment_name,fc68cf26-efaf-4dc9-9936-14f337f700ad,function_execution_time,1779127427.142683,0.000078581
experiment_name,fc68cf26-efaf-4dc9-9936-14f337f700ad,function_execution_time,1779127427.244024,0.000072438
experiment_name,fc68cf26-efaf-4dc9-9936-14f337f700ad,function_execution_time,1779127427.3453388,0.000071706
experiment_name,fc68cf26-efaf-4dc9-9936-14f337f700ad,function_execution_time,1779127427.446676,0.000082434
experiment_name,fc68cf26-efaf-4dc9-9936-14f337f700ad,function_execution_time,1779127427.5480075,0.000084934
experiment_name,fc68cf26-efaf-4dc9-9936-14f337f700ad,function_execution_time,1779127427.6492493,0.0000747
experiment_name,fc68cf26-efaf-4dc9-9936-14f337f700ad,function_execution_time,1779127427.7505653,0.000074589
experiment_name,fc68cf26-efaf-4dc9-9936-14f337f700ad,function_execution_time,1779127427.8518686,0.000083129
experiment_name,fc68cf26-efaf-4dc9-9936-14f337f700ad,function_execution_time,1779127427.953219,0.00014158
experiment_name,fc68cf26-efaf-4dc9-9936-14f337f700ad,function_execution_time,1779127428.0545251,0.000081921
experiment_name,fc68cf26-efaf-4dc9-9936-14f337f700ad,function_execution_time,1779127428.1558454,0.000079561
experiment_name,fc68cf26-efaf-4dc9-9936-14f337f700ad,function_execution_time,1779127428.257175,0.000086701
experiment_name,fc68cf26-efaf-4dc9-9936-14f337f700ad,function_execution_time,1779127428.357463,0.000079946
experiment_name,fc68cf26-efaf-4dc9-9936-14f337f700ad,function_execution_time,1779127428.4587224,0.000070545
experiment_name,fc68cf26-efaf-4dc9-9936-14f337f700ad,function_execution_time,1779127428.5602305,0.000083255
experiment_name,fc68cf26-efaf-4dc9-9936-14f337f700ad,function_execution_time,1779127428.6615481,0.000087402
experiment_name,fc68cf26-efaf-4dc9-9936-14f337f700ad,function_execution_time,1779127428.7627654,0.000068597
experiment_name,fc68cf26-efaf-4dc9-9936-14f337f700ad,function_execution_time,1779127428.8640952,0.000073418
experiment_name,fc68cf26-efaf-4dc9-9936-14f337f700ad,function_execution_time,1779127428.9645376,0.000181583
experiment_name,fc68cf26-efaf-4dc9-9936-14f337f700ad,function_execution_time,1779127429.065815,0.000074122
experiment_name,fc68cf26-efaf-4dc9-9936-14f337f700ad,function_execution_time,1779127429.1671493,0.000071264
experiment_name,fc68cf26-efaf-4dc9-9936-14f337f700ad,function_execution_time,1779127429.2685404,0.000095356
experiment_name,fc68cf26-efaf-4dc9-9936-14f337f700ad,function_execution_time,1779127429.3698473,0.000076258
experiment_name,fc68cf26-efaf-4dc9-9936-14f337f700ad,function_execution_time,1779127429.471108,0.000072159
experiment_name,fc68cf26-efaf-4dc9-9936-14f337f700ad,function_execution_time,1779127429.5714362,0.000070452
experiment_name,a896566d-338c-42b8-b529-9da99031bbc8,function_transfer_time,1779127424.7158506,0.000117303
experiment_name,a896566d-338c-42b8-b529-9da99031bbc8,function_transfer_time,1779127424.8171704,0.000126708
experiment_name,a896566d-338c-42b8-b529-9da99031bbc8,function_transfer_time,1779127424.917521,0.000046157
experiment_name,a896566d-338c-42b8-b529-9da99031bbc8,function_transfer_time,1779127425.0188675,0.000116005
experiment_name,a896566d-338c-42b8-b529-9da99031bbc8,function_transfer_time,1779127425.120193,0.000107714
experiment_name,a896566d-338c-42b8-b529-9da99031bbc8,function_transfer_time,1779127425.2206829,0.000134536
experiment_name,a896566d-338c-42b8-b529-9da99031bbc8,function_transfer_time,1779127425.321998,0.000113018
experiment_name,a896566d-338c-42b8-b529-9da99031bbc8,function_transfer_time,1779127425.4232664,0.000043853
experiment_name,a896566d-338c-42b8-b529-9da99031bbc8,function_transfer_time,1779127425.524597,0.000107966
experiment_name,a896566d-338c-42b8-b529-9da99031bbc8,function_transfer_time,1779127425.625881,0.000112489
experiment_name,a896566d-338c-42b8-b529-9da99031bbc8,function_transfer_time,1779127425.7271903,0.000124367
experiment_name,a896566d-338c-42b8-b529-9da99031bbc8,function_transfer_time,1779127425.8275182,0.000117786
experiment_name,a896566d-338c-42b8-b529-9da99031bbc8,function_transfer_time,1779127425.9288085,0.000031385
experiment_name,a896566d-338c-42b8-b529-9da99031bbc8,function_transfer_time,1779127426.0302668,0.000124772
experiment_name,a896566d-338c-42b8-b529-9da99031bbc8,function_transfer_time,1779127426.1315792,0.000114011
experiment_name,a896566d-338c-42b8-b529-9da99031bbc8,function_transfer_time,1779127426.2329943,0.00011697
experiment_name,a896566d-338c-42b8-b529-9da99031bbc8,function_transfer_time,1779127426.3342338,0.00011291
experiment_name,a896566d-338c-42b8-b529-9da99031bbc8,function_transfer_time,1779127426.434462,0.000115709
experiment_name,a896566d-338c-42b8-b529-9da99031bbc8,function_transfer_time,1779127426.5357645,0.000045015
experiment_name,a896566d-338c-42b8-b529-9da99031bbc8,function_transfer_time,1779127426.637085,0.000106271
experiment_name,a896566d-338c-42b8-b529-9da99031bbc8,function_transfer_time,1779127426.738459,0.000147018
experiment_name,a896566d-338c-42b8-b529-9da99031bbc8,function_transfer_time,1779127426.8397398,0.000107034
experiment_name,a896566d-338c-42b8-b529-9da99031bbc8,function_transfer_time,1779127426.941057,0.000036234
experiment_name,a896566d-338c-42b8-b529-9da99031bbc8,function_transfer_time,1779127427.0414732,0.000124464
experiment_name,a896566d-338c-42b8-b529-9da99031bbc8,function_transfer_time,1779127427.1427677,0.000105989
experiment_name,a896566d-338c-42b8-b529-9da99031bbc8,function_transfer_time,1779127427.2441046,0.000104322
experiment_name,a896566d-338c-42b8-b529-9da99031bbc8,function_transfer_time,1779127427.345453,0.000135217
experiment_name,a896566d-338c-42b8-b529-9da99031bbc8,function_transfer_time,1779127427.4467337,0.000093734
experiment_name,a896566d-338c-42b8-b529-9da99031bbc8,function_transfer_time,1779127427.5480392,0.00012602
experiment_name,a896566d-338c-42b8-b529-9da99031bbc8,function_transfer_time,1779127427.6493392,0.000112298
experiment_name,a896566d-338c-42b8-b529-9da99031bbc8,function_transfer_time,1779127427.7506776,0.000142768
experiment_name,a896566d-338c-42b8-b529-9da99031bbc8,function_transfer_time,1779127427.851961,0.000114476
experiment_name,a896566d-338c-42b8-b529-9da99031bbc8,function_transfer_time,1779127427.9532275,0.000036859
experiment_name,a896566d-338c-42b8-b529-9da99031bbc8,function_transfer_time,1779127428.0546103,0.000112977
experiment_name,a896566d-338c-42b8-b529-9da99031bbc8,function_transfer_time,1779127428.1558712,0.000107256
experiment_name,a896566d-338c-42b8-b529-9da99031bbc8,function_transfer_time,1779127428.2572064,0.000107567
experiment_name,a896566d-338c-42b8-b529-9da99031bbc8,function_transfer_time,1779127428.357489,0.000103687
experiment_name,a896566d-338c-42b8-b529-9da99031bbc8,function_transfer_time,1779127428.458808,0.000106224
experiment_name,a896566d-338c-42b8-b529-9da99031bbc8,function_transfer_time,1779127428.5602527,0.000102715
experiment_name,a896566d-338c-42b8-b529-9da99031bbc8,function_transfer_time,1779127428.6615899,0.000124494
experiment_name,a896566d-338c-42b8-b529-9da99031bbc8,function_transfer_time,1779127428.7628489,0.000112817
experiment_name,a896566d-338c-42b8-b529-9da99031bbc8,function_transfer_time,1779127428.8641946,0.000124454
experiment_name,a896566d-338c-42b8-b529-9da99031bbc8,function_transfer_time,1779127428.9645345,0.000034193
experiment_name,a896566d-338c-42b8-b529-9da99031bbc8,function_transfer_time,1779127429.0659163,0.00012484
experiment_name,a896566d-338c-42b8-b529-9da99031bbc8,function_transfer_time,1779127429.1672623,0.000136722
experiment_name,a896566d-338c-42b8-b529-9da99031bbc8,function_transfer_time,1779127429.2685628,0.000125018
experiment_name,a896566d-338c-42b8-b529-9da99031bbc8,function_transfer_time,1779127429.3698697,0.000105367
experiment_name,a896566d-338c-42b8-b529-9da99031bbc8,function_transfer_time,1779127429.4712205,0.000135085
experiment_name,a896566d-338c-42b8-b529-9da99031bbc8,function_transfer_time,1779127429.5715458,0.000136055
experiment_name,fc68cf26-efaf-4dc9-9936-14f337f700ad,function_transfer_time,1779127424.7156577,0.00001872
experiment_name,fc68cf26-efaf-4dc9-9936-14f337f700ad,function_transfer_time,1779127424.816989,0.000075476
experiment_name,fc68cf26-efaf-4dc9-9936-14f337f700ad,function_transfer_time,1779127424.9173064,0.000076583
experiment_name,fc68cf26-efaf-4dc9-9936-14f337f700ad,function_transfer_time,1779127425.018688,0.000077717
experiment_name,fc68cf26-efaf-4dc9-9936-14f337f700ad,function_transfer_time,1779127425.1200247,0.000077534
experiment_name,fc68cf26-efaf-4dc9-9936-14f337f700ad,function_transfer_time,1779127425.2204928,0.000081974
experiment_name,fc68cf26-efaf-4dc9-9936-14f337f700ad,function_transfer_time,1779127425.3218274,0.000076432
experiment_name,fc68cf26-efaf-4dc9-9936-14f337f700ad,function_transfer_time,1779127425.4231048,0.000034956
experiment_name,fc68cf26-efaf-4dc9-9936-14f337f700ad,function_transfer_time,1779127425.5244207,0.000079411
experiment_name,fc68cf26-efaf-4dc9-9936-14f337f700ad,function_transfer_time,1779127425.6257157,0.000080905
experiment_name,fc68cf26-efaf-4dc9-9936-14f337f700ad,function_transfer_time,1779127425.7270093,0.000078738
experiment_name,fc68cf26-efaf-4dc9-9936-14f337f700ad,function_transfer_time,1779127425.8273418,0.000075332
experiment_name,fc68cf26-efaf-4dc9-9936-14f337f700ad,function_transfer_time,1779127425.9286594,0.000095746
experiment_name,fc68cf26-efaf-4dc9-9936-14f337f700ad,function_transfer_time,1779127426.0300872,0.000083638
experiment_name,fc68cf26-efaf-4dc9-9936-14f337f700ad,function_transfer_time,1779127426.1314046,0.000082052
experiment_name,fc68cf26-efaf-4dc9-9936-14f337f700ad,function_transfer_time,1779127426.2327282,0.000079213
experiment_name,fc68cf26-efaf-4dc9-9936-14f337f700ad,function_transfer_time,1779127426.3340664,0.000084256
experiment_name,fc68cf26-efaf-4dc9-9936-14f337f700ad,function_transfer_time,1779127426.434299,0.000023614
experiment_name,fc68cf26-efaf-4dc9-9936-14f337f700ad,function_transfer_time,1779127426.5356133,0.000082558
experiment_name,fc68cf26-efaf-4dc9-9936-14f337f700ad,function_transfer_time,1779127426.6369178,0.000084252
experiment_name,fc68cf26-efaf-4dc9-9936-14f337f700ad,function_transfer_time,1779127426.7382555,0.000085052
experiment_name,fc68cf26-efaf-4dc9-9936-14f337f700ad,function_transfer_time,1779127426.8395722,0.000078873
experiment_name,fc68cf26-efaf-4dc9-9936-14f337f700ad,function_transfer_time,1779127426.9408994,0.000079441
experiment_name,fc68cf26-efaf-4dc9-9936-14f337f700ad,function_transfer_time,1779127427.041292,0.000078288
experiment_name,fc68cf26-efaf-4dc9-9936-14f337f700ad,function_transfer_time,1779127427.142607,0.000079156
experiment_name,fc68cf26-efaf-4dc9-9936-14f337f700ad,function_transfer_time,1779127427.2439442,0.000085351
experiment_name,fc68cf26-efaf-4dc9-9936-14f337f700ad,function_transfer_time,1779127427.3452508,0.000077367
experiment_name,fc68cf26-efaf-4dc9-9936-14f337f700ad,function_transfer_time,1779127427.4465866,0.000078123
experiment_name,fc68cf26-efaf-4dc9-9936-14f337f700ad,function_transfer_time,1779127427.5478508,0.000024898
experiment_name,fc68cf26-efaf-4dc9-9936-14f337f700ad,function_transfer_time,1779127427.649168,0.000078107
experiment_name,fc68cf26-efaf-4dc9-9936-14f337f700ad,function_transfer_time,1779127427.7504747,0.000039206
experiment_name,fc68cf26-efaf-4dc9-9936-14f337f700ad,function_transfer_time,1779127427.8517885,0.000078052
experiment_name,fc68cf26-efaf-4dc9-9936-14f337f700ad,function_transfer_time,1779127427.9530745,0.000023877
experiment_name,fc68cf26-efaf-4dc9-9936-14f337f700ad,function_transfer_time,1779127428.054445,0.000077829
experiment_name,fc68cf26-efaf-4dc9-9936-14f337f700ad,function_transfer_time,1779127428.1557117,0.000023414
experiment_name,fc68cf26-efaf-4dc9-9936-14f337f700ad,function_transfer_time,1779127428.2570398,0.000084452
experiment_name,fc68cf26-efaf-4dc9-9936-14f337f700ad,function_transfer_time,1779127428.3573334,0.000077579
experiment_name,fc68cf26-efaf-4dc9-9936-14f337f700ad,function_transfer_time,1779127428.458648,0.000079004
experiment_name,fc68cf26-efaf-4dc9-9936-14f337f700ad,function_transfer_time,1779127428.5600975,0.000085133
experiment_name,fc68cf26-efaf-4dc9-9936-14f337f700ad,function_transfer_time,1779127428.6614015,0.000080989
experiment_name,fc68cf26-efaf-4dc9-9936-14f337f700ad,function_transfer_time,1779127428.7626805,0.000017942
experiment_name,fc68cf26-efaf-4dc9-9936-14f337f700ad,function_transfer_time,1779127428.8640153,0.000082685
experiment_name,fc68cf26-efaf-4dc9-9936-14f337f700ad,function_transfer_time,1779127428.964416,0.000078177
experiment_name,fc68cf26-efaf-4dc9-9936-14f337f700ad,function_transfer_time,1779127429.0657349,0.00008036
experiment_name,fc68cf26-efaf-4dc9-9936-14f337f700ad,function_transfer_time,1779127429.1670709,0.000081817
experiment_name,fc68cf26-efaf-4dc9-9936-14f337f700ad,function_transfer_time,1779127429.2683876,0.000084846
experiment_name,fc68cf26-efaf-4dc9-9936-14f337f700ad,function_transfer_time,1779127429.369713,0.000077685
experiment_name,fc68cf26-efaf-4dc9-9936-14f337f700ad,function_transfer_time,1779127429.4710298,0.000079823
experiment_name,fc68cf26-efaf-4dc9-9936-14f337f700ad,function_transfer_time,1779127429.5713537,0.000086162
experiment_name,fc68cf26-efaf-4dc9-9936-14f337f700ad,function_execution_time,1779127429.6728997,0.000085854
experiment_name,fc68cf26-efaf-4dc9-9936-14f337f700ad,function_execution_time,1779127429.774217,0.000073695
experiment_name,fc68cf26-efaf-4dc9-9936-14f337f700ad,function_execution_time,1779127429.8755496,0.000109091
experiment_name,fc68cf26-efaf-4dc9-9936-14f337f700ad,function_execution_time,1779127429.9769688,0.000178403
experiment_name,fc68cf26-efaf-4dc9-9936-14f337f700ad,function_execution_time,1779127430.0782597,0.000076515
experiment_name,fc68cf26-efaf-4dc9-9936-14f337f700ad,function_execution_time,1779127430.1795995,0.00007602
experiment_name,fc68cf26-efaf-4dc9-9936-14f337f700ad,function_execution_time,1779127430.2811456,0.000093223
experiment_name,fc68cf26-efaf-4dc9-9936-14f337f700ad,function_execution_time,1779127430.3814042,0.000073435
experiment_name,fc68cf26-efaf-4dc9-9936-14f337f700ad,function_execution_time,1779127430.4827106,0.000070677
experiment_name,fc68cf26-efaf-4dc9-9936-14f337f700ad,function_execution_time,1779127430.5840359,0.000069398
experiment_name,fc68cf26-efaf-4dc9-9936-14f337f700ad,function_execution_time,1779127430.6844459,0.000084014
experiment_name,fc68cf26-efaf-4dc9-9936-14f337f700ad,function_execution_time,1779127430.7856903,0.000074879
experiment_name,fc68cf26-efaf-4dc9-9936-14f337f700ad,function_execution_time,1779127430.8870475,0.000078749
experiment_name,fc68cf26-efaf-4dc9-9936-14f337f700ad,function_execution_time,1779127430.9884639,0.000178009
experiment_name,fc68cf26-efaf-4dc9-9936-14f337f700ad,function_execution_time,1779127431.0897834,0.000081357
experiment_name,fc68cf26-efaf-4dc9-9936-14f337f700ad,function_execution_time,1779127431.1911435,0.000078701
experiment_name,fc68cf26-efaf-4dc9-9936-14f337f700ad,function_execution_time,1779127431.29251,0.000103545
experiment_name,fc68cf26-efaf-4dc9-9936-14f337f700ad,function_execution_time,1779127431.3938434,0.000090125
experiment_name,fc68cf26-efaf-4dc9-9936-14f337f700ad,function_execution_time,1779127431.4951136,0.00007779
experiment_name,fc68cf26-efaf-4dc9-9936-14f337f700ad,function_execution_time,1779127431.5954554,0.000089401
experiment_name,fc68cf26-efaf-4dc9-9936-14f337f700ad,function_execution_time,1779127431.696838,0.000092007
experiment_name,fc68cf26-efaf-4dc9-9936-14f337f700ad,function_execution_time,1779127431.7982218,0.000085769
experiment_name,fc68cf26-efaf-4dc9-9936-14f337f700ad,function_execution_time,1779127431.8996,0.000077824
experiment_name,fc68cf26-efaf-4dc9-9936-14f337f700ad,function_execution_time,1779127432.0009933,0.000150226
experiment_name,fc68cf26-efaf-4dc9-9936-14f337f700ad,function_execution_time,1779127432.102412,0.000104653
experiment_name,fc68cf26-efaf-4dc9-9936-14f337f700ad,function_execution_time,1779127432.2036753,0.000081128
experiment_name,fc68cf26-efaf-4dc9-9936-14f337f700ad,function_execution_time,1779127432.3049598,0.000077561
experiment_name,fc68cf26-efaf-4dc9-9936-14f337f700ad,function_execution_time,1779127432.4062793,0.000080292
experiment_name,fc68cf26-efaf-4dc9-9936-14f337f700ad,function_execution_time,1779127432.5076547,0.000077797
experiment_name,fc68cf26-efaf-4dc9-9936-14f337f700ad,function_execution_time,1779127432.6089096,0.00006875
experiment_name,fc68cf26-efaf-4dc9-9936-14f337f700ad,function_execution_time,1779127432.7102149,0.000071243
experiment_name,fc68cf26-efaf-4dc9-9936-14f337f700ad,function_execution_time,1779127432.8115454,0.000081557
experiment_name,fc68cf26-efaf-4dc9-9936-14f337f700ad,function_execution_time,1779127432.912859,0.000071659
experiment_name,fc68cf26-efaf-4dc9-9936-14f337f700ad,function_execution_time,1779127433.014254,0.000141308
experiment_name,fc68cf26-efaf-4dc9-9936-14f337f700ad,function_execution_time,1779127433.1156173,0.000082078
experiment_name,fc68cf26-efaf-4dc9-9936-14f337f700ad,function_execution_time,1779127433.2168586,0.000072171
experiment_name,fc68cf26-efaf-4dc9-9936-14f337f700ad,function_execution_time,1779127433.3182037,0.000072413
experiment_name,fc68cf26-efaf-4dc9-9936-14f337f700ad,function_execution_time,1779127433.4195204,0.000090098
experiment_name,fc68cf26-efaf-4dc9-9936-14f337f700ad,function_execution_time,1779127433.520857,0.000072342
experiment_name,fc68cf26-efaf-4dc9-9936-14f337f700ad,function_execution_time,1779127433.6221766,0.000075421
experiment_name,fc68cf26-efaf-4dc9-9936-14f337f700ad,function_execution_time,1779127433.7235148,0.000091489
experiment_name,fc68cf26-efaf-4dc9-9936-14f337f700ad,function_execution_time,1779127433.8248732,0.000087384
experiment_name,fc68cf26-efaf-4dc9-9936-14f337f700ad,function_execution_time,1779127433.926204,0.000074821
experiment_name,fc68cf26-efaf-4dc9-9936-14f337f700ad,function_execution_time,1779127434.0276122,0.000147059
experiment_name,fc68cf26-efaf-4dc9-9936-14f337f700ad,function_execution_time,1779127434.128975,0.000086519
experiment_name,fc68cf26-efaf-4dc9-9936-14f337f700ad,function_execution_time,1779127434.2303636,0.000092072
experiment_name,fc68cf26-efaf-4dc9-9936-14f337f700ad,function_execution_time,1779127434.331576,0.000093135
experiment_name,fc68cf26-efaf-4dc9-9936-14f337f700ad,function_execution_time,1779127434.4328642,0.000072603
experiment_name,fc68cf26-efaf-4dc9-9936-14f337f700ad,function_execution_time,1779127434.5341942,0.000072749
experiment_name,a896566d-338c-42b8-b529-9da99031bbc8,function_execution_time,1779127429.6730719,0.000066156
experiment_name,a896566d-338c-42b8-b529-9da99031bbc8,function_execution_time,1779127429.7743552,0.000059566
experiment_name,a896566d-338c-42b8-b529-9da99031bbc8,function_execution_time,1779127429.8756976,0.000069194
experiment_name,a896566d-338c-42b8-b529-9da99031bbc8,function_execution_time,1779127429.9770582,0.000084699
experiment_name,a896566d-338c-42b8-b529-9da99031bbc8,function_execution_time,1779127430.0784187,0.000059997
experiment_name,a896566d-338c-42b8-b529-9da99031bbc8,function_execution_time,1779127430.1797626,0.000060332
experiment_name,a896566d-338c-42b8-b529-9da99031bbc8,function_execution_time,1779127430.281227,0.0000618
experiment_name,a896566d-338c-42b8-b529-9da99031bbc8,function_execution_time,1779127430.3815804,0.000059096
experiment_name,a896566d-338c-42b8-b529-9da99031bbc8,function_execution_time,1779127430.4828773,0.000065302
experiment_name,a896566d-338c-42b8-b529-9da99031bbc8,function_execution_time,1779127430.5841942,0.00005674
experiment_name,a896566d-338c-42b8-b529-9da99031bbc8,function_execution_time,1779127430.6845317,0.000058719
experiment_name,a896566d-338c-42b8-b529-9da99031bbc8,function_execution_time,1779127430.7858496,0.000058863
experiment_name,a896566d-338c-42b8-b529-9da99031bbc8,function_execution_time,1779127430.887243,0.000072193
experiment_name,a896566d-338c-42b8-b529-9da99031bbc8,function_execution_time,1779127430.9885306,0.000063578
experiment_name,a896566d-338c-42b8-b529-9da99031bbc8,function_execution_time,1779127431.0899599,0.000070565
experiment_name,a896566d-338c-42b8-b529-9da99031bbc8,function_execution_time,1779127431.1912959,0.000064787
experiment_name,a896566d-338c-42b8-b529-9da99031bbc8,function_execution_time,1779127431.2926512,0.000070134
experiment_name,a896566d-338c-42b8-b529-9da99031bbc8,function_execution_time,1779127431.3939984,0.00006279
experiment_name,a896566d-338c-42b8-b529-9da99031bbc8,function_execution_time,1779127431.4952426,0.000060923
experiment_name,a896566d-338c-42b8-b529-9da99031bbc8,function_execution_time,1779127431.5956123,0.000060014
experiment_name,a896566d-338c-42b8-b529-9da99031bbc8,function_execution_time,1779127431.6969366,0.000063346
experiment_name,a896566d-338c-42b8-b529-9da99031bbc8,function_execution_time,1779127431.7982874,0.000068215
experiment_name,a896566d-338c-42b8-b529-9da99031bbc8,function_execution_time,1779127431.899746,0.000060577
experiment_name,a896566d-338c-42b8-b529-9da99031bbc8,function_execution_time,1779127432.001056,0.00005856
experiment_name,a896566d-338c-42b8-b529-9da99031bbc8,function_execution_time,1779127432.1025202,0.000065788
experiment_name,a896566d-338c-42b8-b529-9da99031bbc8,function_execution_time,1779127432.203858,0.000070697
experiment_name,a896566d-338c-42b8-b529-9da99031bbc8,function_execution_time,1779127432.3051176,0.000059586
experiment_name,a896566d-338c-42b8-b529-9da99031bbc8,function_execution_time,1779127432.4064617,0.000069721
experiment_name,a896566d-338c-42b8-b529-9da99031bbc8,function_execution_time,1779127432.5076563,0.000058886
experiment_name,a896566d-338c-42b8-b529-9da99031bbc8,function_execution_time,1779127432.6090481,0.000056891
experiment_name,a896566d-338c-42b8-b529-9da99031bbc8,function_execution_time,1779127432.7103794,0.000063113
experiment_name,a896566d-338c-42b8-b529-9da99031bbc8,function_execution_time,1779127432.8117156,0.000059846
experiment_name,a896566d-338c-42b8-b529-9da99031bbc8,function_execution_time,1779127432.9130282,0.00005709
experiment_name,a896566d-338c-42b8-b529-9da99031bbc8,function_execution_time,1779127433.0143113,0.000055674
experiment_name,a896566d-338c-42b8-b529-9da99031bbc8,function_execution_time,1779127433.1157162,0.000062049
experiment_name,a896566d-338c-42b8-b529-9da99031bbc8,function_execution_time,1779127433.2169907,0.000056189
experiment_name,a896566d-338c-42b8-b529-9da99031bbc8,function_execution_time,1779127433.3183625,0.000057072
experiment_name,a896566d-338c-42b8-b529-9da99031bbc8,function_execution_time,1779127433.4196815,0.000057863
experiment_name,a896566d-338c-42b8-b529-9da99031bbc8,function_execution_time,1779127433.521027,0.000057674
experiment_name,a896566d-338c-42b8-b529-9da99031bbc8,function_execution_time,1779127433.6223423,0.000066294
experiment_name,a896566d-338c-42b8-b529-9da99031bbc8,function_execution_time,1779127433.7236624,0.000060209
experiment_name,a896566d-338c-42b8-b529-9da99031bbc8,function_execution_time,1779127433.8250222,0.000059921
experiment_name,a896566d-338c-42b8-b529-9da99031bbc8,function_execution_time,1779127433.9262853,0.000058576
experiment_name,a896566d-338c-42b8-b529-9da99031bbc8,function_execution_time,1779127434.02768,0.000064423
experiment_name,a896566d-338c-42b8-b529-9da99031bbc8,function_execution_time,1779127434.1290703,0.000058637
experiment_name,a896566d-338c-42b8-b529-9da99031bbc8,function_execution_time,1779127434.2303913,0.000074569
experiment_name,a896566d-338c-42b8-b529-9da99031bbc8,function_execution_time,1779127434.3316371,0.00006355
experiment_name,a896566d-338c-42b8-b529-9da99031bbc8,function_execution_time,1779127434.4330015,0.000057586
experiment_name,a896566d-338c-42b8-b529-9da99031bbc8,function_execution_time,1779127434.534285,0.000061479
experiment_name,a896566d-338c-42b8-b529-9da99031bbc8,function_transfer_time,1779127429.673006,0.000123286
experiment_name,a896566d-338c-42b8-b529-9da99031bbc8,function_transfer_time,1779127429.7742963,0.00010342
experiment_name,a896566d-338c-42b8-b529-9da99031bbc8,function_transfer_time,1779127429.8756242,0.000124385
experiment_name,a896566d-338c-42b8-b529-9da99031bbc8,function_transfer_time,1779127429.976972,0.00004249
experiment_name,a896566d-338c-42b8-b529-9da99031bbc8,function_transfer_time,1779127430.0783584,0.000122601
experiment_name,a896566d-338c-42b8-b529-9da99031bbc8,function_transfer_time,1779127430.1797028,0.000123519
experiment_name,a896566d-338c-42b8-b529-9da99031bbc8,function_transfer_time,1779127430.2811577,0.000107774
experiment_name,a896566d-338c-42b8-b529-9da99031bbc8,function_transfer_time,1779127430.3815207,0.000140426
experiment_name,a896566d-338c-42b8-b529-9da99031bbc8,function_transfer_time,1779127430.482812,0.000127543
experiment_name,a896566d-338c-42b8-b529-9da99031bbc8,function_transfer_time,1779127430.584137,0.000128862
experiment_name,a896566d-338c-42b8-b529-9da99031bbc8,function_transfer_time,1779127430.6844673,0.000116648
experiment_name,a896566d-338c-42b8-b529-9da99031bbc8,function_transfer_time,1779127430.7857904,0.000124293
experiment_name,a896566d-338c-42b8-b529-9da99031bbc8,function_transfer_time,1779127430.8871703,0.000151958
experiment_name,a896566d-338c-42b8-b529-9da99031bbc8,function_transfer_time,1779127430.98846,0.000051764
experiment_name,a896566d-338c-42b8-b529-9da99031bbc8,function_transfer_time,1779127431.0899005,0.00012705
experiment_name,a896566d-338c-42b8-b529-9da99031bbc8,function_transfer_time,1779127431.1912432,0.000138684
experiment_name,a896566d-338c-42b8-b529-9da99031bbc8,function_transfer_time,1779127431.292572,0.000101401
experiment_name,a896566d-338c-42b8-b529-9da99031bbc8,function_transfer_time,1779127431.393936,0.000109694
experiment_name,a896566d-338c-42b8-b529-9da99031bbc8,function_transfer_time,1779127431.4951744,0.000095948
experiment_name,a896566d-338c-42b8-b529-9da99031bbc8,function_transfer_time,1779127431.595553,0.000131981
experiment_name,a896566d-338c-42b8-b529-9da99031bbc8,function_transfer_time,1779127431.696863,0.000107612
experiment_name,a896566d-338c-42b8-b529-9da99031bbc8,function_transfer_time,1779127431.7982185,0.000032406
experiment_name,a896566d-338c-42b8-b529-9da99031bbc8,function_transfer_time,1779127431.8996854,0.000153834
experiment_name,a896566d-338c-42b8-b529-9da99031bbc8,function_transfer_time,1779127432.0009964,0.000039078
experiment_name,a896566d-338c-42b8-b529-9da99031bbc8,function_transfer_time,1779127432.1024446,0.000110859
experiment_name,a896566d-338c-42b8-b529-9da99031bbc8,function_transfer_time,1779127432.2037861,0.000139375
experiment_name,a896566d-338c-42b8-b529-9da99031bbc8,function_transfer_time,1779127432.305059,0.000121408
experiment_name,a896566d-338c-42b8-b529-9da99031bbc8,function_transfer_time,1779127432.4063902,0.000142959
experiment_name,a896566d-338c-42b8-b529-9da99031bbc8,function_transfer_time,1779127432.50765,0.00002632
experiment_name,a896566d-338c-42b8-b529-9da99031bbc8,function_transfer_time,1779127432.6089907,0.000107012
experiment_name,a896566d-338c-42b8-b529-9da99031bbc8,function_transfer_time,1779127432.7103162,0.000126588
experiment_name,a896566d-338c-42b8-b529-9da99031bbc8,function_transfer_time,1779127432.8116555,0.000127808
experiment_name,a896566d-338c-42b8-b529-9da99031bbc8,function_transfer_time,1779127432.9129708,0.000136465
experiment_name,a896566d-338c-42b8-b529-9da99031bbc8,function_transfer_time,1779127433.0142565,0.000035325
experiment_name,a896566d-338c-42b8-b529-9da99031bbc8,function_transfer_time,1779127433.1156478,0.000110685
experiment_name,a896566d-338c-42b8-b529-9da99031bbc8,function_transfer_time,1779127433.2169309,0.000102758
experiment_name,a896566d-338c-42b8-b529-9da99031bbc8,function_transfer_time,1779127433.3183053,0.000125868
experiment_name,a896566d-338c-42b8-b529-9da99031bbc8,function_transfer_time,1779127433.4196234,0.000127338
experiment_name,a896566d-338c-42b8-b529-9da99031bbc8,function_transfer_time,1779127433.5209687,0.000137907
experiment_name,a896566d-338c-42b8-b529-9da99031bbc8,function_transfer_time,1779127433.6222758,0.000123133
experiment_name,a896566d-338c-42b8-b529-9da99031bbc8,function_transfer_time,1779127433.723608,0.000110481
experiment_name,a896566d-338c-42b8-b529-9da99031bbc8,function_transfer_time,1779127433.8249617,0.000113276
experiment_name,a896566d-338c-42b8-b529-9da99031bbc8,function_transfer_time,1779127433.9262252,0.000053548
experiment_name,a896566d-338c-42b8-b529-9da99031bbc8,function_transfer_time,1779127434.0276146,0.000034105
experiment_name,a896566d-338c-42b8-b529-9da99031bbc8,function_transfer_time,1779127434.1290042,0.000124221
experiment_name,a896566d-338c-42b8-b529-9da99031bbc8,function_transfer_time,1779127434.230359,0.000036686
experiment_name,a896566d-338c-42b8-b529-9da99031bbc8,function_transfer_time,1779127434.331573,0.000030137
experiment_name,a896566d-338c-42b8-b529-9da99031bbc8,function_transfer_time,1779127434.432943,0.000104065
experiment_name,a896566d-338c-42b8-b529-9da99031bbc8,function_transfer_time,1779127434.534266,0.000051324
experiment_name,fc68cf26-efaf-4dc9-9936-14f337f700ad,function_transfer_time,1779127429.6728158,0.000084469
experiment_name,fc68cf26-efaf-4dc9-9936-14f337f700ad,function_transfer_time,1779127429.7741373,0.00008109
experiment_name,fc68cf26-efaf-4dc9-9936-14f337f700ad,function_transfer_time,1779127429.8754206,0.000031464
experiment_name,fc68cf26-efaf-4dc9-9936-14f337f700ad,function_transfer_time,1779127429.9767826,0.000032251
experiment_name,fc68cf26-efaf-4dc9-9936-14f337f700ad,function_transfer_time,1779127430.0781782,0.00008205
experiment_name,fc68cf26-efaf-4dc9-9936-14f337f700ad,function_transfer_time,1779127430.1795914,0.000089469
experiment_name,fc68cf26-efaf-4dc9-9936-14f337f700ad,function_transfer_time,1779127430.2809932,0.000075327
experiment_name,fc68cf26-efaf-4dc9-9936-14f337f700ad,function_transfer_time,1779127430.381325,0.000075643
experiment_name,fc68cf26-efaf-4dc9-9936-14f337f700ad,function_transfer_time,1779127430.4826329,0.00007677
experiment_name,fc68cf26-efaf-4dc9-9936-14f337f700ad,function_transfer_time,1779127430.5839553,0.000085211
experiment_name,fc68cf26-efaf-4dc9-9936-14f337f700ad,function_transfer_time,1779127430.6842914,0.000080091
experiment_name,fc68cf26-efaf-4dc9-9936-14f337f700ad,function_transfer_time,1779127430.7856088,0.000078359
experiment_name,fc68cf26-efaf-4dc9-9936-14f337f700ad,function_transfer_time,1779127430.886958,0.000081441
experiment_name,fc68cf26-efaf-4dc9-9936-14f337f700ad,function_transfer_time,1779127430.9882865,0.000086585
experiment_name,fc68cf26-efaf-4dc9-9936-14f337f700ad,function_transfer_time,1779127431.0896938,0.000093489
experiment_name,fc68cf26-efaf-4dc9-9936-14f337f700ad,function_transfer_time,1779127431.1910346,0.000084684
experiment_name,fc68cf26-efaf-4dc9-9936-14f337f700ad,function_transfer_time,1779127431.2924008,0.000082135
experiment_name,fc68cf26-efaf-4dc9-9936-14f337f700ad,function_transfer_time,1779127431.3937538,0.000088646
experiment_name,fc68cf26-efaf-4dc9-9936-14f337f700ad,function_transfer_time,1779127431.4950283,0.00002551
experiment_name,fc68cf26-efaf-4dc9-9936-14f337f700ad,function_transfer_time,1779127431.59536,0.000086201
experiment_name,fc68cf26-efaf-4dc9-9936-14f337f700ad,function_transfer_time,1779127431.6966987,0.0000885
experiment_name,fc68cf26-efaf-4dc9-9936-14f337f700ad,function_transfer_time,1779127431.7981293,0.000024167
experiment_name,fc68cf26-efaf-4dc9-9936-14f337f700ad,function_transfer_time,1779127431.899471,0.000098136
experiment_name,fc68cf26-efaf-4dc9-9936-14f337f700ad,function_transfer_time,1779127432.0008373,0.000081133
experiment_name,fc68cf26-efaf-4dc9-9936-14f337f700ad,function_transfer_time,1779127432.1022499,0.000090004
experiment_name,fc68cf26-efaf-4dc9-9936-14f337f700ad,function_transfer_time,1779127432.2035856,0.000086235
experiment_name,fc68cf26-efaf-4dc9-9936-14f337f700ad,function_transfer_time,1779127432.3048775,0.000025294
experiment_name,fc68cf26-efaf-4dc9-9936-14f337f700ad,function_transfer_time,1779127432.4061923,0.000078607
experiment_name,fc68cf26-efaf-4dc9-9936-14f337f700ad,function_transfer_time,1779127432.5075235,0.000089103
experiment_name,fc68cf26-efaf-4dc9-9936-14f337f700ad,function_transfer_time,1779127432.6088305,0.000076629
experiment_name,fc68cf26-efaf-4dc9-9936-14f337f700ad,function_transfer_time,1779127432.7101362,0.000074347
experiment_name,fc68cf26-efaf-4dc9-9936-14f337f700ad,function_transfer_time,1779127432.8114643,0.000078207
experiment_name,fc68cf26-efaf-4dc9-9936-14f337f700ad,function_transfer_time,1779127432.9127805,0.000084971
experiment_name,fc68cf26-efaf-4dc9-9936-14f337f700ad,function_transfer_time,1779127433.014107,0.000083161
experiment_name,fc68cf26-efaf-4dc9-9936-14f337f700ad,function_transfer_time,1779127433.1154804,0.000078102
experiment_name,fc68cf26-efaf-4dc9-9936-14f337f700ad,function_transfer_time,1779127433.2167788,0.000077992
experiment_name,fc68cf26-efaf-4dc9-9936-14f337f700ad,function_transfer_time,1779127433.318125,0.000081255
experiment_name,fc68cf26-efaf-4dc9-9936-14f337f700ad,function_transfer_time,1779127433.4194393,0.00008308
experiment_name,fc68cf26-efaf-4dc9-9936-14f337f700ad,function_transfer_time,1779127433.5207775,0.000084378
experiment_name,fc68cf26-efaf-4dc9-9936-14f337f700ad,function_transfer_time,1779127433.6220953,0.000084821
experiment_name,fc68cf26-efaf-4dc9-9936-14f337f700ad,function_transfer_time,1779127433.7234259,0.000081451
experiment_name,fc68cf26-efaf-4dc9-9936-14f337f700ad,function_transfer_time,1779127433.8247843,0.000088484
experiment_name,fc68cf26-efaf-4dc9-9936-14f337f700ad,function_transfer_time,1779127433.926119,0.000087397
experiment_name,fc68cf26-efaf-4dc9-9936-14f337f700ad,function_transfer_time,1779127434.0275354,0.0000801
experiment_name,fc68cf26-efaf-4dc9-9936-14f337f700ad,function_transfer_time,1779127434.128828,0.000081196
experiment_name,fc68cf26-efaf-4dc9-9936-14f337f700ad,function_transfer_time,1779127434.2302182,0.000097505
experiment_name,fc68cf26-efaf-4dc9-9936-14f337f700ad,function_transfer_time,1779127434.3314805,0.000023616
experiment_name,fc68cf26-efaf-4dc9-9936-14f337f700ad,function_transfer_time,1779127434.4327843,0.000079503
experiment_name,fc68cf26-efaf-4dc9-9936-14f337f700ad,function_transfer_time,1779127434.5341184,0.000077561
experiment_name,fc68cf26-efaf-4dc9-9936-14f337f700ad,function_execution_time,1779127434.6358924,0.000089727
experiment_name,fc68cf26-efaf-4dc9-9936-14f337f700ad,function_execution_time,1779127434.7372947,0.000074277
experiment_name,fc68cf26-efaf-4dc9-9936-14f337f700ad,function_execution_time,1779127434.8386252,0.000072737
experiment_name,fc68cf26-efaf-4dc9-9936-14f337f700ad,function_execution_time,1779127434.9399674,0.00008353
experiment_name,fc68cf26-efaf-4dc9-9936-14f337f700ad,function_execution_time,1779127435.0414038,0.000156716
experiment_name,fc68cf26-efaf-4dc9-9936-14f337f700ad,function_execution_time,1779127435.1427896,0.000078071
experiment_name,fc68cf26-efaf-4dc9-9936-14f337f700ad,function_execution_time,1779127435.244139,0.000073176
experiment_name,fc68cf26-efaf-4dc9-9936-14f337f700ad,function_execution_time,1779127435.3455346,0.000097694
experiment_name,fc68cf26-efaf-4dc9-9936-14f337f700ad,function_execution_time,1779127435.446885,0.000112557
experiment_name,fc68cf26-efaf-4dc9-9936-14f337f700ad,function_execution_time,1779127435.5481164,0.000101376
experiment_name,fc68cf26-efaf-4dc9-9936-14f337f700ad,function_execution_time,1779127435.648478,0.000100284
experiment_name,fc68cf26-efaf-4dc9-9936-14f337f700ad,function_execution_time,1779127435.749888,0.000078211
experiment_name,fc68cf26-efaf-4dc9-9936-14f337f700ad,function_execution_time,1779127435.8511188,0.000075514
experiment_name,fc68cf26-efaf-4dc9-9936-14f337f700ad,function_execution_time,1779127435.9514046,0.000082145
experiment_name,fc68cf26-efaf-4dc9-9936-14f337f700ad,function_execution_time,1779127436.0527558,0.000156091
experiment_name,fc68cf26-efaf-4dc9-9936-14f337f700ad,function_execution_time,1779127436.1540873,0.000071276
experiment_name,fc68cf26-efaf-4dc9-9936-14f337f700ad,function_execution_time,1779127436.2544203,0.000080971
experiment_name,fc68cf26-efaf-4dc9-9936-14f337f700ad,function_execution_time,1779127436.3556828,0.000068211
experiment_name,fc68cf26-efaf-4dc9-9936-14f337f700ad,function_execution_time,1779127436.4570222,0.000079347
experiment_name,fc68cf26-efaf-4dc9-9936-14f337f700ad,function_execution_time,1779127436.558267,0.000059221
experiment_name,fc68cf26-efaf-4dc9-9936-14f337f700ad,function_execution_time,1779127436.6596541,0.000085968
experiment_name,fc68cf26-efaf-4dc9-9936-14f337f700ad,function_execution_time,1779127436.7608948,0.000071836
experiment_name,fc68cf26-efaf-4dc9-9936-14f337f700ad,function_execution_time,1779127436.8622196,0.000074741
experiment_name,fc68cf26-efaf-4dc9-9936-14f337f700ad,function_execution_time,1779127436.9635732,0.000085038
experiment_name,fc68cf26-efaf-4dc9-9936-14f337f700ad,function_execution_time,1779127437.0649629,0.000143341
experiment_name,fc68cf26-efaf-4dc9-9936-14f337f700ad,function_execution_time,1779127437.1662734,0.000071963
experiment_name,fc68cf26-efaf-4dc9-9936-14f337f700ad,function_execution_time,1779127437.267595,0.000072656
experiment_name,fc68cf26-efaf-4dc9-9936-14f337f700ad,function_execution_time,1779127437.3689353,0.000086849
experiment_name,fc68cf26-efaf-4dc9-9936-14f337f700ad,function_execution_time,1779127437.4702907,0.00007314
experiment_name,fc68cf26-efaf-4dc9-9936-14f337f700ad,function_execution_time,1779127437.5716083,0.000072862
experiment_name,fc68cf26-efaf-4dc9-9936-14f337f700ad,function_execution_time,1779127437.6729627,0.000081718
experiment_name,fc68cf26-efaf-4dc9-9936-14f337f700ad,function_execution_time,1779127437.7742176,0.000071095
experiment_name,fc68cf26-efaf-4dc9-9936-14f337f700ad,function_execution_time,1779127437.8755417,0.000072702
experiment_name,fc68cf26-efaf-4dc9-9936-14f337f700ad,function_execution_time,1779127437.9768565,0.000071706
experiment_name,fc68cf26-efaf-4dc9-9936-14f337f700ad,function_execution_time,1779127438.0782442,0.000136411
experiment_name,fc68cf26-efaf-4dc9-9936-14f337f700ad,function_execution_time,1779127438.179547,0.000070662
experiment_name,fc68cf26-efaf-4dc9-9936-14f337f700ad,function_execution_time,1779127438.28102,0.00007674
experiment_name,fc68cf26-efaf-4dc9-9936-14f337f700ad,function_execution_time,1779127438.382362,0.000080748
experiment_name,fc68cf26-efaf-4dc9-9936-14f337f700ad,function_execution_time,1779127438.4836743,0.00007266
experiment_name,fc68cf26-efaf-4dc9-9936-14f337f700ad,function_execution_time,1779127438.5849912,0.000070146
experiment_name,fc68cf26-efaf-4dc9-9936-14f337f700ad,function_execution_time,1779127438.6863256,0.000080122
experiment_name,fc68cf26-efaf-4dc9-9936-14f337f700ad,function_execution_time,1779127438.7876558,0.000073356
experiment_name,fc68cf26-efaf-4dc9-9936-14f337f700ad,function_execution_time,1779127438.889009,0.00007421
experiment_name,fc68cf26-efaf-4dc9-9936-14f337f700ad,function_execution_time,1779127438.9903414,0.000075566
experiment_name,fc68cf26-efaf-4dc9-9936-14f337f700ad,function_execution_time,1779127439.0917666,0.000151856
experiment_name,fc68cf26-efaf-4dc9-9936-14f337f700ad,function_execution_time,1779127439.1930673,0.000079588
experiment_name,fc68cf26-efaf-4dc9-9936-14f337f700ad,function_execution_time,1779127439.2934024,0.00007231
experiment_name,fc68cf26-efaf-4dc9-9936-14f337f700ad,function_execution_time,1779127439.3948138,0.000085204
experiment_name,fc68cf26-efaf-4dc9-9936-14f337f700ad,function_execution_time,1779127439.496041,0.000075302
experiment_name,fc68cf26-efaf-4dc9-9936-14f337f700ad,function_execution_time,1779127439.5963893,0.000073528
experiment_name,a896566d-338c-42b8-b529-9da99031bbc8,function_execution_time,1779127434.6359596,0.000065718
experiment_name,a896566d-338c-42b8-b529-9da99031bbc8,function_execution_time,1779127434.7374578,0.000074081
experiment_name,a896566d-338c-42b8-b529-9da99031bbc8,function_execution_time,1779127434.8387892,0.000057773
experiment_name,a896566d-338c-42b8-b529-9da99031bbc8,function_execution_time,1779127434.940115,0.000057562
experiment_name,a896566d-338c-42b8-b529-9da99031bbc8,function_execution_time,1779127435.041484,0.000086065
experiment_name,a896566d-338c-42b8-b529-9da99031bbc8,function_execution_time,1779127435.1429627,0.000059361
experiment_name,a896566d-338c-42b8-b529-9da99031bbc8,function_execution_time,1779127435.2442956,0.000055389
experiment_name,a896566d-338c-42b8-b529-9da99031bbc8,function_execution_time,1779127435.3455355,0.000060093
experiment_name,a896566d-338c-42b8-b529-9da99031bbc8,function_execution_time,1779127435.446914,0.000111487
experiment_name,a896566d-338c-42b8-b529-9da99031bbc8,function_execution_time,1779127435.5482347,0.00007759
experiment_name,a896566d-338c-42b8-b529-9da99031bbc8,function_execution_time,1779127435.648545,0.000060785
experiment_name,a896566d-338c-42b8-b529-9da99031bbc8,function_execution_time,1779127435.749978,0.000057907
experiment_name,a896566d-338c-42b8-b529-9da99031bbc8,function_execution_time,1779127435.8512704,0.00005752
experiment_name,a896566d-338c-42b8-b529-9da99031bbc8,function_execution_time,1779127435.9515731,0.000065632
experiment_name,a896566d-338c-42b8-b529-9da99031bbc8,function_execution_time,1779127436.0528162,0.000060118
experiment_name,a896566d-338c-42b8-b529-9da99031bbc8,function_execution_time,1779127436.1542275,0.000058388
experiment_name,a896566d-338c-42b8-b529-9da99031bbc8,function_execution_time,1779127436.2545574,0.000056509
experiment_name,a896566d-338c-42b8-b529-9da99031bbc8,function_execution_time,1779127436.3558433,0.000056597
experiment_name,a896566d-338c-42b8-b529-9da99031bbc8,function_execution_time,1779127436.4571967,0.000071792
experiment_name,a896566d-338c-42b8-b529-9da99031bbc8,function_execution_time,1779127436.5583997,0.000054558
experiment_name,a896566d-338c-42b8-b529-9da99031bbc8,function_execution_time,1779127436.6597416,0.000054734
experiment_name,a896566d-338c-42b8-b529-9da99031bbc8,function_execution_time,1779127436.7610517,0.000056485
experiment_name,a896566d-338c-42b8-b529-9da99031bbc8,function_execution_time,1779127436.8623874,0.000063503
experiment_name,a896566d-338c-42b8-b529-9da99031bbc8,function_execution_time,1779127436.9637134,0.000058598
experiment_name,a896566d-338c-42b8-b529-9da99031bbc8,function_execution_time,1779127437.0650187,0.00005628
experiment_name,a896566d-338c-42b8-b529-9da99031bbc8,function_execution_time,1779127437.1664631,0.000075929
experiment_name,a896566d-338c-42b8-b529-9da99031bbc8,function_execution_time,1779127437.2677498,0.000057964
experiment_name,a896566d-338c-42b8-b529-9da99031bbc8,function_execution_time,1779127437.3691182,0.000068448
experiment_name,a896566d-338c-42b8-b529-9da99031bbc8,function_execution_time,1779127437.4704616,0.00007616
experiment_name,a896566d-338c-42b8-b529-9da99031bbc8,function_execution_time,1779127437.5717561,0.000058295
experiment_name,a896566d-338c-42b8-b529-9da99031bbc8,function_execution_time,1779127437.6731231,0.000056115
experiment_name,a896566d-338c-42b8-b529-9da99031bbc8,function_execution_time,1779127437.774373,0.000066521
experiment_name,a896566d-338c-42b8-b529-9da99031bbc8,function_execution_time,1779127437.8757014,0.000054578
experiment_name,a896566d-338c-42b8-b529-9da99031bbc8,function_execution_time,1779127437.9770157,0.000054359
experiment_name,a896566d-338c-42b8-b529-9da99031bbc8,function_execution_time,1779127438.0783045,0.000057874
experiment_name,a896566d-338c-42b8-b529-9da99031bbc8,function_execution_time,1779127438.1797054,0.000062097
experiment_name,a896566d-338c-42b8-b529-9da99031bbc8,function_execution_time,1779127438.2811842,0.000058364
experiment_name,a896566d-338c-42b8-b529-9da99031bbc8,function_execution_time,1779127438.3825042,0.000054932
experiment_name,a896566d-338c-42b8-b529-9da99031bbc8,function_execution_time,1779127438.4838328,0.000055013
experiment_name,a896566d-338c-42b8-b529-9da99031bbc8,function_execution_time,1779127438.5851426,0.00005796
experiment_name,a896566d-338c-42b8-b529-9da99031bbc8,function_execution_time,1779127438.6865048,0.000071978
experiment_name,a896566d-338c-42b8-b529-9da99031bbc8,function_execution_time,1779127438.787818,0.000056262
experiment_name,a896566d-338c-42b8-b529-9da99031bbc8,function_execution_time,1779127438.8891776,0.000057324
experiment_name,a896566d-338c-42b8-b529-9da99031bbc8,function_execution_time,1779127438.9904997,0.000067777
experiment_name,a896566d-338c-42b8-b529-9da99031bbc8,function_execution_time,1779127439.0918381,0.000066555
experiment_name,a896566d-338c-42b8-b529-9da99031bbc8,function_execution_time,1779127439.1932266,0.000059304
experiment_name,a896566d-338c-42b8-b529-9da99031bbc8,function_execution_time,1779127439.2935421,0.000056158
experiment_name,a896566d-338c-42b8-b529-9da99031bbc8,function_execution_time,1779127439.3949032,0.000056693
experiment_name,a896566d-338c-42b8-b529-9da99031bbc8,function_execution_time,1779127439.496185,0.000055745
experiment_name,a896566d-338c-42b8-b529-9da99031bbc8,function_execution_time,1779127439.5965552,0.000063275
experiment_name,fc68cf26-efaf-4dc9-9936-14f337f700ad,function_transfer_time,1779127434.6357985,0.00001952
experiment_name,fc68cf26-efaf-4dc9-9936-14f337f700ad,function_transfer_time,1779127434.7372148,0.000080106
experiment_name,fc68cf26-efaf-4dc9-9936-14f337f700ad,function_transfer_time,1779127434.8385403,0.000080356
experiment_name,fc68cf26-efaf-4dc9-9936-14f337f700ad,function_transfer_time,1779127434.939888,0.000078325
experiment_name,fc68cf26-efaf-4dc9-9936-14f337f700ad,function_transfer_time,1779127435.0412326,0.000082821
experiment_name,fc68cf26-efaf-4dc9-9936-14f337f700ad,function_transfer_time,1779127435.1427119,0.000076587
experiment_name,fc68cf26-efaf-4dc9-9936-14f337f700ad,function_transfer_time,1779127435.2440584,0.000090988
experiment_name,fc68cf26-efaf-4dc9-9936-14f337f700ad,function_transfer_time,1779127435.3453743,0.000085577
experiment_name,fc68cf26-efaf-4dc9-9936-14f337f700ad,function_transfer_time,1779127435.4467134,0.000083547
experiment_name,fc68cf26-efaf-4dc9-9936-14f337f700ad,function_transfer_time,1779127435.5480185,0.000038894
experiment_name,fc68cf26-efaf-4dc9-9936-14f337f700ad,function_transfer_time,1779127435.6483707,0.000091705
experiment_name,fc68cf26-efaf-4dc9-9936-14f337f700ad,function_transfer_time,1779127435.7497568,0.000020044
experiment_name,fc68cf26-efaf-4dc9-9936-14f337f700ad,function_transfer_time,1779127435.8510418,0.000084671
experiment_name,fc68cf26-efaf-4dc9-9936-14f337f700ad,function_transfer_time,1779127435.951323,0.000024225
experiment_name,fc68cf26-efaf-4dc9-9936-14f337f700ad,function_transfer_time,1779127436.0525875,0.000025919
experiment_name,fc68cf26-efaf-4dc9-9936-14f337f700ad,function_transfer_time,1779127436.1540055,0.00002264
experiment_name,fc68cf26-efaf-4dc9-9936-14f337f700ad,function_transfer_time,1779127436.2543406,0.000081965
experiment_name,fc68cf26-efaf-4dc9-9936-14f337f700ad,function_transfer_time,1779127436.3555968,0.000023434
experiment_name,fc68cf26-efaf-4dc9-9936-14f337f700ad,function_transfer_time,1779127436.4569435,0.000083215
experiment_name,fc68cf26-efaf-4dc9-9936-14f337f700ad,function_transfer_time,1779127436.558184,0.000017093
experiment_name,fc68cf26-efaf-4dc9-9936-14f337f700ad,function_transfer_time,1779127436.659521,0.000086203
experiment_name,fc68cf26-efaf-4dc9-9936-14f337f700ad,function_transfer_time,1779127436.7608154,0.000083532
experiment_name,fc68cf26-efaf-4dc9-9936-14f337f700ad,function_transfer_time,1779127436.8621385,0.00008349
experiment_name,fc68cf26-efaf-4dc9-9936-14f337f700ad,function_transfer_time,1779127436.9634798,0.000081841
experiment_name,fc68cf26-efaf-4dc9-9936-14f337f700ad,function_transfer_time,1779127437.06481,0.000096401
experiment_name,fc68cf26-efaf-4dc9-9936-14f337f700ad,function_transfer_time,1779127437.1661842,0.00007553
experiment_name,fc68cf26-efaf-4dc9-9936-14f337f700ad,function_transfer_time,1779127437.2675114,0.000085151
experiment_name,fc68cf26-efaf-4dc9-9936-14f337f700ad,function_transfer_time,1779127437.3688455,0.000082073
experiment_name,fc68cf26-efaf-4dc9-9936-14f337f700ad,function_transfer_time,1779127437.4702039,0.000082632
experiment_name,fc68cf26-efaf-4dc9-9936-14f337f700ad,function_transfer_time,1779127437.5715272,0.000076004
experiment_name,fc68cf26-efaf-4dc9-9936-14f337f700ad,function_transfer_time,1779127437.672876,0.000086012
experiment_name,fc68cf26-efaf-4dc9-9936-14f337f700ad,function_transfer_time,1779127437.7741404,0.000031138
experiment_name,fc68cf26-efaf-4dc9-9936-14f337f700ad,function_transfer_time,1779127437.875461,0.000084293
experiment_name,fc68cf26-efaf-4dc9-9936-14f337f700ad,function_transfer_time,1779127437.9767792,0.000078139
experiment_name,fc68cf26-efaf-4dc9-9936-14f337f700ad,function_transfer_time,1779127438.0780988,0.000086011
experiment_name,fc68cf26-efaf-4dc9-9936-14f337f700ad,function_transfer_time,1779127438.1795447,0.000082485
experiment_name,fc68cf26-efaf-4dc9-9936-14f337f700ad,function_transfer_time,1779127438.280944,0.000079265
experiment_name,fc68cf26-efaf-4dc9-9936-14f337f700ad,function_transfer_time,1779127438.3822796,0.00008037
experiment_name,fc68cf26-efaf-4dc9-9936-14f337f700ad,function_transfer_time,1779127438.4835968,0.000081656
experiment_name,fc68cf26-efaf-4dc9-9936-14f337f700ad,function_transfer_time,1779127438.584911,0.000077929
experiment_name,fc68cf26-efaf-4dc9-9936-14f337f700ad,function_transfer_time,1779127438.6862485,0.000078371
experiment_name,fc68cf26-efaf-4dc9-9936-14f337f700ad,function_transfer_time,1779127438.7875671,0.000084452
experiment_name,fc68cf26-efaf-4dc9-9936-14f337f700ad,function_transfer_time,1779127438.888924,0.000086721
experiment_name,fc68cf26-efaf-4dc9-9936-14f337f700ad,function_transfer_time,1779127438.9902537,0.000085864
experiment_name,fc68cf26-efaf-4dc9-9936-14f337f700ad,function_transfer_time,1779127439.0916088,0.000084355
experiment_name,fc68cf26-efaf-4dc9-9936-14f337f700ad,function_transfer_time,1779127439.1929855,0.000083247
experiment_name,fc68cf26-efaf-4dc9-9936-14f337f700ad,function_transfer_time,1779127439.293316,0.000086138
experiment_name,fc68cf26-efaf-4dc9-9936-14f337f700ad,function_transfer_time,1779127439.394664,0.000083474
experiment_name,fc68cf26-efaf-4dc9-9936-14f337f700ad,function_transfer_time,1779127439.495968,0.000077217
experiment_name,fc68cf26-efaf-4dc9-9936-14f337f700ad,function_transfer_time,1779127439.5963106,0.000084136
experiment_name,a896566d-338c-42b8-b529-9da99031bbc8,function_transfer_time,1779127434.6358893,0.000027117
experiment_name,a896566d-338c-42b8-b529-9da99031bbc8,function_transfer_time,1779127434.7373838,0.000112213
experiment_name,a896566d-338c-42b8-b529-9da99031bbc8,function_transfer_time,1779127434.8387306,0.000134047
experiment_name,a896566d-338c-42b8-b529-9da99031bbc8,function_transfer_time,1779127434.9400573,0.000113346
experiment_name,a896566d-338c-42b8-b529-9da99031bbc8,function_transfer_time,1779127435.041398,0.00003481
experiment_name,a896566d-338c-42b8-b529-9da99031bbc8,function_transfer_time,1779127435.142903,0.000133086
experiment_name,a896566d-338c-42b8-b529-9da99031bbc8,function_transfer_time,1779127435.2442396,0.000125373
experiment_name,a896566d-338c-42b8-b529-9da99031bbc8,function_transfer_time,1779127435.3455317,0.00003706
experiment_name,a896566d-338c-42b8-b529-9da99031bbc8,function_transfer_time,1779127435.4468791,0.000028082
experiment_name,a896566d-338c-42b8-b529-9da99031bbc8,function_transfer_time,1779127435.548152,0.00006624
experiment_name,a896566d-338c-42b8-b529-9da99031bbc8,function_transfer_time,1779127435.64848,0.000056787
experiment_name,a896566d-338c-42b8-b529-9da99031bbc8,function_transfer_time,1779127435.7499135,0.00010501
experiment_name,a896566d-338c-42b8-b529-9da99031bbc8,function_transfer_time,1779127435.8512127,0.000115387
experiment_name,a896566d-338c-42b8-b529-9da99031bbc8,function_transfer_time,1779127435.9515073,0.000120753
experiment_name,a896566d-338c-42b8-b529-9da99031bbc8,function_transfer_time,1779127436.0527525,0.000036124
experiment_name,a896566d-338c-42b8-b529-9da99031bbc8,function_transfer_time,1779127436.154169,0.000105747
experiment_name,a896566d-338c-42b8-b529-9da99031bbc8,function_transfer_time,1779127436.2544963,0.000105819
experiment_name,a896566d-338c-42b8-b529-9da99031bbc8,function_transfer_time,1779127436.3557863,0.000134982
experiment_name,a896566d-338c-42b8-b529-9da99031bbc8,function_transfer_time,1779127436.4571242,0.000119554
experiment_name,a896566d-338c-42b8-b529-9da99031bbc8,function_transfer_time,1779127436.5583456,0.000117743
experiment_name,a896566d-338c-42b8-b529-9da99031bbc8,function_transfer_time,1779127436.6596768,0.000097092
experiment_name,a896566d-338c-42b8-b529-9da99031bbc8,function_transfer_time,1779127436.7609951,0.000125535
experiment_name,a896566d-338c-42b8-b529-9da99031bbc8,function_transfer_time,1779127436.862324,0.000130437
experiment_name,a896566d-338c-42b8-b529-9da99031bbc8,function_transfer_time,1779127436.9636483,0.000115571
experiment_name,a896566d-338c-42b8-b529-9da99031bbc8,function_transfer_time,1779127437.0649655,0.000034939
experiment_name,a896566d-338c-42b8-b529-9da99031bbc8,function_transfer_time,1779127437.1663868,0.000145364
experiment_name,a896566d-338c-42b8-b529-9da99031bbc8,function_transfer_time,1779127437.2676916,0.000123522
experiment_name,a896566d-338c-42b8-b529-9da99031bbc8,function_transfer_time,1779127437.3690498,0.000136388
experiment_name,a896566d-338c-42b8-b529-9da99031bbc8,function_transfer_time,1779127437.4703803,0.000123746
experiment_name,a896566d-338c-42b8-b529-9da99031bbc8,function_transfer_time,1779127437.5716975,0.000115621
experiment_name,a896566d-338c-42b8-b529-9da99031bbc8,function_transfer_time,1779127437.6730664,0.000133571
experiment_name,a896566d-338c-42b8-b529-9da99031bbc8,function_transfer_time,1779127437.7743068,0.000112402
experiment_name,a896566d-338c-42b8-b529-9da99031bbc8,function_transfer_time,1779127437.875646,0.000129337
experiment_name,a896566d-338c-42b8-b529-9da99031bbc8,function_transfer_time,1779127437.976961,0.000127774
experiment_name,a896566d-338c-42b8-b529-9da99031bbc8,function_transfer_time,1779127438.0782418,0.000035077
experiment_name,a896566d-338c-42b8-b529-9da99031bbc8,function_transfer_time,1779127438.179644,0.000116437
experiment_name,a896566d-338c-42b8-b529-9da99031bbc8,function_transfer_time,1779127438.281125,0.000122996
experiment_name,a896566d-338c-42b8-b529-9da99031bbc8,function_transfer_time,1779127438.3824496,0.00010051
experiment_name,a896566d-338c-42b8-b529-9da99031bbc8,function_transfer_time,1779127438.4837766,0.000125299
experiment_name,a896566d-338c-42b8-b529-9da99031bbc8,function_transfer_time,1779127438.5850854,0.0001158
experiment_name,a896566d-338c-42b8-b529-9da99031bbc8,function_transfer_time,1779127438.686439,0.000126053
experiment_name,a896566d-338c-42b8-b529-9da99031bbc8,function_transfer_time,1779127438.7877564,0.000132543
experiment_name,a896566d-338c-42b8-b529-9da99031bbc8,function_transfer_time,1779127438.8891182,0.000132258
experiment_name,a896566d-338c-42b8-b529-9da99031bbc8,function_transfer_time,1779127438.9904416,0.00012037
experiment_name,a896566d-338c-42b8-b529-9da99031bbc8,function_transfer_time,1779127439.0917692,0.000038981
experiment_name,a896566d-338c-42b8-b529-9da99031bbc8,function_transfer_time,1779127439.1931674,0.000121789
experiment_name,a896566d-338c-42b8-b529-9da99031bbc8,function_transfer_time,1779127439.2934856,0.000113141
experiment_name,a896566d-338c-42b8-b529-9da99031bbc8,function_transfer_time,1779127439.3948398,0.000122643
experiment_name,a896566d-338c-42b8-b529-9da99031bbc8,function_transfer_time,1779127439.4961283,0.00010431
experiment_name,a896566d-338c-42b8-b529-9da99031bbc8,function_transfer_time,1779127439.596492,0.000125172
experiment_name,a896566d-338c-42b8-b529-9da99031bbc8,function_execution_time,1779127439.6977518,0.000066926
experiment_name,a896566d-338c-42b8-b529-9da99031bbc8,function_execution_time,1779127439.798924,0.000062808
experiment_name,a896566d-338c-42b8-b529-9da99031bbc8,function_execution_time,1779127439.9003344,0.000060473
experiment_name,a896566d-338c-42b8-b529-9da99031bbc8,function_execution_time,1779127440.0015392,0.000061691
experiment_name,a896566d-338c-42b8-b529-9da99031bbc8,function_execution_time,1779127440.102931,0.000080458
experiment_name,a896566d-338c-42b8-b529-9da99031bbc8,function_execution_time,1779127440.2043214,0.000063404
experiment_name,a896566d-338c-42b8-b529-9da99031bbc8,function_execution_time,1779127440.3056421,0.000058002
experiment_name,a896566d-338c-42b8-b529-9da99031bbc8,function_execution_time,1779127440.406963,0.000057913
experiment_name,a896566d-338c-42b8-b529-9da99031bbc8,function_execution_time,1779127440.5082047,0.000057432
experiment_name,a896566d-338c-42b8-b529-9da99031bbc8,function_execution_time,1779127440.6085553,0.000064193
experiment_name,a896566d-338c-42b8-b529-9da99031bbc8,function_execution_time,1779127440.7098546,0.000057255
experiment_name,a896566d-338c-42b8-b529-9da99031bbc8,function_execution_time,1779127440.8112013,0.000056883
experiment_name,a896566d-338c-42b8-b529-9da99031bbc8,function_execution_time,1779127440.9125185,0.000057061
experiment_name,a896566d-338c-42b8-b529-9da99031bbc8,function_execution_time,1779127441.0138628,0.0000659
experiment_name,a896566d-338c-42b8-b529-9da99031bbc8,function_execution_time,1779127441.1151836,0.000056433
experiment_name,a896566d-338c-42b8-b529-9da99031bbc8,function_execution_time,1779127441.2156148,0.000056983
experiment_name,a896566d-338c-42b8-b529-9da99031bbc8,function_execution_time,1779127441.3169527,0.000057703
experiment_name,a896566d-338c-42b8-b529-9da99031bbc8,function_execution_time,1779127441.4182887,0.00005752
experiment_name,a896566d-338c-42b8-b529-9da99031bbc8,function_execution_time,1779127441.5185332,0.000063717
experiment_name,a896566d-338c-42b8-b529-9da99031bbc8,function_execution_time,1779127441.6198108,0.000056317
experiment_name,a896566d-338c-42b8-b529-9da99031bbc8,function_execution_time,1779127441.7211647,0.000057116
experiment_name,a896566d-338c-42b8-b529-9da99031bbc8,function_execution_time,1779127441.822441,0.000058986
experiment_name,a896566d-338c-42b8-b529-9da99031bbc8,function_execution_time,1779127441.9238296,0.000063448
experiment_name,a896566d-338c-42b8-b529-9da99031bbc8,function_execution_time,1779127442.0251374,0.000055638
experiment_name,a896566d-338c-42b8-b529-9da99031bbc8,function_execution_time,1779127442.1263819,0.000056164
experiment_name,a896566d-338c-42b8-b529-9da99031bbc8,function_execution_time,1779127442.2276409,0.000062625
experiment_name,a896566d-338c-42b8-b529-9da99031bbc8,function_execution_time,1779127442.3290164,0.000059895
experiment_name,a896566d-338c-42b8-b529-9da99031bbc8,function_execution_time,1779127442.4303799,0.000063878
experiment_name,a896566d-338c-42b8-b529-9da99031bbc8,function_execution_time,1779127442.5316987,0.000055403
experiment_name,a896566d-338c-42b8-b529-9da99031bbc8,function_execution_time,1779127442.6330156,0.00005742
experiment_name,a896566d-338c-42b8-b529-9da99031bbc8,function_execution_time,1779127442.7343528,0.000057849
experiment_name,a896566d-338c-42b8-b529-9da99031bbc8,function_execution_time,1779127442.8356657,0.000067456
experiment_name,a896566d-338c-42b8-b529-9da99031bbc8,function_execution_time,1779127442.9369075,0.000056825
experiment_name,a896566d-338c-42b8-b529-9da99031bbc8,function_execution_time,1779127443.0382662,0.00005587
experiment_name,a896566d-338c-42b8-b529-9da99031bbc8,function_execution_time,1779127443.1385562,0.000055952
experiment_name,a896566d-338c-42b8-b529-9da99031bbc8,function_execution_time,1779127443.2399676,0.000067332
experiment_name,a896566d-338c-42b8-b529-9da99031bbc8,function_execution_time,1779127443.3412435,0.000057283
experiment_name,a896566d-338c-42b8-b529-9da99031bbc8,function_execution_time,1779127443.4415858,0.000056293
experiment_name,a896566d-338c-42b8-b529-9da99031bbc8,function_execution_time,1779127443.5428886,0.000055371
experiment_name,a896566d-338c-42b8-b529-9da99031bbc8,function_execution_time,1779127443.644217,0.00005722
experiment_name,a896566d-338c-42b8-b529-9da99031bbc8,function_execution_time,1779127443.7445471,0.000064219
experiment_name,a896566d-338c-42b8-b529-9da99031bbc8,function_execution_time,1779127443.8458474,0.000056686
experiment_name,a896566d-338c-42b8-b529-9da99031bbc8,function_execution_time,1779127443.9472046,0.000068197
experiment_name,a896566d-338c-42b8-b529-9da99031bbc8,function_execution_time,1779127444.04852,0.000081558
experiment_name,a896566d-338c-42b8-b529-9da99031bbc8,function_execution_time,1779127444.1497324,0.000059706
experiment_name,a896566d-338c-42b8-b529-9da99031bbc8,function_execution_time,1779127444.2512667,0.000061831
experiment_name,a896566d-338c-42b8-b529-9da99031bbc8,function_execution_time,1779127444.3515098,0.000062287
experiment_name,a896566d-338c-42b8-b529-9da99031bbc8,function_execution_time,1779127444.4528391,0.000068042
experiment_name,a896566d-338c-42b8-b529-9da99031bbc8,function_execution_time,1779127444.5540874,0.000066018
experiment_name,fc68cf26-efaf-4dc9-9936-14f337f700ad,function_execution_time,1779127439.6975715,0.000084038
experiment_name,fc68cf26-efaf-4dc9-9936-14f337f700ad,function_execution_time,1779127439.7988355,0.000075182
experiment_name,fc68cf26-efaf-4dc9-9936-14f337f700ad,function_execution_time,1779127439.9001706,0.000075243
experiment_name,fc68cf26-efaf-4dc9-9936-14f337f700ad,function_execution_time,1779127440.0014799,0.000109826
experiment_name,fc68cf26-efaf-4dc9-9936-14f337f700ad,function_execution_time,1779127440.102853,0.000174957
experiment_name,fc68cf26-efaf-4dc9-9936-14f337f700ad,function_execution_time,1779127440.2041411,0.000086755
experiment_name,fc68cf26-efaf-4dc9-9936-14f337f700ad,function_execution_time,1779127440.3055656,0.000099027
experiment_name,fc68cf26-efaf-4dc9-9936-14f337f700ad,function_execution_time,1779127440.4068763,0.000088551
experiment_name,fc68cf26-efaf-4dc9-9936-14f337f700ad,function_execution_time,1779127440.5081203,0.000084053
experiment_name,fc68cf26-efaf-4dc9-9936-14f337f700ad,function_execution_time,1779127440.6083882,0.000076035
experiment_name,fc68cf26-efaf-4dc9-9936-14f337f700ad,function_execution_time,1779127440.7097025,0.000083317
experiment_name,fc68cf26-efaf-4dc9-9936-14f337f700ad,function_execution_time,1779127440.8110414,0.000075395
experiment_name,fc68cf26-efaf-4dc9-9936-14f337f700ad,function_execution_time,1779127440.9123523,0.00007491
experiment_name,fc68cf26-efaf-4dc9-9936-14f337f700ad,function_execution_time,1779127441.0136926,0.000073725
experiment_name,fc68cf26-efaf-4dc9-9936-14f337f700ad,function_execution_time,1779127441.1151292,0.000157688
experiment_name,fc68cf26-efaf-4dc9-9936-14f337f700ad,function_execution_time,1779127441.215455,0.000072999
experiment_name,fc68cf26-efaf-4dc9-9936-14f337f700ad,function_execution_time,1779127441.316811,0.000073095
experiment_name,fc68cf26-efaf-4dc9-9936-14f337f700ad,function_execution_time,1779127441.4181278,0.00008223
experiment_name,fc68cf26-efaf-4dc9-9936-14f337f700ad,function_execution_time,1779127441.518446,0.000074664
experiment_name,fc68cf26-efaf-4dc9-9936-14f337f700ad,function_execution_time,1779127441.6197438,0.00007929
experiment_name,fc68cf26-efaf-4dc9-9936-14f337f700ad,function_execution_time,1779127441.7209995,0.000072607
experiment_name,fc68cf26-efaf-4dc9-9936-14f337f700ad,function_execution_time,1779127441.8223455,0.000083071
experiment_name,fc68cf26-efaf-4dc9-9936-14f337f700ad,function_execution_time,1779127441.9236703,0.000069746
experiment_name,fc68cf26-efaf-4dc9-9936-14f337f700ad,function_execution_time,1779127442.0249975,0.000071715
experiment_name,fc68cf26-efaf-4dc9-9936-14f337f700ad,function_execution_time,1779127442.1263285,0.000147827
experiment_name,fc68cf26-efaf-4dc9-9936-14f337f700ad,function_execution_time,1779127442.2275815,0.000087478
experiment_name,fc68cf26-efaf-4dc9-9936-14f337f700ad,function_execution_time,1779127442.3288767,0.000073702
experiment_name,fc68cf26-efaf-4dc9-9936-14f337f700ad,function_execution_time,1779127442.4302597,0.000080146
experiment_name,fc68cf26-efaf-4dc9-9936-14f337f700ad,function_execution_time,1779127442.5316114,0.000083851
experiment_name,fc68cf26-efaf-4dc9-9936-14f337f700ad,function_execution_time,1779127442.6328542,0.00007578
experiment_name,fc68cf26-efaf-4dc9-9936-14f337f700ad,function_execution_time,1779127442.734198,0.000071234
experiment_name,fc68cf26-efaf-4dc9-9936-14f337f700ad,function_execution_time,1779127442.8355193,0.000091961
experiment_name,fc68cf26-efaf-4dc9-9936-14f337f700ad,function_execution_time,1779127442.936838,0.000077696
experiment_name,fc68cf26-efaf-4dc9-9936-14f337f700ad,function_execution_time,1779127443.038106,0.000076137
experiment_name,fc68cf26-efaf-4dc9-9936-14f337f700ad,function_execution_time,1779127443.1384962,0.000148791
experiment_name,fc68cf26-efaf-4dc9-9936-14f337f700ad,function_execution_time,1779127443.239819,0.000081672
experiment_name,fc68cf26-efaf-4dc9-9936-14f337f700ad,function_execution_time,1779127443.3411567,0.000080021
experiment_name,fc68cf26-efaf-4dc9-9936-14f337f700ad,function_execution_time,1779127443.4414148,0.000071876
experiment_name,fc68cf26-efaf-4dc9-9936-14f337f700ad,function_execution_time,1779127443.5427308,0.00007897
experiment_name,fc68cf26-efaf-4dc9-9936-14f337f700ad,function_execution_time,1779127443.6440527,0.00007331
experiment_name,fc68cf26-efaf-4dc9-9936-14f337f700ad,function_execution_time,1779127443.744398,0.000071349
experiment_name,fc68cf26-efaf-4dc9-9936-14f337f700ad,function_execution_time,1779127443.8457587,0.000085101
experiment_name,fc68cf26-efaf-4dc9-9936-14f337f700ad,function_execution_time,1779127443.9470294,0.000079238
experiment_name,fc68cf26-efaf-4dc9-9936-14f337f700ad,function_execution_time,1779127444.0484018,0.000085203
experiment_name,fc68cf26-efaf-4dc9-9936-14f337f700ad,function_execution_time,1779127444.1496716,0.000144738
experiment_name,fc68cf26-efaf-4dc9-9936-14f337f700ad,function_execution_time,1779127444.2511587,0.000092817
experiment_name,fc68cf26-efaf-4dc9-9936-14f337f700ad,function_execution_time,1779127444.3513432,0.000073557
experiment_name,fc68cf26-efaf-4dc9-9936-14f337f700ad,function_execution_time,1779127444.452744,0.000080067
experiment_name,fc68cf26-efaf-4dc9-9936-14f337f700ad,function_execution_time,1779127444.5539868,0.000081006
experiment_name,fc68cf26-efaf-4dc9-9936-14f337f700ad,function_transfer_time,1779127439.6974862,0.000080749
experiment_name,fc68cf26-efaf-4dc9-9936-14f337f700ad,function_transfer_time,1779127439.7987542,0.000018551
experiment_name,fc68cf26-efaf-4dc9-9936-14f337f700ad,function_transfer_time,1779127439.9000945,0.000079298
experiment_name,fc68cf26-efaf-4dc9-9936-14f337f700ad,function_transfer_time,1779127440.0013638,0.000036609
experiment_name,fc68cf26-efaf-4dc9-9936-14f337f700ad,function_transfer_time,1779127440.1026633,0.000032473
experiment_name,fc68cf26-efaf-4dc9-9936-14f337f700ad,function_transfer_time,1779127440.2040558,0.000080085
experiment_name,fc68cf26-efaf-4dc9-9936-14f337f700ad,function_transfer_time,1779127440.3053987,0.000077488
experiment_name,fc68cf26-efaf-4dc9-9936-14f337f700ad,function_transfer_time,1779127440.4067245,0.000084294
experiment_name,fc68cf26-efaf-4dc9-9936-14f337f700ad,function_transfer_time,1779127440.5079863,0.000018371
experiment_name,fc68cf26-efaf-4dc9-9936-14f337f700ad,function_transfer_time,1779127440.6083114,0.000083015
experiment_name,fc68cf26-efaf-4dc9-9936-14f337f700ad,function_transfer_time,1779127440.709618,0.00008119
experiment_name,fc68cf26-efaf-4dc9-9936-14f337f700ad,function_transfer_time,1779127440.810965,0.000085931
experiment_name,fc68cf26-efaf-4dc9-9936-14f337f700ad,function_transfer_time,1779127440.9122717,0.000080521
experiment_name,fc68cf26-efaf-4dc9-9936-14f337f700ad,function_transfer_time,1779127441.0136085,0.000081171
experiment_name,fc68cf26-efaf-4dc9-9936-14f337f700ad,function_transfer_time,1779127441.1149626,0.000084754
experiment_name,fc68cf26-efaf-4dc9-9936-14f337f700ad,function_transfer_time,1779127441.215349,0.000087533
experiment_name,fc68cf26-efaf-4dc9-9936-14f337f700ad,function_transfer_time,1779127441.3167267,0.000081981
experiment_name,fc68cf26-efaf-4dc9-9936-14f337f700ad,function_transfer_time,1779127441.418042,0.000082267
experiment_name,fc68cf26-efaf-4dc9-9936-14f337f700ad,function_transfer_time,1779127441.5183187,0.000019105
experiment_name,fc68cf26-efaf-4dc9-9936-14f337f700ad,function_transfer_time,1779127441.6196063,0.000081514
experiment_name,fc68cf26-efaf-4dc9-9936-14f337f700ad,function_transfer_time,1779127441.7209244,0.000084109
experiment_name,fc68cf26-efaf-4dc9-9936-14f337f700ad,function_transfer_time,1779127441.8222587,0.000081344
experiment_name,fc68cf26-efaf-4dc9-9936-14f337f700ad,function_transfer_time,1779127441.9235857,0.00008251
experiment_name,fc68cf26-efaf-4dc9-9936-14f337f700ad,function_transfer_time,1779127442.0249221,0.000078261
experiment_name,fc68cf26-efaf-4dc9-9936-14f337f700ad,function_transfer_time,1779127442.1261704,0.000022168
experiment_name,fc68cf26-efaf-4dc9-9936-14f337f700ad,function_transfer_time,1779127442.227485,0.000023697
experiment_name,fc68cf26-efaf-4dc9-9936-14f337f700ad,function_transfer_time,1779127442.3287911,0.000080731
experiment_name,fc68cf26-efaf-4dc9-9936-14f337f700ad,function_transfer_time,1779127442.4301744,0.000076797
experiment_name,fc68cf26-efaf-4dc9-9936-14f337f700ad,function_transfer_time,1779127442.5314791,0.000074194
experiment_name,fc68cf26-efaf-4dc9-9936-14f337f700ad,function_transfer_time,1779127442.632778,0.000079198
experiment_name,fc68cf26-efaf-4dc9-9936-14f337f700ad,function_transfer_time,1779127442.734115,0.000085965
experiment_name,fc68cf26-efaf-4dc9-9936-14f337f700ad,function_transfer_time,1779127442.83544,0.000078753
experiment_name,fc68cf26-efaf-4dc9-9936-14f337f700ad,function_transfer_time,1779127442.9367077,0.000021272
experiment_name,fc68cf26-efaf-4dc9-9936-14f337f700ad,function_transfer_time,1779127443.0380304,0.000083117
experiment_name,fc68cf26-efaf-4dc9-9936-14f337f700ad,function_transfer_time,1779127443.1383426,0.000081086
experiment_name,fc68cf26-efaf-4dc9-9936-14f337f700ad,function_transfer_time,1779127443.2397294,0.000083489
experiment_name,fc68cf26-efaf-4dc9-9936-14f337f700ad,function_transfer_time,1779127443.3410263,0.000078682
experiment_name,fc68cf26-efaf-4dc9-9936-14f337f700ad,function_transfer_time,1779127443.4413388,0.00007863
experiment_name,fc68cf26-efaf-4dc9-9936-14f337f700ad,function_transfer_time,1779127443.5426538,0.000078205
experiment_name,fc68cf26-efaf-4dc9-9936-14f337f700ad,function_transfer_time,1779127443.6439803,0.000086619
experiment_name,fc68cf26-efaf-4dc9-9936-14f337f700ad,function_transfer_time,1779127443.7443144,0.000079913
experiment_name,fc68cf26-efaf-4dc9-9936-14f337f700ad,function_transfer_time,1779127443.8456283,0.000082224
experiment_name,fc68cf26-efaf-4dc9-9936-14f337f700ad,function_transfer_time,1779127443.9469447,0.000079698
experiment_name,fc68cf26-efaf-4dc9-9936-14f337f700ad,function_transfer_time,1779127444.0482616,0.000082333
experiment_name,fc68cf26-efaf-4dc9-9936-14f337f700ad,function_transfer_time,1779127444.1495209,0.000023543
experiment_name,fc68cf26-efaf-4dc9-9936-14f337f700ad,function_transfer_time,1779127444.2510078,0.000088234
experiment_name,fc68cf26-efaf-4dc9-9936-14f337f700ad,function_transfer_time,1779127444.351262,0.000024464
experiment_name,fc68cf26-efaf-4dc9-9936-14f337f700ad,function_transfer_time,1779127444.452614,0.0000844
experiment_name,fc68cf26-efaf-4dc9-9936-14f337f700ad,function_transfer_time,1779127444.5538504,0.000024103
experiment_name,a896566d-338c-42b8-b529-9da99031bbc8,function_transfer_time,1779127439.697684,0.000142225
experiment_name,a896566d-338c-42b8-b529-9da99031bbc8,function_transfer_time,1779127439.7989206,0.000051632
experiment_name,a896566d-338c-42b8-b529-9da99031bbc8,function_transfer_time,1779127439.900274,0.000124048
experiment_name,a896566d-338c-42b8-b529-9da99031bbc8,function_transfer_time,1779127440.0014768,0.000049175
experiment_name,a896566d-338c-42b8-b529-9da99031bbc8,function_transfer_time,1779127440.1028476,0.000037564
experiment_name,a896566d-338c-42b8-b529-9da99031bbc8,function_transfer_time,1779127440.2042518,0.00013227
experiment_name,a896566d-338c-42b8-b529-9da99031bbc8,function_transfer_time,1779127440.3055778,0.000112242
experiment_name,a896566d-338c-42b8-b529-9da99031bbc8,function_transfer_time,1779127440.4069004,0.00011306
experiment_name,a896566d-338c-42b8-b529-9da99031bbc8,function_transfer_time,1779127440.5081434,0.000099036
experiment_name,a896566d-338c-42b8-b529-9da99031bbc8,function_transfer_time,1779127440.6084912,0.00012411
experiment_name,a896566d-338c-42b8-b529-9da99031bbc8,function_transfer_time,1779127440.7097967,0.000121755
experiment_name,a896566d-338c-42b8-b529-9da99031bbc8,function_transfer_time,1779127440.8111444,0.000122949
experiment_name,a896566d-338c-42b8-b529-9da99031bbc8,function_transfer_time,1779127440.9124608,0.00013288
experiment_name,a896566d-338c-42b8-b529-9da99031bbc8,function_transfer_time,1779127441.013797,0.000130093
experiment_name,a896566d-338c-42b8-b529-9da99031bbc8,function_transfer_time,1779127441.1151264,0.000034571
experiment_name,a896566d-338c-42b8-b529-9da99031bbc8,function_transfer_time,1779127441.2155576,0.000151523
experiment_name,a896566d-338c-42b8-b529-9da99031bbc8,function_transfer_time,1779127441.3168964,0.000111054
experiment_name,a896566d-338c-42b8-b529-9da99031bbc8,function_transfer_time,1779127441.418231,0.000131792
experiment_name,a896566d-338c-42b8-b529-9da99031bbc8,function_transfer_time,1779127441.5184648,0.000096379
experiment_name,a896566d-338c-42b8-b529-9da99031bbc8,function_transfer_time,1779127441.6197464,0.000094339
experiment_name,a896566d-338c-42b8-b529-9da99031bbc8,function_transfer_time,1779127441.721102,0.000123616
experiment_name,a896566d-338c-42b8-b529-9da99031bbc8,function_transfer_time,1779127441.8224385,0.000049337
experiment_name,a896566d-338c-42b8-b529-9da99031bbc8,function_transfer_time,1779127441.9237654,0.000125865
experiment_name,a896566d-338c-42b8-b529-9da99031bbc8,function_transfer_time,1779127442.0250812,0.000105109
experiment_name,a896566d-338c-42b8-b529-9da99031bbc8,function_transfer_time,1779127442.1263254,0.000038493
experiment_name,a896566d-338c-42b8-b529-9da99031bbc8,function_transfer_time,1779127442.2275782,0.000031517
experiment_name,a896566d-338c-42b8-b529-9da99031bbc8,function_transfer_time,1779127442.3289692,0.000111379
experiment_name,a896566d-338c-42b8-b529-9da99031bbc8,function_transfer_time,1779127442.4303095,0.000085332
experiment_name,a896566d-338c-42b8-b529-9da99031bbc8,function_transfer_time,1779127442.531637,0.000099327
experiment_name,a896566d-338c-42b8-b529-9da99031bbc8,function_transfer_time,1779127442.632958,0.000123035
experiment_name,a896566d-338c-42b8-b529-9da99031bbc8,function_transfer_time,1779127442.7342937,0.000123064
experiment_name,a896566d-338c-42b8-b529-9da99031bbc8,function_transfer_time,1779127442.8356094,0.000103246
experiment_name,a896566d-338c-42b8-b529-9da99031bbc8,function_transfer_time,1779127442.9368458,0.000088577
experiment_name,a896566d-338c-42b8-b529-9da99031bbc8,function_transfer_time,1779127443.0382102,0.000122534
experiment_name,a896566d-338c-42b8-b529-9da99031bbc8,function_transfer_time,1779127443.1384985,0.000035624
experiment_name,a896566d-338c-42b8-b529-9da99031bbc8,function_transfer_time,1779127443.2398942,0.000106218
experiment_name,a896566d-338c-42b8-b529-9da99031bbc8,function_transfer_time,1779127443.3411796,0.00010229
experiment_name,a896566d-338c-42b8-b529-9da99031bbc8,function_transfer_time,1779127443.4415293,0.000136725
experiment_name,a896566d-338c-42b8-b529-9da99031bbc8,function_transfer_time,1779127443.5428324,0.000118019
experiment_name,a896566d-338c-42b8-b529-9da99031bbc8,function_transfer_time,1779127443.6441593,0.000123854
experiment_name,a896566d-338c-42b8-b529-9da99031bbc8,function_transfer_time,1779127443.744483,0.000111662
experiment_name,a896566d-338c-42b8-b529-9da99031bbc8,function_transfer_time,1779127443.8457847,0.000103911
experiment_name,a896566d-338c-42b8-b529-9da99031bbc8,function_transfer_time,1779127443.947136,0.000130044
experiment_name,a896566d-338c-42b8-b529-9da99031bbc8,function_transfer_time,1779127444.0484376,0.000108103
experiment_name,a896566d-338c-42b8-b529-9da99031bbc8,function_transfer_time,1779127444.1496742,0.000035531
experiment_name,a896566d-338c-42b8-b529-9da99031bbc8,function_transfer_time,1779127444.2511978,0.000124653
experiment_name,a896566d-338c-42b8-b529-9da99031bbc8,function_transfer_time,1779127444.351439,0.000117027
experiment_name,a896566d-338c-42b8-b529-9da99031bbc8,function_transfer_time,1779127444.4528174,0.000100604
experiment_name,a896566d-338c-42b8-b529-9da99031bbc8,function_transfer_time,1779127444.5540102,0.000109131
experiment_name,fc68cf26-efaf-4dc9-9936-14f337f700ad,function_execution_time,1779127444.654883,0.000078347
experiment_name,fc68cf26-efaf-4dc9-9936-14f337f700ad,function_execution_time,1779127444.7561352,0.000073084
experiment_name,fc68cf26-efaf-4dc9-9936-14f337f700ad,function_execution_time,1779127444.857538,0.000095249
experiment_name,fc68cf26-efaf-4dc9-9936-14f337f700ad,function_execution_time,1779127444.9588757,0.000083498
experiment_name,fc68cf26-efaf-4dc9-9936-14f337f700ad,function_execution_time,1779127445.060115,0.000075429
experiment_name,fc68cf26-efaf-4dc9-9936-14f337f700ad,function_execution_time,1779127445.1605642,0.00016103
experiment_name,fc68cf26-efaf-4dc9-9936-14f337f700ad,function_execution_time,1779127445.2619007,0.00008254
experiment_name,fc68cf26-efaf-4dc9-9936-14f337f700ad,function_execution_time,1779127445.36315,0.000072412
experiment_name,fc68cf26-efaf-4dc9-9936-14f337f700ad,function_execution_time,1779127445.4644876,0.000092993
experiment_name,fc68cf26-efaf-4dc9-9936-14f337f700ad,function_execution_time,1779127445.5657856,0.00009675
experiment_name,fc68cf26-efaf-4dc9-9936-14f337f700ad,function_execution_time,1779127445.6671162,0.000092048
experiment_name,fc68cf26-efaf-4dc9-9936-14f337f700ad,function_execution_time,1779127445.7674165,0.00007494
experiment_name,fc68cf26-efaf-4dc9-9936-14f337f700ad,function_execution_time,1779127445.8687663,0.000089904
experiment_name,fc68cf26-efaf-4dc9-9936-14f337f700ad,function_execution_time,1779127445.9700608,0.000070742
experiment_name,fc68cf26-efaf-4dc9-9936-14f337f700ad,function_execution_time,1779127446.0703838,0.000071646
experiment_name,fc68cf26-efaf-4dc9-9936-14f337f700ad,function_execution_time,1779127446.1717858,0.000137484
experiment_name,fc68cf26-efaf-4dc9-9936-14f337f700ad,function_execution_time,1779127446.2731524,0.000083553
experiment_name,fc68cf26-efaf-4dc9-9936-14f337f700ad,function_execution_time,1779127446.373407,0.000070998
experiment_name,fc68cf26-efaf-4dc9-9936-14f337f700ad,function_execution_time,1779127446.474718,0.000071555
experiment_name,fc68cf26-efaf-4dc9-9936-14f337f700ad,function_execution_time,1779127446.5761087,0.000081952
experiment_name,fc68cf26-efaf-4dc9-9936-14f337f700ad,function_execution_time,1779127446.6773565,0.000069636
experiment_name,fc68cf26-efaf-4dc9-9936-14f337f700ad,function_execution_time,1779127446.7786765,0.000072333
experiment_name,fc68cf26-efaf-4dc9-9936-14f337f700ad,function_execution_time,1779127446.8800974,0.000082594
experiment_name,fc68cf26-efaf-4dc9-9936-14f337f700ad,function_execution_time,1779127446.9813473,0.000073043
experiment_name,fc68cf26-efaf-4dc9-9936-14f337f700ad,function_execution_time,1779127447.0826879,0.00007444
experiment_name,fc68cf26-efaf-4dc9-9936-14f337f700ad,function_execution_time,1779127447.1840796,0.000147966
experiment_name,fc68cf26-efaf-4dc9-9936-14f337f700ad,function_execution_time,1779127447.2843983,0.000087145
experiment_name,fc68cf26-efaf-4dc9-9936-14f337f700ad,function_execution_time,1779127447.3856988,0.000069625
experiment_name,fc68cf26-efaf-4dc9-9936-14f337f700ad,function_execution_time,1779127447.4870033,0.000071193
experiment_name,fc68cf26-efaf-4dc9-9936-14f337f700ad,function_execution_time,1779127447.5883281,0.000078497
experiment_name,fc68cf26-efaf-4dc9-9936-14f337f700ad,function_execution_time,1779127447.6898215,0.000071849
experiment_name,fc68cf26-efaf-4dc9-9936-14f337f700ad,function_execution_time,1779127447.7911475,0.000073631
experiment_name,fc68cf26-efaf-4dc9-9936-14f337f700ad,function_execution_time,1779127447.8924644,0.000087045
experiment_name,fc68cf26-efaf-4dc9-9936-14f337f700ad,function_execution_time,1779127447.993857,0.000084465
experiment_name,fc68cf26-efaf-4dc9-9936-14f337f700ad,function_execution_time,1779127448.0951178,0.000072891
experiment_name,fc68cf26-efaf-4dc9-9936-14f337f700ad,function_execution_time,1779127448.1955147,0.000154245
experiment_name,fc68cf26-efaf-4dc9-9936-14f337f700ad,function_execution_time,1779127448.2968168,0.000079047
experiment_name,fc68cf26-efaf-4dc9-9936-14f337f700ad,function_execution_time,1779127448.3981147,0.000070891
experiment_name,fc68cf26-efaf-4dc9-9936-14f337f700ad,function_execution_time,1779127448.498559,0.000070211
experiment_name,fc68cf26-efaf-4dc9-9936-14f337f700ad,function_execution_time,1779127448.5998735,0.000070286
experiment_name,fc68cf26-efaf-4dc9-9936-14f337f700ad,function_execution_time,1779127448.70119,0.000080767
experiment_name,fc68cf26-efaf-4dc9-9936-14f337f700ad,function_execution_time,1779127448.8025362,0.000070853
experiment_name,fc68cf26-efaf-4dc9-9936-14f337f700ad,function_execution_time,1779127448.9038603,0.000070445
experiment_name,fc68cf26-efaf-4dc9-9936-14f337f700ad,function_execution_time,1779127449.0051389,0.000083045
experiment_name,fc68cf26-efaf-4dc9-9936-14f337f700ad,function_execution_time,1779127449.106464,0.000085091
experiment_name,fc68cf26-efaf-4dc9-9936-14f337f700ad,function_execution_time,1779127449.2078402,0.000171694
experiment_name,fc68cf26-efaf-4dc9-9936-14f337f700ad,function_execution_time,1779127449.3091755,0.000085448
experiment_name,fc68cf26-efaf-4dc9-9936-14f337f700ad,function_execution_time,1779127449.409482,0.000087576
experiment_name,fc68cf26-efaf-4dc9-9936-14f337f700ad,function_execution_time,1779127449.5108085,0.00007778
experiment_name,fc68cf26-efaf-4dc9-9936-14f337f700ad,function_execution_time,1779127449.6120267,0.000077573
experiment_name,a896566d-338c-42b8-b529-9da99031bbc8,function_execution_time,1779127444.6550498,0.000064909
experiment_name,a896566d-338c-42b8-b529-9da99031bbc8,function_execution_time,1779127444.756302,0.000058955
experiment_name,a896566d-338c-42b8-b529-9da99031bbc8,function_execution_time,1779127444.8576043,0.000059764
experiment_name,a896566d-338c-42b8-b529-9da99031bbc8,function_execution_time,1779127444.9589715,0.000057506
experiment_name,a896566d-338c-42b8-b529-9da99031bbc8,function_execution_time,1779127445.06028,0.000071977
experiment_name,a896566d-338c-42b8-b529-9da99031bbc8,function_execution_time,1779127445.1606221,0.000060363
experiment_name,a896566d-338c-42b8-b529-9da99031bbc8,function_execution_time,1779127445.2619982,0.000057292
experiment_name,a896566d-338c-42b8-b529-9da99031bbc8,function_execution_time,1779127445.363237,0.000056238
experiment_name,a896566d-338c-42b8-b529-9da99031bbc8,function_execution_time,1779127445.4646094,0.000063298
experiment_name,a896566d-338c-42b8-b529-9da99031bbc8,function_execution_time,1779127445.5658512,0.000063621
experiment_name,a896566d-338c-42b8-b529-9da99031bbc8,function_execution_time,1779127445.667288,0.000066198
experiment_name,a896566d-338c-42b8-b529-9da99031bbc8,function_execution_time,1779127445.767526,0.00007026
experiment_name,a896566d-338c-42b8-b529-9da99031bbc8,function_execution_time,1779127445.868903,0.000059055
experiment_name,a896566d-338c-42b8-b529-9da99031bbc8,function_execution_time,1779127445.9701562,0.000064046
experiment_name,a896566d-338c-42b8-b529-9da99031bbc8,function_execution_time,1779127446.0705414,0.000059818
experiment_name,a896566d-338c-42b8-b529-9da99031bbc8,function_execution_time,1779127446.1719007,0.000056263
experiment_name,a896566d-338c-42b8-b529-9da99031bbc8,function_execution_time,1779127446.2732358,0.000057055
experiment_name,a896566d-338c-42b8-b529-9da99031bbc8,function_execution_time,1779127446.3735824,0.000063884
experiment_name,a896566d-338c-42b8-b529-9da99031bbc8,function_execution_time,1779127446.4748566,0.000057514
experiment_name,a896566d-338c-42b8-b529-9da99031bbc8,function_execution_time,1779127446.576201,0.000056727
experiment_name,a896566d-338c-42b8-b529-9da99031bbc8,function_execution_time,1779127446.6775174,0.00005578
experiment_name,a896566d-338c-42b8-b529-9da99031bbc8,function_execution_time,1779127446.7787526,0.000058201
experiment_name,a896566d-338c-42b8-b529-9da99031bbc8,function_execution_time,1779127446.8801959,0.000067984
experiment_name,a896566d-338c-42b8-b529-9da99031bbc8,function_execution_time,1779127446.9815207,0.000057893
experiment_name,a896566d-338c-42b8-b529-9da99031bbc8,function_execution_time,1779127447.0828464,0.00005862
experiment_name,a896566d-338c-42b8-b529-9da99031bbc8,function_execution_time,1779127447.1841433,0.000058884
experiment_name,a896566d-338c-42b8-b529-9da99031bbc8,function_execution_time,1779127447.2845685,0.000068044
experiment_name,a896566d-338c-42b8-b529-9da99031bbc8,function_execution_time,1779127447.385838,0.000056475
experiment_name,a896566d-338c-42b8-b529-9da99031bbc8,function_execution_time,1779127447.4871666,0.000059963
experiment_name,a896566d-338c-42b8-b529-9da99031bbc8,function_execution_time,1779127447.5884912,0.000067356
experiment_name,a896566d-338c-42b8-b529-9da99031bbc8,function_execution_time,1779127447.689992,0.000066199
experiment_name,a896566d-338c-42b8-b529-9da99031bbc8,function_execution_time,1779127447.791285,0.000057373
experiment_name,a896566d-338c-42b8-b529-9da99031bbc8,function_execution_time,1779127447.8926358,0.000057687
experiment_name,a896566d-338c-42b8-b529-9da99031bbc8,function_execution_time,1779127447.9939578,0.000058172
experiment_name,a896566d-338c-42b8-b529-9da99031bbc8,function_execution_time,1779127448.095288,0.000057955
experiment_name,a896566d-338c-42b8-b529-9da99031bbc8,function_execution_time,1779127448.1955752,0.000063506
experiment_name,a896566d-338c-42b8-b529-9da99031bbc8,function_execution_time,1779127448.296983,0.000055054
experiment_name,a896566d-338c-42b8-b529-9da99031bbc8,function_execution_time,1779127448.3982825,0.0000596
experiment_name,a896566d-338c-42b8-b529-9da99031bbc8,function_execution_time,1779127448.4987304,0.000059911
experiment_name,a896566d-338c-42b8-b529-9da99031bbc8,function_execution_time,1779127448.6000485,0.000062711
experiment_name,a896566d-338c-42b8-b529-9da99031bbc8,function_execution_time,1779127448.701356,0.000055738
experiment_name,a896566d-338c-42b8-b529-9da99031bbc8,function_execution_time,1779127448.8026729,0.000055979
experiment_name,a896566d-338c-42b8-b529-9da99031bbc8,function_execution_time,1779127448.904022,0.000057716
experiment_name,a896566d-338c-42b8-b529-9da99031bbc8,function_execution_time,1779127449.005231,0.000058249
experiment_name,a896566d-338c-42b8-b529-9da99031bbc8,function_execution_time,1779127449.1066408,0.000065501
experiment_name,a896566d-338c-42b8-b529-9da99031bbc8,function_execution_time,1779127449.2079077,0.000065183
experiment_name,a896566d-338c-42b8-b529-9da99031bbc8,function_execution_time,1779127449.3092892,0.000074201
experiment_name,a896566d-338c-42b8-b529-9da99031bbc8,function_execution_time,1779127449.409585,0.000059611
experiment_name,a896566d-338c-42b8-b529-9da99031bbc8,function_execution_time,1779127449.5108807,0.000067828
experiment_name,a896566d-338c-42b8-b529-9da99031bbc8,function_execution_time,1779127449.6121151,0.000061524
experiment_name,fc68cf26-efaf-4dc9-9936-14f337f700ad,function_transfer_time,1779127444.6548033,0.000074284
experiment_name,fc68cf26-efaf-4dc9-9936-14f337f700ad,function_transfer_time,1779127444.7560565,0.000023424
experiment_name,fc68cf26-efaf-4dc9-9936-14f337f700ad,function_transfer_time,1779127444.8573854,0.000084084
experiment_name,fc68cf26-efaf-4dc9-9936-14f337f700ad,function_transfer_time,1779127444.9587314,0.000077866
experiment_name,fc68cf26-efaf-4dc9-9936-14f337f700ad,function_transfer_time,1779127445.060038,0.000081294
experiment_name,fc68cf26-efaf-4dc9-9936-14f337f700ad,function_transfer_time,1779127445.160393,0.000088477
experiment_name,fc68cf26-efaf-4dc9-9936-14f337f700ad,function_transfer_time,1779127445.2617579,0.000083735
experiment_name,fc68cf26-efaf-4dc9-9936-14f337f700ad,function_transfer_time,1779127445.3630745,0.00008261
experiment_name,fc68cf26-efaf-4dc9-9936-14f337f700ad,function_transfer_time,1779127445.4643884,0.000076665
experiment_name,fc68cf26-efaf-4dc9-9936-14f337f700ad,function_transfer_time,1779127445.565681,0.000035945
experiment_name,fc68cf26-efaf-4dc9-9936-14f337f700ad,function_transfer_time,1779127445.667026,0.000089022
experiment_name,fc68cf26-efaf-4dc9-9936-14f337f700ad,function_transfer_time,1779127445.7673428,0.000081852
experiment_name,fc68cf26-efaf-4dc9-9936-14f337f700ad,function_transfer_time,1779127445.8686695,0.000080344
experiment_name,fc68cf26-efaf-4dc9-9936-14f337f700ad,function_transfer_time,1779127445.9699855,0.000080051
experiment_name,fc68cf26-efaf-4dc9-9936-14f337f700ad,function_transfer_time,1779127446.0703068,0.000079791
experiment_name,fc68cf26-efaf-4dc9-9936-14f337f700ad,function_transfer_time,1779127446.1716435,0.000078209
experiment_name,fc68cf26-efaf-4dc9-9936-14f337f700ad,function_transfer_time,1779127446.2730005,0.000079252
experiment_name,fc68cf26-efaf-4dc9-9936-14f337f700ad,function_transfer_time,1779127446.3733344,0.000075187
experiment_name,fc68cf26-efaf-4dc9-9936-14f337f700ad,function_transfer_time,1779127446.47463,0.000081753
experiment_name,fc68cf26-efaf-4dc9-9936-14f337f700ad,function_transfer_time,1779127446.575965,0.000079276
experiment_name,fc68cf26-efaf-4dc9-9936-14f337f700ad,function_transfer_time,1779127446.6772711,0.000078013
experiment_name,fc68cf26-efaf-4dc9-9936-14f337f700ad,function_transfer_time,1779127446.778598,0.000078705
experiment_name,fc68cf26-efaf-4dc9-9936-14f337f700ad,function_transfer_time,1779127446.879945,0.000086231
experiment_name,fc68cf26-efaf-4dc9-9936-14f337f700ad,function_transfer_time,1779127446.9812636,0.000086781
experiment_name,fc68cf26-efaf-4dc9-9936-14f337f700ad,function_transfer_time,1779127447.0826075,0.00008577
experiment_name,fc68cf26-efaf-4dc9-9936-14f337f700ad,function_transfer_time,1779127447.1839254,0.000085933
experiment_name,fc68cf26-efaf-4dc9-9936-14f337f700ad,function_transfer_time,1779127447.284312,0.000085837
experiment_name,fc68cf26-efaf-4dc9-9936-14f337f700ad,function_transfer_time,1779127447.385614,0.000082997
experiment_name,fc68cf26-efaf-4dc9-9936-14f337f700ad,function_transfer_time,1779127447.4869273,0.000075526
experiment_name,fc68cf26-efaf-4dc9-9936-14f337f700ad,function_transfer_time,1779127447.5883248,0.00007415
experiment_name,fc68cf26-efaf-4dc9-9936-14f337f700ad,function_transfer_time,1779127447.6897352,0.000085753
experiment_name,fc68cf26-efaf-4dc9-9936-14f337f700ad,function_transfer_time,1779127447.791071,0.000077355
experiment_name,fc68cf26-efaf-4dc9-9936-14f337f700ad,function_transfer_time,1779127447.8923786,0.00007672
experiment_name,fc68cf26-efaf-4dc9-9936-14f337f700ad,function_transfer_time,1779127447.993704,0.000078684
experiment_name,fc68cf26-efaf-4dc9-9936-14f337f700ad,function_transfer_time,1779127448.0950387,0.000080704
experiment_name,fc68cf26-efaf-4dc9-9936-14f337f700ad,function_transfer_time,1779127448.1953518,0.000081827
experiment_name,fc68cf26-efaf-4dc9-9936-14f337f700ad,function_transfer_time,1779127448.296738,0.000081932
experiment_name,fc68cf26-efaf-4dc9-9936-14f337f700ad,function_transfer_time,1779127448.3981123,0.000084797
experiment_name,fc68cf26-efaf-4dc9-9936-14f337f700ad,function_transfer_time,1779127448.498477,0.000018012
experiment_name,fc68cf26-efaf-4dc9-9936-14f337f700ad,function_transfer_time,1779127448.5997965,0.000085902
experiment_name,fc68cf26-efaf-4dc9-9936-14f337f700ad,function_transfer_time,1779127448.701112,0.000079707
experiment_name,fc68cf26-efaf-4dc9-9936-14f337f700ad,function_transfer_time,1779127448.8024602,0.000080962
experiment_name,fc68cf26-efaf-4dc9-9936-14f337f700ad,function_transfer_time,1779127448.9037755,0.000085716
experiment_name,fc68cf26-efaf-4dc9-9936-14f337f700ad,function_transfer_time,1779127449.0050552,0.00002215
experiment_name,fc68cf26-efaf-4dc9-9936-14f337f700ad,function_transfer_time,1779127449.106376,0.000086408
experiment_name,fc68cf26-efaf-4dc9-9936-14f337f700ad,function_transfer_time,1779127449.2076652,0.000027133
experiment_name,fc68cf26-efaf-4dc9-9936-14f337f700ad,function_transfer_time,1779127449.3090382,0.00002753
experiment_name,fc68cf26-efaf-4dc9-9936-14f337f700ad,function_transfer_time,1779127449.4093387,0.000084218
experiment_name,fc68cf26-efaf-4dc9-9936-14f337f700ad,function_transfer_time,1779127449.510676,0.000086514
experiment_name,fc68cf26-efaf-4dc9-9936-14f337f700ad,function_transfer_time,1779127449.6119514,0.000078605
experiment_name,a896566d-338c-42b8-b529-9da99031bbc8,function_transfer_time,1779127444.6549845,0.000123838
experiment_name,a896566d-338c-42b8-b529-9da99031bbc8,function_transfer_time,1779127444.7562373,0.000125271
experiment_name,a896566d-338c-42b8-b529-9da99031bbc8,function_transfer_time,1779127444.8575404,0.000104314
experiment_name,a896566d-338c-42b8-b529-9da99031bbc8,function_transfer_time,1779127444.9589074,0.000117712
experiment_name,a896566d-338c-42b8-b529-9da99031bbc8,function_transfer_time,1779127445.0602083,0.000113512
experiment_name,a896566d-338c-42b8-b529-9da99031bbc8,function_transfer_time,1779127445.1605616,0.000036834
experiment_name,a896566d-338c-42b8-b529-9da99031bbc8,function_transfer_time,1779127445.2619343,0.000125745
experiment_name,a896566d-338c-42b8-b529-9da99031bbc8,function_transfer_time,1779127445.3631802,0.000052078
experiment_name,a896566d-338c-42b8-b529-9da99031bbc8,function_transfer_time,1779127445.464543,0.000089722
experiment_name,a896566d-338c-42b8-b529-9da99031bbc8,function_transfer_time,1779127445.5657885,0.000039455
experiment_name,a896566d-338c-42b8-b529-9da99031bbc8,function_transfer_time,1779127445.667221,0.000130459
experiment_name,a896566d-338c-42b8-b529-9da99031bbc8,function_transfer_time,1779127445.7674987,0.000058156
experiment_name,a896566d-338c-42b8-b529-9da99031bbc8,function_transfer_time,1779127445.8688352,0.000113309
experiment_name,a896566d-338c-42b8-b529-9da99031bbc8,function_transfer_time,1779127445.9700842,0.000049588
experiment_name,a896566d-338c-42b8-b529-9da99031bbc8,function_transfer_time,1779127446.0704741,0.000115301
experiment_name,a896566d-338c-42b8-b529-9da99031bbc8,function_transfer_time,1779127446.1718385,0.000086232
experiment_name,a896566d-338c-42b8-b529-9da99031bbc8,function_transfer_time,1779127446.2731757,0.000116798
experiment_name,a896566d-338c-42b8-b529-9da99031bbc8,function_transfer_time,1779127446.3735132,0.000124959
experiment_name,a896566d-338c-42b8-b529-9da99031bbc8,function_transfer_time,1779127446.4747975,0.000112893
experiment_name,a896566d-338c-42b8-b529-9da99031bbc8,function_transfer_time,1779127446.57614,0.000116883
experiment_name,a896566d-338c-42b8-b529-9da99031bbc8,function_transfer_time,1779127446.6774614,0.000134927
experiment_name,a896566d-338c-42b8-b529-9da99031bbc8,function_transfer_time,1779127446.77875,0.00004521
experiment_name,a896566d-338c-42b8-b529-9da99031bbc8,function_transfer_time,1779127446.8801203,0.000122701
experiment_name,a896566d-338c-42b8-b529-9da99031bbc8,function_transfer_time,1779127446.981463,0.000142379
experiment_name,a896566d-338c-42b8-b529-9da99031bbc8,function_transfer_time,1779127447.082787,0.000123457
experiment_name,a896566d-338c-42b8-b529-9da99031bbc8,function_transfer_time,1779127447.1840825,0.000039304
experiment_name,a896566d-338c-42b8-b529-9da99031bbc8,function_transfer_time,1779127447.2845,0.000119695
experiment_name,a896566d-338c-42b8-b529-9da99031bbc8,function_transfer_time,1779127447.3857808,0.000113369
experiment_name,a896566d-338c-42b8-b529-9da99031bbc8,function_transfer_time,1779127447.4871066,0.000125675
experiment_name,a896566d-338c-42b8-b529-9da99031bbc8,function_transfer_time,1779127447.5884233,0.000116565
experiment_name,a896566d-338c-42b8-b529-9da99031bbc8,function_transfer_time,1779127447.689925,0.000133327
experiment_name,a896566d-338c-42b8-b529-9da99031bbc8,function_transfer_time,1779127447.7912228,0.000101567
experiment_name,a896566d-338c-42b8-b529-9da99031bbc8,function_transfer_time,1779127447.8925781,0.00014405
experiment_name,a896566d-338c-42b8-b529-9da99031bbc8,function_transfer_time,1779127447.9938903,0.000125579
experiment_name,a896566d-338c-42b8-b529-9da99031bbc8,function_transfer_time,1779127448.09523,0.000135435
experiment_name,a896566d-338c-42b8-b529-9da99031bbc8,function_transfer_time,1779127448.1955118,0.000034873
experiment_name,a896566d-338c-42b8-b529-9da99031bbc8,function_transfer_time,1779127448.2969275,0.000135897
experiment_name,a896566d-338c-42b8-b529-9da99031bbc8,function_transfer_time,1779127448.398224,0.000125688
experiment_name,a896566d-338c-42b8-b529-9da99031bbc8,function_transfer_time,1779127448.4986703,0.000136214
experiment_name,a896566d-338c-42b8-b529-9da99031bbc8,function_transfer_time,1779127448.5999863,0.00013532
experiment_name,a896566d-338c-42b8-b529-9da99031bbc8,function_transfer_time,1779127448.7013,0.000127181
experiment_name,a896566d-338c-42b8-b529-9da99031bbc8,function_transfer_time,1779127448.8026173,0.000103967
experiment_name,a896566d-338c-42b8-b529-9da99031bbc8,function_transfer_time,1779127448.9039636,0.000133353
experiment_name,a896566d-338c-42b8-b529-9da99031bbc8,function_transfer_time,1779127449.005168,0.000058311
experiment_name,a896566d-338c-42b8-b529-9da99031bbc8,function_transfer_time,1779127449.1065755,0.000145159
experiment_name,a896566d-338c-42b8-b529-9da99031bbc8,function_transfer_time,1779127449.2078433,0.000037867
experiment_name,a896566d-338c-42b8-b529-9da99031bbc8,function_transfer_time,1779127449.3092096,0.000114829
experiment_name,a896566d-338c-42b8-b529-9da99031bbc8,function_transfer_time,1779127449.409515,0.000114502
experiment_name,a896566d-338c-42b8-b529-9da99031bbc8,function_transfer_time,1779127449.5108116,0.000083112
experiment_name,a896566d-338c-42b8-b529-9da99031bbc8,function_transfer_time,1779127449.6121027,0.000047367
experiment_name,a896566d-338c-42b8-b529-9da99031bbc8,function_execution_time,1779127449.713247,0.000057826
experiment_name,a896566d-338c-42b8-b529-9da99031bbc8,function_execution_time,1779127449.813582,0.000057956
experiment_name,a896566d-338c-42b8-b529-9da99031bbc8,function_execution_time,1779127449.9148107,0.000058263
experiment_name,a896566d-338c-42b8-b529-9da99031bbc8,function_execution_time,1779127450.016323,0.000065476
experiment_name,a896566d-338c-42b8-b529-9da99031bbc8,function_execution_time,1779127450.117618,0.000055475
experiment_name,a896566d-338c-42b8-b529-9da99031bbc8,function_execution_time,1779127450.2189238,0.000063205
experiment_name,a896566d-338c-42b8-b529-9da99031bbc8,function_execution_time,1779127450.3202853,0.00005962
experiment_name,a896566d-338c-42b8-b529-9da99031bbc8,function_execution_time,1779127450.4206338,0.00006379
experiment_name,a896566d-338c-42b8-b529-9da99031bbc8,function_execution_time,1779127450.521869,0.000056832
experiment_name,a896566d-338c-42b8-b529-9da99031bbc8,function_execution_time,1779127450.6231952,0.000056692
experiment_name,a896566d-338c-42b8-b529-9da99031bbc8,function_execution_time,1779127450.7235096,0.000055606
experiment_name,a896566d-338c-42b8-b529-9da99031bbc8,function_execution_time,1779127450.8247766,0.000073918
experiment_name,a896566d-338c-42b8-b529-9da99031bbc8,function_execution_time,1779127450.9261675,0.000080658
experiment_name,a896566d-338c-42b8-b529-9da99031bbc8,function_execution_time,1779127451.0272593,0.000044604
experiment_name,a896566d-338c-42b8-b529-9da99031bbc8,function_execution_time,1779127451.1286428,0.000061449
experiment_name,a896566d-338c-42b8-b529-9da99031bbc8,function_execution_time,1779127451.2300258,0.00005998
experiment_name,a896566d-338c-42b8-b529-9da99031bbc8,function_execution_time,1779127451.3312662,0.000098273
experiment_name,a896566d-338c-42b8-b529-9da99031bbc8,function_execution_time,1779127451.4325058,0.000033584
experiment_name,a896566d-338c-42b8-b529-9da99031bbc8,function_execution_time,1779127451.533896,0.000060736
experiment_name,a896566d-338c-42b8-b529-9da99031bbc8,function_execution_time,1779127451.6351368,0.000057906
experiment_name,a896566d-338c-42b8-b529-9da99031bbc8,function_execution_time,1779127451.7364774,0.000083289
experiment_name,a896566d-338c-42b8-b529-9da99031bbc8,function_execution_time,1779127451.8377337,0.000064815
experiment_name,a896566d-338c-42b8-b529-9da99031bbc8,function_execution_time,1779127451.939101,0.000061469
experiment_name,a896566d-338c-42b8-b529-9da99031bbc8,function_execution_time,1779127452.0395725,0.000057601
experiment_name,a896566d-338c-42b8-b529-9da99031bbc8,function_execution_time,1779127452.140909,0.000057731
experiment_name,a896566d-338c-42b8-b529-9da99031bbc8,function_execution_time,1779127452.2422116,0.00006554
experiment_name,a896566d-338c-42b8-b529-9da99031bbc8,function_execution_time,1779127452.3425438,0.000054376
experiment_name,a896566d-338c-42b8-b529-9da99031bbc8,function_execution_time,1779127452.4439006,0.000055714
experiment_name,a896566d-338c-42b8-b529-9da99031bbc8,function_execution_time,1779127452.5451958,0.000055546
experiment_name,a896566d-338c-42b8-b529-9da99031bbc8,function_execution_time,1779127452.6455722,0.000068042
experiment_name,a896566d-338c-42b8-b529-9da99031bbc8,function_execution_time,1779127452.74677,0.000056471
experiment_name,a896566d-338c-42b8-b529-9da99031bbc8,function_execution_time,1779127452.848188,0.000059895
experiment_name,a896566d-338c-42b8-b529-9da99031bbc8,function_execution_time,1779127452.9493887,0.000055842
experiment_name,a896566d-338c-42b8-b529-9da99031bbc8,function_execution_time,1779127453.0508008,0.000055179
experiment_name,a896566d-338c-42b8-b529-9da99031bbc8,function_execution_time,1779127453.1520872,0.000065066
experiment_name,a896566d-338c-42b8-b529-9da99031bbc8,function_execution_time,1779127453.2533703,0.000058269
experiment_name,a896566d-338c-42b8-b529-9da99031bbc8,function_execution_time,1779127453.3547332,0.000057114
experiment_name,a896566d-338c-42b8-b529-9da99031bbc8,function_execution_time,1779127453.4560552,0.000061172
experiment_name,a896566d-338c-42b8-b529-9da99031bbc8,function_execution_time,1779127453.5572786,0.000076812
experiment_name,a896566d-338c-42b8-b529-9da99031bbc8,function_execution_time,1779127453.6586974,0.000061207
experiment_name,a896566d-338c-42b8-b529-9da99031bbc8,function_execution_time,1779127453.7600002,0.000059498
experiment_name,a896566d-338c-42b8-b529-9da99031bbc8,function_execution_time,1779127453.8613691,0.000061617
experiment_name,a896566d-338c-42b8-b529-9da99031bbc8,function_execution_time,1779127453.962641,0.000074266
experiment_name,a896566d-338c-42b8-b529-9da99031bbc8,function_execution_time,1779127454.0640442,0.000061662
experiment_name,a896566d-338c-42b8-b529-9da99031bbc8,function_execution_time,1779127454.1652987,0.000058142
experiment_name,a896566d-338c-42b8-b529-9da99031bbc8,function_execution_time,1779127454.2666728,0.000055767
experiment_name,a896566d-338c-42b8-b529-9da99031bbc8,function_execution_time,1779127454.3680046,0.000056121
experiment_name,a896566d-338c-42b8-b529-9da99031bbc8,function_execution_time,1779127454.469394,0.000062817
experiment_name,a896566d-338c-42b8-b529-9da99031bbc8,function_execution_time,1779127454.5706303,0.000058594
experiment_name,fc68cf26-efaf-4dc9-9936-14f337f700ad,function_execution_time,1779127449.7131078,0.000084862
experiment_name,fc68cf26-efaf-4dc9-9936-14f337f700ad,function_execution_time,1779127449.81342,0.000075148
experiment_name,fc68cf26-efaf-4dc9-9936-14f337f700ad,function_execution_time,1779127449.9146867,0.000078209
experiment_name,fc68cf26-efaf-4dc9-9936-14f337f700ad,function_execution_time,1779127450.016147,0.000074585
experiment_name,fc68cf26-efaf-4dc9-9936-14f337f700ad,function_execution_time,1779127450.1174603,0.000088054
experiment_name,fc68cf26-efaf-4dc9-9936-14f337f700ad,function_execution_time,1779127450.2188516,0.000172033
experiment_name,fc68cf26-efaf-4dc9-9936-14f337f700ad,function_execution_time,1779127450.3201344,0.000070745
experiment_name,fc68cf26-efaf-4dc9-9936-14f337f700ad,function_execution_time,1779127450.4205332,0.00009335
experiment_name,fc68cf26-efaf-4dc9-9936-14f337f700ad,function_execution_time,1779127450.5217981,0.000086255
experiment_name,fc68cf26-efaf-4dc9-9936-14f337f700ad,function_execution_time,1779127450.6230338,0.000074713
experiment_name,fc68cf26-efaf-4dc9-9936-14f337f700ad,function_execution_time,1779127450.7234085,0.000075107
experiment_name,fc68cf26-efaf-4dc9-9936-14f337f700ad,function_execution_time,1779127450.8245995,0.000078677
experiment_name,fc68cf26-efaf-4dc9-9936-14f337f700ad,function_execution_time,1779127450.9260435,0.00012175
experiment_name,fc68cf26-efaf-4dc9-9936-14f337f700ad,function_execution_time,1779127451.0272574,0.00006273
experiment_name,fc68cf26-efaf-4dc9-9936-14f337f700ad,function_execution_time,1779127451.1285226,0.000098806
experiment_name,fc68cf26-efaf-4dc9-9936-14f337f700ad,function_execution_time,1779127451.2299805,0.000137389
experiment_name,fc68cf26-efaf-4dc9-9936-14f337f700ad,function_execution_time,1779127451.331236,0.000062523
experiment_name,fc68cf26-efaf-4dc9-9936-14f337f700ad,function_execution_time,1779127451.4324334,0.000046352
experiment_name,fc68cf26-efaf-4dc9-9936-14f337f700ad,function_execution_time,1779127451.533733,0.000076641
experiment_name,fc68cf26-efaf-4dc9-9936-14f337f700ad,function_execution_time,1779127451.6350012,0.000066725
experiment_name,fc68cf26-efaf-4dc9-9936-14f337f700ad,function_execution_time,1779127451.736383,0.000089122
experiment_name,fc68cf26-efaf-4dc9-9936-14f337f700ad,function_execution_time,1779127451.8376443,0.000072887
experiment_name,fc68cf26-efaf-4dc9-9936-14f337f700ad,function_execution_time,1779127451.9389863,0.000086448
experiment_name,fc68cf26-efaf-4dc9-9936-14f337f700ad,function_execution_time,1779127452.0394127,0.000078692
experiment_name,fc68cf26-efaf-4dc9-9936-14f337f700ad,function_execution_time,1779127452.1407533,0.000074001
experiment_name,fc68cf26-efaf-4dc9-9936-14f337f700ad,function_execution_time,1779127452.2421448,0.000152728
experiment_name,fc68cf26-efaf-4dc9-9936-14f337f700ad,function_execution_time,1779127452.3423898,0.000078865
experiment_name,fc68cf26-efaf-4dc9-9936-14f337f700ad,function_execution_time,1779127452.443742,0.000070265
experiment_name,fc68cf26-efaf-4dc9-9936-14f337f700ad,function_execution_time,1779127452.5450604,0.000069639
experiment_name,fc68cf26-efaf-4dc9-9936-14f337f700ad,function_execution_time,1779127452.6454604,0.000083224
experiment_name,fc68cf26-efaf-4dc9-9936-14f337f700ad,function_execution_time,1779127452.7466874,0.000076274
experiment_name,fc68cf26-efaf-4dc9-9936-14f337f700ad,function_execution_time,1779127452.8480144,0.000075324
experiment_name,fc68cf26-efaf-4dc9-9936-14f337f700ad,function_execution_time,1779127452.9492776,0.000082431
experiment_name,fc68cf26-efaf-4dc9-9936-14f337f700ad,function_execution_time,1779127453.050649,0.000070428
experiment_name,fc68cf26-efaf-4dc9-9936-14f337f700ad,function_execution_time,1779127453.1519287,0.000070056
experiment_name,fc68cf26-efaf-4dc9-9936-14f337f700ad,function_execution_time,1779127453.2533066,0.000141713
experiment_name,fc68cf26-efaf-4dc9-9936-14f337f700ad,function_execution_time,1779127453.3545709,0.00008115
experiment_name,fc68cf26-efaf-4dc9-9936-14f337f700ad,function_execution_time,1779127453.455903,0.000076319
experiment_name,fc68cf26-efaf-4dc9-9936-14f337f700ad,function_execution_time,1779127453.5571744,0.000072563
experiment_name,fc68cf26-efaf-4dc9-9936-14f337f700ad,function_execution_time,1779127453.6586287,0.00008942
experiment_name,fc68cf26-efaf-4dc9-9936-14f337f700ad,function_execution_time,1779127453.759937,0.000082605
experiment_name,fc68cf26-efaf-4dc9-9936-14f337f700ad,function_execution_time,1779127453.8612278,0.000073193
experiment_name,fc68cf26-efaf-4dc9-9936-14f337f700ad,function_execution_time,1779127453.9625409,0.000075044
experiment_name,fc68cf26-efaf-4dc9-9936-14f337f700ad,function_execution_time,1779127454.0638795,0.000090496
experiment_name,fc68cf26-efaf-4dc9-9936-14f337f700ad,function_execution_time,1779127454.1652124,0.000073569
experiment_name,fc68cf26-efaf-4dc9-9936-14f337f700ad,function_execution_time,1779127454.2666104,0.00014208
experiment_name,fc68cf26-efaf-4dc9-9936-14f337f700ad,function_execution_time,1779127454.367939,0.000082492
experiment_name,fc68cf26-efaf-4dc9-9936-14f337f700ad,function_execution_time,1779127454.469234,0.000069214
experiment_name,fc68cf26-efaf-4dc9-9936-14f337f700ad,function_execution_time,1779127454.5706203,0.00007639
experiment_name,fc68cf26-efaf-4dc9-9936-14f337f700ad,function_transfer_time,1779127449.713021,0.000077043
experiment_name,fc68cf26-efaf-4dc9-9936-14f337f700ad,function_transfer_time,1779127449.813344,0.000082265
experiment_name,fc68cf26-efaf-4dc9-9936-14f337f700ad,function_transfer_time,1779127449.9146028,0.000022697
experiment_name,fc68cf26-efaf-4dc9-9936-14f337f700ad,function_transfer_time,1779127450.0160675,0.000081833
experiment_name,fc68cf26-efaf-4dc9-9936-14f337f700ad,function_transfer_time,1779127450.117372,0.000079625
experiment_name,fc68cf26-efaf-4dc9-9936-14f337f700ad,function_transfer_time,1779127450.2186773,0.000022736
experiment_name,fc68cf26-efaf-4dc9-9936-14f337f700ad,function_transfer_time,1779127450.320055,0.000074562
experiment_name,fc68cf26-efaf-4dc9-9936-14f337f700ad,function_transfer_time,1779127450.42038,0.000077879
experiment_name,fc68cf26-efaf-4dc9-9936-14f337f700ad,function_transfer_time,1779127450.5216646,0.000080895
experiment_name,fc68cf26-efaf-4dc9-9936-14f337f700ad,function_transfer_time,1779127450.6229599,0.000078016
experiment_name,fc68cf26-efaf-4dc9-9936-14f337f700ad,function_transfer_time,1779127450.7232804,0.000075251
experiment_name,fc68cf26-efaf-4dc9-9936-14f337f700ad,function_transfer_time,1779127450.8245165,0.000027411
experiment_name,fc68cf26-efaf-4dc9-9936-14f337f700ad,function_transfer_time,1779127450.9258742,0.000090195
experiment_name,fc68cf26-efaf-4dc9-9936-14f337f700ad,function_transfer_time,1779127451.0271347,0.000019212
experiment_name,fc68cf26-efaf-4dc9-9936-14f337f700ad,function_transfer_time,1779127451.1284223,0.000075586
experiment_name,fc68cf26-efaf-4dc9-9936-14f337f700ad,function_transfer_time,1779127451.2298427,0.000014107
experiment_name,fc68cf26-efaf-4dc9-9936-14f337f700ad,function_transfer_time,1779127451.331112,0.000015096
experiment_name,fc68cf26-efaf-4dc9-9936-14f337f700ad,function_transfer_time,1779127451.4323444,0.000016203
experiment_name,fc68cf26-efaf-4dc9-9936-14f337f700ad,function_transfer_time,1779127451.5336556,0.000075873
experiment_name,fc68cf26-efaf-4dc9-9936-14f337f700ad,function_transfer_time,1779127451.6349182,0.000017489
experiment_name,fc68cf26-efaf-4dc9-9936-14f337f700ad,function_transfer_time,1779127451.7362368,0.000081251
experiment_name,fc68cf26-efaf-4dc9-9936-14f337f700ad,function_transfer_time,1779127451.8375525,0.000089492
experiment_name,fc68cf26-efaf-4dc9-9936-14f337f700ad,function_transfer_time,1779127451.9388983,0.000079205
experiment_name,fc68cf26-efaf-4dc9-9936-14f337f700ad,function_transfer_time,1779127452.0393348,0.000074783
experiment_name,fc68cf26-efaf-4dc9-9936-14f337f700ad,function_transfer_time,1779127452.140672,0.000076958
experiment_name,fc68cf26-efaf-4dc9-9936-14f337f700ad,function_transfer_time,1779127452.2419875,0.000082579
experiment_name,fc68cf26-efaf-4dc9-9936-14f337f700ad,function_transfer_time,1779127452.342305,0.000022475
experiment_name,fc68cf26-efaf-4dc9-9936-14f337f700ad,function_transfer_time,1779127452.4436553,0.000082698
experiment_name,fc68cf26-efaf-4dc9-9936-14f337f700ad,function_transfer_time,1779127452.5449815,0.000080686
experiment_name,fc68cf26-efaf-4dc9-9936-14f337f700ad,function_transfer_time,1779127452.6453147,0.000079221
experiment_name,fc68cf26-efaf-4dc9-9936-14f337f700ad,function_transfer_time,1779127452.7466104,0.000076213
experiment_name,fc68cf26-efaf-4dc9-9936-14f337f700ad,function_transfer_time,1779127452.8479376,0.000078047
experiment_name,fc68cf26-efaf-4dc9-9936-14f337f700ad,function_transfer_time,1779127452.9491942,0.000023118
experiment_name,fc68cf26-efaf-4dc9-9936-14f337f700ad,function_transfer_time,1779127453.0505724,0.000025115
experiment_name,fc68cf26-efaf-4dc9-9936-14f337f700ad,function_transfer_time,1779127453.1518452,0.000022562
experiment_name,fc68cf26-efaf-4dc9-9936-14f337f700ad,function_transfer_time,1779127453.2531612,0.00008132
experiment_name,fc68cf26-efaf-4dc9-9936-14f337f700ad,function_transfer_time,1779127453.3544888,0.000024304
experiment_name,fc68cf26-efaf-4dc9-9936-14f337f700ad,function_transfer_time,1779127453.4558227,0.000099102
experiment_name,fc68cf26-efaf-4dc9-9936-14f337f700ad,function_transfer_time,1779127453.5570948,0.000025471
experiment_name,fc68cf26-efaf-4dc9-9936-14f337f700ad,function_transfer_time,1779127453.6584654,0.000101952
experiment_name,fc68cf26-efaf-4dc9-9936-14f337f700ad,function_transfer_time,1779127453.759793,0.000081303
experiment_name,fc68cf26-efaf-4dc9-9936-14f337f700ad,function_transfer_time,1779127453.8611393,0.000095445
experiment_name,fc68cf26-efaf-4dc9-9936-14f337f700ad,function_transfer_time,1779127453.9624617,0.000084812
experiment_name,fc68cf26-efaf-4dc9-9936-14f337f700ad,function_transfer_time,1779127454.0637915,0.000081061
experiment_name,fc68cf26-efaf-4dc9-9936-14f337f700ad,function_transfer_time,1779127454.1651282,0.000085372
experiment_name,fc68cf26-efaf-4dc9-9936-14f337f700ad,function_transfer_time,1779127454.266463,0.000084199
experiment_name,fc68cf26-efaf-4dc9-9936-14f337f700ad,function_transfer_time,1779127454.3678486,0.000085429
experiment_name,fc68cf26-efaf-4dc9-9936-14f337f700ad,function_transfer_time,1779127454.4691532,0.000076307
experiment_name,fc68cf26-efaf-4dc9-9936-14f337f700ad,function_transfer_time,1779127454.5704904,0.000078341
experiment_name,a896566d-338c-42b8-b529-9da99031bbc8,function_transfer_time,1779127449.7131886,0.000104867
experiment_name,a896566d-338c-42b8-b529-9da99031bbc8,function_transfer_time,1779127449.8135233,0.000124057
experiment_name,a896566d-338c-42b8-b529-9da99031bbc8,function_transfer_time,1779127449.9147434,0.000092543
experiment_name,a896566d-338c-42b8-b529-9da99031bbc8,function_transfer_time,1779127450.0162573,0.000134009
experiment_name,a896566d-338c-42b8-b529-9da99031bbc8,function_transfer_time,1779127450.1175623,0.000134855
experiment_name,a896566d-338c-42b8-b529-9da99031bbc8,function_transfer_time,1779127450.2188542,0.000036857
experiment_name,a896566d-338c-42b8-b529-9da99031bbc8,function_transfer_time,1779127450.3202252,0.000117199
experiment_name,a896566d-338c-42b8-b529-9da99031bbc8,function_transfer_time,1779127450.420566,0.000134314
experiment_name,a896566d-338c-42b8-b529-9da99031bbc8,function_transfer_time,1779127450.5218024,0.000093493
experiment_name,a896566d-338c-42b8-b529-9da99031bbc8,function_transfer_time,1779127450.6231391,0.000123
experiment_name,a896566d-338c-42b8-b529-9da99031bbc8,function_transfer_time,1779127450.7234473,0.000105927
experiment_name,a896566d-338c-42b8-b529-9da99031bbc8,function_transfer_time,1779127450.8247023,0.000124607
experiment_name,a896566d-338c-42b8-b529-9da99031bbc8,function_transfer_time,1779127450.9260747,0.000115858
experiment_name,a896566d-338c-42b8-b529-9da99031bbc8,function_transfer_time,1779127451.0272539,0.000023673
experiment_name,a896566d-338c-42b8-b529-9da99031bbc8,function_transfer_time,1779127451.1285787,0.000086315
experiment_name,a896566d-338c-42b8-b529-9da99031bbc8,function_transfer_time,1779127451.2299619,0.00002482
experiment_name,a896566d-338c-42b8-b529-9da99031bbc8,function_transfer_time,1779127451.3312304,0.000022013
experiment_name,a896566d-338c-42b8-b529-9da99031bbc8,function_transfer_time,1779127451.4324365,0.000069599
experiment_name,a896566d-338c-42b8-b529-9da99031bbc8,function_transfer_time,1779127451.5338342,0.000123707
experiment_name,a896566d-338c-42b8-b529-9da99031bbc8,function_transfer_time,1779127451.6350782,0.000112526
experiment_name,a896566d-338c-42b8-b529-9da99031bbc8,function_transfer_time,1779127451.736386,0.000093213
experiment_name,a896566d-338c-42b8-b529-9da99031bbc8,function_transfer_time,1779127451.837719,0.000061339
experiment_name,a896566d-338c-42b8-b529-9da99031bbc8,function_transfer_time,1779127451.9390364,0.000084085
experiment_name,a896566d-338c-42b8-b529-9da99031bbc8,function_transfer_time,1779127452.0395148,0.000121302
experiment_name,a896566d-338c-42b8-b529-9da99031bbc8,function_transfer_time,1779127452.1408503,0.000123205
experiment_name,a896566d-338c-42b8-b529-9da99031bbc8,function_transfer_time,1779127452.2421472,0.00003463
experiment_name,a896566d-338c-42b8-b529-9da99031bbc8,function_transfer_time,1779127452.342488,0.00012215
experiment_name,a896566d-338c-42b8-b529-9da99031bbc8,function_transfer_time,1779127452.4438446,0.000135785
experiment_name,a896566d-338c-42b8-b529-9da99031bbc8,function_transfer_time,1779127452.5451388,0.000104229
experiment_name,a896566d-338c-42b8-b529-9da99031bbc8,function_transfer_time,1779127452.6455019,0.00012642
experiment_name,a896566d-338c-42b8-b529-9da99031bbc8,function_transfer_time,1779127452.7467666,0.000044353
experiment_name,a896566d-338c-42b8-b529-9da99031bbc8,function_transfer_time,1779127452.8481274,0.00013399
experiment_name,a896566d-338c-42b8-b529-9da99031bbc8,function_transfer_time,1779127452.9493232,0.000079011
experiment_name,a896566d-338c-42b8-b529-9da99031bbc8,function_transfer_time,1779127453.050745,0.00011993
experiment_name,a896566d-338c-42b8-b529-9da99031bbc8,function_transfer_time,1779127453.1520214,0.000121595
experiment_name,a896566d-338c-42b8-b529-9da99031bbc8,function_transfer_time,1779127453.2533088,0.000037862
experiment_name,a896566d-338c-42b8-b529-9da99031bbc8,function_transfer_time,1779127453.3546765,0.00012254
experiment_name,a896566d-338c-42b8-b529-9da99031bbc8,function_transfer_time,1779127453.4559932,0.000112819
experiment_name,a896566d-338c-42b8-b529-9da99031bbc8,function_transfer_time,1779127453.5572526,0.00005248
experiment_name,a896566d-338c-42b8-b529-9da99031bbc8,function_transfer_time,1779127453.6586318,0.000111591
experiment_name,a896566d-338c-42b8-b529-9da99031bbc8,function_transfer_time,1779127453.7599404,0.00009021
experiment_name,a896566d-338c-42b8-b529-9da99031bbc8,function_transfer_time,1779127453.8613205,0.000111641
experiment_name,a896566d-338c-42b8-b529-9da99031bbc8,function_transfer_time,1779127453.9626188,0.000048858
experiment_name,a896566d-338c-42b8-b529-9da99031bbc8,function_transfer_time,1779127454.0639815,0.000119034
experiment_name,a896566d-338c-42b8-b529-9da99031bbc8,function_transfer_time,1779127454.16524,0.000056016
experiment_name,a896566d-338c-42b8-b529-9da99031bbc8,function_transfer_time,1779127454.2666128,0.000037268
experiment_name,a896566d-338c-42b8-b529-9da99031bbc8,function_transfer_time,1779127454.3679411,0.000048921
experiment_name,a896566d-338c-42b8-b529-9da99031bbc8,function_transfer_time,1779127454.46933,0.00012324
experiment_name,a896566d-338c-42b8-b529-9da99031bbc8,function_transfer_time,1779127454.5706165,0.000029639
experiment_name,a896566d-338c-42b8-b529-9da99031bbc8,function_execution_time,1779127454.6722481,0.000064332
experiment_name,a896566d-338c-42b8-b529-9da99031bbc8,function_execution_time,1779127454.7725575,0.000055844
experiment_name,a896566d-338c-42b8-b529-9da99031bbc8,function_execution_time,1779127454.8738558,0.000064426
experiment_name,a896566d-338c-42b8-b529-9da99031bbc8,function_execution_time,1779127454.9751608,0.000056644
experiment_name,a896566d-338c-42b8-b529-9da99031bbc8,function_execution_time,1779127455.0765147,0.000057098
experiment_name,a896566d-338c-42b8-b529-9da99031bbc8,function_execution_time,1779127455.1779976,0.000059089
experiment_name,a896566d-338c-42b8-b529-9da99031bbc8,function_execution_time,1779127455.2793596,0.000072612
experiment_name,a896566d-338c-42b8-b529-9da99031bbc8,function_execution_time,1779127455.380716,0.00005712
experiment_name,a896566d-338c-42b8-b529-9da99031bbc8,function_execution_time,1779127455.4821699,0.000056644
experiment_name,a896566d-338c-42b8-b529-9da99031bbc8,function_execution_time,1779127455.583519,0.0000564
experiment_name,a896566d-338c-42b8-b529-9da99031bbc8,function_execution_time,1779127455.6847968,0.000092856
experiment_name,a896566d-338c-42b8-b529-9da99031bbc8,function_execution_time,1779127455.7861412,0.000069337
experiment_name,a896566d-338c-42b8-b529-9da99031bbc8,function_execution_time,1779127455.8874857,0.000073965
experiment_name,a896566d-338c-42b8-b529-9da99031bbc8,function_execution_time,1779127455.9887722,0.000059174
experiment_name,a896566d-338c-42b8-b529-9da99031bbc8,function_execution_time,1779127456.090101,0.000063757
experiment_name,a896566d-338c-42b8-b529-9da99031bbc8,function_execution_time,1779127456.1914072,0.0000678
experiment_name,a896566d-338c-42b8-b529-9da99031bbc8,function_execution_time,1779127456.292873,0.000059175
experiment_name,a896566d-338c-42b8-b529-9da99031bbc8,function_execution_time,1779127456.3942494,0.000056856
experiment_name,a896566d-338c-42b8-b529-9da99031bbc8,function_execution_time,1779127456.4946032,0.000059082
experiment_name,a896566d-338c-42b8-b529-9da99031bbc8,function_execution_time,1779127456.5959225,0.000066577
experiment_name,a896566d-338c-42b8-b529-9da99031bbc8,function_execution_time,1779127456.6971107,0.000056759
experiment_name,a896566d-338c-42b8-b529-9da99031bbc8,function_execution_time,1779127456.7983906,0.000056915
experiment_name,a896566d-338c-42b8-b529-9da99031bbc8,function_execution_time,1779127456.899777,0.000056295
experiment_name,a896566d-338c-42b8-b529-9da99031bbc8,function_execution_time,1779127457.0010874,0.000055968
experiment_name,a896566d-338c-42b8-b529-9da99031bbc8,function_execution_time,1779127457.1024022,0.000064309
experiment_name,a896566d-338c-42b8-b529-9da99031bbc8,function_execution_time,1779127457.2037408,0.000056061
experiment_name,a896566d-338c-42b8-b529-9da99031bbc8,function_execution_time,1779127457.3050454,0.0000564
experiment_name,a896566d-338c-42b8-b529-9da99031bbc8,function_execution_time,1779127457.406446,0.00005629
experiment_name,a896566d-338c-42b8-b529-9da99031bbc8,function_execution_time,1779127457.507755,0.00006289
experiment_name,a896566d-338c-42b8-b529-9da99031bbc8,function_execution_time,1779127457.6092012,0.000057427
experiment_name,a896566d-338c-42b8-b529-9da99031bbc8,function_execution_time,1779127457.7095442,0.000056948
experiment_name,a896566d-338c-42b8-b529-9da99031bbc8,function_execution_time,1779127457.8108695,0.000059219
experiment_name,a896566d-338c-42b8-b529-9da99031bbc8,function_execution_time,1779127457.9121819,0.000063264
experiment_name,a896566d-338c-42b8-b529-9da99031bbc8,function_execution_time,1779127458.013443,0.000057392
experiment_name,a896566d-338c-42b8-b529-9da99031bbc8,function_execution_time,1779127458.1147249,0.000055984
experiment_name,a896566d-338c-42b8-b529-9da99031bbc8,function_execution_time,1779127458.2160518,0.000056441
experiment_name,a896566d-338c-42b8-b529-9da99031bbc8,function_execution_time,1779127458.317322,0.000055346
experiment_name,a896566d-338c-42b8-b529-9da99031bbc8,function_execution_time,1779127458.4187076,0.00006246
experiment_name,a896566d-338c-42b8-b529-9da99031bbc8,function_execution_time,1779127458.520015,0.000063931
experiment_name,a896566d-338c-42b8-b529-9da99031bbc8,function_execution_time,1779127458.6213143,0.000058098
experiment_name,a896566d-338c-42b8-b529-9da99031bbc8,function_execution_time,1779127458.7226787,0.000056245
experiment_name,a896566d-338c-42b8-b529-9da99031bbc8,function_execution_time,1779127458.8239837,0.000063581
experiment_name,a896566d-338c-42b8-b529-9da99031bbc8,function_execution_time,1779127458.9253285,0.000057976
experiment_name,a896566d-338c-42b8-b529-9da99031bbc8,function_execution_time,1779127459.0266354,0.000061416
experiment_name,a896566d-338c-42b8-b529-9da99031bbc8,function_execution_time,1779127459.1279557,0.000056966
experiment_name,a896566d-338c-42b8-b529-9da99031bbc8,function_execution_time,1779127459.2293243,0.000056979
experiment_name,a896566d-338c-42b8-b529-9da99031bbc8,function_execution_time,1779127459.3306148,0.000079376
experiment_name,a896566d-338c-42b8-b529-9da99031bbc8,function_execution_time,1779127459.4319963,0.000065518
experiment_name,a896566d-338c-42b8-b529-9da99031bbc8,function_execution_time,1779127459.5332096,0.000063621
experiment_name,fc68cf26-efaf-4dc9-9936-14f337f700ad,function_execution_time,1779127454.6721456,0.000086082
experiment_name,fc68cf26-efaf-4dc9-9936-14f337f700ad,function_execution_time,1779127454.772391,0.000080048
experiment_name,fc68cf26-efaf-4dc9-9936-14f337f700ad,function_execution_time,1779127454.8736904,0.00007743
experiment_name,fc68cf26-efaf-4dc9-9936-14f337f700ad,function_execution_time,1779127454.9750006,0.000072356
experiment_name,fc68cf26-efaf-4dc9-9936-14f337f700ad,function_execution_time,1779127455.0763478,0.000074728
experiment_name,fc68cf26-efaf-4dc9-9936-14f337f700ad,function_execution_time,1779127455.1779048,0.000084861
experiment_name,fc68cf26-efaf-4dc9-9936-14f337f700ad,function_execution_time,1779127455.2792807,0.000171301
experiment_name,fc68cf26-efaf-4dc9-9936-14f337f700ad,function_execution_time,1779127455.38062,0.000077624
experiment_name,fc68cf26-efaf-4dc9-9936-14f337f700ad,function_execution_time,1779127455.4820874,0.000085008
experiment_name,fc68cf26-efaf-4dc9-9936-14f337f700ad,function_execution_time,1779127455.5833483,0.000073275
experiment_name,fc68cf26-efaf-4dc9-9936-14f337f700ad,function_execution_time,1779127455.684705,0.000105529
experiment_name,fc68cf26-efaf-4dc9-9936-14f337f700ad,function_execution_time,1779127455.786089,0.000084872
experiment_name,fc68cf26-efaf-4dc9-9936-14f337f700ad,function_execution_time,1779127455.887366,0.000085879
experiment_name,fc68cf26-efaf-4dc9-9936-14f337f700ad,function_execution_time,1779127455.988626,0.000074012
experiment_name,fc68cf26-efaf-4dc9-9936-14f337f700ad,function_execution_time,1779127456.0899086,0.000076938
experiment_name,fc68cf26-efaf-4dc9-9936-14f337f700ad,function_execution_time,1779127456.1913085,0.000087107
experiment_name,fc68cf26-efaf-4dc9-9936-14f337f700ad,function_execution_time,1779127456.2928138,0.000139656
experiment_name,fc68cf26-efaf-4dc9-9936-14f337f700ad,function_execution_time,1779127456.3941119,0.000069604
experiment_name,fc68cf26-efaf-4dc9-9936-14f337f700ad,function_execution_time,1779127456.4945009,0.000090536
experiment_name,fc68cf26-efaf-4dc9-9936-14f337f700ad,function_execution_time,1779127456.5958192,0.000086251
experiment_name,fc68cf26-efaf-4dc9-9936-14f337f700ad,function_execution_time,1779127456.6970546,0.000067892
experiment_name,fc68cf26-efaf-4dc9-9936-14f337f700ad,function_execution_time,1779127456.79831,0.000071626
experiment_name,fc68cf26-efaf-4dc9-9936-14f337f700ad,function_execution_time,1779127456.8996806,0.000082148
experiment_name,fc68cf26-efaf-4dc9-9936-14f337f700ad,function_execution_time,1779127457.0009518,0.000069976
experiment_name,fc68cf26-efaf-4dc9-9936-14f337f700ad,function_execution_time,1779127457.1022544,0.000071144
experiment_name,fc68cf26-efaf-4dc9-9936-14f337f700ad,function_execution_time,1779127457.2035847,0.000070999
experiment_name,fc68cf26-efaf-4dc9-9936-14f337f700ad,function_execution_time,1779127457.304992,0.000150013
experiment_name,fc68cf26-efaf-4dc9-9936-14f337f700ad,function_execution_time,1779127457.406278,0.0000709
experiment_name,fc68cf26-efaf-4dc9-9936-14f337f700ad,function_execution_time,1779127457.5076087,0.000072043
experiment_name,fc68cf26-efaf-4dc9-9936-14f337f700ad,function_execution_time,1779127457.6091285,0.000083226
experiment_name,fc68cf26-efaf-4dc9-9936-14f337f700ad,function_execution_time,1779127457.709399,0.000071721
experiment_name,fc68cf26-efaf-4dc9-9936-14f337f700ad,function_execution_time,1779127457.8107095,0.000068273
experiment_name,fc68cf26-efaf-4dc9-9936-14f337f700ad,function_execution_time,1779127457.9120817,0.000084115
experiment_name,fc68cf26-efaf-4dc9-9936-14f337f700ad,function_execution_time,1779127458.01334,0.000079229
experiment_name,fc68cf26-efaf-4dc9-9936-14f337f700ad,function_execution_time,1779127458.1145787,0.000069254
experiment_name,fc68cf26-efaf-4dc9-9936-14f337f700ad,function_execution_time,1779127458.2159605,0.00007543
experiment_name,fc68cf26-efaf-4dc9-9936-14f337f700ad,function_execution_time,1779127458.317269,0.000150825
experiment_name,fc68cf26-efaf-4dc9-9936-14f337f700ad,function_execution_time,1779127458.4186122,0.000078628
experiment_name,fc68cf26-efaf-4dc9-9936-14f337f700ad,function_execution_time,1779127458.5198607,0.000071803
experiment_name,fc68cf26-efaf-4dc9-9936-14f337f700ad,function_execution_time,1779127458.621167,0.000080154
experiment_name,fc68cf26-efaf-4dc9-9936-14f337f700ad,function_execution_time,1779127458.7225208,0.000073099
experiment_name,fc68cf26-efaf-4dc9-9936-14f337f700ad,function_execution_time,1779127458.8238206,0.00006871
experiment_name,fc68cf26-efaf-4dc9-9936-14f337f700ad,function_execution_time,1779127458.9251645,0.000071039
experiment_name,fc68cf26-efaf-4dc9-9936-14f337f700ad,function_execution_time,1779127459.0265198,0.000108514
experiment_name,fc68cf26-efaf-4dc9-9936-14f337f700ad,function_execution_time,1779127459.1278183,0.000071647
experiment_name,fc68cf26-efaf-4dc9-9936-14f337f700ad,function_execution_time,1779127459.2291608,0.00007106
experiment_name,fc68cf26-efaf-4dc9-9936-14f337f700ad,function_execution_time,1779127459.3305452,0.000128263
experiment_name,fc68cf26-efaf-4dc9-9936-14f337f700ad,function_execution_time,1779127459.4318402,0.000081159
experiment_name,fc68cf26-efaf-4dc9-9936-14f337f700ad,function_execution_time,1779127459.5331256,0.000096387
experiment_name,a896566d-338c-42b8-b529-9da99031bbc8,function_transfer_time,1779127454.672178,0.000126807
experiment_name,a896566d-338c-42b8-b529-9da99031bbc8,function_transfer_time,1779127454.772502,0.000127926
experiment_name,a896566d-338c-42b8-b529-9da99031bbc8,function_transfer_time,1779127454.8737905,0.000120541
experiment_name,a896566d-338c-42b8-b529-9da99031bbc8,function_transfer_time,1779127454.975104,0.000124737
experiment_name,a896566d-338c-42b8-b529-9da99031bbc8,function_transfer_time,1779127455.0764585,0.000129419
experiment_name,a896566d-338c-42b8-b529-9da99031bbc8,function_transfer_time,1779127455.177929,0.000114141
experiment_name,a896566d-338c-42b8-b529-9da99031bbc8,function_transfer_time,1779127455.2792833,0.000038011
experiment_name,a896566d-338c-42b8-b529-9da99031bbc8,function_transfer_time,1779127455.380652,0.000113694
experiment_name,a896566d-338c-42b8-b529-9da99031bbc8,function_transfer_time,1779127455.4821098,0.000102577
experiment_name,a896566d-338c-42b8-b529-9da99031bbc8,function_transfer_time,1779127455.5834625,0.000136306
experiment_name,a896566d-338c-42b8-b529-9da99031bbc8,function_transfer_time,1779127455.6847024,0.000035725
experiment_name,a896566d-338c-42b8-b529-9da99031bbc8,function_transfer_time,1779127455.7860923,0.000089117
experiment_name,a896566d-338c-42b8-b529-9da99031bbc8,function_transfer_time,1779127455.8874042,0.000125565
experiment_name,a896566d-338c-42b8-b529-9da99031bbc8,function_transfer_time,1779127455.9887128,0.000113934
experiment_name,a896566d-338c-42b8-b529-9da99031bbc8,function_transfer_time,1779127456.090035,0.000143563
experiment_name,a896566d-338c-42b8-b529-9da99031bbc8,function_transfer_time,1779127456.1913311,0.000121943
experiment_name,a896566d-338c-42b8-b529-9da99031bbc8,function_transfer_time,1779127456.2928185,0.000032883
experiment_name,a896566d-338c-42b8-b529-9da99031bbc8,function_transfer_time,1779127456.3941922,0.000125151
experiment_name,a896566d-338c-42b8-b529-9da99031bbc8,function_transfer_time,1779127456.494534,0.000114798
experiment_name,a896566d-338c-42b8-b529-9da99031bbc8,function_transfer_time,1779127456.595849,0.000124473
experiment_name,a896566d-338c-42b8-b529-9da99031bbc8,function_transfer_time,1779127456.6970575,0.000086874
experiment_name,a896566d-338c-42b8-b529-9da99031bbc8,function_transfer_time,1779127456.7983327,0.000050149
experiment_name,a896566d-338c-42b8-b529-9da99031bbc8,function_transfer_time,1779127456.8997138,0.00012612
experiment_name,a896566d-338c-42b8-b529-9da99031bbc8,function_transfer_time,1779127457.0010314,0.000105023
experiment_name,a896566d-338c-42b8-b529-9da99031bbc8,function_transfer_time,1779127457.1023371,0.000104709
experiment_name,a896566d-338c-42b8-b529-9da99031bbc8,function_transfer_time,1779127457.2036843,0.000126011
experiment_name,a896566d-338c-42b8-b529-9da99031bbc8,function_transfer_time,1779127457.3049886,0.000034482
experiment_name,a896566d-338c-42b8-b529-9da99031bbc8,function_transfer_time,1779127457.406377,0.00012538
experiment_name,a896566d-338c-42b8-b529-9da99031bbc8,function_transfer_time,1779127457.5076926,0.000105995
experiment_name,a896566d-338c-42b8-b529-9da99031bbc8,function_transfer_time,1779127457.6091344,0.000097317
experiment_name,a896566d-338c-42b8-b529-9da99031bbc8,function_transfer_time,1779127457.7094862,0.000113095
experiment_name,a896566d-338c-42b8-b529-9da99031bbc8,function_transfer_time,1779127457.8108099,0.000124608
experiment_name,a896566d-338c-42b8-b529-9da99031bbc8,function_transfer_time,1779127457.9121149,0.000114778
experiment_name,a896566d-338c-42b8-b529-9da99031bbc8,function_transfer_time,1779127458.013368,0.000110674
experiment_name,a896566d-338c-42b8-b529-9da99031bbc8,function_transfer_time,1779127458.1146688,0.000115146
experiment_name,a896566d-338c-42b8-b529-9da99031bbc8,function_transfer_time,1779127458.2159894,0.000105624
experiment_name,a896566d-338c-42b8-b529-9da99031bbc8,function_transfer_time,1779127458.3172665,0.000033358
experiment_name,a896566d-338c-42b8-b529-9da99031bbc8,function_transfer_time,1779127458.4186418,0.000112082
experiment_name,a896566d-338c-42b8-b529-9da99031bbc8,function_transfer_time,1779127458.51995,0.000112267
experiment_name,a896566d-338c-42b8-b529-9da99031bbc8,function_transfer_time,1779127458.6212676,0.000115626
experiment_name,a896566d-338c-42b8-b529-9da99031bbc8,function_transfer_time,1779127458.722622,0.000122396
experiment_name,a896566d-338c-42b8-b529-9da99031bbc8,function_transfer_time,1779127458.8239198,0.00012703
experiment_name,a896566d-338c-42b8-b529-9da99031bbc8,function_transfer_time,1779127458.9252698,0.00013373
experiment_name,a896566d-338c-42b8-b529-9da99031bbc8,function_transfer_time,1779127459.0265694,0.000086877
experiment_name,a896566d-338c-42b8-b529-9da99031bbc8,function_transfer_time,1779127459.1278992,0.000105708
experiment_name,a896566d-338c-42b8-b529-9da99031bbc8,function_transfer_time,1779127459.2292676,0.000135061
experiment_name,a896566d-338c-42b8-b529-9da99031bbc8,function_transfer_time,1779127459.3305314,0.000035882
experiment_name,a896566d-338c-42b8-b529-9da99031bbc8,function_transfer_time,1779127459.43193,0.000112033
experiment_name,a896566d-338c-42b8-b529-9da99031bbc8,function_transfer_time,1779127459.5331385,0.000052457
experiment_name,fc68cf26-efaf-4dc9-9936-14f337f700ad,function_transfer_time,1779127454.6719937,0.00008442
experiment_name,fc68cf26-efaf-4dc9-9936-14f337f700ad,function_transfer_time,1779127454.7723126,0.000079903
experiment_name,fc68cf26-efaf-4dc9-9936-14f337f700ad,function_transfer_time,1779127454.8736117,0.000084474
experiment_name,fc68cf26-efaf-4dc9-9936-14f337f700ad,function_transfer_time,1779127454.974925,0.000077545
experiment_name,fc68cf26-efaf-4dc9-9936-14f337f700ad,function_transfer_time,1779127455.0763438,0.000079
experiment_name,fc68cf26-efaf-4dc9-9936-14f337f700ad,function_transfer_time,1779127455.1777537,0.000084685
experiment_name,fc68cf26-efaf-4dc9-9936-14f337f700ad,function_transfer_time,1779127455.2791011,0.000085911
experiment_name,fc68cf26-efaf-4dc9-9936-14f337f700ad,function_transfer_time,1779127455.380486,0.000078582
experiment_name,fc68cf26-efaf-4dc9-9936-14f337f700ad,function_transfer_time,1779127455.4819558,0.000076882
experiment_name,fc68cf26-efaf-4dc9-9936-14f337f700ad,function_transfer_time,1779127455.583271,0.000077578
experiment_name,fc68cf26-efaf-4dc9-9936-14f337f700ad,function_transfer_time,1779127455.684596,0.000086901
experiment_name,fc68cf26-efaf-4dc9-9936-14f337f700ad,function_transfer_time,1779127455.7859268,0.000078453
experiment_name,fc68cf26-efaf-4dc9-9936-14f337f700ad,function_transfer_time,1779127455.8872173,0.000081389
experiment_name,fc68cf26-efaf-4dc9-9936-14f337f700ad,function_transfer_time,1779127455.9885435,0.000081085
experiment_name,fc68cf26-efaf-4dc9-9936-14f337f700ad,function_transfer_time,1779127456.0898316,0.000080063
experiment_name,fc68cf26-efaf-4dc9-9936-14f337f700ad,function_transfer_time,1779127456.1911569,0.000086159
experiment_name,fc68cf26-efaf-4dc9-9936-14f337f700ad,function_transfer_time,1779127456.2926664,0.000079486
experiment_name,fc68cf26-efaf-4dc9-9936-14f337f700ad,function_transfer_time,1779127456.3940136,0.000076878
experiment_name,fc68cf26-efaf-4dc9-9936-14f337f700ad,function_transfer_time,1779127456.4943664,0.000078928
experiment_name,fc68cf26-efaf-4dc9-9936-14f337f700ad,function_transfer_time,1779127456.5956633,0.000078476
experiment_name,fc68cf26-efaf-4dc9-9936-14f337f700ad,function_transfer_time,1779127456.69692,0.000019364
experiment_name,fc68cf26-efaf-4dc9-9936-14f337f700ad,function_transfer_time,1779127456.7982302,0.000078752
experiment_name,fc68cf26-efaf-4dc9-9936-14f337f700ad,function_transfer_time,1779127456.8995373,0.0000812
experiment_name,fc68cf26-efaf-4dc9-9936-14f337f700ad,function_transfer_time,1779127457.0008743,0.000078634
experiment_name,fc68cf26-efaf-4dc9-9936-14f337f700ad,function_transfer_time,1779127457.1021795,0.000081511
experiment_name,fc68cf26-efaf-4dc9-9936-14f337f700ad,function_transfer_time,1779127457.2035053,0.000080371
experiment_name,fc68cf26-efaf-4dc9-9936-14f337f700ad,function_transfer_time,1779127457.3048322,0.000084053
experiment_name,fc68cf26-efaf-4dc9-9936-14f337f700ad,function_transfer_time,1779127457.4061985,0.000079809
experiment_name,fc68cf26-efaf-4dc9-9936-14f337f700ad,function_transfer_time,1779127457.5075984,0.000082589
experiment_name,fc68cf26-efaf-4dc9-9936-14f337f700ad,function_transfer_time,1779127457.6089854,0.00007832
experiment_name,fc68cf26-efaf-4dc9-9936-14f337f700ad,function_transfer_time,1779127457.7093182,0.000084724
experiment_name,fc68cf26-efaf-4dc9-9936-14f337f700ad,function_transfer_time,1779127457.8106318,0.000078733
experiment_name,fc68cf26-efaf-4dc9-9936-14f337f700ad,function_transfer_time,1779127457.9119494,0.000077168
experiment_name,fc68cf26-efaf-4dc9-9936-14f337f700ad,function_transfer_time,1779127458.0132055,0.000023708
experiment_name,fc68cf26-efaf-4dc9-9936-14f337f700ad,function_transfer_time,1779127458.114499,0.00008302
experiment_name,fc68cf26-efaf-4dc9-9936-14f337f700ad,function_transfer_time,1779127458.215834,0.000081786
experiment_name,fc68cf26-efaf-4dc9-9936-14f337f700ad,function_transfer_time,1779127458.317109,0.00008239
experiment_name,fc68cf26-efaf-4dc9-9936-14f337f700ad,function_transfer_time,1779127458.4184766,0.000076983
experiment_name,fc68cf26-efaf-4dc9-9936-14f337f700ad,function_transfer_time,1779127458.5197828,0.000081948
experiment_name,fc68cf26-efaf-4dc9-9936-14f337f700ad,function_transfer_time,1779127458.6210892,0.000065654
experiment_name,fc68cf26-efaf-4dc9-9936-14f337f700ad,function_transfer_time,1779127458.7224464,0.000089685
experiment_name,fc68cf26-efaf-4dc9-9936-14f337f700ad,function_transfer_time,1779127458.8237402,0.000076332
experiment_name,fc68cf26-efaf-4dc9-9936-14f337f700ad,function_transfer_time,1779127458.9250808,0.000081005
experiment_name,fc68cf26-efaf-4dc9-9936-14f337f700ad,function_transfer_time,1779127459.0264065,0.00008588
experiment_name,fc68cf26-efaf-4dc9-9936-14f337f700ad,function_transfer_time,1779127459.1277394,0.000078016
experiment_name,fc68cf26-efaf-4dc9-9936-14f337f700ad,function_transfer_time,1779127459.229076,0.000076357
experiment_name,fc68cf26-efaf-4dc9-9936-14f337f700ad,function_transfer_time,1779127459.3304164,0.000096444
experiment_name,fc68cf26-efaf-4dc9-9936-14f337f700ad,function_transfer_time,1779127459.431761,0.000085122
experiment_name,fc68cf26-efaf-4dc9-9936-14f337f700ad,function_transfer_time,1779127459.5330205,0.000026013
experiment_name,fc68cf26-efaf-4dc9-9936-14f337f700ad,function_execution_time,1779127459.6333828,0.000108488
experiment_name,fc68cf26-efaf-4dc9-9936-14f337f700ad,function_execution_time,1779127459.7347252,0.00008885
experiment_name,fc68cf26-efaf-4dc9-9936-14f337f700ad,function_execution_time,1779127459.836152,0.000073866
experiment_name,fc68cf26-efaf-4dc9-9936-14f337f700ad,function_execution_time,1779127459.9375641,0.000092227
experiment_name,fc68cf26-efaf-4dc9-9936-14f337f700ad,function_execution_time,1779127460.038825,0.000082844
experiment_name,fc68cf26-efaf-4dc9-9936-14f337f700ad,function_execution_time,1779127460.1401613,0.000072942
experiment_name,fc68cf26-efaf-4dc9-9936-14f337f700ad,function_execution_time,1779127460.2415402,0.000087996
experiment_name,fc68cf26-efaf-4dc9-9936-14f337f700ad,function_execution_time,1779127460.3428628,0.000145451
experiment_name,fc68cf26-efaf-4dc9-9936-14f337f700ad,function_execution_time,1779127460.4442246,0.000086975
experiment_name,fc68cf26-efaf-4dc9-9936-14f337f700ad,function_execution_time,1779127460.5455377,0.000085955
experiment_name,fc68cf26-efaf-4dc9-9936-14f337f700ad,function_execution_time,1779127460.646734,0.000070868
experiment_name,fc68cf26-efaf-4dc9-9936-14f337f700ad,function_execution_time,1779127460.748042,0.000084433
experiment_name,fc68cf26-efaf-4dc9-9936-14f337f700ad,function_execution_time,1779127460.84936,0.000068818
experiment_name,fc68cf26-efaf-4dc9-9936-14f337f700ad,function_execution_time,1779127460.9506316,0.000071927
experiment_name,fc68cf26-efaf-4dc9-9936-14f337f700ad,function_execution_time,1779127461.051951,0.000080403
experiment_name,fc68cf26-efaf-4dc9-9936-14f337f700ad,function_execution_time,1779127461.1532319,0.000070647
experiment_name,fc68cf26-efaf-4dc9-9936-14f337f700ad,function_execution_time,1779127461.2545385,0.000067944
experiment_name,fc68cf26-efaf-4dc9-9936-14f337f700ad,function_execution_time,1779127461.3558867,0.000141492
experiment_name,fc68cf26-efaf-4dc9-9936-14f337f700ad,function_execution_time,1779127461.4571726,0.000078577
experiment_name,fc68cf26-efaf-4dc9-9936-14f337f700ad,function_execution_time,1779127461.5584364,0.000068042
experiment_name,fc68cf26-efaf-4dc9-9936-14f337f700ad,function_execution_time,1779127461.6597753,0.000070136
experiment_name,fc68cf26-efaf-4dc9-9936-14f337f700ad,function_execution_time,1779127461.7602842,0.000099894
experiment_name,a896566d-338c-42b8-b529-9da99031bbc8,function_execution_time,1779127459.6334405,0.000078782
experiment_name,a896566d-338c-42b8-b529-9da99031bbc8,function_execution_time,1779127459.7348282,0.000071
experiment_name,a896566d-338c-42b8-b529-9da99031bbc8,function_execution_time,1779127459.836298,0.000056366
experiment_name,a896566d-338c-42b8-b529-9da99031bbc8,function_execution_time,1779127459.9376369,0.000060736
experiment_name,a896566d-338c-42b8-b529-9da99031bbc8,function_execution_time,1779127460.038983,0.000058846
experiment_name,a896566d-338c-42b8-b529-9da99031bbc8,function_execution_time,1779127460.1403286,0.000067548
experiment_name,a896566d-338c-42b8-b529-9da99031bbc8,function_execution_time,1779127460.241635,0.000057551
experiment_name,a896566d-338c-42b8-b529-9da99031bbc8,function_execution_time,1779127460.3429158,0.000055401
experiment_name,a896566d-338c-42b8-b529-9da99031bbc8,function_execution_time,1779127460.4443145,0.000056213
experiment_name,a896566d-338c-42b8-b529-9da99031bbc8,function_execution_time,1779127460.545621,0.000055633
experiment_name,a896566d-338c-42b8-b529-9da99031bbc8,function_execution_time,1779127460.6468134,0.000060804
experiment_name,a896566d-338c-42b8-b529-9da99031bbc8,function_execution_time,1779127460.7481725,0.000056393
experiment_name,a896566d-338c-42b8-b529-9da99031bbc8,function_execution_time,1779127460.8494556,0.00005592
experiment_name,a896566d-338c-42b8-b529-9da99031bbc8,function_execution_time,1779127460.9507837,0.000056965
experiment_name,a896566d-338c-42b8-b529-9da99031bbc8,function_execution_time,1779127461.052117,0.000064621
experiment_name,a896566d-338c-42b8-b529-9da99031bbc8,function_execution_time,1779127461.1533823,0.000055021
experiment_name,a896566d-338c-42b8-b529-9da99031bbc8,function_execution_time,1779127461.2546954,0.0000544
experiment_name,a896566d-338c-42b8-b529-9da99031bbc8,function_execution_time,1779127461.355947,0.000055316
experiment_name,a896566d-338c-42b8-b529-9da99031bbc8,function_execution_time,1779127461.4572525,0.000059335
experiment_name,a896566d-338c-42b8-b529-9da99031bbc8,function_execution_time,1779127461.558601,0.000063093
experiment_name,a896566d-338c-42b8-b529-9da99031bbc8,function_execution_time,1779127461.6599329,0.000055825
experiment_name,a896566d-338c-42b8-b529-9da99031bbc8,function_execution_time,1779127461.760363,0.000072831
experiment_name,a896566d-338c-42b8-b529-9da99031bbc8,function_stop_time,1779127461.764002,0.000022143
experiment_name,fc68cf26-efaf-4dc9-9936-14f337f700ad,function_stop_time,1779127461.762075,0.000033359
experiment_name,67b92919-bb69-4de2-85bb-dff4ea41a26d,function_stop_time,1779127461.753624,0.000055154
experiment_name,a896566d-338c-42b8-b529-9da99031bbc8,function_transfer_time,1779127459.6333566,0.000021416
experiment_name,a896566d-338c-42b8-b529-9da99031bbc8,function_transfer_time,1779127459.734748,0.00011209
experiment_name,a896566d-338c-42b8-b529-9da99031bbc8,function_transfer_time,1779127459.8362412,0.000115796
experiment_name,a896566d-338c-42b8-b529-9da99031bbc8,function_transfer_time,1779127459.937567,0.000091699
experiment_name,a896566d-338c-42b8-b529-9da99031bbc8,function_transfer_time,1779127460.038924,0.000126311
experiment_name,a896566d-338c-42b8-b529-9da99031bbc8,function_transfer_time,1779127460.140261,0.0001248
experiment_name,a896566d-338c-42b8-b529-9da99031bbc8,function_transfer_time,1779127460.2415714,0.000136708
experiment_name,a896566d-338c-42b8-b529-9da99031bbc8,function_transfer_time,1779127460.3428602,0.00003285
experiment_name,a896566d-338c-42b8-b529-9da99031bbc8,function_transfer_time,1779127460.4442546,0.000108569
experiment_name,a896566d-338c-42b8-b529-9da99031bbc8,function_transfer_time,1779127460.5455604,0.000127338
experiment_name,a896566d-338c-42b8-b529-9da99031bbc8,function_transfer_time,1779127460.646751,0.000044818
experiment_name,a896566d-338c-42b8-b529-9da99031bbc8,function_transfer_time,1779127460.748112,0.000100334
experiment_name,a896566d-338c-42b8-b529-9da99031bbc8,function_transfer_time,1779127460.8493755,0.000046789
experiment_name,a896566d-338c-42b8-b529-9da99031bbc8,function_transfer_time,1779127460.9507258,0.000117939
experiment_name,a896566d-338c-42b8-b529-9da99031bbc8,function_transfer_time,1779127461.0520527,0.000125729
experiment_name,a896566d-338c-42b8-b529-9da99031bbc8,function_transfer_time,1779127461.1533275,0.000117956
experiment_name,a896566d-338c-42b8-b529-9da99031bbc8,function_transfer_time,1779127461.254641,0.000127451
experiment_name,a896566d-338c-42b8-b529-9da99031bbc8,function_transfer_time,1779127461.3558893,0.000033723
experiment_name,a896566d-338c-42b8-b529-9da99031bbc8,function_transfer_time,1779127461.4572499,0.000040984
experiment_name,a896566d-338c-42b8-b529-9da99031bbc8,function_transfer_time,1779127461.5585368,0.000126182
experiment_name,a896566d-338c-42b8-b529-9da99031bbc8,function_transfer_time,1779127461.6598773,0.000127134
experiment_name,a896566d-338c-42b8-b529-9da99031bbc8,function_transfer_time,1779127461.7602806,0.000035971
experiment_name,fc68cf26-efaf-4dc9-9936-14f337f700ad,function_transfer_time,1779127459.6332738,0.000018937
experiment_name,fc68cf26-efaf-4dc9-9936-14f337f700ad,function_transfer_time,1779127459.7345717,0.00007988
experiment_name,fc68cf26-efaf-4dc9-9936-14f337f700ad,function_transfer_time,1779127459.8360705,0.00007629
experiment_name,fc68cf26-efaf-4dc9-9936-14f337f700ad,function_transfer_time,1779127459.937417,0.000082091
experiment_name,fc68cf26-efaf-4dc9-9936-14f337f700ad,function_transfer_time,1779127460.0387416,0.000091427
experiment_name,fc68cf26-efaf-4dc9-9936-14f337f700ad,function_transfer_time,1779127460.1400802,0.000078407
experiment_name,fc68cf26-efaf-4dc9-9936-14f337f700ad,function_transfer_time,1779127460.2413847,0.00007583
experiment_name,fc68cf26-efaf-4dc9-9936-14f337f700ad,function_transfer_time,1779127460.3427103,0.000077466
experiment_name,fc68cf26-efaf-4dc9-9936-14f337f700ad,function_transfer_time,1779127460.444087,0.000073939
experiment_name,fc68cf26-efaf-4dc9-9936-14f337f700ad,function_transfer_time,1779127460.5453868,0.000079431
experiment_name,fc68cf26-efaf-4dc9-9936-14f337f700ad,function_transfer_time,1779127460.6466553,0.000018337
experiment_name,fc68cf26-efaf-4dc9-9936-14f337f700ad,function_transfer_time,1779127460.7479537,0.000077589
experiment_name,fc68cf26-efaf-4dc9-9936-14f337f700ad,function_transfer_time,1779127460.84928,0.000079439
experiment_name,fc68cf26-efaf-4dc9-9936-14f337f700ad,function_transfer_time,1779127460.9505534,0.000023224
experiment_name,fc68cf26-efaf-4dc9-9936-14f337f700ad,function_transfer_time,1779127461.0518718,0.000078763
experiment_name,fc68cf26-efaf-4dc9-9936-14f337f700ad,function_transfer_time,1779127461.1531558,0.000021617
experiment_name,fc68cf26-efaf-4dc9-9936-14f337f700ad,function_transfer_time,1779127461.2544613,0.000082817
experiment_name,fc68cf26-efaf-4dc9-9936-14f337f700ad,function_transfer_time,1779127461.3557396,0.000022723
experiment_name,fc68cf26-efaf-4dc9-9936-14f337f700ad,function_transfer_time,1779127461.457093,0.00008252
experiment_name,fc68cf26-efaf-4dc9-9936-14f337f700ad,function_transfer_time,1779127461.5583572,0.000022467
experiment_name,fc68cf26-efaf-4dc9-9936-14f337f700ad,function_transfer_time,1779127461.6596947,0.000075175
experiment_name,fc68cf26-efaf-4dc9-9936-14f337f700ad,function_transfer_time,1779127461.7601776,0.000021357
experiment_name,731a199f-5d52-46da-bae5-9b5c199ae7a4,function_stop_time,1779127461.763882,0.000025982
experiment_name,f71c4440-8dac-4308-821c-6646ba606a0c,function_stop_time,1779127461.7461329,0.00004776
experiment_name,1d75cb41-3731-474b-bafa-1283958efc8b,function_stop_time,1779127461.7454906,0.000050741
experiment_name,79aa2cb4-12c3-44a6-ac15-dbb3bdeabbfe,function_stop_time,1779127461.7626784,0.000042334
experiment_name,c456d646-3ac8-4f5c-9967-4e0255a62e89,function_stop_time,1779127461.7502646,0.000037408
experiment_name,82ee7af2-2560-4b22-9565-b947bef5ef38,function_stop_time,1779127461.7479122,0.000050556
experiment_name,1255e234-705e-4bf2-9759-7fff5a20b43f,function_stop_time,1779127461.766448,0.000036389
experiment_name,cd16964e-d847-4eb3-9a04-1385fcd22fbf,function_stop_time,1779127461.7517548,0.000029315
experiment_name,946547c7-ff7b-4b35-83b6-ec73520ca7b6,function_stop_time,1779127461.742594,0.000062186
experiment_name,2c466ca8-ea5e-4627-a5dc-875574f0bbbd,function_stop_time,1779127461.7658901,0.000035093
experiment_name,eac21860-4063-4452-9b00-aa70e80bc2ff,function_stop_time,1779127461.7485952,0.000036093
experiment_name,f5afbedd-b830-4d05-b85f-fb89d745f90d,function_stop_time,1779127461.7645147,0.000049352
experiment_name,88baec90-7024-40a9-9e07-2ce9a57a77a1,function_stop_time,1779127461.7553408,0.000028482
experiment_name,4edf55a0-274c-495d-89af-dbe1b1ea94a9,function_stop_time,1779127461.7621617,0.000037278
experiment_name,12f2e8c5-3772-4935-8285-15ea26c52b70,function_stop_time,1779127461.7559023,0.000034927
experiment_name,64d35cf5-bb0b-4f4d-84f6-151863106907,function_stop_time,1779127461.7645795,0.000050556
experiment_name,d65ad9cb-1c64-4435-9af4-d0282994d93d,function_stop_time,1779127461.7491107,0.000067501
experiment_name,90f616ca-db2f-4bbe-a80b-9b1100de1e79,function_stop_time,1779127461.7476943,0.000046666
experiment_name,28859834-0497-4fee-be27-212d90d7e594,function_stop_time,1779127461.7600296,0.000062519
experiment_name,ce3f2cfb-8034-41d3-910c-520ec2f13097,function_stop_time,1779127461.7505367,0.000051296
experiment_name,f5e994f0-86ba-40d0-962d-bd20d0dcb8c9,function_stop_time,1779127461.7404332,0.000074852
experiment_name,8b639d7a-13e3-4e8a-a611-8c669efd0fe1,function_stop_time,1779127461.765053,0.000060649
experiment_name,6bb39174-2394-482d-b542-cd6a922fc688,function_stop_time,1779127461.763621,0.000040149
experiment_name,1b44b701-8dab-40ab-9723-6f2d1faf0d2e,function_stop_time,1779127461.7412899,0.000056426
experiment_name,063c06d8-9538-41cb-bceb-dbe7d7234f81,function_stop_time,1779127461.746125,0.000058241
experiment_name,e97022cc-3d82-4206-94d4-4cda31d3be53,function_stop_time,1779127461.7617073,0.000051833
experiment_name,6b456c5b-b9a9-40ad-b293-906e7ea184f3,function_stop_time,1779127461.7436562,0.000048352
experiment_name,ea1c7474-a500-4995-9d79-474e0024246b,function_stop_time,1779127461.751239,0.000055019
experiment_name,ad339ac0-7cbe-4949-a9a0-b819e16cb874,function_stop_time,1779127461.7497854,0.000040778
experiment_name,d70ce920-8829-44bb-8293-ab964c4603da,function_stop_time,1779127461.7532027,0.000049427
