experiment_name,855bfdc2-2e02-47ca-82c6-73ffd9d90d4a,function_instantiate_time,1780474359.5937114,0.018367143
experiment_name,a5b2381b-b6ab-4371-ba7b-8a9497e65502,function_instantiate_time,1780474359.5924957,0.015949415
experiment_name,7e2764e4-95ae-4c17-8176-eaa44934cf35,function_instantiate_time,1780474359.592908,0.014091984
experiment_name,855bfdc2-2e02-47ca-82c6-73ffd9d90d4a,function_init_time,1780474359.5937557,0.000040863
experiment_name,a5b2381b-b6ab-4371-ba7b-8a9497e65502,function_init_time,1780474359.5925395,0.00004074
experiment_name,7e2764e4-95ae-4c17-8176-eaa44934cf35,function_init_time,1780474359.592953,0.000045796
experiment_name,a5b2381b-b6ab-4371-ba7b-8a9497e65502,function_execution_time,1780474359.593938,0.000090878
experiment_name,a5b2381b-b6ab-4371-ba7b-8a9497e65502,function_execution_time,1780474359.6952138,0.00007133
experiment_name,a5b2381b-b6ab-4371-ba7b-8a9497e65502,function_execution_time,1780474359.7965221,0.000184128
experiment_name,a5b2381b-b6ab-4371-ba7b-8a9497e65502,function_execution_time,1780474359.8979716,0.000066492
experiment_name,a5b2381b-b6ab-4371-ba7b-8a9497e65502,function_execution_time,1780474359.9993284,0.000059262
experiment_name,a5b2381b-b6ab-4371-ba7b-8a9497e65502,function_execution_time,1780474360.100667,0.000130694
experiment_name,a5b2381b-b6ab-4371-ba7b-8a9497e65502,function_execution_time,1780474360.2020288,0.000068544
experiment_name,a5b2381b-b6ab-4371-ba7b-8a9497e65502,function_execution_time,1780474360.3033803,0.000056779
experiment_name,a5b2381b-b6ab-4371-ba7b-8a9497e65502,function_execution_time,1780474360.4047015,0.000057442
experiment_name,a5b2381b-b6ab-4371-ba7b-8a9497e65502,function_execution_time,1780474360.5059762,0.000057279
experiment_name,a5b2381b-b6ab-4371-ba7b-8a9497e65502,function_execution_time,1780474360.6071982,0.000067986
experiment_name,a5b2381b-b6ab-4371-ba7b-8a9497e65502,function_execution_time,1780474360.7085881,0.000056567
experiment_name,a5b2381b-b6ab-4371-ba7b-8a9497e65502,function_execution_time,1780474360.8100028,0.000057136
experiment_name,a5b2381b-b6ab-4371-ba7b-8a9497e65502,function_execution_time,1780474360.9113111,0.000056033
experiment_name,a5b2381b-b6ab-4371-ba7b-8a9497e65502,function_execution_time,1780474361.0126617,0.000058574
experiment_name,7e2764e4-95ae-4c17-8176-eaa44934cf35,function_execution_time,1780474359.755346,0.030210179
experiment_name,7e2764e4-95ae-4c17-8176-eaa44934cf35,function_execution_time,1780474359.873437,0.00906847
experiment_name,855bfdc2-2e02-47ca-82c6-73ffd9d90d4a,function_execution_time,1780474359.5938993,0.000112698
experiment_name,855bfdc2-2e02-47ca-82c6-73ffd9d90d4a,function_execution_time,1780474359.6951025,0.000130264
experiment_name,855bfdc2-2e02-47ca-82c6-73ffd9d90d4a,function_execution_time,1780474359.7963839,0.000142678
experiment_name,855bfdc2-2e02-47ca-82c6-73ffd9d90d4a,function_execution_time,1780474359.8977914,0.000090316
experiment_name,855bfdc2-2e02-47ca-82c6-73ffd9d90d4a,function_execution_time,1780474359.9991648,0.000086953
experiment_name,855bfdc2-2e02-47ca-82c6-73ffd9d90d4a,function_execution_time,1780474360.1005867,0.000130997
experiment_name,855bfdc2-2e02-47ca-82c6-73ffd9d90d4a,function_execution_time,1780474360.2019496,0.000086802
experiment_name,855bfdc2-2e02-47ca-82c6-73ffd9d90d4a,function_execution_time,1780474360.3032916,0.000101604
experiment_name,855bfdc2-2e02-47ca-82c6-73ffd9d90d4a,function_execution_time,1780474360.4045506,0.000082715
experiment_name,855bfdc2-2e02-47ca-82c6-73ffd9d90d4a,function_execution_time,1780474360.505839,0.000073869
experiment_name,855bfdc2-2e02-47ca-82c6-73ffd9d90d4a,function_execution_time,1780474360.6071332,0.000104116
experiment_name,855bfdc2-2e02-47ca-82c6-73ffd9d90d4a,function_execution_time,1780474360.7084563,0.000085587
experiment_name,855bfdc2-2e02-47ca-82c6-73ffd9d90d4a,function_execution_time,1780474360.8099074,0.000087748
experiment_name,855bfdc2-2e02-47ca-82c6-73ffd9d90d4a,function_execution_time,1780474360.9111753,0.000084207
experiment_name,855bfdc2-2e02-47ca-82c6-73ffd9d90d4a,function_execution_time,1780474361.0125158,0.000089554
experiment_name,a5b2381b-b6ab-4371-ba7b-8a9497e65502,function_transfer_time,1780474359.5938418,0.00002479
experiment_name,a5b2381b-b6ab-4371-ba7b-8a9497e65502,function_transfer_time,1780474359.695134,0.000090116
experiment_name,a5b2381b-b6ab-4371-ba7b-8a9497e65502,function_transfer_time,1780474359.7963805,0.000032153
experiment_name,a5b2381b-b6ab-4371-ba7b-8a9497e65502,function_transfer_time,1780474359.8979046,0.00015423
experiment_name,a5b2381b-b6ab-4371-ba7b-8a9497e65502,function_transfer_time,1780474359.9992683,0.000131731
experiment_name,a5b2381b-b6ab-4371-ba7b-8a9497e65502,function_transfer_time,1780474360.1005828,0.000038678
experiment_name,a5b2381b-b6ab-4371-ba7b-8a9497e65502,function_transfer_time,1780474360.201953,0.00010595
experiment_name,a5b2381b-b6ab-4371-ba7b-8a9497e65502,function_transfer_time,1780474360.3033195,0.000109202
experiment_name,a5b2381b-b6ab-4371-ba7b-8a9497e65502,function_transfer_time,1780474360.4046438,0.000119118
experiment_name,a5b2381b-b6ab-4371-ba7b-8a9497e65502,function_transfer_time,1780474360.5059183,0.000106168
experiment_name,a5b2381b-b6ab-4371-ba7b-8a9497e65502,function_transfer_time,1780474360.6071298,0.000037513
experiment_name,a5b2381b-b6ab-4371-ba7b-8a9497e65502,function_transfer_time,1780474360.708532,0.000117096
experiment_name,a5b2381b-b6ab-4371-ba7b-8a9497e65502,function_transfer_time,1780474360.8099365,0.000116027
experiment_name,a5b2381b-b6ab-4371-ba7b-8a9497e65502,function_transfer_time,1780474360.9112546,0.000112132
experiment_name,a5b2381b-b6ab-4371-ba7b-8a9497e65502,function_transfer_time,1780474361.0126028,0.000111003
experiment_name,855bfdc2-2e02-47ca-82c6-73ffd9d90d4a,function_transfer_time,1780474359.593781,0.000034175
experiment_name,855bfdc2-2e02-47ca-82c6-73ffd9d90d4a,function_transfer_time,1780474359.6949637,0.000089759
experiment_name,855bfdc2-2e02-47ca-82c6-73ffd9d90d4a,function_transfer_time,1780474359.796229,0.000033466
experiment_name,855bfdc2-2e02-47ca-82c6-73ffd9d90d4a,function_transfer_time,1780474359.8977032,0.000023343
experiment_name,855bfdc2-2e02-47ca-82c6-73ffd9d90d4a,function_transfer_time,1780474359.9990768,0.000100166
experiment_name,855bfdc2-2e02-47ca-82c6-73ffd9d90d4a,function_transfer_time,1780474360.1004198,0.000097563
experiment_name,855bfdc2-2e02-47ca-82c6-73ffd9d90d4a,function_transfer_time,1780474360.2017987,0.000103491
experiment_name,855bfdc2-2e02-47ca-82c6-73ffd9d90d4a,function_transfer_time,1780474360.303145,0.000103307
experiment_name,855bfdc2-2e02-47ca-82c6-73ffd9d90d4a,function_transfer_time,1780474360.4044697,0.000084022
experiment_name,855bfdc2-2e02-47ca-82c6-73ffd9d90d4a,function_transfer_time,1780474360.5057614,0.000028598
experiment_name,855bfdc2-2e02-47ca-82c6-73ffd9d90d4a,function_transfer_time,1780474360.607023,0.000025592
experiment_name,855bfdc2-2e02-47ca-82c6-73ffd9d90d4a,function_transfer_time,1780474360.708439,0.000076707
experiment_name,855bfdc2-2e02-47ca-82c6-73ffd9d90d4a,function_transfer_time,1780474360.8097699,0.000028699
experiment_name,855bfdc2-2e02-47ca-82c6-73ffd9d90d4a,function_transfer_time,1780474360.9110913,0.000084037
experiment_name,855bfdc2-2e02-47ca-82c6-73ffd9d90d4a,function_transfer_time,1780474361.0124383,0.00008337
experiment_name,7e2764e4-95ae-4c17-8176-eaa44934cf35,function_transfer_time,1780474359.7251306,0.108801248
experiment_name,7e2764e4-95ae-4c17-8176-eaa44934cf35,function_transfer_time,1780474359.861587,0.005118293
experiment_name,a3dc2bd5-c033-4ae1-8a9d-4969af1a1a16,function_instantiate_time,1780474359.605502,0.027246247
experiment_name,a3dc2bd5-c033-4ae1-8a9d-4969af1a1a16,function_init_time,1780474359.6081595,0.002705945
experiment_name,a3dc2bd5-c033-4ae1-8a9d-4969af1a1a16,function_execution_time,1780474359.7263722,0.118185924
experiment_name,a3dc2bd5-c033-4ae1-8a9d-4969af1a1a16,function_execution_time,1780474359.8730662,0.002312146
experiment_name,a3dc2bd5-c033-4ae1-8a9d-4969af1a1a16,function_transfer_time,1780474359.6081686,0.00006613
experiment_name,a3dc2bd5-c033-4ae1-8a9d-4969af1a1a16,function_transfer_time,1780474359.87075,0.000732804
experiment_name,a5b2381b-b6ab-4371-ba7b-8a9497e65502,function_execution_time,1780474361.1145804,0.000086144
experiment_name,a5b2381b-b6ab-4371-ba7b-8a9497e65502,function_execution_time,1780474361.216121,0.000097212
experiment_name,a5b2381b-b6ab-4371-ba7b-8a9497e65502,function_execution_time,1780474361.3176017,0.000057461
experiment_name,a5b2381b-b6ab-4371-ba7b-8a9497e65502,function_execution_time,1780474361.4188693,0.000059021
experiment_name,a5b2381b-b6ab-4371-ba7b-8a9497e65502,function_execution_time,1780474361.5201356,0.000061414
experiment_name,a5b2381b-b6ab-4371-ba7b-8a9497e65502,function_execution_time,1780474361.6215496,0.000093077
experiment_name,a5b2381b-b6ab-4371-ba7b-8a9497e65502,function_execution_time,1780474361.7228737,0.000055099
experiment_name,a5b2381b-b6ab-4371-ba7b-8a9497e65502,function_execution_time,1780474361.8242776,0.000059603
experiment_name,a5b2381b-b6ab-4371-ba7b-8a9497e65502,function_execution_time,1780474361.9256,0.000058731
experiment_name,a5b2381b-b6ab-4371-ba7b-8a9497e65502,function_execution_time,1780474362.026954,0.000071852
experiment_name,a5b2381b-b6ab-4371-ba7b-8a9497e65502,function_execution_time,1780474362.1282635,0.000059762
experiment_name,a5b2381b-b6ab-4371-ba7b-8a9497e65502,function_execution_time,1780474362.2295358,0.000061254
experiment_name,a5b2381b-b6ab-4371-ba7b-8a9497e65502,function_execution_time,1780474362.3307784,0.000065791
experiment_name,a5b2381b-b6ab-4371-ba7b-8a9497e65502,function_execution_time,1780474362.432147,0.000087932
experiment_name,a5b2381b-b6ab-4371-ba7b-8a9497e65502,function_execution_time,1780474362.5334651,0.00008024
experiment_name,a5b2381b-b6ab-4371-ba7b-8a9497e65502,function_execution_time,1780474362.6348307,0.00005525
experiment_name,a5b2381b-b6ab-4371-ba7b-8a9497e65502,function_execution_time,1780474362.73633,0.000054835
experiment_name,a5b2381b-b6ab-4371-ba7b-8a9497e65502,function_execution_time,1780474362.837593,0.000055204
experiment_name,a5b2381b-b6ab-4371-ba7b-8a9497e65502,function_execution_time,1780474362.9389067,0.00007268
experiment_name,a5b2381b-b6ab-4371-ba7b-8a9497e65502,function_execution_time,1780474363.0403018,0.000056538
experiment_name,a5b2381b-b6ab-4371-ba7b-8a9497e65502,function_execution_time,1780474363.1408033,0.000055754
experiment_name,a5b2381b-b6ab-4371-ba7b-8a9497e65502,function_execution_time,1780474363.2421079,0.000062946
experiment_name,a5b2381b-b6ab-4371-ba7b-8a9497e65502,function_execution_time,1780474363.3434627,0.000073809
experiment_name,a5b2381b-b6ab-4371-ba7b-8a9497e65502,function_execution_time,1780474363.443759,0.000065737
experiment_name,a5b2381b-b6ab-4371-ba7b-8a9497e65502,function_execution_time,1780474363.5450103,0.000059196
experiment_name,a5b2381b-b6ab-4371-ba7b-8a9497e65502,function_execution_time,1780474363.646375,0.000080061
experiment_name,a5b2381b-b6ab-4371-ba7b-8a9497e65502,function_execution_time,1780474363.7467914,0.000061343
experiment_name,a5b2381b-b6ab-4371-ba7b-8a9497e65502,function_execution_time,1780474363.8481524,0.00005595
experiment_name,a5b2381b-b6ab-4371-ba7b-8a9497e65502,function_execution_time,1780474363.9494655,0.000073732
experiment_name,a5b2381b-b6ab-4371-ba7b-8a9497e65502,function_execution_time,1780474364.0497565,0.000071572
experiment_name,a5b2381b-b6ab-4371-ba7b-8a9497e65502,function_execution_time,1780474364.15126,0.000056465
experiment_name,a5b2381b-b6ab-4371-ba7b-8a9497e65502,function_execution_time,1780474364.2526114,0.000060093
experiment_name,a5b2381b-b6ab-4371-ba7b-8a9497e65502,function_execution_time,1780474364.3539736,0.000056614
experiment_name,a5b2381b-b6ab-4371-ba7b-8a9497e65502,function_execution_time,1780474364.4552832,0.000068846
experiment_name,a5b2381b-b6ab-4371-ba7b-8a9497e65502,function_execution_time,1780474364.5566034,0.000057025
experiment_name,a5b2381b-b6ab-4371-ba7b-8a9497e65502,function_execution_time,1780474364.6579127,0.000055409
experiment_name,a5b2381b-b6ab-4371-ba7b-8a9497e65502,function_execution_time,1780474364.7592554,0.000059322
experiment_name,a5b2381b-b6ab-4371-ba7b-8a9497e65502,function_execution_time,1780474364.8606837,0.000062474
experiment_name,a5b2381b-b6ab-4371-ba7b-8a9497e65502,function_execution_time,1780474364.9618971,0.000078072
experiment_name,a5b2381b-b6ab-4371-ba7b-8a9497e65502,function_execution_time,1780474365.0632432,0.000061157
experiment_name,a5b2381b-b6ab-4371-ba7b-8a9497e65502,function_execution_time,1780474365.1644793,0.000072807
experiment_name,a5b2381b-b6ab-4371-ba7b-8a9497e65502,function_execution_time,1780474365.2658973,0.000056894
experiment_name,a5b2381b-b6ab-4371-ba7b-8a9497e65502,function_execution_time,1780474365.3671863,0.000071326
experiment_name,a5b2381b-b6ab-4371-ba7b-8a9497e65502,function_execution_time,1780474365.4686062,0.000061286
experiment_name,a5b2381b-b6ab-4371-ba7b-8a9497e65502,function_execution_time,1780474365.569936,0.000056287
experiment_name,a5b2381b-b6ab-4371-ba7b-8a9497e65502,function_execution_time,1780474365.6712282,0.000055867
experiment_name,a5b2381b-b6ab-4371-ba7b-8a9497e65502,function_execution_time,1780474365.7726445,0.000057552
experiment_name,a5b2381b-b6ab-4371-ba7b-8a9497e65502,function_execution_time,1780474365.8740282,0.000073154
experiment_name,a5b2381b-b6ab-4371-ba7b-8a9497e65502,function_execution_time,1780474365.9753454,0.000060648
experiment_name,855bfdc2-2e02-47ca-82c6-73ffd9d90d4a,function_execution_time,1780474361.1144686,0.000096552
experiment_name,855bfdc2-2e02-47ca-82c6-73ffd9d90d4a,function_execution_time,1780474361.2159638,0.00009337
experiment_name,855bfdc2-2e02-47ca-82c6-73ffd9d90d4a,function_execution_time,1780474361.3174527,0.000098041
experiment_name,855bfdc2-2e02-47ca-82c6-73ffd9d90d4a,function_execution_time,1780474361.4187932,0.000072052
experiment_name,855bfdc2-2e02-47ca-82c6-73ffd9d90d4a,function_execution_time,1780474361.5200617,0.000069827
experiment_name,855bfdc2-2e02-47ca-82c6-73ffd9d90d4a,function_execution_time,1780474361.6215074,0.00017686
experiment_name,855bfdc2-2e02-47ca-82c6-73ffd9d90d4a,function_execution_time,1780474361.7227929,0.000076593
experiment_name,855bfdc2-2e02-47ca-82c6-73ffd9d90d4a,function_execution_time,1780474361.8241704,0.000088306
experiment_name,855bfdc2-2e02-47ca-82c6-73ffd9d90d4a,function_execution_time,1780474361.925458,0.000094085
experiment_name,855bfdc2-2e02-47ca-82c6-73ffd9d90d4a,function_execution_time,1780474362.026811,0.000101597
experiment_name,855bfdc2-2e02-47ca-82c6-73ffd9d90d4a,function_execution_time,1780474362.1281219,0.000072611
experiment_name,855bfdc2-2e02-47ca-82c6-73ffd9d90d4a,function_execution_time,1780474362.2294688,0.000106201
experiment_name,855bfdc2-2e02-47ca-82c6-73ffd9d90d4a,function_execution_time,1780474362.330774,0.000095476
experiment_name,855bfdc2-2e02-47ca-82c6-73ffd9d90d4a,function_execution_time,1780474362.4321117,0.000120777
experiment_name,855bfdc2-2e02-47ca-82c6-73ffd9d90d4a,function_execution_time,1780474362.5333598,0.000073061
experiment_name,855bfdc2-2e02-47ca-82c6-73ffd9d90d4a,function_execution_time,1780474362.6347814,0.000153275
experiment_name,855bfdc2-2e02-47ca-82c6-73ffd9d90d4a,function_execution_time,1780474362.7362401,0.000093806
experiment_name,855bfdc2-2e02-47ca-82c6-73ffd9d90d4a,function_execution_time,1780474362.8374505,0.000069006
experiment_name,855bfdc2-2e02-47ca-82c6-73ffd9d90d4a,function_execution_time,1780474362.9388077,0.000071534
experiment_name,855bfdc2-2e02-47ca-82c6-73ffd9d90d4a,function_execution_time,1780474363.0402098,0.000083907
experiment_name,855bfdc2-2e02-47ca-82c6-73ffd9d90d4a,function_execution_time,1780474363.1406455,0.000072487
experiment_name,855bfdc2-2e02-47ca-82c6-73ffd9d90d4a,function_execution_time,1780474363.2420175,0.000084763
experiment_name,855bfdc2-2e02-47ca-82c6-73ffd9d90d4a,function_execution_time,1780474363.3433,0.000080812
experiment_name,855bfdc2-2e02-47ca-82c6-73ffd9d90d4a,function_execution_time,1780474363.4436407,0.000096258
experiment_name,855bfdc2-2e02-47ca-82c6-73ffd9d90d4a,function_execution_time,1780474363.5448961,0.000096838
experiment_name,855bfdc2-2e02-47ca-82c6-73ffd9d90d4a,function_execution_time,1780474363.6463277,0.000190027
experiment_name,855bfdc2-2e02-47ca-82c6-73ffd9d90d4a,function_execution_time,1780474363.7466443,0.000070214
experiment_name,855bfdc2-2e02-47ca-82c6-73ffd9d90d4a,function_execution_time,1780474363.8479886,0.000071611
experiment_name,855bfdc2-2e02-47ca-82c6-73ffd9d90d4a,function_execution_time,1780474363.9493062,0.000072166
experiment_name,855bfdc2-2e02-47ca-82c6-73ffd9d90d4a,function_execution_time,1780474364.0495799,0.000090335
experiment_name,855bfdc2-2e02-47ca-82c6-73ffd9d90d4a,function_execution_time,1780474364.1511207,0.000081221
experiment_name,855bfdc2-2e02-47ca-82c6-73ffd9d90d4a,function_execution_time,1780474364.2524652,0.000087372
experiment_name,855bfdc2-2e02-47ca-82c6-73ffd9d90d4a,function_execution_time,1780474364.3538876,0.000094694
experiment_name,855bfdc2-2e02-47ca-82c6-73ffd9d90d4a,function_execution_time,1780474364.4551275,0.000077914
experiment_name,855bfdc2-2e02-47ca-82c6-73ffd9d90d4a,function_execution_time,1780474364.5565364,0.000096568
experiment_name,855bfdc2-2e02-47ca-82c6-73ffd9d90d4a,function_execution_time,1780474364.6578608,0.000144592
experiment_name,855bfdc2-2e02-47ca-82c6-73ffd9d90d4a,function_execution_time,1780474364.759181,0.000084569
experiment_name,855bfdc2-2e02-47ca-82c6-73ffd9d90d4a,function_execution_time,1780474364.8605447,0.000079851
experiment_name,855bfdc2-2e02-47ca-82c6-73ffd9d90d4a,function_execution_time,1780474364.9618008,0.000082054
experiment_name,855bfdc2-2e02-47ca-82c6-73ffd9d90d4a,function_execution_time,1780474365.063071,0.000084736
experiment_name,855bfdc2-2e02-47ca-82c6-73ffd9d90d4a,function_execution_time,1780474365.1643884,0.000076761
experiment_name,855bfdc2-2e02-47ca-82c6-73ffd9d90d4a,function_execution_time,1780474365.2657402,0.000077324
experiment_name,855bfdc2-2e02-47ca-82c6-73ffd9d90d4a,function_execution_time,1780474365.3670945,0.000080254
experiment_name,855bfdc2-2e02-47ca-82c6-73ffd9d90d4a,function_execution_time,1780474365.468438,0.000085712
experiment_name,855bfdc2-2e02-47ca-82c6-73ffd9d90d4a,function_execution_time,1780474365.5697768,0.000079699
experiment_name,855bfdc2-2e02-47ca-82c6-73ffd9d90d4a,function_execution_time,1780474365.671176,0.000153577
experiment_name,855bfdc2-2e02-47ca-82c6-73ffd9d90d4a,function_execution_time,1780474365.7725387,0.000121364
experiment_name,855bfdc2-2e02-47ca-82c6-73ffd9d90d4a,function_execution_time,1780474365.8738542,0.000080047
experiment_name,855bfdc2-2e02-47ca-82c6-73ffd9d90d4a,function_execution_time,1780474365.9752417,0.000087493
experiment_name,855bfdc2-2e02-47ca-82c6-73ffd9d90d4a,function_transfer_time,1780474361.1143641,0.000090625
experiment_name,855bfdc2-2e02-47ca-82c6-73ffd9d90d4a,function_transfer_time,1780474361.215828,0.000079762
experiment_name,855bfdc2-2e02-47ca-82c6-73ffd9d90d4a,function_transfer_time,1780474361.3173573,0.000080677
experiment_name,855bfdc2-2e02-47ca-82c6-73ffd9d90d4a,function_transfer_time,1780474361.418712,0.000093691
experiment_name,855bfdc2-2e02-47ca-82c6-73ffd9d90d4a,function_transfer_time,1780474361.5199795,0.000027404
experiment_name,855bfdc2-2e02-47ca-82c6-73ffd9d90d4a,function_transfer_time,1780474361.6213124,0.000079914
experiment_name,855bfdc2-2e02-47ca-82c6-73ffd9d90d4a,function_transfer_time,1780474361.7227101,0.000084042
experiment_name,855bfdc2-2e02-47ca-82c6-73ffd9d90d4a,function_transfer_time,1780474361.8240376,0.000087351
experiment_name,855bfdc2-2e02-47ca-82c6-73ffd9d90d4a,function_transfer_time,1780474361.9253645,0.000077942
experiment_name,855bfdc2-2e02-47ca-82c6-73ffd9d90d4a,function_transfer_time,1780474362.0267017,0.000088372
experiment_name,855bfdc2-2e02-47ca-82c6-73ffd9d90d4a,function_transfer_time,1780474362.1280372,0.000084238
experiment_name,855bfdc2-2e02-47ca-82c6-73ffd9d90d4a,function_transfer_time,1780474362.2293646,0.000079856
experiment_name,855bfdc2-2e02-47ca-82c6-73ffd9d90d4a,function_transfer_time,1780474362.3306282,0.000025691
experiment_name,855bfdc2-2e02-47ca-82c6-73ffd9d90d4a,function_transfer_time,1780474362.4319696,0.000100895
experiment_name,855bfdc2-2e02-47ca-82c6-73ffd9d90d4a,function_transfer_time,1780474362.5332782,0.000080971
experiment_name,855bfdc2-2e02-47ca-82c6-73ffd9d90d4a,function_transfer_time,1780474362.6346264,0.000086205
experiment_name,855bfdc2-2e02-47ca-82c6-73ffd9d90d4a,function_transfer_time,1780474362.7360892,0.000096694
experiment_name,855bfdc2-2e02-47ca-82c6-73ffd9d90d4a,function_transfer_time,1780474362.8373606,0.000021276
experiment_name,855bfdc2-2e02-47ca-82c6-73ffd9d90d4a,function_transfer_time,1780474362.938718,0.000081466
experiment_name,855bfdc2-2e02-47ca-82c6-73ffd9d90d4a,function_transfer_time,1780474363.0400765,0.000107414
experiment_name,855bfdc2-2e02-47ca-82c6-73ffd9d90d4a,function_transfer_time,1780474363.1405592,0.000076439
experiment_name,855bfdc2-2e02-47ca-82c6-73ffd9d90d4a,function_transfer_time,1780474363.2418783,0.000086078
experiment_name,855bfdc2-2e02-47ca-82c6-73ffd9d90d4a,function_transfer_time,1780474363.3432026,0.000083351
experiment_name,855bfdc2-2e02-47ca-82c6-73ffd9d90d4a,function_transfer_time,1780474363.443536,0.000078665
experiment_name,855bfdc2-2e02-47ca-82c6-73ffd9d90d4a,function_transfer_time,1780474363.5447927,0.000027008
experiment_name,855bfdc2-2e02-47ca-82c6-73ffd9d90d4a,function_transfer_time,1780474363.646133,0.000085259
experiment_name,855bfdc2-2e02-47ca-82c6-73ffd9d90d4a,function_transfer_time,1780474363.746552,0.000023134
experiment_name,855bfdc2-2e02-47ca-82c6-73ffd9d90d4a,function_transfer_time,1780474363.8479075,0.000086258
experiment_name,855bfdc2-2e02-47ca-82c6-73ffd9d90d4a,function_transfer_time,1780474363.9492238,0.000074725
experiment_name,855bfdc2-2e02-47ca-82c6-73ffd9d90d4a,function_transfer_time,1780474364.0495758,0.000026737
experiment_name,855bfdc2-2e02-47ca-82c6-73ffd9d90d4a,function_transfer_time,1780474364.1510386,0.000086073
experiment_name,855bfdc2-2e02-47ca-82c6-73ffd9d90d4a,function_transfer_time,1780474364.252375,0.000086459
experiment_name,855bfdc2-2e02-47ca-82c6-73ffd9d90d4a,function_transfer_time,1780474364.3537319,0.000076042
experiment_name,855bfdc2-2e02-47ca-82c6-73ffd9d90d4a,function_transfer_time,1780474364.4550471,0.000085601
experiment_name,855bfdc2-2e02-47ca-82c6-73ffd9d90d4a,function_transfer_time,1780474364.5563834,0.000082734
experiment_name,855bfdc2-2e02-47ca-82c6-73ffd9d90d4a,function_transfer_time,1780474364.657715,0.000087737
experiment_name,855bfdc2-2e02-47ca-82c6-73ffd9d90d4a,function_transfer_time,1780474364.7591023,0.000091901
experiment_name,855bfdc2-2e02-47ca-82c6-73ffd9d90d4a,function_transfer_time,1780474364.860463,0.000096263
experiment_name,855bfdc2-2e02-47ca-82c6-73ffd9d90d4a,function_transfer_time,1780474364.9617207,0.000025794
experiment_name,855bfdc2-2e02-47ca-82c6-73ffd9d90d4a,function_transfer_time,1780474365.0629907,0.000027838
experiment_name,855bfdc2-2e02-47ca-82c6-73ffd9d90d4a,function_transfer_time,1780474365.1643085,0.000084483
experiment_name,855bfdc2-2e02-47ca-82c6-73ffd9d90d4a,function_transfer_time,1780474365.2656615,0.000103235
experiment_name,855bfdc2-2e02-47ca-82c6-73ffd9d90d4a,function_transfer_time,1780474365.3670108,0.000084721
experiment_name,855bfdc2-2e02-47ca-82c6-73ffd9d90d4a,function_transfer_time,1780474365.4683435,0.000087751
experiment_name,855bfdc2-2e02-47ca-82c6-73ffd9d90d4a,function_transfer_time,1780474365.5697002,0.000078631
experiment_name,855bfdc2-2e02-47ca-82c6-73ffd9d90d4a,function_transfer_time,1780474365.6710207,0.000097428
experiment_name,855bfdc2-2e02-47ca-82c6-73ffd9d90d4a,function_transfer_time,1780474365.7724109,0.000084947
experiment_name,855bfdc2-2e02-47ca-82c6-73ffd9d90d4a,function_transfer_time,1780474365.8737676,0.000100429
experiment_name,855bfdc2-2e02-47ca-82c6-73ffd9d90d4a,function_transfer_time,1780474365.9751048,0.000086741
experiment_name,a5b2381b-b6ab-4371-ba7b-8a9497e65502,function_transfer_time,1780474361.1145444,0.000079559
experiment_name,a5b2381b-b6ab-4371-ba7b-8a9497e65502,function_transfer_time,1780474361.216014,0.000123206
experiment_name,a5b2381b-b6ab-4371-ba7b-8a9497e65502,function_transfer_time,1780474361.3175437,0.000126896
experiment_name,a5b2381b-b6ab-4371-ba7b-8a9497e65502,function_transfer_time,1780474361.4188666,0.000051075
experiment_name,a5b2381b-b6ab-4371-ba7b-8a9497e65502,function_transfer_time,1780474361.5201316,0.000053086
experiment_name,a5b2381b-b6ab-4371-ba7b-8a9497e65502,function_transfer_time,1780474361.6214569,0.000040617
experiment_name,a5b2381b-b6ab-4371-ba7b-8a9497e65502,function_transfer_time,1780474361.722817,0.000054873
experiment_name,a5b2381b-b6ab-4371-ba7b-8a9497e65502,function_transfer_time,1780474361.8242114,0.000120112
experiment_name,a5b2381b-b6ab-4371-ba7b-8a9497e65502,function_transfer_time,1780474361.925553,0.000122548
experiment_name,a5b2381b-b6ab-4371-ba7b-8a9497e65502,function_transfer_time,1780474362.026874,0.000109458
experiment_name,a5b2381b-b6ab-4371-ba7b-8a9497e65502,function_transfer_time,1780474362.1282113,0.00011513
experiment_name,a5b2381b-b6ab-4371-ba7b-8a9497e65502,function_transfer_time,1780474362.229467,0.000042916
experiment_name,a5b2381b-b6ab-4371-ba7b-8a9497e65502,function_transfer_time,1780474362.3307698,0.00003791
experiment_name,a5b2381b-b6ab-4371-ba7b-8a9497e65502,function_transfer_time,1780474362.432107,0.000032746
experiment_name,a5b2381b-b6ab-4371-ba7b-8a9497e65502,function_transfer_time,1780474362.533383,0.000054853
experiment_name,a5b2381b-b6ab-4371-ba7b-8a9497e65502,function_transfer_time,1780474362.6347785,0.000034668
experiment_name,a5b2381b-b6ab-4371-ba7b-8a9497e65502,function_transfer_time,1780474362.736268,0.000121996
experiment_name,a5b2381b-b6ab-4371-ba7b-8a9497e65502,function_transfer_time,1780474362.8375363,0.000125439
experiment_name,a5b2381b-b6ab-4371-ba7b-8a9497e65502,function_transfer_time,1780474362.9388342,0.000063051
experiment_name,a5b2381b-b6ab-4371-ba7b-8a9497e65502,function_transfer_time,1780474363.0402374,0.000111854
experiment_name,a5b2381b-b6ab-4371-ba7b-8a9497e65502,function_transfer_time,1780474363.1407475,0.000136327
experiment_name,a5b2381b-b6ab-4371-ba7b-8a9497e65502,function_transfer_time,1780474363.242038,0.000106828
experiment_name,a5b2381b-b6ab-4371-ba7b-8a9497e65502,function_transfer_time,1780474363.3433824,0.000118484
experiment_name,a5b2381b-b6ab-4371-ba7b-8a9497e65502,function_transfer_time,1780474363.4436862,0.000093792
experiment_name,a5b2381b-b6ab-4371-ba7b-8a9497e65502,function_transfer_time,1780474363.5449426,0.000097267
experiment_name,a5b2381b-b6ab-4371-ba7b-8a9497e65502,function_transfer_time,1780474363.6462944,0.000034956
experiment_name,a5b2381b-b6ab-4371-ba7b-8a9497e65502,function_transfer_time,1780474363.7467287,0.000124929
experiment_name,a5b2381b-b6ab-4371-ba7b-8a9497e65502,function_transfer_time,1780474363.8480957,0.000136717
experiment_name,a5b2381b-b6ab-4371-ba7b-8a9497e65502,function_transfer_time,1780474363.949391,0.00011588
experiment_name,a5b2381b-b6ab-4371-ba7b-8a9497e65502,function_transfer_time,1780474364.0496855,0.000127184
experiment_name,a5b2381b-b6ab-4371-ba7b-8a9497e65502,function_transfer_time,1780474364.151203,0.000108484
experiment_name,a5b2381b-b6ab-4371-ba7b-8a9497e65502,function_transfer_time,1780474364.252558,0.000124256
experiment_name,a5b2381b-b6ab-4371-ba7b-8a9497e65502,function_transfer_time,1780474364.353913,0.000129842
experiment_name,a5b2381b-b6ab-4371-ba7b-8a9497e65502,function_transfer_time,1780474364.4552133,0.000112969
experiment_name,a5b2381b-b6ab-4371-ba7b-8a9497e65502,function_transfer_time,1780474364.5565398,0.000111318
experiment_name,a5b2381b-b6ab-4371-ba7b-8a9497e65502,function_transfer_time,1780474364.6578577,0.000036714
experiment_name,a5b2381b-b6ab-4371-ba7b-8a9497e65502,function_transfer_time,1780474364.7592528,0.000054723
experiment_name,a5b2381b-b6ab-4371-ba7b-8a9497e65502,function_transfer_time,1780474364.8606281,0.000104077
experiment_name,a5b2381b-b6ab-4371-ba7b-8a9497e65502,function_transfer_time,1780474364.9618812,0.000044165
experiment_name,a5b2381b-b6ab-4371-ba7b-8a9497e65502,function_transfer_time,1780474365.0631819,0.00013834
experiment_name,a5b2381b-b6ab-4371-ba7b-8a9497e65502,function_transfer_time,1780474365.1644595,0.000047857
experiment_name,a5b2381b-b6ab-4371-ba7b-8a9497e65502,function_transfer_time,1780474365.26584,0.000127149
experiment_name,a5b2381b-b6ab-4371-ba7b-8a9497e65502,function_transfer_time,1780474365.367166,0.000050129
experiment_name,a5b2381b-b6ab-4371-ba7b-8a9497e65502,function_transfer_time,1780474365.4685442,0.000141447
experiment_name,a5b2381b-b6ab-4371-ba7b-8a9497e65502,function_transfer_time,1780474365.5698798,0.000129207
experiment_name,a5b2381b-b6ab-4371-ba7b-8a9497e65502,function_transfer_time,1780474365.6711729,0.000034971
experiment_name,a5b2381b-b6ab-4371-ba7b-8a9497e65502,function_transfer_time,1780474365.7725816,0.000100019
experiment_name,a5b2381b-b6ab-4371-ba7b-8a9497e65502,function_transfer_time,1780474365.8739548,0.000132435
experiment_name,a5b2381b-b6ab-4371-ba7b-8a9497e65502,function_transfer_time,1780474365.9752777,0.000121575
experiment_name,a5b2381b-b6ab-4371-ba7b-8a9497e65502,function_execution_time,1780474366.0759587,0.000067648
experiment_name,a5b2381b-b6ab-4371-ba7b-8a9497e65502,function_execution_time,1780474366.1772866,0.000065936
experiment_name,a5b2381b-b6ab-4371-ba7b-8a9497e65502,function_execution_time,1780474366.2785795,0.000066624
experiment_name,a5b2381b-b6ab-4371-ba7b-8a9497e65502,function_execution_time,1780474366.3798854,0.00006286
experiment_name,a5b2381b-b6ab-4371-ba7b-8a9497e65502,function_execution_time,1780474366.481293,0.000058104
experiment_name,a5b2381b-b6ab-4371-ba7b-8a9497e65502,function_execution_time,1780474366.5826623,0.00019072
experiment_name,a5b2381b-b6ab-4371-ba7b-8a9497e65502,function_execution_time,1780474366.6838517,0.000062523
experiment_name,a5b2381b-b6ab-4371-ba7b-8a9497e65502,function_execution_time,1780474366.7852337,0.000093093
experiment_name,a5b2381b-b6ab-4371-ba7b-8a9497e65502,function_execution_time,1780474366.8865495,0.000060679
experiment_name,a5b2381b-b6ab-4371-ba7b-8a9497e65502,function_execution_time,1780474366.9879775,0.000072631
experiment_name,a5b2381b-b6ab-4371-ba7b-8a9497e65502,function_execution_time,1780474367.0892644,0.00008567
experiment_name,a5b2381b-b6ab-4371-ba7b-8a9497e65502,function_execution_time,1780474367.1905522,0.000058701
experiment_name,a5b2381b-b6ab-4371-ba7b-8a9497e65502,function_execution_time,1780474367.2917767,0.00006575
experiment_name,a5b2381b-b6ab-4371-ba7b-8a9497e65502,function_execution_time,1780474367.3932023,0.000062101
experiment_name,a5b2381b-b6ab-4371-ba7b-8a9497e65502,function_execution_time,1780474367.4945328,0.000068745
experiment_name,a5b2381b-b6ab-4371-ba7b-8a9497e65502,function_execution_time,1780474367.5958545,0.000061329
experiment_name,a5b2381b-b6ab-4371-ba7b-8a9497e65502,function_execution_time,1780474367.697167,0.000057519
experiment_name,a5b2381b-b6ab-4371-ba7b-8a9497e65502,function_execution_time,1780474367.7985184,0.000058144
experiment_name,a5b2381b-b6ab-4371-ba7b-8a9497e65502,function_execution_time,1780474367.8997247,0.000057377
experiment_name,a5b2381b-b6ab-4371-ba7b-8a9497e65502,function_execution_time,1780474368.0010657,0.000076028
experiment_name,a5b2381b-b6ab-4371-ba7b-8a9497e65502,function_execution_time,1780474368.1023707,0.000061442
experiment_name,a5b2381b-b6ab-4371-ba7b-8a9497e65502,function_execution_time,1780474368.2027621,0.000057897
experiment_name,a5b2381b-b6ab-4371-ba7b-8a9497e65502,function_execution_time,1780474368.304109,0.00005774
experiment_name,a5b2381b-b6ab-4371-ba7b-8a9497e65502,function_execution_time,1780474368.4054022,0.000068652
experiment_name,a5b2381b-b6ab-4371-ba7b-8a9497e65502,function_execution_time,1780474368.5056982,0.000058109
experiment_name,a5b2381b-b6ab-4371-ba7b-8a9497e65502,function_execution_time,1780474368.6069608,0.000057074
experiment_name,a5b2381b-b6ab-4371-ba7b-8a9497e65502,function_execution_time,1780474368.7083375,0.000155875
experiment_name,a5b2381b-b6ab-4371-ba7b-8a9497e65502,function_execution_time,1780474368.809637,0.000060185
experiment_name,a5b2381b-b6ab-4371-ba7b-8a9497e65502,function_execution_time,1780474368.9109714,0.000087187
experiment_name,a5b2381b-b6ab-4371-ba7b-8a9497e65502,function_execution_time,1780474369.0123298,0.000057755
experiment_name,a5b2381b-b6ab-4371-ba7b-8a9497e65502,function_execution_time,1780474369.1136267,0.00006423
experiment_name,a5b2381b-b6ab-4371-ba7b-8a9497e65502,function_execution_time,1780474369.2150784,0.000061951
experiment_name,a5b2381b-b6ab-4371-ba7b-8a9497e65502,function_execution_time,1780474369.3163402,0.000069679
experiment_name,a5b2381b-b6ab-4371-ba7b-8a9497e65502,function_execution_time,1780474369.416758,0.000060957
experiment_name,a5b2381b-b6ab-4371-ba7b-8a9497e65502,function_execution_time,1780474369.5181816,0.000057992
experiment_name,a5b2381b-b6ab-4371-ba7b-8a9497e65502,function_execution_time,1780474369.61937,0.000065732
experiment_name,a5b2381b-b6ab-4371-ba7b-8a9497e65502,function_execution_time,1780474369.7198207,0.00005665
experiment_name,a5b2381b-b6ab-4371-ba7b-8a9497e65502,function_execution_time,1780474369.8212605,0.000062561
experiment_name,a5b2381b-b6ab-4371-ba7b-8a9497e65502,function_execution_time,1780474369.9226897,0.000061542
experiment_name,a5b2381b-b6ab-4371-ba7b-8a9497e65502,function_execution_time,1780474370.024018,0.00006682
experiment_name,a5b2381b-b6ab-4371-ba7b-8a9497e65502,function_execution_time,1780474370.125338,0.000128048
experiment_name,a5b2381b-b6ab-4371-ba7b-8a9497e65502,function_execution_time,1780474370.2266626,0.000064337
experiment_name,a5b2381b-b6ab-4371-ba7b-8a9497e65502,function_execution_time,1780474370.3280013,0.000056344
experiment_name,a5b2381b-b6ab-4371-ba7b-8a9497e65502,function_execution_time,1780474370.4293458,0.000056906
experiment_name,a5b2381b-b6ab-4371-ba7b-8a9497e65502,function_execution_time,1780474370.5307078,0.000071889
experiment_name,a5b2381b-b6ab-4371-ba7b-8a9497e65502,function_execution_time,1780474370.6319833,0.000059949
experiment_name,a5b2381b-b6ab-4371-ba7b-8a9497e65502,function_execution_time,1780474370.7334363,0.00005617
experiment_name,a5b2381b-b6ab-4371-ba7b-8a9497e65502,function_execution_time,1780474370.834803,0.000056295
experiment_name,a5b2381b-b6ab-4371-ba7b-8a9497e65502,function_execution_time,1780474370.936142,0.000057469
experiment_name,855bfdc2-2e02-47ca-82c6-73ffd9d90d4a,function_execution_time,1780474366.0758107,0.000088339
experiment_name,855bfdc2-2e02-47ca-82c6-73ffd9d90d4a,function_execution_time,1780474366.17717,0.000099698
experiment_name,855bfdc2-2e02-47ca-82c6-73ffd9d90d4a,function_execution_time,1780474366.2785575,0.000096838
experiment_name,855bfdc2-2e02-47ca-82c6-73ffd9d90d4a,function_execution_time,1780474366.3798075,0.000076841
experiment_name,855bfdc2-2e02-47ca-82c6-73ffd9d90d4a,function_execution_time,1780474366.4812267,0.000097636
experiment_name,855bfdc2-2e02-47ca-82c6-73ffd9d90d4a,function_execution_time,1780474366.5826166,0.000238334
experiment_name,855bfdc2-2e02-47ca-82c6-73ffd9d90d4a,function_execution_time,1780474366.6837935,0.000100689
experiment_name,855bfdc2-2e02-47ca-82c6-73ffd9d90d4a,function_execution_time,1780474366.7851982,0.000140794
experiment_name,855bfdc2-2e02-47ca-82c6-73ffd9d90d4a,function_execution_time,1780474366.8864777,0.000096411
experiment_name,855bfdc2-2e02-47ca-82c6-73ffd9d90d4a,function_execution_time,1780474366.987873,0.000095173
experiment_name,855bfdc2-2e02-47ca-82c6-73ffd9d90d4a,function_execution_time,1780474367.0890977,0.00009963
experiment_name,855bfdc2-2e02-47ca-82c6-73ffd9d90d4a,function_execution_time,1780474367.1904602,0.000096937
experiment_name,855bfdc2-2e02-47ca-82c6-73ffd9d90d4a,function_execution_time,1780474367.2916923,0.000073992
experiment_name,855bfdc2-2e02-47ca-82c6-73ffd9d90d4a,function_execution_time,1780474367.3930242,0.000083497
experiment_name,855bfdc2-2e02-47ca-82c6-73ffd9d90d4a,function_execution_time,1780474367.494384,0.00009026
experiment_name,855bfdc2-2e02-47ca-82c6-73ffd9d90d4a,function_execution_time,1780474367.5957246,0.000096556
experiment_name,855bfdc2-2e02-47ca-82c6-73ffd9d90d4a,function_execution_time,1780474367.6971135,0.000157085
experiment_name,855bfdc2-2e02-47ca-82c6-73ffd9d90d4a,function_execution_time,1780474367.7983723,0.00007833
experiment_name,855bfdc2-2e02-47ca-82c6-73ffd9d90d4a,function_execution_time,1780474367.8996627,0.000096028
experiment_name,855bfdc2-2e02-47ca-82c6-73ffd9d90d4a,function_execution_time,1780474368.000992,0.000095578
experiment_name,855bfdc2-2e02-47ca-82c6-73ffd9d90d4a,function_execution_time,1780474368.1022885,0.000083511
experiment_name,855bfdc2-2e02-47ca-82c6-73ffd9d90d4a,function_execution_time,1780474368.2026231,0.000087851
experiment_name,855bfdc2-2e02-47ca-82c6-73ffd9d90d4a,function_execution_time,1780474368.3039505,0.000078404
experiment_name,855bfdc2-2e02-47ca-82c6-73ffd9d90d4a,function_execution_time,1780474368.4053245,0.000089527
experiment_name,855bfdc2-2e02-47ca-82c6-73ffd9d90d4a,function_execution_time,1780474368.505562,0.000072754
experiment_name,855bfdc2-2e02-47ca-82c6-73ffd9d90d4a,function_execution_time,1780474368.6068242,0.000084179
experiment_name,855bfdc2-2e02-47ca-82c6-73ffd9d90d4a,function_execution_time,1780474368.7083352,0.00030025
experiment_name,855bfdc2-2e02-47ca-82c6-73ffd9d90d4a,function_execution_time,1780474368.8095717,0.00011007
experiment_name,855bfdc2-2e02-47ca-82c6-73ffd9d90d4a,function_execution_time,1780474368.9109457,0.000100524
experiment_name,855bfdc2-2e02-47ca-82c6-73ffd9d90d4a,function_execution_time,1780474369.0122643,0.000090125
experiment_name,855bfdc2-2e02-47ca-82c6-73ffd9d90d4a,function_execution_time,1780474369.1135383,0.000079976
experiment_name,855bfdc2-2e02-47ca-82c6-73ffd9d90d4a,function_execution_time,1780474369.2149787,0.00009495
experiment_name,855bfdc2-2e02-47ca-82c6-73ffd9d90d4a,function_execution_time,1780474369.3162382,0.000090621
experiment_name,855bfdc2-2e02-47ca-82c6-73ffd9d90d4a,function_execution_time,1780474369.4167542,0.000092254
experiment_name,855bfdc2-2e02-47ca-82c6-73ffd9d90d4a,function_execution_time,1780474369.5180228,0.00007463
experiment_name,855bfdc2-2e02-47ca-82c6-73ffd9d90d4a,function_execution_time,1780474369.6193664,0.000099346
experiment_name,855bfdc2-2e02-47ca-82c6-73ffd9d90d4a,function_execution_time,1780474369.7197223,0.000159634
experiment_name,855bfdc2-2e02-47ca-82c6-73ffd9d90d4a,function_execution_time,1780474369.8211646,0.000082264
experiment_name,855bfdc2-2e02-47ca-82c6-73ffd9d90d4a,function_execution_time,1780474369.9225678,0.000108536
experiment_name,855bfdc2-2e02-47ca-82c6-73ffd9d90d4a,function_execution_time,1780474370.0238993,0.000104199
experiment_name,855bfdc2-2e02-47ca-82c6-73ffd9d90d4a,function_execution_time,1780474370.1252577,0.000144817
experiment_name,855bfdc2-2e02-47ca-82c6-73ffd9d90d4a,function_execution_time,1780474370.2265532,0.000116729
experiment_name,855bfdc2-2e02-47ca-82c6-73ffd9d90d4a,function_execution_time,1780474370.3279161,0.00010445
experiment_name,855bfdc2-2e02-47ca-82c6-73ffd9d90d4a,function_execution_time,1780474370.429188,0.000082574
experiment_name,855bfdc2-2e02-47ca-82c6-73ffd9d90d4a,function_execution_time,1780474370.5305283,0.00008059
experiment_name,855bfdc2-2e02-47ca-82c6-73ffd9d90d4a,function_execution_time,1780474370.6318784,0.000089865
experiment_name,855bfdc2-2e02-47ca-82c6-73ffd9d90d4a,function_execution_time,1780474370.7333753,0.000160925
experiment_name,855bfdc2-2e02-47ca-82c6-73ffd9d90d4a,function_execution_time,1780474370.8347375,0.000085743
experiment_name,855bfdc2-2e02-47ca-82c6-73ffd9d90d4a,function_execution_time,1780474370.9360065,0.000074629
experiment_name,855bfdc2-2e02-47ca-82c6-73ffd9d90d4a,function_transfer_time,1780474366.0757215,0.00003
experiment_name,855bfdc2-2e02-47ca-82c6-73ffd9d90d4a,function_transfer_time,1780474366.1770618,0.000098227
experiment_name,855bfdc2-2e02-47ca-82c6-73ffd9d90d4a,function_transfer_time,1780474366.2783968,0.00008153
experiment_name,855bfdc2-2e02-47ca-82c6-73ffd9d90d4a,function_transfer_time,1780474366.3797204,0.000085072
experiment_name,855bfdc2-2e02-47ca-82c6-73ffd9d90d4a,function_transfer_time,1780474366.48107,0.000094295
experiment_name,855bfdc2-2e02-47ca-82c6-73ffd9d90d4a,function_transfer_time,1780474366.5823736,0.000085126
experiment_name,855bfdc2-2e02-47ca-82c6-73ffd9d90d4a,function_transfer_time,1780474366.6836874,0.000078393
experiment_name,855bfdc2-2e02-47ca-82c6-73ffd9d90d4a,function_transfer_time,1780474366.785058,0.000025924
experiment_name,855bfdc2-2e02-47ca-82c6-73ffd9d90d4a,function_transfer_time,1780474366.8863757,0.000097615
experiment_name,855bfdc2-2e02-47ca-82c6-73ffd9d90d4a,function_transfer_time,1780474366.9877295,0.000083292
experiment_name,855bfdc2-2e02-47ca-82c6-73ffd9d90d4a,function_transfer_time,1780474367.0889907,0.000029991
experiment_name,855bfdc2-2e02-47ca-82c6-73ffd9d90d4a,function_transfer_time,1780474367.1903124,0.000083181
experiment_name,855bfdc2-2e02-47ca-82c6-73ffd9d90d4a,function_transfer_time,1780474367.2915955,0.000081149
experiment_name,855bfdc2-2e02-47ca-82c6-73ffd9d90d4a,function_transfer_time,1780474367.3929427,0.000088764
experiment_name,855bfdc2-2e02-47ca-82c6-73ffd9d90d4a,function_transfer_time,1780474367.494287,0.000085315
experiment_name,855bfdc2-2e02-47ca-82c6-73ffd9d90d4a,function_transfer_time,1780474367.5956187,0.000090257
experiment_name,855bfdc2-2e02-47ca-82c6-73ffd9d90d4a,function_transfer_time,1780474367.6969507,0.000081004
experiment_name,855bfdc2-2e02-47ca-82c6-73ffd9d90d4a,function_transfer_time,1780474367.7982886,0.000082481
experiment_name,855bfdc2-2e02-47ca-82c6-73ffd9d90d4a,function_transfer_time,1780474367.8995574,0.000025236
experiment_name,855bfdc2-2e02-47ca-82c6-73ffd9d90d4a,function_transfer_time,1780474368.0008976,0.00008041
experiment_name,855bfdc2-2e02-47ca-82c6-73ffd9d90d4a,function_transfer_time,1780474368.102206,0.000088071
experiment_name,855bfdc2-2e02-47ca-82c6-73ffd9d90d4a,function_transfer_time,1780474368.2025387,0.00008207
experiment_name,855bfdc2-2e02-47ca-82c6-73ffd9d90d4a,function_transfer_time,1780474368.303863,0.000078429
experiment_name,855bfdc2-2e02-47ca-82c6-73ffd9d90d4a,function_transfer_time,1780474368.4051895,0.00007881
experiment_name,855bfdc2-2e02-47ca-82c6-73ffd9d90d4a,function_transfer_time,1780474368.505479,0.000038648
experiment_name,855bfdc2-2e02-47ca-82c6-73ffd9d90d4a,function_transfer_time,1780474368.606742,0.000025852
experiment_name,855bfdc2-2e02-47ca-82c6-73ffd9d90d4a,function_transfer_time,1780474368.708099,0.000029504
experiment_name,855bfdc2-2e02-47ca-82c6-73ffd9d90d4a,function_transfer_time,1780474368.809414,0.000104666
experiment_name,855bfdc2-2e02-47ca-82c6-73ffd9d90d4a,function_transfer_time,1780474368.9107683,0.00009254
experiment_name,855bfdc2-2e02-47ca-82c6-73ffd9d90d4a,function_transfer_time,1780474369.0121238,0.000097456
experiment_name,855bfdc2-2e02-47ca-82c6-73ffd9d90d4a,function_transfer_time,1780474369.1134543,0.000084699
experiment_name,855bfdc2-2e02-47ca-82c6-73ffd9d90d4a,function_transfer_time,1780474369.2148368,0.000028496
experiment_name,855bfdc2-2e02-47ca-82c6-73ffd9d90d4a,function_transfer_time,1780474369.316228,0.000092556
experiment_name,855bfdc2-2e02-47ca-82c6-73ffd9d90d4a,function_transfer_time,1780474369.416611,0.000080626
experiment_name,855bfdc2-2e02-47ca-82c6-73ffd9d90d4a,function_transfer_time,1780474369.517938,0.000106031
experiment_name,855bfdc2-2e02-47ca-82c6-73ffd9d90d4a,function_transfer_time,1780474369.6192136,0.000028687
experiment_name,855bfdc2-2e02-47ca-82c6-73ffd9d90d4a,function_transfer_time,1780474369.7195458,0.000089795
experiment_name,855bfdc2-2e02-47ca-82c6-73ffd9d90d4a,function_transfer_time,1780474369.821078,0.00008934
experiment_name,855bfdc2-2e02-47ca-82c6-73ffd9d90d4a,function_transfer_time,1780474369.9224494,0.000091457
experiment_name,855bfdc2-2e02-47ca-82c6-73ffd9d90d4a,function_transfer_time,1780474370.0237904,0.000085346
experiment_name,855bfdc2-2e02-47ca-82c6-73ffd9d90d4a,function_transfer_time,1780474370.125113,0.000078751
experiment_name,855bfdc2-2e02-47ca-82c6-73ffd9d90d4a,function_transfer_time,1780474370.2264411,0.000087778
experiment_name,855bfdc2-2e02-47ca-82c6-73ffd9d90d4a,function_transfer_time,1780474370.327769,0.000084524
experiment_name,855bfdc2-2e02-47ca-82c6-73ffd9d90d4a,function_transfer_time,1780474370.4291053,0.000082055
experiment_name,855bfdc2-2e02-47ca-82c6-73ffd9d90d4a,function_transfer_time,1780474370.5304482,0.000099752
experiment_name,855bfdc2-2e02-47ca-82c6-73ffd9d90d4a,function_transfer_time,1780474370.6317306,0.000028041
experiment_name,855bfdc2-2e02-47ca-82c6-73ffd9d90d4a,function_transfer_time,1780474370.7332153,0.000078827
experiment_name,855bfdc2-2e02-47ca-82c6-73ffd9d90d4a,function_transfer_time,1780474370.8345985,0.000079032
experiment_name,855bfdc2-2e02-47ca-82c6-73ffd9d90d4a,function_transfer_time,1780474370.9359257,0.000078959
experiment_name,a5b2381b-b6ab-4371-ba7b-8a9497e65502,function_transfer_time,1780474366.0758858,0.000113196
experiment_name,a5b2381b-b6ab-4371-ba7b-8a9497e65502,function_transfer_time,1780474366.1772137,0.000094884
experiment_name,a5b2381b-b6ab-4371-ba7b-8a9497e65502,function_transfer_time,1780474366.2785618,0.000047118
experiment_name,a5b2381b-b6ab-4371-ba7b-8a9497e65502,function_transfer_time,1780474366.3798828,0.000055417
experiment_name,a5b2381b-b6ab-4371-ba7b-8a9497e65502,function_transfer_time,1780474366.4812312,0.000101958
experiment_name,a5b2381b-b6ab-4371-ba7b-8a9497e65502,function_transfer_time,1780474366.5825238,0.000041043
experiment_name,a5b2381b-b6ab-4371-ba7b-8a9497e65502,function_transfer_time,1780474366.6837907,0.000037521
experiment_name,a5b2381b-b6ab-4371-ba7b-8a9497e65502,function_transfer_time,1780474366.7851944,0.000032929
experiment_name,a5b2381b-b6ab-4371-ba7b-8a9497e65502,function_transfer_time,1780474366.886482,0.000057901
experiment_name,a5b2381b-b6ab-4371-ba7b-8a9497e65502,function_transfer_time,1780474366.9878988,0.000115223
experiment_name,a5b2381b-b6ab-4371-ba7b-8a9497e65502,function_transfer_time,1780474367.0891786,0.000124754
experiment_name,a5b2381b-b6ab-4371-ba7b-8a9497e65502,function_transfer_time,1780474367.1904826,0.000113617
experiment_name,a5b2381b-b6ab-4371-ba7b-8a9497e65502,function_transfer_time,1780474367.2917085,0.000062667
experiment_name,a5b2381b-b6ab-4371-ba7b-8a9497e65502,function_transfer_time,1780474367.3931394,0.000141645
experiment_name,a5b2381b-b6ab-4371-ba7b-8a9497e65502,function_transfer_time,1780474367.49446,0.000123745
experiment_name,a5b2381b-b6ab-4371-ba7b-8a9497e65502,function_transfer_time,1780474367.5957856,0.000113048
experiment_name,a5b2381b-b6ab-4371-ba7b-8a9497e65502,function_transfer_time,1780474367.6971085,0.000036742
experiment_name,a5b2381b-b6ab-4371-ba7b-8a9497e65502,function_transfer_time,1780474367.7984536,0.000115232
experiment_name,a5b2381b-b6ab-4371-ba7b-8a9497e65502,function_transfer_time,1780474367.8996646,0.000045567
experiment_name,a5b2381b-b6ab-4371-ba7b-8a9497e65502,function_transfer_time,1780474368.0009897,0.000034478
experiment_name,a5b2381b-b6ab-4371-ba7b-8a9497e65502,function_transfer_time,1780474368.1023543,0.000047147
experiment_name,a5b2381b-b6ab-4371-ba7b-8a9497e65502,function_transfer_time,1780474368.202704,0.000112996
experiment_name,a5b2381b-b6ab-4371-ba7b-8a9497e65502,function_transfer_time,1780474368.3040512,0.000136268
experiment_name,a5b2381b-b6ab-4371-ba7b-8a9497e65502,function_transfer_time,1780474368.4053278,0.000089466
experiment_name,a5b2381b-b6ab-4371-ba7b-8a9497e65502,function_transfer_time,1780474368.505639,0.000107696
experiment_name,a5b2381b-b6ab-4371-ba7b-8a9497e65502,function_transfer_time,1780474368.606903,0.000102178
experiment_name,a5b2381b-b6ab-4371-ba7b-8a9497e65502,function_transfer_time,1780474368.7081866,0.000036775
experiment_name,a5b2381b-b6ab-4371-ba7b-8a9497e65502,function_transfer_time,1780474368.809575,0.000094386
experiment_name,a5b2381b-b6ab-4371-ba7b-8a9497e65502,function_transfer_time,1780474368.9109492,0.000048875
experiment_name,a5b2381b-b6ab-4371-ba7b-8a9497e65502,function_transfer_time,1780474369.012268,0.000089598
experiment_name,a5b2381b-b6ab-4371-ba7b-8a9497e65502,function_transfer_time,1780474369.1136124,0.000055622
experiment_name,a5b2381b-b6ab-4371-ba7b-8a9497e65502,function_transfer_time,1780474369.2150118,0.000122938
experiment_name,a5b2381b-b6ab-4371-ba7b-8a9497e65502,function_transfer_time,1780474369.3163037,0.000059439
experiment_name,a5b2381b-b6ab-4371-ba7b-8a9497e65502,function_transfer_time,1780474369.41675,0.000037396
experiment_name,a5b2381b-b6ab-4371-ba7b-8a9497e65502,function_transfer_time,1780474369.5181234,0.000131003
experiment_name,a5b2381b-b6ab-4371-ba7b-8a9497e65502,function_transfer_time,1780474369.6193619,0.000035213
experiment_name,a5b2381b-b6ab-4371-ba7b-8a9497e65502,function_transfer_time,1780474369.7197514,0.000078392
experiment_name,a5b2381b-b6ab-4371-ba7b-8a9497e65502,function_transfer_time,1780474369.8211954,0.000057996
experiment_name,a5b2381b-b6ab-4371-ba7b-8a9497e65502,function_transfer_time,1780474369.9226189,0.000108303
experiment_name,a5b2381b-b6ab-4371-ba7b-8a9497e65502,function_transfer_time,1780474370.0239587,0.000096403
experiment_name,a5b2381b-b6ab-4371-ba7b-8a9497e65502,function_transfer_time,1780474370.1252096,0.000034163
experiment_name,a5b2381b-b6ab-4371-ba7b-8a9497e65502,function_transfer_time,1780474370.226598,0.00009861
experiment_name,a5b2381b-b6ab-4371-ba7b-8a9497e65502,function_transfer_time,1780474370.327938,0.000104595
experiment_name,a5b2381b-b6ab-4371-ba7b-8a9497e65502,function_transfer_time,1780474370.4292889,0.000130916
experiment_name,a5b2381b-b6ab-4371-ba7b-8a9497e65502,function_transfer_time,1780474370.5306344,0.000129149
experiment_name,a5b2381b-b6ab-4371-ba7b-8a9497e65502,function_transfer_time,1780474370.6319146,0.000134924
experiment_name,a5b2381b-b6ab-4371-ba7b-8a9497e65502,function_transfer_time,1780474370.7333722,0.000035402
experiment_name,a5b2381b-b6ab-4371-ba7b-8a9497e65502,function_transfer_time,1780474370.8347409,0.000095823
experiment_name,a5b2381b-b6ab-4371-ba7b-8a9497e65502,function_transfer_time,1780474370.9360838,0.000104034
experiment_name,855bfdc2-2e02-47ca-82c6-73ffd9d90d4a,function_execution_time,1780474371.037325,0.000213962
experiment_name,855bfdc2-2e02-47ca-82c6-73ffd9d90d4a,function_execution_time,1780474371.1377285,0.000077643
experiment_name,855bfdc2-2e02-47ca-82c6-73ffd9d90d4a,function_execution_time,1780474371.239049,0.000086498
experiment_name,855bfdc2-2e02-47ca-82c6-73ffd9d90d4a,function_execution_time,1780474371.3403199,0.000079414
experiment_name,855bfdc2-2e02-47ca-82c6-73ffd9d90d4a,function_execution_time,1780474371.4416895,0.00008578
experiment_name,855bfdc2-2e02-47ca-82c6-73ffd9d90d4a,function_execution_time,1780474371.542973,0.000094776
experiment_name,855bfdc2-2e02-47ca-82c6-73ffd9d90d4a,function_execution_time,1780474371.6442893,0.000081424
experiment_name,855bfdc2-2e02-47ca-82c6-73ffd9d90d4a,function_execution_time,1780474371.744709,0.00016487
experiment_name,855bfdc2-2e02-47ca-82c6-73ffd9d90d4a,function_execution_time,1780474371.8460166,0.000072384
experiment_name,855bfdc2-2e02-47ca-82c6-73ffd9d90d4a,function_execution_time,1780474371.9473386,0.000076739
experiment_name,855bfdc2-2e02-47ca-82c6-73ffd9d90d4a,function_execution_time,1780474372.0486813,0.000084406
experiment_name,855bfdc2-2e02-47ca-82c6-73ffd9d90d4a,function_execution_time,1780474372.1500695,0.000105424
experiment_name,855bfdc2-2e02-47ca-82c6-73ffd9d90d4a,function_execution_time,1780474372.2514117,0.000082591
experiment_name,855bfdc2-2e02-47ca-82c6-73ffd9d90d4a,function_execution_time,1780474372.3527727,0.00008558
experiment_name,855bfdc2-2e02-47ca-82c6-73ffd9d90d4a,function_execution_time,1780474372.4540973,0.000072869
experiment_name,855bfdc2-2e02-47ca-82c6-73ffd9d90d4a,function_execution_time,1780474372.5554428,0.000078349
experiment_name,855bfdc2-2e02-47ca-82c6-73ffd9d90d4a,function_execution_time,1780474372.6568136,0.000084979
experiment_name,855bfdc2-2e02-47ca-82c6-73ffd9d90d4a,function_execution_time,1780474372.7581708,0.000172916
experiment_name,855bfdc2-2e02-47ca-82c6-73ffd9d90d4a,function_execution_time,1780474372.8595653,0.000102592
experiment_name,855bfdc2-2e02-47ca-82c6-73ffd9d90d4a,function_execution_time,1780474372.9608178,0.000077941
experiment_name,855bfdc2-2e02-47ca-82c6-73ffd9d90d4a,function_execution_time,1780474373.0622177,0.000124761
experiment_name,855bfdc2-2e02-47ca-82c6-73ffd9d90d4a,function_execution_time,1780474373.1625726,0.000079507
experiment_name,855bfdc2-2e02-47ca-82c6-73ffd9d90d4a,function_execution_time,1780474373.2639296,0.000101658
experiment_name,855bfdc2-2e02-47ca-82c6-73ffd9d90d4a,function_execution_time,1780474373.3652258,0.000077273
experiment_name,855bfdc2-2e02-47ca-82c6-73ffd9d90d4a,function_execution_time,1780474373.4665518,0.000080419
experiment_name,855bfdc2-2e02-47ca-82c6-73ffd9d90d4a,function_execution_time,1780474373.5679402,0.000099204
experiment_name,855bfdc2-2e02-47ca-82c6-73ffd9d90d4a,function_execution_time,1780474373.6693673,0.000076753
experiment_name,855bfdc2-2e02-47ca-82c6-73ffd9d90d4a,function_execution_time,1780474373.77079,0.000153571
experiment_name,855bfdc2-2e02-47ca-82c6-73ffd9d90d4a,function_execution_time,1780474373.8720288,0.000083085
experiment_name,855bfdc2-2e02-47ca-82c6-73ffd9d90d4a,function_execution_time,1780474373.9733706,0.000093774
experiment_name,855bfdc2-2e02-47ca-82c6-73ffd9d90d4a,function_execution_time,1780474374.0736442,0.000074252
experiment_name,855bfdc2-2e02-47ca-82c6-73ffd9d90d4a,function_execution_time,1780474374.1749117,0.000081906
experiment_name,855bfdc2-2e02-47ca-82c6-73ffd9d90d4a,function_execution_time,1780474374.2762837,0.000087388
experiment_name,855bfdc2-2e02-47ca-82c6-73ffd9d90d4a,function_execution_time,1780474374.376617,0.000082027
experiment_name,855bfdc2-2e02-47ca-82c6-73ffd9d90d4a,function_execution_time,1780474374.4779499,0.000076083
experiment_name,855bfdc2-2e02-47ca-82c6-73ffd9d90d4a,function_execution_time,1780474374.5794258,0.000214632
experiment_name,855bfdc2-2e02-47ca-82c6-73ffd9d90d4a,function_execution_time,1780474374.6796343,0.000092113
experiment_name,855bfdc2-2e02-47ca-82c6-73ffd9d90d4a,function_execution_time,1780474374.7810428,0.000164485
experiment_name,855bfdc2-2e02-47ca-82c6-73ffd9d90d4a,function_execution_time,1780474374.8823342,0.000076841
experiment_name,855bfdc2-2e02-47ca-82c6-73ffd9d90d4a,function_execution_time,1780474374.9837346,0.000093041
experiment_name,855bfdc2-2e02-47ca-82c6-73ffd9d90d4a,function_execution_time,1780474375.0850554,0.000083809
experiment_name,855bfdc2-2e02-47ca-82c6-73ffd9d90d4a,function_execution_time,1780474375.1863203,0.00007758
experiment_name,855bfdc2-2e02-47ca-82c6-73ffd9d90d4a,function_execution_time,1780474375.2878003,0.000202281
experiment_name,855bfdc2-2e02-47ca-82c6-73ffd9d90d4a,function_execution_time,1780474375.3891792,0.000092054
experiment_name,855bfdc2-2e02-47ca-82c6-73ffd9d90d4a,function_execution_time,1780474375.4905264,0.000112876
experiment_name,855bfdc2-2e02-47ca-82c6-73ffd9d90d4a,function_execution_time,1780474375.5918295,0.000091664
experiment_name,855bfdc2-2e02-47ca-82c6-73ffd9d90d4a,function_execution_time,1780474375.6932127,0.000098283
experiment_name,855bfdc2-2e02-47ca-82c6-73ffd9d90d4a,function_execution_time,1780474375.7945614,0.00017116
experiment_name,855bfdc2-2e02-47ca-82c6-73ffd9d90d4a,function_execution_time,1780474375.895874,0.000075961
experiment_name,855bfdc2-2e02-47ca-82c6-73ffd9d90d4a,function_execution_time,1780474375.9972696,0.000089799
experiment_name,a5b2381b-b6ab-4371-ba7b-8a9497e65502,function_execution_time,1780474371.0373611,0.00016446
experiment_name,a5b2381b-b6ab-4371-ba7b-8a9497e65502,function_execution_time,1780474371.137865,0.000060014
experiment_name,a5b2381b-b6ab-4371-ba7b-8a9497e65502,function_execution_time,1780474371.2391374,0.000056334
experiment_name,a5b2381b-b6ab-4371-ba7b-8a9497e65502,function_execution_time,1780474371.3404932,0.000076532
experiment_name,a5b2381b-b6ab-4371-ba7b-8a9497e65502,function_execution_time,1780474371.4417777,0.000055877
experiment_name,a5b2381b-b6ab-4371-ba7b-8a9497e65502,function_execution_time,1780474371.5430744,0.000055444
experiment_name,a5b2381b-b6ab-4371-ba7b-8a9497e65502,function_execution_time,1780474371.6443772,0.00005999
experiment_name,a5b2381b-b6ab-4371-ba7b-8a9497e65502,function_execution_time,1780474371.7447608,0.000055372
experiment_name,a5b2381b-b6ab-4371-ba7b-8a9497e65502,function_execution_time,1780474371.8461595,0.000063738
experiment_name,a5b2381b-b6ab-4371-ba7b-8a9497e65502,function_execution_time,1780474371.9475005,0.000066677
experiment_name,a5b2381b-b6ab-4371-ba7b-8a9497e65502,function_execution_time,1780474372.0488353,0.000057762
experiment_name,a5b2381b-b6ab-4371-ba7b-8a9497e65502,function_execution_time,1780474372.1500769,0.000068803
experiment_name,a5b2381b-b6ab-4371-ba7b-8a9497e65502,function_execution_time,1780474372.2515757,0.000062809
experiment_name,a5b2381b-b6ab-4371-ba7b-8a9497e65502,function_execution_time,1780474372.3529248,0.000061938
experiment_name,a5b2381b-b6ab-4371-ba7b-8a9497e65502,function_execution_time,1780474372.4542305,0.000056583
experiment_name,a5b2381b-b6ab-4371-ba7b-8a9497e65502,function_execution_time,1780474372.5555756,0.000056153
experiment_name,a5b2381b-b6ab-4371-ba7b-8a9497e65502,function_execution_time,1780474372.6568985,0.000055121
experiment_name,a5b2381b-b6ab-4371-ba7b-8a9497e65502,function_execution_time,1780474372.758236,0.000068916
experiment_name,a5b2381b-b6ab-4371-ba7b-8a9497e65502,function_execution_time,1780474372.8596313,0.000058924
experiment_name,a5b2381b-b6ab-4371-ba7b-8a9497e65502,function_execution_time,1780474372.96089,0.000059303
experiment_name,a5b2381b-b6ab-4371-ba7b-8a9497e65502,function_execution_time,1780474373.0622478,0.0000845
experiment_name,a5b2381b-b6ab-4371-ba7b-8a9497e65502,function_execution_time,1780474373.1626582,0.000070223
experiment_name,a5b2381b-b6ab-4371-ba7b-8a9497e65502,function_execution_time,1780474373.2639878,0.000061563
experiment_name,a5b2381b-b6ab-4371-ba7b-8a9497e65502,function_execution_time,1780474373.3653023,0.000058466
experiment_name,a5b2381b-b6ab-4371-ba7b-8a9497e65502,function_execution_time,1780474373.4666302,0.000060773
experiment_name,a5b2381b-b6ab-4371-ba7b-8a9497e65502,function_execution_time,1780474373.5680344,0.000056865
experiment_name,a5b2381b-b6ab-4371-ba7b-8a9497e65502,function_execution_time,1780474373.669536,0.000063613
experiment_name,a5b2381b-b6ab-4371-ba7b-8a9497e65502,function_execution_time,1780474373.770841,0.000054103
experiment_name,a5b2381b-b6ab-4371-ba7b-8a9497e65502,function_execution_time,1780474373.8721623,0.000057274
experiment_name,a5b2381b-b6ab-4371-ba7b-8a9497e65502,function_execution_time,1780474373.9733753,0.000061506
experiment_name,a5b2381b-b6ab-4371-ba7b-8a9497e65502,function_execution_time,1780474374.073789,0.000064349
experiment_name,a5b2381b-b6ab-4371-ba7b-8a9497e65502,function_execution_time,1780474374.1750503,0.000061413
experiment_name,a5b2381b-b6ab-4371-ba7b-8a9497e65502,function_execution_time,1780474374.2764604,0.000073565
experiment_name,a5b2381b-b6ab-4371-ba7b-8a9497e65502,function_execution_time,1780474374.3767576,0.000058813
experiment_name,a5b2381b-b6ab-4371-ba7b-8a9497e65502,function_execution_time,1780474374.4780934,0.000056757
experiment_name,a5b2381b-b6ab-4371-ba7b-8a9497e65502,function_execution_time,1780474374.5794036,0.000109741
experiment_name,a5b2381b-b6ab-4371-ba7b-8a9497e65502,function_execution_time,1780474374.679757,0.000059509
experiment_name,a5b2381b-b6ab-4371-ba7b-8a9497e65502,function_execution_time,1780474374.7810962,0.000057119
experiment_name,a5b2381b-b6ab-4371-ba7b-8a9497e65502,function_execution_time,1780474374.8824978,0.000063942
experiment_name,a5b2381b-b6ab-4371-ba7b-8a9497e65502,function_execution_time,1780474374.9838297,0.000063496
experiment_name,a5b2381b-b6ab-4371-ba7b-8a9497e65502,function_execution_time,1780474375.0850604,0.000061273
experiment_name,a5b2381b-b6ab-4371-ba7b-8a9497e65502,function_execution_time,1780474375.1864862,0.000068003
experiment_name,a5b2381b-b6ab-4371-ba7b-8a9497e65502,function_execution_time,1780474375.2878473,0.000168597
experiment_name,a5b2381b-b6ab-4371-ba7b-8a9497e65502,function_execution_time,1780474375.3892355,0.000060662
experiment_name,a5b2381b-b6ab-4371-ba7b-8a9497e65502,function_execution_time,1780474375.4906523,0.000069297
experiment_name,a5b2381b-b6ab-4371-ba7b-8a9497e65502,function_execution_time,1780474375.5918884,0.000055503
experiment_name,a5b2381b-b6ab-4371-ba7b-8a9497e65502,function_execution_time,1780474375.6933036,0.000057327
experiment_name,a5b2381b-b6ab-4371-ba7b-8a9497e65502,function_execution_time,1780474375.794619,0.000060055
experiment_name,a5b2381b-b6ab-4371-ba7b-8a9497e65502,function_execution_time,1780474375.8960507,0.00006569
experiment_name,a5b2381b-b6ab-4371-ba7b-8a9497e65502,function_execution_time,1780474375.997446,0.000056341
experiment_name,855bfdc2-2e02-47ca-82c6-73ffd9d90d4a,function_transfer_time,1780474371.037104,0.000082798
experiment_name,855bfdc2-2e02-47ca-82c6-73ffd9d90d4a,function_transfer_time,1780474371.1376448,0.000088967
experiment_name,855bfdc2-2e02-47ca-82c6-73ffd9d90d4a,function_transfer_time,1780474371.2389088,0.00002763
experiment_name,855bfdc2-2e02-47ca-82c6-73ffd9d90d4a,function_transfer_time,1780474371.3402328,0.000085652
experiment_name,855bfdc2-2e02-47ca-82c6-73ffd9d90d4a,function_transfer_time,1780474371.4415598,0.000080601
experiment_name,855bfdc2-2e02-47ca-82c6-73ffd9d90d4a,function_transfer_time,1780474371.5428715,0.000086422
experiment_name,855bfdc2-2e02-47ca-82c6-73ffd9d90d4a,function_transfer_time,1780474371.644206,0.000080929
experiment_name,855bfdc2-2e02-47ca-82c6-73ffd9d90d4a,function_transfer_time,1780474371.7445397,0.000078682
experiment_name,855bfdc2-2e02-47ca-82c6-73ffd9d90d4a,function_transfer_time,1780474371.8459346,0.000080628
experiment_name,855bfdc2-2e02-47ca-82c6-73ffd9d90d4a,function_transfer_time,1780474371.9472544,0.000083129
experiment_name,855bfdc2-2e02-47ca-82c6-73ffd9d90d4a,function_transfer_time,1780474372.0486,0.000076187
experiment_name,855bfdc2-2e02-47ca-82c6-73ffd9d90d4a,function_transfer_time,1780474372.1499093,0.000093463
experiment_name,855bfdc2-2e02-47ca-82c6-73ffd9d90d4a,function_transfer_time,1780474372.2513273,0.000078739
experiment_name,855bfdc2-2e02-47ca-82c6-73ffd9d90d4a,function_transfer_time,1780474372.352683,0.000091217
experiment_name,855bfdc2-2e02-47ca-82c6-73ffd9d90d4a,function_transfer_time,1780474372.4540071,0.000079262
experiment_name,855bfdc2-2e02-47ca-82c6-73ffd9d90d4a,function_transfer_time,1780474372.5553548,0.0000781
experiment_name,855bfdc2-2e02-47ca-82c6-73ffd9d90d4a,function_transfer_time,1780474372.6566823,0.000080371
experiment_name,855bfdc2-2e02-47ca-82c6-73ffd9d90d4a,function_transfer_time,1780474372.7579987,0.000090366
experiment_name,855bfdc2-2e02-47ca-82c6-73ffd9d90d4a,function_transfer_time,1780474372.8594031,0.000080925
experiment_name,855bfdc2-2e02-47ca-82c6-73ffd9d90d4a,function_transfer_time,1780474372.9607372,0.000084819
experiment_name,855bfdc2-2e02-47ca-82c6-73ffd9d90d4a,function_transfer_time,1780474373.0620754,0.000081431
experiment_name,855bfdc2-2e02-47ca-82c6-73ffd9d90d4a,function_transfer_time,1780474373.1624875,0.000085827
experiment_name,855bfdc2-2e02-47ca-82c6-73ffd9d90d4a,function_transfer_time,1780474373.263832,0.000084616
experiment_name,855bfdc2-2e02-47ca-82c6-73ffd9d90d4a,function_transfer_time,1780474373.3651423,0.000086329
experiment_name,855bfdc2-2e02-47ca-82c6-73ffd9d90d4a,function_transfer_time,1780474373.466469,0.000078672
experiment_name,855bfdc2-2e02-47ca-82c6-73ffd9d90d4a,function_transfer_time,1780474373.5678751,0.000078813
experiment_name,855bfdc2-2e02-47ca-82c6-73ffd9d90d4a,function_transfer_time,1780474373.6692874,0.000099297
experiment_name,855bfdc2-2e02-47ca-82c6-73ffd9d90d4a,function_transfer_time,1780474373.7706354,0.000091433
experiment_name,855bfdc2-2e02-47ca-82c6-73ffd9d90d4a,function_transfer_time,1780474373.8719423,0.00002641
experiment_name,855bfdc2-2e02-47ca-82c6-73ffd9d90d4a,function_transfer_time,1780474373.9732163,0.000027304
experiment_name,855bfdc2-2e02-47ca-82c6-73ffd9d90d4a,function_transfer_time,1780474374.0735605,0.00007891
experiment_name,855bfdc2-2e02-47ca-82c6-73ffd9d90d4a,function_transfer_time,1780474374.1748266,0.000025586
experiment_name,855bfdc2-2e02-47ca-82c6-73ffd9d90d4a,function_transfer_time,1780474374.2762,0.000103202
experiment_name,855bfdc2-2e02-47ca-82c6-73ffd9d90d4a,function_transfer_time,1780474374.376534,0.000099238
experiment_name,855bfdc2-2e02-47ca-82c6-73ffd9d90d4a,function_transfer_time,1780474374.4778705,0.000081379
experiment_name,855bfdc2-2e02-47ca-82c6-73ffd9d90d4a,function_transfer_time,1780474374.5792058,0.000095122
experiment_name,855bfdc2-2e02-47ca-82c6-73ffd9d90d4a,function_transfer_time,1780474374.679536,0.000098667
experiment_name,855bfdc2-2e02-47ca-82c6-73ffd9d90d4a,function_transfer_time,1780474374.7808733,0.00009272
experiment_name,855bfdc2-2e02-47ca-82c6-73ffd9d90d4a,function_transfer_time,1780474374.8822532,0.000088025
experiment_name,855bfdc2-2e02-47ca-82c6-73ffd9d90d4a,function_transfer_time,1780474374.9835865,0.000075965
experiment_name,855bfdc2-2e02-47ca-82c6-73ffd9d90d4a,function_transfer_time,1780474375.0849082,0.000087692
experiment_name,855bfdc2-2e02-47ca-82c6-73ffd9d90d4a,function_transfer_time,1780474375.1862402,0.000082972
experiment_name,855bfdc2-2e02-47ca-82c6-73ffd9d90d4a,function_transfer_time,1780474375.2875948,0.000082128
experiment_name,855bfdc2-2e02-47ca-82c6-73ffd9d90d4a,function_transfer_time,1780474375.389088,0.00008666
experiment_name,855bfdc2-2e02-47ca-82c6-73ffd9d90d4a,function_transfer_time,1780474375.4904077,0.000080258
experiment_name,855bfdc2-2e02-47ca-82c6-73ffd9d90d4a,function_transfer_time,1780474375.5917299,0.000091285
experiment_name,855bfdc2-2e02-47ca-82c6-73ffd9d90d4a,function_transfer_time,1780474375.6930647,0.000085431
experiment_name,855bfdc2-2e02-47ca-82c6-73ffd9d90d4a,function_transfer_time,1780474375.794383,0.000084833
experiment_name,855bfdc2-2e02-47ca-82c6-73ffd9d90d4a,function_transfer_time,1780474375.895791,0.000082129
experiment_name,855bfdc2-2e02-47ca-82c6-73ffd9d90d4a,function_transfer_time,1780474375.997178,0.000087828
experiment_name,a5b2381b-b6ab-4371-ba7b-8a9497e65502,function_transfer_time,1780474371.037192,0.00002416
experiment_name,a5b2381b-b6ab-4371-ba7b-8a9497e65502,function_transfer_time,1780474371.1378176,0.000106839
experiment_name,a5b2381b-b6ab-4371-ba7b-8a9497e65502,function_transfer_time,1780474371.239075,0.000115632
experiment_name,a5b2381b-b6ab-4371-ba7b-8a9497e65502,function_transfer_time,1780474371.340415,0.00013228
experiment_name,a5b2381b-b6ab-4371-ba7b-8a9497e65502,function_transfer_time,1780474371.4417183,0.000110081
experiment_name,a5b2381b-b6ab-4371-ba7b-8a9497e65502,function_transfer_time,1780474371.543014,0.000088467
experiment_name,a5b2381b-b6ab-4371-ba7b-8a9497e65502,function_transfer_time,1780474371.644317,0.000055362
experiment_name,a5b2381b-b6ab-4371-ba7b-8a9497e65502,function_transfer_time,1780474371.7447057,0.000039653
experiment_name,a5b2381b-b6ab-4371-ba7b-8a9497e65502,function_transfer_time,1780474371.846097,0.000108003
experiment_name,a5b2381b-b6ab-4371-ba7b-8a9497e65502,function_transfer_time,1780474371.947443,0.000121301
experiment_name,a5b2381b-b6ab-4371-ba7b-8a9497e65502,function_transfer_time,1780474372.0487769,0.000119718
experiment_name,a5b2381b-b6ab-4371-ba7b-8a9497e65502,function_transfer_time,1780474372.150065,0.000039843
experiment_name,a5b2381b-b6ab-4371-ba7b-8a9497e65502,function_transfer_time,1780474372.2515123,0.000131146
experiment_name,a5b2381b-b6ab-4371-ba7b-8a9497e65502,function_transfer_time,1780474372.3528554,0.00012368
experiment_name,a5b2381b-b6ab-4371-ba7b-8a9497e65502,function_transfer_time,1780474372.454172,0.000116742
experiment_name,a5b2381b-b6ab-4371-ba7b-8a9497e65502,function_transfer_time,1780474372.555515,0.000112209
experiment_name,a5b2381b-b6ab-4371-ba7b-8a9497e65502,function_transfer_time,1780474372.6568398,0.000108406
experiment_name,a5b2381b-b6ab-4371-ba7b-8a9497e65502,function_transfer_time,1780474372.7581677,0.000032495
experiment_name,a5b2381b-b6ab-4371-ba7b-8a9497e65502,function_transfer_time,1780474372.859568,0.000100277
experiment_name,a5b2381b-b6ab-4371-ba7b-8a9497e65502,function_transfer_time,1780474372.9608874,0.000049252
experiment_name,a5b2381b-b6ab-4371-ba7b-8a9497e65502,function_transfer_time,1780474373.0622134,0.000033756
experiment_name,a5b2381b-b6ab-4371-ba7b-8a9497e65502,function_transfer_time,1780474373.1626554,0.000052138
experiment_name,a5b2381b-b6ab-4371-ba7b-8a9497e65502,function_transfer_time,1780474373.2639265,0.000035801
experiment_name,a5b2381b-b6ab-4371-ba7b-8a9497e65502,function_transfer_time,1780474373.3653,0.000051797
experiment_name,a5b2381b-b6ab-4371-ba7b-8a9497e65502,function_transfer_time,1780474373.4666271,0.000053514
experiment_name,a5b2381b-b6ab-4371-ba7b-8a9497e65502,function_transfer_time,1780474373.567967,0.000099095
experiment_name,a5b2381b-b6ab-4371-ba7b-8a9497e65502,function_transfer_time,1780474373.6694717,0.000133267
experiment_name,a5b2381b-b6ab-4371-ba7b-8a9497e65502,function_transfer_time,1780474373.770787,0.000035493
experiment_name,a5b2381b-b6ab-4371-ba7b-8a9497e65502,function_transfer_time,1780474373.8721044,0.000112047
experiment_name,a5b2381b-b6ab-4371-ba7b-8a9497e65502,function_transfer_time,1780474373.9733744,0.00004296
experiment_name,a5b2381b-b6ab-4371-ba7b-8a9497e65502,function_transfer_time,1780474374.0737257,0.000112366
experiment_name,a5b2381b-b6ab-4371-ba7b-8a9497e65502,function_transfer_time,1780474374.1749897,0.000103898
experiment_name,a5b2381b-b6ab-4371-ba7b-8a9497e65502,function_transfer_time,1780474374.276385,0.000125056
experiment_name,a5b2381b-b6ab-4371-ba7b-8a9497e65502,function_transfer_time,1780474374.3766985,0.000110277
experiment_name,a5b2381b-b6ab-4371-ba7b-8a9497e65502,function_transfer_time,1780474374.4780362,0.000114714
experiment_name,a5b2381b-b6ab-4371-ba7b-8a9497e65502,function_transfer_time,1780474374.5793476,0.000029158
experiment_name,a5b2381b-b6ab-4371-ba7b-8a9497e65502,function_transfer_time,1780474374.679693,0.000106206
experiment_name,a5b2381b-b6ab-4371-ba7b-8a9497e65502,function_transfer_time,1780474374.78104,0.000038172
experiment_name,a5b2381b-b6ab-4371-ba7b-8a9497e65502,function_transfer_time,1780474374.8824372,0.000125265
experiment_name,a5b2381b-b6ab-4371-ba7b-8a9497e65502,function_transfer_time,1780474374.9837594,0.000116061
experiment_name,a5b2381b-b6ab-4371-ba7b-8a9497e65502,function_transfer_time,1780474375.0850592,0.000046714
experiment_name,a5b2381b-b6ab-4371-ba7b-8a9497e65502,function_transfer_time,1780474375.1864164,0.000123746
experiment_name,a5b2381b-b6ab-4371-ba7b-8a9497e65502,function_transfer_time,1780474375.2876678,0.000027889
experiment_name,a5b2381b-b6ab-4371-ba7b-8a9497e65502,function_transfer_time,1780474375.389176,0.000030461
experiment_name,a5b2381b-b6ab-4371-ba7b-8a9497e65502,function_transfer_time,1780474375.4905787,0.000103898
experiment_name,a5b2381b-b6ab-4371-ba7b-8a9497e65502,function_transfer_time,1780474375.591832,0.000043866
experiment_name,a5b2381b-b6ab-4371-ba7b-8a9497e65502,function_transfer_time,1780474375.6932397,0.000113747
experiment_name,a5b2381b-b6ab-4371-ba7b-8a9497e65502,function_transfer_time,1780474375.7945583,0.000043317
experiment_name,a5b2381b-b6ab-4371-ba7b-8a9497e65502,function_transfer_time,1780474375.8959801,0.000134822
experiment_name,a5b2381b-b6ab-4371-ba7b-8a9497e65502,function_transfer_time,1780474375.9973757,0.000133879
experiment_name,855bfdc2-2e02-47ca-82c6-73ffd9d90d4a,function_execution_time,1780474376.0976431,0.000099198
experiment_name,855bfdc2-2e02-47ca-82c6-73ffd9d90d4a,function_execution_time,1780474376.1988518,0.000084435
experiment_name,855bfdc2-2e02-47ca-82c6-73ffd9d90d4a,function_execution_time,1780474376.300435,0.000108139
experiment_name,855bfdc2-2e02-47ca-82c6-73ffd9d90d4a,function_execution_time,1780474376.40176,0.00008549
experiment_name,855bfdc2-2e02-47ca-82c6-73ffd9d90d4a,function_execution_time,1780474376.5030417,0.000082125
experiment_name,855bfdc2-2e02-47ca-82c6-73ffd9d90d4a,function_execution_time,1780474376.6043758,0.000078327
experiment_name,855bfdc2-2e02-47ca-82c6-73ffd9d90d4a,function_execution_time,1780474376.7057195,0.000090813
experiment_name,855bfdc2-2e02-47ca-82c6-73ffd9d90d4a,function_execution_time,1780474376.8071425,0.00016994
experiment_name,855bfdc2-2e02-47ca-82c6-73ffd9d90d4a,function_execution_time,1780474376.9083912,0.000080052
experiment_name,855bfdc2-2e02-47ca-82c6-73ffd9d90d4a,function_execution_time,1780474377.009661,0.000083479
experiment_name,855bfdc2-2e02-47ca-82c6-73ffd9d90d4a,function_execution_time,1780474377.1109896,0.000073574
experiment_name,855bfdc2-2e02-47ca-82c6-73ffd9d90d4a,function_execution_time,1780474377.2123427,0.000083787
experiment_name,855bfdc2-2e02-47ca-82c6-73ffd9d90d4a,function_execution_time,1780474377.3136015,0.000082406
experiment_name,855bfdc2-2e02-47ca-82c6-73ffd9d90d4a,function_execution_time,1780474377.4150298,0.000091255
experiment_name,855bfdc2-2e02-47ca-82c6-73ffd9d90d4a,function_execution_time,1780474377.5163333,0.000080055
experiment_name,855bfdc2-2e02-47ca-82c6-73ffd9d90d4a,function_execution_time,1780474377.6176262,0.000098701
experiment_name,855bfdc2-2e02-47ca-82c6-73ffd9d90d4a,function_execution_time,1780474377.7190268,0.000102162
experiment_name,855bfdc2-2e02-47ca-82c6-73ffd9d90d4a,function_execution_time,1780474377.8204107,0.000168398
experiment_name,855bfdc2-2e02-47ca-82c6-73ffd9d90d4a,function_execution_time,1780474377.921731,0.000078232
experiment_name,855bfdc2-2e02-47ca-82c6-73ffd9d90d4a,function_execution_time,1780474378.0230305,0.00008088
experiment_name,855bfdc2-2e02-47ca-82c6-73ffd9d90d4a,function_execution_time,1780474378.1243987,0.000103711
experiment_name,855bfdc2-2e02-47ca-82c6-73ffd9d90d4a,function_execution_time,1780474378.2257185,0.000104628
experiment_name,855bfdc2-2e02-47ca-82c6-73ffd9d90d4a,function_execution_time,1780474378.327006,0.000087107
experiment_name,855bfdc2-2e02-47ca-82c6-73ffd9d90d4a,function_execution_time,1780474378.4282682,0.000121612
experiment_name,855bfdc2-2e02-47ca-82c6-73ffd9d90d4a,function_execution_time,1780474378.5286434,0.000084655
experiment_name,855bfdc2-2e02-47ca-82c6-73ffd9d90d4a,function_execution_time,1780474378.6299808,0.000074713
experiment_name,855bfdc2-2e02-47ca-82c6-73ffd9d90d4a,function_execution_time,1780474378.7312987,0.000084452
experiment_name,855bfdc2-2e02-47ca-82c6-73ffd9d90d4a,function_execution_time,1780474378.8317187,0.00015444
experiment_name,855bfdc2-2e02-47ca-82c6-73ffd9d90d4a,function_execution_time,1780474378.9330335,0.000074868
experiment_name,855bfdc2-2e02-47ca-82c6-73ffd9d90d4a,function_execution_time,1780474379.0344057,0.000086397
experiment_name,855bfdc2-2e02-47ca-82c6-73ffd9d90d4a,function_execution_time,1780474379.135677,0.00008722
experiment_name,855bfdc2-2e02-47ca-82c6-73ffd9d90d4a,function_execution_time,1780474379.2369337,0.000082568
experiment_name,855bfdc2-2e02-47ca-82c6-73ffd9d90d4a,function_execution_time,1780474379.3382702,0.000084402
experiment_name,855bfdc2-2e02-47ca-82c6-73ffd9d90d4a,function_execution_time,1780474379.438676,0.000093317
experiment_name,855bfdc2-2e02-47ca-82c6-73ffd9d90d4a,function_execution_time,1780474379.5399172,0.000083606
experiment_name,855bfdc2-2e02-47ca-82c6-73ffd9d90d4a,function_execution_time,1780474379.641314,0.000115471
experiment_name,855bfdc2-2e02-47ca-82c6-73ffd9d90d4a,function_execution_time,1780474379.7416139,0.000097138
experiment_name,855bfdc2-2e02-47ca-82c6-73ffd9d90d4a,function_execution_time,1780474379.8428707,0.00010205
experiment_name,855bfdc2-2e02-47ca-82c6-73ffd9d90d4a,function_execution_time,1780474379.9443448,0.000087688
experiment_name,855bfdc2-2e02-47ca-82c6-73ffd9d90d4a,function_execution_time,1780474380.045753,0.000093638
experiment_name,855bfdc2-2e02-47ca-82c6-73ffd9d90d4a,function_execution_time,1780474380.1470053,0.00008729
experiment_name,855bfdc2-2e02-47ca-82c6-73ffd9d90d4a,function_execution_time,1780474380.2483451,0.000084927
experiment_name,855bfdc2-2e02-47ca-82c6-73ffd9d90d4a,function_execution_time,1780474380.349697,0.000086406
experiment_name,855bfdc2-2e02-47ca-82c6-73ffd9d90d4a,function_execution_time,1780474380.4510012,0.00007288
experiment_name,855bfdc2-2e02-47ca-82c6-73ffd9d90d4a,function_execution_time,1780474380.5523546,0.000076499
experiment_name,855bfdc2-2e02-47ca-82c6-73ffd9d90d4a,function_execution_time,1780474380.6536925,0.000094478
experiment_name,855bfdc2-2e02-47ca-82c6-73ffd9d90d4a,function_execution_time,1780474380.7550716,0.000105254
experiment_name,855bfdc2-2e02-47ca-82c6-73ffd9d90d4a,function_execution_time,1780474380.8563673,0.000150567
experiment_name,855bfdc2-2e02-47ca-82c6-73ffd9d90d4a,function_execution_time,1780474380.957707,0.000090977
experiment_name,a5b2381b-b6ab-4371-ba7b-8a9497e65502,function_execution_time,1780474376.097645,0.000064375
experiment_name,a5b2381b-b6ab-4371-ba7b-8a9497e65502,function_execution_time,1780474376.1990113,0.000058925
experiment_name,a5b2381b-b6ab-4371-ba7b-8a9497e65502,function_execution_time,1780474376.300527,0.00006492
experiment_name,a5b2381b-b6ab-4371-ba7b-8a9497e65502,function_execution_time,1780474376.4018435,0.000056491
experiment_name,a5b2381b-b6ab-4371-ba7b-8a9497e65502,function_execution_time,1780474376.5031233,0.00005967
experiment_name,a5b2381b-b6ab-4371-ba7b-8a9497e65502,function_execution_time,1780474376.6044765,0.000067088
experiment_name,a5b2381b-b6ab-4371-ba7b-8a9497e65502,function_execution_time,1780474376.7058778,0.000068471
experiment_name,a5b2381b-b6ab-4371-ba7b-8a9497e65502,function_execution_time,1780474376.8071983,0.000059223
experiment_name,a5b2381b-b6ab-4371-ba7b-8a9497e65502,function_execution_time,1780474376.9085243,0.000054573
experiment_name,a5b2381b-b6ab-4371-ba7b-8a9497e65502,function_execution_time,1780474377.0098,0.000056222
experiment_name,a5b2381b-b6ab-4371-ba7b-8a9497e65502,function_execution_time,1780474377.1110716,0.000060892
experiment_name,a5b2381b-b6ab-4371-ba7b-8a9497e65502,function_execution_time,1780474377.2124493,0.00006963
experiment_name,a5b2381b-b6ab-4371-ba7b-8a9497e65502,function_execution_time,1780474377.3137383,0.000056436
experiment_name,a5b2381b-b6ab-4371-ba7b-8a9497e65502,function_execution_time,1780474377.415117,0.000055969
experiment_name,a5b2381b-b6ab-4371-ba7b-8a9497e65502,function_execution_time,1780474377.5164883,0.00007455
experiment_name,a5b2381b-b6ab-4371-ba7b-8a9497e65502,function_execution_time,1780474377.6176896,0.000068282
experiment_name,a5b2381b-b6ab-4371-ba7b-8a9497e65502,function_execution_time,1780474377.7190762,0.000054807
experiment_name,a5b2381b-b6ab-4371-ba7b-8a9497e65502,function_execution_time,1780474377.8204756,0.000070604
experiment_name,a5b2381b-b6ab-4371-ba7b-8a9497e65502,function_execution_time,1780474377.9218054,0.00005908
experiment_name,a5b2381b-b6ab-4371-ba7b-8a9497e65502,function_execution_time,1780474378.0231812,0.000064271
experiment_name,a5b2381b-b6ab-4371-ba7b-8a9497e65502,function_execution_time,1780474378.1245146,0.000055268
experiment_name,a5b2381b-b6ab-4371-ba7b-8a9497e65502,function_execution_time,1780474378.22578,0.000064608
experiment_name,a5b2381b-b6ab-4371-ba7b-8a9497e65502,function_execution_time,1780474378.3271105,0.000059646
experiment_name,a5b2381b-b6ab-4371-ba7b-8a9497e65502,function_execution_time,1780474378.4283078,0.000072521
experiment_name,a5b2381b-b6ab-4371-ba7b-8a9497e65502,function_execution_time,1780474378.5287924,0.000064701
experiment_name,a5b2381b-b6ab-4371-ba7b-8a9497e65502,function_execution_time,1780474378.6300538,0.000058365
experiment_name,a5b2381b-b6ab-4371-ba7b-8a9497e65502,function_execution_time,1780474378.7314773,0.00007468
experiment_name,a5b2381b-b6ab-4371-ba7b-8a9497e65502,function_execution_time,1780474378.831772,0.000055662
experiment_name,a5b2381b-b6ab-4371-ba7b-8a9497e65502,function_execution_time,1780474378.9331775,0.000067458
experiment_name,a5b2381b-b6ab-4371-ba7b-8a9497e65502,function_execution_time,1780474379.0345047,0.000066491
experiment_name,a5b2381b-b6ab-4371-ba7b-8a9497e65502,function_execution_time,1780474379.1357598,0.000063186
experiment_name,a5b2381b-b6ab-4371-ba7b-8a9497e65502,function_execution_time,1780474379.2370858,0.000059552
experiment_name,a5b2381b-b6ab-4371-ba7b-8a9497e65502,function_execution_time,1780474379.3384318,0.000058716
experiment_name,a5b2381b-b6ab-4371-ba7b-8a9497e65502,function_execution_time,1780474379.4387417,0.000065793
experiment_name,a5b2381b-b6ab-4371-ba7b-8a9497e65502,function_execution_time,1780474379.540086,0.000058826
experiment_name,a5b2381b-b6ab-4371-ba7b-8a9497e65502,function_execution_time,1780474379.641356,0.000070972
experiment_name,a5b2381b-b6ab-4371-ba7b-8a9497e65502,function_execution_time,1780474379.7416265,0.000063073
experiment_name,a5b2381b-b6ab-4371-ba7b-8a9497e65502,function_execution_time,1780474379.843004,0.000072541
experiment_name,a5b2381b-b6ab-4371-ba7b-8a9497e65502,function_execution_time,1780474379.9445293,0.000066361
experiment_name,a5b2381b-b6ab-4371-ba7b-8a9497e65502,function_execution_time,1780474380.0458417,0.000062625
experiment_name,a5b2381b-b6ab-4371-ba7b-8a9497e65502,function_execution_time,1780474380.1471808,0.000064387
experiment_name,a5b2381b-b6ab-4371-ba7b-8a9497e65502,function_execution_time,1780474380.2485223,0.000066077
experiment_name,a5b2381b-b6ab-4371-ba7b-8a9497e65502,function_execution_time,1780474380.3498218,0.000056388
experiment_name,a5b2381b-b6ab-4371-ba7b-8a9497e65502,function_execution_time,1780474380.451139,0.000057431
experiment_name,a5b2381b-b6ab-4371-ba7b-8a9497e65502,function_execution_time,1780474380.5525203,0.000059719
experiment_name,a5b2381b-b6ab-4371-ba7b-8a9497e65502,function_execution_time,1780474380.6538353,0.00006703
experiment_name,a5b2381b-b6ab-4371-ba7b-8a9497e65502,function_execution_time,1780474380.7551026,0.000082118
experiment_name,a5b2381b-b6ab-4371-ba7b-8a9497e65502,function_execution_time,1780474380.85642,0.000056195
experiment_name,a5b2381b-b6ab-4371-ba7b-8a9497e65502,function_execution_time,1780474380.9577913,0.000057505
experiment_name,a5b2381b-b6ab-4371-ba7b-8a9497e65502,function_transfer_time,1780474376.0976388,0.000041184
experiment_name,a5b2381b-b6ab-4371-ba7b-8a9497e65502,function_transfer_time,1780474376.1989532,0.000126616
experiment_name,a5b2381b-b6ab-4371-ba7b-8a9497e65502,function_transfer_time,1780474376.3004577,0.000128501
experiment_name,a5b2381b-b6ab-4371-ba7b-8a9497e65502,function_transfer_time,1780474376.4017828,0.00011776
experiment_name,a5b2381b-b6ab-4371-ba7b-8a9497e65502,function_transfer_time,1780474376.5031192,0.000053328
experiment_name,a5b2381b-b6ab-4371-ba7b-8a9497e65502,function_transfer_time,1780474376.604401,0.000057352
experiment_name,a5b2381b-b6ab-4371-ba7b-8a9497e65502,function_transfer_time,1780474376.7058094,0.000116192
experiment_name,a5b2381b-b6ab-4371-ba7b-8a9497e65502,function_transfer_time,1780474376.8071394,0.000038512
experiment_name,a5b2381b-b6ab-4371-ba7b-8a9497e65502,function_transfer_time,1780474376.9084697,0.000107924
experiment_name,a5b2381b-b6ab-4371-ba7b-8a9497e65502,function_transfer_time,1780474377.009743,0.000115799
experiment_name,a5b2381b-b6ab-4371-ba7b-8a9497e65502,function_transfer_time,1780474377.1110585,0.000052601
experiment_name,a5b2381b-b6ab-4371-ba7b-8a9497e65502,function_transfer_time,1780474377.2124124,0.000050529
experiment_name,a5b2381b-b6ab-4371-ba7b-8a9497e65502,function_transfer_time,1780474377.3136811,0.000106145
experiment_name,a5b2381b-b6ab-4371-ba7b-8a9497e65502,function_transfer_time,1780474377.4150555,0.000124428
experiment_name,a5b2381b-b6ab-4371-ba7b-8a9497e65502,function_transfer_time,1780474377.5164857,0.000162992
experiment_name,a5b2381b-b6ab-4371-ba7b-8a9497e65502,function_transfer_time,1780474377.617623,0.000032599
experiment_name,a5b2381b-b6ab-4371-ba7b-8a9497e65502,function_transfer_time,1780474377.719023,0.000047003
experiment_name,a5b2381b-b6ab-4371-ba7b-8a9497e65502,function_transfer_time,1780474377.8204079,0.000033608
experiment_name,a5b2381b-b6ab-4371-ba7b-8a9497e65502,function_transfer_time,1780474377.9218028,0.000052429
experiment_name,a5b2381b-b6ab-4371-ba7b-8a9497e65502,function_transfer_time,1780474378.0231164,0.000108932
experiment_name,a5b2381b-b6ab-4371-ba7b-8a9497e65502,function_transfer_time,1780474378.12445,0.000101326
experiment_name,a5b2381b-b6ab-4371-ba7b-8a9497e65502,function_transfer_time,1780474378.2257152,0.000037256
experiment_name,a5b2381b-b6ab-4371-ba7b-8a9497e65502,function_transfer_time,1780474378.3270442,0.000120647
experiment_name,a5b2381b-b6ab-4371-ba7b-8a9497e65502,function_transfer_time,1780474378.4282293,0.000030584
experiment_name,a5b2381b-b6ab-4371-ba7b-8a9497e65502,function_transfer_time,1780474378.5287275,0.00011162
experiment_name,a5b2381b-b6ab-4371-ba7b-8a9497e65502,function_transfer_time,1780474378.6300511,0.000055103
experiment_name,a5b2381b-b6ab-4371-ba7b-8a9497e65502,function_transfer_time,1780474378.731401,0.000131752
experiment_name,a5b2381b-b6ab-4371-ba7b-8a9497e65502,function_transfer_time,1780474378.8317156,0.000031837
experiment_name,a5b2381b-b6ab-4371-ba7b-8a9497e65502,function_transfer_time,1780474378.9331214,0.000105233
experiment_name,a5b2381b-b6ab-4371-ba7b-8a9497e65502,function_transfer_time,1780474379.0344393,0.000109305
experiment_name,a5b2381b-b6ab-4371-ba7b-8a9497e65502,function_transfer_time,1780474379.135757,0.000049766
experiment_name,a5b2381b-b6ab-4371-ba7b-8a9497e65502,function_transfer_time,1780474379.2370253,0.000116544
experiment_name,a5b2381b-b6ab-4371-ba7b-8a9497e65502,function_transfer_time,1780474379.3383725,0.000127368
experiment_name,a5b2381b-b6ab-4371-ba7b-8a9497e65502,function_transfer_time,1780474379.4386795,0.000110922
experiment_name,a5b2381b-b6ab-4371-ba7b-8a9497e65502,function_transfer_time,1780474379.5400827,0.000120166
experiment_name,a5b2381b-b6ab-4371-ba7b-8a9497e65502,function_transfer_time,1780474379.6412826,0.000031684
experiment_name,a5b2381b-b6ab-4371-ba7b-8a9497e65502,function_transfer_time,1780474379.74161,0.000038156
experiment_name,a5b2381b-b6ab-4371-ba7b-8a9497e65502,function_transfer_time,1780474379.842926,0.000102724
experiment_name,a5b2381b-b6ab-4371-ba7b-8a9497e65502,function_transfer_time,1780474379.9444637,0.000148138
experiment_name,a5b2381b-b6ab-4371-ba7b-8a9497e65502,function_transfer_time,1780474380.0457718,0.00010863
experiment_name,a5b2381b-b6ab-4371-ba7b-8a9497e65502,function_transfer_time,1780474380.1471162,0.000137326
experiment_name,a5b2381b-b6ab-4371-ba7b-8a9497e65502,function_transfer_time,1780474380.2484558,0.000145414
experiment_name,a5b2381b-b6ab-4371-ba7b-8a9497e65502,function_transfer_time,1780474380.3497605,0.000106884
experiment_name,a5b2381b-b6ab-4371-ba7b-8a9497e65502,function_transfer_time,1780474380.4510813,0.000110263
experiment_name,a5b2381b-b6ab-4371-ba7b-8a9497e65502,function_transfer_time,1780474380.5524607,0.000139025
experiment_name,a5b2381b-b6ab-4371-ba7b-8a9497e65502,function_transfer_time,1780474380.6537616,0.000109055
experiment_name,a5b2381b-b6ab-4371-ba7b-8a9497e65502,function_transfer_time,1780474380.7550669,0.000032786
experiment_name,a5b2381b-b6ab-4371-ba7b-8a9497e65502,function_transfer_time,1780474380.856364,0.000038788
experiment_name,a5b2381b-b6ab-4371-ba7b-8a9497e65502,function_transfer_time,1780474380.9577274,0.000098931
experiment_name,855bfdc2-2e02-47ca-82c6-73ffd9d90d4a,function_transfer_time,1780474376.0974846,0.000029847
experiment_name,855bfdc2-2e02-47ca-82c6-73ffd9d90d4a,function_transfer_time,1780474376.1987708,0.000031391
experiment_name,855bfdc2-2e02-47ca-82c6-73ffd9d90d4a,function_transfer_time,1780474376.3002675,0.000095118
experiment_name,855bfdc2-2e02-47ca-82c6-73ffd9d90d4a,function_transfer_time,1780474376.4016147,0.000082123
experiment_name,855bfdc2-2e02-47ca-82c6-73ffd9d90d4a,function_transfer_time,1780474376.5029564,0.000076002
experiment_name,855bfdc2-2e02-47ca-82c6-73ffd9d90d4a,function_transfer_time,1780474376.6042829,0.000082614
experiment_name,855bfdc2-2e02-47ca-82c6-73ffd9d90d4a,function_transfer_time,1780474376.705632,0.000079486
experiment_name,855bfdc2-2e02-47ca-82c6-73ffd9d90d4a,function_transfer_time,1780474376.8069682,0.000092966
experiment_name,855bfdc2-2e02-47ca-82c6-73ffd9d90d4a,function_transfer_time,1780474376.9083078,0.000026663
experiment_name,855bfdc2-2e02-47ca-82c6-73ffd9d90d4a,function_transfer_time,1780474377.0095747,0.000023278
experiment_name,855bfdc2-2e02-47ca-82c6-73ffd9d90d4a,function_transfer_time,1780474377.11091,0.000082409
experiment_name,855bfdc2-2e02-47ca-82c6-73ffd9d90d4a,function_transfer_time,1780474377.2122617,0.00009242
experiment_name,855bfdc2-2e02-47ca-82c6-73ffd9d90d4a,function_transfer_time,1780474377.3135223,0.000026998
experiment_name,855bfdc2-2e02-47ca-82c6-73ffd9d90d4a,function_transfer_time,1780474377.4148743,0.000083142
experiment_name,855bfdc2-2e02-47ca-82c6-73ffd9d90d4a,function_transfer_time,1780474377.5162003,0.000085057
experiment_name,855bfdc2-2e02-47ca-82c6-73ffd9d90d4a,function_transfer_time,1780474377.617528,0.000031685
experiment_name,855bfdc2-2e02-47ca-82c6-73ffd9d90d4a,function_transfer_time,1780474377.7189152,0.000094439
experiment_name,855bfdc2-2e02-47ca-82c6-73ffd9d90d4a,function_transfer_time,1780474377.82024,0.00008533
experiment_name,855bfdc2-2e02-47ca-82c6-73ffd9d90d4a,function_transfer_time,1780474377.921651,0.00008045
experiment_name,855bfdc2-2e02-47ca-82c6-73ffd9d90d4a,function_transfer_time,1780474378.0229535,0.000079648
experiment_name,855bfdc2-2e02-47ca-82c6-73ffd9d90d4a,function_transfer_time,1780474378.1242883,0.000080491
experiment_name,855bfdc2-2e02-47ca-82c6-73ffd9d90d4a,function_transfer_time,1780474378.225617,0.000087757
experiment_name,855bfdc2-2e02-47ca-82c6-73ffd9d90d4a,function_transfer_time,1780474378.3268728,0.000028937
experiment_name,855bfdc2-2e02-47ca-82c6-73ffd9d90d4a,function_transfer_time,1780474378.4281416,0.000026381
experiment_name,855bfdc2-2e02-47ca-82c6-73ffd9d90d4a,function_transfer_time,1780474378.52856,0.000087541
experiment_name,855bfdc2-2e02-47ca-82c6-73ffd9d90d4a,function_transfer_time,1780474378.6298945,0.000079669
experiment_name,855bfdc2-2e02-47ca-82c6-73ffd9d90d4a,function_transfer_time,1780474378.731212,0.000080663
experiment_name,855bfdc2-2e02-47ca-82c6-73ffd9d90d4a,function_transfer_time,1780474378.8315656,0.000080702
experiment_name,855bfdc2-2e02-47ca-82c6-73ffd9d90d4a,function_transfer_time,1780474378.9329526,0.000092387
experiment_name,855bfdc2-2e02-47ca-82c6-73ffd9d90d4a,function_transfer_time,1780474379.0342748,0.000079282
experiment_name,855bfdc2-2e02-47ca-82c6-73ffd9d90d4a,function_transfer_time,1780474379.1355925,0.000077214
experiment_name,855bfdc2-2e02-47ca-82c6-73ffd9d90d4a,function_transfer_time,1780474379.2368536,0.000024429
experiment_name,855bfdc2-2e02-47ca-82c6-73ffd9d90d4a,function_transfer_time,1780474379.338192,0.000084103
experiment_name,855bfdc2-2e02-47ca-82c6-73ffd9d90d4a,function_transfer_time,1780474379.4385107,0.000080547
experiment_name,855bfdc2-2e02-47ca-82c6-73ffd9d90d4a,function_transfer_time,1780474379.5398364,0.000082434
experiment_name,855bfdc2-2e02-47ca-82c6-73ffd9d90d4a,function_transfer_time,1780474379.6411939,0.000088395
experiment_name,855bfdc2-2e02-47ca-82c6-73ffd9d90d4a,function_transfer_time,1780474379.7414691,0.000034926
experiment_name,855bfdc2-2e02-47ca-82c6-73ffd9d90d4a,function_transfer_time,1780474379.8427598,0.000033517
experiment_name,855bfdc2-2e02-47ca-82c6-73ffd9d90d4a,function_transfer_time,1780474379.9442525,0.000085605
experiment_name,855bfdc2-2e02-47ca-82c6-73ffd9d90d4a,function_transfer_time,1780474380.0456061,0.000085078
experiment_name,855bfdc2-2e02-47ca-82c6-73ffd9d90d4a,function_transfer_time,1780474380.1469212,0.000087926
experiment_name,855bfdc2-2e02-47ca-82c6-73ffd9d90d4a,function_transfer_time,1780474380.2482574,0.000078827
experiment_name,855bfdc2-2e02-47ca-82c6-73ffd9d90d4a,function_transfer_time,1780474380.3496027,0.000084092
experiment_name,855bfdc2-2e02-47ca-82c6-73ffd9d90d4a,function_transfer_time,1780474380.450918,0.000074778
experiment_name,855bfdc2-2e02-47ca-82c6-73ffd9d90d4a,function_transfer_time,1780474380.552266,0.000082035
experiment_name,855bfdc2-2e02-47ca-82c6-73ffd9d90d4a,function_transfer_time,1780474380.6535935,0.000085951
experiment_name,855bfdc2-2e02-47ca-82c6-73ffd9d90d4a,function_transfer_time,1780474380.7549293,0.000093118
experiment_name,855bfdc2-2e02-47ca-82c6-73ffd9d90d4a,function_transfer_time,1780474380.8562086,0.000026677
experiment_name,855bfdc2-2e02-47ca-82c6-73ffd9d90d4a,function_transfer_time,1780474380.957572,0.000087322
experiment_name,a5b2381b-b6ab-4371-ba7b-8a9497e65502,function_execution_time,1780474381.0588286,0.000058513
experiment_name,a5b2381b-b6ab-4371-ba7b-8a9497e65502,function_execution_time,1780474381.1601782,0.000066055
experiment_name,a5b2381b-b6ab-4371-ba7b-8a9497e65502,function_execution_time,1780474381.2615206,0.000055813
experiment_name,a5b2381b-b6ab-4371-ba7b-8a9497e65502,function_execution_time,1780474381.3628564,0.000059754
experiment_name,a5b2381b-b6ab-4371-ba7b-8a9497e65502,function_execution_time,1780474381.4641051,0.000057766
experiment_name,a5b2381b-b6ab-4371-ba7b-8a9497e65502,function_execution_time,1780474381.5654633,0.000078555
experiment_name,a5b2381b-b6ab-4371-ba7b-8a9497e65502,function_execution_time,1780474381.6657844,0.000056749
experiment_name,a5b2381b-b6ab-4371-ba7b-8a9497e65502,function_execution_time,1780474381.7671363,0.00005635
experiment_name,a5b2381b-b6ab-4371-ba7b-8a9497e65502,function_execution_time,1780474381.868404,0.00006645
experiment_name,a5b2381b-b6ab-4371-ba7b-8a9497e65502,function_execution_time,1780474381.969805,0.000056529
experiment_name,a5b2381b-b6ab-4371-ba7b-8a9497e65502,function_execution_time,1780474382.0711489,0.000066372
experiment_name,a5b2381b-b6ab-4371-ba7b-8a9497e65502,function_execution_time,1780474382.172342,0.000059728
experiment_name,a5b2381b-b6ab-4371-ba7b-8a9497e65502,function_execution_time,1780474382.2728658,0.000067837
experiment_name,a5b2381b-b6ab-4371-ba7b-8a9497e65502,function_execution_time,1780474382.3741145,0.000057636
experiment_name,a5b2381b-b6ab-4371-ba7b-8a9497e65502,function_execution_time,1780474382.4754663,0.000081624
experiment_name,a5b2381b-b6ab-4371-ba7b-8a9497e65502,function_execution_time,1780474382.575756,0.000060064
experiment_name,a5b2381b-b6ab-4371-ba7b-8a9497e65502,function_execution_time,1780474382.6771183,0.000056772
experiment_name,a5b2381b-b6ab-4371-ba7b-8a9497e65502,function_execution_time,1780474382.778492,0.000071054
experiment_name,a5b2381b-b6ab-4371-ba7b-8a9497e65502,function_execution_time,1780474382.8798118,0.000067119
experiment_name,a5b2381b-b6ab-4371-ba7b-8a9497e65502,function_execution_time,1780474382.981169,0.000067249
experiment_name,a5b2381b-b6ab-4371-ba7b-8a9497e65502,function_execution_time,1780474383.0825381,0.000056563
experiment_name,a5b2381b-b6ab-4371-ba7b-8a9497e65502,function_execution_time,1780474383.1838899,0.000056114
experiment_name,a5b2381b-b6ab-4371-ba7b-8a9497e65502,function_execution_time,1780474383.285126,0.000061292
experiment_name,a5b2381b-b6ab-4371-ba7b-8a9497e65502,function_execution_time,1780474383.3865294,0.000065128
experiment_name,a5b2381b-b6ab-4371-ba7b-8a9497e65502,function_execution_time,1780474383.4879022,0.000064124
experiment_name,a5b2381b-b6ab-4371-ba7b-8a9497e65502,function_execution_time,1780474383.589396,0.000058911
experiment_name,a5b2381b-b6ab-4371-ba7b-8a9497e65502,function_execution_time,1780474383.6897697,0.000058186
experiment_name,a5b2381b-b6ab-4371-ba7b-8a9497e65502,function_execution_time,1780474383.7910893,0.000060418
experiment_name,a5b2381b-b6ab-4371-ba7b-8a9497e65502,function_execution_time,1780474383.8924096,0.000064924
experiment_name,a5b2381b-b6ab-4371-ba7b-8a9497e65502,function_execution_time,1780474383.9938943,0.000055783
experiment_name,a5b2381b-b6ab-4371-ba7b-8a9497e65502,function_execution_time,1780474384.0952272,0.000058931
experiment_name,a5b2381b-b6ab-4371-ba7b-8a9497e65502,function_execution_time,1780474384.1965666,0.000057463
experiment_name,a5b2381b-b6ab-4371-ba7b-8a9497e65502,function_execution_time,1780474384.2980626,0.000066605
experiment_name,a5b2381b-b6ab-4371-ba7b-8a9497e65502,function_execution_time,1780474384.3993766,0.000055788
experiment_name,a5b2381b-b6ab-4371-ba7b-8a9497e65502,function_execution_time,1780474384.500643,0.000062077
experiment_name,a5b2381b-b6ab-4371-ba7b-8a9497e65502,function_execution_time,1780474384.6020656,0.000063556
experiment_name,a5b2381b-b6ab-4371-ba7b-8a9497e65502,function_execution_time,1780474384.7034764,0.000073911
experiment_name,a5b2381b-b6ab-4371-ba7b-8a9497e65502,function_execution_time,1780474384.8048143,0.000065443
experiment_name,a5b2381b-b6ab-4371-ba7b-8a9497e65502,function_execution_time,1780474384.906127,0.000059564
experiment_name,a5b2381b-b6ab-4371-ba7b-8a9497e65502,function_execution_time,1780474385.0075228,0.000059751
experiment_name,a5b2381b-b6ab-4371-ba7b-8a9497e65502,function_execution_time,1780474385.1088903,0.000059399
experiment_name,a5b2381b-b6ab-4371-ba7b-8a9497e65502,function_execution_time,1780474385.2103424,0.000069762
experiment_name,a5b2381b-b6ab-4371-ba7b-8a9497e65502,function_execution_time,1780474385.311622,0.000064699
experiment_name,a5b2381b-b6ab-4371-ba7b-8a9497e65502,function_execution_time,1780474385.4131284,0.000056143
experiment_name,a5b2381b-b6ab-4371-ba7b-8a9497e65502,function_execution_time,1780474385.5145466,0.000057857
experiment_name,a5b2381b-b6ab-4371-ba7b-8a9497e65502,function_execution_time,1780474385.6158903,0.00007032
experiment_name,a5b2381b-b6ab-4371-ba7b-8a9497e65502,function_execution_time,1780474385.7171981,0.000059938
experiment_name,a5b2381b-b6ab-4371-ba7b-8a9497e65502,function_execution_time,1780474385.818531,0.0000571
experiment_name,a5b2381b-b6ab-4371-ba7b-8a9497e65502,function_execution_time,1780474385.9198995,0.000055812
experiment_name,855bfdc2-2e02-47ca-82c6-73ffd9d90d4a,function_execution_time,1780474381.0586956,0.000078755
experiment_name,855bfdc2-2e02-47ca-82c6-73ffd9d90d4a,function_execution_time,1780474381.1600497,0.000099049
experiment_name,855bfdc2-2e02-47ca-82c6-73ffd9d90d4a,function_execution_time,1780474381.2613702,0.000082366
experiment_name,855bfdc2-2e02-47ca-82c6-73ffd9d90d4a,function_execution_time,1780474381.3627625,0.000092032
experiment_name,855bfdc2-2e02-47ca-82c6-73ffd9d90d4a,function_execution_time,1780474381.4640167,0.000091709
experiment_name,855bfdc2-2e02-47ca-82c6-73ffd9d90d4a,function_execution_time,1780474381.5653093,0.000092488
experiment_name,855bfdc2-2e02-47ca-82c6-73ffd9d90d4a,function_execution_time,1780474381.665636,0.000080043
experiment_name,855bfdc2-2e02-47ca-82c6-73ffd9d90d4a,function_execution_time,1780474381.7669857,0.000074463
experiment_name,855bfdc2-2e02-47ca-82c6-73ffd9d90d4a,function_execution_time,1780474381.8683395,0.00016541
experiment_name,855bfdc2-2e02-47ca-82c6-73ffd9d90d4a,function_execution_time,1780474381.9697125,0.000107232
experiment_name,855bfdc2-2e02-47ca-82c6-73ffd9d90d4a,function_execution_time,1780474382.070997,0.000075035
experiment_name,855bfdc2-2e02-47ca-82c6-73ffd9d90d4a,function_execution_time,1780474382.1722853,0.000099065
experiment_name,855bfdc2-2e02-47ca-82c6-73ffd9d90d4a,function_execution_time,1780474382.2727666,0.000105599
experiment_name,855bfdc2-2e02-47ca-82c6-73ffd9d90d4a,function_execution_time,1780474382.3739607,0.000086304
experiment_name,855bfdc2-2e02-47ca-82c6-73ffd9d90d4a,function_execution_time,1780474382.4752998,0.00007768
experiment_name,855bfdc2-2e02-47ca-82c6-73ffd9d90d4a,function_execution_time,1780474382.5756278,0.0000782
experiment_name,855bfdc2-2e02-47ca-82c6-73ffd9d90d4a,function_execution_time,1780474382.676978,0.000085167
experiment_name,855bfdc2-2e02-47ca-82c6-73ffd9d90d4a,function_execution_time,1780474382.7783332,0.00008013
experiment_name,855bfdc2-2e02-47ca-82c6-73ffd9d90d4a,function_execution_time,1780474382.8797472,0.00015691
experiment_name,855bfdc2-2e02-47ca-82c6-73ffd9d90d4a,function_execution_time,1780474382.9810789,0.000081923
experiment_name,855bfdc2-2e02-47ca-82c6-73ffd9d90d4a,function_execution_time,1780474383.082403,0.000086797
experiment_name,855bfdc2-2e02-47ca-82c6-73ffd9d90d4a,function_execution_time,1780474383.18374,0.000074878
experiment_name,855bfdc2-2e02-47ca-82c6-73ffd9d90d4a,function_execution_time,1780474383.2850773,0.000092815
experiment_name,855bfdc2-2e02-47ca-82c6-73ffd9d90d4a,function_execution_time,1780474383.3863857,0.000091211
experiment_name,855bfdc2-2e02-47ca-82c6-73ffd9d90d4a,function_execution_time,1780474383.4877462,0.00009083
experiment_name,855bfdc2-2e02-47ca-82c6-73ffd9d90d4a,function_execution_time,1780474383.5892396,0.000085215
experiment_name,855bfdc2-2e02-47ca-82c6-73ffd9d90d4a,function_execution_time,1780474383.6896112,0.000081261
experiment_name,855bfdc2-2e02-47ca-82c6-73ffd9d90d4a,function_execution_time,1780474383.790944,0.000088461
experiment_name,855bfdc2-2e02-47ca-82c6-73ffd9d90d4a,function_execution_time,1780474383.8923478,0.000158099
experiment_name,855bfdc2-2e02-47ca-82c6-73ffd9d90d4a,function_execution_time,1780474383.9938366,0.000086589
experiment_name,855bfdc2-2e02-47ca-82c6-73ffd9d90d4a,function_execution_time,1780474384.0950792,0.0000847
experiment_name,855bfdc2-2e02-47ca-82c6-73ffd9d90d4a,function_execution_time,1780474384.196412,0.000079455
experiment_name,855bfdc2-2e02-47ca-82c6-73ffd9d90d4a,function_execution_time,1780474384.2978961,0.000074431
experiment_name,855bfdc2-2e02-47ca-82c6-73ffd9d90d4a,function_execution_time,1780474384.3992655,0.00008724
experiment_name,855bfdc2-2e02-47ca-82c6-73ffd9d90d4a,function_execution_time,1780474384.500585,0.000109871
experiment_name,855bfdc2-2e02-47ca-82c6-73ffd9d90d4a,function_execution_time,1780474384.6019866,0.0000739
experiment_name,855bfdc2-2e02-47ca-82c6-73ffd9d90d4a,function_execution_time,1780474384.7033212,0.000076372
experiment_name,855bfdc2-2e02-47ca-82c6-73ffd9d90d4a,function_execution_time,1780474384.8046553,0.000087492
experiment_name,855bfdc2-2e02-47ca-82c6-73ffd9d90d4a,function_execution_time,1780474384.9060714,0.000160627
experiment_name,855bfdc2-2e02-47ca-82c6-73ffd9d90d4a,function_execution_time,1780474385.0073762,0.000075393
experiment_name,855bfdc2-2e02-47ca-82c6-73ffd9d90d4a,function_execution_time,1780474385.10873,0.000074823
experiment_name,855bfdc2-2e02-47ca-82c6-73ffd9d90d4a,function_execution_time,1780474385.2102225,0.000107736
experiment_name,855bfdc2-2e02-47ca-82c6-73ffd9d90d4a,function_execution_time,1780474385.31153,0.000092806
experiment_name,855bfdc2-2e02-47ca-82c6-73ffd9d90d4a,function_execution_time,1780474385.4130464,0.000083446
experiment_name,855bfdc2-2e02-47ca-82c6-73ffd9d90d4a,function_execution_time,1780474385.5143762,0.000085465
experiment_name,855bfdc2-2e02-47ca-82c6-73ffd9d90d4a,function_execution_time,1780474385.6157851,0.000087911
experiment_name,855bfdc2-2e02-47ca-82c6-73ffd9d90d4a,function_execution_time,1780474385.7170477,0.000074346
experiment_name,855bfdc2-2e02-47ca-82c6-73ffd9d90d4a,function_execution_time,1780474385.818373,0.00007509
experiment_name,855bfdc2-2e02-47ca-82c6-73ffd9d90d4a,function_execution_time,1780474385.9198458,0.00016684
experiment_name,855bfdc2-2e02-47ca-82c6-73ffd9d90d4a,function_transfer_time,1780474381.0586154,0.000085904
experiment_name,855bfdc2-2e02-47ca-82c6-73ffd9d90d4a,function_transfer_time,1780474381.1599429,0.000098713
experiment_name,855bfdc2-2e02-47ca-82c6-73ffd9d90d4a,function_transfer_time,1780474381.2612848,0.000083226
experiment_name,855bfdc2-2e02-47ca-82c6-73ffd9d90d4a,function_transfer_time,1780474381.3626137,0.000080451
experiment_name,855bfdc2-2e02-47ca-82c6-73ffd9d90d4a,function_transfer_time,1780474381.4638715,0.000027216
experiment_name,855bfdc2-2e02-47ca-82c6-73ffd9d90d4a,function_transfer_time,1780474381.565219,0.000088622
experiment_name,855bfdc2-2e02-47ca-82c6-73ffd9d90d4a,function_transfer_time,1780474381.6655476,0.000084449
experiment_name,855bfdc2-2e02-47ca-82c6-73ffd9d90d4a,function_transfer_time,1780474381.7669024,0.000082808
experiment_name,855bfdc2-2e02-47ca-82c6-73ffd9d90d4a,function_transfer_time,1780474381.868165,0.000024535
experiment_name,855bfdc2-2e02-47ca-82c6-73ffd9d90d4a,function_transfer_time,1780474381.9695668,0.000079821
experiment_name,855bfdc2-2e02-47ca-82c6-73ffd9d90d4a,function_transfer_time,1780474382.070912,0.000078625
experiment_name,855bfdc2-2e02-47ca-82c6-73ffd9d90d4a,function_transfer_time,1780474382.1721816,0.000024636
experiment_name,855bfdc2-2e02-47ca-82c6-73ffd9d90d4a,function_transfer_time,1780474382.2726157,0.000086973
experiment_name,855bfdc2-2e02-47ca-82c6-73ffd9d90d4a,function_transfer_time,1780474382.3738756,0.000026235
experiment_name,855bfdc2-2e02-47ca-82c6-73ffd9d90d4a,function_transfer_time,1780474382.4752197,0.000080167
experiment_name,855bfdc2-2e02-47ca-82c6-73ffd9d90d4a,function_transfer_time,1780474382.5755458,0.000083343
experiment_name,855bfdc2-2e02-47ca-82c6-73ffd9d90d4a,function_transfer_time,1780474382.6768918,0.000087728
experiment_name,855bfdc2-2e02-47ca-82c6-73ffd9d90d4a,function_transfer_time,1780474382.7782514,0.000083601
experiment_name,855bfdc2-2e02-47ca-82c6-73ffd9d90d4a,function_transfer_time,1780474382.8795855,0.00009629
experiment_name,855bfdc2-2e02-47ca-82c6-73ffd9d90d4a,function_transfer_time,1780474382.9809928,0.000091941
experiment_name,855bfdc2-2e02-47ca-82c6-73ffd9d90d4a,function_transfer_time,1780474383.0823174,0.00007896
experiment_name,855bfdc2-2e02-47ca-82c6-73ffd9d90d4a,function_transfer_time,1780474383.1836557,0.000077568
experiment_name,855bfdc2-2e02-47ca-82c6-73ffd9d90d4a,function_transfer_time,1780474383.2849808,0.000084259
experiment_name,855bfdc2-2e02-47ca-82c6-73ffd9d90d4a,function_transfer_time,1780474383.3862875,0.000085069
experiment_name,855bfdc2-2e02-47ca-82c6-73ffd9d90d4a,function_transfer_time,1780474383.4877348,0.000095913
experiment_name,855bfdc2-2e02-47ca-82c6-73ffd9d90d4a,function_transfer_time,1780474383.5891585,0.000100381
experiment_name,855bfdc2-2e02-47ca-82c6-73ffd9d90d4a,function_transfer_time,1780474383.6895318,0.0001037
experiment_name,855bfdc2-2e02-47ca-82c6-73ffd9d90d4a,function_transfer_time,1780474383.7908576,0.000081315
experiment_name,855bfdc2-2e02-47ca-82c6-73ffd9d90d4a,function_transfer_time,1780474383.8921924,0.000082324
experiment_name,855bfdc2-2e02-47ca-82c6-73ffd9d90d4a,function_transfer_time,1780474383.9936805,0.000085035
experiment_name,855bfdc2-2e02-47ca-82c6-73ffd9d90d4a,function_transfer_time,1780474384.0949981,0.000083712
experiment_name,855bfdc2-2e02-47ca-82c6-73ffd9d90d4a,function_transfer_time,1780474384.196328,0.000070709
experiment_name,855bfdc2-2e02-47ca-82c6-73ffd9d90d4a,function_transfer_time,1780474384.2978117,0.000080666
experiment_name,855bfdc2-2e02-47ca-82c6-73ffd9d90d4a,function_transfer_time,1780474384.3991733,0.000100491
experiment_name,855bfdc2-2e02-47ca-82c6-73ffd9d90d4a,function_transfer_time,1780474384.500475,0.000079794
experiment_name,855bfdc2-2e02-47ca-82c6-73ffd9d90d4a,function_transfer_time,1780474384.6018982,0.000086598
experiment_name,855bfdc2-2e02-47ca-82c6-73ffd9d90d4a,function_transfer_time,1780474384.7032406,0.000081326
experiment_name,855bfdc2-2e02-47ca-82c6-73ffd9d90d4a,function_transfer_time,1780474384.8045695,0.000095196
experiment_name,855bfdc2-2e02-47ca-82c6-73ffd9d90d4a,function_transfer_time,1780474384.9059145,0.000077255
experiment_name,855bfdc2-2e02-47ca-82c6-73ffd9d90d4a,function_transfer_time,1780474385.0072942,0.000087597
experiment_name,855bfdc2-2e02-47ca-82c6-73ffd9d90d4a,function_transfer_time,1780474385.1087255,0.000097164
experiment_name,855bfdc2-2e02-47ca-82c6-73ffd9d90d4a,function_transfer_time,1780474385.2101073,0.000026118
experiment_name,855bfdc2-2e02-47ca-82c6-73ffd9d90d4a,function_transfer_time,1780474385.3114424,0.000089993
experiment_name,855bfdc2-2e02-47ca-82c6-73ffd9d90d4a,function_transfer_time,1780474385.4129665,0.000089321
experiment_name,855bfdc2-2e02-47ca-82c6-73ffd9d90d4a,function_transfer_time,1780474385.5142894,0.000085561
experiment_name,855bfdc2-2e02-47ca-82c6-73ffd9d90d4a,function_transfer_time,1780474385.615631,0.000080688
experiment_name,855bfdc2-2e02-47ca-82c6-73ffd9d90d4a,function_transfer_time,1780474385.716964,0.000079419
experiment_name,855bfdc2-2e02-47ca-82c6-73ffd9d90d4a,function_transfer_time,1780474385.818291,0.000081116
experiment_name,855bfdc2-2e02-47ca-82c6-73ffd9d90d4a,function_transfer_time,1780474385.9196808,0.000079057
experiment_name,a5b2381b-b6ab-4371-ba7b-8a9497e65502,function_transfer_time,1780474381.0587695,0.000103938
experiment_name,a5b2381b-b6ab-4371-ba7b-8a9497e65502,function_transfer_time,1780474381.160104,0.000105359
experiment_name,a5b2381b-b6ab-4371-ba7b-8a9497e65502,function_transfer_time,1780474381.2614636,0.000123002
experiment_name,a5b2381b-b6ab-4371-ba7b-8a9497e65502,function_transfer_time,1780474381.3627896,0.000121828
experiment_name,a5b2381b-b6ab-4371-ba7b-8a9497e65502,function_transfer_time,1780474381.4640434,0.000116405
experiment_name,a5b2381b-b6ab-4371-ba7b-8a9497e65502,function_transfer_time,1780474381.5653775,0.000106954
experiment_name,a5b2381b-b6ab-4371-ba7b-8a9497e65502,function_transfer_time,1780474381.665727,0.000122541
experiment_name,a5b2381b-b6ab-4371-ba7b-8a9497e65502,function_transfer_time,1780474381.7670789,0.000123586
experiment_name,a5b2381b-b6ab-4371-ba7b-8a9497e65502,function_transfer_time,1780474381.868344,0.000042283
experiment_name,a5b2381b-b6ab-4371-ba7b-8a9497e65502,function_transfer_time,1780474381.9697413,0.000112314
experiment_name,a5b2381b-b6ab-4371-ba7b-8a9497e65502,function_transfer_time,1780474382.0710816,0.000116698
experiment_name,a5b2381b-b6ab-4371-ba7b-8a9497e65502,function_transfer_time,1780474382.1722822,0.000036607
experiment_name,a5b2381b-b6ab-4371-ba7b-8a9497e65502,function_transfer_time,1780474382.2727914,0.000113482
experiment_name,a5b2381b-b6ab-4371-ba7b-8a9497e65502,function_transfer_time,1780474382.374056,0.000119661
experiment_name,a5b2381b-b6ab-4371-ba7b-8a9497e65502,function_transfer_time,1780474382.4753823,0.000109677
experiment_name,a5b2381b-b6ab-4371-ba7b-8a9497e65502,function_transfer_time,1780474382.5757039,0.000097534
experiment_name,a5b2381b-b6ab-4371-ba7b-8a9497e65502,function_transfer_time,1780474382.6770604,0.000115734
experiment_name,a5b2381b-b6ab-4371-ba7b-8a9497e65502,function_transfer_time,1780474382.7784169,0.000111659
experiment_name,a5b2381b-b6ab-4371-ba7b-8a9497e65502,function_transfer_time,1780474382.8797443,0.000036577
experiment_name,a5b2381b-b6ab-4371-ba7b-8a9497e65502,function_transfer_time,1780474382.9811482,0.000051948
experiment_name,a5b2381b-b6ab-4371-ba7b-8a9497e65502,function_transfer_time,1780474383.082481,0.000103259
experiment_name,a5b2381b-b6ab-4371-ba7b-8a9497e65502,function_transfer_time,1780474383.1838331,0.000125555
experiment_name,a5b2381b-b6ab-4371-ba7b-8a9497e65502,function_transfer_time,1780474383.2850637,0.000029047
experiment_name,a5b2381b-b6ab-4371-ba7b-8a9497e65502,function_transfer_time,1780474383.386456,0.000117838
experiment_name,a5b2381b-b6ab-4371-ba7b-8a9497e65502,function_transfer_time,1780474383.4878387,0.000120292
experiment_name,a5b2381b-b6ab-4371-ba7b-8a9497e65502,function_transfer_time,1780474383.589337,0.000121218
experiment_name,a5b2381b-b6ab-4371-ba7b-8a9497e65502,function_transfer_time,1780474383.689711,0.000127089
experiment_name,a5b2381b-b6ab-4371-ba7b-8a9497e65502,function_transfer_time,1780474383.791027,0.000109889
experiment_name,a5b2381b-b6ab-4371-ba7b-8a9497e65502,function_transfer_time,1780474383.8923447,0.000034452
experiment_name,a5b2381b-b6ab-4371-ba7b-8a9497e65502,function_transfer_time,1780474383.9938402,0.000104525
experiment_name,a5b2381b-b6ab-4371-ba7b-8a9497e65502,function_transfer_time,1780474384.0951676,0.000117254
experiment_name,a5b2381b-b6ab-4371-ba7b-8a9497e65502,function_transfer_time,1780474384.1965067,0.000125125
experiment_name,a5b2381b-b6ab-4371-ba7b-8a9497e65502,function_transfer_time,1780474384.297995,0.000129317
experiment_name,a5b2381b-b6ab-4371-ba7b-8a9497e65502,function_transfer_time,1780474384.3993158,0.000093743
experiment_name,a5b2381b-b6ab-4371-ba7b-8a9497e65502,function_transfer_time,1780474384.500582,0.000039334
experiment_name,a5b2381b-b6ab-4371-ba7b-8a9497e65502,function_transfer_time,1780474384.602063,0.000059708
experiment_name,a5b2381b-b6ab-4371-ba7b-8a9497e65502,function_transfer_time,1780474384.7033994,0.000106474
experiment_name,a5b2381b-b6ab-4371-ba7b-8a9497e65502,function_transfer_time,1780474384.8047483,0.000125467
experiment_name,a5b2381b-b6ab-4371-ba7b-8a9497e65502,function_transfer_time,1780474384.9060683,0.000033091
experiment_name,a5b2381b-b6ab-4371-ba7b-8a9497e65502,function_transfer_time,1780474385.007478,0.000118214
experiment_name,a5b2381b-b6ab-4371-ba7b-8a9497e65502,function_transfer_time,1780474385.1088307,0.00012748
experiment_name,a5b2381b-b6ab-4371-ba7b-8a9497e65502,function_transfer_time,1780474385.2102656,0.000093252
experiment_name,a5b2381b-b6ab-4371-ba7b-8a9497e65502,function_transfer_time,1780474385.3115983,0.000055533
experiment_name,a5b2381b-b6ab-4371-ba7b-8a9497e65502,function_transfer_time,1780474385.4130697,0.000048218
experiment_name,a5b2381b-b6ab-4371-ba7b-8a9497e65502,function_transfer_time,1780474385.5144832,0.000140228
experiment_name,a5b2381b-b6ab-4371-ba7b-8a9497e65502,function_transfer_time,1780474385.615815,0.000129702
experiment_name,a5b2381b-b6ab-4371-ba7b-8a9497e65502,function_transfer_time,1780474385.7171361,0.000119786
experiment_name,a5b2381b-b6ab-4371-ba7b-8a9497e65502,function_transfer_time,1780474385.8184717,0.000128526
experiment_name,a5b2381b-b6ab-4371-ba7b-8a9497e65502,function_transfer_time,1780474385.919843,0.000036418
experiment_name,855bfdc2-2e02-47ca-82c6-73ffd9d90d4a,function_execution_time,1780474386.0212982,0.000165218
experiment_name,855bfdc2-2e02-47ca-82c6-73ffd9d90d4a,function_execution_time,1780474386.1223717,0.000079302
experiment_name,855bfdc2-2e02-47ca-82c6-73ffd9d90d4a,function_execution_time,1780474386.2237427,0.000109497
experiment_name,855bfdc2-2e02-47ca-82c6-73ffd9d90d4a,function_execution_time,1780474386.325123,0.000108633
experiment_name,855bfdc2-2e02-47ca-82c6-73ffd9d90d4a,function_execution_time,1780474386.426446,0.000090508
experiment_name,855bfdc2-2e02-47ca-82c6-73ffd9d90d4a,function_execution_time,1780474386.527652,0.00010891
experiment_name,855bfdc2-2e02-47ca-82c6-73ffd9d90d4a,function_execution_time,1780474386.6289525,0.000078311
experiment_name,855bfdc2-2e02-47ca-82c6-73ffd9d90d4a,function_execution_time,1780474386.7302144,0.000081337
experiment_name,855bfdc2-2e02-47ca-82c6-73ffd9d90d4a,function_execution_time,1780474386.8315477,0.000079057
experiment_name,855bfdc2-2e02-47ca-82c6-73ffd9d90d4a,function_execution_time,1780474386.932959,0.000164586
experiment_name,855bfdc2-2e02-47ca-82c6-73ffd9d90d4a,function_execution_time,1780474387.03425,0.000074392
experiment_name,855bfdc2-2e02-47ca-82c6-73ffd9d90d4a,function_execution_time,1780474387.1346004,0.000076977
experiment_name,855bfdc2-2e02-47ca-82c6-73ffd9d90d4a,function_execution_time,1780474387.2359946,0.000126232
experiment_name,855bfdc2-2e02-47ca-82c6-73ffd9d90d4a,function_execution_time,1780474387.3372138,0.000080714
experiment_name,855bfdc2-2e02-47ca-82c6-73ffd9d90d4a,function_execution_time,1780474387.4385493,0.000074389
experiment_name,855bfdc2-2e02-47ca-82c6-73ffd9d90d4a,function_execution_time,1780474387.5398993,0.000093053
experiment_name,855bfdc2-2e02-47ca-82c6-73ffd9d90d4a,function_execution_time,1780474387.641277,0.0000915
experiment_name,855bfdc2-2e02-47ca-82c6-73ffd9d90d4a,function_execution_time,1780474387.7425406,0.00011219
experiment_name,855bfdc2-2e02-47ca-82c6-73ffd9d90d4a,function_execution_time,1780474387.8438334,0.000075004
experiment_name,855bfdc2-2e02-47ca-82c6-73ffd9d90d4a,function_execution_time,1780474387.9452171,0.000156879
experiment_name,855bfdc2-2e02-47ca-82c6-73ffd9d90d4a,function_execution_time,1780474388.0465386,0.000076174
experiment_name,855bfdc2-2e02-47ca-82c6-73ffd9d90d4a,function_execution_time,1780474388.1478713,0.000077343
experiment_name,855bfdc2-2e02-47ca-82c6-73ffd9d90d4a,function_execution_time,1780474388.2492023,0.000077736
experiment_name,855bfdc2-2e02-47ca-82c6-73ffd9d90d4a,function_execution_time,1780474388.3496299,0.00010171
experiment_name,855bfdc2-2e02-47ca-82c6-73ffd9d90d4a,function_execution_time,1780474388.450881,0.000072862
experiment_name,855bfdc2-2e02-47ca-82c6-73ffd9d90d4a,function_execution_time,1780474388.552215,0.00007981
experiment_name,855bfdc2-2e02-47ca-82c6-73ffd9d90d4a,function_execution_time,1780474388.653617,0.000091724
experiment_name,855bfdc2-2e02-47ca-82c6-73ffd9d90d4a,function_execution_time,1780474388.7548773,0.000074037
experiment_name,855bfdc2-2e02-47ca-82c6-73ffd9d90d4a,function_execution_time,1780474388.856219,0.000073253
experiment_name,855bfdc2-2e02-47ca-82c6-73ffd9d90d4a,function_execution_time,1780474388.9576283,0.000160977
experiment_name,855bfdc2-2e02-47ca-82c6-73ffd9d90d4a,function_execution_time,1780474389.0590248,0.000091443
experiment_name,855bfdc2-2e02-47ca-82c6-73ffd9d90d4a,function_execution_time,1780474389.1602123,0.000097212
experiment_name,855bfdc2-2e02-47ca-82c6-73ffd9d90d4a,function_execution_time,1780474389.2615414,0.0000947
experiment_name,855bfdc2-2e02-47ca-82c6-73ffd9d90d4a,function_execution_time,1780474389.3628573,0.000096791
experiment_name,855bfdc2-2e02-47ca-82c6-73ffd9d90d4a,function_execution_time,1780474389.464123,0.000087898
experiment_name,855bfdc2-2e02-47ca-82c6-73ffd9d90d4a,function_execution_time,1780474389.5654788,0.000090041
experiment_name,855bfdc2-2e02-47ca-82c6-73ffd9d90d4a,function_execution_time,1780474389.6667995,0.000084888
experiment_name,855bfdc2-2e02-47ca-82c6-73ffd9d90d4a,function_execution_time,1780474389.768208,0.000093342
experiment_name,855bfdc2-2e02-47ca-82c6-73ffd9d90d4a,function_execution_time,1780474389.8694558,0.000091038
experiment_name,855bfdc2-2e02-47ca-82c6-73ffd9d90d4a,function_execution_time,1780474389.9708848,0.000148366
experiment_name,855bfdc2-2e02-47ca-82c6-73ffd9d90d4a,function_execution_time,1780474390.0722666,0.00009384
experiment_name,855bfdc2-2e02-47ca-82c6-73ffd9d90d4a,function_execution_time,1780474390.1734812,0.000097145
experiment_name,855bfdc2-2e02-47ca-82c6-73ffd9d90d4a,function_execution_time,1780474390.2748146,0.000095533
experiment_name,855bfdc2-2e02-47ca-82c6-73ffd9d90d4a,function_execution_time,1780474390.376111,0.000090254
experiment_name,855bfdc2-2e02-47ca-82c6-73ffd9d90d4a,function_execution_time,1780474390.4773786,0.000072795
experiment_name,855bfdc2-2e02-47ca-82c6-73ffd9d90d4a,function_execution_time,1780474390.5787053,0.000078234
experiment_name,855bfdc2-2e02-47ca-82c6-73ffd9d90d4a,function_execution_time,1780474390.6800454,0.000079908
experiment_name,855bfdc2-2e02-47ca-82c6-73ffd9d90d4a,function_execution_time,1780474390.7814674,0.000088545
experiment_name,855bfdc2-2e02-47ca-82c6-73ffd9d90d4a,function_execution_time,1780474390.8827176,0.00007199
experiment_name,855bfdc2-2e02-47ca-82c6-73ffd9d90d4a,function_execution_time,1780474390.9841304,0.000164333
experiment_name,a5b2381b-b6ab-4371-ba7b-8a9497e65502,function_execution_time,1780474386.0213392,0.000107722
experiment_name,a5b2381b-b6ab-4371-ba7b-8a9497e65502,function_execution_time,1780474386.1224802,0.00008258
experiment_name,a5b2381b-b6ab-4371-ba7b-8a9497e65502,function_execution_time,1780474386.2238626,0.000066374
experiment_name,a5b2381b-b6ab-4371-ba7b-8a9497e65502,function_execution_time,1780474386.3252134,0.0000614
experiment_name,a5b2381b-b6ab-4371-ba7b-8a9497e65502,function_execution_time,1780474386.426559,0.000073921
experiment_name,a5b2381b-b6ab-4371-ba7b-8a9497e65502,function_execution_time,1780474386.5277894,0.000157595
experiment_name,a5b2381b-b6ab-4371-ba7b-8a9497e65502,function_execution_time,1780474386.6290936,0.000057579
experiment_name,a5b2381b-b6ab-4371-ba7b-8a9497e65502,function_execution_time,1780474386.730374,0.000061457
experiment_name,a5b2381b-b6ab-4371-ba7b-8a9497e65502,function_execution_time,1780474386.8317208,0.000057794
experiment_name,a5b2381b-b6ab-4371-ba7b-8a9497e65502,function_execution_time,1780474386.93309,0.000065657
experiment_name,a5b2381b-b6ab-4371-ba7b-8a9497e65502,function_execution_time,1780474387.0344076,0.00006221
experiment_name,a5b2381b-b6ab-4371-ba7b-8a9497e65502,function_execution_time,1780474387.1346815,0.000060714
experiment_name,a5b2381b-b6ab-4371-ba7b-8a9497e65502,function_execution_time,1780474387.2360234,0.000155163
experiment_name,a5b2381b-b6ab-4371-ba7b-8a9497e65502,function_execution_time,1780474387.3373697,0.000056196
experiment_name,a5b2381b-b6ab-4371-ba7b-8a9497e65502,function_execution_time,1780474387.4387238,0.000071079
experiment_name,a5b2381b-b6ab-4371-ba7b-8a9497e65502,function_execution_time,1780474387.5400193,0.000059949
experiment_name,a5b2381b-b6ab-4371-ba7b-8a9497e65502,function_execution_time,1780474387.64138,0.000058951
experiment_name,a5b2381b-b6ab-4371-ba7b-8a9497e65502,function_execution_time,1780474387.7426295,0.00005885
experiment_name,a5b2381b-b6ab-4371-ba7b-8a9497e65502,function_execution_time,1780474387.843996,0.000063279
experiment_name,a5b2381b-b6ab-4371-ba7b-8a9497e65502,function_execution_time,1780474387.945273,0.000060099
experiment_name,a5b2381b-b6ab-4371-ba7b-8a9497e65502,function_execution_time,1780474388.046691,0.000055297
experiment_name,a5b2381b-b6ab-4371-ba7b-8a9497e65502,function_execution_time,1780474388.148009,0.000054388
experiment_name,a5b2381b-b6ab-4371-ba7b-8a9497e65502,function_execution_time,1780474388.2493355,0.000055528
experiment_name,a5b2381b-b6ab-4371-ba7b-8a9497e65502,function_execution_time,1780474388.349718,0.000062237
experiment_name,a5b2381b-b6ab-4371-ba7b-8a9497e65502,function_execution_time,1780474388.4510355,0.000055485
experiment_name,a5b2381b-b6ab-4371-ba7b-8a9497e65502,function_execution_time,1780474388.5523736,0.00005561
experiment_name,a5b2381b-b6ab-4371-ba7b-8a9497e65502,function_execution_time,1780474388.6537013,0.00005549
experiment_name,a5b2381b-b6ab-4371-ba7b-8a9497e65502,function_execution_time,1780474388.7549572,0.000065211
experiment_name,a5b2381b-b6ab-4371-ba7b-8a9497e65502,function_execution_time,1780474388.8563514,0.000059326
experiment_name,a5b2381b-b6ab-4371-ba7b-8a9497e65502,function_execution_time,1780474388.9576828,0.000058407
experiment_name,a5b2381b-b6ab-4371-ba7b-8a9497e65502,function_execution_time,1780474389.0590303,0.000058494
experiment_name,a5b2381b-b6ab-4371-ba7b-8a9497e65502,function_execution_time,1780474389.1602778,0.000068416
experiment_name,a5b2381b-b6ab-4371-ba7b-8a9497e65502,function_execution_time,1780474389.26155,0.000060731
experiment_name,a5b2381b-b6ab-4371-ba7b-8a9497e65502,function_execution_time,1780474389.362874,0.000058736
experiment_name,a5b2381b-b6ab-4371-ba7b-8a9497e65502,function_execution_time,1780474389.4642572,0.000056831
experiment_name,a5b2381b-b6ab-4371-ba7b-8a9497e65502,function_execution_time,1780474389.5655558,0.000059052
experiment_name,a5b2381b-b6ab-4371-ba7b-8a9497e65502,function_execution_time,1780474389.6669583,0.000063387
experiment_name,a5b2381b-b6ab-4371-ba7b-8a9497e65502,function_execution_time,1780474389.76822,0.000065137
experiment_name,a5b2381b-b6ab-4371-ba7b-8a9497e65502,function_execution_time,1780474389.869613,0.000055636
experiment_name,a5b2381b-b6ab-4371-ba7b-8a9497e65502,function_execution_time,1780474389.970956,0.000073778
experiment_name,a5b2381b-b6ab-4371-ba7b-8a9497e65502,function_execution_time,1780474390.0723538,0.000059563
experiment_name,a5b2381b-b6ab-4371-ba7b-8a9497e65502,function_execution_time,1780474390.173608,0.000058674
experiment_name,a5b2381b-b6ab-4371-ba7b-8a9497e65502,function_execution_time,1780474390.2749043,0.000061392
experiment_name,a5b2381b-b6ab-4371-ba7b-8a9497e65502,function_execution_time,1780474390.3762145,0.000074554
experiment_name,a5b2381b-b6ab-4371-ba7b-8a9497e65502,function_execution_time,1780474390.4775293,0.00005556
experiment_name,a5b2381b-b6ab-4371-ba7b-8a9497e65502,function_execution_time,1780474390.5788472,0.000059679
experiment_name,a5b2381b-b6ab-4371-ba7b-8a9497e65502,function_execution_time,1780474390.6802022,0.000055509
experiment_name,a5b2381b-b6ab-4371-ba7b-8a9497e65502,function_execution_time,1780474390.7815564,0.00006142
experiment_name,a5b2381b-b6ab-4371-ba7b-8a9497e65502,function_execution_time,1780474390.8828542,0.000055228
experiment_name,a5b2381b-b6ab-4371-ba7b-8a9497e65502,function_execution_time,1780474390.9841857,0.000060896
experiment_name,855bfdc2-2e02-47ca-82c6-73ffd9d90d4a,function_transfer_time,1780474386.021126,0.000024824
experiment_name,855bfdc2-2e02-47ca-82c6-73ffd9d90d4a,function_transfer_time,1780474386.1222882,0.000084632
experiment_name,855bfdc2-2e02-47ca-82c6-73ffd9d90d4a,function_transfer_time,1780474386.2236261,0.000091052
experiment_name,855bfdc2-2e02-47ca-82c6-73ffd9d90d4a,function_transfer_time,1780474386.3249688,0.000091504
experiment_name,855bfdc2-2e02-47ca-82c6-73ffd9d90d4a,function_transfer_time,1780474386.426286,0.000026197
experiment_name,855bfdc2-2e02-47ca-82c6-73ffd9d90d4a,function_transfer_time,1780474386.5275395,0.000027848
experiment_name,855bfdc2-2e02-47ca-82c6-73ffd9d90d4a,function_transfer_time,1780474386.6288686,0.000085607
experiment_name,855bfdc2-2e02-47ca-82c6-73ffd9d90d4a,function_transfer_time,1780474386.7301285,0.000028908
experiment_name,855bfdc2-2e02-47ca-82c6-73ffd9d90d4a,function_transfer_time,1780474386.8314674,0.000084528
experiment_name,855bfdc2-2e02-47ca-82c6-73ffd9d90d4a,function_transfer_time,1780474386.932786,0.000078013
experiment_name,855bfdc2-2e02-47ca-82c6-73ffd9d90d4a,function_transfer_time,1780474387.0341659,0.00008461
experiment_name,855bfdc2-2e02-47ca-82c6-73ffd9d90d4a,function_transfer_time,1780474387.1345172,0.000082252
experiment_name,855bfdc2-2e02-47ca-82c6-73ffd9d90d4a,function_transfer_time,1780474387.2357848,0.000028744
experiment_name,855bfdc2-2e02-47ca-82c6-73ffd9d90d4a,function_transfer_time,1780474387.3371308,0.000101528
experiment_name,855bfdc2-2e02-47ca-82c6-73ffd9d90d4a,function_transfer_time,1780474387.4384646,0.000098031
experiment_name,855bfdc2-2e02-47ca-82c6-73ffd9d90d4a,function_transfer_time,1780474387.5397985,0.000082935
experiment_name,855bfdc2-2e02-47ca-82c6-73ffd9d90d4a,function_transfer_time,1780474387.641124,0.000076852
experiment_name,855bfdc2-2e02-47ca-82c6-73ffd9d90d4a,function_transfer_time,1780474387.7423804,0.000026426
experiment_name,855bfdc2-2e02-47ca-82c6-73ffd9d90d4a,function_transfer_time,1780474387.843749,0.000097155
experiment_name,855bfdc2-2e02-47ca-82c6-73ffd9d90d4a,function_transfer_time,1780474387.9450614,0.00007998
experiment_name,855bfdc2-2e02-47ca-82c6-73ffd9d90d4a,function_transfer_time,1780474388.0464528,0.000085992
experiment_name,855bfdc2-2e02-47ca-82c6-73ffd9d90d4a,function_transfer_time,1780474388.1477873,0.000087485
experiment_name,855bfdc2-2e02-47ca-82c6-73ffd9d90d4a,function_transfer_time,1780474388.249124,0.000087915
experiment_name,855bfdc2-2e02-47ca-82c6-73ffd9d90d4a,function_transfer_time,1780474388.349477,0.000095346
experiment_name,855bfdc2-2e02-47ca-82c6-73ffd9d90d4a,function_transfer_time,1780474388.450795,0.000088163
experiment_name,855bfdc2-2e02-47ca-82c6-73ffd9d90d4a,function_transfer_time,1780474388.5521398,0.000079063
experiment_name,855bfdc2-2e02-47ca-82c6-73ffd9d90d4a,function_transfer_time,1780474388.653464,0.000094791
experiment_name,855bfdc2-2e02-47ca-82c6-73ffd9d90d4a,function_transfer_time,1780474388.7547927,0.000084069
experiment_name,855bfdc2-2e02-47ca-82c6-73ffd9d90d4a,function_transfer_time,1780474388.8561401,0.000081798
experiment_name,855bfdc2-2e02-47ca-82c6-73ffd9d90d4a,function_transfer_time,1780474388.9574606,0.000089104
experiment_name,855bfdc2-2e02-47ca-82c6-73ffd9d90d4a,function_transfer_time,1780474389.0588524,0.000084671
experiment_name,855bfdc2-2e02-47ca-82c6-73ffd9d90d4a,function_transfer_time,1780474389.1601126,0.000026962
experiment_name,855bfdc2-2e02-47ca-82c6-73ffd9d90d4a,function_transfer_time,1780474389.2613766,0.000027198
experiment_name,855bfdc2-2e02-47ca-82c6-73ffd9d90d4a,function_transfer_time,1780474389.3627098,0.000089774
experiment_name,855bfdc2-2e02-47ca-82c6-73ffd9d90d4a,function_transfer_time,1780474389.4640357,0.000084048
experiment_name,855bfdc2-2e02-47ca-82c6-73ffd9d90d4a,function_transfer_time,1780474389.5653899,0.000084544
experiment_name,855bfdc2-2e02-47ca-82c6-73ffd9d90d4a,function_transfer_time,1780474389.6667185,0.000086467
experiment_name,855bfdc2-2e02-47ca-82c6-73ffd9d90d4a,function_transfer_time,1780474389.7680652,0.000087889
experiment_name,855bfdc2-2e02-47ca-82c6-73ffd9d90d4a,function_transfer_time,1780474389.869368,0.000089425
experiment_name,855bfdc2-2e02-47ca-82c6-73ffd9d90d4a,function_transfer_time,1780474389.9707282,0.000093001
experiment_name,855bfdc2-2e02-47ca-82c6-73ffd9d90d4a,function_transfer_time,1780474390.0721128,0.000085392
experiment_name,855bfdc2-2e02-47ca-82c6-73ffd9d90d4a,function_transfer_time,1780474390.1733792,0.000026197
experiment_name,855bfdc2-2e02-47ca-82c6-73ffd9d90d4a,function_transfer_time,1780474390.2746742,0.000028325
experiment_name,855bfdc2-2e02-47ca-82c6-73ffd9d90d4a,function_transfer_time,1780474390.3759685,0.000079597
experiment_name,855bfdc2-2e02-47ca-82c6-73ffd9d90d4a,function_transfer_time,1780474390.477298,0.000081462
experiment_name,855bfdc2-2e02-47ca-82c6-73ffd9d90d4a,function_transfer_time,1780474390.5786233,0.000087311
experiment_name,855bfdc2-2e02-47ca-82c6-73ffd9d90d4a,function_transfer_time,1780474390.679968,0.000093312
experiment_name,855bfdc2-2e02-47ca-82c6-73ffd9d90d4a,function_transfer_time,1780474390.781313,0.000084453
experiment_name,855bfdc2-2e02-47ca-82c6-73ffd9d90d4a,function_transfer_time,1780474390.8826334,0.000085265
experiment_name,855bfdc2-2e02-47ca-82c6-73ffd9d90d4a,function_transfer_time,1780474390.9839683,0.000079991
experiment_name,a5b2381b-b6ab-4371-ba7b-8a9497e65502,function_transfer_time,1780474386.0212307,0.000032239
experiment_name,a5b2381b-b6ab-4371-ba7b-8a9497e65502,function_transfer_time,1780474386.1224496,0.00005398
experiment_name,a5b2381b-b6ab-4371-ba7b-8a9497e65502,function_transfer_time,1780474386.2237887,0.000098742
experiment_name,a5b2381b-b6ab-4371-ba7b-8a9497e65502,function_transfer_time,1780474386.325145,0.000108202
experiment_name,a5b2381b-b6ab-4371-ba7b-8a9497e65502,function_transfer_time,1780474386.4264798,0.000142076
experiment_name,a5b2381b-b6ab-4371-ba7b-8a9497e65502,function_transfer_time,1780474386.5276268,0.000031804
experiment_name,a5b2381b-b6ab-4371-ba7b-8a9497e65502,function_transfer_time,1780474386.6290355,0.000113309
experiment_name,a5b2381b-b6ab-4371-ba7b-8a9497e65502,function_transfer_time,1780474386.7303114,0.000124167
experiment_name,a5b2381b-b6ab-4371-ba7b-8a9497e65502,function_transfer_time,1780474386.8316603,0.000135726
experiment_name,a5b2381b-b6ab-4371-ba7b-8a9497e65502,function_transfer_time,1780474386.9329557,0.000037829
experiment_name,a5b2381b-b6ab-4371-ba7b-8a9497e65502,function_transfer_time,1780474387.034353,0.000123488
experiment_name,a5b2381b-b6ab-4371-ba7b-8a9497e65502,function_transfer_time,1780474387.1346788,0.000058704
experiment_name,a5b2381b-b6ab-4371-ba7b-8a9497e65502,function_transfer_time,1780474387.235874,0.000031
experiment_name,a5b2381b-b6ab-4371-ba7b-8a9497e65502,function_transfer_time,1780474387.3373134,0.000129023
experiment_name,a5b2381b-b6ab-4371-ba7b-8a9497e65502,function_transfer_time,1780474387.4386525,0.000134361
experiment_name,a5b2381b-b6ab-4371-ba7b-8a9497e65502,function_transfer_time,1780474387.5399535,0.000101818
experiment_name,a5b2381b-b6ab-4371-ba7b-8a9497e65502,function_transfer_time,1780474387.6413112,0.000128778
experiment_name,a5b2381b-b6ab-4371-ba7b-8a9497e65502,function_transfer_time,1780474387.7425663,0.000131064
experiment_name,a5b2381b-b6ab-4371-ba7b-8a9497e65502,function_transfer_time,1780474387.8439324,0.000129864
experiment_name,a5b2381b-b6ab-4371-ba7b-8a9497e65502,function_transfer_time,1780474387.9452138,0.000038161
experiment_name,a5b2381b-b6ab-4371-ba7b-8a9497e65502,function_transfer_time,1780474388.046635,0.00012956
experiment_name,a5b2381b-b6ab-4371-ba7b-8a9497e65502,function_transfer_time,1780474388.1479545,0.000111562
experiment_name,a5b2381b-b6ab-4371-ba7b-8a9497e65502,function_transfer_time,1780474388.2492793,0.000102183
experiment_name,a5b2381b-b6ab-4371-ba7b-8a9497e65502,function_transfer_time,1780474388.3496492,0.000110468
experiment_name,a5b2381b-b6ab-4371-ba7b-8a9497e65502,function_transfer_time,1780474388.4509795,0.000133107
experiment_name,a5b2381b-b6ab-4371-ba7b-8a9497e65502,function_transfer_time,1780474388.552318,0.000126045
experiment_name,a5b2381b-b6ab-4371-ba7b-8a9497e65502,function_transfer_time,1780474388.6536393,0.000126517
experiment_name,a5b2381b-b6ab-4371-ba7b-8a9497e65502,function_transfer_time,1780474388.7549543,0.00005387
experiment_name,a5b2381b-b6ab-4371-ba7b-8a9497e65502,function_transfer_time,1780474388.8563066,0.000100096
experiment_name,a5b2381b-b6ab-4371-ba7b-8a9497e65502,function_transfer_time,1780474388.957625,0.000037732
experiment_name,a5b2381b-b6ab-4371-ba7b-8a9497e65502,function_transfer_time,1780474389.0590286,0.000047877
experiment_name,a5b2381b-b6ab-4371-ba7b-8a9497e65502,function_transfer_time,1780474389.1602092,0.00003654
experiment_name,a5b2381b-b6ab-4371-ba7b-8a9497e65502,function_transfer_time,1780474389.2615473,0.00005191
experiment_name,a5b2381b-b6ab-4371-ba7b-8a9497e65502,function_transfer_time,1780474389.3628616,0.000040586
experiment_name,a5b2381b-b6ab-4371-ba7b-8a9497e65502,function_transfer_time,1780474389.4641998,0.000105578
experiment_name,a5b2381b-b6ab-4371-ba7b-8a9497e65502,function_transfer_time,1780474389.565553,0.000047337
experiment_name,a5b2381b-b6ab-4371-ba7b-8a9497e65502,function_transfer_time,1780474389.6668942,0.000122101
experiment_name,a5b2381b-b6ab-4371-ba7b-8a9497e65502,function_transfer_time,1780474389.7682042,0.000035333
experiment_name,a5b2381b-b6ab-4371-ba7b-8a9497e65502,function_transfer_time,1780474389.8695576,0.000135742
experiment_name,a5b2381b-b6ab-4371-ba7b-8a9497e65502,function_transfer_time,1780474389.9708812,0.000044668
experiment_name,a5b2381b-b6ab-4371-ba7b-8a9497e65502,function_transfer_time,1780474390.0722878,0.000115131
experiment_name,a5b2381b-b6ab-4371-ba7b-8a9497e65502,function_transfer_time,1780474390.1735432,0.000112729
experiment_name,a5b2381b-b6ab-4371-ba7b-8a9497e65502,function_transfer_time,1780474390.274836,0.000106512
experiment_name,a5b2381b-b6ab-4371-ba7b-8a9497e65502,function_transfer_time,1780474390.3761334,0.000116034
experiment_name,a5b2381b-b6ab-4371-ba7b-8a9497e65502,function_transfer_time,1780474390.4774702,0.000121152
experiment_name,a5b2381b-b6ab-4371-ba7b-8a9497e65502,function_transfer_time,1780474390.5787861,0.000109991
experiment_name,a5b2381b-b6ab-4371-ba7b-8a9497e65502,function_transfer_time,1780474390.6801462,0.000124782
experiment_name,a5b2381b-b6ab-4371-ba7b-8a9497e65502,function_transfer_time,1780474390.7814884,0.000121364
experiment_name,a5b2381b-b6ab-4371-ba7b-8a9497e65502,function_transfer_time,1780474390.8827994,0.000114517
experiment_name,a5b2381b-b6ab-4371-ba7b-8a9497e65502,function_transfer_time,1780474390.984127,0.000035555
experiment_name,855bfdc2-2e02-47ca-82c6-73ffd9d90d4a,function_execution_time,1780474391.0852578,0.000092403
experiment_name,855bfdc2-2e02-47ca-82c6-73ffd9d90d4a,function_execution_time,1780474391.1865861,0.000100164
experiment_name,855bfdc2-2e02-47ca-82c6-73ffd9d90d4a,function_execution_time,1780474391.2878747,0.000094756
experiment_name,855bfdc2-2e02-47ca-82c6-73ffd9d90d4a,function_execution_time,1780474391.3892279,0.000092211
experiment_name,855bfdc2-2e02-47ca-82c6-73ffd9d90d4a,function_execution_time,1780474391.490525,0.000115915
experiment_name,855bfdc2-2e02-47ca-82c6-73ffd9d90d4a,function_execution_time,1780474391.5918112,0.000074018
experiment_name,855bfdc2-2e02-47ca-82c6-73ffd9d90d4a,function_execution_time,1780474391.6931615,0.000073365
experiment_name,855bfdc2-2e02-47ca-82c6-73ffd9d90d4a,function_execution_time,1780474391.7946496,0.000244811
experiment_name,855bfdc2-2e02-47ca-82c6-73ffd9d90d4a,function_execution_time,1780474391.8958633,0.000094329
experiment_name,855bfdc2-2e02-47ca-82c6-73ffd9d90d4a,function_execution_time,1780474391.9971974,0.000147837
experiment_name,855bfdc2-2e02-47ca-82c6-73ffd9d90d4a,function_execution_time,1780474392.098552,0.000102934
experiment_name,855bfdc2-2e02-47ca-82c6-73ffd9d90d4a,function_execution_time,1780474392.1998303,0.000071699
experiment_name,855bfdc2-2e02-47ca-82c6-73ffd9d90d4a,function_execution_time,1780474392.3011425,0.000073383
experiment_name,855bfdc2-2e02-47ca-82c6-73ffd9d90d4a,function_execution_time,1780474392.4024315,0.000089925
experiment_name,855bfdc2-2e02-47ca-82c6-73ffd9d90d4a,function_execution_time,1780474392.5038292,0.000083555
experiment_name,855bfdc2-2e02-47ca-82c6-73ffd9d90d4a,function_execution_time,1780474392.6051211,0.000081507
experiment_name,855bfdc2-2e02-47ca-82c6-73ffd9d90d4a,function_execution_time,1780474392.706381,0.000073754
experiment_name,855bfdc2-2e02-47ca-82c6-73ffd9d90d4a,function_execution_time,1780474392.8077514,0.000089153
experiment_name,855bfdc2-2e02-47ca-82c6-73ffd9d90d4a,function_execution_time,1780474392.9090233,0.000081074
experiment_name,855bfdc2-2e02-47ca-82c6-73ffd9d90d4a,function_execution_time,1780474393.010426,0.000165914
experiment_name,855bfdc2-2e02-47ca-82c6-73ffd9d90d4a,function_execution_time,1780474393.111753,0.000095709
experiment_name,855bfdc2-2e02-47ca-82c6-73ffd9d90d4a,function_execution_time,1780474393.2130556,0.000073166
experiment_name,855bfdc2-2e02-47ca-82c6-73ffd9d90d4a,function_execution_time,1780474393.314308,0.000074979
experiment_name,855bfdc2-2e02-47ca-82c6-73ffd9d90d4a,function_execution_time,1780474393.4156373,0.000073333
experiment_name,855bfdc2-2e02-47ca-82c6-73ffd9d90d4a,function_execution_time,1780474393.5168617,0.000082918
experiment_name,855bfdc2-2e02-47ca-82c6-73ffd9d90d4a,function_execution_time,1780474393.6181464,0.000094221
experiment_name,855bfdc2-2e02-47ca-82c6-73ffd9d90d4a,function_execution_time,1780474393.7193992,0.000075038
experiment_name,855bfdc2-2e02-47ca-82c6-73ffd9d90d4a,function_execution_time,1780474393.8206959,0.000078943
experiment_name,855bfdc2-2e02-47ca-82c6-73ffd9d90d4a,function_execution_time,1780474393.9219518,0.000076222
experiment_name,855bfdc2-2e02-47ca-82c6-73ffd9d90d4a,function_execution_time,1780474394.0233307,0.000144587
experiment_name,855bfdc2-2e02-47ca-82c6-73ffd9d90d4a,function_execution_time,1780474394.1236808,0.00007713
experiment_name,855bfdc2-2e02-47ca-82c6-73ffd9d90d4a,function_execution_time,1780474394.2249508,0.000093195
experiment_name,855bfdc2-2e02-47ca-82c6-73ffd9d90d4a,function_execution_time,1780474394.3263245,0.000090325
experiment_name,855bfdc2-2e02-47ca-82c6-73ffd9d90d4a,function_execution_time,1780474394.4265907,0.000075689
experiment_name,855bfdc2-2e02-47ca-82c6-73ffd9d90d4a,function_execution_time,1780474394.527849,0.000075761
experiment_name,855bfdc2-2e02-47ca-82c6-73ffd9d90d4a,function_execution_time,1780474394.6291163,0.000074704
experiment_name,855bfdc2-2e02-47ca-82c6-73ffd9d90d4a,function_execution_time,1780474394.7304327,0.000086614
experiment_name,855bfdc2-2e02-47ca-82c6-73ffd9d90d4a,function_execution_time,1780474394.8317668,0.000072086
experiment_name,855bfdc2-2e02-47ca-82c6-73ffd9d90d4a,function_execution_time,1780474394.9330916,0.000073713
experiment_name,855bfdc2-2e02-47ca-82c6-73ffd9d90d4a,function_execution_time,1780474395.0345116,0.000169759
experiment_name,855bfdc2-2e02-47ca-82c6-73ffd9d90d4a,function_execution_time,1780474395.135807,0.000076725
experiment_name,855bfdc2-2e02-47ca-82c6-73ffd9d90d4a,function_execution_time,1780474395.2371778,0.000074559
experiment_name,855bfdc2-2e02-47ca-82c6-73ffd9d90d4a,function_execution_time,1780474395.3386052,0.000083476
experiment_name,855bfdc2-2e02-47ca-82c6-73ffd9d90d4a,function_execution_time,1780474395.4397812,0.000082797
experiment_name,855bfdc2-2e02-47ca-82c6-73ffd9d90d4a,function_execution_time,1780474395.5411077,0.000076888
experiment_name,855bfdc2-2e02-47ca-82c6-73ffd9d90d4a,function_execution_time,1780474395.642452,0.000089389
experiment_name,855bfdc2-2e02-47ca-82c6-73ffd9d90d4a,function_execution_time,1780474395.7437737,0.000084242
experiment_name,855bfdc2-2e02-47ca-82c6-73ffd9d90d4a,function_execution_time,1780474395.8451154,0.000072099
experiment_name,855bfdc2-2e02-47ca-82c6-73ffd9d90d4a,function_execution_time,1780474395.9464588,0.000076717
experiment_name,a5b2381b-b6ab-4371-ba7b-8a9497e65502,function_execution_time,1780474391.08533,0.000062451
experiment_name,a5b2381b-b6ab-4371-ba7b-8a9497e65502,function_execution_time,1780474391.186651,0.000057892
experiment_name,a5b2381b-b6ab-4371-ba7b-8a9497e65502,function_execution_time,1780474391.2879355,0.000065532
experiment_name,a5b2381b-b6ab-4371-ba7b-8a9497e65502,function_execution_time,1780474391.3892317,0.000061588
experiment_name,a5b2381b-b6ab-4371-ba7b-8a9497e65502,function_execution_time,1780474391.4905763,0.000054973
experiment_name,a5b2381b-b6ab-4371-ba7b-8a9497e65502,function_execution_time,1780474391.5918999,0.00006532
experiment_name,a5b2381b-b6ab-4371-ba7b-8a9497e65502,function_execution_time,1780474391.6933327,0.000067124
experiment_name,a5b2381b-b6ab-4371-ba7b-8a9497e65502,function_execution_time,1780474391.794688,0.000185008
experiment_name,a5b2381b-b6ab-4371-ba7b-8a9497e65502,function_execution_time,1780474391.8959556,0.000058573
experiment_name,a5b2381b-b6ab-4371-ba7b-8a9497e65502,function_execution_time,1780474391.9972496,0.000054535
experiment_name,a5b2381b-b6ab-4371-ba7b-8a9497e65502,function_execution_time,1780474392.098613,0.000055216
experiment_name,a5b2381b-b6ab-4371-ba7b-8a9497e65502,function_execution_time,1780474392.1999087,0.000058452
experiment_name,a5b2381b-b6ab-4371-ba7b-8a9497e65502,function_execution_time,1780474392.3012795,0.000057646
experiment_name,a5b2381b-b6ab-4371-ba7b-8a9497e65502,function_execution_time,1780474392.40251,0.000062653
experiment_name,a5b2381b-b6ab-4371-ba7b-8a9497e65502,function_execution_time,1780474392.5039237,0.000062193
experiment_name,a5b2381b-b6ab-4371-ba7b-8a9497e65502,function_execution_time,1780474392.605226,0.000062693
experiment_name,a5b2381b-b6ab-4371-ba7b-8a9497e65502,function_execution_time,1780474392.7064865,0.000070392
experiment_name,a5b2381b-b6ab-4371-ba7b-8a9497e65502,function_execution_time,1780474392.8078465,0.000059649
experiment_name,a5b2381b-b6ab-4371-ba7b-8a9497e65502,function_execution_time,1780474392.909186,0.000065288
experiment_name,a5b2381b-b6ab-4371-ba7b-8a9497e65502,function_execution_time,1780474393.0104961,0.000066054
experiment_name,a5b2381b-b6ab-4371-ba7b-8a9497e65502,function_execution_time,1780474393.1118095,0.000058376
experiment_name,a5b2381b-b6ab-4371-ba7b-8a9497e65502,function_execution_time,1780474393.213197,0.000057142
experiment_name,a5b2381b-b6ab-4371-ba7b-8a9497e65502,function_execution_time,1780474393.3144777,0.000080644
experiment_name,a5b2381b-b6ab-4371-ba7b-8a9497e65502,function_execution_time,1780474393.415729,0.000060295
experiment_name,a5b2381b-b6ab-4371-ba7b-8a9497e65502,function_execution_time,1780474393.5169997,0.000055706
experiment_name,a5b2381b-b6ab-4371-ba7b-8a9497e65502,function_execution_time,1780474393.618204,0.000061524
experiment_name,a5b2381b-b6ab-4371-ba7b-8a9497e65502,function_execution_time,1780474393.7195575,0.000058416
experiment_name,a5b2381b-b6ab-4371-ba7b-8a9497e65502,function_execution_time,1780474393.8207977,0.000058742
experiment_name,a5b2381b-b6ab-4371-ba7b-8a9497e65502,function_execution_time,1780474393.9220994,0.000055447
experiment_name,a5b2381b-b6ab-4371-ba7b-8a9497e65502,function_execution_time,1780474394.0233834,0.000054776
experiment_name,a5b2381b-b6ab-4371-ba7b-8a9497e65502,function_execution_time,1780474394.123842,0.0000653
experiment_name,a5b2381b-b6ab-4371-ba7b-8a9497e65502,function_execution_time,1780474394.2250106,0.000062199
experiment_name,a5b2381b-b6ab-4371-ba7b-8a9497e65502,function_execution_time,1780474394.326396,0.000061131
experiment_name,a5b2381b-b6ab-4371-ba7b-8a9497e65502,function_execution_time,1780474394.426741,0.000055873
experiment_name,a5b2381b-b6ab-4371-ba7b-8a9497e65502,function_execution_time,1780474394.5279827,0.00007056
experiment_name,a5b2381b-b6ab-4371-ba7b-8a9497e65502,function_execution_time,1780474394.6292715,0.000056873
experiment_name,a5b2381b-b6ab-4371-ba7b-8a9497e65502,function_execution_time,1780474394.7305117,0.000054249
experiment_name,a5b2381b-b6ab-4371-ba7b-8a9497e65502,function_execution_time,1780474394.8319192,0.000058737
experiment_name,a5b2381b-b6ab-4371-ba7b-8a9497e65502,function_execution_time,1780474394.933173,0.000055661
experiment_name,a5b2381b-b6ab-4371-ba7b-8a9497e65502,function_execution_time,1780474395.0345707,0.000062699
experiment_name,a5b2381b-b6ab-4371-ba7b-8a9497e65502,function_execution_time,1780474395.1358867,0.000061914
experiment_name,a5b2381b-b6ab-4371-ba7b-8a9497e65502,function_execution_time,1780474395.237264,0.000060265
experiment_name,a5b2381b-b6ab-4371-ba7b-8a9497e65502,function_execution_time,1780474395.3386214,0.00006375
experiment_name,a5b2381b-b6ab-4371-ba7b-8a9497e65502,function_execution_time,1780474395.4399424,0.000065275
experiment_name,a5b2381b-b6ab-4371-ba7b-8a9497e65502,function_execution_time,1780474395.5412495,0.00005663
experiment_name,a5b2381b-b6ab-4371-ba7b-8a9497e65502,function_execution_time,1780474395.6426091,0.000057731
experiment_name,a5b2381b-b6ab-4371-ba7b-8a9497e65502,function_execution_time,1780474395.74395,0.000060074
experiment_name,a5b2381b-b6ab-4371-ba7b-8a9497e65502,function_execution_time,1780474395.845248,0.000055285
experiment_name,a5b2381b-b6ab-4371-ba7b-8a9497e65502,function_execution_time,1780474395.9466228,0.000071477
experiment_name,855bfdc2-2e02-47ca-82c6-73ffd9d90d4a,function_transfer_time,1780474391.0851011,0.000076497
experiment_name,855bfdc2-2e02-47ca-82c6-73ffd9d90d4a,function_transfer_time,1780474391.186444,0.000087876
experiment_name,855bfdc2-2e02-47ca-82c6-73ffd9d90d4a,function_transfer_time,1780474391.287782,0.00007706
experiment_name,855bfdc2-2e02-47ca-82c6-73ffd9d90d4a,function_transfer_time,1780474391.389089,0.00008577
experiment_name,855bfdc2-2e02-47ca-82c6-73ffd9d90d4a,function_transfer_time,1780474391.490409,0.000079791
experiment_name,855bfdc2-2e02-47ca-82c6-73ffd9d90d4a,function_transfer_time,1780474391.5917308,0.000082957
experiment_name,855bfdc2-2e02-47ca-82c6-73ffd9d90d4a,function_transfer_time,1780474391.6930795,0.000082544
experiment_name,855bfdc2-2e02-47ca-82c6-73ffd9d90d4a,function_transfer_time,1780474391.7944002,0.000082902
experiment_name,855bfdc2-2e02-47ca-82c6-73ffd9d90d4a,function_transfer_time,1780474391.8957188,0.000078916
experiment_name,855bfdc2-2e02-47ca-82c6-73ffd9d90d4a,function_transfer_time,1780474391.9970436,0.000075053
experiment_name,855bfdc2-2e02-47ca-82c6-73ffd9d90d4a,function_transfer_time,1780474392.0983922,0.000078623
experiment_name,855bfdc2-2e02-47ca-82c6-73ffd9d90d4a,function_transfer_time,1780474392.1997488,0.000090526
experiment_name,855bfdc2-2e02-47ca-82c6-73ffd9d90d4a,function_transfer_time,1780474392.301056,0.000078381
experiment_name,855bfdc2-2e02-47ca-82c6-73ffd9d90d4a,function_transfer_time,1780474392.4023325,0.000024697
experiment_name,855bfdc2-2e02-47ca-82c6-73ffd9d90d4a,function_transfer_time,1780474392.5036857,0.000083283
experiment_name,855bfdc2-2e02-47ca-82c6-73ffd9d90d4a,function_transfer_time,1780474392.604989,0.000075656
experiment_name,855bfdc2-2e02-47ca-82c6-73ffd9d90d4a,function_transfer_time,1780474392.7062986,0.000077083
experiment_name,855bfdc2-2e02-47ca-82c6-73ffd9d90d4a,function_transfer_time,1780474392.8076138,0.000080012
experiment_name,855bfdc2-2e02-47ca-82c6-73ffd9d90d4a,function_transfer_time,1780474392.9089417,0.000085865
experiment_name,855bfdc2-2e02-47ca-82c6-73ffd9d90d4a,function_transfer_time,1780474393.0102556,0.000076004
experiment_name,855bfdc2-2e02-47ca-82c6-73ffd9d90d4a,function_transfer_time,1780474393.1116552,0.000078836
experiment_name,855bfdc2-2e02-47ca-82c6-73ffd9d90d4a,function_transfer_time,1780474393.2129745,0.000077581
experiment_name,855bfdc2-2e02-47ca-82c6-73ffd9d90d4a,function_transfer_time,1780474393.314228,0.000022051
experiment_name,855bfdc2-2e02-47ca-82c6-73ffd9d90d4a,function_transfer_time,1780474393.415501,0.000021279
experiment_name,855bfdc2-2e02-47ca-82c6-73ffd9d90d4a,function_transfer_time,1780474393.516775,0.000076253
experiment_name,855bfdc2-2e02-47ca-82c6-73ffd9d90d4a,function_transfer_time,1780474393.6180496,0.000024391
experiment_name,855bfdc2-2e02-47ca-82c6-73ffd9d90d4a,function_transfer_time,1780474393.719321,0.000022428
experiment_name,855bfdc2-2e02-47ca-82c6-73ffd9d90d4a,function_transfer_time,1780474393.8205676,0.000020948
experiment_name,855bfdc2-2e02-47ca-82c6-73ffd9d90d4a,function_transfer_time,1780474393.9218733,0.000062975
experiment_name,855bfdc2-2e02-47ca-82c6-73ffd9d90d4a,function_transfer_time,1780474394.0231783,0.000080873
experiment_name,855bfdc2-2e02-47ca-82c6-73ffd9d90d4a,function_transfer_time,1780474394.1235962,0.000076513
experiment_name,855bfdc2-2e02-47ca-82c6-73ffd9d90d4a,function_transfer_time,1780474394.22485,0.000022769
experiment_name,855bfdc2-2e02-47ca-82c6-73ffd9d90d4a,function_transfer_time,1780474394.326167,0.000081311
experiment_name,855bfdc2-2e02-47ca-82c6-73ffd9d90d4a,function_transfer_time,1780474394.4265091,0.000085301
experiment_name,855bfdc2-2e02-47ca-82c6-73ffd9d90d4a,function_transfer_time,1780474394.5277784,0.00002509
experiment_name,855bfdc2-2e02-47ca-82c6-73ffd9d90d4a,function_transfer_time,1780474394.6290426,0.000024616
experiment_name,855bfdc2-2e02-47ca-82c6-73ffd9d90d4a,function_transfer_time,1780474394.7303429,0.000081317
experiment_name,855bfdc2-2e02-47ca-82c6-73ffd9d90d4a,function_transfer_time,1780474394.831678,0.000080812
experiment_name,855bfdc2-2e02-47ca-82c6-73ffd9d90d4a,function_transfer_time,1780474394.933008,0.00008534
experiment_name,855bfdc2-2e02-47ca-82c6-73ffd9d90d4a,function_transfer_time,1780474395.034338,0.000082912
experiment_name,855bfdc2-2e02-47ca-82c6-73ffd9d90d4a,function_transfer_time,1780474395.1357968,0.000079491
experiment_name,855bfdc2-2e02-47ca-82c6-73ffd9d90d4a,function_transfer_time,1780474395.2371051,0.000081272
experiment_name,855bfdc2-2e02-47ca-82c6-73ffd9d90d4a,function_transfer_time,1780474395.3384652,0.000111241
experiment_name,855bfdc2-2e02-47ca-82c6-73ffd9d90d4a,function_transfer_time,1780474395.4396994,0.00002344
experiment_name,855bfdc2-2e02-47ca-82c6-73ffd9d90d4a,function_transfer_time,1780474395.5410259,0.000077984
experiment_name,855bfdc2-2e02-47ca-82c6-73ffd9d90d4a,function_transfer_time,1780474395.6423604,0.000075999
experiment_name,855bfdc2-2e02-47ca-82c6-73ffd9d90d4a,function_transfer_time,1780474395.7436886,0.000083523
experiment_name,855bfdc2-2e02-47ca-82c6-73ffd9d90d4a,function_transfer_time,1780474395.8450322,0.000079138
experiment_name,855bfdc2-2e02-47ca-82c6-73ffd9d90d4a,function_transfer_time,1780474395.9463387,0.000075789
experiment_name,a5b2381b-b6ab-4371-ba7b-8a9497e65502,function_transfer_time,1780474391.0852618,0.000112245
experiment_name,a5b2381b-b6ab-4371-ba7b-8a9497e65502,function_transfer_time,1780474391.1865902,0.000092975
experiment_name,a5b2381b-b6ab-4371-ba7b-8a9497e65502,function_transfer_time,1780474391.2878716,0.000030748
experiment_name,a5b2381b-b6ab-4371-ba7b-8a9497e65502,function_transfer_time,1780474391.3892236,0.000034901
experiment_name,a5b2381b-b6ab-4371-ba7b-8a9497e65502,function_transfer_time,1780474391.4905212,0.000035349
experiment_name,a5b2381b-b6ab-4371-ba7b-8a9497e65502,function_transfer_time,1780474391.59188,0.000052054
experiment_name,a5b2381b-b6ab-4371-ba7b-8a9497e65502,function_transfer_time,1780474391.693265,0.000133726
experiment_name,a5b2381b-b6ab-4371-ba7b-8a9497e65502,function_transfer_time,1780474391.794565,0.000035946
experiment_name,a5b2381b-b6ab-4371-ba7b-8a9497e65502,function_transfer_time,1780474391.8958924,0.000111113
experiment_name,a5b2381b-b6ab-4371-ba7b-8a9497e65502,function_transfer_time,1780474391.997195,0.000031193
experiment_name,a5b2381b-b6ab-4371-ba7b-8a9497e65502,function_transfer_time,1780474392.0985548,0.000085934
experiment_name,a5b2381b-b6ab-4371-ba7b-8a9497e65502,function_transfer_time,1780474392.1999042,0.000051771
experiment_name,a5b2381b-b6ab-4371-ba7b-8a9497e65502,function_transfer_time,1780474392.3012238,0.000108025
experiment_name,a5b2381b-b6ab-4371-ba7b-8a9497e65502,function_transfer_time,1780474392.4024498,0.000056017
experiment_name,a5b2381b-b6ab-4371-ba7b-8a9497e65502,function_transfer_time,1780474392.5038545,0.000113896
experiment_name,a5b2381b-b6ab-4371-ba7b-8a9497e65502,function_transfer_time,1780474392.6051564,0.000114228
experiment_name,a5b2381b-b6ab-4371-ba7b-8a9497e65502,function_transfer_time,1780474392.7064126,0.00005566
experiment_name,a5b2381b-b6ab-4371-ba7b-8a9497e65502,function_transfer_time,1780474392.8077803,0.000106634
experiment_name,a5b2381b-b6ab-4371-ba7b-8a9497e65502,function_transfer_time,1780474392.90912,0.000118651
experiment_name,a5b2381b-b6ab-4371-ba7b-8a9497e65502,function_transfer_time,1780474393.010437,0.00003526
experiment_name,a5b2381b-b6ab-4371-ba7b-8a9497e65502,function_transfer_time,1780474393.1117501,0.000034707
experiment_name,a5b2381b-b6ab-4371-ba7b-8a9497e65502,function_transfer_time,1780474393.2131393,0.000109661
experiment_name,a5b2381b-b6ab-4371-ba7b-8a9497e65502,function_transfer_time,1780474393.314394,0.000108773
experiment_name,a5b2381b-b6ab-4371-ba7b-8a9497e65502,function_transfer_time,1780474393.4156625,0.00011403
experiment_name,a5b2381b-b6ab-4371-ba7b-8a9497e65502,function_transfer_time,1780474393.5169387,0.000103536
experiment_name,a5b2381b-b6ab-4371-ba7b-8a9497e65502,function_transfer_time,1780474393.6181438,0.000028524
experiment_name,a5b2381b-b6ab-4371-ba7b-8a9497e65502,function_transfer_time,1780474393.7194984,0.000120157
experiment_name,a5b2381b-b6ab-4371-ba7b-8a9497e65502,function_transfer_time,1780474393.8207319,0.00011098
experiment_name,a5b2381b-b6ab-4371-ba7b-8a9497e65502,function_transfer_time,1780474393.9220433,0.000112641
experiment_name,a5b2381b-b6ab-4371-ba7b-8a9497e65502,function_transfer_time,1780474394.0233283,0.00003209
experiment_name,a5b2381b-b6ab-4371-ba7b-8a9497e65502,function_transfer_time,1780474394.123776,0.0001197
experiment_name,a5b2381b-b6ab-4371-ba7b-8a9497e65502,function_transfer_time,1780474394.2249482,0.000033519
experiment_name,a5b2381b-b6ab-4371-ba7b-8a9497e65502,function_transfer_time,1780474394.3263292,0.000107376
experiment_name,a5b2381b-b6ab-4371-ba7b-8a9497e65502,function_transfer_time,1780474394.4266844,0.00011892
experiment_name,a5b2381b-b6ab-4371-ba7b-8a9497e65502,function_transfer_time,1780474394.527911,0.000081595
experiment_name,a5b2381b-b6ab-4371-ba7b-8a9497e65502,function_transfer_time,1780474394.629214,0.000114784
experiment_name,a5b2381b-b6ab-4371-ba7b-8a9497e65502,function_transfer_time,1780474394.7304552,0.000043951
experiment_name,a5b2381b-b6ab-4371-ba7b-8a9497e65502,function_transfer_time,1780474394.8318603,0.000125289
experiment_name,a5b2381b-b6ab-4371-ba7b-8a9497e65502,function_transfer_time,1780474394.9331164,0.00005055
experiment_name,a5b2381b-b6ab-4371-ba7b-8a9497e65502,function_transfer_time,1780474395.034509,0.000033113
experiment_name,a5b2381b-b6ab-4371-ba7b-8a9497e65502,function_transfer_time,1780474395.1358836,0.00004414
experiment_name,a5b2381b-b6ab-4371-ba7b-8a9497e65502,function_transfer_time,1780474395.2372508,0.000043457
experiment_name,a5b2381b-b6ab-4371-ba7b-8a9497e65502,function_transfer_time,1780474395.338609,0.000034386
experiment_name,a5b2381b-b6ab-4371-ba7b-8a9497e65502,function_transfer_time,1780474395.4398768,0.000113556
experiment_name,a5b2381b-b6ab-4371-ba7b-8a9497e65502,function_transfer_time,1780474395.541192,0.000107593
experiment_name,a5b2381b-b6ab-4371-ba7b-8a9497e65502,function_transfer_time,1780474395.642551,0.000130801
experiment_name,a5b2381b-b6ab-4371-ba7b-8a9497e65502,function_transfer_time,1780474395.743889,0.000141937
experiment_name,a5b2381b-b6ab-4371-ba7b-8a9497e65502,function_transfer_time,1780474395.8451936,0.00010428
experiment_name,a5b2381b-b6ab-4371-ba7b-8a9497e65502,function_transfer_time,1780474395.946551,0.000152055
experiment_name,a5b2381b-b6ab-4371-ba7b-8a9497e65502,function_execution_time,1780474396.0478003,0.000069532
experiment_name,a5b2381b-b6ab-4371-ba7b-8a9497e65502,function_execution_time,1780474396.14919,0.000060048
experiment_name,a5b2381b-b6ab-4371-ba7b-8a9497e65502,function_execution_time,1780474396.2503738,0.000058543
experiment_name,a5b2381b-b6ab-4371-ba7b-8a9497e65502,function_execution_time,1780474396.3507667,0.000059233
experiment_name,a5b2381b-b6ab-4371-ba7b-8a9497e65502,function_execution_time,1780474396.4520442,0.000071728
experiment_name,a5b2381b-b6ab-4371-ba7b-8a9497e65502,function_execution_time,1780474396.55347,0.000072712
experiment_name,a5b2381b-b6ab-4371-ba7b-8a9497e65502,function_execution_time,1780474396.6537414,0.000058989
experiment_name,a5b2381b-b6ab-4371-ba7b-8a9497e65502,function_execution_time,1780474396.7551212,0.000068003
experiment_name,a5b2381b-b6ab-4371-ba7b-8a9497e65502,function_execution_time,1780474396.8564765,0.000084561
experiment_name,a5b2381b-b6ab-4371-ba7b-8a9497e65502,function_execution_time,1780474396.9567616,0.000060992
experiment_name,a5b2381b-b6ab-4371-ba7b-8a9497e65502,function_execution_time,1780474397.0580995,0.000057031
experiment_name,a5b2381b-b6ab-4371-ba7b-8a9497e65502,function_execution_time,1780474397.1595032,0.000066794
experiment_name,a5b2381b-b6ab-4371-ba7b-8a9497e65502,function_execution_time,1780474397.2606738,0.000069127
experiment_name,a5b2381b-b6ab-4371-ba7b-8a9497e65502,function_execution_time,1780474397.3620837,0.000069045
experiment_name,a5b2381b-b6ab-4371-ba7b-8a9497e65502,function_execution_time,1780474397.463307,0.000073517
experiment_name,a5b2381b-b6ab-4371-ba7b-8a9497e65502,function_execution_time,1780474397.563727,0.000061723
experiment_name,a5b2381b-b6ab-4371-ba7b-8a9497e65502,function_execution_time,1780474397.6649497,0.00005909
experiment_name,a5b2381b-b6ab-4371-ba7b-8a9497e65502,function_execution_time,1780474397.7663822,0.000067669
experiment_name,a5b2381b-b6ab-4371-ba7b-8a9497e65502,function_execution_time,1780474397.867611,0.000066354
experiment_name,a5b2381b-b6ab-4371-ba7b-8a9497e65502,function_execution_time,1780474397.9689407,0.000057333
experiment_name,a5b2381b-b6ab-4371-ba7b-8a9497e65502,function_execution_time,1780474398.07025,0.000049435
experiment_name,a5b2381b-b6ab-4371-ba7b-8a9497e65502,function_execution_time,1780474398.1716266,0.000057434
experiment_name,a5b2381b-b6ab-4371-ba7b-8a9497e65502,function_execution_time,1780474398.272978,0.000044316
experiment_name,a5b2381b-b6ab-4371-ba7b-8a9497e65502,function_execution_time,1780474398.3743184,0.000057127
experiment_name,a5b2381b-b6ab-4371-ba7b-8a9497e65502,function_execution_time,1780474398.4754856,0.000043965
experiment_name,a5b2381b-b6ab-4371-ba7b-8a9497e65502,function_execution_time,1780474398.5768263,0.000065608
experiment_name,a5b2381b-b6ab-4371-ba7b-8a9497e65502,function_execution_time,1780474398.6781554,0.000066514
experiment_name,a5b2381b-b6ab-4371-ba7b-8a9497e65502,function_execution_time,1780474398.7795131,0.000070955
experiment_name,a5b2381b-b6ab-4371-ba7b-8a9497e65502,function_execution_time,1780474398.8807013,0.000063203
experiment_name,a5b2381b-b6ab-4371-ba7b-8a9497e65502,function_execution_time,1780474398.982109,0.000057535
experiment_name,a5b2381b-b6ab-4371-ba7b-8a9497e65502,function_execution_time,1780474399.0834093,0.00006758
experiment_name,a5b2381b-b6ab-4371-ba7b-8a9497e65502,function_execution_time,1780474399.1848114,0.000061008
experiment_name,a5b2381b-b6ab-4371-ba7b-8a9497e65502,function_execution_time,1780474399.2859738,0.000069971
experiment_name,a5b2381b-b6ab-4371-ba7b-8a9497e65502,function_execution_time,1780474399.387235,0.000059316
experiment_name,a5b2381b-b6ab-4371-ba7b-8a9497e65502,function_execution_time,1780474399.4885237,0.000068966
experiment_name,a5b2381b-b6ab-4371-ba7b-8a9497e65502,function_execution_time,1780474399.589994,0.000066757
experiment_name,a5b2381b-b6ab-4371-ba7b-8a9497e65502,function_execution_time,1780474399.6913116,0.000056495
experiment_name,a5b2381b-b6ab-4371-ba7b-8a9497e65502,function_execution_time,1780474399.7925582,0.000056111
experiment_name,a5b2381b-b6ab-4371-ba7b-8a9497e65502,function_execution_time,1780474399.8938694,0.000056077
experiment_name,a5b2381b-b6ab-4371-ba7b-8a9497e65502,function_execution_time,1780474399.9952188,0.000066904
experiment_name,a5b2381b-b6ab-4371-ba7b-8a9497e65502,function_execution_time,1780474400.0965607,0.000066497
experiment_name,a5b2381b-b6ab-4371-ba7b-8a9497e65502,function_execution_time,1780474400.197944,0.000058644
experiment_name,a5b2381b-b6ab-4371-ba7b-8a9497e65502,function_execution_time,1780474400.2992568,0.00005805
experiment_name,a5b2381b-b6ab-4371-ba7b-8a9497e65502,function_execution_time,1780474400.4005415,0.000062062
experiment_name,a5b2381b-b6ab-4371-ba7b-8a9497e65502,function_execution_time,1780474400.5018227,0.000066606
experiment_name,a5b2381b-b6ab-4371-ba7b-8a9497e65502,function_execution_time,1780474400.6030731,0.000063832
experiment_name,a5b2381b-b6ab-4371-ba7b-8a9497e65502,function_execution_time,1780474400.704277,0.000068713
experiment_name,a5b2381b-b6ab-4371-ba7b-8a9497e65502,function_execution_time,1780474400.8056328,0.000056786
experiment_name,a5b2381b-b6ab-4371-ba7b-8a9497e65502,function_execution_time,1780474400.906923,0.000064511
experiment_name,a5b2381b-b6ab-4371-ba7b-8a9497e65502,function_execution_time,1780474401.0082147,0.000058125
experiment_name,855bfdc2-2e02-47ca-82c6-73ffd9d90d4a,function_execution_time,1780474396.0477293,0.000174618
experiment_name,855bfdc2-2e02-47ca-82c6-73ffd9d90d4a,function_execution_time,1780474396.1490238,0.00007974
experiment_name,855bfdc2-2e02-47ca-82c6-73ffd9d90d4a,function_execution_time,1780474396.2502875,0.000070299
experiment_name,855bfdc2-2e02-47ca-82c6-73ffd9d90d4a,function_execution_time,1780474396.3506212,0.000071073
experiment_name,855bfdc2-2e02-47ca-82c6-73ffd9d90d4a,function_execution_time,1780474396.4519699,0.000110292
experiment_name,855bfdc2-2e02-47ca-82c6-73ffd9d90d4a,function_execution_time,1780474396.553294,0.000082115
experiment_name,855bfdc2-2e02-47ca-82c6-73ffd9d90d4a,function_execution_time,1780474396.6535988,0.000078757
experiment_name,855bfdc2-2e02-47ca-82c6-73ffd9d90d4a,function_execution_time,1780474396.7549436,0.000088686
experiment_name,855bfdc2-2e02-47ca-82c6-73ffd9d90d4a,function_execution_time,1780474396.8562913,0.000072119
experiment_name,855bfdc2-2e02-47ca-82c6-73ffd9d90d4a,function_execution_time,1780474396.9566116,0.000073944
experiment_name,855bfdc2-2e02-47ca-82c6-73ffd9d90d4a,function_execution_time,1780474397.0580342,0.000143558
experiment_name,855bfdc2-2e02-47ca-82c6-73ffd9d90d4a,function_execution_time,1780474397.1593306,0.000086723
experiment_name,855bfdc2-2e02-47ca-82c6-73ffd9d90d4a,function_execution_time,1780474397.260652,0.000083734
experiment_name,855bfdc2-2e02-47ca-82c6-73ffd9d90d4a,function_execution_time,1780474397.3619049,0.000070731
experiment_name,855bfdc2-2e02-47ca-82c6-73ffd9d90d4a,function_execution_time,1780474397.463279,0.000107859
experiment_name,855bfdc2-2e02-47ca-82c6-73ffd9d90d4a,function_execution_time,1780474397.5635562,0.00007705
experiment_name,855bfdc2-2e02-47ca-82c6-73ffd9d90d4a,function_execution_time,1780474397.6648622,0.000076118
experiment_name,855bfdc2-2e02-47ca-82c6-73ffd9d90d4a,function_execution_time,1780474397.7662058,0.000071659
experiment_name,855bfdc2-2e02-47ca-82c6-73ffd9d90d4a,function_execution_time,1780474397.8676095,0.000092674
experiment_name,855bfdc2-2e02-47ca-82c6-73ffd9d90d4a,function_execution_time,1780474397.9688702,0.00008723
experiment_name,855bfdc2-2e02-47ca-82c6-73ffd9d90d4a,function_execution_time,1780474398.070202,0.000148513
experiment_name,855bfdc2-2e02-47ca-82c6-73ffd9d90d4a,function_execution_time,1780474398.1715093,0.00009655
experiment_name,855bfdc2-2e02-47ca-82c6-73ffd9d90d4a,function_execution_time,1780474398.2729108,0.000047579
experiment_name,855bfdc2-2e02-47ca-82c6-73ffd9d90d4a,function_execution_time,1780474398.3741558,0.000072514
experiment_name,855bfdc2-2e02-47ca-82c6-73ffd9d90d4a,function_execution_time,1780474398.4754102,0.0000497
experiment_name,855bfdc2-2e02-47ca-82c6-73ffd9d90d4a,function_execution_time,1780474398.5766544,0.000052037
experiment_name,855bfdc2-2e02-47ca-82c6-73ffd9d90d4a,function_execution_time,1780474398.6779714,0.000075397
experiment_name,855bfdc2-2e02-47ca-82c6-73ffd9d90d4a,function_execution_time,1780474398.7793186,0.000075998
experiment_name,855bfdc2-2e02-47ca-82c6-73ffd9d90d4a,function_execution_time,1780474398.8806973,0.00008572
experiment_name,855bfdc2-2e02-47ca-82c6-73ffd9d90d4a,function_execution_time,1780474398.9819562,0.000070613
experiment_name,855bfdc2-2e02-47ca-82c6-73ffd9d90d4a,function_execution_time,1780474399.0833395,0.000154971
experiment_name,855bfdc2-2e02-47ca-82c6-73ffd9d90d4a,function_execution_time,1780474399.1846614,0.00008831
experiment_name,855bfdc2-2e02-47ca-82c6-73ffd9d90d4a,function_execution_time,1780474399.2859178,0.00010219
experiment_name,855bfdc2-2e02-47ca-82c6-73ffd9d90d4a,function_execution_time,1780474399.38715,0.000079668
experiment_name,855bfdc2-2e02-47ca-82c6-73ffd9d90d4a,function_execution_time,1780474399.4885004,0.000088404
experiment_name,855bfdc2-2e02-47ca-82c6-73ffd9d90d4a,function_execution_time,1780474399.5898917,0.000080173
experiment_name,855bfdc2-2e02-47ca-82c6-73ffd9d90d4a,function_execution_time,1780474399.691149,0.000075814
experiment_name,855bfdc2-2e02-47ca-82c6-73ffd9d90d4a,function_execution_time,1780474399.7924676,0.000083268
experiment_name,855bfdc2-2e02-47ca-82c6-73ffd9d90d4a,function_execution_time,1780474399.8937776,0.000077629
experiment_name,855bfdc2-2e02-47ca-82c6-73ffd9d90d4a,function_execution_time,1780474399.995067,0.000075371
experiment_name,855bfdc2-2e02-47ca-82c6-73ffd9d90d4a,function_execution_time,1780474400.0964997,0.000182133
experiment_name,855bfdc2-2e02-47ca-82c6-73ffd9d90d4a,function_execution_time,1780474400.1978745,0.000089159
experiment_name,855bfdc2-2e02-47ca-82c6-73ffd9d90d4a,function_execution_time,1780474400.2991135,0.000074625
experiment_name,855bfdc2-2e02-47ca-82c6-73ffd9d90d4a,function_execution_time,1780474400.4004452,0.000078809
experiment_name,855bfdc2-2e02-47ca-82c6-73ffd9d90d4a,function_execution_time,1780474400.5017173,0.000086323
experiment_name,855bfdc2-2e02-47ca-82c6-73ffd9d90d4a,function_execution_time,1780474400.6029055,0.000079149
experiment_name,855bfdc2-2e02-47ca-82c6-73ffd9d90d4a,function_execution_time,1780474400.7041826,0.000077562
experiment_name,855bfdc2-2e02-47ca-82c6-73ffd9d90d4a,function_execution_time,1780474400.8055425,0.000087865
experiment_name,855bfdc2-2e02-47ca-82c6-73ffd9d90d4a,function_execution_time,1780474400.9067554,0.000081252
experiment_name,855bfdc2-2e02-47ca-82c6-73ffd9d90d4a,function_execution_time,1780474401.0080569,0.000075734
experiment_name,a5b2381b-b6ab-4371-ba7b-8a9497e65502,function_transfer_time,1780474396.0477316,0.000039615
experiment_name,a5b2381b-b6ab-4371-ba7b-8a9497e65502,function_transfer_time,1780474396.1491299,0.0001258
experiment_name,a5b2381b-b6ab-4371-ba7b-8a9497e65502,function_transfer_time,1780474396.250307,0.00004607
experiment_name,a5b2381b-b6ab-4371-ba7b-8a9497e65502,function_transfer_time,1780474396.3507073,0.000112995
experiment_name,a5b2381b-b6ab-4371-ba7b-8a9497e65502,function_transfer_time,1780474396.4519656,0.000032604
experiment_name,a5b2381b-b6ab-4371-ba7b-8a9497e65502,function_transfer_time,1780474396.5533915,0.000116655
experiment_name,a5b2381b-b6ab-4371-ba7b-8a9497e65502,function_transfer_time,1780474396.6536806,0.000109094
experiment_name,a5b2381b-b6ab-4371-ba7b-8a9497e65502,function_transfer_time,1780474396.755053,0.000140557
experiment_name,a5b2381b-b6ab-4371-ba7b-8a9497e65502,function_transfer_time,1780474396.856387,0.000122698
experiment_name,a5b2381b-b6ab-4371-ba7b-8a9497e65502,function_transfer_time,1780474396.9567,0.000111307
experiment_name,a5b2381b-b6ab-4371-ba7b-8a9497e65502,function_transfer_time,1780474397.0580368,0.000038041
experiment_name,a5b2381b-b6ab-4371-ba7b-8a9497e65502,function_transfer_time,1780474397.1594422,0.000122357
experiment_name,a5b2381b-b6ab-4371-ba7b-8a9497e65502,function_transfer_time,1780474397.2606483,0.000030771
experiment_name,a5b2381b-b6ab-4371-ba7b-8a9497e65502,function_transfer_time,1780474397.3620143,0.000135402
experiment_name,a5b2381b-b6ab-4371-ba7b-8a9497e65502,function_transfer_time,1780474397.463276,0.000028873
experiment_name,a5b2381b-b6ab-4371-ba7b-8a9497e65502,function_transfer_time,1780474397.5636644,0.000131873
experiment_name,a5b2381b-b6ab-4371-ba7b-8a9497e65502,function_transfer_time,1780474397.664946,0.000044761
experiment_name,a5b2381b-b6ab-4371-ba7b-8a9497e65502,function_transfer_time,1780474397.766314,0.000132602
experiment_name,a5b2381b-b6ab-4371-ba7b-8a9497e65502,function_transfer_time,1780474397.8676047,0.000033609
experiment_name,a5b2381b-b6ab-4371-ba7b-8a9497e65502,function_transfer_time,1780474397.9688678,0.000028967
experiment_name,a5b2381b-b6ab-4371-ba7b-8a9497e65502,function_transfer_time,1780474398.0701997,0.000029832
experiment_name,a5b2381b-b6ab-4371-ba7b-8a9497e65502,function_transfer_time,1780474398.1715665,0.000089895
experiment_name,a5b2381b-b6ab-4371-ba7b-8a9497e65502,function_transfer_time,1780474398.2729137,0.000060261
experiment_name,a5b2381b-b6ab-4371-ba7b-8a9497e65502,function_transfer_time,1780474398.374261,0.000128411
experiment_name,a5b2381b-b6ab-4371-ba7b-8a9497e65502,function_transfer_time,1780474398.4754128,0.000051814
experiment_name,a5b2381b-b6ab-4371-ba7b-8a9497e65502,function_transfer_time,1780474398.5767603,0.000148819
experiment_name,a5b2381b-b6ab-4371-ba7b-8a9497e65502,function_transfer_time,1780474398.6780896,0.000135026
experiment_name,a5b2381b-b6ab-4371-ba7b-8a9497e65502,function_transfer_time,1780474398.7794447,0.000141019
experiment_name,a5b2381b-b6ab-4371-ba7b-8a9497e65502,function_transfer_time,1780474398.8807,0.000042064
experiment_name,a5b2381b-b6ab-4371-ba7b-8a9497e65502,function_transfer_time,1780474398.9820516,0.000123718
experiment_name,a5b2381b-b6ab-4371-ba7b-8a9497e65502,function_transfer_time,1780474399.0833418,0.000034375
experiment_name,a5b2381b-b6ab-4371-ba7b-8a9497e65502,function_transfer_time,1780474399.1847496,0.000111438
experiment_name,a5b2381b-b6ab-4371-ba7b-8a9497e65502,function_transfer_time,1780474399.2859032,0.000027526
experiment_name,a5b2381b-b6ab-4371-ba7b-8a9497e65502,function_transfer_time,1780474399.3871758,0.000051751
experiment_name,a5b2381b-b6ab-4371-ba7b-8a9497e65502,function_transfer_time,1780474399.488503,0.000043998
experiment_name,a5b2381b-b6ab-4371-ba7b-8a9497e65502,function_transfer_time,1780474399.5899224,0.000119811
experiment_name,a5b2381b-b6ab-4371-ba7b-8a9497e65502,function_transfer_time,1780474399.6912546,0.000123469
experiment_name,a5b2381b-b6ab-4371-ba7b-8a9497e65502,function_transfer_time,1780474399.7924953,0.000119885
experiment_name,a5b2381b-b6ab-4371-ba7b-8a9497e65502,function_transfer_time,1780474399.8938086,0.000120906
experiment_name,a5b2381b-b6ab-4371-ba7b-8a9497e65502,function_transfer_time,1780474399.9951513,0.000120185
experiment_name,a5b2381b-b6ab-4371-ba7b-8a9497e65502,function_transfer_time,1780474400.0964966,0.000036921
experiment_name,a5b2381b-b6ab-4371-ba7b-8a9497e65502,function_transfer_time,1780474400.1978772,0.000095036
experiment_name,a5b2381b-b6ab-4371-ba7b-8a9497e65502,function_transfer_time,1780474400.2991982,0.000109661
experiment_name,a5b2381b-b6ab-4371-ba7b-8a9497e65502,function_transfer_time,1780474400.4004729,0.0001157
experiment_name,a5b2381b-b6ab-4371-ba7b-8a9497e65502,function_transfer_time,1780474400.501749,0.000123437
experiment_name,a5b2381b-b6ab-4371-ba7b-8a9497e65502,function_transfer_time,1780474400.6030087,0.000120284
experiment_name,a5b2381b-b6ab-4371-ba7b-8a9497e65502,function_transfer_time,1780474400.70426,0.000047001
experiment_name,a5b2381b-b6ab-4371-ba7b-8a9497e65502,function_transfer_time,1780474400.8055696,0.000102171
experiment_name,a5b2381b-b6ab-4371-ba7b-8a9497e65502,function_transfer_time,1780474400.9068582,0.000121004
experiment_name,a5b2381b-b6ab-4371-ba7b-8a9497e65502,function_transfer_time,1780474401.0081558,0.000113959
experiment_name,855bfdc2-2e02-47ca-82c6-73ffd9d90d4a,function_transfer_time,1780474396.0475442,0.000085722
experiment_name,855bfdc2-2e02-47ca-82c6-73ffd9d90d4a,function_transfer_time,1780474396.1489403,0.000081378
experiment_name,855bfdc2-2e02-47ca-82c6-73ffd9d90d4a,function_transfer_time,1780474396.2502074,0.000023856
experiment_name,855bfdc2-2e02-47ca-82c6-73ffd9d90d4a,function_transfer_time,1780474396.350538,0.000079708
experiment_name,855bfdc2-2e02-47ca-82c6-73ffd9d90d4a,function_transfer_time,1780474396.4518604,0.000090949
experiment_name,855bfdc2-2e02-47ca-82c6-73ffd9d90d4a,function_transfer_time,1780474396.5532126,0.000086359
experiment_name,855bfdc2-2e02-47ca-82c6-73ffd9d90d4a,function_transfer_time,1780474396.653515,0.000062982
experiment_name,855bfdc2-2e02-47ca-82c6-73ffd9d90d4a,function_transfer_time,1780474396.7548501,0.000082886
experiment_name,855bfdc2-2e02-47ca-82c6-73ffd9d90d4a,function_transfer_time,1780474396.856207,0.000084447
experiment_name,855bfdc2-2e02-47ca-82c6-73ffd9d90d4a,function_transfer_time,1780474396.9565315,0.000081238
experiment_name,855bfdc2-2e02-47ca-82c6-73ffd9d90d4a,function_transfer_time,1780474397.05789,0.000084469
experiment_name,855bfdc2-2e02-47ca-82c6-73ffd9d90d4a,function_transfer_time,1780474397.1592453,0.000087087
experiment_name,855bfdc2-2e02-47ca-82c6-73ffd9d90d4a,function_transfer_time,1780474397.2605147,0.000018969
experiment_name,855bfdc2-2e02-47ca-82c6-73ffd9d90d4a,function_transfer_time,1780474397.3618221,0.000086494
experiment_name,855bfdc2-2e02-47ca-82c6-73ffd9d90d4a,function_transfer_time,1780474397.4631462,0.000080887
experiment_name,855bfdc2-2e02-47ca-82c6-73ffd9d90d4a,function_transfer_time,1780474397.5634735,0.000086329
experiment_name,855bfdc2-2e02-47ca-82c6-73ffd9d90d4a,function_transfer_time,1780474397.664787,0.00008304
experiment_name,855bfdc2-2e02-47ca-82c6-73ffd9d90d4a,function_transfer_time,1780474397.7661238,0.000081369
experiment_name,855bfdc2-2e02-47ca-82c6-73ffd9d90d4a,function_transfer_time,1780474397.8674517,0.000085242
experiment_name,855bfdc2-2e02-47ca-82c6-73ffd9d90d4a,function_transfer_time,1780474397.9687784,0.000088445
experiment_name,855bfdc2-2e02-47ca-82c6-73ffd9d90d4a,function_transfer_time,1780474398.0700507,0.000080578
experiment_name,855bfdc2-2e02-47ca-82c6-73ffd9d90d4a,function_transfer_time,1780474398.171408,0.000080085
experiment_name,855bfdc2-2e02-47ca-82c6-73ffd9d90d4a,function_transfer_time,1780474398.2728314,0.000016972
experiment_name,855bfdc2-2e02-47ca-82c6-73ffd9d90d4a,function_transfer_time,1780474398.3740764,0.000024543
experiment_name,855bfdc2-2e02-47ca-82c6-73ffd9d90d4a,function_transfer_time,1780474398.4753351,0.000017716
experiment_name,855bfdc2-2e02-47ca-82c6-73ffd9d90d4a,function_transfer_time,1780474398.576572,0.000015973
experiment_name,855bfdc2-2e02-47ca-82c6-73ffd9d90d4a,function_transfer_time,1780474398.6778963,0.000081776
experiment_name,855bfdc2-2e02-47ca-82c6-73ffd9d90d4a,function_transfer_time,1780474398.779234,0.000079332
experiment_name,855bfdc2-2e02-47ca-82c6-73ffd9d90d4a,function_transfer_time,1780474398.8805459,0.000080302
experiment_name,855bfdc2-2e02-47ca-82c6-73ffd9d90d4a,function_transfer_time,1780474398.9818714,0.000074446
experiment_name,855bfdc2-2e02-47ca-82c6-73ffd9d90d4a,function_transfer_time,1780474399.0831795,0.000078717
experiment_name,855bfdc2-2e02-47ca-82c6-73ffd9d90d4a,function_transfer_time,1780474399.1845706,0.000081327
experiment_name,855bfdc2-2e02-47ca-82c6-73ffd9d90d4a,function_transfer_time,1780474399.285813,0.000022068
experiment_name,855bfdc2-2e02-47ca-82c6-73ffd9d90d4a,function_transfer_time,1780474399.3870637,0.000024167
experiment_name,855bfdc2-2e02-47ca-82c6-73ffd9d90d4a,function_transfer_time,1780474399.4883428,0.000023545
experiment_name,855bfdc2-2e02-47ca-82c6-73ffd9d90d4a,function_transfer_time,1780474399.589747,0.000077821
experiment_name,855bfdc2-2e02-47ca-82c6-73ffd9d90d4a,function_transfer_time,1780474399.6910744,0.000078995
experiment_name,855bfdc2-2e02-47ca-82c6-73ffd9d90d4a,function_transfer_time,1780474399.7923229,0.000023596
experiment_name,855bfdc2-2e02-47ca-82c6-73ffd9d90d4a,function_transfer_time,1780474399.8936348,0.000076642
experiment_name,855bfdc2-2e02-47ca-82c6-73ffd9d90d4a,function_transfer_time,1780474399.9949746,0.000080941
experiment_name,855bfdc2-2e02-47ca-82c6-73ffd9d90d4a,function_transfer_time,1780474400.0963094,0.000080341
experiment_name,855bfdc2-2e02-47ca-82c6-73ffd9d90d4a,function_transfer_time,1780474400.1977243,0.000077568
experiment_name,855bfdc2-2e02-47ca-82c6-73ffd9d90d4a,function_transfer_time,1780474400.2990324,0.000079796
experiment_name,855bfdc2-2e02-47ca-82c6-73ffd9d90d4a,function_transfer_time,1780474400.400304,0.000023049
experiment_name,855bfdc2-2e02-47ca-82c6-73ffd9d90d4a,function_transfer_time,1780474400.5015714,0.000079561
experiment_name,855bfdc2-2e02-47ca-82c6-73ffd9d90d4a,function_transfer_time,1780474400.6028268,0.000022313
experiment_name,855bfdc2-2e02-47ca-82c6-73ffd9d90d4a,function_transfer_time,1780474400.7041006,0.000021943
experiment_name,855bfdc2-2e02-47ca-82c6-73ffd9d90d4a,function_transfer_time,1780474400.8054037,0.000073089
experiment_name,855bfdc2-2e02-47ca-82c6-73ffd9d90d4a,function_transfer_time,1780474400.9066734,0.000021682
experiment_name,855bfdc2-2e02-47ca-82c6-73ffd9d90d4a,function_transfer_time,1780474401.007985,0.000077118
experiment_name,855bfdc2-2e02-47ca-82c6-73ffd9d90d4a,function_execution_time,1780474401.108979,0.000157732
experiment_name,855bfdc2-2e02-47ca-82c6-73ffd9d90d4a,function_execution_time,1780474401.2103975,0.000083345
experiment_name,855bfdc2-2e02-47ca-82c6-73ffd9d90d4a,function_execution_time,1780474401.3117115,0.00007285
experiment_name,855bfdc2-2e02-47ca-82c6-73ffd9d90d4a,function_execution_time,1780474401.4130576,0.00006996
experiment_name,855bfdc2-2e02-47ca-82c6-73ffd9d90d4a,function_execution_time,1780474401.5143743,0.000075851
experiment_name,855bfdc2-2e02-47ca-82c6-73ffd9d90d4a,function_execution_time,1780474401.6157146,0.000109605
experiment_name,855bfdc2-2e02-47ca-82c6-73ffd9d90d4a,function_execution_time,1780474401.7169755,0.000072866
experiment_name,855bfdc2-2e02-47ca-82c6-73ffd9d90d4a,function_execution_time,1780474401.8182802,0.00007396
experiment_name,855bfdc2-2e02-47ca-82c6-73ffd9d90d4a,function_execution_time,1780474401.918615,0.000080597
experiment_name,855bfdc2-2e02-47ca-82c6-73ffd9d90d4a,function_execution_time,1780474402.019883,0.000094612
experiment_name,855bfdc2-2e02-47ca-82c6-73ffd9d90d4a,function_execution_time,1780474402.121274,0.000145234
experiment_name,855bfdc2-2e02-47ca-82c6-73ffd9d90d4a,function_execution_time,1780474402.2215984,0.00010276
experiment_name,855bfdc2-2e02-47ca-82c6-73ffd9d90d4a,function_execution_time,1780474402.322927,0.000081557
experiment_name,855bfdc2-2e02-47ca-82c6-73ffd9d90d4a,function_execution_time,1780474402.4242573,0.000102315
experiment_name,855bfdc2-2e02-47ca-82c6-73ffd9d90d4a,function_execution_time,1780474402.525519,0.000090829
experiment_name,855bfdc2-2e02-47ca-82c6-73ffd9d90d4a,function_execution_time,1780474402.6270127,0.000095261
experiment_name,855bfdc2-2e02-47ca-82c6-73ffd9d90d4a,function_execution_time,1780474402.728355,0.00007983
experiment_name,855bfdc2-2e02-47ca-82c6-73ffd9d90d4a,function_execution_time,1780474402.8286002,0.000074233
experiment_name,855bfdc2-2e02-47ca-82c6-73ffd9d90d4a,function_execution_time,1780474402.9300218,0.000085612
experiment_name,855bfdc2-2e02-47ca-82c6-73ffd9d90d4a,function_execution_time,1780474403.031359,0.000081908
experiment_name,855bfdc2-2e02-47ca-82c6-73ffd9d90d4a,function_execution_time,1780474403.1327763,0.000145432
experiment_name,855bfdc2-2e02-47ca-82c6-73ffd9d90d4a,function_execution_time,1780474403.2341435,0.00007865
experiment_name,855bfdc2-2e02-47ca-82c6-73ffd9d90d4a,function_execution_time,1780474403.3355358,0.000100943
experiment_name,855bfdc2-2e02-47ca-82c6-73ffd9d90d4a,function_execution_time,1780474403.4367619,0.000073844
experiment_name,855bfdc2-2e02-47ca-82c6-73ffd9d90d4a,function_execution_time,1780474403.538257,0.000078753
experiment_name,855bfdc2-2e02-47ca-82c6-73ffd9d90d4a,function_execution_time,1780474403.638594,0.000085171
experiment_name,855bfdc2-2e02-47ca-82c6-73ffd9d90d4a,function_execution_time,1780474403.7399404,0.000079272
experiment_name,855bfdc2-2e02-47ca-82c6-73ffd9d90d4a,function_execution_time,1780474403.841235,0.000077422
experiment_name,855bfdc2-2e02-47ca-82c6-73ffd9d90d4a,function_execution_time,1780474403.9416263,0.000084189
experiment_name,855bfdc2-2e02-47ca-82c6-73ffd9d90d4a,function_execution_time,1780474404.0429506,0.00007251
experiment_name,855bfdc2-2e02-47ca-82c6-73ffd9d90d4a,function_execution_time,1780474404.1442845,0.000157473
experiment_name,855bfdc2-2e02-47ca-82c6-73ffd9d90d4a,function_execution_time,1780474404.2445376,0.000080358
experiment_name,855bfdc2-2e02-47ca-82c6-73ffd9d90d4a,function_execution_time,1780474404.3459458,0.000083299
experiment_name,855bfdc2-2e02-47ca-82c6-73ffd9d90d4a,function_execution_time,1780474404.4471073,0.000072644
experiment_name,855bfdc2-2e02-47ca-82c6-73ffd9d90d4a,function_execution_time,1780474404.548458,0.00009376
experiment_name,855bfdc2-2e02-47ca-82c6-73ffd9d90d4a,function_execution_time,1780474404.6497629,0.000072967
experiment_name,855bfdc2-2e02-47ca-82c6-73ffd9d90d4a,function_execution_time,1780474404.751027,0.000075238
experiment_name,855bfdc2-2e02-47ca-82c6-73ffd9d90d4a,function_execution_time,1780474404.8522813,0.000072437
experiment_name,855bfdc2-2e02-47ca-82c6-73ffd9d90d4a,function_execution_time,1780474404.952543,0.000079171
experiment_name,855bfdc2-2e02-47ca-82c6-73ffd9d90d4a,function_execution_time,1780474405.0539236,0.000077726
experiment_name,855bfdc2-2e02-47ca-82c6-73ffd9d90d4a,function_execution_time,1780474405.1551192,0.000086393
experiment_name,855bfdc2-2e02-47ca-82c6-73ffd9d90d4a,function_execution_time,1780474405.2564468,0.0000897
experiment_name,855bfdc2-2e02-47ca-82c6-73ffd9d90d4a,function_execution_time,1780474405.3577554,0.000076924
experiment_name,855bfdc2-2e02-47ca-82c6-73ffd9d90d4a,function_execution_time,1780474405.45907,0.000073301
experiment_name,855bfdc2-2e02-47ca-82c6-73ffd9d90d4a,function_execution_time,1780474405.560418,0.000072731
experiment_name,855bfdc2-2e02-47ca-82c6-73ffd9d90d4a,function_execution_time,1780474405.6617336,0.000084219
experiment_name,855bfdc2-2e02-47ca-82c6-73ffd9d90d4a,function_execution_time,1780474405.7630496,0.000074538
experiment_name,855bfdc2-2e02-47ca-82c6-73ffd9d90d4a,function_execution_time,1780474405.8643665,0.000076216
experiment_name,855bfdc2-2e02-47ca-82c6-73ffd9d90d4a,function_execution_time,1780474405.9657774,0.000086748
experiment_name,a5b2381b-b6ab-4371-ba7b-8a9497e65502,function_execution_time,1780474401.1090405,0.00006026
experiment_name,a5b2381b-b6ab-4371-ba7b-8a9497e65502,function_execution_time,1780474401.2105062,0.000077354
experiment_name,a5b2381b-b6ab-4371-ba7b-8a9497e65502,function_execution_time,1780474401.3117976,0.000063361
experiment_name,a5b2381b-b6ab-4371-ba7b-8a9497e65502,function_execution_time,1780474401.4131284,0.000056989
experiment_name,a5b2381b-b6ab-4371-ba7b-8a9497e65502,function_execution_time,1780474401.5144827,0.000083924
experiment_name,a5b2381b-b6ab-4371-ba7b-8a9497e65502,function_execution_time,1780474401.6158,0.000054044
experiment_name,a5b2381b-b6ab-4371-ba7b-8a9497e65502,function_execution_time,1780474401.7171245,0.000055548
experiment_name,a5b2381b-b6ab-4371-ba7b-8a9497e65502,function_execution_time,1780474401.8184388,0.000054764
experiment_name,a5b2381b-b6ab-4371-ba7b-8a9497e65502,function_execution_time,1780474401.9187813,0.000062729
experiment_name,a5b2381b-b6ab-4371-ba7b-8a9497e65502,function_execution_time,1780474402.0199406,0.000059996
experiment_name,a5b2381b-b6ab-4371-ba7b-8a9497e65502,function_execution_time,1780474402.121324,0.000053684
experiment_name,a5b2381b-b6ab-4371-ba7b-8a9497e65502,function_execution_time,1780474402.2216637,0.000074571
experiment_name,a5b2381b-b6ab-4371-ba7b-8a9497e65502,function_execution_time,1780474402.323023,0.000065982
experiment_name,a5b2381b-b6ab-4371-ba7b-8a9497e65502,function_execution_time,1780474402.4242904,0.000083137
experiment_name,a5b2381b-b6ab-4371-ba7b-8a9497e65502,function_execution_time,1780474402.5256622,0.000058099
experiment_name,a5b2381b-b6ab-4371-ba7b-8a9497e65502,function_execution_time,1780474402.627067,0.00005695
experiment_name,a5b2381b-b6ab-4371-ba7b-8a9497e65502,function_execution_time,1780474402.7284493,0.000065912
experiment_name,a5b2381b-b6ab-4371-ba7b-8a9497e65502,function_execution_time,1780474402.8287604,0.000062334
experiment_name,a5b2381b-b6ab-4371-ba7b-8a9497e65502,function_execution_time,1780474402.9301786,0.000059268
experiment_name,a5b2381b-b6ab-4371-ba7b-8a9497e65502,function_execution_time,1780474403.0315201,0.000058378
experiment_name,a5b2381b-b6ab-4371-ba7b-8a9497e65502,function_execution_time,1780474403.1328273,0.000054952
experiment_name,a5b2381b-b6ab-4371-ba7b-8a9497e65502,function_execution_time,1780474403.2342904,0.00006512
experiment_name,a5b2381b-b6ab-4371-ba7b-8a9497e65502,function_execution_time,1780474403.3356245,0.000057212
experiment_name,a5b2381b-b6ab-4371-ba7b-8a9497e65502,function_execution_time,1780474403.436912,0.000054279
experiment_name,a5b2381b-b6ab-4371-ba7b-8a9497e65502,function_execution_time,1780474403.538418,0.000065434
experiment_name,a5b2381b-b6ab-4371-ba7b-8a9497e65502,function_execution_time,1780474403.6386821,0.00005636
experiment_name,a5b2381b-b6ab-4371-ba7b-8a9497e65502,function_execution_time,1780474403.7400784,0.000067286
experiment_name,a5b2381b-b6ab-4371-ba7b-8a9497e65502,function_execution_time,1780474403.8412962,0.000054575
experiment_name,a5b2381b-b6ab-4371-ba7b-8a9497e65502,function_execution_time,1780474403.9417748,0.000054879
experiment_name,a5b2381b-b6ab-4371-ba7b-8a9497e65502,function_execution_time,1780474404.0430903,0.000054579
experiment_name,a5b2381b-b6ab-4371-ba7b-8a9497e65502,function_execution_time,1780474404.1443388,0.000057322
experiment_name,a5b2381b-b6ab-4371-ba7b-8a9497e65502,function_execution_time,1780474404.2446208,0.000057591
experiment_name,a5b2381b-b6ab-4371-ba7b-8a9497e65502,function_execution_time,1780474404.3459482,0.000067771
experiment_name,a5b2381b-b6ab-4371-ba7b-8a9497e65502,function_execution_time,1780474404.447269,0.000057214
experiment_name,a5b2381b-b6ab-4371-ba7b-8a9497e65502,function_execution_time,1780474404.548585,0.000054187
experiment_name,a5b2381b-b6ab-4371-ba7b-8a9497e65502,function_execution_time,1780474404.6499,0.000056548
experiment_name,a5b2381b-b6ab-4371-ba7b-8a9497e65502,function_execution_time,1780474404.751188,0.000067447
experiment_name,a5b2381b-b6ab-4371-ba7b-8a9497e65502,function_execution_time,1780474404.8524454,0.000062424
experiment_name,a5b2381b-b6ab-4371-ba7b-8a9497e65502,function_execution_time,1780474404.9527013,0.000054924
experiment_name,a5b2381b-b6ab-4371-ba7b-8a9497e65502,function_execution_time,1780474405.0540226,0.000057478
experiment_name,a5b2381b-b6ab-4371-ba7b-8a9497e65502,function_execution_time,1780474405.155173,0.000057053
experiment_name,a5b2381b-b6ab-4371-ba7b-8a9497e65502,function_execution_time,1780474405.256617,0.000066525
experiment_name,a5b2381b-b6ab-4371-ba7b-8a9497e65502,function_execution_time,1780474405.3578954,0.0000575
experiment_name,a5b2381b-b6ab-4371-ba7b-8a9497e65502,function_execution_time,1780474405.4592447,0.000057867
experiment_name,a5b2381b-b6ab-4371-ba7b-8a9497e65502,function_execution_time,1780474405.5605767,0.000054932
experiment_name,a5b2381b-b6ab-4371-ba7b-8a9497e65502,function_execution_time,1780474405.6618814,0.000064281
experiment_name,a5b2381b-b6ab-4371-ba7b-8a9497e65502,function_execution_time,1780474405.7631254,0.00005465
experiment_name,a5b2381b-b6ab-4371-ba7b-8a9497e65502,function_execution_time,1780474405.8645105,0.00005483
experiment_name,a5b2381b-b6ab-4371-ba7b-8a9497e65502,function_execution_time,1780474405.965781,0.000053978
experiment_name,a5b2381b-b6ab-4371-ba7b-8a9497e65502,function_transfer_time,1780474401.1089814,0.000036716
experiment_name,a5b2381b-b6ab-4371-ba7b-8a9497e65502,function_transfer_time,1780474401.210475,0.000061005
experiment_name,a5b2381b-b6ab-4371-ba7b-8a9497e65502,function_transfer_time,1780474401.3117769,0.000050612
experiment_name,a5b2381b-b6ab-4371-ba7b-8a9497e65502,function_transfer_time,1780474401.4131258,0.000049351
experiment_name,a5b2381b-b6ab-4371-ba7b-8a9497e65502,function_transfer_time,1780474401.514452,0.000051191
experiment_name,a5b2381b-b6ab-4371-ba7b-8a9497e65502,function_transfer_time,1780474401.6157398,0.000100585
experiment_name,a5b2381b-b6ab-4371-ba7b-8a9497e65502,function_transfer_time,1780474401.7170682,0.000121136
experiment_name,a5b2381b-b6ab-4371-ba7b-8a9497e65502,function_transfer_time,1780474401.818374,0.000112158
experiment_name,a5b2381b-b6ab-4371-ba7b-8a9497e65502,function_transfer_time,1780474401.918718,0.000127726
experiment_name,a5b2381b-b6ab-4371-ba7b-8a9497e65502,function_transfer_time,1780474402.0198803,0.000029154
experiment_name,a5b2381b-b6ab-4371-ba7b-8a9497e65502,function_transfer_time,1780474402.1212714,0.000032956
experiment_name,a5b2381b-b6ab-4371-ba7b-8a9497e65502,function_transfer_time,1780474402.221585,0.000029082
experiment_name,a5b2381b-b6ab-4371-ba7b-8a9497e65502,function_transfer_time,1780474402.323003,0.000048089
experiment_name,a5b2381b-b6ab-4371-ba7b-8a9497e65502,function_transfer_time,1780474402.4242535,0.000024219
experiment_name,a5b2381b-b6ab-4371-ba7b-8a9497e65502,function_transfer_time,1780474402.5255969,0.000106989
experiment_name,a5b2381b-b6ab-4371-ba7b-8a9497e65502,function_transfer_time,1780474402.62701,0.000029953
experiment_name,a5b2381b-b6ab-4371-ba7b-8a9497e65502,function_transfer_time,1780474402.728379,0.000119215
experiment_name,a5b2381b-b6ab-4371-ba7b-8a9497e65502,function_transfer_time,1780474402.8286986,0.000115125
experiment_name,a5b2381b-b6ab-4371-ba7b-8a9497e65502,function_transfer_time,1780474402.9301188,0.000120383
experiment_name,a5b2381b-b6ab-4371-ba7b-8a9497e65502,function_transfer_time,1780474403.0314615,0.000123083
experiment_name,a5b2381b-b6ab-4371-ba7b-8a9497e65502,function_transfer_time,1780474403.1327736,0.000030884
experiment_name,a5b2381b-b6ab-4371-ba7b-8a9497e65502,function_transfer_time,1780474403.2342248,0.000105849
experiment_name,a5b2381b-b6ab-4371-ba7b-8a9497e65502,function_transfer_time,1780474403.3355603,0.0000982
experiment_name,a5b2381b-b6ab-4371-ba7b-8a9497e65502,function_transfer_time,1780474403.4368582,0.000112558
experiment_name,a5b2381b-b6ab-4371-ba7b-8a9497e65502,function_transfer_time,1780474403.5383525,0.00011754
experiment_name,a5b2381b-b6ab-4371-ba7b-8a9497e65502,function_transfer_time,1780474403.6386175,0.000098653
experiment_name,a5b2381b-b6ab-4371-ba7b-8a9497e65502,function_transfer_time,1780474403.7400038,0.000097926
experiment_name,a5b2381b-b6ab-4371-ba7b-8a9497e65502,function_transfer_time,1780474403.8412378,0.000082966
experiment_name,a5b2381b-b6ab-4371-ba7b-8a9497e65502,function_transfer_time,1780474403.9417195,0.000115961
experiment_name,a5b2381b-b6ab-4371-ba7b-8a9497e65502,function_transfer_time,1780474404.0430367,0.000105579
experiment_name,a5b2381b-b6ab-4371-ba7b-8a9497e65502,function_transfer_time,1780474404.1442819,0.000027119
experiment_name,a5b2381b-b6ab-4371-ba7b-8a9497e65502,function_transfer_time,1780474404.2445629,0.000051219
experiment_name,a5b2381b-b6ab-4371-ba7b-8a9497e65502,function_transfer_time,1780474404.345942,0.000029945
experiment_name,a5b2381b-b6ab-4371-ba7b-8a9497e65502,function_transfer_time,1780474404.447211,0.000127174
experiment_name,a5b2381b-b6ab-4371-ba7b-8a9497e65502,function_transfer_time,1780474404.5485241,0.000111328
experiment_name,a5b2381b-b6ab-4371-ba7b-8a9497e65502,function_transfer_time,1780474404.649839,0.000107519
experiment_name,a5b2381b-b6ab-4371-ba7b-8a9497e65502,function_transfer_time,1780474404.75112,0.000112285
experiment_name,a5b2381b-b6ab-4371-ba7b-8a9497e65502,function_transfer_time,1780474404.8523812,0.000123914
experiment_name,a5b2381b-b6ab-4371-ba7b-8a9497e65502,function_transfer_time,1780474404.9526463,0.000122421
experiment_name,a5b2381b-b6ab-4371-ba7b-8a9497e65502,function_transfer_time,1780474405.0539582,0.000111623
experiment_name,a5b2381b-b6ab-4371-ba7b-8a9497e65502,function_transfer_time,1780474405.1551166,0.000027551
experiment_name,a5b2381b-b6ab-4371-ba7b-8a9497e65502,function_transfer_time,1780474405.2565432,0.000131683
experiment_name,a5b2381b-b6ab-4371-ba7b-8a9497e65502,function_transfer_time,1780474405.3578355,0.000109248
experiment_name,a5b2381b-b6ab-4371-ba7b-8a9497e65502,function_transfer_time,1780474405.4591866,0.000134163
experiment_name,a5b2381b-b6ab-4371-ba7b-8a9497e65502,function_transfer_time,1780474405.5605218,0.000132646
experiment_name,a5b2381b-b6ab-4371-ba7b-8a9497e65502,function_transfer_time,1780474405.661817,0.00010133
experiment_name,a5b2381b-b6ab-4371-ba7b-8a9497e65502,function_transfer_time,1780474405.763123,0.0000417
experiment_name,a5b2381b-b6ab-4371-ba7b-8a9497e65502,function_transfer_time,1780474405.8644598,0.000116814
experiment_name,a5b2381b-b6ab-4371-ba7b-8a9497e65502,function_transfer_time,1780474405.9657798,0.000041155
experiment_name,855bfdc2-2e02-47ca-82c6-73ffd9d90d4a,function_transfer_time,1780474401.1088142,0.000077042
experiment_name,855bfdc2-2e02-47ca-82c6-73ffd9d90d4a,function_transfer_time,1780474401.2103124,0.000081392
experiment_name,855bfdc2-2e02-47ca-82c6-73ffd9d90d4a,function_transfer_time,1780474401.3116283,0.000080172
experiment_name,855bfdc2-2e02-47ca-82c6-73ffd9d90d4a,function_transfer_time,1780474401.4129748,0.000086225
experiment_name,855bfdc2-2e02-47ca-82c6-73ffd9d90d4a,function_transfer_time,1780474401.5142915,0.000083732
experiment_name,855bfdc2-2e02-47ca-82c6-73ffd9d90d4a,function_transfer_time,1780474401.6155636,0.000023435
experiment_name,855bfdc2-2e02-47ca-82c6-73ffd9d90d4a,function_transfer_time,1780474401.7168927,0.000078599
experiment_name,855bfdc2-2e02-47ca-82c6-73ffd9d90d4a,function_transfer_time,1780474401.8182073,0.000074687
experiment_name,855bfdc2-2e02-47ca-82c6-73ffd9d90d4a,function_transfer_time,1780474401.9185312,0.000072709
experiment_name,855bfdc2-2e02-47ca-82c6-73ffd9d90d4a,function_transfer_time,1780474402.019786,0.000023656
experiment_name,855bfdc2-2e02-47ca-82c6-73ffd9d90d4a,function_transfer_time,1780474402.121123,0.000082583
experiment_name,855bfdc2-2e02-47ca-82c6-73ffd9d90d4a,function_transfer_time,1780474402.2214942,0.000021988
experiment_name,855bfdc2-2e02-47ca-82c6-73ffd9d90d4a,function_transfer_time,1780474402.3228416,0.000081643
experiment_name,855bfdc2-2e02-47ca-82c6-73ffd9d90d4a,function_transfer_time,1780474402.424122,0.0000185
experiment_name,855bfdc2-2e02-47ca-82c6-73ffd9d90d4a,function_transfer_time,1780474402.5254235,0.000087266
experiment_name,855bfdc2-2e02-47ca-82c6-73ffd9d90d4a,function_transfer_time,1780474402.6269119,0.000080722
experiment_name,855bfdc2-2e02-47ca-82c6-73ffd9d90d4a,function_transfer_time,1780474402.728206,0.000079844
experiment_name,855bfdc2-2e02-47ca-82c6-73ffd9d90d4a,function_transfer_time,1780474402.8285978,0.000076053
experiment_name,855bfdc2-2e02-47ca-82c6-73ffd9d90d4a,function_transfer_time,1780474402.92994,0.000025203
experiment_name,855bfdc2-2e02-47ca-82c6-73ffd9d90d4a,function_transfer_time,1780474403.0312781,0.000086566
experiment_name,855bfdc2-2e02-47ca-82c6-73ffd9d90d4a,function_transfer_time,1780474403.132624,0.000081237
experiment_name,855bfdc2-2e02-47ca-82c6-73ffd9d90d4a,function_transfer_time,1780474403.2340603,0.000079499
experiment_name,855bfdc2-2e02-47ca-82c6-73ffd9d90d4a,function_transfer_time,1780474403.3353868,0.000077674
experiment_name,855bfdc2-2e02-47ca-82c6-73ffd9d90d4a,function_transfer_time,1780474403.4367595,0.000073572
experiment_name,855bfdc2-2e02-47ca-82c6-73ffd9d90d4a,function_transfer_time,1780474403.5381744,0.000093586
experiment_name,855bfdc2-2e02-47ca-82c6-73ffd9d90d4a,function_transfer_time,1780474403.6384664,0.000082836
experiment_name,855bfdc2-2e02-47ca-82c6-73ffd9d90d4a,function_transfer_time,1780474403.739855,0.000019478
experiment_name,855bfdc2-2e02-47ca-82c6-73ffd9d90d4a,function_transfer_time,1780474403.8411038,0.000021782
experiment_name,855bfdc2-2e02-47ca-82c6-73ffd9d90d4a,function_transfer_time,1780474403.9415429,0.000079833
experiment_name,855bfdc2-2e02-47ca-82c6-73ffd9d90d4a,function_transfer_time,1780474404.0428748,0.00007783
experiment_name,855bfdc2-2e02-47ca-82c6-73ffd9d90d4a,function_transfer_time,1780474404.1441228,0.000021787
experiment_name,855bfdc2-2e02-47ca-82c6-73ffd9d90d4a,function_transfer_time,1780474404.2444463,0.000022307
experiment_name,855bfdc2-2e02-47ca-82c6-73ffd9d90d4a,function_transfer_time,1780474404.345792,0.000079756
experiment_name,855bfdc2-2e02-47ca-82c6-73ffd9d90d4a,function_transfer_time,1780474404.4470284,0.000024092
experiment_name,855bfdc2-2e02-47ca-82c6-73ffd9d90d4a,function_transfer_time,1780474404.5483615,0.000083605
experiment_name,855bfdc2-2e02-47ca-82c6-73ffd9d90d4a,function_transfer_time,1780474404.6496813,0.000084043
experiment_name,855bfdc2-2e02-47ca-82c6-73ffd9d90d4a,function_transfer_time,1780474404.7509508,0.000022238
experiment_name,855bfdc2-2e02-47ca-82c6-73ffd9d90d4a,function_transfer_time,1780474404.8522022,0.000020276
experiment_name,855bfdc2-2e02-47ca-82c6-73ffd9d90d4a,function_transfer_time,1780474404.9524636,0.000027076
experiment_name,855bfdc2-2e02-47ca-82c6-73ffd9d90d4a,function_transfer_time,1780474405.0537944,0.000081369
experiment_name,855bfdc2-2e02-47ca-82c6-73ffd9d90d4a,function_transfer_time,1780474405.1550272,0.00002303
experiment_name,855bfdc2-2e02-47ca-82c6-73ffd9d90d4a,function_transfer_time,1780474405.2563546,0.000082706
experiment_name,855bfdc2-2e02-47ca-82c6-73ffd9d90d4a,function_transfer_time,1780474405.3576717,0.000075859
experiment_name,855bfdc2-2e02-47ca-82c6-73ffd9d90d4a,function_transfer_time,1780474405.4589965,0.000080393
experiment_name,855bfdc2-2e02-47ca-82c6-73ffd9d90d4a,function_transfer_time,1780474405.560333,0.000081644
experiment_name,855bfdc2-2e02-47ca-82c6-73ffd9d90d4a,function_transfer_time,1780474405.6616502,0.000080674
experiment_name,855bfdc2-2e02-47ca-82c6-73ffd9d90d4a,function_transfer_time,1780474405.762974,0.000074312
experiment_name,855bfdc2-2e02-47ca-82c6-73ffd9d90d4a,function_transfer_time,1780474405.8642824,0.000087943
experiment_name,855bfdc2-2e02-47ca-82c6-73ffd9d90d4a,function_transfer_time,1780474405.9656274,0.000079334
experiment_name,855bfdc2-2e02-47ca-82c6-73ffd9d90d4a,function_execution_time,1780474406.066874,0.000077804
experiment_name,855bfdc2-2e02-47ca-82c6-73ffd9d90d4a,function_execution_time,1780474406.1682737,0.00015358
experiment_name,855bfdc2-2e02-47ca-82c6-73ffd9d90d4a,function_execution_time,1780474406.2685418,0.000076446
experiment_name,855bfdc2-2e02-47ca-82c6-73ffd9d90d4a,function_execution_time,1780474406.3697884,0.00005847
experiment_name,855bfdc2-2e02-47ca-82c6-73ffd9d90d4a,function_execution_time,1780474406.4711356,0.000080577
experiment_name,855bfdc2-2e02-47ca-82c6-73ffd9d90d4a,function_execution_time,1780474406.5723765,0.000077923
experiment_name,855bfdc2-2e02-47ca-82c6-73ffd9d90d4a,function_execution_time,1780474406.6737716,0.000091129
experiment_name,855bfdc2-2e02-47ca-82c6-73ffd9d90d4a,function_execution_time,1780474406.7750506,0.000073132
experiment_name,855bfdc2-2e02-47ca-82c6-73ffd9d90d4a,function_execution_time,1780474406.8763154,0.000072552
experiment_name,855bfdc2-2e02-47ca-82c6-73ffd9d90d4a,function_execution_time,1780474406.9776478,0.000086609
experiment_name,855bfdc2-2e02-47ca-82c6-73ffd9d90d4a,function_execution_time,1780474407.078872,0.000075577
experiment_name,855bfdc2-2e02-47ca-82c6-73ffd9d90d4a,function_execution_time,1780474407.1802814,0.0001574
experiment_name,855bfdc2-2e02-47ca-82c6-73ffd9d90d4a,function_execution_time,1780474407.2805574,0.000075522
experiment_name,855bfdc2-2e02-47ca-82c6-73ffd9d90d4a,function_execution_time,1780474407.3819582,0.000089533
experiment_name,855bfdc2-2e02-47ca-82c6-73ffd9d90d4a,function_execution_time,1780474407.4832218,0.00007819
experiment_name,855bfdc2-2e02-47ca-82c6-73ffd9d90d4a,function_execution_time,1780474407.5844715,0.000093276
experiment_name,855bfdc2-2e02-47ca-82c6-73ffd9d90d4a,function_execution_time,1780474407.6858096,0.000084727
experiment_name,855bfdc2-2e02-47ca-82c6-73ffd9d90d4a,function_execution_time,1780474407.7871711,0.000080173
experiment_name,855bfdc2-2e02-47ca-82c6-73ffd9d90d4a,function_execution_time,1780474407.888444,0.000072196
experiment_name,855bfdc2-2e02-47ca-82c6-73ffd9d90d4a,function_execution_time,1780474407.9897442,0.000073303
experiment_name,855bfdc2-2e02-47ca-82c6-73ffd9d90d4a,function_execution_time,1780474408.091061,0.000085398
experiment_name,855bfdc2-2e02-47ca-82c6-73ffd9d90d4a,function_execution_time,1780474408.1924677,0.000147357
experiment_name,855bfdc2-2e02-47ca-82c6-73ffd9d90d4a,function_execution_time,1780474408.293793,0.000081186
experiment_name,855bfdc2-2e02-47ca-82c6-73ffd9d90d4a,function_execution_time,1780474408.3950477,0.00008801
experiment_name,855bfdc2-2e02-47ca-82c6-73ffd9d90d4a,function_execution_time,1780474408.4962869,0.00007513
experiment_name,855bfdc2-2e02-47ca-82c6-73ffd9d90d4a,function_execution_time,1780474408.5965557,0.000063539
experiment_name,855bfdc2-2e02-47ca-82c6-73ffd9d90d4a,function_execution_time,1780474408.6978827,0.000074575
experiment_name,855bfdc2-2e02-47ca-82c6-73ffd9d90d4a,function_execution_time,1780474408.7992022,0.000089311
experiment_name,855bfdc2-2e02-47ca-82c6-73ffd9d90d4a,function_execution_time,1780474408.9004767,0.000085685
experiment_name,855bfdc2-2e02-47ca-82c6-73ffd9d90d4a,function_execution_time,1780474409.001779,0.000075174
experiment_name,855bfdc2-2e02-47ca-82c6-73ffd9d90d4a,function_execution_time,1780474409.1030848,0.000089974
experiment_name,855bfdc2-2e02-47ca-82c6-73ffd9d90d4a,function_execution_time,1780474409.2044835,0.000170781
experiment_name,855bfdc2-2e02-47ca-82c6-73ffd9d90d4a,function_execution_time,1780474409.3057692,0.000076259
experiment_name,855bfdc2-2e02-47ca-82c6-73ffd9d90d4a,function_execution_time,1780474409.407104,0.000074846
experiment_name,855bfdc2-2e02-47ca-82c6-73ffd9d90d4a,function_execution_time,1780474409.5084233,0.00008324
experiment_name,855bfdc2-2e02-47ca-82c6-73ffd9d90d4a,function_execution_time,1780474409.609916,0.000072568
experiment_name,855bfdc2-2e02-47ca-82c6-73ffd9d90d4a,function_execution_time,1780474409.7111657,0.000071975
experiment_name,855bfdc2-2e02-47ca-82c6-73ffd9d90d4a,function_execution_time,1780474409.8125606,0.000098659
experiment_name,855bfdc2-2e02-47ca-82c6-73ffd9d90d4a,function_execution_time,1780474409.913947,0.000085285
experiment_name,855bfdc2-2e02-47ca-82c6-73ffd9d90d4a,function_execution_time,1780474410.0151813,0.000070722
experiment_name,855bfdc2-2e02-47ca-82c6-73ffd9d90d4a,function_execution_time,1780474410.1165237,0.000076861
experiment_name,855bfdc2-2e02-47ca-82c6-73ffd9d90d4a,function_execution_time,1780474410.2179108,0.000154894
experiment_name,855bfdc2-2e02-47ca-82c6-73ffd9d90d4a,function_execution_time,1780474410.3192692,0.0000801
experiment_name,855bfdc2-2e02-47ca-82c6-73ffd9d90d4a,function_execution_time,1780474410.4205236,0.000086428
experiment_name,855bfdc2-2e02-47ca-82c6-73ffd9d90d4a,function_execution_time,1780474410.5219119,0.000082487
experiment_name,855bfdc2-2e02-47ca-82c6-73ffd9d90d4a,function_execution_time,1780474410.6231608,0.000074067
experiment_name,855bfdc2-2e02-47ca-82c6-73ffd9d90d4a,function_execution_time,1780474410.7245212,0.000119003
experiment_name,855bfdc2-2e02-47ca-82c6-73ffd9d90d4a,function_execution_time,1780474410.8259206,0.000076762
experiment_name,855bfdc2-2e02-47ca-82c6-73ffd9d90d4a,function_execution_time,1780474410.927175,0.000082386
experiment_name,a5b2381b-b6ab-4371-ba7b-8a9497e65502,function_execution_time,1780474406.0670447,0.000067401
experiment_name,a5b2381b-b6ab-4371-ba7b-8a9497e65502,function_execution_time,1780474406.1683335,0.000059202
experiment_name,a5b2381b-b6ab-4371-ba7b-8a9497e65502,function_execution_time,1780474406.268634,0.000063626
experiment_name,a5b2381b-b6ab-4371-ba7b-8a9497e65502,function_execution_time,1780474406.3698668,0.000057822
experiment_name,a5b2381b-b6ab-4371-ba7b-8a9497e65502,function_execution_time,1780474406.4713018,0.000064417
experiment_name,a5b2381b-b6ab-4371-ba7b-8a9497e65502,function_execution_time,1780474406.5725253,0.000055847
experiment_name,a5b2381b-b6ab-4371-ba7b-8a9497e65502,function_execution_time,1780474406.6737754,0.000057934
experiment_name,a5b2381b-b6ab-4371-ba7b-8a9497e65502,function_execution_time,1780474406.7752008,0.000054958
experiment_name,a5b2381b-b6ab-4371-ba7b-8a9497e65502,function_execution_time,1780474406.876396,0.000062808
experiment_name,a5b2381b-b6ab-4371-ba7b-8a9497e65502,function_execution_time,1780474406.9777932,0.000066895
experiment_name,a5b2381b-b6ab-4371-ba7b-8a9497e65502,function_execution_time,1780474407.078955,0.000066384
experiment_name,a5b2381b-b6ab-4371-ba7b-8a9497e65502,function_execution_time,1780474407.1803486,0.000063011
experiment_name,a5b2381b-b6ab-4371-ba7b-8a9497e65502,function_execution_time,1780474407.2807267,0.000058913
experiment_name,a5b2381b-b6ab-4371-ba7b-8a9497e65502,function_execution_time,1780474407.3820539,0.000063076
experiment_name,a5b2381b-b6ab-4371-ba7b-8a9497e65502,function_execution_time,1780474407.483337,0.000069318
experiment_name,a5b2381b-b6ab-4371-ba7b-8a9497e65502,function_execution_time,1780474407.5846167,0.000059146
experiment_name,a5b2381b-b6ab-4371-ba7b-8a9497e65502,function_execution_time,1780474407.6859887,0.000063329
experiment_name,a5b2381b-b6ab-4371-ba7b-8a9497e65502,function_execution_time,1780474407.7872796,0.000061842
experiment_name,a5b2381b-b6ab-4371-ba7b-8a9497e65502,function_execution_time,1780474407.8885417,0.000068819
experiment_name,a5b2381b-b6ab-4371-ba7b-8a9497e65502,function_execution_time,1780474407.989899,0.000055942
experiment_name,a5b2381b-b6ab-4371-ba7b-8a9497e65502,function_execution_time,1780474408.0911512,0.000064779
experiment_name,a5b2381b-b6ab-4371-ba7b-8a9497e65502,function_execution_time,1780474408.192522,0.00005654
experiment_name,a5b2381b-b6ab-4371-ba7b-8a9497e65502,function_execution_time,1780474408.2938123,0.000063717
experiment_name,a5b2381b-b6ab-4371-ba7b-8a9497e65502,function_execution_time,1780474408.395164,0.000073052
experiment_name,a5b2381b-b6ab-4371-ba7b-8a9497e65502,function_execution_time,1780474408.4964623,0.000069523
experiment_name,a5b2381b-b6ab-4371-ba7b-8a9497e65502,function_execution_time,1780474408.596731,0.000065611
experiment_name,a5b2381b-b6ab-4371-ba7b-8a9497e65502,function_execution_time,1780474408.6980467,0.000056331
experiment_name,a5b2381b-b6ab-4371-ba7b-8a9497e65502,function_execution_time,1780474408.7993004,0.000069047
experiment_name,a5b2381b-b6ab-4371-ba7b-8a9497e65502,function_execution_time,1780474408.9006383,0.000056004
experiment_name,a5b2381b-b6ab-4371-ba7b-8a9497e65502,function_execution_time,1780474409.0018663,0.000064054
experiment_name,a5b2381b-b6ab-4371-ba7b-8a9497e65502,function_execution_time,1780474409.1032267,0.000071752
experiment_name,a5b2381b-b6ab-4371-ba7b-8a9497e65502,function_execution_time,1780474409.2045577,0.000067781
experiment_name,a5b2381b-b6ab-4371-ba7b-8a9497e65502,function_execution_time,1780474409.3059375,0.000056919
experiment_name,a5b2381b-b6ab-4371-ba7b-8a9497e65502,function_execution_time,1780474409.4071858,0.000063432
experiment_name,a5b2381b-b6ab-4371-ba7b-8a9497e65502,function_execution_time,1780474409.5085838,0.00005599
experiment_name,a5b2381b-b6ab-4371-ba7b-8a9497e65502,function_execution_time,1780474409.6100798,0.000063605
experiment_name,a5b2381b-b6ab-4371-ba7b-8a9497e65502,function_execution_time,1780474409.711328,0.000055429
experiment_name,a5b2381b-b6ab-4371-ba7b-8a9497e65502,function_execution_time,1780474409.8125854,0.000065663
experiment_name,a5b2381b-b6ab-4371-ba7b-8a9497e65502,function_execution_time,1780474409.9139512,0.000062369
experiment_name,a5b2381b-b6ab-4371-ba7b-8a9497e65502,function_execution_time,1780474410.0152714,0.000066885
experiment_name,a5b2381b-b6ab-4371-ba7b-8a9497e65502,function_execution_time,1780474410.1166947,0.000064481
experiment_name,a5b2381b-b6ab-4371-ba7b-8a9497e65502,function_execution_time,1780474410.2179742,0.0000563
experiment_name,a5b2381b-b6ab-4371-ba7b-8a9497e65502,function_execution_time,1780474410.31936,0.000056355
experiment_name,a5b2381b-b6ab-4371-ba7b-8a9497e65502,function_execution_time,1780474410.4205456,0.00006332
experiment_name,a5b2381b-b6ab-4371-ba7b-8a9497e65502,function_execution_time,1780474410.5219886,0.000069243
experiment_name,a5b2381b-b6ab-4371-ba7b-8a9497e65502,function_execution_time,1780474410.623243,0.00005999
experiment_name,a5b2381b-b6ab-4371-ba7b-8a9497e65502,function_execution_time,1780474410.7246108,0.000128293
experiment_name,a5b2381b-b6ab-4371-ba7b-8a9497e65502,function_execution_time,1780474410.8259432,0.000062922
experiment_name,a5b2381b-b6ab-4371-ba7b-8a9497e65502,function_execution_time,1780474410.9273286,0.000067017
experiment_name,855bfdc2-2e02-47ca-82c6-73ffd9d90d4a,function_transfer_time,1780474406.0667927,0.000080884
experiment_name,855bfdc2-2e02-47ca-82c6-73ffd9d90d4a,function_transfer_time,1780474406.1681182,0.000087272
experiment_name,855bfdc2-2e02-47ca-82c6-73ffd9d90d4a,function_transfer_time,1780474406.2684538,0.000026985
experiment_name,855bfdc2-2e02-47ca-82c6-73ffd9d90d4a,function_transfer_time,1780474406.36971,0.000019219
experiment_name,855bfdc2-2e02-47ca-82c6-73ffd9d90d4a,function_transfer_time,1780474406.47105,0.000083815
experiment_name,855bfdc2-2e02-47ca-82c6-73ffd9d90d4a,function_transfer_time,1780474406.5722978,0.000022041
experiment_name,855bfdc2-2e02-47ca-82c6-73ffd9d90d4a,function_transfer_time,1780474406.6736195,0.000080037
experiment_name,855bfdc2-2e02-47ca-82c6-73ffd9d90d4a,function_transfer_time,1780474406.774968,0.000076167
experiment_name,855bfdc2-2e02-47ca-82c6-73ffd9d90d4a,function_transfer_time,1780474406.8762271,0.000022776
experiment_name,855bfdc2-2e02-47ca-82c6-73ffd9d90d4a,function_transfer_time,1780474406.9775574,0.000072184
experiment_name,855bfdc2-2e02-47ca-82c6-73ffd9d90d4a,function_transfer_time,1780474407.078793,0.00001966
experiment_name,855bfdc2-2e02-47ca-82c6-73ffd9d90d4a,function_transfer_time,1780474407.180121,0.000078513
experiment_name,855bfdc2-2e02-47ca-82c6-73ffd9d90d4a,function_transfer_time,1780474407.2804806,0.000081841
experiment_name,855bfdc2-2e02-47ca-82c6-73ffd9d90d4a,function_transfer_time,1780474407.381797,0.000080134
experiment_name,855bfdc2-2e02-47ca-82c6-73ffd9d90d4a,function_transfer_time,1780474407.4830732,0.000021474
experiment_name,855bfdc2-2e02-47ca-82c6-73ffd9d90d4a,function_transfer_time,1780474407.5843787,0.000075355
experiment_name,855bfdc2-2e02-47ca-82c6-73ffd9d90d4a,function_transfer_time,1780474407.6857262,0.00007883
experiment_name,855bfdc2-2e02-47ca-82c6-73ffd9d90d4a,function_transfer_time,1780474407.7870395,0.000080792
experiment_name,855bfdc2-2e02-47ca-82c6-73ffd9d90d4a,function_transfer_time,1780474407.8883572,0.000084548
experiment_name,855bfdc2-2e02-47ca-82c6-73ffd9d90d4a,function_transfer_time,1780474407.989665,0.000088304
experiment_name,855bfdc2-2e02-47ca-82c6-73ffd9d90d4a,function_transfer_time,1780474408.090975,0.000075786
experiment_name,855bfdc2-2e02-47ca-82c6-73ffd9d90d4a,function_transfer_time,1780474408.1923118,0.000081727
experiment_name,855bfdc2-2e02-47ca-82c6-73ffd9d90d4a,function_transfer_time,1780474408.2936623,0.000081019
experiment_name,855bfdc2-2e02-47ca-82c6-73ffd9d90d4a,function_transfer_time,1780474408.3949142,0.000021761
experiment_name,855bfdc2-2e02-47ca-82c6-73ffd9d90d4a,function_transfer_time,1780474408.4962108,0.000082014
experiment_name,855bfdc2-2e02-47ca-82c6-73ffd9d90d4a,function_transfer_time,1780474408.5964768,0.000022665
experiment_name,855bfdc2-2e02-47ca-82c6-73ffd9d90d4a,function_transfer_time,1780474408.6978087,0.000077443
experiment_name,855bfdc2-2e02-47ca-82c6-73ffd9d90d4a,function_transfer_time,1780474408.7990541,0.000022796
experiment_name,855bfdc2-2e02-47ca-82c6-73ffd9d90d4a,function_transfer_time,1780474408.9003928,0.000081193
experiment_name,855bfdc2-2e02-47ca-82c6-73ffd9d90d4a,function_transfer_time,1780474409.001704,0.00008316
experiment_name,855bfdc2-2e02-47ca-82c6-73ffd9d90d4a,function_transfer_time,1780474409.1029942,0.000036943
experiment_name,855bfdc2-2e02-47ca-82c6-73ffd9d90d4a,function_transfer_time,1780474409.204309,0.000078218
experiment_name,855bfdc2-2e02-47ca-82c6-73ffd9d90d4a,function_transfer_time,1780474409.3056943,0.000082511
experiment_name,855bfdc2-2e02-47ca-82c6-73ffd9d90d4a,function_transfer_time,1780474409.4070177,0.000080221
experiment_name,855bfdc2-2e02-47ca-82c6-73ffd9d90d4a,function_transfer_time,1780474409.5083385,0.000081291
experiment_name,855bfdc2-2e02-47ca-82c6-73ffd9d90d4a,function_transfer_time,1780474409.6098366,0.000078734
experiment_name,855bfdc2-2e02-47ca-82c6-73ffd9d90d4a,function_transfer_time,1780474409.7110858,0.000023679
experiment_name,855bfdc2-2e02-47ca-82c6-73ffd9d90d4a,function_transfer_time,1780474409.8124847,0.000088699
experiment_name,855bfdc2-2e02-47ca-82c6-73ffd9d90d4a,function_transfer_time,1780474409.9137862,0.00002309
experiment_name,855bfdc2-2e02-47ca-82c6-73ffd9d90d4a,function_transfer_time,1780474410.0150998,0.000082405
experiment_name,855bfdc2-2e02-47ca-82c6-73ffd9d90d4a,function_transfer_time,1780474410.1164353,0.000080684
experiment_name,855bfdc2-2e02-47ca-82c6-73ffd9d90d4a,function_transfer_time,1780474410.2177541,0.000079777
experiment_name,855bfdc2-2e02-47ca-82c6-73ffd9d90d4a,function_transfer_time,1780474410.3191292,0.000081078
experiment_name,855bfdc2-2e02-47ca-82c6-73ffd9d90d4a,function_transfer_time,1780474410.4203806,0.00002226
experiment_name,855bfdc2-2e02-47ca-82c6-73ffd9d90d4a,function_transfer_time,1780474410.5217512,0.000077501
experiment_name,855bfdc2-2e02-47ca-82c6-73ffd9d90d4a,function_transfer_time,1780474410.623088,0.000078985
experiment_name,855bfdc2-2e02-47ca-82c6-73ffd9d90d4a,function_transfer_time,1780474410.7244487,0.000078396
experiment_name,855bfdc2-2e02-47ca-82c6-73ffd9d90d4a,function_transfer_time,1780474410.8257947,0.000020884
experiment_name,855bfdc2-2e02-47ca-82c6-73ffd9d90d4a,function_transfer_time,1780474410.927086,0.000083572
experiment_name,a5b2381b-b6ab-4371-ba7b-8a9497e65502,function_transfer_time,1780474406.066977,0.000129333
experiment_name,a5b2381b-b6ab-4371-ba7b-8a9497e65502,function_transfer_time,1780474406.1682703,0.000030729
experiment_name,a5b2381b-b6ab-4371-ba7b-8a9497e65502,function_transfer_time,1780474406.268612,0.000058603
experiment_name,a5b2381b-b6ab-4371-ba7b-8a9497e65502,function_transfer_time,1780474406.369864,0.000055127
experiment_name,a5b2381b-b6ab-4371-ba7b-8a9497e65502,function_transfer_time,1780474406.4712367,0.000127933
experiment_name,a5b2381b-b6ab-4371-ba7b-8a9497e65502,function_transfer_time,1780474406.5724692,0.000114496
experiment_name,a5b2381b-b6ab-4371-ba7b-8a9497e65502,function_transfer_time,1780474406.6737745,0.000035573
experiment_name,a5b2381b-b6ab-4371-ba7b-8a9497e65502,function_transfer_time,1780474406.7751453,0.000121497
experiment_name,a5b2381b-b6ab-4371-ba7b-8a9497e65502,function_transfer_time,1780474406.8763928,0.00005699
experiment_name,a5b2381b-b6ab-4371-ba7b-8a9497e65502,function_transfer_time,1780474406.9777215,0.000109537
experiment_name,a5b2381b-b6ab-4371-ba7b-8a9497e65502,function_transfer_time,1780474407.078952,0.000042478
experiment_name,a5b2381b-b6ab-4371-ba7b-8a9497e65502,function_transfer_time,1780474407.180284,0.000036527
experiment_name,a5b2381b-b6ab-4371-ba7b-8a9497e65502,function_transfer_time,1780474407.2806656,0.000125308
experiment_name,a5b2381b-b6ab-4371-ba7b-8a9497e65502,function_transfer_time,1780474407.381984,0.000122496
experiment_name,a5b2381b-b6ab-4371-ba7b-8a9497e65502,function_transfer_time,1780474407.4832609,0.000132204
experiment_name,a5b2381b-b6ab-4371-ba7b-8a9497e65502,function_transfer_time,1780474407.5845556,0.000125165
experiment_name,a5b2381b-b6ab-4371-ba7b-8a9497e65502,function_transfer_time,1780474407.6859248,0.000139603
experiment_name,a5b2381b-b6ab-4371-ba7b-8a9497e65502,function_transfer_time,1780474407.787208,0.00011483
experiment_name,a5b2381b-b6ab-4371-ba7b-8a9497e65502,function_transfer_time,1780474407.888539,0.000059426
experiment_name,a5b2381b-b6ab-4371-ba7b-8a9497e65502,function_transfer_time,1780474407.9898422,0.000121145
experiment_name,a5b2381b-b6ab-4371-ba7b-8a9497e65502,function_transfer_time,1780474408.0911345,0.00004341
experiment_name,a5b2381b-b6ab-4371-ba7b-8a9497e65502,function_transfer_time,1780474408.192465,0.000038669
experiment_name,a5b2381b-b6ab-4371-ba7b-8a9497e65502,function_transfer_time,1780474408.2937894,0.000030291
experiment_name,a5b2381b-b6ab-4371-ba7b-8a9497e65502,function_transfer_time,1780474408.3950846,0.000113598
experiment_name,a5b2381b-b6ab-4371-ba7b-8a9497e65502,function_transfer_time,1780474408.4963918,0.000123358
experiment_name,a5b2381b-b6ab-4371-ba7b-8a9497e65502,function_transfer_time,1780474408.5966651,0.000137811
experiment_name,a5b2381b-b6ab-4371-ba7b-8a9497e65502,function_transfer_time,1780474408.6979897,0.000123928
experiment_name,a5b2381b-b6ab-4371-ba7b-8a9497e65502,function_transfer_time,1780474408.7992268,0.000109543
experiment_name,a5b2381b-b6ab-4371-ba7b-8a9497e65502,function_transfer_time,1780474408.900581,0.000124046
experiment_name,a5b2381b-b6ab-4371-ba7b-8a9497e65502,function_transfer_time,1780474409.001847,0.000042441
experiment_name,a5b2381b-b6ab-4371-ba7b-8a9497e65502,function_transfer_time,1780474409.1031458,0.000093905
experiment_name,a5b2381b-b6ab-4371-ba7b-8a9497e65502,function_transfer_time,1780474409.204486,0.00005156
experiment_name,a5b2381b-b6ab-4371-ba7b-8a9497e65502,function_transfer_time,1780474409.3058755,0.000123182
experiment_name,a5b2381b-b6ab-4371-ba7b-8a9497e65502,function_transfer_time,1780474409.407183,0.000051179
experiment_name,a5b2381b-b6ab-4371-ba7b-8a9497e65502,function_transfer_time,1780474409.50852,0.000124338
experiment_name,a5b2381b-b6ab-4371-ba7b-8a9497e65502,function_transfer_time,1780474409.6100163,0.000123847
experiment_name,a5b2381b-b6ab-4371-ba7b-8a9497e65502,function_transfer_time,1780474409.711272,0.000130338
experiment_name,a5b2381b-b6ab-4371-ba7b-8a9497e65502,function_transfer_time,1780474409.812557,0.000031708
experiment_name,a5b2381b-b6ab-4371-ba7b-8a9497e65502,function_transfer_time,1780474409.91395,0.000038741
experiment_name,a5b2381b-b6ab-4371-ba7b-8a9497e65502,function_transfer_time,1780474410.0152493,0.000050141
experiment_name,a5b2381b-b6ab-4371-ba7b-8a9497e65502,function_transfer_time,1780474410.116626,0.000128175
experiment_name,a5b2381b-b6ab-4371-ba7b-8a9497e65502,function_transfer_time,1780474410.2179081,0.000031793
experiment_name,a5b2381b-b6ab-4371-ba7b-8a9497e65502,function_transfer_time,1780474410.319297,0.000113687
experiment_name,a5b2381b-b6ab-4371-ba7b-8a9497e65502,function_transfer_time,1780474410.420526,0.000049768
experiment_name,a5b2381b-b6ab-4371-ba7b-8a9497e65502,function_transfer_time,1780474410.5219145,0.000111818
experiment_name,a5b2381b-b6ab-4371-ba7b-8a9497e65502,function_transfer_time,1780474410.6232405,0.000046363
experiment_name,a5b2381b-b6ab-4371-ba7b-8a9497e65502,function_transfer_time,1780474410.724518,0.000041938
experiment_name,a5b2381b-b6ab-4371-ba7b-8a9497e65502,function_transfer_time,1780474410.825924,0.000031779
experiment_name,a5b2381b-b6ab-4371-ba7b-8a9497e65502,function_transfer_time,1780474410.9272547,0.00010919
experiment_name,855bfdc2-2e02-47ca-82c6-73ffd9d90d4a,function_execution_time,1780474411.02765,0.000088187
experiment_name,855bfdc2-2e02-47ca-82c6-73ffd9d90d4a,function_execution_time,1780474411.1293404,0.000077183
experiment_name,855bfdc2-2e02-47ca-82c6-73ffd9d90d4a,function_execution_time,1780474411.2307456,0.000169401
experiment_name,855bfdc2-2e02-47ca-82c6-73ffd9d90d4a,function_execution_time,1780474411.3319888,0.0000716
experiment_name,855bfdc2-2e02-47ca-82c6-73ffd9d90d4a,function_execution_time,1780474411.4332392,0.000083293
experiment_name,855bfdc2-2e02-47ca-82c6-73ffd9d90d4a,function_execution_time,1780474411.5335472,0.00007383
experiment_name,855bfdc2-2e02-47ca-82c6-73ffd9d90d4a,function_execution_time,1780474411.634928,0.00008064
experiment_name,855bfdc2-2e02-47ca-82c6-73ffd9d90d4a,function_execution_time,1780474411.7361906,0.000074779
experiment_name,855bfdc2-2e02-47ca-82c6-73ffd9d90d4a,function_execution_time,1780474411.837528,0.000075257
experiment_name,855bfdc2-2e02-47ca-82c6-73ffd9d90d4a,function_execution_time,1780474411.9387958,0.000090552
experiment_name,855bfdc2-2e02-47ca-82c6-73ffd9d90d4a,function_execution_time,1780474412.0401251,0.000069307
experiment_name,855bfdc2-2e02-47ca-82c6-73ffd9d90d4a,function_execution_time,1780474412.1414373,0.000070829
experiment_name,855bfdc2-2e02-47ca-82c6-73ffd9d90d4a,function_execution_time,1780474412.2430165,0.000156586
experiment_name,855bfdc2-2e02-47ca-82c6-73ffd9d90d4a,function_execution_time,1780474412.3443346,0.00008386
experiment_name,855bfdc2-2e02-47ca-82c6-73ffd9d90d4a,function_execution_time,1780474412.4456427,0.000068875
experiment_name,855bfdc2-2e02-47ca-82c6-73ffd9d90d4a,function_execution_time,1780474412.5469048,0.000070284
experiment_name,855bfdc2-2e02-47ca-82c6-73ffd9d90d4a,function_execution_time,1780474412.6482754,0.000084931
experiment_name,855bfdc2-2e02-47ca-82c6-73ffd9d90d4a,function_execution_time,1780474412.7495358,0.000070965
experiment_name,855bfdc2-2e02-47ca-82c6-73ffd9d90d4a,function_execution_time,1780474412.8507972,0.000071882
experiment_name,855bfdc2-2e02-47ca-82c6-73ffd9d90d4a,function_execution_time,1780474412.952127,0.000069559
experiment_name,855bfdc2-2e02-47ca-82c6-73ffd9d90d4a,function_execution_time,1780474413.0534108,0.000080556
experiment_name,855bfdc2-2e02-47ca-82c6-73ffd9d90d4a,function_execution_time,1780474413.154678,0.00007274
experiment_name,855bfdc2-2e02-47ca-82c6-73ffd9d90d4a,function_execution_time,1780474413.256077,0.000137662
experiment_name,855bfdc2-2e02-47ca-82c6-73ffd9d90d4a,function_execution_time,1780474413.3574252,0.000090808
experiment_name,855bfdc2-2e02-47ca-82c6-73ffd9d90d4a,function_execution_time,1780474413.4586258,0.000068526
experiment_name,855bfdc2-2e02-47ca-82c6-73ffd9d90d4a,function_execution_time,1780474413.5599582,0.000072938
experiment_name,855bfdc2-2e02-47ca-82c6-73ffd9d90d4a,function_execution_time,1780474413.6612856,0.000080846
experiment_name,855bfdc2-2e02-47ca-82c6-73ffd9d90d4a,function_execution_time,1780474413.761565,0.000071179
experiment_name,855bfdc2-2e02-47ca-82c6-73ffd9d90d4a,function_execution_time,1780474413.8628862,0.000071969
experiment_name,855bfdc2-2e02-47ca-82c6-73ffd9d90d4a,function_execution_time,1780474413.9641817,0.000091742
experiment_name,855bfdc2-2e02-47ca-82c6-73ffd9d90d4a,function_execution_time,1780474414.0655363,0.00009711
experiment_name,855bfdc2-2e02-47ca-82c6-73ffd9d90d4a,function_execution_time,1780474414.166786,0.000071929
experiment_name,855bfdc2-2e02-47ca-82c6-73ffd9d90d4a,function_execution_time,1780474414.2681906,0.000141723
experiment_name,855bfdc2-2e02-47ca-82c6-73ffd9d90d4a,function_execution_time,1780474414.36858,0.000087007
experiment_name,855bfdc2-2e02-47ca-82c6-73ffd9d90d4a,function_execution_time,1780474414.469845,0.000073036
experiment_name,855bfdc2-2e02-47ca-82c6-73ffd9d90d4a,function_execution_time,1780474414.5712194,0.000082661
experiment_name,855bfdc2-2e02-47ca-82c6-73ffd9d90d4a,function_execution_time,1780474414.6725326,0.000090083
experiment_name,855bfdc2-2e02-47ca-82c6-73ffd9d90d4a,function_execution_time,1780474414.7736995,0.000068509
experiment_name,855bfdc2-2e02-47ca-82c6-73ffd9d90d4a,function_execution_time,1780474414.874966,0.000078051
experiment_name,855bfdc2-2e02-47ca-82c6-73ffd9d90d4a,function_execution_time,1780474414.9762952,0.000069686
experiment_name,855bfdc2-2e02-47ca-82c6-73ffd9d90d4a,function_execution_time,1780474415.0767643,0.00007228
experiment_name,855bfdc2-2e02-47ca-82c6-73ffd9d90d4a,function_execution_time,1780474415.1780827,0.000069017
experiment_name,855bfdc2-2e02-47ca-82c6-73ffd9d90d4a,function_execution_time,1780474415.2794776,0.000157945
experiment_name,855bfdc2-2e02-47ca-82c6-73ffd9d90d4a,function_execution_time,1780474415.3807561,0.000068549
experiment_name,855bfdc2-2e02-47ca-82c6-73ffd9d90d4a,function_execution_time,1780474415.4820979,0.00006888
experiment_name,855bfdc2-2e02-47ca-82c6-73ffd9d90d4a,function_execution_time,1780474415.5833633,0.00008566
experiment_name,855bfdc2-2e02-47ca-82c6-73ffd9d90d4a,function_execution_time,1780474415.6846273,0.000071603
experiment_name,855bfdc2-2e02-47ca-82c6-73ffd9d90d4a,function_execution_time,1780474415.7858772,0.000073417
experiment_name,855bfdc2-2e02-47ca-82c6-73ffd9d90d4a,function_execution_time,1780474415.8872137,0.000070298
experiment_name,855bfdc2-2e02-47ca-82c6-73ffd9d90d4a,function_execution_time,1780474415.9885476,0.0000839
experiment_name,a5b2381b-b6ab-4371-ba7b-8a9497e65502,function_execution_time,1780474411.027707,0.000067989
experiment_name,a5b2381b-b6ab-4371-ba7b-8a9497e65502,function_execution_time,1780474411.1295173,0.000060824
experiment_name,a5b2381b-b6ab-4371-ba7b-8a9497e65502,function_execution_time,1780474411.2308042,0.00006068
experiment_name,a5b2381b-b6ab-4371-ba7b-8a9497e65502,function_execution_time,1780474411.3321457,0.000066045
experiment_name,a5b2381b-b6ab-4371-ba7b-8a9497e65502,function_execution_time,1780474411.4332926,0.00005726
experiment_name,a5b2381b-b6ab-4371-ba7b-8a9497e65502,function_execution_time,1780474411.533703,0.000058026
experiment_name,a5b2381b-b6ab-4371-ba7b-8a9497e65502,function_execution_time,1780474411.6349933,0.000056263
experiment_name,a5b2381b-b6ab-4371-ba7b-8a9497e65502,function_execution_time,1780474411.7362823,0.000067458
experiment_name,a5b2381b-b6ab-4371-ba7b-8a9497e65502,function_execution_time,1780474411.8376908,0.000058532
experiment_name,a5b2381b-b6ab-4371-ba7b-8a9497e65502,function_execution_time,1780474411.9388905,0.000069757
experiment_name,a5b2381b-b6ab-4371-ba7b-8a9497e65502,function_execution_time,1780474412.0402722,0.000057698
experiment_name,a5b2381b-b6ab-4371-ba7b-8a9497e65502,function_execution_time,1780474412.1416075,0.000066571
experiment_name,a5b2381b-b6ab-4371-ba7b-8a9497e65502,function_execution_time,1780474412.2430713,0.000057302
experiment_name,a5b2381b-b6ab-4371-ba7b-8a9497e65502,function_execution_time,1780474412.3445032,0.000071512
experiment_name,a5b2381b-b6ab-4371-ba7b-8a9497e65502,function_execution_time,1780474412.4457755,0.000054575
experiment_name,a5b2381b-b6ab-4371-ba7b-8a9497e65502,function_execution_time,1780474412.5470629,0.000054336
experiment_name,a5b2381b-b6ab-4371-ba7b-8a9497e65502,function_execution_time,1780474412.6483665,0.000062918
experiment_name,a5b2381b-b6ab-4371-ba7b-8a9497e65502,function_execution_time,1780474412.7497108,0.000058525
experiment_name,a5b2381b-b6ab-4371-ba7b-8a9497e65502,function_execution_time,1780474412.8509617,0.000057786
experiment_name,a5b2381b-b6ab-4371-ba7b-8a9497e65502,function_execution_time,1780474412.9523005,0.000058429
experiment_name,a5b2381b-b6ab-4371-ba7b-8a9497e65502,function_execution_time,1780474413.0535858,0.000067197
experiment_name,a5b2381b-b6ab-4371-ba7b-8a9497e65502,function_execution_time,1780474413.1547542,0.000062039
experiment_name,a5b2381b-b6ab-4371-ba7b-8a9497e65502,function_execution_time,1780474413.2561276,0.000054665
experiment_name,a5b2381b-b6ab-4371-ba7b-8a9497e65502,function_execution_time,1780474413.357531,0.000062075
experiment_name,a5b2381b-b6ab-4371-ba7b-8a9497e65502,function_execution_time,1780474413.4587739,0.000054444
experiment_name,a5b2381b-b6ab-4371-ba7b-8a9497e65502,function_execution_time,1780474413.560119,0.00006331
experiment_name,a5b2381b-b6ab-4371-ba7b-8a9497e65502,function_execution_time,1780474413.6613684,0.000058127
experiment_name,a5b2381b-b6ab-4371-ba7b-8a9497e65502,function_execution_time,1780474413.761647,0.000058139
experiment_name,a5b2381b-b6ab-4371-ba7b-8a9497e65502,function_execution_time,1780474413.8630416,0.000061496
experiment_name,a5b2381b-b6ab-4371-ba7b-8a9497e65502,function_execution_time,1780474413.964249,0.000070963
experiment_name,a5b2381b-b6ab-4371-ba7b-8a9497e65502,function_execution_time,1780474414.0656047,0.000055292
experiment_name,a5b2381b-b6ab-4371-ba7b-8a9497e65502,function_execution_time,1780474414.1668696,0.000058788
experiment_name,a5b2381b-b6ab-4371-ba7b-8a9497e65502,function_execution_time,1780474414.2682471,0.000055533
experiment_name,a5b2381b-b6ab-4371-ba7b-8a9497e65502,function_execution_time,1780474414.3685837,0.000056505
experiment_name,a5b2381b-b6ab-4371-ba7b-8a9497e65502,function_execution_time,1780474414.4700022,0.000058126
experiment_name,a5b2381b-b6ab-4371-ba7b-8a9497e65502,function_execution_time,1780474414.5712233,0.000058672
experiment_name,a5b2381b-b6ab-4371-ba7b-8a9497e65502,function_execution_time,1780474414.672605,0.000062445
experiment_name,a5b2381b-b6ab-4371-ba7b-8a9497e65502,function_execution_time,1780474414.7737734,0.000056512
experiment_name,a5b2381b-b6ab-4371-ba7b-8a9497e65502,function_execution_time,1780474414.8751276,0.000062421
experiment_name,a5b2381b-b6ab-4371-ba7b-8a9497e65502,function_execution_time,1780474414.9764574,0.000066293
experiment_name,a5b2381b-b6ab-4371-ba7b-8a9497e65502,function_execution_time,1780474415.0769265,0.000063337
experiment_name,a5b2381b-b6ab-4371-ba7b-8a9497e65502,function_execution_time,1780474415.1782303,0.000057924
experiment_name,a5b2381b-b6ab-4371-ba7b-8a9497e65502,function_execution_time,1780474415.279524,0.000053652
experiment_name,a5b2381b-b6ab-4371-ba7b-8a9497e65502,function_execution_time,1780474415.3809125,0.000057585
experiment_name,a5b2381b-b6ab-4371-ba7b-8a9497e65502,function_execution_time,1780474415.4822545,0.000054605
experiment_name,a5b2381b-b6ab-4371-ba7b-8a9497e65502,function_execution_time,1780474415.5834465,0.000066413
experiment_name,a5b2381b-b6ab-4371-ba7b-8a9497e65502,function_execution_time,1780474415.6848052,0.000061663
experiment_name,a5b2381b-b6ab-4371-ba7b-8a9497e65502,function_execution_time,1780474415.7859516,0.000057639
experiment_name,a5b2381b-b6ab-4371-ba7b-8a9497e65502,function_execution_time,1780474415.8872988,0.000060923
experiment_name,a5b2381b-b6ab-4371-ba7b-8a9497e65502,function_execution_time,1780474415.988619,0.000063946
experiment_name,855bfdc2-2e02-47ca-82c6-73ffd9d90d4a,function_transfer_time,1780474411.027553,0.000015569
experiment_name,855bfdc2-2e02-47ca-82c6-73ffd9d90d4a,function_transfer_time,1780474411.1292632,0.000080704
experiment_name,855bfdc2-2e02-47ca-82c6-73ffd9d90d4a,function_transfer_time,1780474411.2305775,0.000085839
experiment_name,855bfdc2-2e02-47ca-82c6-73ffd9d90d4a,function_transfer_time,1780474411.3319101,0.000022806
experiment_name,855bfdc2-2e02-47ca-82c6-73ffd9d90d4a,function_transfer_time,1780474411.4331532,0.000020529
experiment_name,855bfdc2-2e02-47ca-82c6-73ffd9d90d4a,function_transfer_time,1780474411.5334628,0.00008139
experiment_name,855bfdc2-2e02-47ca-82c6-73ffd9d90d4a,function_transfer_time,1780474411.6347828,0.00007931
experiment_name,855bfdc2-2e02-47ca-82c6-73ffd9d90d4a,function_transfer_time,1780474411.7360992,0.0000799
experiment_name,855bfdc2-2e02-47ca-82c6-73ffd9d90d4a,function_transfer_time,1780474411.837454,0.00009101
experiment_name,855bfdc2-2e02-47ca-82c6-73ffd9d90d4a,function_transfer_time,1780474411.9387043,0.000026097
experiment_name,855bfdc2-2e02-47ca-82c6-73ffd9d90d4a,function_transfer_time,1780474412.0400467,0.000076534
experiment_name,855bfdc2-2e02-47ca-82c6-73ffd9d90d4a,function_transfer_time,1780474412.1413527,0.000082384
experiment_name,855bfdc2-2e02-47ca-82c6-73ffd9d90d4a,function_transfer_time,1780474412.242852,0.0000788
experiment_name,855bfdc2-2e02-47ca-82c6-73ffd9d90d4a,function_transfer_time,1780474412.3442514,0.000086542
experiment_name,855bfdc2-2e02-47ca-82c6-73ffd9d90d4a,function_transfer_time,1780474412.445564,0.000074228
experiment_name,855bfdc2-2e02-47ca-82c6-73ffd9d90d4a,function_transfer_time,1780474412.546827,0.000021294
experiment_name,855bfdc2-2e02-47ca-82c6-73ffd9d90d4a,function_transfer_time,1780474412.6481278,0.000082499
experiment_name,855bfdc2-2e02-47ca-82c6-73ffd9d90d4a,function_transfer_time,1780474412.7494586,0.000087495
experiment_name,855bfdc2-2e02-47ca-82c6-73ffd9d90d4a,function_transfer_time,1780474412.8507183,0.000024749
experiment_name,855bfdc2-2e02-47ca-82c6-73ffd9d90d4a,function_transfer_time,1780474412.9520433,0.000082573
experiment_name,855bfdc2-2e02-47ca-82c6-73ffd9d90d4a,function_transfer_time,1780474413.0533233,0.000022216
experiment_name,855bfdc2-2e02-47ca-82c6-73ffd9d90d4a,function_transfer_time,1780474413.1545846,0.000023771
experiment_name,855bfdc2-2e02-47ca-82c6-73ffd9d90d4a,function_transfer_time,1780474413.2559283,0.000076463
experiment_name,855bfdc2-2e02-47ca-82c6-73ffd9d90d4a,function_transfer_time,1780474413.3572898,0.000083902
experiment_name,855bfdc2-2e02-47ca-82c6-73ffd9d90d4a,function_transfer_time,1780474413.458544,0.000023307
experiment_name,855bfdc2-2e02-47ca-82c6-73ffd9d90d4a,function_transfer_time,1780474413.5598788,0.000075367
experiment_name,855bfdc2-2e02-47ca-82c6-73ffd9d90d4a,function_transfer_time,1780474413.6611943,0.000077418
experiment_name,855bfdc2-2e02-47ca-82c6-73ffd9d90d4a,function_transfer_time,1780474413.7614727,0.000020888
experiment_name,855bfdc2-2e02-47ca-82c6-73ffd9d90d4a,function_transfer_time,1780474413.862791,0.000083033
experiment_name,855bfdc2-2e02-47ca-82c6-73ffd9d90d4a,function_transfer_time,1780474413.964083,0.000024869
experiment_name,855bfdc2-2e02-47ca-82c6-73ffd9d90d4a,function_transfer_time,1780474414.0653865,0.00008105
experiment_name,855bfdc2-2e02-47ca-82c6-73ffd9d90d4a,function_transfer_time,1780474414.1667087,0.000085331
experiment_name,855bfdc2-2e02-47ca-82c6-73ffd9d90d4a,function_transfer_time,1780474414.2680426,0.0000799
experiment_name,855bfdc2-2e02-47ca-82c6-73ffd9d90d4a,function_transfer_time,1780474414.368422,0.000021811
experiment_name,855bfdc2-2e02-47ca-82c6-73ffd9d90d4a,function_transfer_time,1780474414.4697657,0.000080155
experiment_name,855bfdc2-2e02-47ca-82c6-73ffd9d90d4a,function_transfer_time,1780474414.5710714,0.000080092
experiment_name,855bfdc2-2e02-47ca-82c6-73ffd9d90d4a,function_transfer_time,1780474414.6723874,0.000076294
experiment_name,855bfdc2-2e02-47ca-82c6-73ffd9d90d4a,function_transfer_time,1780474414.7736142,0.000021739
experiment_name,855bfdc2-2e02-47ca-82c6-73ffd9d90d4a,function_transfer_time,1780474414.8748767,0.000019387
experiment_name,855bfdc2-2e02-47ca-82c6-73ffd9d90d4a,function_transfer_time,1780474414.976213,0.000075413
experiment_name,855bfdc2-2e02-47ca-82c6-73ffd9d90d4a,function_transfer_time,1780474415.0766878,0.000082571
experiment_name,855bfdc2-2e02-47ca-82c6-73ffd9d90d4a,function_transfer_time,1780474415.1780078,0.000075934
experiment_name,855bfdc2-2e02-47ca-82c6-73ffd9d90d4a,function_transfer_time,1780474415.2793074,0.000071425
experiment_name,855bfdc2-2e02-47ca-82c6-73ffd9d90d4a,function_transfer_time,1780474415.3806767,0.0000775
experiment_name,855bfdc2-2e02-47ca-82c6-73ffd9d90d4a,function_transfer_time,1780474415.482017,0.000081665
experiment_name,855bfdc2-2e02-47ca-82c6-73ffd9d90d4a,function_transfer_time,1780474415.5832694,0.000022149
experiment_name,855bfdc2-2e02-47ca-82c6-73ffd9d90d4a,function_transfer_time,1780474415.6845403,0.000022457
experiment_name,855bfdc2-2e02-47ca-82c6-73ffd9d90d4a,function_transfer_time,1780474415.7857933,0.000023075
experiment_name,855bfdc2-2e02-47ca-82c6-73ffd9d90d4a,function_transfer_time,1780474415.8871233,0.000080661
experiment_name,855bfdc2-2e02-47ca-82c6-73ffd9d90d4a,function_transfer_time,1780474415.9884622,0.000081749
experiment_name,a5b2381b-b6ab-4371-ba7b-8a9497e65502,function_transfer_time,1780474411.0276453,0.000027458
experiment_name,a5b2381b-b6ab-4371-ba7b-8a9497e65502,function_transfer_time,1780474411.129455,0.000136332
experiment_name,a5b2381b-b6ab-4371-ba7b-8a9497e65502,function_transfer_time,1780474411.230743,0.000031975
experiment_name,a5b2381b-b6ab-4371-ba7b-8a9497e65502,function_transfer_time,1780474411.332079,0.000113637
experiment_name,a5b2381b-b6ab-4371-ba7b-8a9497e65502,function_transfer_time,1780474411.4332352,0.000026246
experiment_name,a5b2381b-b6ab-4371-ba7b-8a9497e65502,function_transfer_time,1780474411.5336442,0.000123747
experiment_name,a5b2381b-b6ab-4371-ba7b-8a9497e65502,function_transfer_time,1780474411.634931,0.000094561
experiment_name,a5b2381b-b6ab-4371-ba7b-8a9497e65502,function_transfer_time,1780474411.7362146,0.000056409
experiment_name,a5b2381b-b6ab-4371-ba7b-8a9497e65502,function_transfer_time,1780474411.8376317,0.000120162
experiment_name,a5b2381b-b6ab-4371-ba7b-8a9497e65502,function_transfer_time,1780474411.938867,0.000055983
experiment_name,a5b2381b-b6ab-4371-ba7b-8a9497e65502,function_transfer_time,1780474412.040216,0.000113132
experiment_name,a5b2381b-b6ab-4371-ba7b-8a9497e65502,function_transfer_time,1780474412.141547,0.000131353
experiment_name,a5b2381b-b6ab-4371-ba7b-8a9497e65502,function_transfer_time,1780474412.243014,0.000034434
experiment_name,a5b2381b-b6ab-4371-ba7b-8a9497e65502,function_transfer_time,1780474412.3444383,0.000112176
experiment_name,a5b2381b-b6ab-4371-ba7b-8a9497e65502,function_transfer_time,1780474412.4457197,0.000102059
experiment_name,a5b2381b-b6ab-4371-ba7b-8a9497e65502,function_transfer_time,1780474412.5470088,0.000127173
experiment_name,a5b2381b-b6ab-4371-ba7b-8a9497e65502,function_transfer_time,1780474412.6482992,0.000119938
experiment_name,a5b2381b-b6ab-4371-ba7b-8a9497e65502,function_transfer_time,1780474412.7496521,0.000139242
experiment_name,a5b2381b-b6ab-4371-ba7b-8a9497e65502,function_transfer_time,1780474412.8509033,0.000129974
experiment_name,a5b2381b-b6ab-4371-ba7b-8a9497e65502,function_transfer_time,1780474412.952242,0.000143381
experiment_name,a5b2381b-b6ab-4371-ba7b-8a9497e65502,function_transfer_time,1780474413.053518,0.000130754
experiment_name,a5b2381b-b6ab-4371-ba7b-8a9497e65502,function_transfer_time,1780474413.1547515,0.000058207
experiment_name,a5b2381b-b6ab-4371-ba7b-8a9497e65502,function_transfer_time,1780474413.2560744,0.00003022
experiment_name,a5b2381b-b6ab-4371-ba7b-8a9497e65502,function_transfer_time,1780474413.357462,0.000107938
experiment_name,a5b2381b-b6ab-4371-ba7b-8a9497e65502,function_transfer_time,1780474413.4587183,0.000120369
experiment_name,a5b2381b-b6ab-4371-ba7b-8a9497e65502,function_transfer_time,1780474413.5600553,0.000120259
experiment_name,a5b2381b-b6ab-4371-ba7b-8a9497e65502,function_transfer_time,1780474413.6613092,0.000059669
experiment_name,a5b2381b-b6ab-4371-ba7b-8a9497e65502,function_transfer_time,1780474413.7615883,0.000059557
experiment_name,a5b2381b-b6ab-4371-ba7b-8a9497e65502,function_transfer_time,1780474413.8629801,0.000133549
experiment_name,a5b2381b-b6ab-4371-ba7b-8a9497e65502,function_transfer_time,1780474413.964179,0.000031558
experiment_name,a5b2381b-b6ab-4371-ba7b-8a9497e65502,function_transfer_time,1780474414.0655386,0.000093158
experiment_name,a5b2381b-b6ab-4371-ba7b-8a9497e65502,function_transfer_time,1780474414.166867,0.000043752
experiment_name,a5b2381b-b6ab-4371-ba7b-8a9497e65502,function_transfer_time,1780474414.2681987,0.000032064
experiment_name,a5b2381b-b6ab-4371-ba7b-8a9497e65502,function_transfer_time,1780474414.3685827,0.000037033
experiment_name,a5b2381b-b6ab-4371-ba7b-8a9497e65502,function_transfer_time,1780474414.4699438,0.000121322
experiment_name,a5b2381b-b6ab-4371-ba7b-8a9497e65502,function_transfer_time,1780474414.5712223,0.00003569
experiment_name,a5b2381b-b6ab-4371-ba7b-8a9497e65502,function_transfer_time,1780474414.672535,0.000092046
experiment_name,a5b2381b-b6ab-4371-ba7b-8a9497e65502,function_transfer_time,1780474414.7737708,0.000052843
experiment_name,a5b2381b-b6ab-4371-ba7b-8a9497e65502,function_transfer_time,1780474414.8750668,0.000131644
experiment_name,a5b2381b-b6ab-4371-ba7b-8a9497e65502,function_transfer_time,1780474414.9763885,0.000122862
experiment_name,a5b2381b-b6ab-4371-ba7b-8a9497e65502,function_transfer_time,1780474415.0768628,0.000119636
experiment_name,a5b2381b-b6ab-4371-ba7b-8a9497e65502,function_transfer_time,1780474415.1781723,0.00011266
experiment_name,a5b2381b-b6ab-4371-ba7b-8a9497e65502,function_transfer_time,1780474415.279475,0.000037458
experiment_name,a5b2381b-b6ab-4371-ba7b-8a9497e65502,function_transfer_time,1780474415.3808546,0.000123934
experiment_name,a5b2381b-b6ab-4371-ba7b-8a9497e65502,function_transfer_time,1780474415.4821994,0.000131716
experiment_name,a5b2381b-b6ab-4371-ba7b-8a9497e65502,function_transfer_time,1780474415.5833657,0.000045629
experiment_name,a5b2381b-b6ab-4371-ba7b-8a9497e65502,function_transfer_time,1780474415.6847432,0.00014655
experiment_name,a5b2381b-b6ab-4371-ba7b-8a9497e65502,function_transfer_time,1780474415.7859488,0.000047867
experiment_name,a5b2381b-b6ab-4371-ba7b-8a9497e65502,function_transfer_time,1780474415.887296,0.00006111
experiment_name,a5b2381b-b6ab-4371-ba7b-8a9497e65502,function_transfer_time,1780474415.9885504,0.000038133
experiment_name,855bfdc2-2e02-47ca-82c6-73ffd9d90d4a,function_execution_time,1780474416.0900068,0.000077388
experiment_name,855bfdc2-2e02-47ca-82c6-73ffd9d90d4a,function_execution_time,1780474416.1913905,0.00008246
experiment_name,855bfdc2-2e02-47ca-82c6-73ffd9d90d4a,function_execution_time,1780474416.292677,0.000196362
experiment_name,855bfdc2-2e02-47ca-82c6-73ffd9d90d4a,function_execution_time,1780474416.3940837,0.000070102
experiment_name,855bfdc2-2e02-47ca-82c6-73ffd9d90d4a,function_execution_time,1780474416.4953938,0.000074248
experiment_name,855bfdc2-2e02-47ca-82c6-73ffd9d90d4a,function_execution_time,1780474416.5967712,0.00007942
experiment_name,855bfdc2-2e02-47ca-82c6-73ffd9d90d4a,function_execution_time,1780474416.6980534,0.000079811
experiment_name,855bfdc2-2e02-47ca-82c6-73ffd9d90d4a,function_execution_time,1780474416.7993722,0.000082635
experiment_name,855bfdc2-2e02-47ca-82c6-73ffd9d90d4a,function_execution_time,1780474416.8996177,0.000070241
experiment_name,855bfdc2-2e02-47ca-82c6-73ffd9d90d4a,function_execution_time,1780474417.000933,0.000081557
experiment_name,855bfdc2-2e02-47ca-82c6-73ffd9d90d4a,function_execution_time,1780474417.1022708,0.000070872
experiment_name,855bfdc2-2e02-47ca-82c6-73ffd9d90d4a,function_execution_time,1780474417.2025402,0.000076882
experiment_name,855bfdc2-2e02-47ca-82c6-73ffd9d90d4a,function_execution_time,1780474417.303903,0.000147677
experiment_name,855bfdc2-2e02-47ca-82c6-73ffd9d90d4a,function_execution_time,1780474417.405272,0.000079159
experiment_name,855bfdc2-2e02-47ca-82c6-73ffd9d90d4a,function_execution_time,1780474417.5064456,0.00008192
experiment_name,855bfdc2-2e02-47ca-82c6-73ffd9d90d4a,function_execution_time,1780474417.6078317,0.000076786
experiment_name,855bfdc2-2e02-47ca-82c6-73ffd9d90d4a,function_execution_time,1780474417.7090695,0.000080918
experiment_name,855bfdc2-2e02-47ca-82c6-73ffd9d90d4a,function_execution_time,1780474417.8104746,0.000079182
experiment_name,855bfdc2-2e02-47ca-82c6-73ffd9d90d4a,function_execution_time,1780474417.911724,0.000071199
experiment_name,855bfdc2-2e02-47ca-82c6-73ffd9d90d4a,function_execution_time,1780474418.013041,0.000077798
experiment_name,855bfdc2-2e02-47ca-82c6-73ffd9d90d4a,function_execution_time,1780474418.1143765,0.000071456
experiment_name,855bfdc2-2e02-47ca-82c6-73ffd9d90d4a,function_execution_time,1780474418.2156737,0.000072006
experiment_name,855bfdc2-2e02-47ca-82c6-73ffd9d90d4a,function_execution_time,1780474418.3170009,0.000135624
experiment_name,855bfdc2-2e02-47ca-82c6-73ffd9d90d4a,function_execution_time,1780474418.4182327,0.000078561
experiment_name,855bfdc2-2e02-47ca-82c6-73ffd9d90d4a,function_execution_time,1780474418.5185523,0.000073573
experiment_name,855bfdc2-2e02-47ca-82c6-73ffd9d90d4a,function_execution_time,1780474418.6198397,0.000069366
experiment_name,855bfdc2-2e02-47ca-82c6-73ffd9d90d4a,function_execution_time,1780474418.721171,0.000084736
experiment_name,855bfdc2-2e02-47ca-82c6-73ffd9d90d4a,function_execution_time,1780474418.8224993,0.000090397
experiment_name,855bfdc2-2e02-47ca-82c6-73ffd9d90d4a,function_execution_time,1780474418.923736,0.000070641
experiment_name,855bfdc2-2e02-47ca-82c6-73ffd9d90d4a,function_execution_time,1780474419.0250638,0.00007321
experiment_name,855bfdc2-2e02-47ca-82c6-73ffd9d90d4a,function_execution_time,1780474419.1264255,0.000082752
experiment_name,855bfdc2-2e02-47ca-82c6-73ffd9d90d4a,function_execution_time,1780474419.2279274,0.000080387
experiment_name,855bfdc2-2e02-47ca-82c6-73ffd9d90d4a,function_execution_time,1780474419.3292623,0.000157169
experiment_name,855bfdc2-2e02-47ca-82c6-73ffd9d90d4a,function_execution_time,1780474419.4305503,0.000089004
experiment_name,855bfdc2-2e02-47ca-82c6-73ffd9d90d4a,function_execution_time,1780474419.5319483,0.00007109
experiment_name,a5b2381b-b6ab-4371-ba7b-8a9497e65502,function_execution_time,1780474416.0901706,0.000060568
experiment_name,a5b2381b-b6ab-4371-ba7b-8a9497e65502,function_execution_time,1780474416.191402,0.000060548
experiment_name,a5b2381b-b6ab-4371-ba7b-8a9497e65502,function_execution_time,1780474416.2927442,0.000059565
experiment_name,a5b2381b-b6ab-4371-ba7b-8a9497e65502,function_execution_time,1780474416.3942423,0.000063802
experiment_name,a5b2381b-b6ab-4371-ba7b-8a9497e65502,function_execution_time,1780474416.4955297,0.0000555
experiment_name,a5b2381b-b6ab-4371-ba7b-8a9497e65502,function_execution_time,1780474416.5968573,0.000059498
experiment_name,a5b2381b-b6ab-4371-ba7b-8a9497e65502,function_execution_time,1780474416.6982143,0.000059743
experiment_name,a5b2381b-b6ab-4371-ba7b-8a9497e65502,function_execution_time,1780474416.799395,0.000072301
experiment_name,a5b2381b-b6ab-4371-ba7b-8a9497e65502,function_execution_time,1780474416.8997705,0.00005741
experiment_name,a5b2381b-b6ab-4371-ba7b-8a9497e65502,function_execution_time,1780474417.0010865,0.000056321
experiment_name,a5b2381b-b6ab-4371-ba7b-8a9497e65502,function_execution_time,1780474417.1024115,0.000056191
experiment_name,a5b2381b-b6ab-4371-ba7b-8a9497e65502,function_execution_time,1780474417.202672,0.000059446
experiment_name,a5b2381b-b6ab-4371-ba7b-8a9497e65502,function_execution_time,1780474417.3039632,0.000062402
experiment_name,a5b2381b-b6ab-4371-ba7b-8a9497e65502,function_execution_time,1780474417.4053617,0.000058002
experiment_name,a5b2381b-b6ab-4371-ba7b-8a9497e65502,function_execution_time,1780474417.506594,0.000058047
experiment_name,a5b2381b-b6ab-4371-ba7b-8a9497e65502,function_execution_time,1780474417.6079164,0.000055562
experiment_name,a5b2381b-b6ab-4371-ba7b-8a9497e65502,function_execution_time,1780474417.7092059,0.000061941
experiment_name,a5b2381b-b6ab-4371-ba7b-8a9497e65502,function_execution_time,1780474417.8105152,0.00005793
experiment_name,a5b2381b-b6ab-4371-ba7b-8a9497e65502,function_execution_time,1780474417.9118795,0.000060145
experiment_name,a5b2381b-b6ab-4371-ba7b-8a9497e65502,function_execution_time,1780474418.0131807,0.000054036
experiment_name,a5b2381b-b6ab-4371-ba7b-8a9497e65502,function_execution_time,1780474418.1144738,0.000067355
experiment_name,a5b2381b-b6ab-4371-ba7b-8a9497e65502,function_execution_time,1780474418.215819,0.000063299
experiment_name,a5b2381b-b6ab-4371-ba7b-8a9497e65502,function_execution_time,1780474418.317053,0.000053729
experiment_name,a5b2381b-b6ab-4371-ba7b-8a9497e65502,function_execution_time,1780474418.4183135,0.000060001
experiment_name,a5b2381b-b6ab-4371-ba7b-8a9497e65502,function_execution_time,1780474418.518703,0.000054597
experiment_name,a5b2381b-b6ab-4371-ba7b-8a9497e65502,function_execution_time,1780474418.6200109,0.000066097
experiment_name,a5b2381b-b6ab-4371-ba7b-8a9497e65502,function_execution_time,1780474418.7213252,0.000055354
experiment_name,a5b2381b-b6ab-4371-ba7b-8a9497e65502,function_execution_time,1780474418.8225138,0.000063572
experiment_name,a5b2381b-b6ab-4371-ba7b-8a9497e65502,function_execution_time,1780474418.9238856,0.000055867
experiment_name,a5b2381b-b6ab-4371-ba7b-8a9497e65502,function_execution_time,1780474419.0251577,0.000071422
experiment_name,a5b2381b-b6ab-4371-ba7b-8a9497e65502,function_execution_time,1780474419.1265438,0.000056715
experiment_name,a5b2381b-b6ab-4371-ba7b-8a9497e65502,function_execution_time,1780474419.2279322,0.000046277
experiment_name,a5b2381b-b6ab-4371-ba7b-8a9497e65502,function_execution_time,1780474419.3293273,0.000059662
experiment_name,a5b2381b-b6ab-4371-ba7b-8a9497e65502,function_execution_time,1780474419.430611,0.000055155
experiment_name,a5b2381b-b6ab-4371-ba7b-8a9497e65502,function_execution_time,1780474419.5321362,0.000069655
experiment_name,855bfdc2-2e02-47ca-82c6-73ffd9d90d4a,function_stop_time,1780474419.593899,0.000031885
experiment_name,a5b2381b-b6ab-4371-ba7b-8a9497e65502,function_stop_time,1780474419.5941548,0.000034491
experiment_name,7e2764e4-95ae-4c17-8176-eaa44934cf35,function_stop_time,1780474419.5918357,0.0000554
experiment_name,a5b2381b-b6ab-4371-ba7b-8a9497e65502,function_transfer_time,1780474416.0901108,0.000128946
experiment_name,a5b2381b-b6ab-4371-ba7b-8a9497e65502,function_transfer_time,1780474416.1913874,0.000029798
experiment_name,a5b2381b-b6ab-4371-ba7b-8a9497e65502,function_transfer_time,1780474416.2926753,0.000033758
experiment_name,a5b2381b-b6ab-4371-ba7b-8a9497e65502,function_transfer_time,1780474416.394178,0.000122701
experiment_name,a5b2381b-b6ab-4371-ba7b-8a9497e65502,function_transfer_time,1780474416.4954739,0.000102019
experiment_name,a5b2381b-b6ab-4371-ba7b-8a9497e65502,function_transfer_time,1780474416.5967941,0.000102419
experiment_name,a5b2381b-b6ab-4371-ba7b-8a9497e65502,function_transfer_time,1780474416.6981487,0.000114607
experiment_name,a5b2381b-b6ab-4371-ba7b-8a9497e65502,function_transfer_time,1780474416.7993748,0.000033698
experiment_name,a5b2381b-b6ab-4371-ba7b-8a9497e65502,function_transfer_time,1780474416.899713,0.000121631
experiment_name,a5b2381b-b6ab-4371-ba7b-8a9497e65502,function_transfer_time,1780474417.0010295,0.00011367
experiment_name,a5b2381b-b6ab-4371-ba7b-8a9497e65502,function_transfer_time,1780474417.102355,0.000111939
experiment_name,a5b2381b-b6ab-4371-ba7b-8a9497e65502,function_transfer_time,1780474417.202602,0.000092647
experiment_name,a5b2381b-b6ab-4371-ba7b-8a9497e65502,function_transfer_time,1780474417.3039005,0.000030892
experiment_name,a5b2381b-b6ab-4371-ba7b-8a9497e65502,function_transfer_time,1780474417.405297,0.000112233
experiment_name,a5b2381b-b6ab-4371-ba7b-8a9497e65502,function_transfer_time,1780474417.5065374,0.000116504
experiment_name,a5b2381b-b6ab-4371-ba7b-8a9497e65502,function_transfer_time,1780474417.6078541,0.000099323
experiment_name,a5b2381b-b6ab-4371-ba7b-8a9497e65502,function_transfer_time,1780474417.7091396,0.000095627
experiment_name,a5b2381b-b6ab-4371-ba7b-8a9497e65502,function_transfer_time,1780474417.810477,0.000089476
experiment_name,a5b2381b-b6ab-4371-ba7b-8a9497e65502,function_transfer_time,1780474417.9118118,0.000118316
experiment_name,a5b2381b-b6ab-4371-ba7b-8a9497e65502,function_transfer_time,1780474418.0131195,0.000112419
experiment_name,a5b2381b-b6ab-4371-ba7b-8a9497e65502,function_transfer_time,1780474418.1143968,0.000053279
experiment_name,a5b2381b-b6ab-4371-ba7b-8a9497e65502,function_transfer_time,1780474418.2157564,0.000103321
experiment_name,a5b2381b-b6ab-4371-ba7b-8a9497e65502,function_transfer_time,1780474418.3169985,0.000028875
experiment_name,a5b2381b-b6ab-4371-ba7b-8a9497e65502,function_transfer_time,1780474418.4182982,0.00003939
experiment_name,a5b2381b-b6ab-4371-ba7b-8a9497e65502,function_transfer_time,1780474418.5186484,0.00011337
experiment_name,a5b2381b-b6ab-4371-ba7b-8a9497e65502,function_transfer_time,1780474418.619944,0.000130696
experiment_name,a5b2381b-b6ab-4371-ba7b-8a9497e65502,function_transfer_time,1780474418.7212694,0.000130846
experiment_name,a5b2381b-b6ab-4371-ba7b-8a9497e65502,function_transfer_time,1780474418.8224964,0.000035669
experiment_name,a5b2381b-b6ab-4371-ba7b-8a9497e65502,function_transfer_time,1780474418.9238296,0.000122108
experiment_name,a5b2381b-b6ab-4371-ba7b-8a9497e65502,function_transfer_time,1780474419.0251198,0.00005094
experiment_name,a5b2381b-b6ab-4371-ba7b-8a9497e65502,function_transfer_time,1780474419.1265402,0.000122041
experiment_name,a5b2381b-b6ab-4371-ba7b-8a9497e65502,function_transfer_time,1780474419.2279305,0.000033271
experiment_name,a5b2381b-b6ab-4371-ba7b-8a9497e65502,function_transfer_time,1780474419.329269,0.000036892
experiment_name,a5b2381b-b6ab-4371-ba7b-8a9497e65502,function_transfer_time,1780474419.4305487,0.000029429
experiment_name,a5b2381b-b6ab-4371-ba7b-8a9497e65502,function_transfer_time,1780474419.5320654,0.000143081
experiment_name,855bfdc2-2e02-47ca-82c6-73ffd9d90d4a,function_transfer_time,1780474416.0899253,0.000080863
experiment_name,855bfdc2-2e02-47ca-82c6-73ffd9d90d4a,function_transfer_time,1780474416.1912572,0.000076226
experiment_name,855bfdc2-2e02-47ca-82c6-73ffd9d90d4a,function_transfer_time,1780474416.292555,0.000024596
experiment_name,855bfdc2-2e02-47ca-82c6-73ffd9d90d4a,function_transfer_time,1780474416.394001,0.000083342
experiment_name,855bfdc2-2e02-47ca-82c6-73ffd9d90d4a,function_transfer_time,1780474416.4953172,0.000083488
experiment_name,855bfdc2-2e02-47ca-82c6-73ffd9d90d4a,function_transfer_time,1780474416.596632,0.000074759
experiment_name,855bfdc2-2e02-47ca-82c6-73ffd9d90d4a,function_transfer_time,1780474416.6979697,0.000084266
experiment_name,855bfdc2-2e02-47ca-82c6-73ffd9d90d4a,function_transfer_time,1780474416.7992315,0.000023
experiment_name,855bfdc2-2e02-47ca-82c6-73ffd9d90d4a,function_transfer_time,1780474416.899536,0.00007729
experiment_name,855bfdc2-2e02-47ca-82c6-73ffd9d90d4a,function_transfer_time,1780474417.000853,0.000090582
experiment_name,855bfdc2-2e02-47ca-82c6-73ffd9d90d4a,function_transfer_time,1780474417.1021883,0.000081522
experiment_name,855bfdc2-2e02-47ca-82c6-73ffd9d90d4a,function_transfer_time,1780474417.202459,0.000038059
experiment_name,855bfdc2-2e02-47ca-82c6-73ffd9d90d4a,function_transfer_time,1780474417.3037543,0.000080465
experiment_name,855bfdc2-2e02-47ca-82c6-73ffd9d90d4a,function_transfer_time,1780474417.4051309,0.000078183
experiment_name,855bfdc2-2e02-47ca-82c6-73ffd9d90d4a,function_transfer_time,1780474417.5063634,0.000024526
experiment_name,855bfdc2-2e02-47ca-82c6-73ffd9d90d4a,function_transfer_time,1780474417.6077034,0.000083569
experiment_name,855bfdc2-2e02-47ca-82c6-73ffd9d90d4a,function_transfer_time,1780474417.7089868,0.000079589
experiment_name,855bfdc2-2e02-47ca-82c6-73ffd9d90d4a,function_transfer_time,1780474417.8103178,0.000082517
experiment_name,855bfdc2-2e02-47ca-82c6-73ffd9d90d4a,function_transfer_time,1780474417.9116404,0.000082293
experiment_name,855bfdc2-2e02-47ca-82c6-73ffd9d90d4a,function_transfer_time,1780474418.012957,0.0000792
experiment_name,855bfdc2-2e02-47ca-82c6-73ffd9d90d4a,function_transfer_time,1780474418.1142912,0.000079977
experiment_name,855bfdc2-2e02-47ca-82c6-73ffd9d90d4a,function_transfer_time,1780474418.215597,0.000075649
experiment_name,855bfdc2-2e02-47ca-82c6-73ffd9d90d4a,function_transfer_time,1780474418.3168576,0.000020767
experiment_name,855bfdc2-2e02-47ca-82c6-73ffd9d90d4a,function_transfer_time,1780474418.418151,0.00002284
experiment_name,855bfdc2-2e02-47ca-82c6-73ffd9d90d4a,function_transfer_time,1780474418.5184808,0.000084264
experiment_name,855bfdc2-2e02-47ca-82c6-73ffd9d90d4a,function_transfer_time,1780474418.6197581,0.000020621
experiment_name,855bfdc2-2e02-47ca-82c6-73ffd9d90d4a,function_transfer_time,1780474418.7210824,0.000088852
experiment_name,855bfdc2-2e02-47ca-82c6-73ffd9d90d4a,function_transfer_time,1780474418.822358,0.000021663
experiment_name,855bfdc2-2e02-47ca-82c6-73ffd9d90d4a,function_transfer_time,1780474418.923653,0.000078397
experiment_name,855bfdc2-2e02-47ca-82c6-73ffd9d90d4a,function_transfer_time,1780474419.0249786,0.00008209
experiment_name,855bfdc2-2e02-47ca-82c6-73ffd9d90d4a,function_transfer_time,1780474419.1262734,0.000078602
experiment_name,855bfdc2-2e02-47ca-82c6-73ffd9d90d4a,function_transfer_time,1780474419.2277849,0.000081993
experiment_name,855bfdc2-2e02-47ca-82c6-73ffd9d90d4a,function_transfer_time,1780474419.3290997,0.000083003
experiment_name,855bfdc2-2e02-47ca-82c6-73ffd9d90d4a,function_transfer_time,1780474419.430466,0.000084248
experiment_name,855bfdc2-2e02-47ca-82c6-73ffd9d90d4a,function_transfer_time,1780474419.531866,0.000079923
experiment_name,a3dc2bd5-c033-4ae1-8a9d-4969af1a1a16,function_stop_time,1780474419.5931826,0.000081519
