experiment_name,5132d8ad-0f0c-42e5-bbf6-9d47f7120b8d,function_instantiate_time,1779126910.8264174,0.424335174
experiment_name,55d97d5c-d128-4b65-b5e8-d5d89f290ed1,function_instantiate_time,1779126910.8366818,0.428201876
experiment_name,db304fd7-ce77-46a6-a693-c2f99dc46766,function_instantiate_time,1779126910.8761342,0.489932739
experiment_name,424fd1a3-e1e9-4e8e-ae3c-e11d18051bc3,function_instantiate_time,1779126910.8701518,0.487675174
experiment_name,c3ee6f54-5b91-4188-ab50-c9cc457a48ce,function_instantiate_time,1779126910.8501961,0.41616436
experiment_name,1a484d8c-ab4f-46b4-a652-5ec5b75e190b,function_instantiate_time,1779126910.8615673,0.459634236
experiment_name,120a6a13-d8e8-49ee-92c9-e76ce3e7a416,function_instantiate_time,1779126910.8139265,0.395665308
experiment_name,5c0d2f20-e5ef-4b3a-a53b-1e0814311c2a,function_instantiate_time,1779126910.8246505,0.378998438
experiment_name,460b5c12-cf4b-4f23-b802-fcd933b4faa2,function_instantiate_time,1779126910.8264222,0.400997664
experiment_name,a829210a-40e2-4eff-a178-5c02e25a7f32,function_instantiate_time,1779126910.8566275,0.451742497
experiment_name,7d560263-b90f-4e80-9d44-358bc0d719ee,function_instantiate_time,1779126910.8326008,0.412322806
experiment_name,e0dfef62-79ed-4f2b-a545-f5451e10eab3,function_instantiate_time,1779126910.8382406,0.42416745
experiment_name,acbe09fa-a856-4950-868e-e22ae5357604,function_instantiate_time,1779126910.8623722,0.464396424
experiment_name,4175e04f-6166-4655-babf-f789ff0c6cb6,function_instantiate_time,1779126910.819109,0.373113375
experiment_name,b06962ab-0880-4fb4-a0d1-7e432995bb52,function_instantiate_time,1779126910.8593178,0.486116519
experiment_name,55d97d5c-d128-4b65-b5e8-d5d89f290ed1,function_init_time,1779126910.8432064,0.005338708
experiment_name,acbe09fa-a856-4950-868e-e22ae5357604,function_init_time,1779126910.8655448,0.003115625
experiment_name,4175e04f-6166-4655-babf-f789ff0c6cb6,function_init_time,1779126910.824618,0.001366951
experiment_name,120a6a13-d8e8-49ee-92c9-e76ce3e7a416,function_init_time,1779126910.8139412,0.000736095
experiment_name,424fd1a3-e1e9-4e8e-ae3c-e11d18051bc3,function_init_time,1779126910.8710425,0.000893393
experiment_name,5132d8ad-0f0c-42e5-bbf6-9d47f7120b8d,function_init_time,1779126910.8277507,0.001367228
experiment_name,db304fd7-ce77-46a6-a693-c2f99dc46766,function_init_time,1779126910.8761792,0.000881208
experiment_name,460b5c12-cf4b-4f23-b802-fcd933b4faa2,function_init_time,1779126910.8273842,0.000971264
experiment_name,7d560263-b90f-4e80-9d44-358bc0d719ee,function_init_time,1779126910.8382752,0.006293435
experiment_name,e0dfef62-79ed-4f2b-a545-f5451e10eab3,function_init_time,1779126910.8433053,0.005073985
experiment_name,1a484d8c-ab4f-46b4-a652-5ec5b75e190b,function_init_time,1779126910.8630588,0.001656174
experiment_name,5c0d2f20-e5ef-4b3a-a53b-1e0814311c2a,function_init_time,1779126910.832623,0.011827885
experiment_name,c3ee6f54-5b91-4188-ab50-c9cc457a48ce,function_init_time,1779126910.867158,0.016918649
experiment_name,b06962ab-0880-4fb4-a0d1-7e432995bb52,function_init_time,1779126910.8655326,0.00456878
experiment_name,a829210a-40e2-4eff-a178-5c02e25a7f32,function_init_time,1779126910.85715,0.000525928
experiment_name,55d97d5c-d128-4b65-b5e8-d5d89f290ed1,function_execution_time,1779126910.911791,0.06622542
experiment_name,55d97d5c-d128-4b65-b5e8-d5d89f290ed1,function_execution_time,1779126911.015508,0.000298761
experiment_name,a829210a-40e2-4eff-a178-5c02e25a7f32,function_execution_time,1779126910.943587,0.086367693
experiment_name,a829210a-40e2-4eff-a178-5c02e25a7f32,function_execution_time,1779126911.048041,0.000344354
experiment_name,120a6a13-d8e8-49ee-92c9-e76ce3e7a416,function_execution_time,1779126910.8342228,0.019802494
experiment_name,120a6a13-d8e8-49ee-92c9-e76ce3e7a416,function_execution_time,1779126910.9373994,0.00027302
experiment_name,460b5c12-cf4b-4f23-b802-fcd933b4faa2,function_execution_time,1779126910.8901029,0.06263596
experiment_name,460b5c12-cf4b-4f23-b802-fcd933b4faa2,function_execution_time,1779126910.9930482,0.000319205
experiment_name,424fd1a3-e1e9-4e8e-ae3c-e11d18051bc3,function_execution_time,1779126910.9763284,0.104899663
experiment_name,424fd1a3-e1e9-4e8e-ae3c-e11d18051bc3,function_execution_time,1779126911.0790215,0.000270575
experiment_name,db304fd7-ce77-46a6-a693-c2f99dc46766,function_execution_time,1779126910.9865053,0.11033002
experiment_name,db304fd7-ce77-46a6-a693-c2f99dc46766,function_execution_time,1779126911.090914,0.000305613
experiment_name,7d560263-b90f-4e80-9d44-358bc0d719ee,function_execution_time,1779126910.9006643,0.062296199
experiment_name,7d560263-b90f-4e80-9d44-358bc0d719ee,function_execution_time,1779126911.004858,0.000380724
experiment_name,5132d8ad-0f0c-42e5-bbf6-9d47f7120b8d,function_execution_time,1779126910.876089,0.046687334
experiment_name,5132d8ad-0f0c-42e5-bbf6-9d47f7120b8d,function_execution_time,1779126910.977838,0.000381354
experiment_name,5c0d2f20-e5ef-4b3a-a53b-1e0814311c2a,function_execution_time,1779126910.922338,0.080798187
experiment_name,5c0d2f20-e5ef-4b3a-a53b-1e0814311c2a,function_execution_time,1779126911.0286942,0.000354631
experiment_name,c3ee6f54-5b91-4188-ab50-c9cc457a48ce,function_execution_time,1779126910.9646695,0.097421316
experiment_name,c3ee6f54-5b91-4188-ab50-c9cc457a48ce,function_execution_time,1779126911.0685554,0.000298538
experiment_name,b06962ab-0880-4fb4-a0d1-7e432995bb52,function_execution_time,1779126911.0083594,0.142001548
experiment_name,b06962ab-0880-4fb4-a0d1-7e432995bb52,function_execution_time,1779126911.1157613,0.000314427
experiment_name,4175e04f-6166-4655-babf-f789ff0c6cb6,function_execution_time,1779126910.8694654,0.048881584
experiment_name,4175e04f-6166-4655-babf-f789ff0c6cb6,function_execution_time,1779126910.95998,0.00031139
experiment_name,1a484d8c-ab4f-46b4-a652-5ec5b75e190b,function_execution_time,1779126910.954968,0.091262085
experiment_name,1a484d8c-ab4f-46b4-a652-5ec5b75e190b,function_execution_time,1779126911.0579603,0.000286353
experiment_name,e0dfef62-79ed-4f2b-a545-f5451e10eab3,function_execution_time,1779126910.9334404,0.085662468
experiment_name,e0dfef62-79ed-4f2b-a545-f5451e10eab3,function_execution_time,1779126911.03629,0.000275409
experiment_name,acbe09fa-a856-4950-868e-e22ae5357604,function_execution_time,1779126910.9971166,0.130579535
experiment_name,acbe09fa-a856-4950-868e-e22ae5357604,function_execution_time,1779126911.1010284,0.000289557
experiment_name,acbe09fa-a856-4950-868e-e22ae5357604,function_transfer_time,1779126910.8664854,0.001163912
experiment_name,acbe09fa-a856-4950-868e-e22ae5357604,function_transfer_time,1779126911.1007304,0.000255015
experiment_name,460b5c12-cf4b-4f23-b802-fcd933b4faa2,function_transfer_time,1779126910.8273892,0.000098982
experiment_name,460b5c12-cf4b-4f23-b802-fcd933b4faa2,function_transfer_time,1779126910.9927166,0.000308701
experiment_name,1a484d8c-ab4f-46b4-a652-5ec5b75e190b,function_transfer_time,1779126910.8630693,0.000215298
experiment_name,1a484d8c-ab4f-46b4-a652-5ec5b75e190b,function_transfer_time,1779126911.0576715,0.000260839
experiment_name,4175e04f-6166-4655-babf-f789ff0c6cb6,function_transfer_time,1779126910.8246415,0.000115649
experiment_name,4175e04f-6166-4655-babf-f789ff0c6cb6,function_transfer_time,1779126910.9596648,0.000378875
experiment_name,120a6a13-d8e8-49ee-92c9-e76ce3e7a416,function_transfer_time,1779126910.8174367,0.001453636
experiment_name,120a6a13-d8e8-49ee-92c9-e76ce3e7a416,function_transfer_time,1779126910.9371297,0.000421805
experiment_name,c3ee6f54-5b91-4188-ab50-c9cc457a48ce,function_transfer_time,1779126910.8672285,0.000170742
experiment_name,c3ee6f54-5b91-4188-ab50-c9cc457a48ce,function_transfer_time,1779126911.0685482,0.000339582
experiment_name,5132d8ad-0f0c-42e5-bbf6-9d47f7120b8d,function_transfer_time,1779126910.8277571,0.000070927
experiment_name,5132d8ad-0f0c-42e5-bbf6-9d47f7120b8d,function_transfer_time,1779126910.9774456,0.000583879
experiment_name,b06962ab-0880-4fb4-a0d1-7e432995bb52,function_transfer_time,1779126910.866382,0.002613734
experiment_name,b06962ab-0880-4fb4-a0d1-7e432995bb52,function_transfer_time,1779126911.1154418,0.000319132
experiment_name,a829210a-40e2-4eff-a178-5c02e25a7f32,function_transfer_time,1779126910.8571563,0.000046278
experiment_name,a829210a-40e2-4eff-a178-5c02e25a7f32,function_transfer_time,1779126911.0476806,0.000285238
experiment_name,5c0d2f20-e5ef-4b3a-a53b-1e0814311c2a,function_transfer_time,1779126910.8431642,0.009327189
experiment_name,5c0d2f20-e5ef-4b3a-a53b-1e0814311c2a,function_transfer_time,1779126911.0283246,0.000262989
experiment_name,424fd1a3-e1e9-4e8e-ae3c-e11d18051bc3,function_transfer_time,1779126910.871057,0.000118871
experiment_name,424fd1a3-e1e9-4e8e-ae3c-e11d18051bc3,function_transfer_time,1779126911.078749,0.000244411
experiment_name,55d97d5c-d128-4b65-b5e8-d5d89f290ed1,function_transfer_time,1779126910.8500395,0.003713164
experiment_name,55d97d5c-d128-4b65-b5e8-d5d89f290ed1,function_transfer_time,1779126911.0152035,0.000294101
experiment_name,7d560263-b90f-4e80-9d44-358bc0d719ee,function_transfer_time,1779126910.8386612,0.000272482
experiment_name,7d560263-b90f-4e80-9d44-358bc0d719ee,function_transfer_time,1779126911.0044742,0.000372785
experiment_name,e0dfef62-79ed-4f2b-a545-f5451e10eab3,function_transfer_time,1779126910.85008,0.004628446
experiment_name,e0dfef62-79ed-4f2b-a545-f5451e10eab3,function_transfer_time,1779126911.0360096,0.000253839
experiment_name,db304fd7-ce77-46a6-a693-c2f99dc46766,function_transfer_time,1779126910.8761926,0.000372335
experiment_name,db304fd7-ce77-46a6-a693-c2f99dc46766,function_transfer_time,1779126911.0906324,0.000261512
experiment_name,1aea548a-df8a-41eb-983a-8bf12546a449,function_instantiate_time,1779126910.378885,0.011070557
experiment_name,550b0825-437e-4d72-9d88-d41bc63734d2,function_instantiate_time,1779126910.3787844,0.009026617
experiment_name,c2f2d599-a82c-48a4-bd67-f9b46d907ad1,function_instantiate_time,1779126910.4540915,0.008391746
experiment_name,c2f2d599-a82c-48a4-bd67-f9b46d907ad1,function_init_time,1779126910.4541378,0.000045061
experiment_name,550b0825-437e-4d72-9d88-d41bc63734d2,function_init_time,1779126910.3788447,0.000063158
experiment_name,1aea548a-df8a-41eb-983a-8bf12546a449,function_init_time,1779126910.3789272,0.000042326
experiment_name,550b0825-437e-4d72-9d88-d41bc63734d2,function_execution_time,1779126910.4801695,0.000079567
experiment_name,550b0825-437e-4d72-9d88-d41bc63734d2,function_execution_time,1779126910.5804029,0.000045373
experiment_name,550b0825-437e-4d72-9d88-d41bc63734d2,function_execution_time,1779126910.6817589,0.000064784
experiment_name,550b0825-437e-4d72-9d88-d41bc63734d2,function_execution_time,1779126910.7830822,0.000067814
experiment_name,550b0825-437e-4d72-9d88-d41bc63734d2,function_execution_time,1779126910.8834949,0.000119822
experiment_name,550b0825-437e-4d72-9d88-d41bc63734d2,function_execution_time,1779126910.984918,0.000111273
experiment_name,550b0825-437e-4d72-9d88-d41bc63734d2,function_execution_time,1779126911.086108,0.000056361
experiment_name,550b0825-437e-4d72-9d88-d41bc63734d2,function_execution_time,1779126911.1869457,0.000096362
experiment_name,550b0825-437e-4d72-9d88-d41bc63734d2,function_execution_time,1779126911.2882516,0.000064373
experiment_name,550b0825-437e-4d72-9d88-d41bc63734d2,function_execution_time,1779126911.3896198,0.000059599
experiment_name,550b0825-437e-4d72-9d88-d41bc63734d2,function_execution_time,1779126911.4909928,0.000060304
experiment_name,550b0825-437e-4d72-9d88-d41bc63734d2,function_execution_time,1779126911.592341,0.00006103
experiment_name,550b0825-437e-4d72-9d88-d41bc63734d2,function_execution_time,1779126911.693602,0.000073237
experiment_name,550b0825-437e-4d72-9d88-d41bc63734d2,function_execution_time,1779126911.7948887,0.000059084
experiment_name,550b0825-437e-4d72-9d88-d41bc63734d2,function_execution_time,1779126911.8961573,0.000063643
experiment_name,550b0825-437e-4d72-9d88-d41bc63734d2,function_execution_time,1779126911.9964945,0.000080765
experiment_name,550b0825-437e-4d72-9d88-d41bc63734d2,function_execution_time,1779126912.0977464,0.000062416
experiment_name,550b0825-437e-4d72-9d88-d41bc63734d2,function_execution_time,1779126912.19907,0.000074166
experiment_name,550b0825-437e-4d72-9d88-d41bc63734d2,function_execution_time,1779126912.300387,0.000069826
experiment_name,550b0825-437e-4d72-9d88-d41bc63734d2,function_execution_time,1779126912.401688,0.000056587
experiment_name,550b0825-437e-4d72-9d88-d41bc63734d2,function_execution_time,1779126912.503075,0.000066458
experiment_name,550b0825-437e-4d72-9d88-d41bc63734d2,function_execution_time,1779126912.6044226,0.000056934
experiment_name,550b0825-437e-4d72-9d88-d41bc63734d2,function_execution_time,1779126912.7057524,0.000062553
experiment_name,550b0825-437e-4d72-9d88-d41bc63734d2,function_execution_time,1779126912.8070748,0.000057732
experiment_name,550b0825-437e-4d72-9d88-d41bc63734d2,function_execution_time,1779126912.908404,0.000077003
experiment_name,550b0825-437e-4d72-9d88-d41bc63734d2,function_execution_time,1779126913.0097055,0.000057492
experiment_name,550b0825-437e-4d72-9d88-d41bc63734d2,function_execution_time,1779126913.1110733,0.000077904
experiment_name,550b0825-437e-4d72-9d88-d41bc63734d2,function_execution_time,1779126913.2123516,0.000061495
experiment_name,550b0825-437e-4d72-9d88-d41bc63734d2,function_execution_time,1779126913.3136702,0.000068651
experiment_name,550b0825-437e-4d72-9d88-d41bc63734d2,function_execution_time,1779126913.4149532,0.00006677
experiment_name,550b0825-437e-4d72-9d88-d41bc63734d2,function_execution_time,1779126913.5162737,0.000057184
experiment_name,550b0825-437e-4d72-9d88-d41bc63734d2,function_execution_time,1779126913.6166065,0.000057777
experiment_name,550b0825-437e-4d72-9d88-d41bc63734d2,function_execution_time,1779126913.717898,0.000062506
experiment_name,550b0825-437e-4d72-9d88-d41bc63734d2,function_execution_time,1779126913.8192408,0.000069117
experiment_name,550b0825-437e-4d72-9d88-d41bc63734d2,function_execution_time,1779126913.9195065,0.000071238
experiment_name,550b0825-437e-4d72-9d88-d41bc63734d2,function_execution_time,1779126914.0208766,0.0000575
experiment_name,550b0825-437e-4d72-9d88-d41bc63734d2,function_execution_time,1779126914.1221325,0.000059845
experiment_name,550b0825-437e-4d72-9d88-d41bc63734d2,function_execution_time,1779126914.2233462,0.000070246
experiment_name,550b0825-437e-4d72-9d88-d41bc63734d2,function_execution_time,1779126914.324663,0.00006908
experiment_name,550b0825-437e-4d72-9d88-d41bc63734d2,function_execution_time,1779126914.4259627,0.000056224
experiment_name,550b0825-437e-4d72-9d88-d41bc63734d2,function_execution_time,1779126914.5273666,0.000059165
experiment_name,1aea548a-df8a-41eb-983a-8bf12546a449,function_execution_time,1779126910.3790147,0.000065705
experiment_name,1aea548a-df8a-41eb-983a-8bf12546a449,function_execution_time,1779126910.480107,0.00012364
experiment_name,1aea548a-df8a-41eb-983a-8bf12546a449,function_execution_time,1779126910.5803485,0.000089514
experiment_name,1aea548a-df8a-41eb-983a-8bf12546a449,function_execution_time,1779126910.681671,0.000077412
experiment_name,1aea548a-df8a-41eb-983a-8bf12546a449,function_execution_time,1779126910.7829235,0.000071653
experiment_name,1aea548a-df8a-41eb-983a-8bf12546a449,function_execution_time,1779126910.8834589,0.000177322
experiment_name,1aea548a-df8a-41eb-983a-8bf12546a449,function_execution_time,1779126910.9848619,0.000165558
experiment_name,1aea548a-df8a-41eb-983a-8bf12546a449,function_execution_time,1779126911.0860515,0.000100838
experiment_name,1aea548a-df8a-41eb-983a-8bf12546a449,function_execution_time,1779126911.1869104,0.000106123
experiment_name,1aea548a-df8a-41eb-983a-8bf12546a449,function_execution_time,1779126911.2881522,0.000086519
experiment_name,1aea548a-df8a-41eb-983a-8bf12546a449,function_execution_time,1779126911.3895524,0.000133575
experiment_name,1aea548a-df8a-41eb-983a-8bf12546a449,function_execution_time,1779126911.4908412,0.000074589
experiment_name,1aea548a-df8a-41eb-983a-8bf12546a449,function_execution_time,1779126911.5921874,0.000082621
experiment_name,1aea548a-df8a-41eb-983a-8bf12546a449,function_execution_time,1779126911.6935666,0.000091587
experiment_name,1aea548a-df8a-41eb-983a-8bf12546a449,function_execution_time,1779126911.7947552,0.00007432
experiment_name,1aea548a-df8a-41eb-983a-8bf12546a449,function_execution_time,1779126911.8960552,0.000076321
experiment_name,1aea548a-df8a-41eb-983a-8bf12546a449,function_execution_time,1779126911.9964566,0.00008252
experiment_name,1aea548a-df8a-41eb-983a-8bf12546a449,function_execution_time,1779126912.0976875,0.000091469
experiment_name,1aea548a-df8a-41eb-983a-8bf12546a449,function_execution_time,1779126912.1989567,0.000069381
experiment_name,1aea548a-df8a-41eb-983a-8bf12546a449,function_execution_time,1779126912.300361,0.000081333
experiment_name,1aea548a-df8a-41eb-983a-8bf12546a449,function_execution_time,1779126912.4016197,0.00015281
experiment_name,1aea548a-df8a-41eb-983a-8bf12546a449,function_execution_time,1779126912.5029182,0.000071396
experiment_name,1aea548a-df8a-41eb-983a-8bf12546a449,function_execution_time,1779126912.604269,0.000072075
experiment_name,1aea548a-df8a-41eb-983a-8bf12546a449,function_execution_time,1779126912.7055883,0.000078226
experiment_name,1aea548a-df8a-41eb-983a-8bf12546a449,function_execution_time,1779126912.806925,0.000073385
experiment_name,1aea548a-df8a-41eb-983a-8bf12546a449,function_execution_time,1779126912.908229,0.000073314
experiment_name,1aea548a-df8a-41eb-983a-8bf12546a449,function_execution_time,1779126913.009559,0.000071425
experiment_name,1aea548a-df8a-41eb-983a-8bf12546a449,function_execution_time,1779126913.1108844,0.000079837
experiment_name,1aea548a-df8a-41eb-983a-8bf12546a449,function_execution_time,1779126913.2122035,0.000072475
experiment_name,1aea548a-df8a-41eb-983a-8bf12546a449,function_execution_time,1779126913.3134875,0.000086488
experiment_name,1aea548a-df8a-41eb-983a-8bf12546a449,function_execution_time,1779126913.4148884,0.000148937
experiment_name,1aea548a-df8a-41eb-983a-8bf12546a449,function_execution_time,1779126913.5161269,0.000070413
experiment_name,1aea548a-df8a-41eb-983a-8bf12546a449,function_execution_time,1779126913.6164544,0.000083835
experiment_name,1aea548a-df8a-41eb-983a-8bf12546a449,function_execution_time,1779126913.7177308,0.000066792
experiment_name,1aea548a-df8a-41eb-983a-8bf12546a449,function_execution_time,1779126913.8191392,0.000083014
experiment_name,1aea548a-df8a-41eb-983a-8bf12546a449,function_execution_time,1779126913.9193344,0.000070772
experiment_name,1aea548a-df8a-41eb-983a-8bf12546a449,function_execution_time,1779126914.0207286,0.000069985
experiment_name,1aea548a-df8a-41eb-983a-8bf12546a449,function_execution_time,1779126914.1220412,0.000080921
experiment_name,1aea548a-df8a-41eb-983a-8bf12546a449,function_execution_time,1779126914.2233102,0.000088729
experiment_name,1aea548a-df8a-41eb-983a-8bf12546a449,function_execution_time,1779126914.3245003,0.000085466
experiment_name,1aea548a-df8a-41eb-983a-8bf12546a449,function_execution_time,1779126914.425903,0.000147545
experiment_name,1aea548a-df8a-41eb-983a-8bf12546a449,function_execution_time,1779126914.5272946,0.000085166
experiment_name,c2f2d599-a82c-48a4-bd67-f9b46d907ad1,function_execution_time,1779126910.810982,0.002307037
experiment_name,c2f2d599-a82c-48a4-bd67-f9b46d907ad1,function_execution_time,1779126910.820996,0.001329611
experiment_name,c2f2d599-a82c-48a4-bd67-f9b46d907ad1,function_execution_time,1779126910.832627,0.001099363
experiment_name,c2f2d599-a82c-48a4-bd67-f9b46d907ad1,function_execution_time,1779126910.833891,0.001259063
experiment_name,c2f2d599-a82c-48a4-bd67-f9b46d907ad1,function_execution_time,1779126910.8441484,0.000980199
experiment_name,c2f2d599-a82c-48a4-bd67-f9b46d907ad1,function_execution_time,1779126910.8560019,0.001049924
experiment_name,c2f2d599-a82c-48a4-bd67-f9b46d907ad1,function_execution_time,1779126910.8570168,0.001006409
experiment_name,c2f2d599-a82c-48a4-bd67-f9b46d907ad1,function_execution_time,1779126910.8663716,0.000969762
experiment_name,c2f2d599-a82c-48a4-bd67-f9b46d907ad1,function_execution_time,1779126910.8744655,0.001031538
experiment_name,c2f2d599-a82c-48a4-bd67-f9b46d907ad1,function_execution_time,1779126910.8764365,0.000951769
experiment_name,c2f2d599-a82c-48a4-bd67-f9b46d907ad1,function_execution_time,1779126910.8866785,0.00112861
experiment_name,c2f2d599-a82c-48a4-bd67-f9b46d907ad1,function_execution_time,1779126910.8906622,0.001030898
experiment_name,c2f2d599-a82c-48a4-bd67-f9b46d907ad1,function_execution_time,1779126910.8965847,0.001001135
experiment_name,c2f2d599-a82c-48a4-bd67-f9b46d907ad1,function_execution_time,1779126910.9014049,0.001011386
experiment_name,c2f2d599-a82c-48a4-bd67-f9b46d907ad1,function_execution_time,1779126910.9068115,0.001090514
experiment_name,c2f2d599-a82c-48a4-bd67-f9b46d907ad1,function_execution_time,1779126910.9122374,0.000796799
experiment_name,c2f2d599-a82c-48a4-bd67-f9b46d907ad1,function_execution_time,1779126910.9154005,0.003155382
experiment_name,c2f2d599-a82c-48a4-bd67-f9b46d907ad1,function_execution_time,1779126910.9170659,0.001284946
experiment_name,c2f2d599-a82c-48a4-bd67-f9b46d907ad1,function_execution_time,1779126910.9248354,0.003043224
experiment_name,c2f2d599-a82c-48a4-bd67-f9b46d907ad1,function_execution_time,1779126910.9259763,0.001134464
experiment_name,c2f2d599-a82c-48a4-bd67-f9b46d907ad1,function_execution_time,1779126910.9270332,0.001050209
experiment_name,c2f2d599-a82c-48a4-bd67-f9b46d907ad1,function_execution_time,1779126910.9336824,0.000727189
experiment_name,c2f2d599-a82c-48a4-bd67-f9b46d907ad1,function_execution_time,1779126910.9356072,0.002117741
experiment_name,c2f2d599-a82c-48a4-bd67-f9b46d907ad1,function_execution_time,1779126910.9393067,0.003687169
experiment_name,c2f2d599-a82c-48a4-bd67-f9b46d907ad1,function_execution_time,1779126910.9407837,0.001472988
experiment_name,c2f2d599-a82c-48a4-bd67-f9b46d907ad1,function_execution_time,1779126910.9442952,0.001071733
experiment_name,c2f2d599-a82c-48a4-bd67-f9b46d907ad1,function_execution_time,1779126910.9461193,0.001472572
experiment_name,c2f2d599-a82c-48a4-bd67-f9b46d907ad1,function_execution_time,1779126910.9470847,0.000742079
experiment_name,c2f2d599-a82c-48a4-bd67-f9b46d907ad1,function_execution_time,1779126910.9546516,0.000758283
experiment_name,c2f2d599-a82c-48a4-bd67-f9b46d907ad1,function_execution_time,1779126910.9581785,0.001618633
experiment_name,c2f2d599-a82c-48a4-bd67-f9b46d907ad1,function_execution_time,1779126910.9589484,0.000743208
experiment_name,c2f2d599-a82c-48a4-bd67-f9b46d907ad1,function_execution_time,1779126910.9623477,0.003588302
experiment_name,c2f2d599-a82c-48a4-bd67-f9b46d907ad1,function_execution_time,1779126910.9658895,0.001579035
experiment_name,c2f2d599-a82c-48a4-bd67-f9b46d907ad1,function_execution_time,1779126910.9684765,0.000906981
experiment_name,c2f2d599-a82c-48a4-bd67-f9b46d907ad1,function_execution_time,1779126910.9763374,0.000719107
experiment_name,c2f2d599-a82c-48a4-bd67-f9b46d907ad1,function_execution_time,1779126910.9799886,0.003644763
experiment_name,c2f2d599-a82c-48a4-bd67-f9b46d907ad1,function_execution_time,1779126910.9813893,0.001211347
experiment_name,c2f2d599-a82c-48a4-bd67-f9b46d907ad1,function_execution_time,1779126910.9875808,0.001414353
experiment_name,c2f2d599-a82c-48a4-bd67-f9b46d907ad1,function_execution_time,1779126910.9887807,0.00118999
experiment_name,c2f2d599-a82c-48a4-bd67-f9b46d907ad1,function_execution_time,1779126910.9952705,0.003658813
experiment_name,c2f2d599-a82c-48a4-bd67-f9b46d907ad1,function_execution_time,1779126910.9983802,0.001525824
experiment_name,c2f2d599-a82c-48a4-bd67-f9b46d907ad1,function_execution_time,1779126911.0030363,0.00464951
experiment_name,c2f2d599-a82c-48a4-bd67-f9b46d907ad1,function_execution_time,1779126911.006362,0.00283822
experiment_name,c2f2d599-a82c-48a4-bd67-f9b46d907ad1,function_execution_time,1779126911.0092242,0.001215628
experiment_name,c2f2d599-a82c-48a4-bd67-f9b46d907ad1,function_execution_time,1779126911.01019,0.001109081
experiment_name,c2f2d599-a82c-48a4-bd67-f9b46d907ad1,function_execution_time,1779126911.0152466,0.000945899
experiment_name,c2f2d599-a82c-48a4-bd67-f9b46d907ad1,function_execution_time,1779126911.018401,0.000887579
experiment_name,c2f2d599-a82c-48a4-bd67-f9b46d907ad1,function_execution_time,1779126911.028457,0.001176923
experiment_name,c2f2d599-a82c-48a4-bd67-f9b46d907ad1,function_execution_time,1779126911.0296898,0.001319616
experiment_name,c2f2d599-a82c-48a4-bd67-f9b46d907ad1,function_execution_time,1779126911.0361078,0.001182746
experiment_name,c2f2d599-a82c-48a4-bd67-f9b46d907ad1,function_execution_time,1779126911.0437472,0.001371482
experiment_name,c2f2d599-a82c-48a4-bd67-f9b46d907ad1,function_execution_time,1779126911.0477655,0.001761827
experiment_name,c2f2d599-a82c-48a4-bd67-f9b46d907ad1,function_execution_time,1779126911.0495503,0.001248909
experiment_name,c2f2d599-a82c-48a4-bd67-f9b46d907ad1,function_execution_time,1779126911.0577424,0.000927286
experiment_name,c2f2d599-a82c-48a4-bd67-f9b46d907ad1,function_execution_time,1779126911.0613644,0.001331082
experiment_name,c2f2d599-a82c-48a4-bd67-f9b46d907ad1,function_execution_time,1779126911.0683005,0.001344649
experiment_name,c2f2d599-a82c-48a4-bd67-f9b46d907ad1,function_execution_time,1779126911.078912,0.001310929
experiment_name,c2f2d599-a82c-48a4-bd67-f9b46d907ad1,function_execution_time,1779126911.090729,0.001431049
experiment_name,c2f2d599-a82c-48a4-bd67-f9b46d907ad1,function_execution_time,1779126911.100857,0.00087877
experiment_name,c2f2d599-a82c-48a4-bd67-f9b46d907ad1,function_execution_time,1779126911.1155243,0.002382483
experiment_name,550b0825-437e-4d72-9d88-d41bc63734d2,function_transfer_time,1779126910.480076,0.000029736
experiment_name,550b0825-437e-4d72-9d88-d41bc63734d2,function_transfer_time,1779126910.5803514,0.000047366
experiment_name,550b0825-437e-4d72-9d88-d41bc63734d2,function_transfer_time,1779126910.6816902,0.000089519
experiment_name,550b0825-437e-4d72-9d88-d41bc63734d2,function_transfer_time,1779126910.7830107,0.000112516
experiment_name,550b0825-437e-4d72-9d88-d41bc63734d2,function_transfer_time,1779126910.883364,0.000021254
experiment_name,550b0825-437e-4d72-9d88-d41bc63734d2,function_transfer_time,1779126910.9847963,0.000021872
experiment_name,550b0825-437e-4d72-9d88-d41bc63734d2,function_transfer_time,1779126911.0860474,0.000031216
experiment_name,550b0825-437e-4d72-9d88-d41bc63734d2,function_transfer_time,1779126911.1869047,0.00002484
experiment_name,550b0825-437e-4d72-9d88-d41bc63734d2,function_transfer_time,1779126911.288229,0.000046041
experiment_name,550b0825-437e-4d72-9d88-d41bc63734d2,function_transfer_time,1779126911.389555,0.00003626
experiment_name,550b0825-437e-4d72-9d88-d41bc63734d2,function_transfer_time,1779126911.4909291,0.000108254
experiment_name,550b0825-437e-4d72-9d88-d41bc63734d2,function_transfer_time,1779126911.5922759,0.000109059
experiment_name,550b0825-437e-4d72-9d88-d41bc63734d2,function_transfer_time,1779126911.6935701,0.000035042
experiment_name,550b0825-437e-4d72-9d88-d41bc63734d2,function_transfer_time,1779126911.7948234,0.000090918
experiment_name,550b0825-437e-4d72-9d88-d41bc63734d2,function_transfer_time,1779126911.8960907,0.000055664
experiment_name,550b0825-437e-4d72-9d88-d41bc63734d2,function_transfer_time,1779126911.9964607,0.000041787
experiment_name,550b0825-437e-4d72-9d88-d41bc63734d2,function_transfer_time,1779126912.0976808,0.000032767
experiment_name,550b0825-437e-4d72-9d88-d41bc63734d2,function_transfer_time,1779126912.1990304,0.000054948
experiment_name,550b0825-437e-4d72-9d88-d41bc63734d2,function_transfer_time,1779126912.300355,0.000031978
experiment_name,550b0825-437e-4d72-9d88-d41bc63734d2,function_transfer_time,1779126912.4016228,0.000036469
experiment_name,550b0825-437e-4d72-9d88-d41bc63734d2,function_transfer_time,1779126912.5030038,0.000102759
experiment_name,550b0825-437e-4d72-9d88-d41bc63734d2,function_transfer_time,1779126912.6043627,0.000111185
experiment_name,550b0825-437e-4d72-9d88-d41bc63734d2,function_transfer_time,1779126912.7056856,0.0001205
experiment_name,550b0825-437e-4d72-9d88-d41bc63734d2,function_transfer_time,1779126912.8070126,0.000108387
experiment_name,550b0825-437e-4d72-9d88-d41bc63734d2,function_transfer_time,1779126912.9083223,0.000109489
experiment_name,550b0825-437e-4d72-9d88-d41bc63734d2,function_transfer_time,1779126913.0096421,0.000098359
experiment_name,550b0825-437e-4d72-9d88-d41bc63734d2,function_transfer_time,1779126913.1109896,0.000117121
experiment_name,550b0825-437e-4d72-9d88-d41bc63734d2,function_transfer_time,1779126913.2122881,0.000098273
experiment_name,550b0825-437e-4d72-9d88-d41bc63734d2,function_transfer_time,1779126913.313597,0.000121104
experiment_name,550b0825-437e-4d72-9d88-d41bc63734d2,function_transfer_time,1779126913.4148839,0.000035514
experiment_name,550b0825-437e-4d72-9d88-d41bc63734d2,function_transfer_time,1779126913.5162141,0.000109647
experiment_name,550b0825-437e-4d72-9d88-d41bc63734d2,function_transfer_time,1779126913.6165466,0.000118718
experiment_name,550b0825-437e-4d72-9d88-d41bc63734d2,function_transfer_time,1779126913.7178326,0.000124894
experiment_name,550b0825-437e-4d72-9d88-d41bc63734d2,function_transfer_time,1779126913.819166,0.00010467
experiment_name,550b0825-437e-4d72-9d88-d41bc63734d2,function_transfer_time,1779126913.9194405,0.000115939
experiment_name,550b0825-437e-4d72-9d88-d41bc63734d2,function_transfer_time,1779126914.0208154,0.000108348
experiment_name,550b0825-437e-4d72-9d88-d41bc63734d2,function_transfer_time,1779126914.1220605,0.000107064
experiment_name,550b0825-437e-4d72-9d88-d41bc63734d2,function_transfer_time,1779126914.223304,0.000032999
experiment_name,550b0825-437e-4d72-9d88-d41bc63734d2,function_transfer_time,1779126914.3245912,0.00010186
experiment_name,550b0825-437e-4d72-9d88-d41bc63734d2,function_transfer_time,1779126914.4259,0.000034716
experiment_name,550b0825-437e-4d72-9d88-d41bc63734d2,function_transfer_time,1779126914.5272982,0.000091369
experiment_name,1aea548a-df8a-41eb-983a-8bf12546a449,function_transfer_time,1779126910.3789463,0.000024924
experiment_name,1aea548a-df8a-41eb-983a-8bf12546a449,function_transfer_time,1779126910.4799807,0.000030545
experiment_name,1aea548a-df8a-41eb-983a-8bf12546a449,function_transfer_time,1779126910.580251,0.000020471
experiment_name,1aea548a-df8a-41eb-983a-8bf12546a449,function_transfer_time,1779126910.6815422,0.000079671
experiment_name,1aea548a-df8a-41eb-983a-8bf12546a449,function_transfer_time,1779126910.7828429,0.000078894
experiment_name,1aea548a-df8a-41eb-983a-8bf12546a449,function_transfer_time,1779126910.8832679,0.000084544
experiment_name,1aea548a-df8a-41eb-983a-8bf12546a449,function_transfer_time,1779126910.984688,0.000089966
experiment_name,1aea548a-df8a-41eb-983a-8bf12546a449,function_transfer_time,1779126911.0859497,0.000018901
experiment_name,1aea548a-df8a-41eb-983a-8bf12546a449,function_transfer_time,1779126911.1867623,0.000081364
experiment_name,1aea548a-df8a-41eb-983a-8bf12546a449,function_transfer_time,1779126911.288067,0.000080534
experiment_name,1aea548a-df8a-41eb-983a-8bf12546a449,function_transfer_time,1779126911.3894126,0.000083285
experiment_name,1aea548a-df8a-41eb-983a-8bf12546a449,function_transfer_time,1779126911.4907582,0.000089242
experiment_name,1aea548a-df8a-41eb-983a-8bf12546a449,function_transfer_time,1779126911.5921054,0.000082131
experiment_name,1aea548a-df8a-41eb-983a-8bf12546a449,function_transfer_time,1779126911.6934237,0.000084614
experiment_name,1aea548a-df8a-41eb-983a-8bf12546a449,function_transfer_time,1779126911.794676,0.000017742
experiment_name,1aea548a-df8a-41eb-983a-8bf12546a449,function_transfer_time,1779126911.8959732,0.000080902
experiment_name,1aea548a-df8a-41eb-983a-8bf12546a449,function_transfer_time,1779126911.996304,0.000081863
experiment_name,1aea548a-df8a-41eb-983a-8bf12546a449,function_transfer_time,1779126912.0975814,0.00002214
experiment_name,1aea548a-df8a-41eb-983a-8bf12546a449,function_transfer_time,1779126912.1988752,0.000077938
experiment_name,1aea548a-df8a-41eb-983a-8bf12546a449,function_transfer_time,1779126912.3002229,0.000081353
experiment_name,1aea548a-df8a-41eb-983a-8bf12546a449,function_transfer_time,1779126912.4015322,0.000028625
experiment_name,1aea548a-df8a-41eb-983a-8bf12546a449,function_transfer_time,1779126912.5028415,0.000082446
experiment_name,1aea548a-df8a-41eb-983a-8bf12546a449,function_transfer_time,1779126912.6041903,0.000088742
experiment_name,1aea548a-df8a-41eb-983a-8bf12546a449,function_transfer_time,1779126912.7055056,0.000082663
experiment_name,1aea548a-df8a-41eb-983a-8bf12546a449,function_transfer_time,1779126912.8068435,0.000078372
experiment_name,1aea548a-df8a-41eb-983a-8bf12546a449,function_transfer_time,1779126912.9081492,0.000081361
experiment_name,1aea548a-df8a-41eb-983a-8bf12546a449,function_transfer_time,1779126913.0094848,0.000080165
experiment_name,1aea548a-df8a-41eb-983a-8bf12546a449,function_transfer_time,1779126913.1108012,0.000079412
experiment_name,1aea548a-df8a-41eb-983a-8bf12546a449,function_transfer_time,1779126913.2121263,0.000079572
experiment_name,1aea548a-df8a-41eb-983a-8bf12546a449,function_transfer_time,1779126913.3134007,0.000024432
experiment_name,1aea548a-df8a-41eb-983a-8bf12546a449,function_transfer_time,1779126913.4147284,0.000083614
experiment_name,1aea548a-df8a-41eb-983a-8bf12546a449,function_transfer_time,1779126913.5160432,0.000023958
experiment_name,1aea548a-df8a-41eb-983a-8bf12546a449,function_transfer_time,1779126913.6163664,0.000081331
experiment_name,1aea548a-df8a-41eb-983a-8bf12546a449,function_transfer_time,1779126913.717647,0.000023369
experiment_name,1aea548a-df8a-41eb-983a-8bf12546a449,function_transfer_time,1779126913.818997,0.00007459
experiment_name,1aea548a-df8a-41eb-983a-8bf12546a449,function_transfer_time,1779126913.9192524,0.000024267
experiment_name,1aea548a-df8a-41eb-983a-8bf12546a449,function_transfer_time,1779126914.0206468,0.000082164
experiment_name,1aea548a-df8a-41eb-983a-8bf12546a449,function_transfer_time,1779126914.1218956,0.000018407
experiment_name,1aea548a-df8a-41eb-983a-8bf12546a449,function_transfer_time,1779126914.2231767,0.000024915
experiment_name,1aea548a-df8a-41eb-983a-8bf12546a449,function_transfer_time,1779126914.3244162,0.000022296
experiment_name,1aea548a-df8a-41eb-983a-8bf12546a449,function_transfer_time,1779126914.4257462,0.000076858
experiment_name,1aea548a-df8a-41eb-983a-8bf12546a449,function_transfer_time,1779126914.5271444,0.000088168
experiment_name,c2f2d599-a82c-48a4-bd67-f9b46d907ad1,function_transfer_time,1779126910.8086693,0.007720813
experiment_name,c2f2d599-a82c-48a4-bd67-f9b46d907ad1,function_transfer_time,1779126910.8196607,0.013839428
experiment_name,c2f2d599-a82c-48a4-bd67-f9b46d907ad1,function_transfer_time,1779126910.8315525,0.021626624
experiment_name,c2f2d599-a82c-48a4-bd67-f9b46d907ad1,function_transfer_time,1779126910.8326316,0.015476897
experiment_name,c2f2d599-a82c-48a4-bd67-f9b46d907ad1,function_transfer_time,1779126910.8431582,0.030580563
experiment_name,c2f2d599-a82c-48a4-bd67-f9b46d907ad1,function_transfer_time,1779126910.8549418,0.031724925
experiment_name,c2f2d599-a82c-48a4-bd67-f9b46d907ad1,function_transfer_time,1779126910.856007,0.030924568
experiment_name,c2f2d599-a82c-48a4-bd67-f9b46d907ad1,function_transfer_time,1779126910.8653991,0.035792054
experiment_name,c2f2d599-a82c-48a4-bd67-f9b46d907ad1,function_transfer_time,1779126910.873437,0.037863203
experiment_name,c2f2d599-a82c-48a4-bd67-f9b46d907ad1,function_transfer_time,1779126910.875477,0.043205786
experiment_name,c2f2d599-a82c-48a4-bd67-f9b46d907ad1,function_transfer_time,1779126910.8855398,0.05082811
experiment_name,c2f2d599-a82c-48a4-bd67-f9b46d907ad1,function_transfer_time,1779126910.8896298,0.057625915
experiment_name,c2f2d599-a82c-48a4-bd67-f9b46d907ad1,function_transfer_time,1779126910.8955717,0.055181383
experiment_name,c2f2d599-a82c-48a4-bd67-f9b46d907ad1,function_transfer_time,1779126910.9003897,0.058008122
experiment_name,c2f2d599-a82c-48a4-bd67-f9b46d907ad1,function_transfer_time,1779126910.9057133,0.067649091
experiment_name,c2f2d599-a82c-48a4-bd67-f9b46d907ad1,function_transfer_time,1779126910.9114327,0.063177984
experiment_name,c2f2d599-a82c-48a4-bd67-f9b46d907ad1,function_transfer_time,1779126910.9122398,0.000810412
experiment_name,c2f2d599-a82c-48a4-bd67-f9b46d907ad1,function_transfer_time,1779126910.9157686,0.072083112
experiment_name,c2f2d599-a82c-48a4-bd67-f9b46d907ad1,function_transfer_time,1779126910.9217875,0.000145404
experiment_name,c2f2d599-a82c-48a4-bd67-f9b46d907ad1,function_transfer_time,1779126910.924839,0.073260363
experiment_name,c2f2d599-a82c-48a4-bd67-f9b46d907ad1,function_transfer_time,1779126910.925979,0.081159732
experiment_name,c2f2d599-a82c-48a4-bd67-f9b46d907ad1,function_transfer_time,1779126910.9327328,0.07914822
experiment_name,c2f2d599-a82c-48a4-bd67-f9b46d907ad1,function_transfer_time,1779126910.9336839,0.000299099
experiment_name,c2f2d599-a82c-48a4-bd67-f9b46d907ad1,function_transfer_time,1779126910.935611,0.001364203
experiment_name,c2f2d599-a82c-48a4-bd67-f9b46d907ad1,function_transfer_time,1779126910.9393084,0.092493075
experiment_name,c2f2d599-a82c-48a4-bd67-f9b46d907ad1,function_transfer_time,1779126910.9432197,0.084413558
experiment_name,c2f2d599-a82c-48a4-bd67-f9b46d907ad1,function_transfer_time,1779126910.944639,0.000488639
experiment_name,c2f2d599-a82c-48a4-bd67-f9b46d907ad1,function_transfer_time,1779126910.946329,0.097418811
experiment_name,c2f2d599-a82c-48a4-bd67-f9b46d907ad1,function_transfer_time,1779126910.9538813,0.086134503
experiment_name,c2f2d599-a82c-48a4-bd67-f9b46d907ad1,function_transfer_time,1779126910.9563854,0.000192279
experiment_name,c2f2d599-a82c-48a4-bd67-f9b46d907ad1,function_transfer_time,1779126910.95818,0.113194964
experiment_name,c2f2d599-a82c-48a4-bd67-f9b46d907ad1,function_transfer_time,1779126910.9589493,0.001426531
experiment_name,c2f2d599-a82c-48a4-bd67-f9b46d907ad1,function_transfer_time,1779126910.9643118,0.09309643
experiment_name,c2f2d599-a82c-48a4-bd67-f9b46d907ad1,function_transfer_time,1779126910.967334,0.000169441
experiment_name,c2f2d599-a82c-48a4-bd67-f9b46d907ad1,function_transfer_time,1779126910.9756155,0.102449916
experiment_name,c2f2d599-a82c-48a4-bd67-f9b46d907ad1,function_transfer_time,1779126910.9763398,0.000735382
experiment_name,c2f2d599-a82c-48a4-bd67-f9b46d907ad1,function_transfer_time,1779126910.9801726,0.002565456
experiment_name,c2f2d599-a82c-48a4-bd67-f9b46d907ad1,function_transfer_time,1779126910.9861567,0.105533845
experiment_name,c2f2d599-a82c-48a4-bd67-f9b46d907ad1,function_transfer_time,1779126910.9875834,0.000372184
experiment_name,c2f2d599-a82c-48a4-bd67-f9b46d907ad1,function_transfer_time,1779126910.9916065,0.000138387
experiment_name,c2f2d599-a82c-48a4-bd67-f9b46d907ad1,function_transfer_time,1779126910.996842,0.121187172
experiment_name,c2f2d599-a82c-48a4-bd67-f9b46d907ad1,function_transfer_time,1779126910.9983823,0.000482178
experiment_name,c2f2d599-a82c-48a4-bd67-f9b46d907ad1,function_transfer_time,1779126911.003516,0.001240732
experiment_name,c2f2d599-a82c-48a4-bd67-f9b46d907ad1,function_transfer_time,1779126911.0078607,0.000491528
experiment_name,c2f2d599-a82c-48a4-bd67-f9b46d907ad1,function_transfer_time,1779126911.0092256,0.129201431
experiment_name,c2f2d599-a82c-48a4-bd67-f9b46d907ad1,function_transfer_time,1779126911.014294,0.000184057
experiment_name,c2f2d599-a82c-48a4-bd67-f9b46d907ad1,function_transfer_time,1779126911.0175056,0.000180404
experiment_name,c2f2d599-a82c-48a4-bd67-f9b46d907ad1,function_transfer_time,1779126911.0271897,0.000704674
experiment_name,c2f2d599-a82c-48a4-bd67-f9b46d907ad1,function_transfer_time,1779126911.0284579,0.001193473
experiment_name,c2f2d599-a82c-48a4-bd67-f9b46d907ad1,function_transfer_time,1779126911.0349185,0.00018744
experiment_name,c2f2d599-a82c-48a4-bd67-f9b46d907ad1,function_transfer_time,1779126911.0423706,0.000181079
experiment_name,c2f2d599-a82c-48a4-bd67-f9b46d907ad1,function_transfer_time,1779126911.0460024,0.00017375
experiment_name,c2f2d599-a82c-48a4-bd67-f9b46d907ad1,function_transfer_time,1779126911.0482361,0.000817611
experiment_name,c2f2d599-a82c-48a4-bd67-f9b46d907ad1,function_transfer_time,1779126911.0568101,0.001276181
experiment_name,c2f2d599-a82c-48a4-bd67-f9b46d907ad1,function_transfer_time,1779126911.0600154,0.000193461
experiment_name,c2f2d599-a82c-48a4-bd67-f9b46d907ad1,function_transfer_time,1779126911.0669346,0.000493908
experiment_name,c2f2d599-a82c-48a4-bd67-f9b46d907ad1,function_transfer_time,1779126911.0775836,0.000205202
experiment_name,c2f2d599-a82c-48a4-bd67-f9b46d907ad1,function_transfer_time,1779126911.0892954,0.000192709
experiment_name,c2f2d599-a82c-48a4-bd67-f9b46d907ad1,function_transfer_time,1779126911.09994,0.000185985
experiment_name,c2f2d599-a82c-48a4-bd67-f9b46d907ad1,function_transfer_time,1779126911.1131444,0.001270656
experiment_name,28f01e00-0e1c-4141-a7fd-ad9b217eb277,function_instantiate_time,1779126910.8277204,0.417077951
experiment_name,f9d71239-c9ac-407a-b454-7ab6a5758ad7,function_instantiate_time,1779126910.8177326,0.397924518
experiment_name,2904e5ac-2a84-45c4-a1ee-e3c166d09ba3,function_instantiate_time,1779126910.8333447,0.452151571
experiment_name,0a58b75d-93ee-4ee8-bc55-33fc5a5b7178,function_instantiate_time,1779126910.8212547,0.41457597
experiment_name,6885e3df-7d26-4d5d-a090-d61d0748bc54,function_instantiate_time,1779126910.8399034,0.423876758
experiment_name,8e84c2bf-b5a4-49a8-8f40-2f8f35e70b2c,function_instantiate_time,1779126910.8333538,0.430685715
experiment_name,595296a3-534a-4d38-be9a-927971d8e670,function_instantiate_time,1779126910.799855,0.352270526
experiment_name,f2f71871-924e-434b-9da9-1c0d92581383,function_instantiate_time,1779126910.8304622,0.409200302
experiment_name,68c77e91-a7d7-44c6-88cd-c6f27a711634,function_instantiate_time,1779126910.8305762,0.444083698
experiment_name,3c4057c4-5d3f-4d59-bd7a-29d070f64139,function_instantiate_time,1779126910.8334687,0.438764105
experiment_name,135cad84-36fe-45c1-b522-9d2cfe6ce357,function_instantiate_time,1779126910.8112946,0.386979403
experiment_name,be5a4cc7-968a-465a-86ff-d1bb89906408,function_instantiate_time,1779126910.8311048,0.427204522
experiment_name,f8aa3b0f-b3bb-45ba-a268-d3e0fed24100,function_instantiate_time,1779126910.8333514,0.459122028
experiment_name,10016621-b711-4b46-a8a4-9c2c0f715ee6,function_instantiate_time,1779126910.8046358,0.365248767
experiment_name,0aef0240-2d84-4248-9ff0-a4f9d1654215,function_instantiate_time,1779126910.8086393,0.373770976
experiment_name,10016621-b711-4b46-a8a4-9c2c0f715ee6,function_init_time,1779126910.8048675,0.00026115
experiment_name,0aef0240-2d84-4248-9ff0-a4f9d1654215,function_init_time,1779126910.8086443,0.000273372
experiment_name,2904e5ac-2a84-45c4-a1ee-e3c166d09ba3,function_init_time,1779126910.846501,0.013147334
experiment_name,3c4057c4-5d3f-4d59-bd7a-29d070f64139,function_init_time,1779126910.833754,0.00028439
experiment_name,68c77e91-a7d7-44c6-88cd-c6f27a711634,function_init_time,1779126910.840288,0.009509827
experiment_name,f2f71871-924e-434b-9da9-1c0d92581383,function_init_time,1779126910.8365524,0.006069192
experiment_name,0a58b75d-93ee-4ee8-bc55-33fc5a5b7178,function_init_time,1779126910.8231835,0.000647764
experiment_name,595296a3-534a-4d38-be9a-927971d8e670,function_init_time,1779126910.8000715,0.000238816
experiment_name,28f01e00-0e1c-4141-a7fd-ad9b217eb277,function_init_time,1779126910.8277304,0.000347039
experiment_name,be5a4cc7-968a-465a-86ff-d1bb89906408,function_init_time,1779126910.8365483,0.005309557
experiment_name,6885e3df-7d26-4d5d-a090-d61d0748bc54,function_init_time,1779126910.8399231,0.000997525
experiment_name,135cad84-36fe-45c1-b522-9d2cfe6ce357,function_init_time,1779126910.8115203,0.000258576
experiment_name,f8aa3b0f-b3bb-45ba-a268-d3e0fed24100,function_init_time,1779126910.8333633,0.000275539
experiment_name,8e84c2bf-b5a4-49a8-8f40-2f8f35e70b2c,function_init_time,1779126910.838607,0.005536688
experiment_name,f9d71239-c9ac-407a-b454-7ab6a5758ad7,function_init_time,1779126910.8177404,0.00048017
experiment_name,f2f71871-924e-434b-9da9-1c0d92581383,function_execution_time,1779126910.919343,0.081169411
experiment_name,f2f71871-924e-434b-9da9-1c0d92581383,function_execution_time,1779126911.0218165,0.000271057
experiment_name,f9d71239-c9ac-407a-b454-7ab6a5758ad7,function_execution_time,1779126910.8587496,0.040750216
experiment_name,f9d71239-c9ac-407a-b454-7ab6a5758ad7,function_execution_time,1779126910.9614067,0.000272798
experiment_name,f8aa3b0f-b3bb-45ba-a268-d3e0fed24100,function_execution_time,1779126910.9093206,0.074238269
experiment_name,f8aa3b0f-b3bb-45ba-a268-d3e0fed24100,function_execution_time,1779126911.0125976,0.000270206
experiment_name,3c4057c4-5d3f-4d59-bd7a-29d070f64139,function_execution_time,1779126910.8891182,0.055322375
experiment_name,3c4057c4-5d3f-4d59-bd7a-29d070f64139,function_execution_time,1779126910.9920197,0.000270558
experiment_name,be5a4cc7-968a-465a-86ff-d1bb89906408,function_execution_time,1779126910.899158,0.060932415
experiment_name,be5a4cc7-968a-465a-86ff-d1bb89906408,function_execution_time,1779126911.0027523,0.000262927
experiment_name,8e84c2bf-b5a4-49a8-8f40-2f8f35e70b2c,function_execution_time,1779126910.960643,0.122023702
experiment_name,8e84c2bf-b5a4-49a8-8f40-2f8f35e70b2c,function_execution_time,1779126911.064811,0.000280095
experiment_name,28f01e00-0e1c-4141-a7fd-ad9b217eb277,function_execution_time,1779126910.879056,0.051148679
experiment_name,28f01e00-0e1c-4141-a7fd-ad9b217eb277,function_execution_time,1779126910.9847898,0.000268076
experiment_name,2904e5ac-2a84-45c4-a1ee-e3c166d09ba3,function_execution_time,1779126910.9501026,0.103375496
experiment_name,2904e5ac-2a84-45c4-a1ee-e3c166d09ba3,function_execution_time,1779126911.052965,0.000291372
experiment_name,10016621-b711-4b46-a8a4-9c2c0f715ee6,function_execution_time,1779126910.8258011,0.020268755
experiment_name,10016621-b711-4b46-a8a4-9c2c0f715ee6,function_execution_time,1779126910.9262612,0.000310835
experiment_name,68c77e91-a7d7-44c6-88cd-c6f27a711634,function_execution_time,1779126910.9397693,0.099388374
experiment_name,68c77e91-a7d7-44c6-88cd-c6f27a711634,function_execution_time,1779126911.0472124,0.000278854
experiment_name,135cad84-36fe-45c1-b522-9d2cfe6ce357,function_execution_time,1779126910.847825,0.035585216
experiment_name,135cad84-36fe-45c1-b522-9d2cfe6ce357,function_execution_time,1779126910.9493043,0.000287576
experiment_name,0a58b75d-93ee-4ee8-bc55-33fc5a5b7178,function_execution_time,1779126910.8689964,0.045538343
experiment_name,0a58b75d-93ee-4ee8-bc55-33fc5a5b7178,function_execution_time,1779126910.971691,0.000262576
experiment_name,6885e3df-7d26-4d5d-a090-d61d0748bc54,function_execution_time,1779126910.9292784,0.089263043
experiment_name,6885e3df-7d26-4d5d-a090-d61d0748bc54,function_execution_time,1779126911.033132,0.000269021
experiment_name,595296a3-534a-4d38-be9a-927971d8e670,function_execution_time,1779126910.8124657,0.012337458
experiment_name,595296a3-534a-4d38-be9a-927971d8e670,function_execution_time,1779126910.9170256,0.000297835
experiment_name,0aef0240-2d84-4248-9ff0-a4f9d1654215,function_execution_time,1779126910.8384628,0.029742582
experiment_name,0aef0240-2d84-4248-9ff0-a4f9d1654215,function_execution_time,1779126910.938299,0.000283817
experiment_name,0a58b75d-93ee-4ee8-bc55-33fc5a5b7178,function_transfer_time,1779126910.8238418,0.001545714
experiment_name,0a58b75d-93ee-4ee8-bc55-33fc5a5b7178,function_transfer_time,1779126910.9716861,0.003583163
experiment_name,f9d71239-c9ac-407a-b454-7ab6a5758ad7,function_transfer_time,1779126910.8178294,0.000402984
experiment_name,f9d71239-c9ac-407a-b454-7ab6a5758ad7,function_transfer_time,1779126910.9611635,0.003582294
experiment_name,10016621-b711-4b46-a8a4-9c2c0f715ee6,function_transfer_time,1779126910.8048697,0.000033315
experiment_name,10016621-b711-4b46-a8a4-9c2c0f715ee6,function_transfer_time,1779126910.9259517,0.003600204
experiment_name,3c4057c4-5d3f-4d59-bd7a-29d070f64139,function_transfer_time,1779126910.833758,0.000021797
experiment_name,3c4057c4-5d3f-4d59-bd7a-29d070f64139,function_transfer_time,1779126910.992015,0.003551744
experiment_name,28f01e00-0e1c-4141-a7fd-ad9b217eb277,function_transfer_time,1779126910.8278942,0.000526393
experiment_name,28f01e00-0e1c-4141-a7fd-ad9b217eb277,function_transfer_time,1779126910.9845228,0.003544472
experiment_name,595296a3-534a-4d38-be9a-927971d8e670,function_transfer_time,1779126910.800074,0.00003074
experiment_name,595296a3-534a-4d38-be9a-927971d8e670,function_transfer_time,1779126910.9167228,0.003618189
experiment_name,0aef0240-2d84-4248-9ff0-a4f9d1654215,function_transfer_time,1779126910.8090942,0.000098037
experiment_name,0aef0240-2d84-4248-9ff0-a4f9d1654215,function_transfer_time,1779126910.9379914,0.003611124
experiment_name,f8aa3b0f-b3bb-45ba-a268-d3e0fed24100,function_transfer_time,1779126910.8350449,0.00174505
experiment_name,f8aa3b0f-b3bb-45ba-a268-d3e0fed24100,function_transfer_time,1779126911.0123248,0.003564217
experiment_name,8e84c2bf-b5a4-49a8-8f40-2f8f35e70b2c,function_transfer_time,1779126910.8386133,0.002183034
experiment_name,8e84c2bf-b5a4-49a8-8f40-2f8f35e70b2c,function_transfer_time,1779126911.0648065,0.003576626
experiment_name,2904e5ac-2a84-45c4-a1ee-e3c166d09ba3,function_transfer_time,1779126910.8465126,0.000106445
experiment_name,2904e5ac-2a84-45c4-a1ee-e3c166d09ba3,function_transfer_time,1779126911.0526693,0.003541482
experiment_name,be5a4cc7-968a-465a-86ff-d1bb89906408,function_transfer_time,1779126910.8382463,0.001878532
experiment_name,be5a4cc7-968a-465a-86ff-d1bb89906408,function_transfer_time,1779126911.0025182,0.003550674
experiment_name,135cad84-36fe-45c1-b522-9d2cfe6ce357,function_transfer_time,1779126910.8115232,0.000028296
experiment_name,135cad84-36fe-45c1-b522-9d2cfe6ce357,function_transfer_time,1779126910.9490175,0.003583777
experiment_name,f2f71871-924e-434b-9da9-1c0d92581383,function_transfer_time,1779126910.8382428,0.001740734
experiment_name,f2f71871-924e-434b-9da9-1c0d92581383,function_transfer_time,1779126911.021566,0.003527073
experiment_name,68c77e91-a7d7-44c6-88cd-c6f27a711634,function_transfer_time,1779126910.8403466,0.000359169
experiment_name,68c77e91-a7d7-44c6-88cd-c6f27a711634,function_transfer_time,1779126911.0472074,0.003571601
experiment_name,6885e3df-7d26-4d5d-a090-d61d0748bc54,function_transfer_time,1779126910.840277,0.000271836
experiment_name,6885e3df-7d26-4d5d-a090-d61d0748bc54,function_transfer_time,1779126911.0328617,0.003579648
experiment_name,1aea548a-df8a-41eb-983a-8bf12546a449,function_execution_time,1779126914.6286519,0.000098711
experiment_name,1aea548a-df8a-41eb-983a-8bf12546a449,function_execution_time,1779126914.730054,0.000111359
experiment_name,1aea548a-df8a-41eb-983a-8bf12546a449,function_execution_time,1779126914.8311806,0.00013091
experiment_name,1aea548a-df8a-41eb-983a-8bf12546a449,function_execution_time,1779126914.9322937,0.000119716
experiment_name,1aea548a-df8a-41eb-983a-8bf12546a449,function_execution_time,1779126915.0335684,0.000089506
experiment_name,1aea548a-df8a-41eb-983a-8bf12546a449,function_execution_time,1779126915.1348157,0.000096453
experiment_name,1aea548a-df8a-41eb-983a-8bf12546a449,function_execution_time,1779126915.23614,0.000086641
experiment_name,1aea548a-df8a-41eb-983a-8bf12546a449,function_execution_time,1779126915.3375447,0.000071381
experiment_name,1aea548a-df8a-41eb-983a-8bf12546a449,function_execution_time,1779126915.4389627,0.000140535
experiment_name,1aea548a-df8a-41eb-983a-8bf12546a449,function_execution_time,1779126915.5402906,0.000090338
experiment_name,1aea548a-df8a-41eb-983a-8bf12546a449,function_execution_time,1779126915.6415656,0.00008799
experiment_name,1aea548a-df8a-41eb-983a-8bf12546a449,function_execution_time,1779126915.7430108,0.000086161
experiment_name,1aea548a-df8a-41eb-983a-8bf12546a449,function_execution_time,1779126915.844325,0.000090222
experiment_name,1aea548a-df8a-41eb-983a-8bf12546a449,function_execution_time,1779126915.9455838,0.000072995
experiment_name,1aea548a-df8a-41eb-983a-8bf12546a449,function_execution_time,1779126916.0468907,0.000071477
experiment_name,1aea548a-df8a-41eb-983a-8bf12546a449,function_execution_time,1779126916.1482174,0.000073706
experiment_name,1aea548a-df8a-41eb-983a-8bf12546a449,function_execution_time,1779126916.2495244,0.000092579
experiment_name,1aea548a-df8a-41eb-983a-8bf12546a449,function_execution_time,1779126916.3508465,0.000072755
experiment_name,1aea548a-df8a-41eb-983a-8bf12546a449,function_execution_time,1779126916.4522822,0.000166601
experiment_name,1aea548a-df8a-41eb-983a-8bf12546a449,function_execution_time,1779126916.553567,0.000081805
experiment_name,1aea548a-df8a-41eb-983a-8bf12546a449,function_execution_time,1779126916.655062,0.000072238
experiment_name,1aea548a-df8a-41eb-983a-8bf12546a449,function_execution_time,1779126916.756375,0.000071427
experiment_name,1aea548a-df8a-41eb-983a-8bf12546a449,function_execution_time,1779126916.8577032,0.000069759
experiment_name,1aea548a-df8a-41eb-983a-8bf12546a449,function_execution_time,1779126916.9591043,0.000092437
experiment_name,1aea548a-df8a-41eb-983a-8bf12546a449,function_execution_time,1779126917.0603447,0.000073152
experiment_name,1aea548a-df8a-41eb-983a-8bf12546a449,function_execution_time,1779126917.1617196,0.000083049
experiment_name,1aea548a-df8a-41eb-983a-8bf12546a449,function_execution_time,1779126917.2629852,0.000078093
experiment_name,1aea548a-df8a-41eb-983a-8bf12546a449,function_execution_time,1779126917.3643303,0.000082388
experiment_name,1aea548a-df8a-41eb-983a-8bf12546a449,function_execution_time,1779126917.4656355,0.000122408
experiment_name,1aea548a-df8a-41eb-983a-8bf12546a449,function_execution_time,1779126917.5669765,0.000088712
experiment_name,1aea548a-df8a-41eb-983a-8bf12546a449,function_execution_time,1779126917.6682258,0.000073494
experiment_name,1aea548a-df8a-41eb-983a-8bf12546a449,function_execution_time,1779126917.769628,0.000073736
experiment_name,1aea548a-df8a-41eb-983a-8bf12546a449,function_execution_time,1779126917.870975,0.000072042
experiment_name,1aea548a-df8a-41eb-983a-8bf12546a449,function_execution_time,1779126917.9723482,0.00008891
experiment_name,1aea548a-df8a-41eb-983a-8bf12546a449,function_execution_time,1779126918.0735955,0.000069663
experiment_name,1aea548a-df8a-41eb-983a-8bf12546a449,function_execution_time,1779126918.1748912,0.000072179
experiment_name,1aea548a-df8a-41eb-983a-8bf12546a449,function_execution_time,1779126918.2762082,0.00008241
experiment_name,1aea548a-df8a-41eb-983a-8bf12546a449,function_execution_time,1779126918.3774958,0.000085885
experiment_name,1aea548a-df8a-41eb-983a-8bf12546a449,function_execution_time,1779126918.4788911,0.000141029
experiment_name,1aea548a-df8a-41eb-983a-8bf12546a449,function_execution_time,1779126918.5801444,0.000074418
experiment_name,1aea548a-df8a-41eb-983a-8bf12546a449,function_execution_time,1779126918.6814394,0.00008075
experiment_name,1aea548a-df8a-41eb-983a-8bf12546a449,function_execution_time,1779126918.782695,0.000075598
experiment_name,1aea548a-df8a-41eb-983a-8bf12546a449,function_execution_time,1779126918.8840146,0.000074105
experiment_name,1aea548a-df8a-41eb-983a-8bf12546a449,function_execution_time,1779126918.9845548,0.0001037
experiment_name,1aea548a-df8a-41eb-983a-8bf12546a449,function_execution_time,1779126919.0858119,0.000071536
experiment_name,1aea548a-df8a-41eb-983a-8bf12546a449,function_execution_time,1779126919.1871724,0.000085088
experiment_name,1aea548a-df8a-41eb-983a-8bf12546a449,function_execution_time,1779126919.2874525,0.00008381
experiment_name,1aea548a-df8a-41eb-983a-8bf12546a449,function_execution_time,1779126919.3888695,0.000090766
experiment_name,1aea548a-df8a-41eb-983a-8bf12546a449,function_execution_time,1779126919.4901845,0.000141446
experiment_name,1aea548a-df8a-41eb-983a-8bf12546a449,function_execution_time,1779126919.5915635,0.000088754
experiment_name,550b0825-437e-4d72-9d88-d41bc63734d2,function_execution_time,1779126914.6287422,0.000092132
experiment_name,550b0825-437e-4d72-9d88-d41bc63734d2,function_execution_time,1779126914.7301133,0.000063077
experiment_name,550b0825-437e-4d72-9d88-d41bc63734d2,function_execution_time,1779126914.8312557,0.000062968
experiment_name,550b0825-437e-4d72-9d88-d41bc63734d2,function_execution_time,1779126914.9323592,0.000056575
experiment_name,550b0825-437e-4d72-9d88-d41bc63734d2,function_execution_time,1779126915.0336447,0.00005659
experiment_name,550b0825-437e-4d72-9d88-d41bc63734d2,function_execution_time,1779126915.1349716,0.000082778
experiment_name,550b0825-437e-4d72-9d88-d41bc63734d2,function_execution_time,1779126915.2362359,0.000059501
experiment_name,550b0825-437e-4d72-9d88-d41bc63734d2,function_execution_time,1779126915.3376386,0.000057469
experiment_name,550b0825-437e-4d72-9d88-d41bc63734d2,function_execution_time,1779126915.4390192,0.000061519
experiment_name,550b0825-437e-4d72-9d88-d41bc63734d2,function_execution_time,1779126915.5403156,0.000071724
experiment_name,550b0825-437e-4d72-9d88-d41bc63734d2,function_execution_time,1779126915.6416297,0.00006326
experiment_name,550b0825-437e-4d72-9d88-d41bc63734d2,function_execution_time,1779126915.74304,0.000069556
experiment_name,550b0825-437e-4d72-9d88-d41bc63734d2,function_execution_time,1779126915.844332,0.000061508
experiment_name,550b0825-437e-4d72-9d88-d41bc63734d2,function_execution_time,1779126915.9456868,0.00007114
experiment_name,550b0825-437e-4d72-9d88-d41bc63734d2,function_execution_time,1779126916.046983,0.000068047
experiment_name,550b0825-437e-4d72-9d88-d41bc63734d2,function_execution_time,1779126916.1483128,0.000062052
experiment_name,550b0825-437e-4d72-9d88-d41bc63734d2,function_execution_time,1779126916.2496145,0.000054714
experiment_name,550b0825-437e-4d72-9d88-d41bc63734d2,function_execution_time,1779126916.3510144,0.00006144
experiment_name,550b0825-437e-4d72-9d88-d41bc63734d2,function_execution_time,1779126916.4523497,0.000061472
experiment_name,550b0825-437e-4d72-9d88-d41bc63734d2,function_execution_time,1779126916.553717,0.000069525
experiment_name,550b0825-437e-4d72-9d88-d41bc63734d2,function_execution_time,1779126916.6551468,0.000061305
experiment_name,550b0825-437e-4d72-9d88-d41bc63734d2,function_execution_time,1779126916.7565265,0.000055276
experiment_name,550b0825-437e-4d72-9d88-d41bc63734d2,function_execution_time,1779126916.857854,0.000057077
experiment_name,550b0825-437e-4d72-9d88-d41bc63734d2,function_execution_time,1779126916.9591835,0.000063526
experiment_name,550b0825-437e-4d72-9d88-d41bc63734d2,function_execution_time,1779126917.0604506,0.000073727
experiment_name,550b0825-437e-4d72-9d88-d41bc63734d2,function_execution_time,1779126917.1618073,0.000072497
experiment_name,550b0825-437e-4d72-9d88-d41bc63734d2,function_execution_time,1779126917.2630913,0.000064571
experiment_name,550b0825-437e-4d72-9d88-d41bc63734d2,function_execution_time,1779126917.3643909,0.000060757
experiment_name,550b0825-437e-4d72-9d88-d41bc63734d2,function_execution_time,1779126917.4657013,0.000067384
experiment_name,550b0825-437e-4d72-9d88-d41bc63734d2,function_execution_time,1779126917.566995,0.00006635
experiment_name,550b0825-437e-4d72-9d88-d41bc63734d2,function_execution_time,1779126917.6683214,0.000064631
experiment_name,550b0825-437e-4d72-9d88-d41bc63734d2,function_execution_time,1779126917.7697878,0.000059007
experiment_name,550b0825-437e-4d72-9d88-d41bc63734d2,function_execution_time,1779126917.8710773,0.000071866
experiment_name,550b0825-437e-4d72-9d88-d41bc63734d2,function_execution_time,1779126917.97242,0.000056616
experiment_name,550b0825-437e-4d72-9d88-d41bc63734d2,function_execution_time,1779126918.0737019,0.00007265
experiment_name,550b0825-437e-4d72-9d88-d41bc63734d2,function_execution_time,1779126918.174998,0.000074278
experiment_name,550b0825-437e-4d72-9d88-d41bc63734d2,function_execution_time,1779126918.2763135,0.000072706
experiment_name,550b0825-437e-4d72-9d88-d41bc63734d2,function_execution_time,1779126918.3776495,0.00005886
experiment_name,550b0825-437e-4d72-9d88-d41bc63734d2,function_execution_time,1779126918.478954,0.000055954
experiment_name,550b0825-437e-4d72-9d88-d41bc63734d2,function_execution_time,1779126918.580302,0.000059707
experiment_name,550b0825-437e-4d72-9d88-d41bc63734d2,function_execution_time,1779126918.6816018,0.000057024
experiment_name,550b0825-437e-4d72-9d88-d41bc63734d2,function_execution_time,1779126918.7828064,0.000079265
experiment_name,550b0825-437e-4d72-9d88-d41bc63734d2,function_execution_time,1779126918.8841667,0.00005861
experiment_name,550b0825-437e-4d72-9d88-d41bc63734d2,function_execution_time,1779126918.984586,0.000070146
experiment_name,550b0825-437e-4d72-9d88-d41bc63734d2,function_execution_time,1779126919.0859735,0.000057811
experiment_name,550b0825-437e-4d72-9d88-d41bc63734d2,function_execution_time,1779126919.1873167,0.000082977
experiment_name,550b0825-437e-4d72-9d88-d41bc63734d2,function_execution_time,1779126919.2876208,0.000060649
experiment_name,550b0825-437e-4d72-9d88-d41bc63734d2,function_execution_time,1779126919.3888898,0.000068078
experiment_name,550b0825-437e-4d72-9d88-d41bc63734d2,function_execution_time,1779126919.4902432,0.000060074
experiment_name,550b0825-437e-4d72-9d88-d41bc63734d2,function_execution_time,1779126919.591595,0.000076794
experiment_name,1aea548a-df8a-41eb-983a-8bf12546a449,function_transfer_time,1779126914.628545,0.00001926
experiment_name,1aea548a-df8a-41eb-983a-8bf12546a449,function_transfer_time,1779126914.729931,0.00009393
experiment_name,1aea548a-df8a-41eb-983a-8bf12546a449,function_transfer_time,1779126914.830991,0.000100997
experiment_name,1aea548a-df8a-41eb-983a-8bf12546a449,function_transfer_time,1779126914.9321198,0.00009613
experiment_name,1aea548a-df8a-41eb-983a-8bf12546a449,function_transfer_time,1779126915.0334165,0.000078083
experiment_name,1aea548a-df8a-41eb-983a-8bf12546a449,function_transfer_time,1779126915.1347106,0.000036285
experiment_name,1aea548a-df8a-41eb-983a-8bf12546a449,function_transfer_time,1779126915.2361245,0.000084189
experiment_name,1aea548a-df8a-41eb-983a-8bf12546a449,function_transfer_time,1779126915.3374665,0.000084173
experiment_name,1aea548a-df8a-41eb-983a-8bf12546a449,function_transfer_time,1779126915.4388041,0.000081104
experiment_name,1aea548a-df8a-41eb-983a-8bf12546a449,function_transfer_time,1779126915.5401492,0.000082222
experiment_name,1aea548a-df8a-41eb-983a-8bf12546a449,function_transfer_time,1779126915.6414614,0.000090148
experiment_name,1aea548a-df8a-41eb-983a-8bf12546a449,function_transfer_time,1779126915.7428582,0.000089923
experiment_name,1aea548a-df8a-41eb-983a-8bf12546a449,function_transfer_time,1779126915.8441703,0.000078948
experiment_name,1aea548a-df8a-41eb-983a-8bf12546a449,function_transfer_time,1779126915.9455056,0.000078179
experiment_name,1aea548a-df8a-41eb-983a-8bf12546a449,function_transfer_time,1779126916.046811,0.0000816
experiment_name,1aea548a-df8a-41eb-983a-8bf12546a449,function_transfer_time,1779126916.1481369,0.000075725
experiment_name,1aea548a-df8a-41eb-983a-8bf12546a449,function_transfer_time,1779126916.2494373,0.000087454
experiment_name,1aea548a-df8a-41eb-983a-8bf12546a449,function_transfer_time,1779126916.350769,0.000085642
experiment_name,1aea548a-df8a-41eb-983a-8bf12546a449,function_transfer_time,1779126916.4521663,0.000078284
experiment_name,1aea548a-df8a-41eb-983a-8bf12546a449,function_transfer_time,1779126916.553482,0.000082643
experiment_name,1aea548a-df8a-41eb-983a-8bf12546a449,function_transfer_time,1779126916.6549833,0.000085317
experiment_name,1aea548a-df8a-41eb-983a-8bf12546a449,function_transfer_time,1779126916.756298,0.000081964
experiment_name,1aea548a-df8a-41eb-983a-8bf12546a449,function_transfer_time,1779126916.8576229,0.000080538
experiment_name,1aea548a-df8a-41eb-983a-8bf12546a449,function_transfer_time,1779126916.9589598,0.000077539
experiment_name,1aea548a-df8a-41eb-983a-8bf12546a449,function_transfer_time,1779126917.0602655,0.000076932
experiment_name,1aea548a-df8a-41eb-983a-8bf12546a449,function_transfer_time,1779126917.161632,0.00009656
experiment_name,1aea548a-df8a-41eb-983a-8bf12546a449,function_transfer_time,1779126917.2629082,0.000075475
experiment_name,1aea548a-df8a-41eb-983a-8bf12546a449,function_transfer_time,1779126917.3642354,0.000078951
experiment_name,1aea548a-df8a-41eb-983a-8bf12546a449,function_transfer_time,1779126917.4654984,0.000080374
experiment_name,1aea548a-df8a-41eb-983a-8bf12546a449,function_transfer_time,1779126917.5668359,0.000081375
experiment_name,1aea548a-df8a-41eb-983a-8bf12546a449,function_transfer_time,1779126917.6682136,0.000079525
experiment_name,1aea548a-df8a-41eb-983a-8bf12546a449,function_transfer_time,1779126917.7695506,0.000078468
experiment_name,1aea548a-df8a-41eb-983a-8bf12546a449,function_transfer_time,1779126917.8708968,0.00008328
experiment_name,1aea548a-df8a-41eb-983a-8bf12546a449,function_transfer_time,1779126917.972202,0.000077858
experiment_name,1aea548a-df8a-41eb-983a-8bf12546a449,function_transfer_time,1779126918.0735166,0.000084632
experiment_name,1aea548a-df8a-41eb-983a-8bf12546a449,function_transfer_time,1779126918.1748104,0.000022849
experiment_name,1aea548a-df8a-41eb-983a-8bf12546a449,function_transfer_time,1779126918.2761283,0.000077041
experiment_name,1aea548a-df8a-41eb-983a-8bf12546a449,function_transfer_time,1779126918.3774126,0.000023407
experiment_name,1aea548a-df8a-41eb-983a-8bf12546a449,function_transfer_time,1779126918.4787412,0.0000897
experiment_name,1aea548a-df8a-41eb-983a-8bf12546a449,function_transfer_time,1779126918.5800638,0.000023222
experiment_name,1aea548a-df8a-41eb-983a-8bf12546a449,function_transfer_time,1779126918.6813502,0.000075551
experiment_name,1aea548a-df8a-41eb-983a-8bf12546a449,function_transfer_time,1779126918.7826207,0.000023868
experiment_name,1aea548a-df8a-41eb-983a-8bf12546a449,function_transfer_time,1779126918.8840027,0.000074643
experiment_name,1aea548a-df8a-41eb-983a-8bf12546a449,function_transfer_time,1779126918.9843974,0.000082335
experiment_name,1aea548a-df8a-41eb-983a-8bf12546a449,function_transfer_time,1779126919.0857332,0.00008475
experiment_name,1aea548a-df8a-41eb-983a-8bf12546a449,function_transfer_time,1779126919.1870482,0.000082477
experiment_name,1aea548a-df8a-41eb-983a-8bf12546a449,function_transfer_time,1779126919.2873633,0.000082112
experiment_name,1aea548a-df8a-41eb-983a-8bf12546a449,function_transfer_time,1779126919.3887188,0.000079936
experiment_name,1aea548a-df8a-41eb-983a-8bf12546a449,function_transfer_time,1779126919.4900255,0.000085385
experiment_name,1aea548a-df8a-41eb-983a-8bf12546a449,function_transfer_time,1779126919.5914023,0.000084336
experiment_name,550b0825-437e-4d72-9d88-d41bc63734d2,function_transfer_time,1779126914.6286466,0.000026505
experiment_name,550b0825-437e-4d72-9d88-d41bc63734d2,function_transfer_time,1779126914.7300494,0.000038648
experiment_name,550b0825-437e-4d72-9d88-d41bc63734d2,function_transfer_time,1779126914.8311846,0.000097877
experiment_name,550b0825-437e-4d72-9d88-d41bc63734d2,function_transfer_time,1779126914.9322987,0.00009553
experiment_name,550b0825-437e-4d72-9d88-d41bc63734d2,function_transfer_time,1779126915.0335743,0.000096685
experiment_name,550b0825-437e-4d72-9d88-d41bc63734d2,function_transfer_time,1779126915.1348782,0.000100977
experiment_name,550b0825-437e-4d72-9d88-d41bc63734d2,function_transfer_time,1779126915.2361722,0.000043254
experiment_name,550b0825-437e-4d72-9d88-d41bc63734d2,function_transfer_time,1779126915.3375778,0.000051954
experiment_name,550b0825-437e-4d72-9d88-d41bc63734d2,function_transfer_time,1779126915.4389567,0.000032876
experiment_name,550b0825-437e-4d72-9d88-d41bc63734d2,function_transfer_time,1779126915.5402853,0.000032897
experiment_name,550b0825-437e-4d72-9d88-d41bc63734d2,function_transfer_time,1779126915.6415613,0.000033516
experiment_name,550b0825-437e-4d72-9d88-d41bc63734d2,function_transfer_time,1779126915.7430143,0.000044672
experiment_name,550b0825-437e-4d72-9d88-d41bc63734d2,function_transfer_time,1779126915.8443289,0.000045725
experiment_name,550b0825-437e-4d72-9d88-d41bc63734d2,function_transfer_time,1779126915.9456553,0.000048755
experiment_name,550b0825-437e-4d72-9d88-d41bc63734d2,function_transfer_time,1779126916.0469787,0.000053173
experiment_name,550b0825-437e-4d72-9d88-d41bc63734d2,function_transfer_time,1779126916.1482923,0.000051997
experiment_name,550b0825-437e-4d72-9d88-d41bc63734d2,function_transfer_time,1779126916.2496078,0.000043496
experiment_name,550b0825-437e-4d72-9d88-d41bc63734d2,function_transfer_time,1779126916.350949,0.000120216
experiment_name,550b0825-437e-4d72-9d88-d41bc63734d2,function_transfer_time,1779126916.4522784,0.000035515
experiment_name,550b0825-437e-4d72-9d88-d41bc63734d2,function_transfer_time,1779126916.5536408,0.000102696
experiment_name,550b0825-437e-4d72-9d88-d41bc63734d2,function_transfer_time,1779126916.655142,0.000050616
experiment_name,550b0825-437e-4d72-9d88-d41bc63734d2,function_transfer_time,1779126916.7564683,0.00010977
experiment_name,550b0825-437e-4d72-9d88-d41bc63734d2,function_transfer_time,1779126916.8577933,0.000109469
experiment_name,550b0825-437e-4d72-9d88-d41bc63734d2,function_transfer_time,1779126916.9591076,0.000085136
experiment_name,550b0825-437e-4d72-9d88-d41bc63734d2,function_transfer_time,1779126917.060415,0.000050735
experiment_name,550b0825-437e-4d72-9d88-d41bc63734d2,function_transfer_time,1779126917.1617224,0.000039919
experiment_name,550b0825-437e-4d72-9d88-d41bc63734d2,function_transfer_time,1779126917.2630234,0.000048115
experiment_name,550b0825-437e-4d72-9d88-d41bc63734d2,function_transfer_time,1779126917.3643267,0.000032858
experiment_name,550b0825-437e-4d72-9d88-d41bc63734d2,function_transfer_time,1779126917.465631,0.000032538
experiment_name,550b0825-437e-4d72-9d88-d41bc63734d2,function_transfer_time,1779126917.5669725,0.000032273
experiment_name,550b0825-437e-4d72-9d88-d41bc63734d2,function_transfer_time,1779126917.6682885,0.000045212
experiment_name,550b0825-437e-4d72-9d88-d41bc63734d2,function_transfer_time,1779126917.7697256,0.000109538
experiment_name,550b0825-437e-4d72-9d88-d41bc63734d2,function_transfer_time,1779126917.8710446,0.000048322
experiment_name,550b0825-437e-4d72-9d88-d41bc63734d2,function_transfer_time,1779126917.9723518,0.000086724
experiment_name,550b0825-437e-4d72-9d88-d41bc63734d2,function_transfer_time,1779126918.0736737,0.000051116
experiment_name,550b0825-437e-4d72-9d88-d41bc63734d2,function_transfer_time,1779126918.1749694,0.000050696
experiment_name,550b0825-437e-4d72-9d88-d41bc63734d2,function_transfer_time,1779126918.276286,0.000050388
experiment_name,550b0825-437e-4d72-9d88-d41bc63734d2,function_transfer_time,1779126918.3775861,0.000100835
experiment_name,550b0825-437e-4d72-9d88-d41bc63734d2,function_transfer_time,1779126918.4788942,0.00003758
experiment_name,550b0825-437e-4d72-9d88-d41bc63734d2,function_transfer_time,1779126918.580238,0.000110186
experiment_name,550b0825-437e-4d72-9d88-d41bc63734d2,function_transfer_time,1779126918.6815462,0.000122919
experiment_name,550b0825-437e-4d72-9d88-d41bc63734d2,function_transfer_time,1779126918.782775,0.000043864
experiment_name,550b0825-437e-4d72-9d88-d41bc63734d2,function_transfer_time,1779126918.8841043,0.000100762
experiment_name,550b0825-437e-4d72-9d88-d41bc63734d2,function_transfer_time,1779126918.9845593,0.000045759
experiment_name,550b0825-437e-4d72-9d88-d41bc63734d2,function_transfer_time,1779126919.0859044,0.000110718
experiment_name,550b0825-437e-4d72-9d88-d41bc63734d2,function_transfer_time,1779126919.1872246,0.000118415
experiment_name,550b0825-437e-4d72-9d88-d41bc63734d2,function_transfer_time,1779126919.2875574,0.00013058
experiment_name,550b0825-437e-4d72-9d88-d41bc63734d2,function_transfer_time,1779126919.388866,0.000030565
experiment_name,550b0825-437e-4d72-9d88-d41bc63734d2,function_transfer_time,1779126919.4901805,0.000032258
experiment_name,550b0825-437e-4d72-9d88-d41bc63734d2,function_transfer_time,1779126919.5915668,0.000041569
experiment_name,1aea548a-df8a-41eb-983a-8bf12546a449,function_execution_time,1779126919.693299,0.000106748
experiment_name,1aea548a-df8a-41eb-983a-8bf12546a449,function_execution_time,1779126919.7947202,0.000108027
experiment_name,1aea548a-df8a-41eb-983a-8bf12546a449,function_execution_time,1779126919.8961284,0.000104433
experiment_name,1aea548a-df8a-41eb-983a-8bf12546a449,function_execution_time,1779126919.996416,0.000073887
experiment_name,1aea548a-df8a-41eb-983a-8bf12546a449,function_execution_time,1779126920.09775,0.000075933
experiment_name,1aea548a-df8a-41eb-983a-8bf12546a449,function_execution_time,1779126920.1990845,0.000084182
experiment_name,1aea548a-df8a-41eb-983a-8bf12546a449,function_execution_time,1779126920.2994404,0.000074035
experiment_name,1aea548a-df8a-41eb-983a-8bf12546a449,function_execution_time,1779126920.400764,0.000070107
experiment_name,1aea548a-df8a-41eb-983a-8bf12546a449,function_execution_time,1779126920.5021327,0.000163409
experiment_name,1aea548a-df8a-41eb-983a-8bf12546a449,function_execution_time,1779126920.602392,0.000081334
experiment_name,1aea548a-df8a-41eb-983a-8bf12546a449,function_execution_time,1779126920.703772,0.000082756
experiment_name,1aea548a-df8a-41eb-983a-8bf12546a449,function_execution_time,1779126920.8050528,0.00006898
experiment_name,1aea548a-df8a-41eb-983a-8bf12546a449,function_execution_time,1779126920.9064462,0.00008675
experiment_name,1aea548a-df8a-41eb-983a-8bf12546a449,function_execution_time,1779126921.0076337,0.000070297
experiment_name,1aea548a-df8a-41eb-983a-8bf12546a449,function_execution_time,1779126921.1090236,0.000083261
experiment_name,1aea548a-df8a-41eb-983a-8bf12546a449,function_execution_time,1779126921.2102764,0.000071265
experiment_name,1aea548a-df8a-41eb-983a-8bf12546a449,function_execution_time,1779126921.3116486,0.000086216
experiment_name,1aea548a-df8a-41eb-983a-8bf12546a449,function_execution_time,1779126921.4129722,0.000075706
experiment_name,1aea548a-df8a-41eb-983a-8bf12546a449,function_execution_time,1779126921.5143352,0.000148797
experiment_name,1aea548a-df8a-41eb-983a-8bf12546a449,function_execution_time,1779126921.6156332,0.000079735
experiment_name,1aea548a-df8a-41eb-983a-8bf12546a449,function_execution_time,1779126921.7169218,0.000088235
experiment_name,1aea548a-df8a-41eb-983a-8bf12546a449,function_execution_time,1779126921.8182247,0.00007042
experiment_name,1aea548a-df8a-41eb-983a-8bf12546a449,function_execution_time,1779126921.9195662,0.000091677
experiment_name,1aea548a-df8a-41eb-983a-8bf12546a449,function_execution_time,1779126922.0208366,0.000081006
experiment_name,1aea548a-df8a-41eb-983a-8bf12546a449,function_execution_time,1779126922.1221008,0.000069176
experiment_name,1aea548a-df8a-41eb-983a-8bf12546a449,function_execution_time,1779126922.2224648,0.000101939
experiment_name,1aea548a-df8a-41eb-983a-8bf12546a449,function_execution_time,1779126922.3236876,0.000079279
experiment_name,1aea548a-df8a-41eb-983a-8bf12546a449,function_execution_time,1779126922.4250095,0.000069545
experiment_name,1aea548a-df8a-41eb-983a-8bf12546a449,function_execution_time,1779126922.5264113,0.000143167
experiment_name,1aea548a-df8a-41eb-983a-8bf12546a449,function_execution_time,1779126922.6277053,0.000071619
experiment_name,1aea548a-df8a-41eb-983a-8bf12546a449,function_execution_time,1779126922.7291193,0.00008592
experiment_name,1aea548a-df8a-41eb-983a-8bf12546a449,function_execution_time,1779126922.8303473,0.000070069
experiment_name,1aea548a-df8a-41eb-983a-8bf12546a449,function_execution_time,1779126922.9316738,0.000072765
experiment_name,1aea548a-df8a-41eb-983a-8bf12546a449,function_execution_time,1779126923.0329566,0.000056241
experiment_name,1aea548a-df8a-41eb-983a-8bf12546a449,function_execution_time,1779126923.1342719,0.000069556
experiment_name,1aea548a-df8a-41eb-983a-8bf12546a449,function_execution_time,1779126923.2356334,0.000067691
experiment_name,1aea548a-df8a-41eb-983a-8bf12546a449,function_execution_time,1779126923.3370166,0.000085484
experiment_name,1aea548a-df8a-41eb-983a-8bf12546a449,function_execution_time,1779126923.4382854,0.000068483
experiment_name,1aea548a-df8a-41eb-983a-8bf12546a449,function_execution_time,1779126923.5396848,0.000147538
experiment_name,1aea548a-df8a-41eb-983a-8bf12546a449,function_execution_time,1779126923.6410737,0.000085051
experiment_name,1aea548a-df8a-41eb-983a-8bf12546a449,function_execution_time,1779126923.7414224,0.000073617
experiment_name,1aea548a-df8a-41eb-983a-8bf12546a449,function_execution_time,1779126923.842753,0.000080479
experiment_name,1aea548a-df8a-41eb-983a-8bf12546a449,function_execution_time,1779126923.944098,0.000074361
experiment_name,1aea548a-df8a-41eb-983a-8bf12546a449,function_execution_time,1779126924.0444481,0.000076545
experiment_name,1aea548a-df8a-41eb-983a-8bf12546a449,function_execution_time,1779126924.1457663,0.000067619
experiment_name,1aea548a-df8a-41eb-983a-8bf12546a449,function_execution_time,1779126924.247092,0.000072933
experiment_name,1aea548a-df8a-41eb-983a-8bf12546a449,function_execution_time,1779126924.3474245,0.000076886
experiment_name,1aea548a-df8a-41eb-983a-8bf12546a449,function_execution_time,1779126924.44877,0.000072719
experiment_name,1aea548a-df8a-41eb-983a-8bf12546a449,function_execution_time,1779126924.5501614,0.000140325
experiment_name,550b0825-437e-4d72-9d88-d41bc63734d2,function_execution_time,1779126919.6933615,0.000063991
experiment_name,550b0825-437e-4d72-9d88-d41bc63734d2,function_execution_time,1779126919.794722,0.000057766
experiment_name,550b0825-437e-4d72-9d88-d41bc63734d2,function_execution_time,1779126919.8962226,0.000063487
experiment_name,550b0825-437e-4d72-9d88-d41bc63734d2,function_execution_time,1779126919.9965932,0.000071703
experiment_name,550b0825-437e-4d72-9d88-d41bc63734d2,function_execution_time,1779126920.097831,0.000057627
experiment_name,550b0825-437e-4d72-9d88-d41bc63734d2,function_execution_time,1779126920.1992207,0.000057215
experiment_name,550b0825-437e-4d72-9d88-d41bc63734d2,function_execution_time,1779126920.2995849,0.000064936
experiment_name,550b0825-437e-4d72-9d88-d41bc63734d2,function_execution_time,1779126920.400907,0.000055744
experiment_name,550b0825-437e-4d72-9d88-d41bc63734d2,function_execution_time,1779126920.5021873,0.000058324
experiment_name,550b0825-437e-4d72-9d88-d41bc63734d2,function_execution_time,1779126920.602536,0.000054768
experiment_name,550b0825-437e-4d72-9d88-d41bc63734d2,function_execution_time,1779126920.7038736,0.000064525
experiment_name,550b0825-437e-4d72-9d88-d41bc63734d2,function_execution_time,1779126920.8052,0.000055408
experiment_name,550b0825-437e-4d72-9d88-d41bc63734d2,function_execution_time,1779126920.9065282,0.000056526
experiment_name,550b0825-437e-4d72-9d88-d41bc63734d2,function_execution_time,1779126921.0077786,0.000055412
experiment_name,550b0825-437e-4d72-9d88-d41bc63734d2,function_execution_time,1779126921.1090708,0.000058542
experiment_name,550b0825-437e-4d72-9d88-d41bc63734d2,function_execution_time,1779126921.210423,0.000064962
experiment_name,550b0825-437e-4d72-9d88-d41bc63734d2,function_execution_time,1779126921.311734,0.000055306
experiment_name,550b0825-437e-4d72-9d88-d41bc63734d2,function_execution_time,1779126921.413112,0.000061271
experiment_name,550b0825-437e-4d72-9d88-d41bc63734d2,function_execution_time,1779126921.5143895,0.000054936
experiment_name,550b0825-437e-4d72-9d88-d41bc63734d2,function_execution_time,1779126921.6157835,0.000062552
experiment_name,550b0825-437e-4d72-9d88-d41bc63734d2,function_execution_time,1779126921.7170851,0.00006278
experiment_name,550b0825-437e-4d72-9d88-d41bc63734d2,function_execution_time,1779126921.8183873,0.000058793
experiment_name,550b0825-437e-4d72-9d88-d41bc63734d2,function_execution_time,1779126921.9196556,0.000054942
experiment_name,550b0825-437e-4d72-9d88-d41bc63734d2,function_execution_time,1779126922.0209801,0.000054745
experiment_name,550b0825-437e-4d72-9d88-d41bc63734d2,function_execution_time,1779126922.1221948,0.00007058
experiment_name,550b0825-437e-4d72-9d88-d41bc63734d2,function_execution_time,1779126922.2225754,0.000062317
experiment_name,550b0825-437e-4d72-9d88-d41bc63734d2,function_execution_time,1779126922.323846,0.000054674
experiment_name,550b0825-437e-4d72-9d88-d41bc63734d2,function_execution_time,1779126922.4251616,0.000058903
experiment_name,550b0825-437e-4d72-9d88-d41bc63734d2,function_execution_time,1779126922.5264885,0.000066547
experiment_name,550b0825-437e-4d72-9d88-d41bc63734d2,function_execution_time,1779126922.6278508,0.000058308
experiment_name,550b0825-437e-4d72-9d88-d41bc63734d2,function_execution_time,1779126922.7292151,0.000058547
experiment_name,550b0825-437e-4d72-9d88-d41bc63734d2,function_execution_time,1779126922.8305154,0.000074263
experiment_name,550b0825-437e-4d72-9d88-d41bc63734d2,function_execution_time,1779126922.931832,0.00005358
experiment_name,550b0825-437e-4d72-9d88-d41bc63734d2,function_execution_time,1779126923.0330465,0.000048144
experiment_name,550b0825-437e-4d72-9d88-d41bc63734d2,function_execution_time,1779126923.134415,0.000052566
experiment_name,550b0825-437e-4d72-9d88-d41bc63734d2,function_execution_time,1779126923.2357962,0.000059826
experiment_name,550b0825-437e-4d72-9d88-d41bc63734d2,function_execution_time,1779126923.3370848,0.000059393
experiment_name,550b0825-437e-4d72-9d88-d41bc63734d2,function_execution_time,1779126923.4384606,0.000064959
experiment_name,550b0825-437e-4d72-9d88-d41bc63734d2,function_execution_time,1779126923.5397372,0.000054698
experiment_name,550b0825-437e-4d72-9d88-d41bc63734d2,function_execution_time,1779126923.6412134,0.000058479
experiment_name,550b0825-437e-4d72-9d88-d41bc63734d2,function_execution_time,1779126923.741579,0.000065588
experiment_name,550b0825-437e-4d72-9d88-d41bc63734d2,function_execution_time,1779126923.8428917,0.000058953
experiment_name,550b0825-437e-4d72-9d88-d41bc63734d2,function_execution_time,1779126923.9442444,0.00006002
experiment_name,550b0825-437e-4d72-9d88-d41bc63734d2,function_execution_time,1779126924.044579,0.000053538
experiment_name,550b0825-437e-4d72-9d88-d41bc63734d2,function_execution_time,1779126924.1459138,0.000064105
experiment_name,550b0825-437e-4d72-9d88-d41bc63734d2,function_execution_time,1779126924.247251,0.000054166
experiment_name,550b0825-437e-4d72-9d88-d41bc63734d2,function_execution_time,1779126924.3475654,0.000052752
experiment_name,550b0825-437e-4d72-9d88-d41bc63734d2,function_execution_time,1779126924.4489102,0.000053515
experiment_name,550b0825-437e-4d72-9d88-d41bc63734d2,function_execution_time,1779126924.5502157,0.000057295
experiment_name,1aea548a-df8a-41eb-983a-8bf12546a449,function_transfer_time,1779126919.6931877,0.000091609
experiment_name,1aea548a-df8a-41eb-983a-8bf12546a449,function_transfer_time,1779126919.7945352,0.000088052
experiment_name,1aea548a-df8a-41eb-983a-8bf12546a449,function_transfer_time,1779126919.8959756,0.000086761
experiment_name,1aea548a-df8a-41eb-983a-8bf12546a449,function_transfer_time,1779126919.9963253,0.000031115
experiment_name,1aea548a-df8a-41eb-983a-8bf12546a449,function_transfer_time,1779126920.0976708,0.000079732
experiment_name,1aea548a-df8a-41eb-983a-8bf12546a449,function_transfer_time,1779126920.1989975,0.000092196
experiment_name,1aea548a-df8a-41eb-983a-8bf12546a449,function_transfer_time,1779126920.299351,0.000086645
experiment_name,1aea548a-df8a-41eb-983a-8bf12546a449,function_transfer_time,1779126920.4006717,0.00008006
experiment_name,1aea548a-df8a-41eb-983a-8bf12546a449,function_transfer_time,1779126920.5019581,0.000022068
experiment_name,1aea548a-df8a-41eb-983a-8bf12546a449,function_transfer_time,1779126920.6023088,0.000079028
experiment_name,1aea548a-df8a-41eb-983a-8bf12546a449,function_transfer_time,1779126920.7036371,0.000082089
experiment_name,1aea548a-df8a-41eb-983a-8bf12546a449,function_transfer_time,1779126920.804972,0.00007961
experiment_name,1aea548a-df8a-41eb-983a-8bf12546a449,function_transfer_time,1779126920.9062798,0.000080009
experiment_name,1aea548a-df8a-41eb-983a-8bf12546a449,function_transfer_time,1779126921.007557,0.000023047
experiment_name,1aea548a-df8a-41eb-983a-8bf12546a449,function_transfer_time,1779126921.108869,0.000079131
experiment_name,1aea548a-df8a-41eb-983a-8bf12546a449,function_transfer_time,1779126921.2101917,0.000085731
experiment_name,1aea548a-df8a-41eb-983a-8bf12546a449,function_transfer_time,1779126921.3115592,0.000088267
experiment_name,1aea548a-df8a-41eb-983a-8bf12546a449,function_transfer_time,1779126921.4128938,0.000088261
experiment_name,1aea548a-df8a-41eb-983a-8bf12546a449,function_transfer_time,1779126921.5141807,0.000026835
experiment_name,1aea548a-df8a-41eb-983a-8bf12546a449,function_transfer_time,1779126921.61555,0.000084907
experiment_name,1aea548a-df8a-41eb-983a-8bf12546a449,function_transfer_time,1779126921.716828,0.000022884
experiment_name,1aea548a-df8a-41eb-983a-8bf12546a449,function_transfer_time,1779126921.8181326,0.000083471
experiment_name,1aea548a-df8a-41eb-983a-8bf12546a449,function_transfer_time,1779126921.9194078,0.000021692
experiment_name,1aea548a-df8a-41eb-983a-8bf12546a449,function_transfer_time,1779126922.020754,0.000085919
experiment_name,1aea548a-df8a-41eb-983a-8bf12546a449,function_transfer_time,1779126922.122012,0.000018473
experiment_name,1aea548a-df8a-41eb-983a-8bf12546a449,function_transfer_time,1779126922.2223525,0.000024523
experiment_name,1aea548a-df8a-41eb-983a-8bf12546a449,function_transfer_time,1779126922.3235967,0.000022164
experiment_name,1aea548a-df8a-41eb-983a-8bf12546a449,function_transfer_time,1779126922.42493,0.000081463
experiment_name,1aea548a-df8a-41eb-983a-8bf12546a449,function_transfer_time,1779126922.5262656,0.000079792
experiment_name,1aea548a-df8a-41eb-983a-8bf12546a449,function_transfer_time,1779126922.6276255,0.000076308
experiment_name,1aea548a-df8a-41eb-983a-8bf12546a449,function_transfer_time,1779126922.7289639,0.000078198
experiment_name,1aea548a-df8a-41eb-983a-8bf12546a449,function_transfer_time,1779126922.830267,0.000074874
experiment_name,1aea548a-df8a-41eb-983a-8bf12546a449,function_transfer_time,1779126922.9315937,0.00007518
experiment_name,1aea548a-df8a-41eb-983a-8bf12546a449,function_transfer_time,1779126923.0328708,0.000039326
experiment_name,1aea548a-df8a-41eb-983a-8bf12546a449,function_transfer_time,1779126923.1341915,0.000080814
experiment_name,1aea548a-df8a-41eb-983a-8bf12546a449,function_transfer_time,1779126923.2355404,0.000082774
experiment_name,1aea548a-df8a-41eb-983a-8bf12546a449,function_transfer_time,1779126923.3368657,0.00008305
experiment_name,1aea548a-df8a-41eb-983a-8bf12546a449,function_transfer_time,1779126923.4381928,0.000082693
experiment_name,1aea548a-df8a-41eb-983a-8bf12546a449,function_transfer_time,1779126923.5395286,0.000086787
experiment_name,1aea548a-df8a-41eb-983a-8bf12546a449,function_transfer_time,1779126923.6409895,0.000082021
experiment_name,1aea548a-df8a-41eb-983a-8bf12546a449,function_transfer_time,1779126923.7413352,0.000077098
experiment_name,1aea548a-df8a-41eb-983a-8bf12546a449,function_transfer_time,1779126923.8426628,0.000081709
experiment_name,1aea548a-df8a-41eb-983a-8bf12546a449,function_transfer_time,1779126923.9440184,0.000082633
experiment_name,1aea548a-df8a-41eb-983a-8bf12546a449,function_transfer_time,1779126924.044337,0.000079101
experiment_name,1aea548a-df8a-41eb-983a-8bf12546a449,function_transfer_time,1779126924.145682,0.000080208
experiment_name,1aea548a-df8a-41eb-983a-8bf12546a449,function_transfer_time,1779126924.247011,0.000083991
experiment_name,1aea548a-df8a-41eb-983a-8bf12546a449,function_transfer_time,1779126924.3473425,0.000079767
experiment_name,1aea548a-df8a-41eb-983a-8bf12546a449,function_transfer_time,1779126924.44869,0.000079413
experiment_name,1aea548a-df8a-41eb-983a-8bf12546a449,function_transfer_time,1779126924.5500052,0.000085345
experiment_name,550b0825-437e-4d72-9d88-d41bc63734d2,function_transfer_time,1779126919.6932943,0.00003053
experiment_name,550b0825-437e-4d72-9d88-d41bc63734d2,function_transfer_time,1779126919.7947164,0.000038205
experiment_name,550b0825-437e-4d72-9d88-d41bc63734d2,function_transfer_time,1779126919.8961573,0.000099498
experiment_name,550b0825-437e-4d72-9d88-d41bc63734d2,function_transfer_time,1779126919.9965205,0.000141088
experiment_name,550b0825-437e-4d72-9d88-d41bc63734d2,function_transfer_time,1779126920.0977688,0.000050983
experiment_name,550b0825-437e-4d72-9d88-d41bc63734d2,function_transfer_time,1779126920.1991608,0.000114034
experiment_name,550b0825-437e-4d72-9d88-d41bc63734d2,function_transfer_time,1779126920.299523,0.000115857
experiment_name,550b0825-437e-4d72-9d88-d41bc63734d2,function_transfer_time,1779126920.4008493,0.000117675
experiment_name,550b0825-437e-4d72-9d88-d41bc63734d2,function_transfer_time,1779126920.502128,0.000040555
experiment_name,550b0825-437e-4d72-9d88-d41bc63734d2,function_transfer_time,1779126920.6024778,0.000102056
experiment_name,550b0825-437e-4d72-9d88-d41bc63734d2,function_transfer_time,1779126920.7037976,0.000108971
experiment_name,550b0825-437e-4d72-9d88-d41bc63734d2,function_transfer_time,1779126920.805142,0.000110694
experiment_name,550b0825-437e-4d72-9d88-d41bc63734d2,function_transfer_time,1779126920.9064622,0.000128795
experiment_name,550b0825-437e-4d72-9d88-d41bc63734d2,function_transfer_time,1779126921.0077212,0.000104796
experiment_name,550b0825-437e-4d72-9d88-d41bc63734d2,function_transfer_time,1779126921.1090276,0.000091274
experiment_name,550b0825-437e-4d72-9d88-d41bc63734d2,function_transfer_time,1779126921.2103748,0.000117194
experiment_name,550b0825-437e-4d72-9d88-d41bc63734d2,function_transfer_time,1779126921.311728,0.000050489
experiment_name,550b0825-437e-4d72-9d88-d41bc63734d2,function_transfer_time,1779126921.4130657,0.000104333
experiment_name,550b0825-437e-4d72-9d88-d41bc63734d2,function_transfer_time,1779126921.514338,0.000037309
experiment_name,550b0825-437e-4d72-9d88-d41bc63734d2,function_transfer_time,1779126921.6157198,0.000109743
experiment_name,550b0825-437e-4d72-9d88-d41bc63734d2,function_transfer_time,1779126921.7170362,0.000132901
experiment_name,550b0825-437e-4d72-9d88-d41bc63734d2,function_transfer_time,1779126921.8183231,0.000128043
experiment_name,550b0825-437e-4d72-9d88-d41bc63734d2,function_transfer_time,1779126921.9195893,0.000118419
experiment_name,550b0825-437e-4d72-9d88-d41bc63734d2,function_transfer_time,1779126922.0209224,0.00010011
experiment_name,550b0825-437e-4d72-9d88-d41bc63734d2,function_transfer_time,1779126922.1221771,0.000060076
experiment_name,550b0825-437e-4d72-9d88-d41bc63734d2,function_transfer_time,1779126922.2225056,0.000094064
experiment_name,550b0825-437e-4d72-9d88-d41bc63734d2,function_transfer_time,1779126922.3237908,0.000131564
experiment_name,550b0825-437e-4d72-9d88-d41bc63734d2,function_transfer_time,1779126922.4251022,0.000108564
experiment_name,550b0825-437e-4d72-9d88-d41bc63734d2,function_transfer_time,1779126922.5264137,0.00004363
experiment_name,550b0825-437e-4d72-9d88-d41bc63734d2,function_transfer_time,1779126922.6277888,0.000107292
experiment_name,550b0825-437e-4d72-9d88-d41bc63734d2,function_transfer_time,1779126922.7291448,0.00012383
experiment_name,550b0825-437e-4d72-9d88-d41bc63734d2,function_transfer_time,1779126922.8304477,0.000109745
experiment_name,550b0825-437e-4d72-9d88-d41bc63734d2,function_transfer_time,1779126922.9317782,0.000130946
experiment_name,550b0825-437e-4d72-9d88-d41bc63734d2,function_transfer_time,1779126923.0330417,0.000070172
experiment_name,550b0825-437e-4d72-9d88-d41bc63734d2,function_transfer_time,1779126923.134359,0.000108221
experiment_name,550b0825-437e-4d72-9d88-d41bc63734d2,function_transfer_time,1779126923.2357357,0.000141519
experiment_name,550b0825-437e-4d72-9d88-d41bc63734d2,function_transfer_time,1779126923.337023,0.000089204
experiment_name,550b0825-437e-4d72-9d88-d41bc63734d2,function_transfer_time,1779126923.4383888,0.000141194
experiment_name,550b0825-437e-4d72-9d88-d41bc63734d2,function_transfer_time,1779126923.5396807,0.000028653
experiment_name,550b0825-437e-4d72-9d88-d41bc63734d2,function_transfer_time,1779126923.6411638,0.00011063
experiment_name,550b0825-437e-4d72-9d88-d41bc63734d2,function_transfer_time,1779126923.7415135,0.000115375
experiment_name,550b0825-437e-4d72-9d88-d41bc63734d2,function_transfer_time,1779126923.8428454,0.000113649
experiment_name,550b0825-437e-4d72-9d88-d41bc63734d2,function_transfer_time,1779126923.944181,0.000106132
experiment_name,550b0825-437e-4d72-9d88-d41bc63734d2,function_transfer_time,1779126924.044525,0.000124266
experiment_name,550b0825-437e-4d72-9d88-d41bc63734d2,function_transfer_time,1779126924.1458507,0.000108824
experiment_name,550b0825-437e-4d72-9d88-d41bc63734d2,function_transfer_time,1779126924.2471964,0.000130565
experiment_name,550b0825-437e-4d72-9d88-d41bc63734d2,function_transfer_time,1779126924.3475106,0.000102842
experiment_name,550b0825-437e-4d72-9d88-d41bc63734d2,function_transfer_time,1779126924.448857,0.000111508
experiment_name,550b0825-437e-4d72-9d88-d41bc63734d2,function_transfer_time,1779126924.5501568,0.000034869
experiment_name,1aea548a-df8a-41eb-983a-8bf12546a449,function_execution_time,1779126924.6504107,0.000071472
experiment_name,1aea548a-df8a-41eb-983a-8bf12546a449,function_execution_time,1779126924.7517223,0.000072195
experiment_name,1aea548a-df8a-41eb-983a-8bf12546a449,function_execution_time,1779126924.853072,0.000072807
experiment_name,1aea548a-df8a-41eb-983a-8bf12546a449,function_execution_time,1779126924.9543726,0.000072173
experiment_name,1aea548a-df8a-41eb-983a-8bf12546a449,function_execution_time,1779126925.0557654,0.000087595
experiment_name,1aea548a-df8a-41eb-983a-8bf12546a449,function_execution_time,1779126925.1570456,0.000071342
experiment_name,1aea548a-df8a-41eb-983a-8bf12546a449,function_execution_time,1779126925.2583425,0.000091546
experiment_name,1aea548a-df8a-41eb-983a-8bf12546a449,function_execution_time,1779126925.3597152,0.00009465
experiment_name,1aea548a-df8a-41eb-983a-8bf12546a449,function_execution_time,1779126925.461006,0.00007339
experiment_name,1aea548a-df8a-41eb-983a-8bf12546a449,function_execution_time,1779126925.5624936,0.000201863
experiment_name,1aea548a-df8a-41eb-983a-8bf12546a449,function_execution_time,1779126925.663813,0.00007313
experiment_name,1aea548a-df8a-41eb-983a-8bf12546a449,function_execution_time,1779126925.765156,0.000090353
experiment_name,1aea548a-df8a-41eb-983a-8bf12546a449,function_execution_time,1779126925.865562,0.000073454
experiment_name,1aea548a-df8a-41eb-983a-8bf12546a449,function_execution_time,1779126925.966867,0.000072172
experiment_name,1aea548a-df8a-41eb-983a-8bf12546a449,function_execution_time,1779126926.0682685,0.000090725
experiment_name,1aea548a-df8a-41eb-983a-8bf12546a449,function_execution_time,1779126926.1694977,0.000093374
experiment_name,1aea548a-df8a-41eb-983a-8bf12546a449,function_execution_time,1779126926.2708073,0.000079693
experiment_name,1aea548a-df8a-41eb-983a-8bf12546a449,function_execution_time,1779126926.3721516,0.000076809
experiment_name,1aea548a-df8a-41eb-983a-8bf12546a449,function_execution_time,1779126926.4736516,0.000082442
experiment_name,1aea548a-df8a-41eb-983a-8bf12546a449,function_execution_time,1779126926.5751026,0.000168339
experiment_name,1aea548a-df8a-41eb-983a-8bf12546a449,function_execution_time,1779126926.6754,0.000070599
experiment_name,1aea548a-df8a-41eb-983a-8bf12546a449,function_execution_time,1779126926.7767494,0.000088566
experiment_name,1aea548a-df8a-41eb-983a-8bf12546a449,function_execution_time,1779126926.8780959,0.000075963
experiment_name,1aea548a-df8a-41eb-983a-8bf12546a449,function_execution_time,1779126926.9784455,0.000070448
experiment_name,1aea548a-df8a-41eb-983a-8bf12546a449,function_execution_time,1779126927.0798025,0.00007034
experiment_name,1aea548a-df8a-41eb-983a-8bf12546a449,function_execution_time,1779126927.1811273,0.000076595
experiment_name,1aea548a-df8a-41eb-983a-8bf12546a449,function_execution_time,1779126927.2814562,0.000081219
experiment_name,1aea548a-df8a-41eb-983a-8bf12546a449,function_execution_time,1779126927.382786,0.00006888
experiment_name,1aea548a-df8a-41eb-983a-8bf12546a449,function_execution_time,1779126927.4841151,0.000077208
experiment_name,1aea548a-df8a-41eb-983a-8bf12546a449,function_execution_time,1779126927.5845342,0.000144031
experiment_name,1aea548a-df8a-41eb-983a-8bf12546a449,function_execution_time,1779126927.685846,0.000070653
experiment_name,1aea548a-df8a-41eb-983a-8bf12546a449,function_execution_time,1779126927.787207,0.000082111
experiment_name,1aea548a-df8a-41eb-983a-8bf12546a449,function_execution_time,1779126927.888552,0.000077097
experiment_name,1aea548a-df8a-41eb-983a-8bf12546a449,function_execution_time,1779126927.989886,0.00007071
experiment_name,1aea548a-df8a-41eb-983a-8bf12546a449,function_execution_time,1779126928.0912538,0.000077643
experiment_name,1aea548a-df8a-41eb-983a-8bf12546a449,function_execution_time,1779126928.1925962,0.000085222
experiment_name,1aea548a-df8a-41eb-983a-8bf12546a449,function_execution_time,1779126928.293955,0.000073009
experiment_name,1aea548a-df8a-41eb-983a-8bf12546a449,function_execution_time,1779126928.3952787,0.000070733
experiment_name,1aea548a-df8a-41eb-983a-8bf12546a449,function_execution_time,1779126928.496678,0.000081176
experiment_name,1aea548a-df8a-41eb-983a-8bf12546a449,function_execution_time,1779126928.598021,0.000155302
experiment_name,1aea548a-df8a-41eb-983a-8bf12546a449,function_execution_time,1779126928.6993213,0.000076168
experiment_name,1aea548a-df8a-41eb-983a-8bf12546a449,function_execution_time,1779126928.8006759,0.000073447
experiment_name,1aea548a-df8a-41eb-983a-8bf12546a449,function_execution_time,1779126928.9020565,0.000082221
experiment_name,1aea548a-df8a-41eb-983a-8bf12546a449,function_execution_time,1779126929.0033224,0.000072297
experiment_name,1aea548a-df8a-41eb-983a-8bf12546a449,function_execution_time,1779126929.1046336,0.00007433
experiment_name,1aea548a-df8a-41eb-983a-8bf12546a449,function_execution_time,1779126929.2059777,0.000080553
experiment_name,1aea548a-df8a-41eb-983a-8bf12546a449,function_execution_time,1779126929.3072748,0.000069688
experiment_name,1aea548a-df8a-41eb-983a-8bf12546a449,function_execution_time,1779126929.4085863,0.000070759
experiment_name,1aea548a-df8a-41eb-983a-8bf12546a449,function_execution_time,1779126929.5099144,0.000072777
experiment_name,1aea548a-df8a-41eb-983a-8bf12546a449,function_execution_time,1779126929.6113138,0.000149815
experiment_name,550b0825-437e-4d72-9d88-d41bc63734d2,function_execution_time,1779126924.6505668,0.000065801
experiment_name,550b0825-437e-4d72-9d88-d41bc63734d2,function_execution_time,1779126924.7518706,0.000054978
experiment_name,550b0825-437e-4d72-9d88-d41bc63734d2,function_execution_time,1779126924.8532326,0.000055104
experiment_name,550b0825-437e-4d72-9d88-d41bc63734d2,function_execution_time,1779126924.9545226,0.00005478
experiment_name,550b0825-437e-4d72-9d88-d41bc63734d2,function_execution_time,1779126925.0558636,0.000062606
experiment_name,550b0825-437e-4d72-9d88-d41bc63734d2,function_execution_time,1779126925.1571932,0.000054716
experiment_name,550b0825-437e-4d72-9d88-d41bc63734d2,function_execution_time,1779126925.2584546,0.000073046
experiment_name,550b0825-437e-4d72-9d88-d41bc63734d2,function_execution_time,1779126925.3598413,0.000058792
experiment_name,550b0825-437e-4d72-9d88-d41bc63734d2,function_execution_time,1779126925.4611773,0.000065925
experiment_name,550b0825-437e-4d72-9d88-d41bc63734d2,function_execution_time,1779126925.5625474,0.000057638
experiment_name,550b0825-437e-4d72-9d88-d41bc63734d2,function_execution_time,1779126925.6639545,0.000060222
experiment_name,550b0825-437e-4d72-9d88-d41bc63734d2,function_execution_time,1779126925.7652094,0.000053509
experiment_name,550b0825-437e-4d72-9d88-d41bc63734d2,function_execution_time,1779126925.8657079,0.00006047
experiment_name,550b0825-437e-4d72-9d88-d41bc63734d2,function_execution_time,1779126925.967024,0.00006286
experiment_name,550b0825-437e-4d72-9d88-d41bc63734d2,function_execution_time,1779126926.068367,0.000054957
experiment_name,550b0825-437e-4d72-9d88-d41bc63734d2,function_execution_time,1779126926.1696246,0.000054204
experiment_name,550b0825-437e-4d72-9d88-d41bc63734d2,function_execution_time,1779126926.270973,0.000061522
experiment_name,550b0825-437e-4d72-9d88-d41bc63734d2,function_execution_time,1779126926.372326,0.000061103
experiment_name,550b0825-437e-4d72-9d88-d41bc63734d2,function_execution_time,1779126926.4737933,0.000056895
experiment_name,550b0825-437e-4d72-9d88-d41bc63734d2,function_execution_time,1779126926.5751534,0.000054747
experiment_name,550b0825-437e-4d72-9d88-d41bc63734d2,function_execution_time,1779126926.6755443,0.000059414
experiment_name,550b0825-437e-4d72-9d88-d41bc63734d2,function_execution_time,1779126926.776907,0.000055865
experiment_name,550b0825-437e-4d72-9d88-d41bc63734d2,function_execution_time,1779126926.8782554,0.00006401
experiment_name,550b0825-437e-4d72-9d88-d41bc63734d2,function_execution_time,1779126926.978577,0.000058853
experiment_name,550b0825-437e-4d72-9d88-d41bc63734d2,function_execution_time,1779126927.0799458,0.000059345
experiment_name,550b0825-437e-4d72-9d88-d41bc63734d2,function_execution_time,1779126927.1812885,0.000055224
experiment_name,550b0825-437e-4d72-9d88-d41bc63734d2,function_execution_time,1779126927.2816126,0.000065698
experiment_name,550b0825-437e-4d72-9d88-d41bc63734d2,function_execution_time,1779126927.3829446,0.000055142
experiment_name,550b0825-437e-4d72-9d88-d41bc63734d2,function_execution_time,1779126927.4842713,0.00005326
experiment_name,550b0825-437e-4d72-9d88-d41bc63734d2,function_execution_time,1779126927.58459,0.000053144
experiment_name,550b0825-437e-4d72-9d88-d41bc63734d2,function_execution_time,1779126927.6859777,0.000056216
experiment_name,550b0825-437e-4d72-9d88-d41bc63734d2,function_execution_time,1779126927.7873507,0.000062935
experiment_name,550b0825-437e-4d72-9d88-d41bc63734d2,function_execution_time,1779126927.8886962,0.00006009
experiment_name,550b0825-437e-4d72-9d88-d41bc63734d2,function_execution_time,1779126927.990035,0.000062463
experiment_name,550b0825-437e-4d72-9d88-d41bc63734d2,function_execution_time,1779126928.0913324,0.000050714
experiment_name,550b0825-437e-4d72-9d88-d41bc63734d2,function_execution_time,1779126928.1927483,0.000068871
experiment_name,550b0825-437e-4d72-9d88-d41bc63734d2,function_execution_time,1779126928.2941008,0.00005765
experiment_name,550b0825-437e-4d72-9d88-d41bc63734d2,function_execution_time,1779126928.39536,0.000054931
experiment_name,550b0825-437e-4d72-9d88-d41bc63734d2,function_execution_time,1779126928.4967465,0.000055235
experiment_name,550b0825-437e-4d72-9d88-d41bc63734d2,function_execution_time,1779126928.5980887,0.000062206
experiment_name,550b0825-437e-4d72-9d88-d41bc63734d2,function_execution_time,1779126928.6994865,0.000068409
experiment_name,550b0825-437e-4d72-9d88-d41bc63734d2,function_execution_time,1779126928.8008418,0.000062158
experiment_name,550b0825-437e-4d72-9d88-d41bc63734d2,function_execution_time,1779126928.9020624,0.000061251
experiment_name,550b0825-437e-4d72-9d88-d41bc63734d2,function_execution_time,1779126929.0034833,0.000066692
experiment_name,550b0825-437e-4d72-9d88-d41bc63734d2,function_execution_time,1779126929.1047282,0.000071266
experiment_name,550b0825-437e-4d72-9d88-d41bc63734d2,function_execution_time,1779126929.206128,0.000057041
experiment_name,550b0825-437e-4d72-9d88-d41bc63734d2,function_execution_time,1779126929.3074143,0.000054627
experiment_name,550b0825-437e-4d72-9d88-d41bc63734d2,function_execution_time,1779126929.4087362,0.000060115
experiment_name,550b0825-437e-4d72-9d88-d41bc63734d2,function_execution_time,1779126929.5100822,0.000061302
experiment_name,550b0825-437e-4d72-9d88-d41bc63734d2,function_execution_time,1779126929.6113677,0.000056292
experiment_name,1aea548a-df8a-41eb-983a-8bf12546a449,function_transfer_time,1779126924.6503246,0.000016542
experiment_name,1aea548a-df8a-41eb-983a-8bf12546a449,function_transfer_time,1779126924.7516432,0.000082652
experiment_name,1aea548a-df8a-41eb-983a-8bf12546a449,function_transfer_time,1779126924.8529706,0.000077916
experiment_name,1aea548a-df8a-41eb-983a-8bf12546a449,function_transfer_time,1779126924.9542844,0.000084097
experiment_name,1aea548a-df8a-41eb-983a-8bf12546a449,function_transfer_time,1779126925.0556111,0.00008143
experiment_name,1aea548a-df8a-41eb-983a-8bf12546a449,function_transfer_time,1779126925.1569672,0.000085302
experiment_name,1aea548a-df8a-41eb-983a-8bf12546a449,function_transfer_time,1779126925.2582362,0.00003366
experiment_name,1aea548a-df8a-41eb-983a-8bf12546a449,function_transfer_time,1779126925.3596122,0.000082894
experiment_name,1aea548a-df8a-41eb-983a-8bf12546a449,function_transfer_time,1779126925.460926,0.000074428
experiment_name,1aea548a-df8a-41eb-983a-8bf12546a449,function_transfer_time,1779126925.5622873,0.000106765
experiment_name,1aea548a-df8a-41eb-983a-8bf12546a449,function_transfer_time,1779126925.6637287,0.000085709
experiment_name,1aea548a-df8a-41eb-983a-8bf12546a449,function_transfer_time,1779126925.7650635,0.000087905
experiment_name,1aea548a-df8a-41eb-983a-8bf12546a449,function_transfer_time,1779126925.865481,0.000087966
experiment_name,1aea548a-df8a-41eb-983a-8bf12546a449,function_transfer_time,1779126925.9667885,0.000074842
experiment_name,1aea548a-df8a-41eb-983a-8bf12546a449,function_transfer_time,1779126926.068116,0.000075729
experiment_name,1aea548a-df8a-41eb-983a-8bf12546a449,function_transfer_time,1779126926.169399,0.000073785
experiment_name,1aea548a-df8a-41eb-983a-8bf12546a449,function_transfer_time,1779126926.2707276,0.000083336
experiment_name,1aea548a-df8a-41eb-983a-8bf12546a449,function_transfer_time,1779126926.3721476,0.000090247
experiment_name,1aea548a-df8a-41eb-983a-8bf12546a449,function_transfer_time,1779126926.4735708,0.000090779
experiment_name,1aea548a-df8a-41eb-983a-8bf12546a449,function_transfer_time,1779126926.5749257,0.000097978
experiment_name,1aea548a-df8a-41eb-983a-8bf12546a449,function_transfer_time,1779126926.6753159,0.000082614
experiment_name,1aea548a-df8a-41eb-983a-8bf12546a449,function_transfer_time,1779126926.776662,0.000096126
experiment_name,1aea548a-df8a-41eb-983a-8bf12546a449,function_transfer_time,1779126926.8780105,0.000080059
experiment_name,1aea548a-df8a-41eb-983a-8bf12546a449,function_transfer_time,1779126926.9783356,0.000081196
experiment_name,1aea548a-df8a-41eb-983a-8bf12546a449,function_transfer_time,1779126927.079719,0.000082516
experiment_name,1aea548a-df8a-41eb-983a-8bf12546a449,function_transfer_time,1779126927.1810255,0.000076054
experiment_name,1aea548a-df8a-41eb-983a-8bf12546a449,function_transfer_time,1779126927.2813756,0.000077189
experiment_name,1aea548a-df8a-41eb-983a-8bf12546a449,function_transfer_time,1779126927.3826933,0.000079935
experiment_name,1aea548a-df8a-41eb-983a-8bf12546a449,function_transfer_time,1779126927.484037,0.000082757
experiment_name,1aea548a-df8a-41eb-983a-8bf12546a449,function_transfer_time,1779126927.584383,0.000082422
experiment_name,1aea548a-df8a-41eb-983a-8bf12546a449,function_transfer_time,1779126927.6857653,0.000097627
experiment_name,1aea548a-df8a-41eb-983a-8bf12546a449,function_transfer_time,1779126927.7871222,0.000090416
experiment_name,1aea548a-df8a-41eb-983a-8bf12546a449,function_transfer_time,1779126927.888469,0.000109047
experiment_name,1aea548a-df8a-41eb-983a-8bf12546a449,function_transfer_time,1779126927.9898057,0.000080559
experiment_name,1aea548a-df8a-41eb-983a-8bf12546a449,function_transfer_time,1779126928.091163,0.000087494
experiment_name,1aea548a-df8a-41eb-983a-8bf12546a449,function_transfer_time,1779126928.1925113,0.000097135
experiment_name,1aea548a-df8a-41eb-983a-8bf12546a449,function_transfer_time,1779126928.2938719,0.000084047
experiment_name,1aea548a-df8a-41eb-983a-8bf12546a449,function_transfer_time,1779126928.3951867,0.000077454
experiment_name,1aea548a-df8a-41eb-983a-8bf12546a449,function_transfer_time,1779126928.4965322,0.000076416
experiment_name,1aea548a-df8a-41eb-983a-8bf12546a449,function_transfer_time,1779126928.5978603,0.000095876
experiment_name,1aea548a-df8a-41eb-983a-8bf12546a449,function_transfer_time,1779126928.6992447,0.000084198
experiment_name,1aea548a-df8a-41eb-983a-8bf12546a449,function_transfer_time,1779126928.800589,0.000083292
experiment_name,1aea548a-df8a-41eb-983a-8bf12546a449,function_transfer_time,1779126928.9019084,0.000078509
experiment_name,1aea548a-df8a-41eb-983a-8bf12546a449,function_transfer_time,1779126929.0032444,0.000081441
experiment_name,1aea548a-df8a-41eb-983a-8bf12546a449,function_transfer_time,1779126929.1045504,0.000075958
experiment_name,1aea548a-df8a-41eb-983a-8bf12546a449,function_transfer_time,1779126929.205896,0.000095366
experiment_name,1aea548a-df8a-41eb-983a-8bf12546a449,function_transfer_time,1779126929.3071878,0.000022291
experiment_name,1aea548a-df8a-41eb-983a-8bf12546a449,function_transfer_time,1779126929.4085078,0.000076669
experiment_name,1aea548a-df8a-41eb-983a-8bf12546a449,function_transfer_time,1779126929.509834,0.000075055
experiment_name,1aea548a-df8a-41eb-983a-8bf12546a449,function_transfer_time,1779126929.611148,0.000082607
experiment_name,550b0825-437e-4d72-9d88-d41bc63734d2,function_transfer_time,1779126924.6504965,0.000118667
experiment_name,550b0825-437e-4d72-9d88-d41bc63734d2,function_transfer_time,1779126924.7518122,0.00010879
experiment_name,550b0825-437e-4d72-9d88-d41bc63734d2,function_transfer_time,1779126924.8531775,0.000148332
experiment_name,550b0825-437e-4d72-9d88-d41bc63734d2,function_transfer_time,1779126924.9544642,0.000119203
experiment_name,550b0825-437e-4d72-9d88-d41bc63734d2,function_transfer_time,1779126925.05579,0.00011989
experiment_name,550b0825-437e-4d72-9d88-d41bc63734d2,function_transfer_time,1779126925.1571357,0.000109814
experiment_name,550b0825-437e-4d72-9d88-d41bc63734d2,function_transfer_time,1779126925.258383,0.000076419
experiment_name,550b0825-437e-4d72-9d88-d41bc63734d2,function_transfer_time,1779126925.359777,0.000103409
experiment_name,550b0825-437e-4d72-9d88-d41bc63734d2,function_transfer_time,1779126925.461112,0.000131759
experiment_name,550b0825-437e-4d72-9d88-d41bc63734d2,function_transfer_time,1779126925.5624907,0.000050016
experiment_name,550b0825-437e-4d72-9d88-d41bc63734d2,function_transfer_time,1779126925.6639044,0.000112991
experiment_name,550b0825-437e-4d72-9d88-d41bc63734d2,function_transfer_time,1779126925.7651544,0.00003168
experiment_name,550b0825-437e-4d72-9d88-d41bc63734d2,function_transfer_time,1779126925.8656578,0.000114571
experiment_name,550b0825-437e-4d72-9d88-d41bc63734d2,function_transfer_time,1779126925.9669576,0.000109652
experiment_name,550b0825-437e-4d72-9d88-d41bc63734d2,function_transfer_time,1779126926.0682979,0.000130033
experiment_name,550b0825-437e-4d72-9d88-d41bc63734d2,function_transfer_time,1779126926.1695647,0.00009594
experiment_name,550b0825-437e-4d72-9d88-d41bc63734d2,function_transfer_time,1779126926.2709117,0.000129167
experiment_name,550b0825-437e-4d72-9d88-d41bc63734d2,function_transfer_time,1779126926.3722608,0.000129369
experiment_name,550b0825-437e-4d72-9d88-d41bc63734d2,function_transfer_time,1779126926.4737473,0.000107041
experiment_name,550b0825-437e-4d72-9d88-d41bc63734d2,function_transfer_time,1779126926.5750995,0.000034088
experiment_name,550b0825-437e-4d72-9d88-d41bc63734d2,function_transfer_time,1779126926.6754804,0.00010717
experiment_name,550b0825-437e-4d72-9d88-d41bc63734d2,function_transfer_time,1779126926.7768507,0.000129362
experiment_name,550b0825-437e-4d72-9d88-d41bc63734d2,function_transfer_time,1779126926.8781872,0.000112581
experiment_name,550b0825-437e-4d72-9d88-d41bc63734d2,function_transfer_time,1779126926.9785223,0.000129376
experiment_name,550b0825-437e-4d72-9d88-d41bc63734d2,function_transfer_time,1779126927.079883,0.000106857
experiment_name,550b0825-437e-4d72-9d88-d41bc63734d2,function_transfer_time,1779126927.1812327,0.000143129
experiment_name,550b0825-437e-4d72-9d88-d41bc63734d2,function_transfer_time,1779126927.281542,0.000110111
experiment_name,550b0825-437e-4d72-9d88-d41bc63734d2,function_transfer_time,1779126927.382889,0.000140697
experiment_name,550b0825-437e-4d72-9d88-d41bc63734d2,function_transfer_time,1779126927.4842174,0.000114856
experiment_name,550b0825-437e-4d72-9d88-d41bc63734d2,function_transfer_time,1779126927.5845366,0.000040676
experiment_name,550b0825-437e-4d72-9d88-d41bc63734d2,function_transfer_time,1779126927.6859343,0.000105953
experiment_name,550b0825-437e-4d72-9d88-d41bc63734d2,function_transfer_time,1779126927.7872984,0.00011102
experiment_name,550b0825-437e-4d72-9d88-d41bc63734d2,function_transfer_time,1779126927.8886476,0.000113983
experiment_name,550b0825-437e-4d72-9d88-d41bc63734d2,function_transfer_time,1779126927.989983,0.000115697
experiment_name,550b0825-437e-4d72-9d88-d41bc63734d2,function_transfer_time,1779126928.0913286,0.000056697
experiment_name,550b0825-437e-4d72-9d88-d41bc63734d2,function_transfer_time,1779126928.1926866,0.000105783
experiment_name,550b0825-437e-4d72-9d88-d41bc63734d2,function_transfer_time,1779126928.294042,0.000105157
experiment_name,550b0825-437e-4d72-9d88-d41bc63734d2,function_transfer_time,1779126928.3953037,0.00006103
experiment_name,550b0825-437e-4d72-9d88-d41bc63734d2,function_transfer_time,1779126928.4966817,0.000098734
experiment_name,550b0825-437e-4d72-9d88-d41bc63734d2,function_transfer_time,1779126928.5980237,0.000049134
experiment_name,550b0825-437e-4d72-9d88-d41bc63734d2,function_transfer_time,1779126928.6994174,0.000105647
experiment_name,550b0825-437e-4d72-9d88-d41bc63734d2,function_transfer_time,1779126928.8007798,0.000136638
experiment_name,550b0825-437e-4d72-9d88-d41bc63734d2,function_transfer_time,1779126928.9020603,0.000035361
experiment_name,550b0825-437e-4d72-9d88-d41bc63734d2,function_transfer_time,1779126929.0034127,0.000107469
experiment_name,550b0825-437e-4d72-9d88-d41bc63734d2,function_transfer_time,1779126929.1047072,0.000051144
experiment_name,550b0825-437e-4d72-9d88-d41bc63734d2,function_transfer_time,1779126929.2060666,0.000111001
experiment_name,550b0825-437e-4d72-9d88-d41bc63734d2,function_transfer_time,1779126929.3073592,0.000114906
experiment_name,550b0825-437e-4d72-9d88-d41bc63734d2,function_transfer_time,1779126929.408673,0.000109822
experiment_name,550b0825-437e-4d72-9d88-d41bc63734d2,function_transfer_time,1779126929.5100205,0.000131299
experiment_name,550b0825-437e-4d72-9d88-d41bc63734d2,function_transfer_time,1779126929.6113086,0.00003535
experiment_name,550b0825-437e-4d72-9d88-d41bc63734d2,function_execution_time,1779126929.7133858,0.00006313
experiment_name,550b0825-437e-4d72-9d88-d41bc63734d2,function_execution_time,1779126929.8147106,0.000057549
experiment_name,550b0825-437e-4d72-9d88-d41bc63734d2,function_execution_time,1779126929.9160166,0.000072212
experiment_name,550b0825-437e-4d72-9d88-d41bc63734d2,function_execution_time,1779126930.0173562,0.000086514
experiment_name,550b0825-437e-4d72-9d88-d41bc63734d2,function_execution_time,1779126930.118602,0.000062808
experiment_name,550b0825-437e-4d72-9d88-d41bc63734d2,function_execution_time,1779126930.2199123,0.000061121
experiment_name,550b0825-437e-4d72-9d88-d41bc63734d2,function_execution_time,1779126930.3213236,0.00006108
experiment_name,550b0825-437e-4d72-9d88-d41bc63734d2,function_execution_time,1779126930.422718,0.000068231
experiment_name,550b0825-437e-4d72-9d88-d41bc63734d2,function_execution_time,1779126930.52401,0.000065285
experiment_name,550b0825-437e-4d72-9d88-d41bc63734d2,function_execution_time,1779126930.625365,0.000063703
experiment_name,550b0825-437e-4d72-9d88-d41bc63734d2,function_execution_time,1779126930.7267652,0.00005739
experiment_name,550b0825-437e-4d72-9d88-d41bc63734d2,function_execution_time,1779126930.8281124,0.000059838
experiment_name,550b0825-437e-4d72-9d88-d41bc63734d2,function_execution_time,1779126930.9294205,0.000063184
experiment_name,550b0825-437e-4d72-9d88-d41bc63734d2,function_execution_time,1779126931.0307834,0.000058466
experiment_name,550b0825-437e-4d72-9d88-d41bc63734d2,function_execution_time,1779126931.1320782,0.000054915
experiment_name,550b0825-437e-4d72-9d88-d41bc63734d2,function_execution_time,1779126931.233452,0.000065484
experiment_name,550b0825-437e-4d72-9d88-d41bc63734d2,function_execution_time,1779126931.3347578,0.000069303
experiment_name,550b0825-437e-4d72-9d88-d41bc63734d2,function_execution_time,1779126931.4361007,0.000056996
experiment_name,550b0825-437e-4d72-9d88-d41bc63734d2,function_execution_time,1779126931.5374267,0.00005889
experiment_name,550b0825-437e-4d72-9d88-d41bc63734d2,function_execution_time,1779126931.6387486,0.000054559
experiment_name,550b0825-437e-4d72-9d88-d41bc63734d2,function_execution_time,1779126931.7401867,0.000064595
experiment_name,550b0825-437e-4d72-9d88-d41bc63734d2,function_execution_time,1779126931.8415172,0.000055852
experiment_name,550b0825-437e-4d72-9d88-d41bc63734d2,function_execution_time,1779126931.9428282,0.00005393
experiment_name,550b0825-437e-4d72-9d88-d41bc63734d2,function_execution_time,1779126932.0441594,0.00005427
experiment_name,550b0825-437e-4d72-9d88-d41bc63734d2,function_execution_time,1779126932.1446362,0.000059051
experiment_name,550b0825-437e-4d72-9d88-d41bc63734d2,function_execution_time,1779126932.245981,0.000066588
experiment_name,550b0825-437e-4d72-9d88-d41bc63734d2,function_execution_time,1779126932.3472972,0.000056487
experiment_name,550b0825-437e-4d72-9d88-d41bc63734d2,function_execution_time,1779126932.4486454,0.000058834
experiment_name,550b0825-437e-4d72-9d88-d41bc63734d2,function_execution_time,1779126932.549909,0.000055102
experiment_name,550b0825-437e-4d72-9d88-d41bc63734d2,function_execution_time,1779126932.6513228,0.000060647
experiment_name,550b0825-437e-4d72-9d88-d41bc63734d2,function_execution_time,1779126932.7526999,0.000053132
experiment_name,550b0825-437e-4d72-9d88-d41bc63734d2,function_execution_time,1779126932.8540254,0.000054844
experiment_name,550b0825-437e-4d72-9d88-d41bc63734d2,function_execution_time,1779126932.955377,0.000058577
experiment_name,550b0825-437e-4d72-9d88-d41bc63734d2,function_execution_time,1779126933.056714,0.000061318
experiment_name,550b0825-437e-4d72-9d88-d41bc63734d2,function_execution_time,1779126933.1580317,0.00005283
experiment_name,550b0825-437e-4d72-9d88-d41bc63734d2,function_execution_time,1779126933.259295,0.000052981
experiment_name,550b0825-437e-4d72-9d88-d41bc63734d2,function_execution_time,1779126933.360607,0.000056658
experiment_name,550b0825-437e-4d72-9d88-d41bc63734d2,function_execution_time,1779126933.4619045,0.000064917
experiment_name,550b0825-437e-4d72-9d88-d41bc63734d2,function_execution_time,1779126933.5632257,0.000053277
experiment_name,550b0825-437e-4d72-9d88-d41bc63734d2,function_execution_time,1779126933.6635725,0.000052159
experiment_name,550b0825-437e-4d72-9d88-d41bc63734d2,function_execution_time,1779126933.7649639,0.000058465
experiment_name,550b0825-437e-4d72-9d88-d41bc63734d2,function_execution_time,1779126933.8662984,0.000064675
experiment_name,550b0825-437e-4d72-9d88-d41bc63734d2,function_execution_time,1779126933.9676356,0.000061802
experiment_name,550b0825-437e-4d72-9d88-d41bc63734d2,function_execution_time,1779126934.0689342,0.000053187
experiment_name,550b0825-437e-4d72-9d88-d41bc63734d2,function_execution_time,1779126934.170222,0.000053317
experiment_name,550b0825-437e-4d72-9d88-d41bc63734d2,function_execution_time,1779126934.2706988,0.000059488
experiment_name,550b0825-437e-4d72-9d88-d41bc63734d2,function_execution_time,1779126934.3720586,0.000061821
experiment_name,550b0825-437e-4d72-9d88-d41bc63734d2,function_execution_time,1779126934.4735162,0.000053142
experiment_name,550b0825-437e-4d72-9d88-d41bc63734d2,function_execution_time,1779126934.5748258,0.000058193
experiment_name,1aea548a-df8a-41eb-983a-8bf12546a449,function_execution_time,1779126929.7133098,0.000083924
experiment_name,1aea548a-df8a-41eb-983a-8bf12546a449,function_execution_time,1779126929.8145483,0.000080229
experiment_name,1aea548a-df8a-41eb-983a-8bf12546a449,function_execution_time,1779126929.9159396,0.000105702
experiment_name,1aea548a-df8a-41eb-983a-8bf12546a449,function_execution_time,1779126930.0172024,0.000106014
experiment_name,1aea548a-df8a-41eb-983a-8bf12546a449,function_execution_time,1779126930.1184556,0.000073592
experiment_name,1aea548a-df8a-41eb-983a-8bf12546a449,function_execution_time,1779126930.2197607,0.000076233
experiment_name,1aea548a-df8a-41eb-983a-8bf12546a449,function_execution_time,1779126930.321182,0.00008124
experiment_name,1aea548a-df8a-41eb-983a-8bf12546a449,function_execution_time,1779126930.4225671,0.000078256
experiment_name,1aea548a-df8a-41eb-983a-8bf12546a449,function_execution_time,1779126930.523863,0.00007167
experiment_name,1aea548a-df8a-41eb-983a-8bf12546a449,function_execution_time,1779126930.6253047,0.000177663
experiment_name,1aea548a-df8a-41eb-983a-8bf12546a449,function_execution_time,1779126930.7266133,0.000070386
experiment_name,1aea548a-df8a-41eb-983a-8bf12546a449,function_execution_time,1779126930.827935,0.000072121
experiment_name,1aea548a-df8a-41eb-983a-8bf12546a449,function_execution_time,1779126930.929345,0.000082264
experiment_name,1aea548a-df8a-41eb-983a-8bf12546a449,function_execution_time,1779126931.030608,0.000079986
experiment_name,1aea548a-df8a-41eb-983a-8bf12546a449,function_execution_time,1779126931.1319308,0.0000725
experiment_name,1aea548a-df8a-41eb-983a-8bf12546a449,function_execution_time,1779126931.2332752,0.000069823
experiment_name,1aea548a-df8a-41eb-983a-8bf12546a449,function_execution_time,1779126931.334605,0.000077147
experiment_name,1aea548a-df8a-41eb-983a-8bf12546a449,function_execution_time,1779126931.4359622,0.000071496
experiment_name,1aea548a-df8a-41eb-983a-8bf12546a449,function_execution_time,1779126931.5372858,0.000071089
experiment_name,1aea548a-df8a-41eb-983a-8bf12546a449,function_execution_time,1779126931.6386976,0.000156627
experiment_name,1aea548a-df8a-41eb-983a-8bf12546a449,function_execution_time,1779126931.7400093,0.000069771
experiment_name,1aea548a-df8a-41eb-983a-8bf12546a449,function_execution_time,1779126931.8413382,0.000068666
experiment_name,1aea548a-df8a-41eb-983a-8bf12546a449,function_execution_time,1779126931.942684,0.000072438
experiment_name,1aea548a-df8a-41eb-983a-8bf12546a449,function_execution_time,1779126932.0440655,0.00008814
experiment_name,1aea548a-df8a-41eb-983a-8bf12546a449,function_execution_time,1779126932.1446052,0.000099003
experiment_name,1aea548a-df8a-41eb-983a-8bf12546a449,function_execution_time,1779126932.2458313,0.000070103
experiment_name,1aea548a-df8a-41eb-983a-8bf12546a449,function_execution_time,1779126932.3471599,0.000081237
experiment_name,1aea548a-df8a-41eb-983a-8bf12546a449,function_execution_time,1779126932.4485056,0.000086543
experiment_name,1aea548a-df8a-41eb-983a-8bf12546a449,function_execution_time,1779126932.549832,0.000070349
experiment_name,1aea548a-df8a-41eb-983a-8bf12546a449,function_execution_time,1779126932.6512656,0.000158734
experiment_name,1aea548a-df8a-41eb-983a-8bf12546a449,function_execution_time,1779126932.7525527,0.000068628
experiment_name,1aea548a-df8a-41eb-983a-8bf12546a449,function_execution_time,1779126932.853883,0.000073873
experiment_name,1aea548a-df8a-41eb-983a-8bf12546a449,function_execution_time,1779126932.9552288,0.000080755
experiment_name,1aea548a-df8a-41eb-983a-8bf12546a449,function_execution_time,1779126933.0565472,0.000073871
experiment_name,1aea548a-df8a-41eb-983a-8bf12546a449,function_execution_time,1779126933.1578887,0.000071762
experiment_name,1aea548a-df8a-41eb-983a-8bf12546a449,function_execution_time,1779126933.2591348,0.000079465
experiment_name,1aea548a-df8a-41eb-983a-8bf12546a449,function_execution_time,1779126933.3604734,0.000089044
experiment_name,1aea548a-df8a-41eb-983a-8bf12546a449,function_execution_time,1779126933.461853,0.000083546
experiment_name,1aea548a-df8a-41eb-983a-8bf12546a449,function_execution_time,1779126933.5630882,0.000070514
experiment_name,1aea548a-df8a-41eb-983a-8bf12546a449,function_execution_time,1779126933.663511,0.000163458
experiment_name,1aea548a-df8a-41eb-983a-8bf12546a449,function_execution_time,1779126933.7648275,0.000070242
experiment_name,1aea548a-df8a-41eb-983a-8bf12546a449,function_execution_time,1779126933.8662481,0.000083662
experiment_name,1aea548a-df8a-41eb-983a-8bf12546a449,function_execution_time,1779126933.9675174,0.000099093
experiment_name,1aea548a-df8a-41eb-983a-8bf12546a449,function_execution_time,1779126934.0688236,0.000082792
experiment_name,1aea548a-df8a-41eb-983a-8bf12546a449,function_execution_time,1779126934.1700745,0.000070558
experiment_name,1aea548a-df8a-41eb-983a-8bf12546a449,function_execution_time,1779126934.2705524,0.00007188
experiment_name,1aea548a-df8a-41eb-983a-8bf12546a449,function_execution_time,1779126934.3719108,0.000086215
experiment_name,1aea548a-df8a-41eb-983a-8bf12546a449,function_execution_time,1779126934.4733815,0.000071602
experiment_name,1aea548a-df8a-41eb-983a-8bf12546a449,function_execution_time,1779126934.5747833,0.000081499
experiment_name,1aea548a-df8a-41eb-983a-8bf12546a449,function_transfer_time,1779126929.7131574,0.000079805
experiment_name,1aea548a-df8a-41eb-983a-8bf12546a449,function_transfer_time,1779126929.8144681,0.000074234
experiment_name,1aea548a-df8a-41eb-983a-8bf12546a449,function_transfer_time,1779126929.9157596,0.000035477
experiment_name,1aea548a-df8a-41eb-983a-8bf12546a449,function_transfer_time,1779126930.0170887,0.000033281
experiment_name,1aea548a-df8a-41eb-983a-8bf12546a449,function_transfer_time,1779126930.1183512,0.000024856
experiment_name,1aea548a-df8a-41eb-983a-8bf12546a449,function_transfer_time,1779126930.2196658,0.00002559
experiment_name,1aea548a-df8a-41eb-983a-8bf12546a449,function_transfer_time,1779126930.321097,0.000026974
experiment_name,1aea548a-df8a-41eb-983a-8bf12546a449,function_transfer_time,1779126930.422484,0.000079485
experiment_name,1aea548a-df8a-41eb-983a-8bf12546a449,function_transfer_time,1779126930.5237768,0.000026536
experiment_name,1aea548a-df8a-41eb-983a-8bf12546a449,function_transfer_time,1779126930.6251154,0.000090011
experiment_name,1aea548a-df8a-41eb-983a-8bf12546a449,function_transfer_time,1779126930.7265344,0.00007694
experiment_name,1aea548a-df8a-41eb-983a-8bf12546a449,function_transfer_time,1779126930.8278441,0.000082835
experiment_name,1aea548a-df8a-41eb-983a-8bf12546a449,function_transfer_time,1779126930.9291897,0.000077554
experiment_name,1aea548a-df8a-41eb-983a-8bf12546a449,function_transfer_time,1779126931.0305228,0.000086609
experiment_name,1aea548a-df8a-41eb-983a-8bf12546a449,function_transfer_time,1779126931.1318505,0.00007626
experiment_name,1aea548a-df8a-41eb-983a-8bf12546a449,function_transfer_time,1779126931.2331886,0.000082194
experiment_name,1aea548a-df8a-41eb-983a-8bf12546a449,function_transfer_time,1779126931.3345196,0.000086877
experiment_name,1aea548a-df8a-41eb-983a-8bf12546a449,function_transfer_time,1779126931.435878,0.000089316
experiment_name,1aea548a-df8a-41eb-983a-8bf12546a449,function_transfer_time,1779126931.5372021,0.000087969
experiment_name,1aea548a-df8a-41eb-983a-8bf12546a449,function_transfer_time,1779126931.6385393,0.000082311
experiment_name,1aea548a-df8a-41eb-983a-8bf12546a449,function_transfer_time,1779126931.7399297,0.000075877
experiment_name,1aea548a-df8a-41eb-983a-8bf12546a449,function_transfer_time,1779126931.8412464,0.000079361
experiment_name,1aea548a-df8a-41eb-983a-8bf12546a449,function_transfer_time,1779126931.9426036,0.000080588
experiment_name,1aea548a-df8a-41eb-983a-8bf12546a449,function_transfer_time,1779126932.04391,0.000075596
experiment_name,1aea548a-df8a-41eb-983a-8bf12546a449,function_transfer_time,1779126932.1444137,0.000076495
experiment_name,1aea548a-df8a-41eb-983a-8bf12546a449,function_transfer_time,1779126932.2457485,0.000098578
experiment_name,1aea548a-df8a-41eb-983a-8bf12546a449,function_transfer_time,1779126932.3470743,0.000079648
experiment_name,1aea548a-df8a-41eb-983a-8bf12546a449,function_transfer_time,1779126932.4484198,0.000081092
experiment_name,1aea548a-df8a-41eb-983a-8bf12546a449,function_transfer_time,1779126932.5497477,0.000088461
experiment_name,1aea548a-df8a-41eb-983a-8bf12546a449,function_transfer_time,1779126932.6510968,0.000085662
experiment_name,1aea548a-df8a-41eb-983a-8bf12546a449,function_transfer_time,1779126932.7524652,0.000078756
experiment_name,1aea548a-df8a-41eb-983a-8bf12546a449,function_transfer_time,1779126932.853802,0.000080476
experiment_name,1aea548a-df8a-41eb-983a-8bf12546a449,function_transfer_time,1779126932.9551475,0.000078773
experiment_name,1aea548a-df8a-41eb-983a-8bf12546a449,function_transfer_time,1779126933.056466,0.000080271
experiment_name,1aea548a-df8a-41eb-983a-8bf12546a449,function_transfer_time,1779126933.1578074,0.000079095
experiment_name,1aea548a-df8a-41eb-983a-8bf12546a449,function_transfer_time,1779126933.259055,0.000022502
experiment_name,1aea548a-df8a-41eb-983a-8bf12546a449,function_transfer_time,1779126933.360386,0.000085049
experiment_name,1aea548a-df8a-41eb-983a-8bf12546a449,function_transfer_time,1779126933.461702,0.000079699
experiment_name,1aea548a-df8a-41eb-983a-8bf12546a449,function_transfer_time,1779126933.5630114,0.000076525
experiment_name,1aea548a-df8a-41eb-983a-8bf12546a449,function_transfer_time,1779126933.6633453,0.000076384
experiment_name,1aea548a-df8a-41eb-983a-8bf12546a449,function_transfer_time,1779126933.7647395,0.000094848
experiment_name,1aea548a-df8a-41eb-983a-8bf12546a449,function_transfer_time,1779126933.8660965,0.0000885
experiment_name,1aea548a-df8a-41eb-983a-8bf12546a449,function_transfer_time,1779126933.9674053,0.00008764
experiment_name,1aea548a-df8a-41eb-983a-8bf12546a449,function_transfer_time,1779126934.0687318,0.000076487
experiment_name,1aea548a-df8a-41eb-983a-8bf12546a449,function_transfer_time,1779126934.1699965,0.000076917
experiment_name,1aea548a-df8a-41eb-983a-8bf12546a449,function_transfer_time,1779126934.2704732,0.000082611
experiment_name,1aea548a-df8a-41eb-983a-8bf12546a449,function_transfer_time,1779126934.371896,0.000086168
experiment_name,1aea548a-df8a-41eb-983a-8bf12546a449,function_transfer_time,1779126934.473296,0.000086889
experiment_name,1aea548a-df8a-41eb-983a-8bf12546a449,function_transfer_time,1779126934.5746305,0.00008099
experiment_name,550b0825-437e-4d72-9d88-d41bc63734d2,function_transfer_time,1779126929.7133148,0.000102219
experiment_name,550b0825-437e-4d72-9d88-d41bc63734d2,function_transfer_time,1779126929.814653,0.000126011
experiment_name,550b0825-437e-4d72-9d88-d41bc63734d2,function_transfer_time,1779126929.9159431,0.000114531
experiment_name,550b0825-437e-4d72-9d88-d41bc63734d2,function_transfer_time,1779126930.0172613,0.000099972
experiment_name,550b0825-437e-4d72-9d88-d41bc63734d2,function_transfer_time,1779126930.1185532,0.000135628
experiment_name,550b0825-437e-4d72-9d88-d41bc63734d2,function_transfer_time,1779126930.2198403,0.000122391
experiment_name,550b0825-437e-4d72-9d88-d41bc63734d2,function_transfer_time,1779126930.3212729,0.000104363
experiment_name,550b0825-437e-4d72-9d88-d41bc63734d2,function_transfer_time,1779126930.4226625,0.00011196
experiment_name,550b0825-437e-4d72-9d88-d41bc63734d2,function_transfer_time,1779126930.523969,0.000115987
experiment_name,550b0825-437e-4d72-9d88-d41bc63734d2,function_transfer_time,1779126930.6253011,0.00004013
experiment_name,550b0825-437e-4d72-9d88-d41bc63734d2,function_transfer_time,1779126930.7267046,0.000110928
experiment_name,550b0825-437e-4d72-9d88-d41bc63734d2,function_transfer_time,1779126930.8280518,0.000148784
experiment_name,550b0825-437e-4d72-9d88-d41bc63734d2,function_transfer_time,1779126930.9293492,0.000106782
experiment_name,550b0825-437e-4d72-9d88-d41bc63734d2,function_transfer_time,1779126931.0307245,0.000145428
experiment_name,550b0825-437e-4d72-9d88-d41bc63734d2,function_transfer_time,1779126931.1320195,0.000108452
experiment_name,550b0825-437e-4d72-9d88-d41bc63734d2,function_transfer_time,1779126931.2333841,0.000140164
experiment_name,550b0825-437e-4d72-9d88-d41bc63734d2,function_transfer_time,1779126931.334711,0.000112509
experiment_name,550b0825-437e-4d72-9d88-d41bc63734d2,function_transfer_time,1779126931.4360542,0.000116189
experiment_name,550b0825-437e-4d72-9d88-d41bc63734d2,function_transfer_time,1779126931.5373828,0.000116223
experiment_name,550b0825-437e-4d72-9d88-d41bc63734d2,function_transfer_time,1779126931.6386948,0.000034517
experiment_name,550b0825-437e-4d72-9d88-d41bc63734d2,function_transfer_time,1779126931.7401204,0.000130747
experiment_name,550b0825-437e-4d72-9d88-d41bc63734d2,function_transfer_time,1779126931.8414612,0.000157943
experiment_name,550b0825-437e-4d72-9d88-d41bc63734d2,function_transfer_time,1779126931.9427712,0.000108292
experiment_name,550b0825-437e-4d72-9d88-d41bc63734d2,function_transfer_time,1779126932.0440915,0.000120578
experiment_name,550b0825-437e-4d72-9d88-d41bc63734d2,function_transfer_time,1779126932.1446078,0.000095416
experiment_name,550b0825-437e-4d72-9d88-d41bc63734d2,function_transfer_time,1779126932.2459292,0.000115121
experiment_name,550b0825-437e-4d72-9d88-d41bc63734d2,function_transfer_time,1779126932.3472521,0.000112968
experiment_name,550b0825-437e-4d72-9d88-d41bc63734d2,function_transfer_time,1779126932.4486015,0.000102904
experiment_name,550b0825-437e-4d72-9d88-d41bc63734d2,function_transfer_time,1779126932.5499065,0.000055582
experiment_name,550b0825-437e-4d72-9d88-d41bc63734d2,function_transfer_time,1779126932.6512623,0.00003816
experiment_name,550b0825-437e-4d72-9d88-d41bc63734d2,function_transfer_time,1779126932.7526433,0.000119295
experiment_name,550b0825-437e-4d72-9d88-d41bc63734d2,function_transfer_time,1779126932.8539696,0.000110546
experiment_name,550b0825-437e-4d72-9d88-d41bc63734d2,function_transfer_time,1779126932.9553182,0.000102051
experiment_name,550b0825-437e-4d72-9d88-d41bc63734d2,function_transfer_time,1779126933.0566525,0.000129037
experiment_name,550b0825-437e-4d72-9d88-d41bc63734d2,function_transfer_time,1779126933.1579773,0.000109099
experiment_name,550b0825-437e-4d72-9d88-d41bc63734d2,function_transfer_time,1779126933.2592416,0.000130778
experiment_name,550b0825-437e-4d72-9d88-d41bc63734d2,function_transfer_time,1779126933.360567,0.000112615
experiment_name,550b0825-437e-4d72-9d88-d41bc63734d2,function_transfer_time,1779126933.4618564,0.000087115
experiment_name,550b0825-437e-4d72-9d88-d41bc63734d2,function_transfer_time,1779126933.56317,0.000099956
experiment_name,550b0825-437e-4d72-9d88-d41bc63734d2,function_transfer_time,1779126933.6635134,0.000041252
experiment_name,550b0825-437e-4d72-9d88-d41bc63734d2,function_transfer_time,1779126933.76492,0.000115534
experiment_name,550b0825-437e-4d72-9d88-d41bc63734d2,function_transfer_time,1779126933.8662515,0.000083669
experiment_name,550b0825-437e-4d72-9d88-d41bc63734d2,function_transfer_time,1779126933.9675698,0.000094406
experiment_name,550b0825-437e-4d72-9d88-d41bc63734d2,function_transfer_time,1779126934.0688765,0.000089499
experiment_name,550b0825-437e-4d72-9d88-d41bc63734d2,function_transfer_time,1779126934.1701663,0.000109781
experiment_name,550b0825-437e-4d72-9d88-d41bc63734d2,function_transfer_time,1779126934.2706382,0.000111531
experiment_name,550b0825-437e-4d72-9d88-d41bc63734d2,function_transfer_time,1779126934.3719974,0.000111807
experiment_name,550b0825-437e-4d72-9d88-d41bc63734d2,function_transfer_time,1779126934.4734638,0.000114752
experiment_name,550b0825-437e-4d72-9d88-d41bc63734d2,function_transfer_time,1779126934.5747864,0.000084535
experiment_name,1aea548a-df8a-41eb-983a-8bf12546a449,function_execution_time,1779126934.67587,0.000166302
experiment_name,1aea548a-df8a-41eb-983a-8bf12546a449,function_execution_time,1779126934.777278,0.000070418
experiment_name,1aea548a-df8a-41eb-983a-8bf12546a449,function_execution_time,1779126934.8786209,0.000072262
experiment_name,1aea548a-df8a-41eb-983a-8bf12546a449,function_execution_time,1779126934.9799268,0.000069297
experiment_name,1aea548a-df8a-41eb-983a-8bf12546a449,function_execution_time,1779126935.0813522,0.0000847
experiment_name,1aea548a-df8a-41eb-983a-8bf12546a449,function_execution_time,1779126935.1825824,0.000073988
experiment_name,1aea548a-df8a-41eb-983a-8bf12546a449,function_execution_time,1779126935.2840514,0.000089859
experiment_name,1aea548a-df8a-41eb-983a-8bf12546a449,function_execution_time,1779126935.3851838,0.000073666
experiment_name,1aea548a-df8a-41eb-983a-8bf12546a449,function_execution_time,1779126935.4865906,0.000089909
experiment_name,1aea548a-df8a-41eb-983a-8bf12546a449,function_execution_time,1779126935.5878322,0.000072905
experiment_name,1aea548a-df8a-41eb-983a-8bf12546a449,function_execution_time,1779126935.6893082,0.000150021
experiment_name,1aea548a-df8a-41eb-983a-8bf12546a449,function_execution_time,1779126935.7906919,0.000073588
experiment_name,1aea548a-df8a-41eb-983a-8bf12546a449,function_execution_time,1779126935.892006,0.000068756
experiment_name,1aea548a-df8a-41eb-983a-8bf12546a449,function_execution_time,1779126935.9933326,0.000080223
experiment_name,1aea548a-df8a-41eb-983a-8bf12546a449,function_execution_time,1779126936.0947177,0.000104302
experiment_name,1aea548a-df8a-41eb-983a-8bf12546a449,function_execution_time,1779126936.1959977,0.000071055
experiment_name,1aea548a-df8a-41eb-983a-8bf12546a449,function_execution_time,1779126936.2973566,0.000074268
experiment_name,1aea548a-df8a-41eb-983a-8bf12546a449,function_execution_time,1779126936.3986557,0.000081537
experiment_name,1aea548a-df8a-41eb-983a-8bf12546a449,function_execution_time,1779126936.4999924,0.000072759
experiment_name,1aea548a-df8a-41eb-983a-8bf12546a449,function_execution_time,1779126936.6012924,0.000071389
experiment_name,1aea548a-df8a-41eb-983a-8bf12546a449,function_execution_time,1779126936.702725,0.00018666
experiment_name,1aea548a-df8a-41eb-983a-8bf12546a449,function_execution_time,1779126936.8041313,0.000073104
experiment_name,1aea548a-df8a-41eb-983a-8bf12546a449,function_execution_time,1779126936.9044623,0.000074956
experiment_name,1aea548a-df8a-41eb-983a-8bf12546a449,function_execution_time,1779126937.005796,0.000073161
experiment_name,1aea548a-df8a-41eb-983a-8bf12546a449,function_execution_time,1779126937.1071002,0.000081707
experiment_name,1aea548a-df8a-41eb-983a-8bf12546a449,function_execution_time,1779126937.207443,0.000070159
experiment_name,1aea548a-df8a-41eb-983a-8bf12546a449,function_execution_time,1779126937.308788,0.000071372
experiment_name,1aea548a-df8a-41eb-983a-8bf12546a449,function_execution_time,1779126937.4101055,0.000080997
experiment_name,1aea548a-df8a-41eb-983a-8bf12546a449,function_execution_time,1779126937.5104568,0.000082292
experiment_name,1aea548a-df8a-41eb-983a-8bf12546a449,function_execution_time,1779126937.6117628,0.000072756
experiment_name,1aea548a-df8a-41eb-983a-8bf12546a449,function_execution_time,1779126937.7131963,0.000163714
experiment_name,1aea548a-df8a-41eb-983a-8bf12546a449,function_execution_time,1779126937.8145561,0.000099599
experiment_name,1aea548a-df8a-41eb-983a-8bf12546a449,function_execution_time,1779126937.915815,0.000069826
experiment_name,1aea548a-df8a-41eb-983a-8bf12546a449,function_execution_time,1779126938.0171478,0.000068788
experiment_name,1aea548a-df8a-41eb-983a-8bf12546a449,function_execution_time,1779126938.1183956,0.000066575
experiment_name,1aea548a-df8a-41eb-983a-8bf12546a449,function_execution_time,1779126938.219677,0.000082458
experiment_name,1aea548a-df8a-41eb-983a-8bf12546a449,function_execution_time,1779126938.3209589,0.000078319
experiment_name,1aea548a-df8a-41eb-983a-8bf12546a449,function_execution_time,1779126938.4222999,0.000084184
experiment_name,1aea548a-df8a-41eb-983a-8bf12546a449,function_execution_time,1779126938.52352,0.000091192
experiment_name,1aea548a-df8a-41eb-983a-8bf12546a449,function_execution_time,1779126938.6248178,0.000075968
experiment_name,1aea548a-df8a-41eb-983a-8bf12546a449,function_execution_time,1779126938.7262566,0.000146707
experiment_name,1aea548a-df8a-41eb-983a-8bf12546a449,function_execution_time,1779126938.8276277,0.000097062
experiment_name,1aea548a-df8a-41eb-983a-8bf12546a449,function_execution_time,1779126938.9289088,0.000076274
experiment_name,1aea548a-df8a-41eb-983a-8bf12546a449,function_execution_time,1779126939.0302167,0.000106536
experiment_name,1aea548a-df8a-41eb-983a-8bf12546a449,function_execution_time,1779126939.131592,0.000101376
experiment_name,1aea548a-df8a-41eb-983a-8bf12546a449,function_execution_time,1779126939.232935,0.00009769
experiment_name,1aea548a-df8a-41eb-983a-8bf12546a449,function_execution_time,1779126939.3341122,0.000074434
experiment_name,1aea548a-df8a-41eb-983a-8bf12546a449,function_execution_time,1779126939.4344554,0.000089827
experiment_name,1aea548a-df8a-41eb-983a-8bf12546a449,function_execution_time,1779126939.535778,0.000081356
experiment_name,550b0825-437e-4d72-9d88-d41bc63734d2,function_execution_time,1779126934.6759312,0.000057633
experiment_name,550b0825-437e-4d72-9d88-d41bc63734d2,function_execution_time,1779126934.7774334,0.000061596
experiment_name,550b0825-437e-4d72-9d88-d41bc63734d2,function_execution_time,1779126934.878776,0.000060862
experiment_name,550b0825-437e-4d72-9d88-d41bc63734d2,function_execution_time,1779126934.9800737,0.000053096
experiment_name,550b0825-437e-4d72-9d88-d41bc63734d2,function_execution_time,1779126935.0814495,0.000055092
experiment_name,550b0825-437e-4d72-9d88-d41bc63734d2,function_execution_time,1779126935.18272,0.000054925
experiment_name,550b0825-437e-4d72-9d88-d41bc63734d2,function_execution_time,1779126935.2840981,0.000079529
experiment_name,550b0825-437e-4d72-9d88-d41bc63734d2,function_execution_time,1779126935.385378,0.000061571
experiment_name,550b0825-437e-4d72-9d88-d41bc63734d2,function_execution_time,1779126935.486639,0.000059117
experiment_name,550b0825-437e-4d72-9d88-d41bc63734d2,function_execution_time,1779126935.5879314,0.000067377
experiment_name,550b0825-437e-4d72-9d88-d41bc63734d2,function_execution_time,1779126935.6893516,0.000049489
experiment_name,550b0825-437e-4d72-9d88-d41bc63734d2,function_execution_time,1779126935.7907736,0.00003933
experiment_name,550b0825-437e-4d72-9d88-d41bc63734d2,function_execution_time,1779126935.892078,0.000040592
experiment_name,550b0825-437e-4d72-9d88-d41bc63734d2,function_execution_time,1779126935.9934032,0.000040932
experiment_name,550b0825-437e-4d72-9d88-d41bc63734d2,function_execution_time,1779126936.094756,0.000066501
experiment_name,550b0825-437e-4d72-9d88-d41bc63734d2,function_execution_time,1779126936.1960752,0.000036816
experiment_name,550b0825-437e-4d72-9d88-d41bc63734d2,function_execution_time,1779126936.2974098,0.000039907
experiment_name,550b0825-437e-4d72-9d88-d41bc63734d2,function_execution_time,1779126936.3987281,0.000037413
experiment_name,550b0825-437e-4d72-9d88-d41bc63734d2,function_execution_time,1779126936.5000646,0.000033062
experiment_name,550b0825-437e-4d72-9d88-d41bc63734d2,function_execution_time,1779126936.6013696,0.000033137
experiment_name,550b0825-437e-4d72-9d88-d41bc63734d2,function_execution_time,1779126936.7027469,0.000078108
experiment_name,550b0825-437e-4d72-9d88-d41bc63734d2,function_execution_time,1779126936.8042068,0.000032771
experiment_name,550b0825-437e-4d72-9d88-d41bc63734d2,function_execution_time,1779126936.9045427,0.000044944
experiment_name,550b0825-437e-4d72-9d88-d41bc63734d2,function_execution_time,1779126937.0058672,0.000033141
experiment_name,550b0825-437e-4d72-9d88-d41bc63734d2,function_execution_time,1779126937.1071832,0.000033843
experiment_name,550b0825-437e-4d72-9d88-d41bc63734d2,function_execution_time,1779126937.2075143,0.000033496
experiment_name,550b0825-437e-4d72-9d88-d41bc63734d2,function_execution_time,1779126937.3088615,0.000037583
experiment_name,550b0825-437e-4d72-9d88-d41bc63734d2,function_execution_time,1779126937.4102526,0.000054098
experiment_name,550b0825-437e-4d72-9d88-d41bc63734d2,function_execution_time,1779126937.5106158,0.000053403
experiment_name,550b0825-437e-4d72-9d88-d41bc63734d2,function_execution_time,1779126937.6119132,0.000054943
experiment_name,550b0825-437e-4d72-9d88-d41bc63734d2,function_execution_time,1779126937.7132564,0.000063664
experiment_name,550b0825-437e-4d72-9d88-d41bc63734d2,function_execution_time,1779126937.814647,0.000062316
experiment_name,550b0825-437e-4d72-9d88-d41bc63734d2,function_execution_time,1779126937.9159877,0.000057659
experiment_name,550b0825-437e-4d72-9d88-d41bc63734d2,function_execution_time,1779126938.0172973,0.000052993
experiment_name,550b0825-437e-4d72-9d88-d41bc63734d2,function_execution_time,1779126938.1185393,0.000053532
experiment_name,550b0825-437e-4d72-9d88-d41bc63734d2,function_execution_time,1779126938.219795,0.000059711
experiment_name,550b0825-437e-4d72-9d88-d41bc63734d2,function_execution_time,1779126938.3210213,0.000054687
experiment_name,550b0825-437e-4d72-9d88-d41bc63734d2,function_execution_time,1779126938.4223888,0.000058157
experiment_name,550b0825-437e-4d72-9d88-d41bc63734d2,function_execution_time,1779126938.5236394,0.000056375
experiment_name,550b0825-437e-4d72-9d88-d41bc63734d2,function_execution_time,1779126938.6249797,0.000063851
experiment_name,550b0825-437e-4d72-9d88-d41bc63734d2,function_execution_time,1779126938.7263134,0.0000559
experiment_name,550b0825-437e-4d72-9d88-d41bc63734d2,function_execution_time,1779126938.827714,0.000057362
experiment_name,550b0825-437e-4d72-9d88-d41bc63734d2,function_execution_time,1779126938.9290679,0.000057905
experiment_name,550b0825-437e-4d72-9d88-d41bc63734d2,function_execution_time,1779126939.0302835,0.000066709
experiment_name,550b0825-437e-4d72-9d88-d41bc63734d2,function_execution_time,1779126939.1316662,0.000061777
experiment_name,550b0825-437e-4d72-9d88-d41bc63734d2,function_execution_time,1779126939.2330422,0.000068542
experiment_name,550b0825-437e-4d72-9d88-d41bc63734d2,function_execution_time,1779126939.3342795,0.00006064
experiment_name,550b0825-437e-4d72-9d88-d41bc63734d2,function_execution_time,1779126939.4346194,0.000057939
experiment_name,550b0825-437e-4d72-9d88-d41bc63734d2,function_execution_time,1779126939.5359318,0.000064337
experiment_name,1aea548a-df8a-41eb-983a-8bf12546a449,function_transfer_time,1779126934.6757052,0.000080335
experiment_name,1aea548a-df8a-41eb-983a-8bf12546a449,function_transfer_time,1779126934.7771847,0.000086465
experiment_name,1aea548a-df8a-41eb-983a-8bf12546a449,function_transfer_time,1779126934.8785424,0.000079835
experiment_name,1aea548a-df8a-41eb-983a-8bf12546a449,function_transfer_time,1779126934.9798474,0.000075665
experiment_name,1aea548a-df8a-41eb-983a-8bf12546a449,function_transfer_time,1779126935.0811963,0.000084849
experiment_name,1aea548a-df8a-41eb-983a-8bf12546a449,function_transfer_time,1779126935.182501,0.000079213
experiment_name,1aea548a-df8a-41eb-983a-8bf12546a449,function_transfer_time,1779126935.2838469,0.000025897
experiment_name,1aea548a-df8a-41eb-983a-8bf12546a449,function_transfer_time,1779126935.3851037,0.00002851
experiment_name,1aea548a-df8a-41eb-983a-8bf12546a449,function_transfer_time,1779126935.4864264,0.000082149
experiment_name,1aea548a-df8a-41eb-983a-8bf12546a449,function_transfer_time,1779126935.5878284,0.000081904
experiment_name,1aea548a-df8a-41eb-983a-8bf12546a449,function_transfer_time,1779126935.6891603,0.000077831
experiment_name,1aea548a-df8a-41eb-983a-8bf12546a449,function_transfer_time,1779126935.790611,0.00008234
experiment_name,1aea548a-df8a-41eb-983a-8bf12546a449,function_transfer_time,1779126935.8919265,0.000082589
experiment_name,1aea548a-df8a-41eb-983a-8bf12546a449,function_transfer_time,1779126935.9932513,0.000075715
experiment_name,1aea548a-df8a-41eb-983a-8bf12546a449,function_transfer_time,1779126936.0946093,0.000089405
experiment_name,1aea548a-df8a-41eb-983a-8bf12546a449,function_transfer_time,1779126936.1959133,0.000081439
experiment_name,1aea548a-df8a-41eb-983a-8bf12546a449,function_transfer_time,1779126936.2972608,0.000077387
experiment_name,1aea548a-df8a-41eb-983a-8bf12546a449,function_transfer_time,1779126936.3985758,0.000075794
experiment_name,1aea548a-df8a-41eb-983a-8bf12546a449,function_transfer_time,1779126936.4999127,0.000083453
experiment_name,1aea548a-df8a-41eb-983a-8bf12546a449,function_transfer_time,1779126936.6012144,0.000073647
experiment_name,1aea548a-df8a-41eb-983a-8bf12546a449,function_transfer_time,1779126936.7025948,0.000077215
experiment_name,1aea548a-df8a-41eb-983a-8bf12546a449,function_transfer_time,1779126936.8040042,0.000080198
experiment_name,1aea548a-df8a-41eb-983a-8bf12546a449,function_transfer_time,1779126936.9043586,0.000077373
experiment_name,1aea548a-df8a-41eb-983a-8bf12546a449,function_transfer_time,1779126937.0057151,0.000076501
experiment_name,1aea548a-df8a-41eb-983a-8bf12546a449,function_transfer_time,1779126937.1070194,0.000078414
experiment_name,1aea548a-df8a-41eb-983a-8bf12546a449,function_transfer_time,1779126937.2073529,0.000084688
experiment_name,1aea548a-df8a-41eb-983a-8bf12546a449,function_transfer_time,1779126937.308708,0.000079854
experiment_name,1aea548a-df8a-41eb-983a-8bf12546a449,function_transfer_time,1779126937.410025,0.000079857
experiment_name,1aea548a-df8a-41eb-983a-8bf12546a449,function_transfer_time,1779126937.5103729,0.000080882
experiment_name,1aea548a-df8a-41eb-983a-8bf12546a449,function_transfer_time,1779126937.6116848,0.000080063
experiment_name,1aea548a-df8a-41eb-983a-8bf12546a449,function_transfer_time,1779126937.7130322,0.000088756
experiment_name,1aea548a-df8a-41eb-983a-8bf12546a449,function_transfer_time,1779126937.81441,0.000087121
experiment_name,1aea548a-df8a-41eb-983a-8bf12546a449,function_transfer_time,1779126937.9157333,0.000081406
experiment_name,1aea548a-df8a-41eb-983a-8bf12546a449,function_transfer_time,1779126938.017069,0.000074381
experiment_name,1aea548a-df8a-41eb-983a-8bf12546a449,function_transfer_time,1779126938.118316,0.00001861
experiment_name,1aea548a-df8a-41eb-983a-8bf12546a449,function_transfer_time,1779126938.2195895,0.00002194
experiment_name,1aea548a-df8a-41eb-983a-8bf12546a449,function_transfer_time,1779126938.3208263,0.000022261
experiment_name,1aea548a-df8a-41eb-983a-8bf12546a449,function_transfer_time,1779126938.4221413,0.000084789
experiment_name,1aea548a-df8a-41eb-983a-8bf12546a449,function_transfer_time,1779126938.5234215,0.000023081
experiment_name,1aea548a-df8a-41eb-983a-8bf12546a449,function_transfer_time,1779126938.6247425,0.000084869
experiment_name,1aea548a-df8a-41eb-983a-8bf12546a449,function_transfer_time,1779126938.726102,0.000086313
experiment_name,1aea548a-df8a-41eb-983a-8bf12546a449,function_transfer_time,1779126938.827467,0.000090917
experiment_name,1aea548a-df8a-41eb-983a-8bf12546a449,function_transfer_time,1779126938.928815,0.000080891
experiment_name,1aea548a-df8a-41eb-983a-8bf12546a449,function_transfer_time,1779126939.030101,0.000027649
experiment_name,1aea548a-df8a-41eb-983a-8bf12546a449,function_transfer_time,1779126939.131424,0.000082435
experiment_name,1aea548a-df8a-41eb-983a-8bf12546a449,function_transfer_time,1779126939.232767,0.000085989
experiment_name,1aea548a-df8a-41eb-983a-8bf12546a449,function_transfer_time,1779126939.3340309,0.000022802
experiment_name,1aea548a-df8a-41eb-983a-8bf12546a449,function_transfer_time,1779126939.4343681,0.000075406
experiment_name,1aea548a-df8a-41eb-983a-8bf12546a449,function_transfer_time,1779126939.5356922,0.000081732
experiment_name,550b0825-437e-4d72-9d88-d41bc63734d2,function_transfer_time,1779126934.675867,0.000032738
experiment_name,550b0825-437e-4d72-9d88-d41bc63734d2,function_transfer_time,1779126934.7773695,0.000129593
experiment_name,550b0825-437e-4d72-9d88-d41bc63734d2,function_transfer_time,1779126934.878716,0.000118166
experiment_name,550b0825-437e-4d72-9d88-d41bc63734d2,function_transfer_time,1779126934.9800205,0.000118755
experiment_name,550b0825-437e-4d72-9d88-d41bc63734d2,function_transfer_time,1779126935.0813756,0.000119212
experiment_name,550b0825-437e-4d72-9d88-d41bc63734d2,function_transfer_time,1779126935.182665,0.00010718
experiment_name,550b0825-437e-4d72-9d88-d41bc63734d2,function_transfer_time,1779126935.2840548,0.000104024
experiment_name,550b0825-437e-4d72-9d88-d41bc63734d2,function_transfer_time,1779126935.3853161,0.000155623
experiment_name,550b0825-437e-4d72-9d88-d41bc63734d2,function_transfer_time,1779126935.4865959,0.000089784
experiment_name,550b0825-437e-4d72-9d88-d41bc63734d2,function_transfer_time,1779126935.5879052,0.000048152
experiment_name,550b0825-437e-4d72-9d88-d41bc63734d2,function_transfer_time,1779126935.6893053,0.00002549
experiment_name,550b0825-437e-4d72-9d88-d41bc63734d2,function_transfer_time,1779126935.7907696,0.000043288
experiment_name,550b0825-437e-4d72-9d88-d41bc63734d2,function_transfer_time,1779126935.892074,0.000046435
experiment_name,550b0825-437e-4d72-9d88-d41bc63734d2,function_transfer_time,1779126935.9933996,0.000046136
experiment_name,550b0825-437e-4d72-9d88-d41bc63734d2,function_transfer_time,1779126936.0946894,0.00002519
experiment_name,550b0825-437e-4d72-9d88-d41bc63734d2,function_transfer_time,1779126936.1960711,0.000046137
experiment_name,550b0825-437e-4d72-9d88-d41bc63734d2,function_transfer_time,1779126936.2973704,0.000056552
experiment_name,550b0825-437e-4d72-9d88-d41bc63734d2,function_transfer_time,1779126936.3987243,0.000037713
experiment_name,550b0825-437e-4d72-9d88-d41bc63734d2,function_transfer_time,1779126936.5000608,0.000041938
experiment_name,550b0825-437e-4d72-9d88-d41bc63734d2,function_transfer_time,1779126936.601366,0.000057557
experiment_name,550b0825-437e-4d72-9d88-d41bc63734d2,function_transfer_time,1779126936.7026644,0.000021676
experiment_name,550b0825-437e-4d72-9d88-d41bc63734d2,function_transfer_time,1779126936.804203,0.000090611
experiment_name,550b0825-437e-4d72-9d88-d41bc63734d2,function_transfer_time,1779126936.9045384,0.000064839
experiment_name,550b0825-437e-4d72-9d88-d41bc63734d2,function_transfer_time,1779126937.0058632,0.000043271
experiment_name,550b0825-437e-4d72-9d88-d41bc63734d2,function_transfer_time,1779126937.1071792,0.000037567
experiment_name,550b0825-437e-4d72-9d88-d41bc63734d2,function_transfer_time,1779126937.2075114,0.000058314
experiment_name,550b0825-437e-4d72-9d88-d41bc63734d2,function_transfer_time,1779126937.3088577,0.000042253
experiment_name,550b0825-437e-4d72-9d88-d41bc63734d2,function_transfer_time,1779126937.4101982,0.000111342
experiment_name,550b0825-437e-4d72-9d88-d41bc63734d2,function_transfer_time,1779126937.5105622,0.000140197
experiment_name,550b0825-437e-4d72-9d88-d41bc63734d2,function_transfer_time,1779126937.611858,0.000117787
experiment_name,550b0825-437e-4d72-9d88-d41bc63734d2,function_transfer_time,1779126937.7131934,0.000034161
experiment_name,550b0825-437e-4d72-9d88-d41bc63734d2,function_transfer_time,1779126937.8145778,0.000100313
experiment_name,550b0825-437e-4d72-9d88-d41bc63734d2,function_transfer_time,1779126937.9159303,0.000140609
experiment_name,550b0825-437e-4d72-9d88-d41bc63734d2,function_transfer_time,1779126938.0172439,0.000121036
experiment_name,550b0825-437e-4d72-9d88-d41bc63734d2,function_transfer_time,1779126938.1184845,0.000109891
experiment_name,550b0825-437e-4d72-9d88-d41bc63734d2,function_transfer_time,1779126938.2197287,0.000085088
experiment_name,550b0825-437e-4d72-9d88-d41bc63734d2,function_transfer_time,1779126938.3209617,0.000085111
experiment_name,550b0825-437e-4d72-9d88-d41bc63734d2,function_transfer_time,1779126938.422321,0.000127365
experiment_name,550b0825-437e-4d72-9d88-d41bc63734d2,function_transfer_time,1779126938.5235765,0.000089906
experiment_name,550b0825-437e-4d72-9d88-d41bc63734d2,function_transfer_time,1779126938.6249163,0.000116085
experiment_name,550b0825-437e-4d72-9d88-d41bc63734d2,function_transfer_time,1779126938.726259,0.0000363
experiment_name,550b0825-437e-4d72-9d88-d41bc63734d2,function_transfer_time,1779126938.8276486,0.000112554
experiment_name,550b0825-437e-4d72-9d88-d41bc63734d2,function_transfer_time,1779126938.9290097,0.000136031
experiment_name,550b0825-437e-4d72-9d88-d41bc63734d2,function_transfer_time,1779126939.0302134,0.000036736
experiment_name,550b0825-437e-4d72-9d88-d41bc63734d2,function_transfer_time,1779126939.1315951,0.000111561
experiment_name,550b0825-437e-4d72-9d88-d41bc63734d2,function_transfer_time,1779126939.2329662,0.000132859
experiment_name,550b0825-437e-4d72-9d88-d41bc63734d2,function_transfer_time,1779126939.334219,0.000130653
experiment_name,550b0825-437e-4d72-9d88-d41bc63734d2,function_transfer_time,1779126939.4345613,0.000137293
experiment_name,550b0825-437e-4d72-9d88-d41bc63734d2,function_transfer_time,1779126939.5358672,0.000110725
experiment_name,550b0825-437e-4d72-9d88-d41bc63734d2,function_execution_time,1779126939.6366153,0.000075333
experiment_name,550b0825-437e-4d72-9d88-d41bc63734d2,function_execution_time,1779126939.7379444,0.000060833
experiment_name,550b0825-437e-4d72-9d88-d41bc63734d2,function_execution_time,1779126939.8393178,0.000054573
experiment_name,550b0825-437e-4d72-9d88-d41bc63734d2,function_execution_time,1779126939.940621,0.000062441
experiment_name,550b0825-437e-4d72-9d88-d41bc63734d2,function_execution_time,1779126940.0419362,0.000052827
experiment_name,550b0825-437e-4d72-9d88-d41bc63734d2,function_execution_time,1779126940.1431773,0.000055054
experiment_name,550b0825-437e-4d72-9d88-d41bc63734d2,function_execution_time,1779126940.243573,0.000052177
experiment_name,550b0825-437e-4d72-9d88-d41bc63734d2,function_execution_time,1779126940.3449023,0.000053881
experiment_name,550b0825-437e-4d72-9d88-d41bc63734d2,function_execution_time,1779126940.4462378,0.000061659
experiment_name,550b0825-437e-4d72-9d88-d41bc63734d2,function_execution_time,1779126940.5465488,0.000052308
experiment_name,550b0825-437e-4d72-9d88-d41bc63734d2,function_execution_time,1779126940.647881,0.000053497
experiment_name,550b0825-437e-4d72-9d88-d41bc63734d2,function_execution_time,1779126940.749307,0.000052834
experiment_name,550b0825-437e-4d72-9d88-d41bc63734d2,function_execution_time,1779126940.8508177,0.000060366
experiment_name,550b0825-437e-4d72-9d88-d41bc63734d2,function_execution_time,1779126940.9521306,0.000055967
experiment_name,550b0825-437e-4d72-9d88-d41bc63734d2,function_execution_time,1779126941.0534215,0.000052932
experiment_name,550b0825-437e-4d72-9d88-d41bc63734d2,function_execution_time,1779126941.1547523,0.000053252
experiment_name,550b0825-437e-4d72-9d88-d41bc63734d2,function_execution_time,1779126941.2560756,0.000054584
experiment_name,550b0825-437e-4d72-9d88-d41bc63734d2,function_execution_time,1779126941.3574195,0.000063246
experiment_name,550b0825-437e-4d72-9d88-d41bc63734d2,function_execution_time,1779126941.4587195,0.000052437
experiment_name,550b0825-437e-4d72-9d88-d41bc63734d2,function_execution_time,1779126941.5599618,0.000057582
experiment_name,550b0825-437e-4d72-9d88-d41bc63734d2,function_execution_time,1779126941.6612968,0.000054409
experiment_name,550b0825-437e-4d72-9d88-d41bc63734d2,function_execution_time,1779126941.7626855,0.000058835
experiment_name,550b0825-437e-4d72-9d88-d41bc63734d2,function_execution_time,1779126941.8641102,0.000055517
experiment_name,550b0825-437e-4d72-9d88-d41bc63734d2,function_execution_time,1779126941.9653819,0.000052807
experiment_name,550b0825-437e-4d72-9d88-d41bc63734d2,function_execution_time,1779126942.0666869,0.000052714
experiment_name,550b0825-437e-4d72-9d88-d41bc63734d2,function_execution_time,1779126942.1678796,0.000062123
experiment_name,550b0825-437e-4d72-9d88-d41bc63734d2,function_execution_time,1779126942.26923,0.000055341
experiment_name,550b0825-437e-4d72-9d88-d41bc63734d2,function_execution_time,1779126942.3695688,0.00005138
experiment_name,550b0825-437e-4d72-9d88-d41bc63734d2,function_execution_time,1779126942.4708652,0.000052486
experiment_name,550b0825-437e-4d72-9d88-d41bc63734d2,function_execution_time,1779126942.5722237,0.000053022
experiment_name,550b0825-437e-4d72-9d88-d41bc63734d2,function_execution_time,1779126942.6725347,0.000061165
experiment_name,550b0825-437e-4d72-9d88-d41bc63734d2,function_execution_time,1779126942.7738423,0.00005358
experiment_name,550b0825-437e-4d72-9d88-d41bc63734d2,function_execution_time,1779126942.8753037,0.00006271
experiment_name,550b0825-437e-4d72-9d88-d41bc63734d2,function_execution_time,1779126942.9756227,0.000057299
experiment_name,550b0825-437e-4d72-9d88-d41bc63734d2,function_execution_time,1779126943.0769534,0.000056026
experiment_name,550b0825-437e-4d72-9d88-d41bc63734d2,function_execution_time,1779126943.1782222,0.00006097
experiment_name,550b0825-437e-4d72-9d88-d41bc63734d2,function_execution_time,1779126943.278601,0.000065603
experiment_name,550b0825-437e-4d72-9d88-d41bc63734d2,function_execution_time,1779126943.3798318,0.000052827
experiment_name,550b0825-437e-4d72-9d88-d41bc63734d2,function_execution_time,1779126943.4811833,0.000057283
experiment_name,550b0825-437e-4d72-9d88-d41bc63734d2,function_execution_time,1779126943.5824547,0.000064909
experiment_name,550b0825-437e-4d72-9d88-d41bc63734d2,function_execution_time,1779126943.683757,0.000060161
experiment_name,550b0825-437e-4d72-9d88-d41bc63734d2,function_execution_time,1779126943.784994,0.000055485
experiment_name,550b0825-437e-4d72-9d88-d41bc63734d2,function_execution_time,1779126943.8863678,0.000052559
experiment_name,550b0825-437e-4d72-9d88-d41bc63734d2,function_execution_time,1779126943.987625,0.000052586
experiment_name,550b0825-437e-4d72-9d88-d41bc63734d2,function_execution_time,1779126944.0889516,0.000053832
experiment_name,550b0825-437e-4d72-9d88-d41bc63734d2,function_execution_time,1779126944.1902535,0.000060197
experiment_name,550b0825-437e-4d72-9d88-d41bc63734d2,function_execution_time,1779126944.2906084,0.000052569
experiment_name,550b0825-437e-4d72-9d88-d41bc63734d2,function_execution_time,1779126944.3919199,0.000056632
experiment_name,550b0825-437e-4d72-9d88-d41bc63734d2,function_execution_time,1779126944.4932442,0.000053691
experiment_name,550b0825-437e-4d72-9d88-d41bc63734d2,function_execution_time,1779126944.5935633,0.000060921
experiment_name,1aea548a-df8a-41eb-983a-8bf12546a449,function_execution_time,1779126939.6365626,0.000105816
experiment_name,1aea548a-df8a-41eb-983a-8bf12546a449,function_execution_time,1779126939.7378855,0.000156764
experiment_name,1aea548a-df8a-41eb-983a-8bf12546a449,function_execution_time,1779126939.8391786,0.000075026
experiment_name,1aea548a-df8a-41eb-983a-8bf12546a449,function_execution_time,1779126939.940528,0.00009521
experiment_name,1aea548a-df8a-41eb-983a-8bf12546a449,function_execution_time,1779126940.0417824,0.000069716
experiment_name,1aea548a-df8a-41eb-983a-8bf12546a449,function_execution_time,1779126940.1431043,0.000072572
experiment_name,1aea548a-df8a-41eb-983a-8bf12546a449,function_execution_time,1779126940.2434256,0.000075722
experiment_name,1aea548a-df8a-41eb-983a-8bf12546a449,function_execution_time,1779126940.3447466,0.000069654
experiment_name,1aea548a-df8a-41eb-983a-8bf12546a449,function_execution_time,1779126940.4460793,0.000076698
experiment_name,1aea548a-df8a-41eb-983a-8bf12546a449,function_execution_time,1779126940.5463996,0.000072189
experiment_name,1aea548a-df8a-41eb-983a-8bf12546a449,function_execution_time,1779126940.6477606,0.000086452
experiment_name,1aea548a-df8a-41eb-983a-8bf12546a449,function_execution_time,1779126940.7492523,0.000137423
experiment_name,1aea548a-df8a-41eb-983a-8bf12546a449,function_execution_time,1779126940.850647,0.000072352
experiment_name,1aea548a-df8a-41eb-983a-8bf12546a449,function_execution_time,1779126940.9520288,0.000083081
experiment_name,1aea548a-df8a-41eb-983a-8bf12546a449,function_execution_time,1779126941.0532775,0.000070204
experiment_name,1aea548a-df8a-41eb-983a-8bf12546a449,function_execution_time,1779126941.1546195,0.000070626
experiment_name,1aea548a-df8a-41eb-983a-8bf12546a449,function_execution_time,1779126941.2559326,0.000075223
experiment_name,1aea548a-df8a-41eb-983a-8bf12546a449,function_execution_time,1779126941.357267,0.000079527
experiment_name,1aea548a-df8a-41eb-983a-8bf12546a449,function_execution_time,1779126941.4585829,0.000072205
experiment_name,1aea548a-df8a-41eb-983a-8bf12546a449,function_execution_time,1779126941.5599577,0.000080417
experiment_name,1aea548a-df8a-41eb-983a-8bf12546a449,function_execution_time,1779126941.6612217,0.000079019
experiment_name,1aea548a-df8a-41eb-983a-8bf12546a449,function_execution_time,1779126941.7626302,0.000163888
experiment_name,1aea548a-df8a-41eb-983a-8bf12546a449,function_execution_time,1779126941.863943,0.000068402
experiment_name,1aea548a-df8a-41eb-983a-8bf12546a449,function_execution_time,1779126941.965244,0.000072728
experiment_name,1aea548a-df8a-41eb-983a-8bf12546a449,function_execution_time,1779126942.0665338,0.000078838
experiment_name,1aea548a-df8a-41eb-983a-8bf12546a449,function_execution_time,1779126942.167794,0.000072287
experiment_name,1aea548a-df8a-41eb-983a-8bf12546a449,function_execution_time,1779126942.26906,0.000068521
experiment_name,1aea548a-df8a-41eb-983a-8bf12546a449,function_execution_time,1779126942.369412,0.000079284
experiment_name,1aea548a-df8a-41eb-983a-8bf12546a449,function_execution_time,1779126942.4707143,0.00007269
experiment_name,1aea548a-df8a-41eb-983a-8bf12546a449,function_execution_time,1779126942.5720625,0.00007247
experiment_name,1aea548a-df8a-41eb-983a-8bf12546a449,function_execution_time,1779126942.672386,0.000080528
experiment_name,1aea548a-df8a-41eb-983a-8bf12546a449,function_execution_time,1779126942.7737875,0.000146793
experiment_name,1aea548a-df8a-41eb-983a-8bf12546a449,function_execution_time,1779126942.8751202,0.000084272
experiment_name,1aea548a-df8a-41eb-983a-8bf12546a449,function_execution_time,1779126942.975463,0.00009304
experiment_name,1aea548a-df8a-41eb-983a-8bf12546a449,function_execution_time,1779126943.076817,0.000075081
experiment_name,1aea548a-df8a-41eb-983a-8bf12546a449,function_execution_time,1779126943.1780741,0.000075071
experiment_name,1aea548a-df8a-41eb-983a-8bf12546a449,function_execution_time,1779126943.278421,0.00007104
experiment_name,1aea548a-df8a-41eb-983a-8bf12546a449,function_execution_time,1779126943.3796813,0.000081184
experiment_name,1aea548a-df8a-41eb-983a-8bf12546a449,function_execution_time,1779126943.4810107,0.000074829
experiment_name,1aea548a-df8a-41eb-983a-8bf12546a449,function_execution_time,1779126943.5822904,0.000068039
experiment_name,1aea548a-df8a-41eb-983a-8bf12546a449,function_execution_time,1779126943.6836603,0.000076717
experiment_name,1aea548a-df8a-41eb-983a-8bf12546a449,function_execution_time,1779126943.7849364,0.000143962
experiment_name,1aea548a-df8a-41eb-983a-8bf12546a449,function_execution_time,1779126943.886212,0.000071188
experiment_name,1aea548a-df8a-41eb-983a-8bf12546a449,function_execution_time,1779126943.9875398,0.000090708
experiment_name,1aea548a-df8a-41eb-983a-8bf12546a449,function_execution_time,1779126944.0888655,0.00008588
experiment_name,1aea548a-df8a-41eb-983a-8bf12546a449,function_execution_time,1779126944.1901124,0.000070252
experiment_name,1aea548a-df8a-41eb-983a-8bf12546a449,function_execution_time,1779126944.2904537,0.000082987
experiment_name,1aea548a-df8a-41eb-983a-8bf12546a449,function_execution_time,1779126944.3917713,0.000070295
experiment_name,1aea548a-df8a-41eb-983a-8bf12546a449,function_execution_time,1779126944.493116,0.000085051
experiment_name,1aea548a-df8a-41eb-983a-8bf12546a449,function_execution_time,1779126944.5934174,0.000071079
experiment_name,550b0825-437e-4d72-9d88-d41bc63734d2,function_transfer_time,1779126939.63653,0.000026452
experiment_name,550b0825-437e-4d72-9d88-d41bc63734d2,function_transfer_time,1779126939.737883,0.000034305
experiment_name,550b0825-437e-4d72-9d88-d41bc63734d2,function_transfer_time,1779126939.8392627,0.000109585
experiment_name,550b0825-437e-4d72-9d88-d41bc63734d2,function_transfer_time,1779126939.9405541,0.000098628
experiment_name,550b0825-437e-4d72-9d88-d41bc63734d2,function_transfer_time,1779126940.041883,0.000129452
experiment_name,550b0825-437e-4d72-9d88-d41bc63734d2,function_transfer_time,1779126940.143174,0.000046832
experiment_name,550b0825-437e-4d72-9d88-d41bc63734d2,function_transfer_time,1779126940.2435203,0.000129545
experiment_name,550b0825-437e-4d72-9d88-d41bc63734d2,function_transfer_time,1779126940.3448482,0.00013066
experiment_name,550b0825-437e-4d72-9d88-d41bc63734d2,function_transfer_time,1779126940.4461758,0.000115755
experiment_name,550b0825-437e-4d72-9d88-d41bc63734d2,function_transfer_time,1779126940.5464964,0.000119596
experiment_name,550b0825-437e-4d72-9d88-d41bc63734d2,function_transfer_time,1779126940.647819,0.000090668
experiment_name,550b0825-437e-4d72-9d88-d41bc63734d2,function_transfer_time,1779126940.7492547,0.000034462
experiment_name,550b0825-437e-4d72-9d88-d41bc63734d2,function_transfer_time,1779126940.8507552,0.000129892
experiment_name,550b0825-437e-4d72-9d88-d41bc63734d2,function_transfer_time,1779126940.9520652,0.000130077
experiment_name,550b0825-437e-4d72-9d88-d41bc63734d2,function_transfer_time,1779126941.0533657,0.000110345
experiment_name,550b0825-437e-4d72-9d88-d41bc63734d2,function_transfer_time,1779126941.1546998,0.000106763
experiment_name,550b0825-437e-4d72-9d88-d41bc63734d2,function_transfer_time,1779126941.2560136,0.000107304
experiment_name,550b0825-437e-4d72-9d88-d41bc63734d2,function_transfer_time,1779126941.3573494,0.000104776
experiment_name,550b0825-437e-4d72-9d88-d41bc63734d2,function_transfer_time,1779126941.4586666,0.000108835
experiment_name,550b0825-437e-4d72-9d88-d41bc63734d2,function_transfer_time,1779126941.559954,0.00002837
experiment_name,550b0825-437e-4d72-9d88-d41bc63734d2,function_transfer_time,1779126941.6612942,0.00004617
experiment_name,550b0825-437e-4d72-9d88-d41bc63734d2,function_transfer_time,1779126941.762627,0.000033253
experiment_name,550b0825-437e-4d72-9d88-d41bc63734d2,function_transfer_time,1779126941.8640547,0.000141042
experiment_name,550b0825-437e-4d72-9d88-d41bc63734d2,function_transfer_time,1779126941.9653282,0.000109909
experiment_name,550b0825-437e-4d72-9d88-d41bc63734d2,function_transfer_time,1779126942.0666342,0.000124296
experiment_name,550b0825-437e-4d72-9d88-d41bc63734d2,function_transfer_time,1779126942.1678643,0.000046271
experiment_name,550b0825-437e-4d72-9d88-d41bc63734d2,function_transfer_time,1779126942.2691743,0.000137489
experiment_name,550b0825-437e-4d72-9d88-d41bc63734d2,function_transfer_time,1779126942.369516,0.000124004
experiment_name,550b0825-437e-4d72-9d88-d41bc63734d2,function_transfer_time,1779126942.4708126,0.000119351
experiment_name,550b0825-437e-4d72-9d88-d41bc63734d2,function_transfer_time,1779126942.5721703,0.000129586
experiment_name,550b0825-437e-4d72-9d88-d41bc63734d2,function_transfer_time,1779126942.6724727,0.000116815
experiment_name,550b0825-437e-4d72-9d88-d41bc63734d2,function_transfer_time,1779126942.77379,0.000035049
experiment_name,550b0825-437e-4d72-9d88-d41bc63734d2,function_transfer_time,1779126942.8752406,0.000138852
experiment_name,550b0825-437e-4d72-9d88-d41bc63734d2,function_transfer_time,1779126942.9755654,0.000136628
experiment_name,550b0825-437e-4d72-9d88-d41bc63734d2,function_transfer_time,1779126943.0768967,0.000106147
experiment_name,550b0825-437e-4d72-9d88-d41bc63734d2,function_transfer_time,1779126943.178178,0.000112329
experiment_name,550b0825-437e-4d72-9d88-d41bc63734d2,function_transfer_time,1779126943.2785351,0.000138213
experiment_name,550b0825-437e-4d72-9d88-d41bc63734d2,function_transfer_time,1779126943.3797789,0.000124708
experiment_name,550b0825-437e-4d72-9d88-d41bc63734d2,function_transfer_time,1779126943.4811263,0.000137688
experiment_name,550b0825-437e-4d72-9d88-d41bc63734d2,function_transfer_time,1779126943.5823894,0.000126964
experiment_name,550b0825-437e-4d72-9d88-d41bc63734d2,function_transfer_time,1779126943.683691,0.00011075
experiment_name,550b0825-437e-4d72-9d88-d41bc63734d2,function_transfer_time,1779126943.7849386,0.000032503
experiment_name,550b0825-437e-4d72-9d88-d41bc63734d2,function_transfer_time,1779126943.8863153,0.000129229
experiment_name,550b0825-437e-4d72-9d88-d41bc63734d2,function_transfer_time,1779126943.9875667,0.000101606
experiment_name,550b0825-437e-4d72-9d88-d41bc63734d2,function_transfer_time,1779126944.0888937,0.000128318
experiment_name,550b0825-437e-4d72-9d88-d41bc63734d2,function_transfer_time,1779126944.1901932,0.000110087
experiment_name,550b0825-437e-4d72-9d88-d41bc63734d2,function_transfer_time,1779126944.2905555,0.000129497
experiment_name,550b0825-437e-4d72-9d88-d41bc63734d2,function_transfer_time,1779126944.3918633,0.000120554
experiment_name,550b0825-437e-4d72-9d88-d41bc63734d2,function_transfer_time,1779126944.4931839,0.000098951
experiment_name,550b0825-437e-4d72-9d88-d41bc63734d2,function_transfer_time,1779126944.5935023,0.000108923
experiment_name,1aea548a-df8a-41eb-983a-8bf12546a449,function_transfer_time,1779126939.636453,0.000023208
experiment_name,1aea548a-df8a-41eb-983a-8bf12546a449,function_transfer_time,1779126939.737721,0.00007718
experiment_name,1aea548a-df8a-41eb-983a-8bf12546a449,function_transfer_time,1779126939.8390987,0.000086246
experiment_name,1aea548a-df8a-41eb-983a-8bf12546a449,function_transfer_time,1779126939.940384,0.00002287
experiment_name,1aea548a-df8a-41eb-983a-8bf12546a449,function_transfer_time,1779126940.041699,0.00008257
experiment_name,1aea548a-df8a-41eb-983a-8bf12546a449,function_transfer_time,1779126940.1430242,0.000076725
experiment_name,1aea548a-df8a-41eb-983a-8bf12546a449,function_transfer_time,1779126940.2433367,0.000083839
experiment_name,1aea548a-df8a-41eb-983a-8bf12546a449,function_transfer_time,1779126940.3446627,0.000078401
experiment_name,1aea548a-df8a-41eb-983a-8bf12546a449,function_transfer_time,1779126940.446003,0.000079628
experiment_name,1aea548a-df8a-41eb-983a-8bf12546a449,function_transfer_time,1779126940.5463233,0.000083098
experiment_name,1aea548a-df8a-41eb-983a-8bf12546a449,function_transfer_time,1779126940.6476696,0.000082358
experiment_name,1aea548a-df8a-41eb-983a-8bf12546a449,function_transfer_time,1779126940.7491078,0.000080752
experiment_name,1aea548a-df8a-41eb-983a-8bf12546a449,function_transfer_time,1779126940.8505669,0.000085807
experiment_name,1aea548a-df8a-41eb-983a-8bf12546a449,function_transfer_time,1779126940.951883,0.00008167
experiment_name,1aea548a-df8a-41eb-983a-8bf12546a449,function_transfer_time,1779126941.0531979,0.000077751
experiment_name,1aea548a-df8a-41eb-983a-8bf12546a449,function_transfer_time,1779126941.1545377,0.000079984
experiment_name,1aea548a-df8a-41eb-983a-8bf12546a449,function_transfer_time,1779126941.2558522,0.000079776
experiment_name,1aea548a-df8a-41eb-983a-8bf12546a449,function_transfer_time,1779126941.357186,0.000083093
experiment_name,1aea548a-df8a-41eb-983a-8bf12546a449,function_transfer_time,1779126941.458503,0.000081117
experiment_name,1aea548a-df8a-41eb-983a-8bf12546a449,function_transfer_time,1779126941.559828,0.00008056
experiment_name,1aea548a-df8a-41eb-983a-8bf12546a449,function_transfer_time,1779126941.6611435,0.000081866
experiment_name,1aea548a-df8a-41eb-983a-8bf12546a449,function_transfer_time,1779126941.762456,0.000084909
experiment_name,1aea548a-df8a-41eb-983a-8bf12546a449,function_transfer_time,1779126941.863859,0.000090225
experiment_name,1aea548a-df8a-41eb-983a-8bf12546a449,function_transfer_time,1779126941.9651651,0.00008144
experiment_name,1aea548a-df8a-41eb-983a-8bf12546a449,function_transfer_time,1779126942.0664477,0.000021866
experiment_name,1aea548a-df8a-41eb-983a-8bf12546a449,function_transfer_time,1779126942.167718,0.000021896
experiment_name,1aea548a-df8a-41eb-983a-8bf12546a449,function_transfer_time,1779126942.2689815,0.000022192
experiment_name,1aea548a-df8a-41eb-983a-8bf12546a449,function_transfer_time,1779126942.3693311,0.000091403
experiment_name,1aea548a-df8a-41eb-983a-8bf12546a449,function_transfer_time,1779126942.470638,0.000079891
experiment_name,1aea548a-df8a-41eb-983a-8bf12546a449,function_transfer_time,1779126942.5719857,0.000090352
experiment_name,1aea548a-df8a-41eb-983a-8bf12546a449,function_transfer_time,1779126942.6723003,0.000083876
experiment_name,1aea548a-df8a-41eb-983a-8bf12546a449,function_transfer_time,1779126942.7736351,0.000085263
experiment_name,1aea548a-df8a-41eb-983a-8bf12546a449,function_transfer_time,1779126942.875035,0.000085243
experiment_name,1aea548a-df8a-41eb-983a-8bf12546a449,function_transfer_time,1779126942.9753687,0.000087839
experiment_name,1aea548a-df8a-41eb-983a-8bf12546a449,function_transfer_time,1779126943.0767343,0.000086125
experiment_name,1aea548a-df8a-41eb-983a-8bf12546a449,function_transfer_time,1779126943.1779943,0.000029554
experiment_name,1aea548a-df8a-41eb-983a-8bf12546a449,function_transfer_time,1779126943.2783406,0.000086153
experiment_name,1aea548a-df8a-41eb-983a-8bf12546a449,function_transfer_time,1779126943.3795989,0.000023422
experiment_name,1aea548a-df8a-41eb-983a-8bf12546a449,function_transfer_time,1779126943.48093,0.000084431
experiment_name,1aea548a-df8a-41eb-983a-8bf12546a449,function_transfer_time,1779126943.5822082,0.00002341
experiment_name,1aea548a-df8a-41eb-983a-8bf12546a449,function_transfer_time,1779126943.6835299,0.000075678
experiment_name,1aea548a-df8a-41eb-983a-8bf12546a449,function_transfer_time,1779126943.784787,0.000019879
experiment_name,1aea548a-df8a-41eb-983a-8bf12546a449,function_transfer_time,1779126943.8861325,0.000081017
experiment_name,1aea548a-df8a-41eb-983a-8bf12546a449,function_transfer_time,1779126943.987399,0.000022162
experiment_name,1aea548a-df8a-41eb-983a-8bf12546a449,function_transfer_time,1779126944.0887125,0.000081394
experiment_name,1aea548a-df8a-41eb-983a-8bf12546a449,function_transfer_time,1779126944.1900282,0.000077332
experiment_name,1aea548a-df8a-41eb-983a-8bf12546a449,function_transfer_time,1779126944.290371,0.00007882
experiment_name,1aea548a-df8a-41eb-983a-8bf12546a449,function_transfer_time,1779126944.3916874,0.000084888
experiment_name,1aea548a-df8a-41eb-983a-8bf12546a449,function_transfer_time,1779126944.4930243,0.000079638
experiment_name,1aea548a-df8a-41eb-983a-8bf12546a449,function_transfer_time,1779126944.5933375,0.000079683
experiment_name,550b0825-437e-4d72-9d88-d41bc63734d2,function_execution_time,1779126944.6946678,0.000042463
experiment_name,550b0825-437e-4d72-9d88-d41bc63734d2,function_execution_time,1779126944.7961109,0.000063005
experiment_name,550b0825-437e-4d72-9d88-d41bc63734d2,function_execution_time,1779126944.8975027,0.000066263
experiment_name,550b0825-437e-4d72-9d88-d41bc63734d2,function_execution_time,1779126944.9988387,0.000057365
experiment_name,550b0825-437e-4d72-9d88-d41bc63734d2,function_execution_time,1779126945.1001508,0.000074006
experiment_name,550b0825-437e-4d72-9d88-d41bc63734d2,function_execution_time,1779126945.2014694,0.000065288
experiment_name,550b0825-437e-4d72-9d88-d41bc63734d2,function_execution_time,1779126945.3027983,0.000058313
experiment_name,550b0825-437e-4d72-9d88-d41bc63734d2,function_execution_time,1779126945.4039857,0.000060433
experiment_name,550b0825-437e-4d72-9d88-d41bc63734d2,function_execution_time,1779126945.5054007,0.000070606
experiment_name,550b0825-437e-4d72-9d88-d41bc63734d2,function_execution_time,1779126945.6067142,0.000056564
experiment_name,550b0825-437e-4d72-9d88-d41bc63734d2,function_execution_time,1779126945.7079706,0.000057045
experiment_name,550b0825-437e-4d72-9d88-d41bc63734d2,function_execution_time,1779126945.8091917,0.000055782
experiment_name,550b0825-437e-4d72-9d88-d41bc63734d2,function_execution_time,1779126945.9095464,0.000067984
experiment_name,550b0825-437e-4d72-9d88-d41bc63734d2,function_execution_time,1779126946.0108826,0.000056766
experiment_name,550b0825-437e-4d72-9d88-d41bc63734d2,function_execution_time,1779126946.112194,0.000056208
experiment_name,550b0825-437e-4d72-9d88-d41bc63734d2,function_execution_time,1779126946.2125204,0.000055052
experiment_name,550b0825-437e-4d72-9d88-d41bc63734d2,function_execution_time,1779126946.3140054,0.000064705
experiment_name,550b0825-437e-4d72-9d88-d41bc63734d2,function_execution_time,1779126946.4153054,0.000057935
experiment_name,550b0825-437e-4d72-9d88-d41bc63734d2,function_execution_time,1779126946.51662,0.000055937
experiment_name,550b0825-437e-4d72-9d88-d41bc63734d2,function_execution_time,1779126946.6179457,0.000055689
experiment_name,550b0825-437e-4d72-9d88-d41bc63734d2,function_execution_time,1779126946.7192168,0.000061824
experiment_name,550b0825-437e-4d72-9d88-d41bc63734d2,function_execution_time,1779126946.8206027,0.000063615
experiment_name,550b0825-437e-4d72-9d88-d41bc63734d2,function_execution_time,1779126946.9219997,0.000057662
experiment_name,550b0825-437e-4d72-9d88-d41bc63734d2,function_execution_time,1779126947.023339,0.000056536
experiment_name,550b0825-437e-4d72-9d88-d41bc63734d2,function_execution_time,1779126947.124733,0.000061422
experiment_name,550b0825-437e-4d72-9d88-d41bc63734d2,function_execution_time,1779126947.2261214,0.000068391
experiment_name,550b0825-437e-4d72-9d88-d41bc63734d2,function_execution_time,1779126947.327415,0.000058676
experiment_name,550b0825-437e-4d72-9d88-d41bc63734d2,function_execution_time,1779126947.428758,0.000054596
experiment_name,550b0825-437e-4d72-9d88-d41bc63734d2,function_execution_time,1779126947.5300436,0.000055992
experiment_name,550b0825-437e-4d72-9d88-d41bc63734d2,function_execution_time,1779126947.6313827,0.000056076
experiment_name,550b0825-437e-4d72-9d88-d41bc63734d2,function_execution_time,1779126947.732726,0.000063279
experiment_name,550b0825-437e-4d72-9d88-d41bc63734d2,function_execution_time,1779126947.834011,0.000054603
experiment_name,550b0825-437e-4d72-9d88-d41bc63734d2,function_execution_time,1779126947.935413,0.000054974
experiment_name,550b0825-437e-4d72-9d88-d41bc63734d2,function_execution_time,1779126948.0367465,0.000054975
experiment_name,550b0825-437e-4d72-9d88-d41bc63734d2,function_execution_time,1779126948.1380692,0.000063168
experiment_name,550b0825-437e-4d72-9d88-d41bc63734d2,function_execution_time,1779126948.2393486,0.00005573
experiment_name,550b0825-437e-4d72-9d88-d41bc63734d2,function_execution_time,1779126948.340675,0.000055978
experiment_name,550b0825-437e-4d72-9d88-d41bc63734d2,function_execution_time,1779126948.4419785,0.000058028
experiment_name,550b0825-437e-4d72-9d88-d41bc63734d2,function_execution_time,1779126948.5434775,0.000071099
experiment_name,550b0825-437e-4d72-9d88-d41bc63734d2,function_execution_time,1779126948.644798,0.000064856
experiment_name,550b0825-437e-4d72-9d88-d41bc63734d2,function_execution_time,1779126948.7461965,0.000070675
experiment_name,550b0825-437e-4d72-9d88-d41bc63734d2,function_execution_time,1779126948.8465738,0.00005784
experiment_name,550b0825-437e-4d72-9d88-d41bc63734d2,function_execution_time,1779126948.948049,0.000057538
experiment_name,550b0825-437e-4d72-9d88-d41bc63734d2,function_execution_time,1779126949.049386,0.000068565
experiment_name,550b0825-437e-4d72-9d88-d41bc63734d2,function_execution_time,1779126949.1506417,0.000058065
experiment_name,550b0825-437e-4d72-9d88-d41bc63734d2,function_execution_time,1779126949.252004,0.000066882
experiment_name,550b0825-437e-4d72-9d88-d41bc63734d2,function_execution_time,1779126949.353322,0.000091759
experiment_name,550b0825-437e-4d72-9d88-d41bc63734d2,function_execution_time,1779126949.4547038,0.000066571
experiment_name,550b0825-437e-4d72-9d88-d41bc63734d2,function_execution_time,1779126949.5560296,0.000062319
experiment_name,1aea548a-df8a-41eb-983a-8bf12546a449,function_execution_time,1779126944.6945953,0.000071463
experiment_name,1aea548a-df8a-41eb-983a-8bf12546a449,function_execution_time,1779126944.79605,0.000175866
experiment_name,1aea548a-df8a-41eb-983a-8bf12546a449,function_execution_time,1779126944.8973215,0.000072147
experiment_name,1aea548a-df8a-41eb-983a-8bf12546a449,function_execution_time,1779126944.9986699,0.000072343
experiment_name,1aea548a-df8a-41eb-983a-8bf12546a449,function_execution_time,1779126945.1000714,0.000089709
experiment_name,1aea548a-df8a-41eb-983a-8bf12546a449,function_execution_time,1779126945.2013657,0.000076594
experiment_name,1aea548a-df8a-41eb-983a-8bf12546a449,function_execution_time,1779126945.3026147,0.000068588
experiment_name,1aea548a-df8a-41eb-983a-8bf12546a449,function_execution_time,1779126945.403914,0.000086339
experiment_name,1aea548a-df8a-41eb-983a-8bf12546a449,function_execution_time,1779126945.505236,0.000082192
experiment_name,1aea548a-df8a-41eb-983a-8bf12546a449,function_execution_time,1779126945.6066182,0.000084582
experiment_name,1aea548a-df8a-41eb-983a-8bf12546a449,function_execution_time,1779126945.7078836,0.00007924
experiment_name,1aea548a-df8a-41eb-983a-8bf12546a449,function_execution_time,1779126945.8091335,0.000142565
experiment_name,1aea548a-df8a-41eb-983a-8bf12546a449,function_execution_time,1779126945.9093778,0.0000753
experiment_name,1aea548a-df8a-41eb-983a-8bf12546a449,function_execution_time,1779126946.0107872,0.000083506
experiment_name,1aea548a-df8a-41eb-983a-8bf12546a449,function_execution_time,1779126946.1120389,0.000072702
experiment_name,1aea548a-df8a-41eb-983a-8bf12546a449,function_execution_time,1779126946.212363,0.000072721
experiment_name,1aea548a-df8a-41eb-983a-8bf12546a449,function_execution_time,1779126946.3138962,0.000083228
experiment_name,1aea548a-df8a-41eb-983a-8bf12546a449,function_execution_time,1779126946.415167,0.000071414
experiment_name,1aea548a-df8a-41eb-983a-8bf12546a449,function_execution_time,1779126946.516505,0.000091276
experiment_name,1aea548a-df8a-41eb-983a-8bf12546a449,function_execution_time,1779126946.617808,0.000071658
experiment_name,1aea548a-df8a-41eb-983a-8bf12546a449,function_execution_time,1779126946.7192152,0.000089395
experiment_name,1aea548a-df8a-41eb-983a-8bf12546a449,function_execution_time,1779126946.8205338,0.000145308
experiment_name,1aea548a-df8a-41eb-983a-8bf12546a449,function_execution_time,1779126946.9218605,0.000074497
experiment_name,1aea548a-df8a-41eb-983a-8bf12546a449,function_execution_time,1779126947.0232413,0.000085862
experiment_name,1aea548a-df8a-41eb-983a-8bf12546a449,function_execution_time,1779126947.1247318,0.000085955
experiment_name,1aea548a-df8a-41eb-983a-8bf12546a449,function_execution_time,1779126947.225937,0.000075736
experiment_name,1aea548a-df8a-41eb-983a-8bf12546a449,function_execution_time,1779126947.3272533,0.000078752
experiment_name,1aea548a-df8a-41eb-983a-8bf12546a449,function_execution_time,1779126947.4286005,0.000071657
experiment_name,1aea548a-df8a-41eb-983a-8bf12546a449,function_execution_time,1779126947.5299046,0.000071121
experiment_name,1aea548a-df8a-41eb-983a-8bf12546a449,function_execution_time,1779126947.6312437,0.00007228
experiment_name,1aea548a-df8a-41eb-983a-8bf12546a449,function_execution_time,1779126947.732624,0.000083103
experiment_name,1aea548a-df8a-41eb-983a-8bf12546a449,function_execution_time,1779126947.8339593,0.000144635
experiment_name,1aea548a-df8a-41eb-983a-8bf12546a449,function_execution_time,1779126947.935268,0.000073673
experiment_name,1aea548a-df8a-41eb-983a-8bf12546a449,function_execution_time,1779126948.0365815,0.000081703
experiment_name,1aea548a-df8a-41eb-983a-8bf12546a449,function_execution_time,1779126948.137926,0.000073278
experiment_name,1aea548a-df8a-41eb-983a-8bf12546a449,function_execution_time,1779126948.2391806,0.000061168
experiment_name,1aea548a-df8a-41eb-983a-8bf12546a449,function_execution_time,1779126948.3405101,0.000083689
experiment_name,1aea548a-df8a-41eb-983a-8bf12546a449,function_execution_time,1779126948.4418783,0.000085771
experiment_name,1aea548a-df8a-41eb-983a-8bf12546a449,function_execution_time,1779126948.5433037,0.000073486
experiment_name,1aea548a-df8a-41eb-983a-8bf12546a449,function_execution_time,1779126948.6446931,0.0000785
experiment_name,1aea548a-df8a-41eb-983a-8bf12546a449,function_execution_time,1779126948.7461452,0.00010554
experiment_name,1aea548a-df8a-41eb-983a-8bf12546a449,function_execution_time,1779126948.8465114,0.000153431
experiment_name,1aea548a-df8a-41eb-983a-8bf12546a449,function_execution_time,1779126948.9478898,0.000072781
experiment_name,1aea548a-df8a-41eb-983a-8bf12546a449,function_execution_time,1779126949.049213,0.000071796
experiment_name,1aea548a-df8a-41eb-983a-8bf12546a449,function_execution_time,1779126949.150562,0.000082221
experiment_name,1aea548a-df8a-41eb-983a-8bf12546a449,function_execution_time,1779126949.251913,0.000091858
experiment_name,1aea548a-df8a-41eb-983a-8bf12546a449,function_execution_time,1779126949.3532832,0.000097424
experiment_name,1aea548a-df8a-41eb-983a-8bf12546a449,function_execution_time,1779126949.4545963,0.000102091
experiment_name,1aea548a-df8a-41eb-983a-8bf12546a449,function_execution_time,1779126949.555844,0.000072081
experiment_name,1aea548a-df8a-41eb-983a-8bf12546a449,function_transfer_time,1779126944.6945117,0.000080296
experiment_name,1aea548a-df8a-41eb-983a-8bf12546a449,function_transfer_time,1779126944.7958655,0.000078004
experiment_name,1aea548a-df8a-41eb-983a-8bf12546a449,function_transfer_time,1779126944.8972428,0.000074971
experiment_name,1aea548a-df8a-41eb-983a-8bf12546a449,function_transfer_time,1779126944.99859,0.000086041
experiment_name,1aea548a-df8a-41eb-983a-8bf12546a449,function_transfer_time,1779126945.0999107,0.000090063
experiment_name,1aea548a-df8a-41eb-983a-8bf12546a449,function_transfer_time,1779126945.2012317,0.000083385
experiment_name,1aea548a-df8a-41eb-983a-8bf12546a449,function_transfer_time,1779126945.3025367,0.000080743
experiment_name,1aea548a-df8a-41eb-983a-8bf12546a449,function_transfer_time,1779126945.4038193,0.000030811
experiment_name,1aea548a-df8a-41eb-983a-8bf12546a449,function_transfer_time,1779126945.5051506,0.000087183
experiment_name,1aea548a-df8a-41eb-983a-8bf12546a449,function_transfer_time,1779126945.6064742,0.000086089
experiment_name,1aea548a-df8a-41eb-983a-8bf12546a449,function_transfer_time,1779126945.707752,0.000020758
experiment_name,1aea548a-df8a-41eb-983a-8bf12546a449,function_transfer_time,1779126945.808985,0.00001986
experiment_name,1aea548a-df8a-41eb-983a-8bf12546a449,function_transfer_time,1779126945.9092934,0.000022076
experiment_name,1aea548a-df8a-41eb-983a-8bf12546a449,function_transfer_time,1779126946.0106432,0.000083531
experiment_name,1aea548a-df8a-41eb-983a-8bf12546a449,function_transfer_time,1779126946.111959,0.000083626
experiment_name,1aea548a-df8a-41eb-983a-8bf12546a449,function_transfer_time,1779126946.2123525,0.000081197
experiment_name,1aea548a-df8a-41eb-983a-8bf12546a449,function_transfer_time,1779126946.3137512,0.00008089
experiment_name,1aea548a-df8a-41eb-983a-8bf12546a449,function_transfer_time,1779126946.4150872,0.00008344
experiment_name,1aea548a-df8a-41eb-983a-8bf12546a449,function_transfer_time,1779126946.5164027,0.000081421
experiment_name,1aea548a-df8a-41eb-983a-8bf12546a449,function_transfer_time,1779126946.6177294,0.000079852
experiment_name,1aea548a-df8a-41eb-983a-8bf12546a449,function_transfer_time,1779126946.7190666,0.000078672
experiment_name,1aea548a-df8a-41eb-983a-8bf12546a449,function_transfer_time,1779126946.8203833,0.000086776
experiment_name,1aea548a-df8a-41eb-983a-8bf12546a449,function_transfer_time,1779126946.921781,0.000083345
experiment_name,1aea548a-df8a-41eb-983a-8bf12546a449,function_transfer_time,1779126947.0230882,0.000083822
experiment_name,1aea548a-df8a-41eb-983a-8bf12546a449,function_transfer_time,1779126947.1245859,0.000079851
experiment_name,1aea548a-df8a-41eb-983a-8bf12546a449,function_transfer_time,1779126947.2258613,0.000081323
experiment_name,1aea548a-df8a-41eb-983a-8bf12546a449,function_transfer_time,1779126947.3271763,0.000074433
experiment_name,1aea548a-df8a-41eb-983a-8bf12546a449,function_transfer_time,1779126947.4285238,0.000089468
experiment_name,1aea548a-df8a-41eb-983a-8bf12546a449,function_transfer_time,1779126947.5298274,0.000083901
experiment_name,1aea548a-df8a-41eb-983a-8bf12546a449,function_transfer_time,1779126947.6311662,0.000082163
experiment_name,1aea548a-df8a-41eb-983a-8bf12546a449,function_transfer_time,1779126947.732482,0.000084486
experiment_name,1aea548a-df8a-41eb-983a-8bf12546a449,function_transfer_time,1779126947.833807,0.000084157
experiment_name,1aea548a-df8a-41eb-983a-8bf12546a449,function_transfer_time,1779126947.9351943,0.000085083
experiment_name,1aea548a-df8a-41eb-983a-8bf12546a449,function_transfer_time,1779126948.0365014,0.000077151
experiment_name,1aea548a-df8a-41eb-983a-8bf12546a449,function_transfer_time,1779126948.1378489,0.000082506
experiment_name,1aea548a-df8a-41eb-983a-8bf12546a449,function_transfer_time,1779126948.2390988,0.000023986
experiment_name,1aea548a-df8a-41eb-983a-8bf12546a449,function_transfer_time,1779126948.3404357,0.000076791
experiment_name,1aea548a-df8a-41eb-983a-8bf12546a449,function_transfer_time,1779126948.4417262,0.000084108
experiment_name,1aea548a-df8a-41eb-983a-8bf12546a449,function_transfer_time,1779126948.5432248,0.000087571
experiment_name,1aea548a-df8a-41eb-983a-8bf12546a449,function_transfer_time,1779126948.644568,0.000083745
experiment_name,1aea548a-df8a-41eb-983a-8bf12546a449,function_transfer_time,1779126948.7460384,0.000094572
experiment_name,1aea548a-df8a-41eb-983a-8bf12546a449,function_transfer_time,1779126948.8463519,0.000075205
experiment_name,1aea548a-df8a-41eb-983a-8bf12546a449,function_transfer_time,1779126948.9478097,0.000077767
experiment_name,1aea548a-df8a-41eb-983a-8bf12546a449,function_transfer_time,1779126949.0491376,0.000079453
experiment_name,1aea548a-df8a-41eb-983a-8bf12546a449,function_transfer_time,1779126949.1504736,0.00008433
experiment_name,1aea548a-df8a-41eb-983a-8bf12546a449,function_transfer_time,1779126949.2518177,0.000090301
experiment_name,1aea548a-df8a-41eb-983a-8bf12546a449,function_transfer_time,1779126949.3531199,0.000031464
experiment_name,1aea548a-df8a-41eb-983a-8bf12546a449,function_transfer_time,1779126949.454441,0.000085875
experiment_name,1aea548a-df8a-41eb-983a-8bf12546a449,function_transfer_time,1779126949.555767,0.000079804
experiment_name,550b0825-437e-4d72-9d88-d41bc63734d2,function_transfer_time,1779126944.6946638,0.000051815
experiment_name,550b0825-437e-4d72-9d88-d41bc63734d2,function_transfer_time,1779126944.7960477,0.000036106
experiment_name,550b0825-437e-4d72-9d88-d41bc63734d2,function_transfer_time,1779126944.897444,0.000135882
experiment_name,550b0825-437e-4d72-9d88-d41bc63734d2,function_transfer_time,1779126944.998781,0.000135822
experiment_name,550b0825-437e-4d72-9d88-d41bc63734d2,function_transfer_time,1779126945.1000755,0.000102045
experiment_name,550b0825-437e-4d72-9d88-d41bc63734d2,function_transfer_time,1779126945.2013977,0.000115483
experiment_name,550b0825-437e-4d72-9d88-d41bc63734d2,function_transfer_time,1779126945.3027396,0.000148733
experiment_name,550b0825-437e-4d72-9d88-d41bc63734d2,function_transfer_time,1779126945.4039164,0.000046143
experiment_name,550b0825-437e-4d72-9d88-d41bc63734d2,function_transfer_time,1779126945.5053298,0.000117124
experiment_name,550b0825-437e-4d72-9d88-d41bc63734d2,function_transfer_time,1779126945.6066515,0.000124453
experiment_name,550b0825-437e-4d72-9d88-d41bc63734d2,function_transfer_time,1779126945.7079067,0.000102422
experiment_name,550b0825-437e-4d72-9d88-d41bc63734d2,function_transfer_time,1779126945.8091357,0.000035884
experiment_name,550b0825-437e-4d72-9d88-d41bc63734d2,function_transfer_time,1779126945.909478,0.000127525
experiment_name,550b0825-437e-4d72-9d88-d41bc63734d2,function_transfer_time,1779126946.0108197,0.000116209
experiment_name,550b0825-437e-4d72-9d88-d41bc63734d2,function_transfer_time,1779126946.112137,0.000123738
experiment_name,550b0825-437e-4d72-9d88-d41bc63734d2,function_transfer_time,1779126946.2124603,0.000113029
experiment_name,550b0825-437e-4d72-9d88-d41bc63734d2,function_transfer_time,1779126946.31393,0.000125504
experiment_name,550b0825-437e-4d72-9d88-d41bc63734d2,function_transfer_time,1779126946.41526,0.000106132
experiment_name,550b0825-437e-4d72-9d88-d41bc63734d2,function_transfer_time,1779126946.5165598,0.000092523
experiment_name,550b0825-437e-4d72-9d88-d41bc63734d2,function_transfer_time,1779126946.6178849,0.000105318
experiment_name,550b0825-437e-4d72-9d88-d41bc63734d2,function_transfer_time,1779126946.7192118,0.000028538
experiment_name,550b0825-437e-4d72-9d88-d41bc63734d2,function_transfer_time,1779126946.820536,0.000036135
experiment_name,550b0825-437e-4d72-9d88-d41bc63734d2,function_transfer_time,1779126946.9219418,0.000104587
experiment_name,550b0825-437e-4d72-9d88-d41bc63734d2,function_transfer_time,1779126947.0232744,0.000125213
experiment_name,550b0825-437e-4d72-9d88-d41bc63734d2,function_transfer_time,1779126947.1247282,0.000028917
experiment_name,550b0825-437e-4d72-9d88-d41bc63734d2,function_transfer_time,1779126947.2260532,0.000134759
experiment_name,550b0825-437e-4d72-9d88-d41bc63734d2,function_transfer_time,1779126947.3273554,0.000126878
experiment_name,550b0825-437e-4d72-9d88-d41bc63734d2,function_transfer_time,1779126947.4287028,0.000125636
experiment_name,550b0825-437e-4d72-9d88-d41bc63734d2,function_transfer_time,1779126947.5299869,0.000106632
experiment_name,550b0825-437e-4d72-9d88-d41bc63734d2,function_transfer_time,1779126947.631327,0.00010553
experiment_name,550b0825-437e-4d72-9d88-d41bc63734d2,function_transfer_time,1779126947.7326567,0.000115766
experiment_name,550b0825-437e-4d72-9d88-d41bc63734d2,function_transfer_time,1779126947.833957,0.000032774
experiment_name,550b0825-437e-4d72-9d88-d41bc63734d2,function_transfer_time,1779126947.9353566,0.000105099
experiment_name,550b0825-437e-4d72-9d88-d41bc63734d2,function_transfer_time,1779126948.0366912,0.000134405
experiment_name,550b0825-437e-4d72-9d88-d41bc63734d2,function_transfer_time,1779126948.1380014,0.000103297
experiment_name,550b0825-437e-4d72-9d88-d41bc63734d2,function_transfer_time,1779126948.2392921,0.000146122
experiment_name,550b0825-437e-4d72-9d88-d41bc63734d2,function_transfer_time,1779126948.3406188,0.00012733
experiment_name,550b0825-437e-4d72-9d88-d41bc63734d2,function_transfer_time,1779126948.4419122,0.000125398
experiment_name,550b0825-437e-4d72-9d88-d41bc63734d2,function_transfer_time,1779126948.5434055,0.000124149
experiment_name,550b0825-437e-4d72-9d88-d41bc63734d2,function_transfer_time,1779126948.6447256,0.000106508
experiment_name,550b0825-437e-4d72-9d88-d41bc63734d2,function_transfer_time,1779126948.7461243,0.000029004
experiment_name,550b0825-437e-4d72-9d88-d41bc63734d2,function_transfer_time,1779126948.8465135,0.000036859
experiment_name,550b0825-437e-4d72-9d88-d41bc63734d2,function_transfer_time,1779126948.9479911,0.000125816
experiment_name,550b0825-437e-4d72-9d88-d41bc63734d2,function_transfer_time,1779126949.0493171,0.000124875
experiment_name,550b0825-437e-4d72-9d88-d41bc63734d2,function_transfer_time,1779126949.1505835,0.000048124
experiment_name,550b0825-437e-4d72-9d88-d41bc63734d2,function_transfer_time,1779126949.2519872,0.000053702
experiment_name,550b0825-437e-4d72-9d88-d41bc63734d2,function_transfer_time,1779126949.353286,0.000045355
experiment_name,550b0825-437e-4d72-9d88-d41bc63734d2,function_transfer_time,1779126949.4546285,0.000129516
experiment_name,550b0825-437e-4d72-9d88-d41bc63734d2,function_transfer_time,1779126949.5559666,0.00014392
experiment_name,1aea548a-df8a-41eb-983a-8bf12546a449,function_execution_time,1779126949.6566763,0.000092308
experiment_name,1aea548a-df8a-41eb-983a-8bf12546a449,function_execution_time,1779126949.7579155,0.000078257
experiment_name,1aea548a-df8a-41eb-983a-8bf12546a449,function_execution_time,1779126949.85935,0.00015673
experiment_name,1aea548a-df8a-41eb-983a-8bf12546a449,function_execution_time,1779126949.960704,0.000084426
experiment_name,1aea548a-df8a-41eb-983a-8bf12546a449,function_execution_time,1779126950.0619738,0.000070531
experiment_name,1aea548a-df8a-41eb-983a-8bf12546a449,function_execution_time,1779126950.1633391,0.000077231
experiment_name,1aea548a-df8a-41eb-983a-8bf12546a449,function_execution_time,1779126950.26461,0.000075875
experiment_name,1aea548a-df8a-41eb-983a-8bf12546a449,function_execution_time,1779126950.365943,0.000070408
experiment_name,1aea548a-df8a-41eb-983a-8bf12546a449,function_execution_time,1779126950.4672575,0.000071915
experiment_name,1aea548a-df8a-41eb-983a-8bf12546a449,function_execution_time,1779126950.568607,0.000071839
experiment_name,1aea548a-df8a-41eb-983a-8bf12546a449,function_execution_time,1779126950.6699147,0.000080758
experiment_name,1aea548a-df8a-41eb-983a-8bf12546a449,function_execution_time,1779126950.771234,0.000068053
experiment_name,1aea548a-df8a-41eb-983a-8bf12546a449,function_execution_time,1779126950.872633,0.000151738
experiment_name,1aea548a-df8a-41eb-983a-8bf12546a449,function_execution_time,1779126950.973987,0.000081872
experiment_name,1aea548a-df8a-41eb-983a-8bf12546a449,function_execution_time,1779126951.0752559,0.000076843
experiment_name,1aea548a-df8a-41eb-983a-8bf12546a449,function_execution_time,1779126951.1766279,0.000076054
experiment_name,1aea548a-df8a-41eb-983a-8bf12546a449,function_execution_time,1779126951.2778869,0.000068144
experiment_name,1aea548a-df8a-41eb-983a-8bf12546a449,function_execution_time,1779126951.3791947,0.000079094
experiment_name,1aea548a-df8a-41eb-983a-8bf12546a449,function_execution_time,1779126951.4805858,0.000076204
experiment_name,1aea548a-df8a-41eb-983a-8bf12546a449,function_execution_time,1779126951.5818574,0.000071732
experiment_name,1aea548a-df8a-41eb-983a-8bf12546a449,function_execution_time,1779126951.6832273,0.000081617
experiment_name,1aea548a-df8a-41eb-983a-8bf12546a449,function_execution_time,1779126951.7845101,0.000086035
experiment_name,1aea548a-df8a-41eb-983a-8bf12546a449,function_execution_time,1779126951.885872,0.000140762
experiment_name,1aea548a-df8a-41eb-983a-8bf12546a449,function_execution_time,1779126951.9871914,0.000083842
experiment_name,1aea548a-df8a-41eb-983a-8bf12546a449,function_execution_time,1779126952.0884767,0.000086456
experiment_name,1aea548a-df8a-41eb-983a-8bf12546a449,function_execution_time,1779126952.1897943,0.000071384
experiment_name,1aea548a-df8a-41eb-983a-8bf12546a449,function_execution_time,1779126952.2911234,0.000068712
experiment_name,1aea548a-df8a-41eb-983a-8bf12546a449,function_execution_time,1779126952.3914404,0.000078775
experiment_name,1aea548a-df8a-41eb-983a-8bf12546a449,function_execution_time,1779126952.4927886,0.000071291
experiment_name,1aea548a-df8a-41eb-983a-8bf12546a449,function_execution_time,1779126952.5941508,0.000079693
experiment_name,1aea548a-df8a-41eb-983a-8bf12546a449,function_execution_time,1779126952.694407,0.000080869
experiment_name,1aea548a-df8a-41eb-983a-8bf12546a449,function_execution_time,1779126952.7958112,0.000079932
experiment_name,1aea548a-df8a-41eb-983a-8bf12546a449,function_execution_time,1779126952.897135,0.000154789
experiment_name,1aea548a-df8a-41eb-983a-8bf12546a449,function_execution_time,1779126952.997451,0.000081851
experiment_name,1aea548a-df8a-41eb-983a-8bf12546a449,function_execution_time,1779126953.0987713,0.000082487
experiment_name,1aea548a-df8a-41eb-983a-8bf12546a449,function_execution_time,1779126953.2001255,0.000071666
experiment_name,1aea548a-df8a-41eb-983a-8bf12546a449,function_execution_time,1779126953.3004372,0.000073173
experiment_name,1aea548a-df8a-41eb-983a-8bf12546a449,function_execution_time,1779126953.4018188,0.000081972
experiment_name,1aea548a-df8a-41eb-983a-8bf12546a449,function_execution_time,1779126953.503091,0.000072147
experiment_name,1aea548a-df8a-41eb-983a-8bf12546a449,function_execution_time,1779126953.6034033,0.000072784
experiment_name,1aea548a-df8a-41eb-983a-8bf12546a449,function_execution_time,1779126953.7047522,0.000080387
experiment_name,1aea548a-df8a-41eb-983a-8bf12546a449,function_execution_time,1779126953.806064,0.000079112
experiment_name,1aea548a-df8a-41eb-983a-8bf12546a449,function_execution_time,1779126953.9064624,0.000166908
experiment_name,1aea548a-df8a-41eb-983a-8bf12546a449,function_execution_time,1779126954.0078094,0.000079418
experiment_name,1aea548a-df8a-41eb-983a-8bf12546a449,function_execution_time,1779126954.1091459,0.000084606
experiment_name,1aea548a-df8a-41eb-983a-8bf12546a449,function_execution_time,1779126954.2094162,0.000071532
experiment_name,1aea548a-df8a-41eb-983a-8bf12546a449,function_execution_time,1779126954.310719,0.000072095
experiment_name,1aea548a-df8a-41eb-983a-8bf12546a449,function_execution_time,1779126954.412069,0.000080018
experiment_name,1aea548a-df8a-41eb-983a-8bf12546a449,function_execution_time,1779126954.5123868,0.000070428
experiment_name,1aea548a-df8a-41eb-983a-8bf12546a449,function_execution_time,1779126954.613716,0.000075287
experiment_name,550b0825-437e-4d72-9d88-d41bc63734d2,function_execution_time,1779126949.6567798,0.000066753
experiment_name,550b0825-437e-4d72-9d88-d41bc63734d2,function_execution_time,1779126949.7580552,0.00005871
experiment_name,550b0825-437e-4d72-9d88-d41bc63734d2,function_execution_time,1779126949.8594053,0.000057995
experiment_name,550b0825-437e-4d72-9d88-d41bc63734d2,function_execution_time,1779126949.960799,0.000056023
experiment_name,550b0825-437e-4d72-9d88-d41bc63734d2,function_execution_time,1779126950.0621383,0.000060401
experiment_name,550b0825-437e-4d72-9d88-d41bc63734d2,function_execution_time,1779126950.1634545,0.000078353
experiment_name,550b0825-437e-4d72-9d88-d41bc63734d2,function_execution_time,1779126950.264758,0.000059766
experiment_name,550b0825-437e-4d72-9d88-d41bc63734d2,function_execution_time,1779126950.3661246,0.000059024
experiment_name,550b0825-437e-4d72-9d88-d41bc63734d2,function_execution_time,1779126950.4674501,0.000071943
experiment_name,550b0825-437e-4d72-9d88-d41bc63734d2,function_execution_time,1779126950.5687532,0.000062937
experiment_name,550b0825-437e-4d72-9d88-d41bc63734d2,function_execution_time,1779126950.6700928,0.000059061
experiment_name,550b0825-437e-4d72-9d88-d41bc63734d2,function_execution_time,1779126950.7714043,0.000054796
experiment_name,550b0825-437e-4d72-9d88-d41bc63734d2,function_execution_time,1779126950.8727038,0.000056938
experiment_name,550b0825-437e-4d72-9d88-d41bc63734d2,function_execution_time,1779126950.9740922,0.000063639
experiment_name,550b0825-437e-4d72-9d88-d41bc63734d2,function_execution_time,1779126951.0754411,0.000058388
experiment_name,550b0825-437e-4d72-9d88-d41bc63734d2,function_execution_time,1779126951.1767366,0.000059811
experiment_name,550b0825-437e-4d72-9d88-d41bc63734d2,function_execution_time,1779126951.2780256,0.000054647
experiment_name,550b0825-437e-4d72-9d88-d41bc63734d2,function_execution_time,1779126951.3793309,0.000056405
experiment_name,550b0825-437e-4d72-9d88-d41bc63734d2,function_execution_time,1779126951.4806895,0.000064237
experiment_name,550b0825-437e-4d72-9d88-d41bc63734d2,function_execution_time,1779126951.5819929,0.000055963
experiment_name,550b0825-437e-4d72-9d88-d41bc63734d2,function_execution_time,1779126951.6833198,0.000055274
experiment_name,550b0825-437e-4d72-9d88-d41bc63734d2,function_execution_time,1779126951.7846382,0.00005634
experiment_name,550b0825-437e-4d72-9d88-d41bc63734d2,function_execution_time,1779126951.8859391,0.000064095
experiment_name,550b0825-437e-4d72-9d88-d41bc63734d2,function_execution_time,1779126951.9873004,0.000055412
experiment_name,550b0825-437e-4d72-9d88-d41bc63734d2,function_execution_time,1779126952.08861,0.000056015
experiment_name,550b0825-437e-4d72-9d88-d41bc63734d2,function_execution_time,1779126952.1899502,0.000056372
experiment_name,550b0825-437e-4d72-9d88-d41bc63734d2,function_execution_time,1779126952.2912877,0.000055857
experiment_name,550b0825-437e-4d72-9d88-d41bc63734d2,function_execution_time,1779126952.3915868,0.000062941
experiment_name,550b0825-437e-4d72-9d88-d41bc63734d2,function_execution_time,1779126952.4928668,0.00005936
experiment_name,550b0825-437e-4d72-9d88-d41bc63734d2,function_execution_time,1779126952.5942469,0.000057319
experiment_name,550b0825-437e-4d72-9d88-d41bc63734d2,function_execution_time,1779126952.6945794,0.000059494
experiment_name,550b0825-437e-4d72-9d88-d41bc63734d2,function_execution_time,1779126952.7959154,0.000065384
experiment_name,550b0825-437e-4d72-9d88-d41bc63734d2,function_execution_time,1779126952.8972042,0.000062016
experiment_name,550b0825-437e-4d72-9d88-d41bc63734d2,function_execution_time,1779126952.9976025,0.000056596
experiment_name,550b0825-437e-4d72-9d88-d41bc63734d2,function_execution_time,1779126953.0989506,0.000065527
experiment_name,550b0825-437e-4d72-9d88-d41bc63734d2,function_execution_time,1779126953.2002685,0.000058126
experiment_name,550b0825-437e-4d72-9d88-d41bc63734d2,function_execution_time,1779126953.3005874,0.000056692
experiment_name,550b0825-437e-4d72-9d88-d41bc63734d2,function_execution_time,1779126953.4019115,0.000055109
experiment_name,550b0825-437e-4d72-9d88-d41bc63734d2,function_execution_time,1779126953.503181,0.00006642
experiment_name,550b0825-437e-4d72-9d88-d41bc63734d2,function_execution_time,1779126953.6035883,0.000059731
experiment_name,550b0825-437e-4d72-9d88-d41bc63734d2,function_execution_time,1779126953.704898,0.000056944
experiment_name,550b0825-437e-4d72-9d88-d41bc63734d2,function_execution_time,1779126953.8062315,0.000055501
experiment_name,550b0825-437e-4d72-9d88-d41bc63734d2,function_execution_time,1779126953.9065301,0.000074551
experiment_name,550b0825-437e-4d72-9d88-d41bc63734d2,function_execution_time,1779126954.0079052,0.000058671
experiment_name,550b0825-437e-4d72-9d88-d41bc63734d2,function_execution_time,1779126954.1092293,0.000055329
experiment_name,550b0825-437e-4d72-9d88-d41bc63734d2,function_execution_time,1779126954.209572,0.000055024
experiment_name,550b0825-437e-4d72-9d88-d41bc63734d2,function_execution_time,1779126954.310872,0.000059571
experiment_name,550b0825-437e-4d72-9d88-d41bc63734d2,function_execution_time,1779126954.4122343,0.000064567
experiment_name,550b0825-437e-4d72-9d88-d41bc63734d2,function_execution_time,1779126954.512558,0.000055802
experiment_name,550b0825-437e-4d72-9d88-d41bc63734d2,function_execution_time,1779126954.6138673,0.000057751
experiment_name,550b0825-437e-4d72-9d88-d41bc63734d2,function_transfer_time,1779126949.6567073,0.000130287
experiment_name,550b0825-437e-4d72-9d88-d41bc63734d2,function_transfer_time,1779126949.757996,0.00010377
experiment_name,550b0825-437e-4d72-9d88-d41bc63734d2,function_transfer_time,1779126949.8593466,0.000034485
experiment_name,550b0825-437e-4d72-9d88-d41bc63734d2,function_transfer_time,1779126949.9607368,0.000125588
experiment_name,550b0825-437e-4d72-9d88-d41bc63734d2,function_transfer_time,1779126950.0620778,0.000132361
experiment_name,550b0825-437e-4d72-9d88-d41bc63734d2,function_transfer_time,1779126950.1633701,0.000114387
experiment_name,550b0825-437e-4d72-9d88-d41bc63734d2,function_transfer_time,1779126950.2646978,0.000124201
experiment_name,550b0825-437e-4d72-9d88-d41bc63734d2,function_transfer_time,1779126950.3660653,0.000147362
experiment_name,550b0825-437e-4d72-9d88-d41bc63734d2,function_transfer_time,1779126950.4673767,0.000139668
experiment_name,550b0825-437e-4d72-9d88-d41bc63734d2,function_transfer_time,1779126950.568683,0.000103191
experiment_name,550b0825-437e-4d72-9d88-d41bc63734d2,function_transfer_time,1779126950.6700337,0.000136206
experiment_name,550b0825-437e-4d72-9d88-d41bc63734d2,function_transfer_time,1779126950.7713497,0.000135667
experiment_name,550b0825-437e-4d72-9d88-d41bc63734d2,function_transfer_time,1779126950.8726356,0.000036842
experiment_name,550b0825-437e-4d72-9d88-d41bc63734d2,function_transfer_time,1779126950.9740193,0.000125163
experiment_name,550b0825-437e-4d72-9d88-d41bc63734d2,function_transfer_time,1779126951.0753732,0.000132082
experiment_name,550b0825-437e-4d72-9d88-d41bc63734d2,function_transfer_time,1779126951.1766708,0.000122125
experiment_name,550b0825-437e-4d72-9d88-d41bc63734d2,function_transfer_time,1779126951.277964,0.000104672
experiment_name,550b0825-437e-4d72-9d88-d41bc63734d2,function_transfer_time,1779126951.3792737,0.000099011
experiment_name,550b0825-437e-4d72-9d88-d41bc63734d2,function_transfer_time,1779126951.4806192,0.000114507
experiment_name,550b0825-437e-4d72-9d88-d41bc63734d2,function_transfer_time,1779126951.5819361,0.000102904
experiment_name,550b0825-437e-4d72-9d88-d41bc63734d2,function_transfer_time,1779126951.6832588,0.000106226
experiment_name,550b0825-437e-4d72-9d88-d41bc63734d2,function_transfer_time,1779126951.7845767,0.000092663
experiment_name,550b0825-437e-4d72-9d88-d41bc63734d2,function_transfer_time,1779126951.8858743,0.00003481
experiment_name,550b0825-437e-4d72-9d88-d41bc63734d2,function_transfer_time,1779126951.987238,0.000085244
experiment_name,550b0825-437e-4d72-9d88-d41bc63734d2,function_transfer_time,1779126952.0886073,0.000105178
experiment_name,550b0825-437e-4d72-9d88-d41bc63734d2,function_transfer_time,1779126952.1898935,0.000124371
experiment_name,550b0825-437e-4d72-9d88-d41bc63734d2,function_transfer_time,1779126952.2912312,0.000135981
experiment_name,550b0825-437e-4d72-9d88-d41bc63734d2,function_transfer_time,1779126952.3915255,0.000108474
experiment_name,550b0825-437e-4d72-9d88-d41bc63734d2,function_transfer_time,1779126952.4928634,0.000049929
experiment_name,550b0825-437e-4d72-9d88-d41bc63734d2,function_transfer_time,1779126952.5941834,0.000113535
experiment_name,550b0825-437e-4d72-9d88-d41bc63734d2,function_transfer_time,1779126952.694519,0.000134001
experiment_name,550b0825-437e-4d72-9d88-d41bc63734d2,function_transfer_time,1779126952.7958431,0.000112944
experiment_name,550b0825-437e-4d72-9d88-d41bc63734d2,function_transfer_time,1779126952.897139,0.000042886
experiment_name,550b0825-437e-4d72-9d88-d41bc63734d2,function_transfer_time,1779126952.997545,0.000123668
experiment_name,550b0825-437e-4d72-9d88-d41bc63734d2,function_transfer_time,1779126953.098885,0.000136599
experiment_name,550b0825-437e-4d72-9d88-d41bc63734d2,function_transfer_time,1779126953.2002046,0.000112865
experiment_name,550b0825-437e-4d72-9d88-d41bc63734d2,function_transfer_time,1779126953.3005304,0.000123017
experiment_name,550b0825-437e-4d72-9d88-d41bc63734d2,function_transfer_time,1779126953.4018524,0.000117125
experiment_name,550b0825-437e-4d72-9d88-d41bc63734d2,function_transfer_time,1779126953.503178,0.000046579
experiment_name,550b0825-437e-4d72-9d88-d41bc63734d2,function_transfer_time,1779126953.603528,0.000145821
experiment_name,550b0825-437e-4d72-9d88-d41bc63734d2,function_transfer_time,1779126953.704841,0.000113784
experiment_name,550b0825-437e-4d72-9d88-d41bc63734d2,function_transfer_time,1779126953.8061755,0.000129144
experiment_name,550b0825-437e-4d72-9d88-d41bc63734d2,function_transfer_time,1779126953.90646,0.000034869
experiment_name,550b0825-437e-4d72-9d88-d41bc63734d2,function_transfer_time,1779126954.0078423,0.000113412
experiment_name,550b0825-437e-4d72-9d88-d41bc63734d2,function_transfer_time,1779126954.109169,0.000115834
experiment_name,550b0825-437e-4d72-9d88-d41bc63734d2,function_transfer_time,1779126954.209516,0.000123742
experiment_name,550b0825-437e-4d72-9d88-d41bc63734d2,function_transfer_time,1779126954.3108077,0.000114775
experiment_name,550b0825-437e-4d72-9d88-d41bc63734d2,function_transfer_time,1779126954.4121692,0.000133287
experiment_name,550b0825-437e-4d72-9d88-d41bc63734d2,function_transfer_time,1779126954.5125017,0.000142712
experiment_name,550b0825-437e-4d72-9d88-d41bc63734d2,function_transfer_time,1779126954.6138089,0.000112756
experiment_name,1aea548a-df8a-41eb-983a-8bf12546a449,function_transfer_time,1779126949.6565142,0.000085296
experiment_name,1aea548a-df8a-41eb-983a-8bf12546a449,function_transfer_time,1779126949.7578363,0.000079209
experiment_name,1aea548a-df8a-41eb-983a-8bf12546a449,function_transfer_time,1779126949.8591824,0.000081882
experiment_name,1aea548a-df8a-41eb-983a-8bf12546a449,function_transfer_time,1779126949.9605498,0.000082316
experiment_name,1aea548a-df8a-41eb-983a-8bf12546a449,function_transfer_time,1779126950.061889,0.000081533
experiment_name,1aea548a-df8a-41eb-983a-8bf12546a449,function_transfer_time,1779126950.1632042,0.000077578
experiment_name,1aea548a-df8a-41eb-983a-8bf12546a449,function_transfer_time,1779126950.2645192,0.000088394
experiment_name,1aea548a-df8a-41eb-983a-8bf12546a449,function_transfer_time,1779126950.3658638,0.000076869
experiment_name,1aea548a-df8a-41eb-983a-8bf12546a449,function_transfer_time,1779126950.4671812,0.00008335
experiment_name,1aea548a-df8a-41eb-983a-8bf12546a449,function_transfer_time,1779126950.5685284,0.000091144
experiment_name,1aea548a-df8a-41eb-983a-8bf12546a449,function_transfer_time,1779126950.669835,0.000080863
experiment_name,1aea548a-df8a-41eb-983a-8bf12546a449,function_transfer_time,1779126950.7711596,0.000077241
experiment_name,1aea548a-df8a-41eb-983a-8bf12546a449,function_transfer_time,1779126950.8724759,0.000082995
experiment_name,1aea548a-df8a-41eb-983a-8bf12546a449,function_transfer_time,1779126950.9738436,0.000080626
experiment_name,1aea548a-df8a-41eb-983a-8bf12546a449,function_transfer_time,1779126951.0751793,0.000084572
experiment_name,1aea548a-df8a-41eb-983a-8bf12546a449,function_transfer_time,1779126951.176496,0.000085788
experiment_name,1aea548a-df8a-41eb-983a-8bf12546a449,function_transfer_time,1779126951.2778094,0.00007702
experiment_name,1aea548a-df8a-41eb-983a-8bf12546a449,function_transfer_time,1779126951.3791149,0.000082091
experiment_name,1aea548a-df8a-41eb-983a-8bf12546a449,function_transfer_time,1779126951.4804533,0.000086454
experiment_name,1aea548a-df8a-41eb-983a-8bf12546a449,function_transfer_time,1779126951.5817785,0.000083429
experiment_name,1aea548a-df8a-41eb-983a-8bf12546a449,function_transfer_time,1779126951.6830943,0.000082473
experiment_name,1aea548a-df8a-41eb-983a-8bf12546a449,function_transfer_time,1779126951.7844207,0.000083575
experiment_name,1aea548a-df8a-41eb-983a-8bf12546a449,function_transfer_time,1779126951.8857265,0.00008045
experiment_name,1aea548a-df8a-41eb-983a-8bf12546a449,function_transfer_time,1779126951.9871023,0.000086284
experiment_name,1aea548a-df8a-41eb-983a-8bf12546a449,function_transfer_time,1779126952.0883875,0.000075763
experiment_name,1aea548a-df8a-41eb-983a-8bf12546a449,function_transfer_time,1779126952.1897147,0.000082625
experiment_name,1aea548a-df8a-41eb-983a-8bf12546a449,function_transfer_time,1779126952.2910402,0.000074821
experiment_name,1aea548a-df8a-41eb-983a-8bf12546a449,function_transfer_time,1779126952.3913527,0.000080451
experiment_name,1aea548a-df8a-41eb-983a-8bf12546a449,function_transfer_time,1779126952.4927113,0.000083554
experiment_name,1aea548a-df8a-41eb-983a-8bf12546a449,function_transfer_time,1779126952.5940187,0.000077247
experiment_name,1aea548a-df8a-41eb-983a-8bf12546a449,function_transfer_time,1779126952.6943288,0.000083974
experiment_name,1aea548a-df8a-41eb-983a-8bf12546a449,function_transfer_time,1779126952.795677,0.000084753
experiment_name,1aea548a-df8a-41eb-983a-8bf12546a449,function_transfer_time,1779126952.896974,0.000079396
experiment_name,1aea548a-df8a-41eb-983a-8bf12546a449,function_transfer_time,1779126952.997365,0.000079647
experiment_name,1aea548a-df8a-41eb-983a-8bf12546a449,function_transfer_time,1779126953.0986855,0.000086887
experiment_name,1aea548a-df8a-41eb-983a-8bf12546a449,function_transfer_time,1779126953.2000403,0.000086372
experiment_name,1aea548a-df8a-41eb-983a-8bf12546a449,function_transfer_time,1779126953.3003514,0.000078641
experiment_name,1aea548a-df8a-41eb-983a-8bf12546a449,function_transfer_time,1779126953.4016755,0.000074513
experiment_name,1aea548a-df8a-41eb-983a-8bf12546a449,function_transfer_time,1779126953.5030122,0.000079031
experiment_name,1aea548a-df8a-41eb-983a-8bf12546a449,function_transfer_time,1779126953.6033254,0.000078933
experiment_name,1aea548a-df8a-41eb-983a-8bf12546a449,function_transfer_time,1779126953.7046719,0.00008343
experiment_name,1aea548a-df8a-41eb-983a-8bf12546a449,function_transfer_time,1779126953.8059883,0.000087285
experiment_name,1aea548a-df8a-41eb-983a-8bf12546a449,function_transfer_time,1779126953.9062958,0.000022971
experiment_name,1aea548a-df8a-41eb-983a-8bf12546a449,function_transfer_time,1779126954.007677,0.00008364
experiment_name,1aea548a-df8a-41eb-983a-8bf12546a449,function_transfer_time,1779126954.1089935,0.000083665
experiment_name,1aea548a-df8a-41eb-983a-8bf12546a449,function_transfer_time,1779126954.209338,0.000082659
experiment_name,1aea548a-df8a-41eb-983a-8bf12546a449,function_transfer_time,1779126954.310642,0.000074936
experiment_name,1aea548a-df8a-41eb-983a-8bf12546a449,function_transfer_time,1779126954.411981,0.000085359
experiment_name,1aea548a-df8a-41eb-983a-8bf12546a449,function_transfer_time,1779126954.5123026,0.000082324
experiment_name,1aea548a-df8a-41eb-983a-8bf12546a449,function_transfer_time,1779126954.6136389,0.000082862
experiment_name,550b0825-437e-4d72-9d88-d41bc63734d2,function_execution_time,1779126954.7151868,0.00006318
experiment_name,550b0825-437e-4d72-9d88-d41bc63734d2,function_execution_time,1779126954.816524,0.000056172
experiment_name,550b0825-437e-4d72-9d88-d41bc63734d2,function_execution_time,1779126954.917796,0.000062197
experiment_name,550b0825-437e-4d72-9d88-d41bc63734d2,function_execution_time,1779126955.019159,0.000057262
experiment_name,550b0825-437e-4d72-9d88-d41bc63734d2,function_execution_time,1779126955.120377,0.000060613
experiment_name,550b0825-437e-4d72-9d88-d41bc63734d2,function_execution_time,1779126955.2217836,0.000067073
experiment_name,550b0825-437e-4d72-9d88-d41bc63734d2,function_execution_time,1779126955.323054,0.000056008
experiment_name,550b0825-437e-4d72-9d88-d41bc63734d2,function_execution_time,1779126955.42426,0.000065625
experiment_name,550b0825-437e-4d72-9d88-d41bc63734d2,function_execution_time,1779126955.5256162,0.000077367
experiment_name,550b0825-437e-4d72-9d88-d41bc63734d2,function_execution_time,1779126955.6269877,0.000072177
experiment_name,550b0825-437e-4d72-9d88-d41bc63734d2,function_execution_time,1779126955.7281947,0.000056419
experiment_name,550b0825-437e-4d72-9d88-d41bc63734d2,function_execution_time,1779126955.828611,0.000058046
experiment_name,550b0825-437e-4d72-9d88-d41bc63734d2,function_execution_time,1779126955.929864,0.000057322
experiment_name,550b0825-437e-4d72-9d88-d41bc63734d2,function_execution_time,1779126956.0313246,0.000058667
experiment_name,550b0825-437e-4d72-9d88-d41bc63734d2,function_execution_time,1779126956.1326525,0.000073917
experiment_name,550b0825-437e-4d72-9d88-d41bc63734d2,function_execution_time,1779126956.2340262,0.000056466
experiment_name,550b0825-437e-4d72-9d88-d41bc63734d2,function_execution_time,1779126956.3352754,0.000057873
experiment_name,550b0825-437e-4d72-9d88-d41bc63734d2,function_execution_time,1779126956.4366,0.000059027
experiment_name,550b0825-437e-4d72-9d88-d41bc63734d2,function_execution_time,1779126956.5379279,0.000067613
experiment_name,550b0825-437e-4d72-9d88-d41bc63734d2,function_execution_time,1779126956.6393094,0.000056567
experiment_name,550b0825-437e-4d72-9d88-d41bc63734d2,function_execution_time,1779126956.740535,0.000057256
experiment_name,550b0825-437e-4d72-9d88-d41bc63734d2,function_execution_time,1779126956.841886,0.0000342
experiment_name,550b0825-437e-4d72-9d88-d41bc63734d2,function_execution_time,1779126956.943228,0.000055821
experiment_name,550b0825-437e-4d72-9d88-d41bc63734d2,function_execution_time,1779126957.0445688,0.000069524
experiment_name,550b0825-437e-4d72-9d88-d41bc63734d2,function_execution_time,1779126957.1459403,0.000057551
experiment_name,550b0825-437e-4d72-9d88-d41bc63734d2,function_execution_time,1779126957.2472553,0.000054637
experiment_name,550b0825-437e-4d72-9d88-d41bc63734d2,function_execution_time,1779126957.3475823,0.000057679
experiment_name,550b0825-437e-4d72-9d88-d41bc63734d2,function_execution_time,1779126957.4488938,0.000062749
experiment_name,550b0825-437e-4d72-9d88-d41bc63734d2,function_execution_time,1779126957.5502303,0.000055119
experiment_name,550b0825-437e-4d72-9d88-d41bc63734d2,function_execution_time,1779126957.6505556,0.000056795
experiment_name,550b0825-437e-4d72-9d88-d41bc63734d2,function_execution_time,1779126957.7517595,0.000063553
experiment_name,550b0825-437e-4d72-9d88-d41bc63734d2,function_execution_time,1779126957.8531866,0.000063724
experiment_name,550b0825-437e-4d72-9d88-d41bc63734d2,function_execution_time,1779126957.9544733,0.000069115
experiment_name,550b0825-437e-4d72-9d88-d41bc63734d2,function_execution_time,1779126958.055878,0.000054807
experiment_name,550b0825-437e-4d72-9d88-d41bc63734d2,function_execution_time,1779126958.1570184,0.000053322
experiment_name,550b0825-437e-4d72-9d88-d41bc63734d2,function_execution_time,1779126958.258339,0.000057835
experiment_name,550b0825-437e-4d72-9d88-d41bc63734d2,function_execution_time,1779126958.359694,0.000065974
experiment_name,550b0825-437e-4d72-9d88-d41bc63734d2,function_execution_time,1779126958.46101,0.000056478
experiment_name,550b0825-437e-4d72-9d88-d41bc63734d2,function_execution_time,1779126958.5623243,0.000055501
experiment_name,550b0825-437e-4d72-9d88-d41bc63734d2,function_execution_time,1779126958.6636677,0.000059566
experiment_name,550b0825-437e-4d72-9d88-d41bc63734d2,function_execution_time,1779126958.7650156,0.000062569
experiment_name,550b0825-437e-4d72-9d88-d41bc63734d2,function_execution_time,1779126958.866303,0.000054704
experiment_name,550b0825-437e-4d72-9d88-d41bc63734d2,function_execution_time,1779126958.9676,0.000054562
experiment_name,550b0825-437e-4d72-9d88-d41bc63734d2,function_execution_time,1779126959.0690665,0.000060338
experiment_name,550b0825-437e-4d72-9d88-d41bc63734d2,function_execution_time,1779126959.1702719,0.000055219
experiment_name,550b0825-437e-4d72-9d88-d41bc63734d2,function_execution_time,1779126959.2716246,0.000062793
experiment_name,550b0825-437e-4d72-9d88-d41bc63734d2,function_execution_time,1779126959.3728096,0.00006519
experiment_name,550b0825-437e-4d72-9d88-d41bc63734d2,function_execution_time,1779126959.474256,0.000067457
experiment_name,550b0825-437e-4d72-9d88-d41bc63734d2,function_execution_time,1779126959.574593,0.000064479
experiment_name,1aea548a-df8a-41eb-983a-8bf12546a449,function_execution_time,1779126954.7150438,0.000081866
experiment_name,1aea548a-df8a-41eb-983a-8bf12546a449,function_execution_time,1779126954.8164232,0.00008388
experiment_name,1aea548a-df8a-41eb-983a-8bf12546a449,function_execution_time,1779126954.9177318,0.0001728
experiment_name,1aea548a-df8a-41eb-983a-8bf12546a449,function_execution_time,1779126955.0190125,0.000072697
experiment_name,1aea548a-df8a-41eb-983a-8bf12546a449,function_execution_time,1779126955.120295,0.000079868
experiment_name,1aea548a-df8a-41eb-983a-8bf12546a449,function_execution_time,1779126955.2216313,0.000070679
experiment_name,1aea548a-df8a-41eb-983a-8bf12546a449,function_execution_time,1779126955.3228974,0.00007125
experiment_name,1aea548a-df8a-41eb-983a-8bf12546a449,function_execution_time,1779126955.4242444,0.000078099
experiment_name,1aea548a-df8a-41eb-983a-8bf12546a449,function_execution_time,1779126955.5254803,0.000098225
experiment_name,1aea548a-df8a-41eb-983a-8bf12546a449,function_execution_time,1779126955.626801,0.000074124
experiment_name,1aea548a-df8a-41eb-983a-8bf12546a449,function_execution_time,1779126955.7281165,0.000069526
experiment_name,1aea548a-df8a-41eb-983a-8bf12546a449,function_execution_time,1779126955.8285239,0.000097004
experiment_name,1aea548a-df8a-41eb-983a-8bf12546a449,function_execution_time,1779126955.929807,0.000139962
experiment_name,1aea548a-df8a-41eb-983a-8bf12546a449,function_execution_time,1779126956.0311852,0.000069814
experiment_name,1aea548a-df8a-41eb-983a-8bf12546a449,function_execution_time,1779126956.1326294,0.000089119
experiment_name,1aea548a-df8a-41eb-983a-8bf12546a449,function_execution_time,1779126956.233859,0.000071092
experiment_name,1aea548a-df8a-41eb-983a-8bf12546a449,function_execution_time,1779126956.3351946,0.000071669
experiment_name,1aea548a-df8a-41eb-983a-8bf12546a449,function_execution_time,1779126956.4365194,0.000077299
experiment_name,1aea548a-df8a-41eb-983a-8bf12546a449,function_execution_time,1779126956.5378363,0.000078372
experiment_name,1aea548a-df8a-41eb-983a-8bf12546a449,function_execution_time,1779126956.639174,0.000071771
experiment_name,1aea548a-df8a-41eb-983a-8bf12546a449,function_execution_time,1779126956.7405317,0.000088129
experiment_name,1aea548a-df8a-41eb-983a-8bf12546a449,function_execution_time,1779126956.8418806,0.000084055
experiment_name,1aea548a-df8a-41eb-983a-8bf12546a449,function_execution_time,1779126956.9431746,0.000143693
experiment_name,1aea548a-df8a-41eb-983a-8bf12546a449,function_execution_time,1779126957.0445652,0.000091773
experiment_name,1aea548a-df8a-41eb-983a-8bf12546a449,function_execution_time,1779126957.145771,0.000067778
experiment_name,1aea548a-df8a-41eb-983a-8bf12546a449,function_execution_time,1779126957.2470872,0.000078396
experiment_name,1aea548a-df8a-41eb-983a-8bf12546a449,function_execution_time,1779126957.3474207,0.000067433
experiment_name,1aea548a-df8a-41eb-983a-8bf12546a449,function_execution_time,1779126957.4487355,0.000073341
experiment_name,1aea548a-df8a-41eb-983a-8bf12546a449,function_execution_time,1779126957.550075,0.000078635
experiment_name,1aea548a-df8a-41eb-983a-8bf12546a449,function_execution_time,1779126957.6503954,0.000070433
experiment_name,1aea548a-df8a-41eb-983a-8bf12546a449,function_execution_time,1779126957.7516723,0.000069332
experiment_name,1aea548a-df8a-41eb-983a-8bf12546a449,function_execution_time,1779126957.8530838,0.000079326
experiment_name,1aea548a-df8a-41eb-983a-8bf12546a449,function_execution_time,1779126957.9543993,0.000147905
experiment_name,1aea548a-df8a-41eb-983a-8bf12546a449,function_execution_time,1779126958.0557098,0.00007009
experiment_name,1aea548a-df8a-41eb-983a-8bf12546a449,function_execution_time,1779126958.156944,0.000066575
experiment_name,1aea548a-df8a-41eb-983a-8bf12546a449,function_execution_time,1779126958.2582636,0.000074849
experiment_name,1aea548a-df8a-41eb-983a-8bf12546a449,function_execution_time,1779126958.3595345,0.000069662
experiment_name,1aea548a-df8a-41eb-983a-8bf12546a449,function_execution_time,1779126958.4608517,0.00007317
experiment_name,1aea548a-df8a-41eb-983a-8bf12546a449,function_execution_time,1779126958.5621886,0.000078385
experiment_name,1aea548a-df8a-41eb-983a-8bf12546a449,function_execution_time,1779126958.6635602,0.000092136
experiment_name,1aea548a-df8a-41eb-983a-8bf12546a449,function_execution_time,1779126958.764842,0.000070392
experiment_name,1aea548a-df8a-41eb-983a-8bf12546a449,function_execution_time,1779126958.8661358,0.000071957
experiment_name,1aea548a-df8a-41eb-983a-8bf12546a449,function_execution_time,1779126958.9675481,0.000153852
experiment_name,1aea548a-df8a-41eb-983a-8bf12546a449,function_execution_time,1779126959.0688818,0.000072621
experiment_name,1aea548a-df8a-41eb-983a-8bf12546a449,function_execution_time,1779126959.1701345,0.000070768
experiment_name,1aea548a-df8a-41eb-983a-8bf12546a449,function_execution_time,1779126959.2715547,0.000097248
experiment_name,1aea548a-df8a-41eb-983a-8bf12546a449,function_execution_time,1779126959.3728082,0.000092253
experiment_name,1aea548a-df8a-41eb-983a-8bf12546a449,function_execution_time,1779126959.4740865,0.000092942
experiment_name,1aea548a-df8a-41eb-983a-8bf12546a449,function_execution_time,1779126959.5745912,0.000117742
experiment_name,1aea548a-df8a-41eb-983a-8bf12546a449,function_transfer_time,1779126954.7149594,0.000092119
experiment_name,1aea548a-df8a-41eb-983a-8bf12546a449,function_transfer_time,1779126954.8162694,0.0000793
experiment_name,1aea548a-df8a-41eb-983a-8bf12546a449,function_transfer_time,1779126954.917553,0.000023746
experiment_name,1aea548a-df8a-41eb-983a-8bf12546a449,function_transfer_time,1779126955.0189335,0.000079633
experiment_name,1aea548a-df8a-41eb-983a-8bf12546a449,function_transfer_time,1779126955.1202085,0.000023829
experiment_name,1aea548a-df8a-41eb-983a-8bf12546a449,function_transfer_time,1779126955.2215455,0.00008287
experiment_name,1aea548a-df8a-41eb-983a-8bf12546a449,function_transfer_time,1779126955.322817,0.000023528
experiment_name,1aea548a-df8a-41eb-983a-8bf12546a449,function_transfer_time,1779126955.4241097,0.000030158
experiment_name,1aea548a-df8a-41eb-983a-8bf12546a449,function_transfer_time,1779126955.5253735,0.000036439
experiment_name,1aea548a-df8a-41eb-983a-8bf12546a449,function_transfer_time,1779126955.6267147,0.000081852
experiment_name,1aea548a-df8a-41eb-983a-8bf12546a449,function_transfer_time,1779126955.7280304,0.000076843
experiment_name,1aea548a-df8a-41eb-983a-8bf12546a449,function_transfer_time,1779126955.8283627,0.000076409
experiment_name,1aea548a-df8a-41eb-983a-8bf12546a449,function_transfer_time,1779126955.929658,0.000077071
experiment_name,1aea548a-df8a-41eb-983a-8bf12546a449,function_transfer_time,1779126956.0310974,0.000075256
experiment_name,1aea548a-df8a-41eb-983a-8bf12546a449,function_transfer_time,1779126956.132476,0.000102198
experiment_name,1aea548a-df8a-41eb-983a-8bf12546a449,function_transfer_time,1779126956.2337792,0.000077641
experiment_name,1aea548a-df8a-41eb-983a-8bf12546a449,function_transfer_time,1779126956.3351169,0.000081498
experiment_name,1aea548a-df8a-41eb-983a-8bf12546a449,function_transfer_time,1779126956.4364395,0.000083143
experiment_name,1aea548a-df8a-41eb-983a-8bf12546a449,function_transfer_time,1779126956.5377584,0.000074975
experiment_name,1aea548a-df8a-41eb-983a-8bf12546a449,function_transfer_time,1779126956.6390939,0.00007913
experiment_name,1aea548a-df8a-41eb-983a-8bf12546a449,function_transfer_time,1779126956.7403882,0.000073867
experiment_name,1aea548a-df8a-41eb-983a-8bf12546a449,function_transfer_time,1779126956.841727,0.000081312
experiment_name,1aea548a-df8a-41eb-983a-8bf12546a449,function_transfer_time,1779126956.9430227,0.000076122
experiment_name,1aea548a-df8a-41eb-983a-8bf12546a449,function_transfer_time,1779126957.0444002,0.000085742
experiment_name,1aea548a-df8a-41eb-983a-8bf12546a449,function_transfer_time,1779126957.1456926,0.000082952
experiment_name,1aea548a-df8a-41eb-983a-8bf12546a449,function_transfer_time,1779126957.2470098,0.000077254
experiment_name,1aea548a-df8a-41eb-983a-8bf12546a449,function_transfer_time,1779126957.3473423,0.000078612
experiment_name,1aea548a-df8a-41eb-983a-8bf12546a449,function_transfer_time,1779126957.4486508,0.000080416
experiment_name,1aea548a-df8a-41eb-983a-8bf12546a449,function_transfer_time,1779126957.5499964,0.000086222
experiment_name,1aea548a-df8a-41eb-983a-8bf12546a449,function_transfer_time,1779126957.6503105,0.000083348
experiment_name,1aea548a-df8a-41eb-983a-8bf12546a449,function_transfer_time,1779126957.7515802,0.000023502
experiment_name,1aea548a-df8a-41eb-983a-8bf12546a449,function_transfer_time,1779126957.8529413,0.000085301
experiment_name,1aea548a-df8a-41eb-983a-8bf12546a449,function_transfer_time,1779126957.9542465,0.00007469
experiment_name,1aea548a-df8a-41eb-983a-8bf12546a449,function_transfer_time,1779126958.0556345,0.000076346
experiment_name,1aea548a-df8a-41eb-983a-8bf12546a449,function_transfer_time,1779126958.1568668,0.000017768
experiment_name,1aea548a-df8a-41eb-983a-8bf12546a449,function_transfer_time,1779126958.2581322,0.000018099
experiment_name,1aea548a-df8a-41eb-983a-8bf12546a449,function_transfer_time,1779126958.3594565,0.000085379
experiment_name,1aea548a-df8a-41eb-983a-8bf12546a449,function_transfer_time,1779126958.460775,0.00007714
experiment_name,1aea548a-df8a-41eb-983a-8bf12546a449,function_transfer_time,1779126958.5621097,0.000081826
experiment_name,1aea548a-df8a-41eb-983a-8bf12546a449,function_transfer_time,1779126958.663416,0.000077929
experiment_name,1aea548a-df8a-41eb-983a-8bf12546a449,function_transfer_time,1779126958.7647629,0.000085339
experiment_name,1aea548a-df8a-41eb-983a-8bf12546a449,function_transfer_time,1779126958.8660583,0.0000773
experiment_name,1aea548a-df8a-41eb-983a-8bf12546a449,function_transfer_time,1779126958.967383,0.000084445
experiment_name,1aea548a-df8a-41eb-983a-8bf12546a449,function_transfer_time,1779126959.068804,0.00008293
experiment_name,1aea548a-df8a-41eb-983a-8bf12546a449,function_transfer_time,1779126959.170058,0.000018047
experiment_name,1aea548a-df8a-41eb-983a-8bf12546a449,function_transfer_time,1779126959.271404,0.000083326
experiment_name,1aea548a-df8a-41eb-983a-8bf12546a449,function_transfer_time,1779126959.372657,0.000025395
experiment_name,1aea548a-df8a-41eb-983a-8bf12546a449,function_transfer_time,1779126959.473997,0.000095862
experiment_name,1aea548a-df8a-41eb-983a-8bf12546a449,function_transfer_time,1779126959.5744112,0.000092834
experiment_name,550b0825-437e-4d72-9d88-d41bc63734d2,function_transfer_time,1779126954.7151246,0.000102257
experiment_name,550b0825-437e-4d72-9d88-d41bc63734d2,function_transfer_time,1779126954.8164637,0.000134214
experiment_name,550b0825-437e-4d72-9d88-d41bc63734d2,function_transfer_time,1779126954.9177344,0.000035559
experiment_name,550b0825-437e-4d72-9d88-d41bc63734d2,function_transfer_time,1779126955.019101,0.00011205
experiment_name,550b0825-437e-4d72-9d88-d41bc63734d2,function_transfer_time,1779126955.120373,0.000052415
experiment_name,550b0825-437e-4d72-9d88-d41bc63734d2,function_transfer_time,1779126955.2217157,0.000114582
experiment_name,550b0825-437e-4d72-9d88-d41bc63734d2,function_transfer_time,1779126955.322997,0.000125059
experiment_name,550b0825-437e-4d72-9d88-d41bc63734d2,function_transfer_time,1779126955.4242399,0.000032513
experiment_name,550b0825-437e-4d72-9d88-d41bc63734d2,function_transfer_time,1779126955.5255318,0.000096567
experiment_name,550b0825-437e-4d72-9d88-d41bc63734d2,function_transfer_time,1779126955.6269147,0.000142272
experiment_name,550b0825-437e-4d72-9d88-d41bc63734d2,function_transfer_time,1779126955.728192,0.000055322
experiment_name,550b0825-437e-4d72-9d88-d41bc63734d2,function_transfer_time,1779126955.8285482,0.000125074
experiment_name,550b0825-437e-4d72-9d88-d41bc63734d2,function_transfer_time,1779126955.9298093,0.000034753
experiment_name,550b0825-437e-4d72-9d88-d41bc63734d2,function_transfer_time,1779126956.0312612,0.00011399
experiment_name,550b0825-437e-4d72-9d88-d41bc63734d2,function_transfer_time,1779126956.132633,0.000046719
experiment_name,550b0825-437e-4d72-9d88-d41bc63734d2,function_transfer_time,1779126956.2339694,0.000136436
experiment_name,550b0825-437e-4d72-9d88-d41bc63734d2,function_transfer_time,1779126956.3352711,0.00004811
experiment_name,550b0825-437e-4d72-9d88-d41bc63734d2,function_transfer_time,1779126956.4365973,0.000052736
experiment_name,550b0825-437e-4d72-9d88-d41bc63734d2,function_transfer_time,1779126956.5379124,0.000040709
experiment_name,550b0825-437e-4d72-9d88-d41bc63734d2,function_transfer_time,1779126956.6392484,0.000104533
experiment_name,550b0825-437e-4d72-9d88-d41bc63734d2,function_transfer_time,1779126956.740534,0.000033268
experiment_name,550b0825-437e-4d72-9d88-d41bc63734d2,function_transfer_time,1779126956.841884,0.00004469
experiment_name,550b0825-437e-4d72-9d88-d41bc63734d2,function_transfer_time,1779126956.943172,0.00003364
experiment_name,550b0825-437e-4d72-9d88-d41bc63734d2,function_transfer_time,1779126957.0445676,0.000033878
experiment_name,550b0825-437e-4d72-9d88-d41bc63734d2,function_transfer_time,1779126957.1458821,0.000135589
experiment_name,550b0825-437e-4d72-9d88-d41bc63734d2,function_transfer_time,1779126957.2472007,0.000131295
experiment_name,550b0825-437e-4d72-9d88-d41bc63734d2,function_transfer_time,1779126957.347529,0.000127519
experiment_name,550b0825-437e-4d72-9d88-d41bc63734d2,function_transfer_time,1779126957.4488258,0.000121817
experiment_name,550b0825-437e-4d72-9d88-d41bc63734d2,function_transfer_time,1779126957.5501747,0.000118049
experiment_name,550b0825-437e-4d72-9d88-d41bc63734d2,function_transfer_time,1779126957.6504984,0.000132655
experiment_name,550b0825-437e-4d72-9d88-d41bc63734d2,function_transfer_time,1779126957.751747,0.000061685
experiment_name,550b0825-437e-4d72-9d88-d41bc63734d2,function_transfer_time,1779126957.8531158,0.000124042
experiment_name,550b0825-437e-4d72-9d88-d41bc63734d2,function_transfer_time,1779126957.954403,0.000034062
experiment_name,550b0825-437e-4d72-9d88-d41bc63734d2,function_transfer_time,1779126958.0558236,0.000135564
experiment_name,550b0825-437e-4d72-9d88-d41bc63734d2,function_transfer_time,1779126958.1569579,0.000043334
experiment_name,550b0825-437e-4d72-9d88-d41bc63734d2,function_transfer_time,1779126958.258277,0.000094183
experiment_name,550b0825-437e-4d72-9d88-d41bc63734d2,function_transfer_time,1779126958.3596268,0.000115857
experiment_name,550b0825-437e-4d72-9d88-d41bc63734d2,function_transfer_time,1779126958.4609537,0.000124978
experiment_name,550b0825-437e-4d72-9d88-d41bc63734d2,function_transfer_time,1779126958.562268,0.000104854
experiment_name,550b0825-437e-4d72-9d88-d41bc63734d2,function_transfer_time,1779126958.6636038,0.000122081
experiment_name,550b0825-437e-4d72-9d88-d41bc63734d2,function_transfer_time,1779126958.764952,0.000135764
experiment_name,550b0825-437e-4d72-9d88-d41bc63734d2,function_transfer_time,1779126958.8662477,0.000134904
experiment_name,550b0825-437e-4d72-9d88-d41bc63734d2,function_transfer_time,1779126958.9675448,0.000034513
experiment_name,550b0825-437e-4d72-9d88-d41bc63734d2,function_transfer_time,1779126959.0690057,0.000145543
experiment_name,550b0825-437e-4d72-9d88-d41bc63734d2,function_transfer_time,1779126959.1702158,0.00010396
experiment_name,550b0825-437e-4d72-9d88-d41bc63734d2,function_transfer_time,1779126959.2715569,0.00009117
experiment_name,550b0825-437e-4d72-9d88-d41bc63734d2,function_transfer_time,1779126959.3728046,0.000029049
experiment_name,550b0825-437e-4d72-9d88-d41bc63734d2,function_transfer_time,1779126959.474193,0.000126149
experiment_name,550b0825-437e-4d72-9d88-d41bc63734d2,function_transfer_time,1779126959.5745862,0.000032606
experiment_name,1aea548a-df8a-41eb-983a-8bf12546a449,function_execution_time,1779126959.6758187,0.000091403
experiment_name,1aea548a-df8a-41eb-983a-8bf12546a449,function_execution_time,1779126959.777155,0.0000805
experiment_name,1aea548a-df8a-41eb-983a-8bf12546a449,function_execution_time,1779126959.8775663,0.000075034
experiment_name,1aea548a-df8a-41eb-983a-8bf12546a449,function_execution_time,1779126959.978985,0.000165063
experiment_name,1aea548a-df8a-41eb-983a-8bf12546a449,function_execution_time,1779126960.080358,0.000071665
experiment_name,1aea548a-df8a-41eb-983a-8bf12546a449,function_execution_time,1779126960.1816742,0.000072571
experiment_name,1aea548a-df8a-41eb-983a-8bf12546a449,function_execution_time,1779126960.2830107,0.000067907
experiment_name,1aea548a-df8a-41eb-983a-8bf12546a449,function_execution_time,1779126960.384327,0.000079668
experiment_name,1aea548a-df8a-41eb-983a-8bf12546a449,function_execution_time,1779126960.4856768,0.000069685
experiment_name,1aea548a-df8a-41eb-983a-8bf12546a449,function_execution_time,1779126960.5869877,0.000066994
experiment_name,1aea548a-df8a-41eb-983a-8bf12546a449,function_execution_time,1779126960.6883156,0.000078858
experiment_name,1aea548a-df8a-41eb-983a-8bf12546a449,function_execution_time,1779126960.7896302,0.000070476
experiment_name,1aea548a-df8a-41eb-983a-8bf12546a449,function_execution_time,1779126960.8909698,0.00006927
experiment_name,1aea548a-df8a-41eb-983a-8bf12546a449,function_execution_time,1779126960.992397,0.00016684
experiment_name,1aea548a-df8a-41eb-983a-8bf12546a449,function_execution_time,1779126961.093691,0.000071375
experiment_name,1aea548a-df8a-41eb-983a-8bf12546a449,function_execution_time,1779126961.1949658,0.000069281
experiment_name,1aea548a-df8a-41eb-983a-8bf12546a449,function_execution_time,1779126961.2963288,0.000078644
experiment_name,1aea548a-df8a-41eb-983a-8bf12546a449,function_execution_time,1779126961.3975878,0.000080885
experiment_name,1aea548a-df8a-41eb-983a-8bf12546a449,function_execution_time,1779126961.4990134,0.000082617
experiment_name,1aea548a-df8a-41eb-983a-8bf12546a449,function_execution_time,1779126961.60023,0.000071147
experiment_name,1aea548a-df8a-41eb-983a-8bf12546a449,function_execution_time,1779126961.7015886,0.000079666
experiment_name,1aea548a-df8a-41eb-983a-8bf12546a449,function_execution_time,1779126961.802845,0.000079775
experiment_name,1aea548a-df8a-41eb-983a-8bf12546a449,function_execution_time,1779126961.9041479,0.000071272
experiment_name,1aea548a-df8a-41eb-983a-8bf12546a449,function_execution_time,1779126962.0055368,0.000144318
experiment_name,1aea548a-df8a-41eb-983a-8bf12546a449,function_execution_time,1779126962.1068983,0.000085051
experiment_name,1aea548a-df8a-41eb-983a-8bf12546a449,function_execution_time,1779126962.2082143,0.000080518
experiment_name,1aea548a-df8a-41eb-983a-8bf12546a449,function_execution_time,1779126962.3094444,0.000070396
experiment_name,1aea548a-df8a-41eb-983a-8bf12546a449,function_execution_time,1779126962.4109337,0.000079567
experiment_name,1aea548a-df8a-41eb-983a-8bf12546a449,function_execution_time,1779126962.5122375,0.000070563
experiment_name,1aea548a-df8a-41eb-983a-8bf12546a449,function_execution_time,1779126962.613555,0.000071475
experiment_name,1aea548a-df8a-41eb-983a-8bf12546a449,function_execution_time,1779126962.7148998,0.00007115
experiment_name,1aea548a-df8a-41eb-983a-8bf12546a449,function_execution_time,1779126962.8162158,0.000081712
experiment_name,1aea548a-df8a-41eb-983a-8bf12546a449,function_execution_time,1779126962.917573,0.000083909
experiment_name,1aea548a-df8a-41eb-983a-8bf12546a449,function_execution_time,1779126963.018914,0.000132245
experiment_name,1aea548a-df8a-41eb-983a-8bf12546a449,function_execution_time,1779126963.120209,0.000084244
experiment_name,1aea548a-df8a-41eb-983a-8bf12546a449,function_execution_time,1779126963.2215445,0.000074983
experiment_name,1aea548a-df8a-41eb-983a-8bf12546a449,function_execution_time,1779126963.3228736,0.000069994
experiment_name,1aea548a-df8a-41eb-983a-8bf12546a449,function_execution_time,1779126963.4241974,0.000078192
experiment_name,1aea548a-df8a-41eb-983a-8bf12546a449,function_execution_time,1779126963.5243723,0.000071022
experiment_name,1aea548a-df8a-41eb-983a-8bf12546a449,function_execution_time,1779126963.6257653,0.000083672
experiment_name,1aea548a-df8a-41eb-983a-8bf12546a449,function_execution_time,1779126963.7269535,0.000069785
experiment_name,1aea548a-df8a-41eb-983a-8bf12546a449,function_execution_time,1779126963.8283677,0.000095108
experiment_name,1aea548a-df8a-41eb-983a-8bf12546a449,function_execution_time,1779126963.9296505,0.000084712
experiment_name,1aea548a-df8a-41eb-983a-8bf12546a449,function_execution_time,1779126964.0309765,0.000142993
experiment_name,1aea548a-df8a-41eb-983a-8bf12546a449,function_execution_time,1779126964.1313064,0.000071332
experiment_name,1aea548a-df8a-41eb-983a-8bf12546a449,function_execution_time,1779126964.23261,0.000072748
experiment_name,1aea548a-df8a-41eb-983a-8bf12546a449,function_execution_time,1779126964.3339357,0.000079893
experiment_name,1aea548a-df8a-41eb-983a-8bf12546a449,function_execution_time,1779126964.4352515,0.000070948
experiment_name,1aea548a-df8a-41eb-983a-8bf12546a449,function_execution_time,1779126964.536567,0.000071563
experiment_name,550b0825-437e-4d72-9d88-d41bc63734d2,function_execution_time,1779126959.6759157,0.000060571
experiment_name,550b0825-437e-4d72-9d88-d41bc63734d2,function_execution_time,1779126959.7772563,0.000061564
experiment_name,550b0825-437e-4d72-9d88-d41bc63734d2,function_execution_time,1779126959.8777392,0.00007156
experiment_name,550b0825-437e-4d72-9d88-d41bc63734d2,function_execution_time,1779126959.9790523,0.000062939
experiment_name,550b0825-437e-4d72-9d88-d41bc63734d2,function_execution_time,1779126960.0805228,0.000060732
experiment_name,550b0825-437e-4d72-9d88-d41bc63734d2,function_execution_time,1779126960.181811,0.000055781
experiment_name,550b0825-437e-4d72-9d88-d41bc63734d2,function_execution_time,1779126960.283169,0.000056966
experiment_name,550b0825-437e-4d72-9d88-d41bc63734d2,function_execution_time,1779126960.384489,0.000077811
experiment_name,550b0825-437e-4d72-9d88-d41bc63734d2,function_execution_time,1779126960.4857676,0.000062296
experiment_name,550b0825-437e-4d72-9d88-d41bc63734d2,function_execution_time,1779126960.5871441,0.000054494
experiment_name,550b0825-437e-4d72-9d88-d41bc63734d2,function_execution_time,1779126960.688393,0.000056988
experiment_name,550b0825-437e-4d72-9d88-d41bc63734d2,function_execution_time,1779126960.7897766,0.00006184
experiment_name,550b0825-437e-4d72-9d88-d41bc63734d2,function_execution_time,1779126960.891105,0.000056516
experiment_name,550b0825-437e-4d72-9d88-d41bc63734d2,function_execution_time,1779126960.992464,0.000067578
experiment_name,550b0825-437e-4d72-9d88-d41bc63734d2,function_execution_time,1779126961.0938501,0.00005548
experiment_name,550b0825-437e-4d72-9d88-d41bc63734d2,function_execution_time,1779126961.1951373,0.000062971
experiment_name,550b0825-437e-4d72-9d88-d41bc63734d2,function_execution_time,1779126961.2964242,0.000055732
experiment_name,550b0825-437e-4d72-9d88-d41bc63734d2,function_execution_time,1779126961.397671,0.000057324
experiment_name,550b0825-437e-4d72-9d88-d41bc63734d2,function_execution_time,1779126961.49909,0.000060975
experiment_name,550b0825-437e-4d72-9d88-d41bc63734d2,function_execution_time,1779126961.6004117,0.000058855
experiment_name,550b0825-437e-4d72-9d88-d41bc63734d2,function_execution_time,1779126961.7017343,0.000063967
experiment_name,550b0825-437e-4d72-9d88-d41bc63734d2,function_execution_time,1779126961.8029022,0.00005658
experiment_name,550b0825-437e-4d72-9d88-d41bc63734d2,function_execution_time,1779126961.904322,0.000061022
experiment_name,550b0825-437e-4d72-9d88-d41bc63734d2,function_execution_time,1779126962.0055954,0.000057009
experiment_name,550b0825-437e-4d72-9d88-d41bc63734d2,function_execution_time,1779126962.107,0.000064467
experiment_name,550b0825-437e-4d72-9d88-d41bc63734d2,function_execution_time,1779126962.208308,0.000057008
experiment_name,550b0825-437e-4d72-9d88-d41bc63734d2,function_execution_time,1779126962.3096087,0.000055698
experiment_name,550b0825-437e-4d72-9d88-d41bc63734d2,function_execution_time,1779126962.4110112,0.000055911
experiment_name,550b0825-437e-4d72-9d88-d41bc63734d2,function_execution_time,1779126962.5123737,0.000055907
experiment_name,550b0825-437e-4d72-9d88-d41bc63734d2,function_execution_time,1779126962.613728,0.000062672
experiment_name,550b0825-437e-4d72-9d88-d41bc63734d2,function_execution_time,1779126962.715068,0.000054704
experiment_name,550b0825-437e-4d72-9d88-d41bc63734d2,function_execution_time,1779126962.8164005,0.000060267
experiment_name,550b0825-437e-4d72-9d88-d41bc63734d2,function_execution_time,1779126962.9176562,0.000054981
experiment_name,550b0825-437e-4d72-9d88-d41bc63734d2,function_execution_time,1779126963.0190122,0.000065426
experiment_name,550b0825-437e-4d72-9d88-d41bc63734d2,function_execution_time,1779126963.12038,0.000059432
experiment_name,550b0825-437e-4d72-9d88-d41bc63734d2,function_execution_time,1779126963.2216833,0.000058103
experiment_name,550b0825-437e-4d72-9d88-d41bc63734d2,function_execution_time,1779126963.3229764,0.000063971
experiment_name,550b0825-437e-4d72-9d88-d41bc63734d2,function_execution_time,1779126963.4242904,0.000055655
experiment_name,550b0825-437e-4d72-9d88-d41bc63734d2,function_execution_time,1779126963.524535,0.000054271
experiment_name,550b0825-437e-4d72-9d88-d41bc63734d2,function_execution_time,1779126963.62586,0.000055764
experiment_name,550b0825-437e-4d72-9d88-d41bc63734d2,function_execution_time,1779126963.7270977,0.000064764
experiment_name,550b0825-437e-4d72-9d88-d41bc63734d2,function_execution_time,1779126963.8284998,0.000085654
experiment_name,550b0825-437e-4d72-9d88-d41bc63734d2,function_execution_time,1779126963.9297462,0.000055861
experiment_name,550b0825-437e-4d72-9d88-d41bc63734d2,function_execution_time,1779126964.0310297,0.000056978
experiment_name,550b0825-437e-4d72-9d88-d41bc63734d2,function_execution_time,1779126964.1314964,0.000078182
experiment_name,550b0825-437e-4d72-9d88-d41bc63734d2,function_execution_time,1779126964.232768,0.000056444
experiment_name,550b0825-437e-4d72-9d88-d41bc63734d2,function_execution_time,1779126964.3340316,0.000069998
experiment_name,550b0825-437e-4d72-9d88-d41bc63734d2,function_execution_time,1779126964.4354095,0.000055239
experiment_name,550b0825-437e-4d72-9d88-d41bc63734d2,function_execution_time,1779126964.5366466,0.000057365
experiment_name,1aea548a-df8a-41eb-983a-8bf12546a449,function_transfer_time,1779126959.6756778,0.000086739
experiment_name,1aea548a-df8a-41eb-983a-8bf12546a449,function_transfer_time,1779126959.7770214,0.000086218
experiment_name,1aea548a-df8a-41eb-983a-8bf12546a449,function_transfer_time,1779126959.8774874,0.000077548
experiment_name,1aea548a-df8a-41eb-983a-8bf12546a449,function_transfer_time,1779126959.978824,0.000081874
experiment_name,1aea548a-df8a-41eb-983a-8bf12546a449,function_transfer_time,1779126960.0802813,0.000079541
experiment_name,1aea548a-df8a-41eb-983a-8bf12546a449,function_transfer_time,1779126960.1815975,0.000077841
experiment_name,1aea548a-df8a-41eb-983a-8bf12546a449,function_transfer_time,1779126960.282933,0.000077913
experiment_name,1aea548a-df8a-41eb-983a-8bf12546a449,function_transfer_time,1779126960.384241,0.000075505
experiment_name,1aea548a-df8a-41eb-983a-8bf12546a449,function_transfer_time,1779126960.4855864,0.0000786
experiment_name,1aea548a-df8a-41eb-983a-8bf12546a449,function_transfer_time,1779126960.5869021,0.000087259
experiment_name,1aea548a-df8a-41eb-983a-8bf12546a449,function_transfer_time,1779126960.6882403,0.000084917
experiment_name,1aea548a-df8a-41eb-983a-8bf12546a449,function_transfer_time,1779126960.789554,0.000083947
experiment_name,1aea548a-df8a-41eb-983a-8bf12546a449,function_transfer_time,1779126960.8908803,0.000083278
experiment_name,1aea548a-df8a-41eb-983a-8bf12546a449,function_transfer_time,1779126960.9922287,0.000086849
experiment_name,1aea548a-df8a-41eb-983a-8bf12546a449,function_transfer_time,1779126961.0936148,0.000080227
experiment_name,1aea548a-df8a-41eb-983a-8bf12546a449,function_transfer_time,1779126961.1948895,0.000024029
experiment_name,1aea548a-df8a-41eb-983a-8bf12546a449,function_transfer_time,1779126961.2961948,0.000082031
experiment_name,1aea548a-df8a-41eb-983a-8bf12546a449,function_transfer_time,1779126961.3975058,0.000078701
experiment_name,1aea548a-df8a-41eb-983a-8bf12546a449,function_transfer_time,1779126961.4988592,0.0000818
experiment_name,1aea548a-df8a-41eb-983a-8bf12546a449,function_transfer_time,1779126961.6001532,0.000077715
experiment_name,1aea548a-df8a-41eb-983a-8bf12546a449,function_transfer_time,1779126961.7015064,0.000086381
experiment_name,1aea548a-df8a-41eb-983a-8bf12546a449,function_transfer_time,1779126961.8027604,0.000021561
experiment_name,1aea548a-df8a-41eb-983a-8bf12546a449,function_transfer_time,1779126961.9040701,0.000080949
experiment_name,1aea548a-df8a-41eb-983a-8bf12546a449,function_transfer_time,1779126962.0053859,0.0000867
experiment_name,1aea548a-df8a-41eb-983a-8bf12546a449,function_transfer_time,1779126962.1067443,0.000079921
experiment_name,1aea548a-df8a-41eb-983a-8bf12546a449,function_transfer_time,1779126962.2080824,0.000077273
experiment_name,1aea548a-df8a-41eb-983a-8bf12546a449,function_transfer_time,1779126962.309442,0.00007704
experiment_name,1aea548a-df8a-41eb-983a-8bf12546a449,function_transfer_time,1779126962.410852,0.000073579
experiment_name,1aea548a-df8a-41eb-983a-8bf12546a449,function_transfer_time,1779126962.5121598,0.000076863
experiment_name,1aea548a-df8a-41eb-983a-8bf12546a449,function_transfer_time,1779126962.6134758,0.000080051
experiment_name,1aea548a-df8a-41eb-983a-8bf12546a449,function_transfer_time,1779126962.7148216,0.00008095
experiment_name,1aea548a-df8a-41eb-983a-8bf12546a449,function_transfer_time,1779126962.816129,0.000081295
experiment_name,1aea548a-df8a-41eb-983a-8bf12546a449,function_transfer_time,1779126962.9174266,0.000022865
experiment_name,1aea548a-df8a-41eb-983a-8bf12546a449,function_transfer_time,1779126963.0187328,0.000077139
experiment_name,1aea548a-df8a-41eb-983a-8bf12546a449,function_transfer_time,1779126963.12012,0.000026248
experiment_name,1aea548a-df8a-41eb-983a-8bf12546a449,function_transfer_time,1779126963.2214627,0.000088907
experiment_name,1aea548a-df8a-41eb-983a-8bf12546a449,function_transfer_time,1779126963.322742,0.000025703
experiment_name,1aea548a-df8a-41eb-983a-8bf12546a449,function_transfer_time,1779126963.4240634,0.000083813
experiment_name,1aea548a-df8a-41eb-983a-8bf12546a449,function_transfer_time,1779126963.5242958,0.000021825
experiment_name,1aea548a-df8a-41eb-983a-8bf12546a449,function_transfer_time,1779126963.6256223,0.00007773
experiment_name,1aea548a-df8a-41eb-983a-8bf12546a449,function_transfer_time,1779126963.7268708,0.00002368
experiment_name,1aea548a-df8a-41eb-983a-8bf12546a449,function_transfer_time,1779126963.8282075,0.000084229
experiment_name,1aea548a-df8a-41eb-983a-8bf12546a449,function_transfer_time,1779126963.929507,0.000084034
experiment_name,1aea548a-df8a-41eb-983a-8bf12546a449,function_transfer_time,1779126964.030824,0.000080387
experiment_name,1aea548a-df8a-41eb-983a-8bf12546a449,function_transfer_time,1779126964.131228,0.000022593
experiment_name,1aea548a-df8a-41eb-983a-8bf12546a449,function_transfer_time,1779126964.2325332,0.000079499
experiment_name,1aea548a-df8a-41eb-983a-8bf12546a449,function_transfer_time,1779126964.3338578,0.000079778
experiment_name,1aea548a-df8a-41eb-983a-8bf12546a449,function_transfer_time,1779126964.4351752,0.000083888
experiment_name,1aea548a-df8a-41eb-983a-8bf12546a449,function_transfer_time,1779126964.536491,0.000076607
experiment_name,550b0825-437e-4d72-9d88-d41bc63734d2,function_transfer_time,1779126959.6758492,0.000106421
experiment_name,550b0825-437e-4d72-9d88-d41bc63734d2,function_transfer_time,1779126959.7771862,0.000112814
experiment_name,550b0825-437e-4d72-9d88-d41bc63734d2,function_transfer_time,1779126959.8776667,0.000122849
experiment_name,550b0825-437e-4d72-9d88-d41bc63734d2,function_transfer_time,1779126959.978983,0.000032822
experiment_name,550b0825-437e-4d72-9d88-d41bc63734d2,function_transfer_time,1779126960.0804615,0.000125181
experiment_name,550b0825-437e-4d72-9d88-d41bc63734d2,function_transfer_time,1779126960.181755,0.000103013
experiment_name,550b0825-437e-4d72-9d88-d41bc63734d2,function_transfer_time,1779126960.2831113,0.000125404
experiment_name,550b0825-437e-4d72-9d88-d41bc63734d2,function_transfer_time,1779126960.3844104,0.000106059
experiment_name,550b0825-437e-4d72-9d88-d41bc63734d2,function_transfer_time,1779126960.4857504,0.000062936
experiment_name,550b0825-437e-4d72-9d88-d41bc63734d2,function_transfer_time,1779126960.58709,0.000135525
experiment_name,550b0825-437e-4d72-9d88-d41bc63734d2,function_transfer_time,1779126960.6883905,0.000038193
experiment_name,550b0825-437e-4d72-9d88-d41bc63734d2,function_transfer_time,1779126960.7897136,0.00010496
experiment_name,550b0825-437e-4d72-9d88-d41bc63734d2,function_transfer_time,1779126960.8910437,0.000113961
experiment_name,550b0825-437e-4d72-9d88-d41bc63734d2,function_transfer_time,1779126960.9923947,0.000032678
experiment_name,550b0825-437e-4d72-9d88-d41bc63734d2,function_transfer_time,1779126961.0937943,0.000125277
experiment_name,550b0825-437e-4d72-9d88-d41bc63734d2,function_transfer_time,1779126961.1950717,0.000125035
experiment_name,550b0825-437e-4d72-9d88-d41bc63734d2,function_transfer_time,1779126961.2963603,0.000115019
experiment_name,550b0825-437e-4d72-9d88-d41bc63734d2,function_transfer_time,1779126961.397668,0.000048267
experiment_name,550b0825-437e-4d72-9d88-d41bc63734d2,function_transfer_time,1779126961.4990191,0.000110427
experiment_name,550b0825-437e-4d72-9d88-d41bc63734d2,function_transfer_time,1779126961.600353,0.000144274
experiment_name,550b0825-437e-4d72-9d88-d41bc63734d2,function_transfer_time,1779126961.701669,0.000110482
experiment_name,550b0825-437e-4d72-9d88-d41bc63734d2,function_transfer_time,1779126961.8028474,0.000032572
experiment_name,550b0825-437e-4d72-9d88-d41bc63734d2,function_transfer_time,1779126961.9042604,0.000135119
experiment_name,550b0825-437e-4d72-9d88-d41bc63734d2,function_transfer_time,1779126962.0055392,0.00003406
experiment_name,550b0825-437e-4d72-9d88-d41bc63734d2,function_transfer_time,1779126962.1069288,0.00012294
experiment_name,550b0825-437e-4d72-9d88-d41bc63734d2,function_transfer_time,1779126962.2082455,0.000110327
experiment_name,550b0825-437e-4d72-9d88-d41bc63734d2,function_transfer_time,1779126962.3095546,0.000136124
experiment_name,550b0825-437e-4d72-9d88-d41bc63734d2,function_transfer_time,1779126962.4110086,0.000051934
experiment_name,550b0825-437e-4d72-9d88-d41bc63734d2,function_transfer_time,1779126962.5123134,0.00010451
experiment_name,550b0825-437e-4d72-9d88-d41bc63734d2,function_transfer_time,1779126962.613665,0.000135471
experiment_name,550b0825-437e-4d72-9d88-d41bc63734d2,function_transfer_time,1779126962.7150133,0.000136765
experiment_name,550b0825-437e-4d72-9d88-d41bc63734d2,function_transfer_time,1779126962.8163404,0.000145825
experiment_name,550b0825-437e-4d72-9d88-d41bc63734d2,function_transfer_time,1779126962.9175978,0.000111189
experiment_name,550b0825-437e-4d72-9d88-d41bc63734d2,function_transfer_time,1779126963.0189464,0.000099424
experiment_name,550b0825-437e-4d72-9d88-d41bc63734d2,function_transfer_time,1779126963.1203206,0.000141243
experiment_name,550b0825-437e-4d72-9d88-d41bc63734d2,function_transfer_time,1779126963.2216196,0.000104998
experiment_name,550b0825-437e-4d72-9d88-d41bc63734d2,function_transfer_time,1779126963.322908,0.000120872
experiment_name,550b0825-437e-4d72-9d88-d41bc63734d2,function_transfer_time,1779126963.424229,0.00011387
experiment_name,550b0825-437e-4d72-9d88-d41bc63734d2,function_transfer_time,1779126963.5244806,0.000130141
experiment_name,550b0825-437e-4d72-9d88-d41bc63734d2,function_transfer_time,1779126963.625798,0.000115933
experiment_name,550b0825-437e-4d72-9d88-d41bc63734d2,function_transfer_time,1779126963.727029,0.00010757
experiment_name,550b0825-437e-4d72-9d88-d41bc63734d2,function_transfer_time,1779126963.8284009,0.000130306
experiment_name,550b0825-437e-4d72-9d88-d41bc63734d2,function_transfer_time,1779126963.929684,0.000124267
experiment_name,550b0825-437e-4d72-9d88-d41bc63734d2,function_transfer_time,1779126964.0309734,0.00003324
experiment_name,550b0825-437e-4d72-9d88-d41bc63734d2,function_transfer_time,1779126964.1314166,0.000134061
experiment_name,550b0825-437e-4d72-9d88-d41bc63734d2,function_transfer_time,1779126964.2327116,0.000124089
experiment_name,550b0825-437e-4d72-9d88-d41bc63734d2,function_transfer_time,1779126964.3340125,0.000041864
experiment_name,550b0825-437e-4d72-9d88-d41bc63734d2,function_transfer_time,1779126964.4353538,0.000125487
experiment_name,550b0825-437e-4d72-9d88-d41bc63734d2,function_transfer_time,1779126964.536644,0.000045472
experiment_name,550b0825-437e-4d72-9d88-d41bc63734d2,function_execution_time,1779126964.6377277,0.000140053
experiment_name,550b0825-437e-4d72-9d88-d41bc63734d2,function_execution_time,1779126964.7389498,0.000056138
experiment_name,550b0825-437e-4d72-9d88-d41bc63734d2,function_execution_time,1779126964.8403752,0.00005746
experiment_name,550b0825-437e-4d72-9d88-d41bc63734d2,function_execution_time,1779126964.9417086,0.00005776
experiment_name,550b0825-437e-4d72-9d88-d41bc63734d2,function_execution_time,1779126965.0430422,0.000058709
experiment_name,550b0825-437e-4d72-9d88-d41bc63734d2,function_execution_time,1779126965.1445518,0.00006444
experiment_name,550b0825-437e-4d72-9d88-d41bc63734d2,function_execution_time,1779126965.2458723,0.000058053
experiment_name,550b0825-437e-4d72-9d88-d41bc63734d2,function_execution_time,1779126965.3472016,0.000058657
experiment_name,550b0825-437e-4d72-9d88-d41bc63734d2,function_execution_time,1779126965.4484718,0.000082099
experiment_name,550b0825-437e-4d72-9d88-d41bc63734d2,function_execution_time,1779126965.549859,0.000080114
experiment_name,550b0825-437e-4d72-9d88-d41bc63734d2,function_execution_time,1779126965.6511474,0.000068544
experiment_name,550b0825-437e-4d72-9d88-d41bc63734d2,function_execution_time,1779126965.7522857,0.000043215
experiment_name,550b0825-437e-4d72-9d88-d41bc63734d2,function_execution_time,1779126965.8535717,0.000043831
experiment_name,550b0825-437e-4d72-9d88-d41bc63734d2,function_execution_time,1779126965.9548151,0.000036457
experiment_name,550b0825-437e-4d72-9d88-d41bc63734d2,function_execution_time,1779126966.0562139,0.000063217
experiment_name,550b0825-437e-4d72-9d88-d41bc63734d2,function_execution_time,1779126966.1564388,0.000036145
experiment_name,550b0825-437e-4d72-9d88-d41bc63734d2,function_execution_time,1779126966.2578397,0.000059844
experiment_name,550b0825-437e-4d72-9d88-d41bc63734d2,function_execution_time,1779126966.3591645,0.000057199
experiment_name,550b0825-437e-4d72-9d88-d41bc63734d2,function_execution_time,1779126966.4605033,0.000075665
experiment_name,550b0825-437e-4d72-9d88-d41bc63734d2,function_execution_time,1779126966.561807,0.000058406
experiment_name,550b0825-437e-4d72-9d88-d41bc63734d2,function_execution_time,1779126966.6632743,0.000056196
experiment_name,550b0825-437e-4d72-9d88-d41bc63734d2,function_execution_time,1779126966.7635856,0.000054384
experiment_name,550b0825-437e-4d72-9d88-d41bc63734d2,function_execution_time,1779126966.8649135,0.000055762
experiment_name,550b0825-437e-4d72-9d88-d41bc63734d2,function_execution_time,1779126966.9663985,0.000063027
experiment_name,550b0825-437e-4d72-9d88-d41bc63734d2,function_execution_time,1779126967.067733,0.000054927
experiment_name,550b0825-437e-4d72-9d88-d41bc63734d2,function_execution_time,1779126967.1691015,0.000054461
experiment_name,550b0825-437e-4d72-9d88-d41bc63734d2,function_execution_time,1779126967.2705112,0.000054404
experiment_name,550b0825-437e-4d72-9d88-d41bc63734d2,function_execution_time,1779126967.371755,0.00006286
experiment_name,550b0825-437e-4d72-9d88-d41bc63734d2,function_execution_time,1779126967.4730887,0.000058286
experiment_name,550b0825-437e-4d72-9d88-d41bc63734d2,function_execution_time,1779126967.5743842,0.000058395
experiment_name,550b0825-437e-4d72-9d88-d41bc63734d2,function_execution_time,1779126967.675707,0.000055824
experiment_name,550b0825-437e-4d72-9d88-d41bc63734d2,function_execution_time,1779126967.7770889,0.000061698
experiment_name,550b0825-437e-4d72-9d88-d41bc63734d2,function_execution_time,1779126967.8783324,0.0000587
experiment_name,550b0825-437e-4d72-9d88-d41bc63734d2,function_execution_time,1779126967.9796836,0.000054779
experiment_name,550b0825-437e-4d72-9d88-d41bc63734d2,function_execution_time,1779126968.080972,0.000055427
experiment_name,550b0825-437e-4d72-9d88-d41bc63734d2,function_execution_time,1779126968.182286,0.000055058
experiment_name,550b0825-437e-4d72-9d88-d41bc63734d2,function_execution_time,1779126968.2836306,0.000062799
experiment_name,550b0825-437e-4d72-9d88-d41bc63734d2,function_execution_time,1779126968.385021,0.000054753
experiment_name,550b0825-437e-4d72-9d88-d41bc63734d2,function_execution_time,1779126968.4862833,0.000060185
experiment_name,550b0825-437e-4d72-9d88-d41bc63734d2,function_execution_time,1779126968.5875738,0.000056169
experiment_name,550b0825-437e-4d72-9d88-d41bc63734d2,function_execution_time,1779126968.6888554,0.000064019
experiment_name,550b0825-437e-4d72-9d88-d41bc63734d2,function_execution_time,1779126968.7902243,0.000057716
experiment_name,550b0825-437e-4d72-9d88-d41bc63734d2,function_execution_time,1779126968.89067,0.000058137
experiment_name,550b0825-437e-4d72-9d88-d41bc63734d2,function_execution_time,1779126968.9919868,0.000055751
experiment_name,550b0825-437e-4d72-9d88-d41bc63734d2,function_execution_time,1779126969.0932407,0.000055361
experiment_name,550b0825-437e-4d72-9d88-d41bc63734d2,function_execution_time,1779126969.1946564,0.000063588
experiment_name,550b0825-437e-4d72-9d88-d41bc63734d2,function_execution_time,1779126969.2959554,0.000056362
experiment_name,550b0825-437e-4d72-9d88-d41bc63734d2,function_execution_time,1779126969.397248,0.00005488
experiment_name,550b0825-437e-4d72-9d88-d41bc63734d2,function_execution_time,1779126969.4985313,0.000055904
experiment_name,550b0825-437e-4d72-9d88-d41bc63734d2,function_execution_time,1779126969.599771,0.000062949
experiment_name,1aea548a-df8a-41eb-983a-8bf12546a449,function_execution_time,1779126964.6376119,0.000100916
experiment_name,1aea548a-df8a-41eb-983a-8bf12546a449,function_execution_time,1779126964.7388725,0.000072171
experiment_name,1aea548a-df8a-41eb-983a-8bf12546a449,function_execution_time,1779126964.8402233,0.000077366
experiment_name,1aea548a-df8a-41eb-983a-8bf12546a449,function_execution_time,1779126964.941547,0.000073166
experiment_name,1aea548a-df8a-41eb-983a-8bf12546a449,function_execution_time,1779126965.0429811,0.000165224
experiment_name,1aea548a-df8a-41eb-983a-8bf12546a449,function_execution_time,1779126965.144376,0.000074665
experiment_name,1aea548a-df8a-41eb-983a-8bf12546a449,function_execution_time,1779126965.2457042,0.000073538
experiment_name,1aea548a-df8a-41eb-983a-8bf12546a449,function_execution_time,1779126965.347067,0.000086524
experiment_name,1aea548a-df8a-41eb-983a-8bf12546a449,function_execution_time,1779126965.4484699,0.000092487
experiment_name,1aea548a-df8a-41eb-983a-8bf12546a449,function_execution_time,1779126965.5496821,0.00008572
experiment_name,1aea548a-df8a-41eb-983a-8bf12546a449,function_execution_time,1779126965.6509573,0.000085959
experiment_name,1aea548a-df8a-41eb-983a-8bf12546a449,function_execution_time,1779126965.7522068,0.000051473
experiment_name,1aea548a-df8a-41eb-983a-8bf12546a449,function_execution_time,1779126965.8534818,0.000069859
experiment_name,1aea548a-df8a-41eb-983a-8bf12546a449,function_execution_time,1779126965.9547353,0.000048661
experiment_name,1aea548a-df8a-41eb-983a-8bf12546a449,function_execution_time,1779126966.0561528,0.000150696
experiment_name,1aea548a-df8a-41eb-983a-8bf12546a449,function_execution_time,1779126966.1563523,0.000056398
experiment_name,1aea548a-df8a-41eb-983a-8bf12546a449,function_execution_time,1779126966.2577724,0.00008796
experiment_name,1aea548a-df8a-41eb-983a-8bf12546a449,function_execution_time,1779126966.3590722,0.000083582
experiment_name,1aea548a-df8a-41eb-983a-8bf12546a449,function_execution_time,1779126966.4603252,0.000074817
experiment_name,1aea548a-df8a-41eb-983a-8bf12546a449,function_execution_time,1779126966.5616655,0.000071255
experiment_name,1aea548a-df8a-41eb-983a-8bf12546a449,function_execution_time,1779126966.663109,0.000079687
experiment_name,1aea548a-df8a-41eb-983a-8bf12546a449,function_execution_time,1779126966.763447,0.000068311
experiment_name,1aea548a-df8a-41eb-983a-8bf12546a449,function_execution_time,1779126966.864745,0.000071602
experiment_name,1aea548a-df8a-41eb-983a-8bf12546a449,function_execution_time,1779126966.9662454,0.000071065
experiment_name,1aea548a-df8a-41eb-983a-8bf12546a449,function_execution_time,1779126967.067677,0.000152722
experiment_name,1aea548a-df8a-41eb-983a-8bf12546a449,function_execution_time,1779126967.1689599,0.000071575
experiment_name,1aea548a-df8a-41eb-983a-8bf12546a449,function_execution_time,1779126967.2703469,0.000071462
experiment_name,1aea548a-df8a-41eb-983a-8bf12546a449,function_execution_time,1779126967.3716567,0.000080266
experiment_name,1aea548a-df8a-41eb-983a-8bf12546a449,function_execution_time,1779126967.4729176,0.000071473
experiment_name,1aea548a-df8a-41eb-983a-8bf12546a449,function_execution_time,1779126967.5742416,0.00007068
experiment_name,1aea548a-df8a-41eb-983a-8bf12546a449,function_execution_time,1779126967.6755714,0.000071935
experiment_name,1aea548a-df8a-41eb-983a-8bf12546a449,function_execution_time,1779126967.7769163,0.000079605
experiment_name,1aea548a-df8a-41eb-983a-8bf12546a449,function_execution_time,1779126967.8781788,0.000068099
experiment_name,1aea548a-df8a-41eb-983a-8bf12546a449,function_execution_time,1779126967.9795256,0.00007189
experiment_name,1aea548a-df8a-41eb-983a-8bf12546a449,function_execution_time,1779126968.0809183,0.000150515
experiment_name,1aea548a-df8a-41eb-983a-8bf12546a449,function_execution_time,1779126968.182147,0.000067787
experiment_name,1aea548a-df8a-41eb-983a-8bf12546a449,function_execution_time,1779126968.2834935,0.000086519
experiment_name,1aea548a-df8a-41eb-983a-8bf12546a449,function_execution_time,1779126968.3849268,0.000077249
experiment_name,1aea548a-df8a-41eb-983a-8bf12546a449,function_execution_time,1779126968.486268,0.000082903
experiment_name,1aea548a-df8a-41eb-983a-8bf12546a449,function_execution_time,1779126968.5874865,0.000091048
experiment_name,1aea548a-df8a-41eb-983a-8bf12546a449,function_execution_time,1779126968.6887696,0.000071671
experiment_name,1aea548a-df8a-41eb-983a-8bf12546a449,function_execution_time,1779126968.790101,0.000087121
experiment_name,1aea548a-df8a-41eb-983a-8bf12546a449,function_execution_time,1779126968.8905768,0.000101007
experiment_name,1aea548a-df8a-41eb-983a-8bf12546a449,function_execution_time,1779126968.9918942,0.000077723
experiment_name,1aea548a-df8a-41eb-983a-8bf12546a449,function_execution_time,1779126969.0931876,0.000131243
experiment_name,1aea548a-df8a-41eb-983a-8bf12546a449,function_execution_time,1779126969.1945543,0.000094183
experiment_name,1aea548a-df8a-41eb-983a-8bf12546a449,function_execution_time,1779126969.2957969,0.000073978
experiment_name,1aea548a-df8a-41eb-983a-8bf12546a449,function_execution_time,1779126969.3971567,0.000074322
experiment_name,1aea548a-df8a-41eb-983a-8bf12546a449,function_execution_time,1779126969.498362,0.000078832
experiment_name,1aea548a-df8a-41eb-983a-8bf12546a449,function_execution_time,1779126969.599768,0.000097939
experiment_name,550b0825-437e-4d72-9d88-d41bc63734d2,function_transfer_time,1779126964.6375809,0.000024759
experiment_name,550b0825-437e-4d72-9d88-d41bc63734d2,function_transfer_time,1779126964.7389464,0.000052256
experiment_name,550b0825-437e-4d72-9d88-d41bc63734d2,function_transfer_time,1779126964.8403149,0.000111935
experiment_name,550b0825-437e-4d72-9d88-d41bc63734d2,function_transfer_time,1779126964.9416497,0.000131142
experiment_name,550b0825-437e-4d72-9d88-d41bc63734d2,function_transfer_time,1779126965.042985,0.00003756
experiment_name,550b0825-437e-4d72-9d88-d41bc63734d2,function_transfer_time,1779126965.1444871,0.00013323
experiment_name,550b0825-437e-4d72-9d88-d41bc63734d2,function_transfer_time,1779126965.2458138,0.000138942
experiment_name,550b0825-437e-4d72-9d88-d41bc63734d2,function_transfer_time,1779126965.3471384,0.000112198
experiment_name,550b0825-437e-4d72-9d88-d41bc63734d2,function_transfer_time,1779126965.4484649,0.000033287
experiment_name,550b0825-437e-4d72-9d88-d41bc63734d2,function_transfer_time,1779126965.5497744,0.000128
experiment_name,550b0825-437e-4d72-9d88-d41bc63734d2,function_transfer_time,1779126965.6510804,0.000143203
experiment_name,550b0825-437e-4d72-9d88-d41bc63734d2,function_transfer_time,1779126965.752282,0.000061266
experiment_name,550b0825-437e-4d72-9d88-d41bc63734d2,function_transfer_time,1779126965.8535676,0.000042167
experiment_name,550b0825-437e-4d72-9d88-d41bc63734d2,function_transfer_time,1779126965.9548113,0.000069114
experiment_name,550b0825-437e-4d72-9d88-d41bc63734d2,function_transfer_time,1779126966.0561504,0.000031591
experiment_name,550b0825-437e-4d72-9d88-d41bc63734d2,function_transfer_time,1779126966.1564355,0.000053219
experiment_name,550b0825-437e-4d72-9d88-d41bc63734d2,function_transfer_time,1779126966.2577763,0.000105633
experiment_name,550b0825-437e-4d72-9d88-d41bc63734d2,function_transfer_time,1779126966.3591006,0.000112439
experiment_name,550b0825-437e-4d72-9d88-d41bc63734d2,function_transfer_time,1779126966.4604256,0.000122217
experiment_name,550b0825-437e-4d72-9d88-d41bc63734d2,function_transfer_time,1779126966.5617492,0.000104052
experiment_name,550b0825-437e-4d72-9d88-d41bc63734d2,function_transfer_time,1779126966.6632175,0.000131716
experiment_name,550b0825-437e-4d72-9d88-d41bc63734d2,function_transfer_time,1779126966.76353,0.000115137
experiment_name,550b0825-437e-4d72-9d88-d41bc63734d2,function_transfer_time,1779126966.8648584,0.000132027
experiment_name,550b0825-437e-4d72-9d88-d41bc63734d2,function_transfer_time,1779126966.9663303,0.000113551
experiment_name,550b0825-437e-4d72-9d88-d41bc63734d2,function_transfer_time,1779126967.0676801,0.000034656
experiment_name,550b0825-437e-4d72-9d88-d41bc63734d2,function_transfer_time,1779126967.168985,0.000045533
experiment_name,550b0825-437e-4d72-9d88-d41bc63734d2,function_transfer_time,1779126967.270456,0.00013296
experiment_name,550b0825-437e-4d72-9d88-d41bc63734d2,function_transfer_time,1779126967.371686,0.000122265
experiment_name,550b0825-437e-4d72-9d88-d41bc63734d2,function_transfer_time,1779126967.4730299,0.000135448
experiment_name,550b0825-437e-4d72-9d88-d41bc63734d2,function_transfer_time,1779126967.5743306,0.000112367
experiment_name,550b0825-437e-4d72-9d88-d41bc63734d2,function_transfer_time,1779126967.6756465,0.000102389
experiment_name,550b0825-437e-4d72-9d88-d41bc63734d2,function_transfer_time,1779126967.777027,0.000127311
experiment_name,550b0825-437e-4d72-9d88-d41bc63734d2,function_transfer_time,1779126967.8782723,0.00011698
experiment_name,550b0825-437e-4d72-9d88-d41bc63734d2,function_transfer_time,1779126967.9796286,0.000124315
experiment_name,550b0825-437e-4d72-9d88-d41bc63734d2,function_transfer_time,1779126968.0809157,0.000033405
experiment_name,550b0825-437e-4d72-9d88-d41bc63734d2,function_transfer_time,1779126968.1822302,0.000107984
experiment_name,550b0825-437e-4d72-9d88-d41bc63734d2,function_transfer_time,1779126968.2835622,0.000090121
experiment_name,550b0825-437e-4d72-9d88-d41bc63734d2,function_transfer_time,1779126968.38496,0.000105591
experiment_name,550b0825-437e-4d72-9d88-d41bc63734d2,function_transfer_time,1779126968.4862716,0.000039792
experiment_name,550b0825-437e-4d72-9d88-d41bc63734d2,function_transfer_time,1779126968.5875103,0.000101804
experiment_name,550b0825-437e-4d72-9d88-d41bc63734d2,function_transfer_time,1779126968.6887906,0.000061118
experiment_name,550b0825-437e-4d72-9d88-d41bc63734d2,function_transfer_time,1779126968.790156,0.000091558
experiment_name,550b0825-437e-4d72-9d88-d41bc63734d2,function_transfer_time,1779126968.8906007,0.000103727
experiment_name,550b0825-437e-4d72-9d88-d41bc63734d2,function_transfer_time,1779126968.991925,0.000112813
experiment_name,550b0825-437e-4d72-9d88-d41bc63734d2,function_transfer_time,1779126969.093184,0.000032973
experiment_name,550b0825-437e-4d72-9d88-d41bc63734d2,function_transfer_time,1779126969.1945863,0.000104631
experiment_name,550b0825-437e-4d72-9d88-d41bc63734d2,function_transfer_time,1779126969.2958984,0.00012299
experiment_name,550b0825-437e-4d72-9d88-d41bc63734d2,function_transfer_time,1779126969.3971865,0.000105788
experiment_name,550b0825-437e-4d72-9d88-d41bc63734d2,function_transfer_time,1779126969.498475,0.000129045
experiment_name,550b0825-437e-4d72-9d88-d41bc63734d2,function_transfer_time,1779126969.599763,0.000028653
experiment_name,1aea548a-df8a-41eb-983a-8bf12546a449,function_transfer_time,1779126964.6375036,0.000075573
experiment_name,1aea548a-df8a-41eb-983a-8bf12546a449,function_transfer_time,1779126964.738784,0.000074955
experiment_name,1aea548a-df8a-41eb-983a-8bf12546a449,function_transfer_time,1779126964.8401453,0.000079096
experiment_name,1aea548a-df8a-41eb-983a-8bf12546a449,function_transfer_time,1779126964.9414616,0.000087845
experiment_name,1aea548a-df8a-41eb-983a-8bf12546a449,function_transfer_time,1779126965.0428088,0.00008389
experiment_name,1aea548a-df8a-41eb-983a-8bf12546a449,function_transfer_time,1779126965.1442966,0.000083092
experiment_name,1aea548a-df8a-41eb-983a-8bf12546a449,function_transfer_time,1779126965.245617,0.000082527
experiment_name,1aea548a-df8a-41eb-983a-8bf12546a449,function_transfer_time,1779126965.3469708,0.00008679
experiment_name,1aea548a-df8a-41eb-983a-8bf12546a449,function_transfer_time,1779126965.4482987,0.000087831
experiment_name,1aea548a-df8a-41eb-983a-8bf12546a449,function_transfer_time,1779126965.5495837,0.000026783
experiment_name,1aea548a-df8a-41eb-983a-8bf12546a449,function_transfer_time,1779126965.6508732,0.000024368
experiment_name,1aea548a-df8a-41eb-983a-8bf12546a449,function_transfer_time,1779126965.7521305,0.000013003
experiment_name,1aea548a-df8a-41eb-983a-8bf12546a449,function_transfer_time,1779126965.853403,0.000017723
experiment_name,1aea548a-df8a-41eb-983a-8bf12546a449,function_transfer_time,1779126965.9546514,0.000018532
experiment_name,1aea548a-df8a-41eb-983a-8bf12546a449,function_transfer_time,1779126966.0559936,0.000077982
experiment_name,1aea548a-df8a-41eb-983a-8bf12546a449,function_transfer_time,1779126966.1562784,0.000018486
experiment_name,1aea548a-df8a-41eb-983a-8bf12546a449,function_transfer_time,1779126966.2576122,0.0000793
experiment_name,1aea548a-df8a-41eb-983a-8bf12546a449,function_transfer_time,1779126966.3589284,0.000082467
experiment_name,1aea548a-df8a-41eb-983a-8bf12546a449,function_transfer_time,1779126966.4602468,0.000077192
experiment_name,1aea548a-df8a-41eb-983a-8bf12546a449,function_transfer_time,1779126966.5615895,0.000080331
experiment_name,1aea548a-df8a-41eb-983a-8bf12546a449,function_transfer_time,1779126966.6630301,0.000079122
experiment_name,1aea548a-df8a-41eb-983a-8bf12546a449,function_transfer_time,1779126966.7633612,0.000074522
experiment_name,1aea548a-df8a-41eb-983a-8bf12546a449,function_transfer_time,1779126966.86467,0.000081355
experiment_name,1aea548a-df8a-41eb-983a-8bf12546a449,function_transfer_time,1779126966.9661677,0.000077032
experiment_name,1aea548a-df8a-41eb-983a-8bf12546a449,function_transfer_time,1779126967.0675156,0.000088168
experiment_name,1aea548a-df8a-41eb-983a-8bf12546a449,function_transfer_time,1779126967.1688821,0.000080797
experiment_name,1aea548a-df8a-41eb-983a-8bf12546a449,function_transfer_time,1779126967.2702684,0.000079037
experiment_name,1aea548a-df8a-41eb-983a-8bf12546a449,function_transfer_time,1779126967.3715143,0.000021876
experiment_name,1aea548a-df8a-41eb-983a-8bf12546a449,function_transfer_time,1779126967.4728396,0.000076403
experiment_name,1aea548a-df8a-41eb-983a-8bf12546a449,function_transfer_time,1779126967.5741608,0.000079596
experiment_name,1aea548a-df8a-41eb-983a-8bf12546a449,function_transfer_time,1779126967.6754937,0.000085155
experiment_name,1aea548a-df8a-41eb-983a-8bf12546a449,function_transfer_time,1779126967.7768369,0.000083615
experiment_name,1aea548a-df8a-41eb-983a-8bf12546a449,function_transfer_time,1779126967.8781013,0.000024197
experiment_name,1aea548a-df8a-41eb-983a-8bf12546a449,function_transfer_time,1779126967.9794497,0.000079747
experiment_name,1aea548a-df8a-41eb-983a-8bf12546a449,function_transfer_time,1779126968.0807657,0.000083214
experiment_name,1aea548a-df8a-41eb-983a-8bf12546a449,function_transfer_time,1779126968.1820679,0.000019536
experiment_name,1aea548a-df8a-41eb-983a-8bf12546a449,function_transfer_time,1779126968.2834082,0.000084148
experiment_name,1aea548a-df8a-41eb-983a-8bf12546a449,function_transfer_time,1779126968.3848028,0.000021648
experiment_name,1aea548a-df8a-41eb-983a-8bf12546a449,function_transfer_time,1779126968.4861212,0.000080139
experiment_name,1aea548a-df8a-41eb-983a-8bf12546a449,function_transfer_time,1779126968.5873568,0.000018675
experiment_name,1aea548a-df8a-41eb-983a-8bf12546a449,function_transfer_time,1779126968.6886735,0.000087785
experiment_name,1aea548a-df8a-41eb-983a-8bf12546a449,function_transfer_time,1779126968.7900105,0.000087944
experiment_name,1aea548a-df8a-41eb-983a-8bf12546a449,function_transfer_time,1779126968.890423,0.000024158
experiment_name,1aea548a-df8a-41eb-983a-8bf12546a449,function_transfer_time,1779126968.9917593,0.000076995
experiment_name,1aea548a-df8a-41eb-983a-8bf12546a449,function_transfer_time,1779126969.0930462,0.000076953
experiment_name,1aea548a-df8a-41eb-983a-8bf12546a449,function_transfer_time,1779126969.19441,0.000081994
experiment_name,1aea548a-df8a-41eb-983a-8bf12546a449,function_transfer_time,1779126969.2957194,0.000085016
experiment_name,1aea548a-df8a-41eb-983a-8bf12546a449,function_transfer_time,1779126969.3970313,0.000075443
experiment_name,1aea548a-df8a-41eb-983a-8bf12546a449,function_transfer_time,1779126969.4982858,0.000076085
experiment_name,1aea548a-df8a-41eb-983a-8bf12546a449,function_transfer_time,1779126969.599619,0.000087093
experiment_name,8e84c2bf-b5a4-49a8-8f40-2f8f35e70b2c,function_stop_time,1779126970.5044322,0.000057482
experiment_name,0aef0240-2d84-4248-9ff0-a4f9d1654215,function_stop_time,1779126970.510363,0.000038889
experiment_name,595296a3-534a-4d38-be9a-927971d8e670,function_stop_time,1779126970.5183277,0.000043315
experiment_name,be5a4cc7-968a-465a-86ff-d1bb89906408,function_stop_time,1779126970.501935,0.000030464
experiment_name,135cad84-36fe-45c1-b522-9d2cfe6ce357,function_stop_time,1779126970.5097156,0.000025574
experiment_name,f2f71871-924e-434b-9da9-1c0d92581383,function_stop_time,1779126970.500404,0.000061242
experiment_name,f9d71239-c9ac-407a-b454-7ab6a5758ad7,function_stop_time,1779126970.5070028,0.00003576
experiment_name,10016621-b711-4b46-a8a4-9c2c0f715ee6,function_stop_time,1779126970.5083976,0.000034334
experiment_name,0a58b75d-93ee-4ee8-bc55-33fc5a5b7178,function_stop_time,1779126970.5076587,0.000027778
experiment_name,f8aa3b0f-b3bb-45ba-a268-d3e0fed24100,function_stop_time,1779126970.516938,0.000034241
experiment_name,28f01e00-0e1c-4141-a7fd-ad9b217eb277,function_stop_time,1779126970.5187073,0.000026222
experiment_name,3c4057c4-5d3f-4d59-bd7a-29d070f64139,function_stop_time,1779126970.5165217,0.000039093
experiment_name,68c77e91-a7d7-44c6-88cd-c6f27a711634,function_stop_time,1779126970.5090456,0.000030981
experiment_name,6885e3df-7d26-4d5d-a090-d61d0748bc54,function_stop_time,1779126970.519144,0.000029704
experiment_name,2904e5ac-2a84-45c4-a1ee-e3c166d09ba3,function_stop_time,1779126970.5173647,0.000035871
experiment_name,b06962ab-0880-4fb4-a0d1-7e432995bb52,function_stop_time,1779126970.4963882,0.000046482
experiment_name,7d560263-b90f-4e80-9d44-358bc0d719ee,function_stop_time,1779126970.4935987,0.000063186
experiment_name,5132d8ad-0f0c-42e5-bbf6-9d47f7120b8d,function_stop_time,1779126970.4944003,0.000047241
experiment_name,120a6a13-d8e8-49ee-92c9-e76ce3e7a416,function_stop_time,1779126970.4952984,0.000048759
experiment_name,5c0d2f20-e5ef-4b3a-a53b-1e0814311c2a,function_stop_time,1779126970.514527,0.000051537
experiment_name,e0dfef62-79ed-4f2b-a545-f5451e10eab3,function_stop_time,1779126970.4923434,0.000075111
experiment_name,4175e04f-6166-4655-babf-f789ff0c6cb6,function_stop_time,1779126970.51321,0.000043927
experiment_name,c3ee6f54-5b91-4188-ab50-c9cc457a48ce,function_stop_time,1779126970.5124075,0.000071926
experiment_name,55d97d5c-d128-4b65-b5e8-d5d89f290ed1,function_stop_time,1779126970.5031066,0.000047074
experiment_name,acbe09fa-a856-4950-868e-e22ae5357604,function_stop_time,1779126970.4995916,0.000043334
experiment_name,424fd1a3-e1e9-4e8e-ae3c-e11d18051bc3,function_stop_time,1779126970.5024722,0.000044092
experiment_name,a829210a-40e2-4eff-a178-5c02e25a7f32,function_stop_time,1779126970.4979658,0.000042908
experiment_name,db304fd7-ce77-46a6-a693-c2f99dc46766,function_stop_time,1779126970.5163689,0.000038574
experiment_name,460b5c12-cf4b-4f23-b802-fcd933b4faa2,function_stop_time,1779126970.5001202,0.000050741
experiment_name,1a484d8c-ab4f-46b4-a652-5ec5b75e190b,function_stop_time,1779126970.5017169,0.000048389
experiment_name,550b0825-437e-4d72-9d88-d41bc63734d2,function_execution_time,1779126969.7010663,0.000070689
experiment_name,550b0825-437e-4d72-9d88-d41bc63734d2,function_execution_time,1779126969.8022923,0.000061533
experiment_name,550b0825-437e-4d72-9d88-d41bc63734d2,function_execution_time,1779126969.9037042,0.000064734
experiment_name,550b0825-437e-4d72-9d88-d41bc63734d2,function_execution_time,1779126970.0050237,0.000059228
experiment_name,550b0825-437e-4d72-9d88-d41bc63734d2,function_execution_time,1779126970.1063652,0.000073902
experiment_name,550b0825-437e-4d72-9d88-d41bc63734d2,function_execution_time,1779126970.2077825,0.000061091
experiment_name,550b0825-437e-4d72-9d88-d41bc63734d2,function_execution_time,1779126970.3090544,0.000058784
experiment_name,550b0825-437e-4d72-9d88-d41bc63734d2,function_execution_time,1779126970.4104211,0.000060167
experiment_name,1aea548a-df8a-41eb-983a-8bf12546a449,function_execution_time,1779126969.7009997,0.000113179
experiment_name,1aea548a-df8a-41eb-983a-8bf12546a449,function_execution_time,1779126969.8022106,0.000077944
experiment_name,1aea548a-df8a-41eb-983a-8bf12546a449,function_execution_time,1779126969.9035463,0.00007451
experiment_name,1aea548a-df8a-41eb-983a-8bf12546a449,function_execution_time,1779126970.00486,0.000075915
experiment_name,1aea548a-df8a-41eb-983a-8bf12546a449,function_execution_time,1779126970.1062872,0.000165053
experiment_name,1aea548a-df8a-41eb-983a-8bf12546a449,function_execution_time,1779126970.2076066,0.000073281
experiment_name,1aea548a-df8a-41eb-983a-8bf12546a449,function_execution_time,1779126970.3089151,0.000072882
experiment_name,1aea548a-df8a-41eb-983a-8bf12546a449,function_execution_time,1779126970.4102473,0.000079937
experiment_name,550b0825-437e-4d72-9d88-d41bc63734d2,function_stop_time,1779126970.507438,0.000036629
experiment_name,c2f2d599-a82c-48a4-bd67-f9b46d907ad1,function_stop_time,1779126970.507746,0.000063549
experiment_name,1aea548a-df8a-41eb-983a-8bf12546a449,function_stop_time,1779126970.4928634,0.000034107
experiment_name,1aea548a-df8a-41eb-983a-8bf12546a449,function_transfer_time,1779126969.700881,0.000033013
experiment_name,1aea548a-df8a-41eb-983a-8bf12546a449,function_transfer_time,1779126969.8021283,0.000019413
experiment_name,1aea548a-df8a-41eb-983a-8bf12546a449,function_transfer_time,1779126969.903469,0.000082174
experiment_name,1aea548a-df8a-41eb-983a-8bf12546a449,function_transfer_time,1779126970.0047846,0.000079496
experiment_name,1aea548a-df8a-41eb-983a-8bf12546a449,function_transfer_time,1779126970.1061122,0.000085191
experiment_name,1aea548a-df8a-41eb-983a-8bf12546a449,function_transfer_time,1779126970.20753,0.000090421
experiment_name,1aea548a-df8a-41eb-983a-8bf12546a449,function_transfer_time,1779126970.3088353,0.000076423
experiment_name,1aea548a-df8a-41eb-983a-8bf12546a449,function_transfer_time,1779126970.4101706,0.000079029
experiment_name,550b0825-437e-4d72-9d88-d41bc63734d2,function_transfer_time,1779126969.7009952,0.000035789
experiment_name,550b0825-437e-4d72-9d88-d41bc63734d2,function_transfer_time,1779126969.80223,0.000048485
experiment_name,550b0825-437e-4d72-9d88-d41bc63734d2,function_transfer_time,1779126969.9036388,0.000115323
experiment_name,550b0825-437e-4d72-9d88-d41bc63734d2,function_transfer_time,1779126970.0049639,0.000123346
experiment_name,550b0825-437e-4d72-9d88-d41bc63734d2,function_transfer_time,1779126970.1062915,0.000036788
experiment_name,550b0825-437e-4d72-9d88-d41bc63734d2,function_transfer_time,1779126970.2077212,0.000135511
experiment_name,550b0825-437e-4d72-9d88-d41bc63734d2,function_transfer_time,1779126970.3089945,0.000104133
experiment_name,550b0825-437e-4d72-9d88-d41bc63734d2,function_transfer_time,1779126970.4103606,0.000134206
