experiment_name,9240e790-56cd-4217-ace6-c8d8e946a1ca,function_instantiate_time,1780474850.0219023,0.013786866
experiment_name,17a6c8d2-c42c-4715-9cbb-36969180f8b7,function_instantiate_time,1780474850.021608,0.017260476
experiment_name,a02d7b3d-20ae-4ade-8fa4-df52e5e4f28b,function_instantiate_time,1780474850.0215592,0.016485457
experiment_name,a02d7b3d-20ae-4ade-8fa4-df52e5e4f28b,function_init_time,1780474850.0216484,0.000089357
experiment_name,17a6c8d2-c42c-4715-9cbb-36969180f8b7,function_init_time,1780474850.0216765,0.000061992
experiment_name,9240e790-56cd-4217-ace6-c8d8e946a1ca,function_init_time,1780474850.0219512,0.000048463
experiment_name,9240e790-56cd-4217-ace6-c8d8e946a1ca,function_execution_time,1780474850.1790693,0.027855877
experiment_name,9240e790-56cd-4217-ace6-c8d8e946a1ca,function_execution_time,1780474850.2901018,0.008870517
experiment_name,17a6c8d2-c42c-4715-9cbb-36969180f8b7,function_execution_time,1780474850.0218263,0.000141246
experiment_name,17a6c8d2-c42c-4715-9cbb-36969180f8b7,function_execution_time,1780474850.1225471,0.000097902
experiment_name,17a6c8d2-c42c-4715-9cbb-36969180f8b7,function_execution_time,1780474850.2244856,0.000128504
experiment_name,17a6c8d2-c42c-4715-9cbb-36969180f8b7,function_execution_time,1780474850.3264072,0.000076812
experiment_name,17a6c8d2-c42c-4715-9cbb-36969180f8b7,function_execution_time,1780474850.427796,0.000081484
experiment_name,17a6c8d2-c42c-4715-9cbb-36969180f8b7,function_execution_time,1780474850.5290372,0.00007273
experiment_name,17a6c8d2-c42c-4715-9cbb-36969180f8b7,function_execution_time,1780474850.6304486,0.000080541
experiment_name,17a6c8d2-c42c-4715-9cbb-36969180f8b7,function_execution_time,1780474850.7316868,0.00006992
experiment_name,17a6c8d2-c42c-4715-9cbb-36969180f8b7,function_execution_time,1780474850.8329542,0.000067197
experiment_name,17a6c8d2-c42c-4715-9cbb-36969180f8b7,function_execution_time,1780474850.934294,0.000121733
experiment_name,a02d7b3d-20ae-4ade-8fa4-df52e5e4f28b,function_execution_time,1780474850.0219057,0.000137648
experiment_name,a02d7b3d-20ae-4ade-8fa4-df52e5e4f28b,function_execution_time,1780474850.122683,0.00007209
experiment_name,a02d7b3d-20ae-4ade-8fa4-df52e5e4f28b,function_execution_time,1780474850.2245634,0.000072112
experiment_name,a02d7b3d-20ae-4ade-8fa4-df52e5e4f28b,function_execution_time,1780474850.3265774,0.000068881
experiment_name,a02d7b3d-20ae-4ade-8fa4-df52e5e4f28b,function_execution_time,1780474850.4278936,0.000059995
experiment_name,a02d7b3d-20ae-4ade-8fa4-df52e5e4f28b,function_execution_time,1780474850.5292163,0.000060868
experiment_name,a02d7b3d-20ae-4ade-8fa4-df52e5e4f28b,function_execution_time,1780474850.630515,0.000053237
experiment_name,a02d7b3d-20ae-4ade-8fa4-df52e5e4f28b,function_execution_time,1780474850.7317657,0.000057167
experiment_name,a02d7b3d-20ae-4ade-8fa4-df52e5e4f28b,function_execution_time,1780474850.8330376,0.000060259
experiment_name,a02d7b3d-20ae-4ade-8fa4-df52e5e4f28b,function_execution_time,1780474850.9343357,0.000084626
experiment_name,9240e790-56cd-4217-ace6-c8d8e946a1ca,function_transfer_time,1780474850.1512067,0.105157782
experiment_name,9240e790-56cd-4217-ace6-c8d8e946a1ca,function_transfer_time,1780474850.2812307,0.001619736
experiment_name,17a6c8d2-c42c-4715-9cbb-36969180f8b7,function_transfer_time,1780474850.0216796,0.000026066
experiment_name,17a6c8d2-c42c-4715-9cbb-36969180f8b7,function_transfer_time,1780474850.1224365,0.000100203
experiment_name,17a6c8d2-c42c-4715-9cbb-36969180f8b7,function_transfer_time,1780474850.2243583,0.000031452
experiment_name,17a6c8d2-c42c-4715-9cbb-36969180f8b7,function_transfer_time,1780474850.326326,0.000078157
experiment_name,17a6c8d2-c42c-4715-9cbb-36969180f8b7,function_transfer_time,1780474850.4276607,0.000079371
experiment_name,17a6c8d2-c42c-4715-9cbb-36969180f8b7,function_transfer_time,1780474850.5289538,0.000076229
experiment_name,17a6c8d2-c42c-4715-9cbb-36969180f8b7,function_transfer_time,1780474850.6302907,0.00007887
experiment_name,17a6c8d2-c42c-4715-9cbb-36969180f8b7,function_transfer_time,1780474850.7315965,0.000077985
experiment_name,17a6c8d2-c42c-4715-9cbb-36969180f8b7,function_transfer_time,1780474850.8328717,0.0000239
experiment_name,17a6c8d2-c42c-4715-9cbb-36969180f8b7,function_transfer_time,1780474850.9341683,0.000089461
experiment_name,a02d7b3d-20ae-4ade-8fa4-df52e5e4f28b,function_transfer_time,1780474850.0217679,0.0000253
experiment_name,a02d7b3d-20ae-4ade-8fa4-df52e5e4f28b,function_transfer_time,1780474850.1226087,0.000088424
experiment_name,a02d7b3d-20ae-4ade-8fa4-df52e5e4f28b,function_transfer_time,1780474850.2244828,0.000046821
experiment_name,a02d7b3d-20ae-4ade-8fa4-df52e5e4f28b,function_transfer_time,1780474850.3265078,0.000125499
experiment_name,a02d7b3d-20ae-4ade-8fa4-df52e5e4f28b,function_transfer_time,1780474850.4278288,0.000114136
experiment_name,a02d7b3d-20ae-4ade-8fa4-df52e5e4f28b,function_transfer_time,1780474850.5291498,0.000140223
experiment_name,a02d7b3d-20ae-4ade-8fa4-df52e5e4f28b,function_transfer_time,1780474850.630451,0.000112023
experiment_name,a02d7b3d-20ae-4ade-8fa4-df52e5e4f28b,function_transfer_time,1780474850.731702,0.000054869
experiment_name,a02d7b3d-20ae-4ade-8fa4-df52e5e4f28b,function_transfer_time,1780474850.8329766,0.000051815
experiment_name,a02d7b3d-20ae-4ade-8fa4-df52e5e4f28b,function_transfer_time,1780474850.934246,0.000024936
experiment_name,a62024c7-3456-45c3-8b6c-c8c1f400d81d,function_instantiate_time,1780474850.0356274,0.028551317
experiment_name,a62024c7-3456-45c3-8b6c-c8c1f400d81d,function_init_time,1780474850.0383928,0.00279128
experiment_name,a62024c7-3456-45c3-8b6c-c8c1f400d81d,function_execution_time,1780474850.1517057,0.113294927
experiment_name,a62024c7-3456-45c3-8b6c-c8c1f400d81d,function_execution_time,1780474850.2924075,0.002288535
experiment_name,a62024c7-3456-45c3-8b6c-c8c1f400d81d,function_transfer_time,1780474850.0383954,0.000065167
experiment_name,a62024c7-3456-45c3-8b6c-c8c1f400d81d,function_transfer_time,1780474850.290115,0.000652356
experiment_name,17a6c8d2-c42c-4715-9cbb-36969180f8b7,function_execution_time,1780474851.0350165,0.000162637
experiment_name,17a6c8d2-c42c-4715-9cbb-36969180f8b7,function_execution_time,1780474851.1355968,0.000114851
experiment_name,17a6c8d2-c42c-4715-9cbb-36969180f8b7,function_execution_time,1780474851.2370977,0.000091668
experiment_name,17a6c8d2-c42c-4715-9cbb-36969180f8b7,function_execution_time,1780474851.338359,0.000081025
experiment_name,17a6c8d2-c42c-4715-9cbb-36969180f8b7,function_execution_time,1780474851.4396908,0.000071881
experiment_name,17a6c8d2-c42c-4715-9cbb-36969180f8b7,function_execution_time,1780474851.5410416,0.000077817
experiment_name,17a6c8d2-c42c-4715-9cbb-36969180f8b7,function_execution_time,1780474851.642339,0.000087683
experiment_name,17a6c8d2-c42c-4715-9cbb-36969180f8b7,function_execution_time,1780474851.743634,0.000069549
experiment_name,17a6c8d2-c42c-4715-9cbb-36969180f8b7,function_execution_time,1780474851.8449705,0.000068499
experiment_name,17a6c8d2-c42c-4715-9cbb-36969180f8b7,function_execution_time,1780474851.9462736,0.000087269
experiment_name,17a6c8d2-c42c-4715-9cbb-36969180f8b7,function_execution_time,1780474852.0475173,0.000135022
experiment_name,17a6c8d2-c42c-4715-9cbb-36969180f8b7,function_execution_time,1780474852.148804,0.00007361
experiment_name,17a6c8d2-c42c-4715-9cbb-36969180f8b7,function_execution_time,1780474852.250295,0.000092906
experiment_name,17a6c8d2-c42c-4715-9cbb-36969180f8b7,function_execution_time,1780474852.3506293,0.000082995
experiment_name,17a6c8d2-c42c-4715-9cbb-36969180f8b7,function_execution_time,1780474852.4518738,0.000080272
experiment_name,17a6c8d2-c42c-4715-9cbb-36969180f8b7,function_execution_time,1780474852.553172,0.000078246
experiment_name,17a6c8d2-c42c-4715-9cbb-36969180f8b7,function_execution_time,1780474852.6544917,0.00010961
experiment_name,17a6c8d2-c42c-4715-9cbb-36969180f8b7,function_execution_time,1780474852.7558272,0.000076458
experiment_name,17a6c8d2-c42c-4715-9cbb-36969180f8b7,function_execution_time,1780474852.857063,0.000076532
experiment_name,17a6c8d2-c42c-4715-9cbb-36969180f8b7,function_execution_time,1780474852.9582818,0.000068233
experiment_name,17a6c8d2-c42c-4715-9cbb-36969180f8b7,function_execution_time,1780474853.0586567,0.000167284
experiment_name,17a6c8d2-c42c-4715-9cbb-36969180f8b7,function_execution_time,1780474853.160083,0.000077541
experiment_name,17a6c8d2-c42c-4715-9cbb-36969180f8b7,function_execution_time,1780474853.2613354,0.000067572
experiment_name,17a6c8d2-c42c-4715-9cbb-36969180f8b7,function_execution_time,1780474853.362741,0.000084927
experiment_name,17a6c8d2-c42c-4715-9cbb-36969180f8b7,function_execution_time,1780474853.4639685,0.000072905
experiment_name,17a6c8d2-c42c-4715-9cbb-36969180f8b7,function_execution_time,1780474853.5653536,0.000076539
experiment_name,17a6c8d2-c42c-4715-9cbb-36969180f8b7,function_execution_time,1780474853.665585,0.000067193
experiment_name,17a6c8d2-c42c-4715-9cbb-36969180f8b7,function_execution_time,1780474853.76698,0.000080564
experiment_name,17a6c8d2-c42c-4715-9cbb-36969180f8b7,function_execution_time,1780474853.8682206,0.000073279
experiment_name,17a6c8d2-c42c-4715-9cbb-36969180f8b7,function_execution_time,1780474853.9695415,0.000073275
experiment_name,17a6c8d2-c42c-4715-9cbb-36969180f8b7,function_execution_time,1780474854.0708985,0.000143131
experiment_name,17a6c8d2-c42c-4715-9cbb-36969180f8b7,function_execution_time,1780474854.1722813,0.000066857
experiment_name,17a6c8d2-c42c-4715-9cbb-36969180f8b7,function_execution_time,1780474854.27262,0.00008566
experiment_name,17a6c8d2-c42c-4715-9cbb-36969180f8b7,function_execution_time,1780474854.3739066,0.000068017
experiment_name,17a6c8d2-c42c-4715-9cbb-36969180f8b7,function_execution_time,1780474854.4752939,0.000089538
experiment_name,17a6c8d2-c42c-4715-9cbb-36969180f8b7,function_execution_time,1780474854.5765371,0.000068063
experiment_name,17a6c8d2-c42c-4715-9cbb-36969180f8b7,function_execution_time,1780474854.67784,0.000068776
experiment_name,17a6c8d2-c42c-4715-9cbb-36969180f8b7,function_execution_time,1780474854.7791927,0.000067397
experiment_name,17a6c8d2-c42c-4715-9cbb-36969180f8b7,function_execution_time,1780474854.8805826,0.000092478
experiment_name,17a6c8d2-c42c-4715-9cbb-36969180f8b7,function_execution_time,1780474854.9818408,0.000067199
experiment_name,17a6c8d2-c42c-4715-9cbb-36969180f8b7,function_execution_time,1780474855.083202,0.000124213
experiment_name,17a6c8d2-c42c-4715-9cbb-36969180f8b7,function_execution_time,1780474855.184464,0.000089146
experiment_name,17a6c8d2-c42c-4715-9cbb-36969180f8b7,function_execution_time,1780474855.2856908,0.000069752
experiment_name,17a6c8d2-c42c-4715-9cbb-36969180f8b7,function_execution_time,1780474855.386944,0.000068072
experiment_name,17a6c8d2-c42c-4715-9cbb-36969180f8b7,function_execution_time,1780474855.488265,0.000068295
experiment_name,17a6c8d2-c42c-4715-9cbb-36969180f8b7,function_execution_time,1780474855.58867,0.000076724
experiment_name,17a6c8d2-c42c-4715-9cbb-36969180f8b7,function_execution_time,1780474855.6900125,0.000067664
experiment_name,17a6c8d2-c42c-4715-9cbb-36969180f8b7,function_execution_time,1780474855.7912722,0.00006628
experiment_name,17a6c8d2-c42c-4715-9cbb-36969180f8b7,function_execution_time,1780474855.891675,0.000084127
experiment_name,17a6c8d2-c42c-4715-9cbb-36969180f8b7,function_execution_time,1780474855.9928834,0.000069702
experiment_name,a02d7b3d-20ae-4ade-8fa4-df52e5e4f28b,function_execution_time,1780474851.0350862,0.000072027
experiment_name,a02d7b3d-20ae-4ade-8fa4-df52e5e4f28b,function_execution_time,1780474851.1357136,0.000086526
experiment_name,a02d7b3d-20ae-4ade-8fa4-df52e5e4f28b,function_execution_time,1780474851.2371945,0.000061479
experiment_name,a02d7b3d-20ae-4ade-8fa4-df52e5e4f28b,function_execution_time,1780474851.3385122,0.000075516
experiment_name,a02d7b3d-20ae-4ade-8fa4-df52e5e4f28b,function_execution_time,1780474851.439847,0.000058504
experiment_name,a02d7b3d-20ae-4ade-8fa4-df52e5e4f28b,function_execution_time,1780474851.5411432,0.000070751
experiment_name,a02d7b3d-20ae-4ade-8fa4-df52e5e4f28b,function_execution_time,1780474851.642422,0.000059585
experiment_name,a02d7b3d-20ae-4ade-8fa4-df52e5e4f28b,function_execution_time,1780474851.7437847,0.000052558
experiment_name,a02d7b3d-20ae-4ade-8fa4-df52e5e4f28b,function_execution_time,1780474851.8450983,0.00005347
experiment_name,a02d7b3d-20ae-4ade-8fa4-df52e5e4f28b,function_execution_time,1780474851.9462845,0.000083565
experiment_name,a02d7b3d-20ae-4ade-8fa4-df52e5e4f28b,function_execution_time,1780474852.047573,0.000056951
experiment_name,a02d7b3d-20ae-4ade-8fa4-df52e5e4f28b,function_execution_time,1780474852.148987,0.00005689
experiment_name,a02d7b3d-20ae-4ade-8fa4-df52e5e4f28b,function_execution_time,1780474852.2502964,0.000063182
experiment_name,a02d7b3d-20ae-4ade-8fa4-df52e5e4f28b,function_execution_time,1780474852.350633,0.000057557
experiment_name,a02d7b3d-20ae-4ade-8fa4-df52e5e4f28b,function_execution_time,1780474852.451875,0.000069073
experiment_name,a02d7b3d-20ae-4ade-8fa4-df52e5e4f28b,function_execution_time,1780474852.5531733,0.000056775
experiment_name,a02d7b3d-20ae-4ade-8fa4-df52e5e4f28b,function_execution_time,1780474852.6545093,0.000078686
experiment_name,a02d7b3d-20ae-4ade-8fa4-df52e5e4f28b,function_execution_time,1780474852.7558286,0.00005383
experiment_name,a02d7b3d-20ae-4ade-8fa4-df52e5e4f28b,function_execution_time,1780474852.8571892,0.000067581
experiment_name,a02d7b3d-20ae-4ade-8fa4-df52e5e4f28b,function_execution_time,1780474852.9584224,0.000053813
experiment_name,a02d7b3d-20ae-4ade-8fa4-df52e5e4f28b,function_execution_time,1780474853.0587106,0.000056236
experiment_name,a02d7b3d-20ae-4ade-8fa4-df52e5e4f28b,function_execution_time,1780474853.1600842,0.00005486
experiment_name,a02d7b3d-20ae-4ade-8fa4-df52e5e4f28b,function_execution_time,1780474853.2615006,0.000068798
experiment_name,a02d7b3d-20ae-4ade-8fa4-df52e5e4f28b,function_execution_time,1780474853.362746,0.000056639
experiment_name,a02d7b3d-20ae-4ade-8fa4-df52e5e4f28b,function_execution_time,1780474853.4641259,0.00005242
experiment_name,a02d7b3d-20ae-4ade-8fa4-df52e5e4f28b,function_execution_time,1780474853.5654655,0.000069856
experiment_name,a02d7b3d-20ae-4ade-8fa4-df52e5e4f28b,function_execution_time,1780474853.6657124,0.000052829
experiment_name,a02d7b3d-20ae-4ade-8fa4-df52e5e4f28b,function_execution_time,1780474853.7670593,0.000059988
experiment_name,a02d7b3d-20ae-4ade-8fa4-df52e5e4f28b,function_execution_time,1780474853.8683577,0.000052162
experiment_name,a02d7b3d-20ae-4ade-8fa4-df52e5e4f28b,function_execution_time,1780474853.9696949,0.000055245
experiment_name,a02d7b3d-20ae-4ade-8fa4-df52e5e4f28b,function_execution_time,1780474854.0709555,0.000057955
experiment_name,a02d7b3d-20ae-4ade-8fa4-df52e5e4f28b,function_execution_time,1780474854.1723685,0.000072748
experiment_name,a02d7b3d-20ae-4ade-8fa4-df52e5e4f28b,function_execution_time,1780474854.272674,0.000056605
experiment_name,a02d7b3d-20ae-4ade-8fa4-df52e5e4f28b,function_execution_time,1780474854.374065,0.000052778
experiment_name,a02d7b3d-20ae-4ade-8fa4-df52e5e4f28b,function_execution_time,1780474854.4752955,0.000062776
experiment_name,a02d7b3d-20ae-4ade-8fa4-df52e5e4f28b,function_execution_time,1780474854.576612,0.000056829
experiment_name,a02d7b3d-20ae-4ade-8fa4-df52e5e4f28b,function_execution_time,1780474854.6779914,0.000052275
experiment_name,a02d7b3d-20ae-4ade-8fa4-df52e5e4f28b,function_execution_time,1780474854.7793503,0.000052685
experiment_name,a02d7b3d-20ae-4ade-8fa4-df52e5e4f28b,function_execution_time,1780474854.8805866,0.000056054
experiment_name,a02d7b3d-20ae-4ade-8fa4-df52e5e4f28b,function_execution_time,1780474854.9820073,0.000066185
experiment_name,a02d7b3d-20ae-4ade-8fa4-df52e5e4f28b,function_execution_time,1780474855.0832517,0.00005217
experiment_name,a02d7b3d-20ae-4ade-8fa4-df52e5e4f28b,function_execution_time,1780474855.1846342,0.000059987
experiment_name,a02d7b3d-20ae-4ade-8fa4-df52e5e4f28b,function_execution_time,1780474855.2857685,0.000055748
experiment_name,a02d7b3d-20ae-4ade-8fa4-df52e5e4f28b,function_execution_time,1780474855.3871253,0.000066595
experiment_name,a02d7b3d-20ae-4ade-8fa4-df52e5e4f28b,function_execution_time,1780474855.4884217,0.000054053
experiment_name,a02d7b3d-20ae-4ade-8fa4-df52e5e4f28b,function_execution_time,1780474855.5888233,0.000052231
experiment_name,a02d7b3d-20ae-4ade-8fa4-df52e5e4f28b,function_execution_time,1780474855.6901681,0.000052517
experiment_name,a02d7b3d-20ae-4ade-8fa4-df52e5e4f28b,function_execution_time,1780474855.7913456,0.000056772
experiment_name,a02d7b3d-20ae-4ade-8fa4-df52e5e4f28b,function_execution_time,1780474855.8917763,0.000070415
experiment_name,a02d7b3d-20ae-4ade-8fa4-df52e5e4f28b,function_execution_time,1780474855.9929705,0.000056099
experiment_name,17a6c8d2-c42c-4715-9cbb-36969180f8b7,function_transfer_time,1780474851.0348537,0.000083764
experiment_name,17a6c8d2-c42c-4715-9cbb-36969180f8b7,function_transfer_time,1780474851.1355066,0.000049771
experiment_name,17a6c8d2-c42c-4715-9cbb-36969180f8b7,function_transfer_time,1780474851.236947,0.00008309
experiment_name,17a6c8d2-c42c-4715-9cbb-36969180f8b7,function_transfer_time,1780474851.3382773,0.00007637
experiment_name,17a6c8d2-c42c-4715-9cbb-36969180f8b7,function_transfer_time,1780474851.4396107,0.000084759
experiment_name,17a6c8d2-c42c-4715-9cbb-36969180f8b7,function_transfer_time,1780474851.5409453,0.00009196
experiment_name,17a6c8d2-c42c-4715-9cbb-36969180f8b7,function_transfer_time,1780474851.6422484,0.000023761
experiment_name,17a6c8d2-c42c-4715-9cbb-36969180f8b7,function_transfer_time,1780474851.7435553,0.000075716
experiment_name,17a6c8d2-c42c-4715-9cbb-36969180f8b7,function_transfer_time,1780474851.844892,0.000079666
experiment_name,17a6c8d2-c42c-4715-9cbb-36969180f8b7,function_transfer_time,1780474851.9461246,0.000017006
experiment_name,17a6c8d2-c42c-4715-9cbb-36969180f8b7,function_transfer_time,1780474852.0473742,0.000023975
experiment_name,17a6c8d2-c42c-4715-9cbb-36969180f8b7,function_transfer_time,1780474852.1487284,0.000079938
experiment_name,17a6c8d2-c42c-4715-9cbb-36969180f8b7,function_transfer_time,1780474852.2501638,0.00002185
experiment_name,17a6c8d2-c42c-4715-9cbb-36969180f8b7,function_transfer_time,1780474852.3504817,0.0000777
experiment_name,17a6c8d2-c42c-4715-9cbb-36969180f8b7,function_transfer_time,1780474852.451725,0.000022102
experiment_name,17a6c8d2-c42c-4715-9cbb-36969180f8b7,function_transfer_time,1780474852.553041,0.000080863
experiment_name,17a6c8d2-c42c-4715-9cbb-36969180f8b7,function_transfer_time,1780474852.6543493,0.000098395
experiment_name,17a6c8d2-c42c-4715-9cbb-36969180f8b7,function_transfer_time,1780474852.7556918,0.00002207
experiment_name,17a6c8d2-c42c-4715-9cbb-36969180f8b7,function_transfer_time,1780474852.856982,0.000022589
experiment_name,17a6c8d2-c42c-4715-9cbb-36969180f8b7,function_transfer_time,1780474852.958201,0.000017996
experiment_name,17a6c8d2-c42c-4715-9cbb-36969180f8b7,function_transfer_time,1780474853.0584805,0.000021809
experiment_name,17a6c8d2-c42c-4715-9cbb-36969180f8b7,function_transfer_time,1780474853.1599445,0.000080484
experiment_name,17a6c8d2-c42c-4715-9cbb-36969180f8b7,function_transfer_time,1780474853.2612557,0.000078477
experiment_name,17a6c8d2-c42c-4715-9cbb-36969180f8b7,function_transfer_time,1780474853.3625796,0.000080015
experiment_name,17a6c8d2-c42c-4715-9cbb-36969180f8b7,function_transfer_time,1780474853.4638946,0.000076239
experiment_name,17a6c8d2-c42c-4715-9cbb-36969180f8b7,function_transfer_time,1780474853.565217,0.000076201
experiment_name,17a6c8d2-c42c-4715-9cbb-36969180f8b7,function_transfer_time,1780474853.6655083,0.000079526
experiment_name,17a6c8d2-c42c-4715-9cbb-36969180f8b7,function_transfer_time,1780474853.7668338,0.000076916
experiment_name,17a6c8d2-c42c-4715-9cbb-36969180f8b7,function_transfer_time,1780474853.868141,0.000079808
experiment_name,17a6c8d2-c42c-4715-9cbb-36969180f8b7,function_transfer_time,1780474853.9694636,0.000082775
experiment_name,17a6c8d2-c42c-4715-9cbb-36969180f8b7,function_transfer_time,1780474854.0707538,0.000022644
experiment_name,17a6c8d2-c42c-4715-9cbb-36969180f8b7,function_transfer_time,1780474854.172201,0.000077058
experiment_name,17a6c8d2-c42c-4715-9cbb-36969180f8b7,function_transfer_time,1780474854.272533,0.000078744
experiment_name,17a6c8d2-c42c-4715-9cbb-36969180f8b7,function_transfer_time,1780474854.3738282,0.00008594
experiment_name,17a6c8d2-c42c-4715-9cbb-36969180f8b7,function_transfer_time,1780474854.4751427,0.000076142
experiment_name,17a6c8d2-c42c-4715-9cbb-36969180f8b7,function_transfer_time,1780474854.5764582,0.000088021
experiment_name,17a6c8d2-c42c-4715-9cbb-36969180f8b7,function_transfer_time,1780474854.6777647,0.000074085
experiment_name,17a6c8d2-c42c-4715-9cbb-36969180f8b7,function_transfer_time,1780474854.7791152,0.000089914
experiment_name,17a6c8d2-c42c-4715-9cbb-36969180f8b7,function_transfer_time,1780474854.8804216,0.000074525
experiment_name,17a6c8d2-c42c-4715-9cbb-36969180f8b7,function_transfer_time,1780474854.981764,0.000074109
experiment_name,17a6c8d2-c42c-4715-9cbb-36969180f8b7,function_transfer_time,1780474855.0830705,0.000083583
experiment_name,17a6c8d2-c42c-4715-9cbb-36969180f8b7,function_transfer_time,1780474855.1843646,0.000021096
experiment_name,17a6c8d2-c42c-4715-9cbb-36969180f8b7,function_transfer_time,1780474855.2856073,0.000015193
experiment_name,17a6c8d2-c42c-4715-9cbb-36969180f8b7,function_transfer_time,1780474855.3868701,0.000021856
experiment_name,17a6c8d2-c42c-4715-9cbb-36969180f8b7,function_transfer_time,1780474855.4882627,0.000074214
experiment_name,17a6c8d2-c42c-4715-9cbb-36969180f8b7,function_transfer_time,1780474855.5885913,0.000020967
experiment_name,17a6c8d2-c42c-4715-9cbb-36969180f8b7,function_transfer_time,1780474855.6899347,0.000078138
experiment_name,17a6c8d2-c42c-4715-9cbb-36969180f8b7,function_transfer_time,1780474855.7911828,0.000018612
experiment_name,17a6c8d2-c42c-4715-9cbb-36969180f8b7,function_transfer_time,1780474855.8915303,0.000092763
experiment_name,17a6c8d2-c42c-4715-9cbb-36969180f8b7,function_transfer_time,1780474855.9928079,0.000022716
experiment_name,a02d7b3d-20ae-4ade-8fa4-df52e5e4f28b,function_transfer_time,1780474851.0350132,0.000031087
experiment_name,a02d7b3d-20ae-4ade-8fa4-df52e5e4f28b,function_transfer_time,1780474851.1356642,0.000063251
experiment_name,a02d7b3d-20ae-4ade-8fa4-df52e5e4f28b,function_transfer_time,1780474851.2371285,0.00012166
experiment_name,a02d7b3d-20ae-4ade-8fa4-df52e5e4f28b,function_transfer_time,1780474851.3384569,0.000098905
experiment_name,a02d7b3d-20ae-4ade-8fa4-df52e5e4f28b,function_transfer_time,1780474851.43978,0.000118875
experiment_name,a02d7b3d-20ae-4ade-8fa4-df52e5e4f28b,function_transfer_time,1780474851.5410638,0.000063825
experiment_name,a02d7b3d-20ae-4ade-8fa4-df52e5e4f28b,function_transfer_time,1780474851.6423519,0.000040055
experiment_name,a02d7b3d-20ae-4ade-8fa4-df52e5e4f28b,function_transfer_time,1780474851.7437315,0.000122685
experiment_name,a02d7b3d-20ae-4ade-8fa4-df52e5e4f28b,function_transfer_time,1780474851.8450444,0.00009869
experiment_name,a02d7b3d-20ae-4ade-8fa4-df52e5e4f28b,function_transfer_time,1780474851.9462693,0.000022494
experiment_name,a02d7b3d-20ae-4ade-8fa4-df52e5e4f28b,function_transfer_time,1780474852.047515,0.000031856
experiment_name,a02d7b3d-20ae-4ade-8fa4-df52e5e4f28b,function_transfer_time,1780474852.1489263,0.000140896
experiment_name,a02d7b3d-20ae-4ade-8fa4-df52e5e4f28b,function_transfer_time,1780474852.2502913,0.000023905
experiment_name,a02d7b3d-20ae-4ade-8fa4-df52e5e4f28b,function_transfer_time,1780474852.3506317,0.000036132
experiment_name,a02d7b3d-20ae-4ade-8fa4-df52e5e4f28b,function_transfer_time,1780474852.4518704,0.000027735
experiment_name,a02d7b3d-20ae-4ade-8fa4-df52e5e4f28b,function_transfer_time,1780474852.5531685,0.000027105
experiment_name,a02d7b3d-20ae-4ade-8fa4-df52e5e4f28b,function_transfer_time,1780474852.6544857,0.000025554
experiment_name,a02d7b3d-20ae-4ade-8fa4-df52e5e4f28b,function_transfer_time,1780474852.755824,0.000028152
experiment_name,a02d7b3d-20ae-4ade-8fa4-df52e5e4f28b,function_transfer_time,1780474852.8571153,0.000083495
experiment_name,a02d7b3d-20ae-4ade-8fa4-df52e5e4f28b,function_transfer_time,1780474852.9583607,0.000110552
experiment_name,a02d7b3d-20ae-4ade-8fa4-df52e5e4f28b,function_transfer_time,1780474853.0586538,0.000029059
experiment_name,a02d7b3d-20ae-4ade-8fa4-df52e5e4f28b,function_transfer_time,1780474853.1600795,0.000029239
experiment_name,a02d7b3d-20ae-4ade-8fa4-df52e5e4f28b,function_transfer_time,1780474853.2614398,0.000121996
experiment_name,a02d7b3d-20ae-4ade-8fa4-df52e5e4f28b,function_transfer_time,1780474853.3627439,0.00004895
experiment_name,a02d7b3d-20ae-4ade-8fa4-df52e5e4f28b,function_transfer_time,1780474853.464074,0.000127333
experiment_name,a02d7b3d-20ae-4ade-8fa4-df52e5e4f28b,function_transfer_time,1780474853.565385,0.000117035
experiment_name,a02d7b3d-20ae-4ade-8fa4-df52e5e4f28b,function_transfer_time,1780474853.665662,0.000100561
experiment_name,a02d7b3d-20ae-4ade-8fa4-df52e5e4f28b,function_transfer_time,1780474853.7669942,0.000101909
experiment_name,a02d7b3d-20ae-4ade-8fa4-df52e5e4f28b,function_transfer_time,1780474853.8683047,0.000108808
experiment_name,a02d7b3d-20ae-4ade-8fa4-df52e5e4f28b,function_transfer_time,1780474853.969639,0.000121277
experiment_name,a02d7b3d-20ae-4ade-8fa4-df52e5e4f28b,function_transfer_time,1780474854.070892,0.000030976
experiment_name,a02d7b3d-20ae-4ade-8fa4-df52e5e4f28b,function_transfer_time,1780474854.172364,0.000049563
experiment_name,a02d7b3d-20ae-4ade-8fa4-df52e5e4f28b,function_transfer_time,1780474854.2726169,0.000029545
experiment_name,a02d7b3d-20ae-4ade-8fa4-df52e5e4f28b,function_transfer_time,1780474854.3740113,0.000130385
experiment_name,a02d7b3d-20ae-4ade-8fa4-df52e5e4f28b,function_transfer_time,1780474854.4752903,0.000028799
experiment_name,a02d7b3d-20ae-4ade-8fa4-df52e5e4f28b,function_transfer_time,1780474854.5766094,0.000050788
experiment_name,a02d7b3d-20ae-4ade-8fa4-df52e5e4f28b,function_transfer_time,1780474854.6779385,0.00012249
experiment_name,a02d7b3d-20ae-4ade-8fa4-df52e5e4f28b,function_transfer_time,1780474854.7792969,0.000128899
experiment_name,a02d7b3d-20ae-4ade-8fa4-df52e5e4f28b,function_transfer_time,1780474854.8805854,0.000033572
experiment_name,a02d7b3d-20ae-4ade-8fa4-df52e5e4f28b,function_transfer_time,1780474854.9819405,0.000124333
experiment_name,a02d7b3d-20ae-4ade-8fa4-df52e5e4f28b,function_transfer_time,1780474855.0831995,0.000028758
experiment_name,a02d7b3d-20ae-4ade-8fa4-df52e5e4f28b,function_transfer_time,1780474855.1845737,0.000154833
experiment_name,a02d7b3d-20ae-4ade-8fa4-df52e5e4f28b,function_transfer_time,1780474855.2857044,0.00004998
experiment_name,a02d7b3d-20ae-4ade-8fa4-df52e5e4f28b,function_transfer_time,1780474855.3870583,0.000135273
experiment_name,a02d7b3d-20ae-4ade-8fa4-df52e5e4f28b,function_transfer_time,1780474855.488368,0.000123153
experiment_name,a02d7b3d-20ae-4ade-8fa4-df52e5e4f28b,function_transfer_time,1780474855.5887704,0.000118948
experiment_name,a02d7b3d-20ae-4ade-8fa4-df52e5e4f28b,function_transfer_time,1780474855.690115,0.000128273
experiment_name,a02d7b3d-20ae-4ade-8fa4-df52e5e4f28b,function_transfer_time,1780474855.7913427,0.000059981
experiment_name,a02d7b3d-20ae-4ade-8fa4-df52e5e4f28b,function_transfer_time,1780474855.8916986,0.000117742
experiment_name,a02d7b3d-20ae-4ade-8fa4-df52e5e4f28b,function_transfer_time,1780474855.9929676,0.00004746
experiment_name,17a6c8d2-c42c-4715-9cbb-36969180f8b7,function_execution_time,1780474856.0936491,0.000173254
experiment_name,17a6c8d2-c42c-4715-9cbb-36969180f8b7,function_execution_time,1780474856.1950405,0.000070444
experiment_name,17a6c8d2-c42c-4715-9cbb-36969180f8b7,function_execution_time,1780474856.2963464,0.000086764
experiment_name,17a6c8d2-c42c-4715-9cbb-36969180f8b7,function_execution_time,1780474856.397701,0.000085972
experiment_name,17a6c8d2-c42c-4715-9cbb-36969180f8b7,function_execution_time,1780474856.498924,0.000099845
experiment_name,17a6c8d2-c42c-4715-9cbb-36969180f8b7,function_execution_time,1780474856.6001773,0.000077446
experiment_name,17a6c8d2-c42c-4715-9cbb-36969180f8b7,function_execution_time,1780474856.701525,0.000093573
experiment_name,17a6c8d2-c42c-4715-9cbb-36969180f8b7,function_execution_time,1780474856.8026967,0.000080529
experiment_name,17a6c8d2-c42c-4715-9cbb-36969180f8b7,function_execution_time,1780474856.9039977,0.000071588
experiment_name,17a6c8d2-c42c-4715-9cbb-36969180f8b7,function_execution_time,1780474857.0053504,0.000091411
experiment_name,17a6c8d2-c42c-4715-9cbb-36969180f8b7,function_execution_time,1780474857.1056771,0.000142848
experiment_name,17a6c8d2-c42c-4715-9cbb-36969180f8b7,function_execution_time,1780474857.2071447,0.000078094
experiment_name,17a6c8d2-c42c-4715-9cbb-36969180f8b7,function_execution_time,1780474857.3083203,0.000068739
experiment_name,17a6c8d2-c42c-4715-9cbb-36969180f8b7,function_execution_time,1780474857.409656,0.000078691
experiment_name,17a6c8d2-c42c-4715-9cbb-36969180f8b7,function_execution_time,1780474857.5109591,0.000070339
experiment_name,17a6c8d2-c42c-4715-9cbb-36969180f8b7,function_execution_time,1780474857.6122243,0.000067555
experiment_name,17a6c8d2-c42c-4715-9cbb-36969180f8b7,function_execution_time,1780474857.7135515,0.000084514
experiment_name,17a6c8d2-c42c-4715-9cbb-36969180f8b7,function_execution_time,1780474857.8148386,0.000067966
experiment_name,17a6c8d2-c42c-4715-9cbb-36969180f8b7,function_execution_time,1780474857.916159,0.000071991
experiment_name,17a6c8d2-c42c-4715-9cbb-36969180f8b7,function_execution_time,1780474858.0174482,0.000076455
experiment_name,17a6c8d2-c42c-4715-9cbb-36969180f8b7,function_execution_time,1780474858.1187723,0.00014676
experiment_name,17a6c8d2-c42c-4715-9cbb-36969180f8b7,function_execution_time,1780474858.2199903,0.000068958
experiment_name,17a6c8d2-c42c-4715-9cbb-36969180f8b7,function_execution_time,1780474858.3213363,0.000071958
experiment_name,17a6c8d2-c42c-4715-9cbb-36969180f8b7,function_execution_time,1780474858.4226925,0.000080395
experiment_name,17a6c8d2-c42c-4715-9cbb-36969180f8b7,function_execution_time,1780474858.5240033,0.000078199
experiment_name,17a6c8d2-c42c-4715-9cbb-36969180f8b7,function_execution_time,1780474858.625204,0.000077161
experiment_name,17a6c8d2-c42c-4715-9cbb-36969180f8b7,function_execution_time,1780474858.7264376,0.000068041
experiment_name,17a6c8d2-c42c-4715-9cbb-36969180f8b7,function_execution_time,1780474858.8278334,0.00008439
experiment_name,17a6c8d2-c42c-4715-9cbb-36969180f8b7,function_execution_time,1780474858.9290378,0.000078237
experiment_name,17a6c8d2-c42c-4715-9cbb-36969180f8b7,function_execution_time,1780474859.0303636,0.000073539
experiment_name,17a6c8d2-c42c-4715-9cbb-36969180f8b7,function_execution_time,1780474859.1317737,0.000146928
experiment_name,17a6c8d2-c42c-4715-9cbb-36969180f8b7,function_execution_time,1780474859.2330449,0.00006802
experiment_name,17a6c8d2-c42c-4715-9cbb-36969180f8b7,function_execution_time,1780474859.3344023,0.000068855
experiment_name,17a6c8d2-c42c-4715-9cbb-36969180f8b7,function_execution_time,1780474859.435697,0.000078449
experiment_name,17a6c8d2-c42c-4715-9cbb-36969180f8b7,function_execution_time,1780474859.5370698,0.000074779
experiment_name,17a6c8d2-c42c-4715-9cbb-36969180f8b7,function_execution_time,1780474859.638353,0.000081245
experiment_name,17a6c8d2-c42c-4715-9cbb-36969180f8b7,function_execution_time,1780474859.7385566,0.000079828
experiment_name,17a6c8d2-c42c-4715-9cbb-36969180f8b7,function_execution_time,1780474859.839849,0.000055357
experiment_name,17a6c8d2-c42c-4715-9cbb-36969180f8b7,function_execution_time,1780474859.941318,0.000073841
experiment_name,17a6c8d2-c42c-4715-9cbb-36969180f8b7,function_execution_time,1780474860.042551,0.000076201
experiment_name,17a6c8d2-c42c-4715-9cbb-36969180f8b7,function_execution_time,1780474860.1439552,0.00016647
experiment_name,17a6c8d2-c42c-4715-9cbb-36969180f8b7,function_execution_time,1780474860.245229,0.000078536
experiment_name,17a6c8d2-c42c-4715-9cbb-36969180f8b7,function_execution_time,1780474860.3455355,0.000071369
experiment_name,17a6c8d2-c42c-4715-9cbb-36969180f8b7,function_execution_time,1780474860.4468052,0.000084851
experiment_name,17a6c8d2-c42c-4715-9cbb-36969180f8b7,function_execution_time,1780474860.5481117,0.000083772
experiment_name,17a6c8d2-c42c-4715-9cbb-36969180f8b7,function_execution_time,1780474860.6493487,0.0000678
experiment_name,17a6c8d2-c42c-4715-9cbb-36969180f8b7,function_execution_time,1780474860.7506263,0.000067903
experiment_name,17a6c8d2-c42c-4715-9cbb-36969180f8b7,function_execution_time,1780474860.851941,0.000082085
experiment_name,17a6c8d2-c42c-4715-9cbb-36969180f8b7,function_execution_time,1780474860.9533656,0.000070616
experiment_name,a02d7b3d-20ae-4ade-8fa4-df52e5e4f28b,function_execution_time,1780474856.0937006,0.000057096
experiment_name,a02d7b3d-20ae-4ade-8fa4-df52e5e4f28b,function_execution_time,1780474856.1951997,0.000060273
experiment_name,a02d7b3d-20ae-4ade-8fa4-df52e5e4f28b,function_execution_time,1780474856.296411,0.00003351
experiment_name,a02d7b3d-20ae-4ade-8fa4-df52e5e4f28b,function_execution_time,1780474856.3978257,0.000071499
experiment_name,a02d7b3d-20ae-4ade-8fa4-df52e5e4f28b,function_execution_time,1780474856.4990644,0.000065537
experiment_name,a02d7b3d-20ae-4ade-8fa4-df52e5e4f28b,function_execution_time,1780474856.6003506,0.000067691
experiment_name,a02d7b3d-20ae-4ade-8fa4-df52e5e4f28b,function_execution_time,1780474856.7016017,0.000056724
experiment_name,a02d7b3d-20ae-4ade-8fa4-df52e5e4f28b,function_execution_time,1780474856.8028235,0.000067444
experiment_name,a02d7b3d-20ae-4ade-8fa4-df52e5e4f28b,function_execution_time,1780474856.904149,0.000055869
experiment_name,a02d7b3d-20ae-4ade-8fa4-df52e5e4f28b,function_execution_time,1780474857.005367,0.00006581
experiment_name,a02d7b3d-20ae-4ade-8fa4-df52e5e4f28b,function_execution_time,1780474857.1057296,0.000055652
experiment_name,a02d7b3d-20ae-4ade-8fa4-df52e5e4f28b,function_execution_time,1780474857.2071948,0.00006596
experiment_name,a02d7b3d-20ae-4ade-8fa4-df52e5e4f28b,function_execution_time,1780474857.308398,0.000058719
experiment_name,a02d7b3d-20ae-4ade-8fa4-df52e5e4f28b,function_execution_time,1780474857.4097915,0.000053524
experiment_name,a02d7b3d-20ae-4ade-8fa4-df52e5e4f28b,function_execution_time,1780474857.5111241,0.000057225
experiment_name,a02d7b3d-20ae-4ade-8fa4-df52e5e4f28b,function_execution_time,1780474857.612366,0.000058108
experiment_name,a02d7b3d-20ae-4ade-8fa4-df52e5e4f28b,function_execution_time,1780474857.7136805,0.000064972
experiment_name,a02d7b3d-20ae-4ade-8fa4-df52e5e4f28b,function_execution_time,1780474857.815,0.000056877
experiment_name,a02d7b3d-20ae-4ade-8fa4-df52e5e4f28b,function_execution_time,1780474857.916163,0.000059257
experiment_name,a02d7b3d-20ae-4ade-8fa4-df52e5e4f28b,function_execution_time,1780474858.017546,0.000065017
experiment_name,a02d7b3d-20ae-4ade-8fa4-df52e5e4f28b,function_execution_time,1780474858.118831,0.000061103
experiment_name,a02d7b3d-20ae-4ade-8fa4-df52e5e4f28b,function_execution_time,1780474858.220133,0.000054954
experiment_name,a02d7b3d-20ae-4ade-8fa4-df52e5e4f28b,function_execution_time,1780474858.3214388,0.000056916
experiment_name,a02d7b3d-20ae-4ade-8fa4-df52e5e4f28b,function_execution_time,1780474858.4228344,0.000056695
experiment_name,a02d7b3d-20ae-4ade-8fa4-df52e5e4f28b,function_execution_time,1780474858.5241053,0.000058992
experiment_name,a02d7b3d-20ae-4ade-8fa4-df52e5e4f28b,function_execution_time,1780474858.6253421,0.000065782
experiment_name,a02d7b3d-20ae-4ade-8fa4-df52e5e4f28b,function_execution_time,1780474858.726607,0.000055146
experiment_name,a02d7b3d-20ae-4ade-8fa4-df52e5e4f28b,function_execution_time,1780474858.8278346,0.000059607
experiment_name,a02d7b3d-20ae-4ade-8fa4-df52e5e4f28b,function_execution_time,1780474858.9291222,0.000057248
experiment_name,a02d7b3d-20ae-4ade-8fa4-df52e5e4f28b,function_execution_time,1780474859.0304615,0.000070533
experiment_name,a02d7b3d-20ae-4ade-8fa4-df52e5e4f28b,function_execution_time,1780474859.131824,0.000052195
experiment_name,a02d7b3d-20ae-4ade-8fa4-df52e5e4f28b,function_execution_time,1780474859.2331972,0.000057135
experiment_name,a02d7b3d-20ae-4ade-8fa4-df52e5e4f28b,function_execution_time,1780474859.3345435,0.000057927
experiment_name,a02d7b3d-20ae-4ade-8fa4-df52e5e4f28b,function_execution_time,1780474859.4358437,0.000061662
experiment_name,a02d7b3d-20ae-4ade-8fa4-df52e5e4f28b,function_execution_time,1780474859.5371542,0.000053767
experiment_name,a02d7b3d-20ae-4ade-8fa4-df52e5e4f28b,function_execution_time,1780474859.6383648,0.000061374
experiment_name,a02d7b3d-20ae-4ade-8fa4-df52e5e4f28b,function_execution_time,1780474859.738642,0.000061404
experiment_name,a02d7b3d-20ae-4ade-8fa4-df52e5e4f28b,function_execution_time,1780474859.8400064,0.000061375
experiment_name,a02d7b3d-20ae-4ade-8fa4-df52e5e4f28b,function_execution_time,1780474859.9414773,0.000078175
experiment_name,a02d7b3d-20ae-4ade-8fa4-df52e5e4f28b,function_execution_time,1780474860.0427103,0.000066749
experiment_name,a02d7b3d-20ae-4ade-8fa4-df52e5e4f28b,function_execution_time,1780474860.1440055,0.000068399
experiment_name,a02d7b3d-20ae-4ade-8fa4-df52e5e4f28b,function_execution_time,1780474860.2453423,0.000054076
experiment_name,a02d7b3d-20ae-4ade-8fa4-df52e5e4f28b,function_execution_time,1780474860.3456783,0.000054964
experiment_name,a02d7b3d-20ae-4ade-8fa4-df52e5e4f28b,function_execution_time,1780474860.4468625,0.000058839
experiment_name,a02d7b3d-20ae-4ade-8fa4-df52e5e4f28b,function_execution_time,1780474860.5482068,0.000067254
experiment_name,a02d7b3d-20ae-4ade-8fa4-df52e5e4f28b,function_execution_time,1780474860.649513,0.000057982
experiment_name,a02d7b3d-20ae-4ade-8fa4-df52e5e4f28b,function_execution_time,1780474860.75076,0.000053929
experiment_name,a02d7b3d-20ae-4ade-8fa4-df52e5e4f28b,function_execution_time,1780474860.8520522,0.00005391
experiment_name,a02d7b3d-20ae-4ade-8fa4-df52e5e4f28b,function_execution_time,1780474860.9534702,0.000074829
experiment_name,a02d7b3d-20ae-4ade-8fa4-df52e5e4f28b,function_transfer_time,1780474856.0936444,0.000031549
experiment_name,a02d7b3d-20ae-4ade-8fa4-df52e5e4f28b,function_transfer_time,1780474856.195139,0.000120976
experiment_name,a02d7b3d-20ae-4ade-8fa4-df52e5e4f28b,function_transfer_time,1780474856.296407,0.000044632
experiment_name,a02d7b3d-20ae-4ade-8fa4-df52e5e4f28b,function_transfer_time,1780474856.3977435,0.000125506
experiment_name,a02d7b3d-20ae-4ade-8fa4-df52e5e4f28b,function_transfer_time,1780474856.4989934,0.000111092
experiment_name,a02d7b3d-20ae-4ade-8fa4-df52e5e4f28b,function_transfer_time,1780474856.600281,0.00012906
experiment_name,a02d7b3d-20ae-4ade-8fa4-df52e5e4f28b,function_transfer_time,1780474856.7015405,0.000107096
experiment_name,a02d7b3d-20ae-4ade-8fa4-df52e5e4f28b,function_transfer_time,1780474856.8027508,0.000087097
experiment_name,a02d7b3d-20ae-4ade-8fa4-df52e5e4f28b,function_transfer_time,1780474856.9040928,0.000116695
experiment_name,a02d7b3d-20ae-4ade-8fa4-df52e5e4f28b,function_transfer_time,1780474857.0053473,0.000028541
experiment_name,a02d7b3d-20ae-4ade-8fa4-df52e5e4f28b,function_transfer_time,1780474857.1056743,0.000029325
experiment_name,a02d7b3d-20ae-4ade-8fa4-df52e5e4f28b,function_transfer_time,1780474857.2071476,0.000084754
experiment_name,a02d7b3d-20ae-4ade-8fa4-df52e5e4f28b,function_transfer_time,1780474857.3083951,0.000052613
experiment_name,a02d7b3d-20ae-4ade-8fa4-df52e5e4f28b,function_transfer_time,1780474857.4097366,0.000098102
experiment_name,a02d7b3d-20ae-4ade-8fa4-df52e5e4f28b,function_transfer_time,1780474857.5110655,0.000126623
experiment_name,a02d7b3d-20ae-4ade-8fa4-df52e5e4f28b,function_transfer_time,1780474857.6123068,0.000105499
experiment_name,a02d7b3d-20ae-4ade-8fa4-df52e5e4f28b,function_transfer_time,1780474857.7136097,0.000096274
experiment_name,a02d7b3d-20ae-4ade-8fa4-df52e5e4f28b,function_transfer_time,1780474857.8149428,0.000126971
experiment_name,a02d7b3d-20ae-4ade-8fa4-df52e5e4f28b,function_transfer_time,1780474857.9161618,0.000032527
experiment_name,a02d7b3d-20ae-4ade-8fa4-df52e5e4f28b,function_transfer_time,1780474858.017523,0.00011436
experiment_name,a02d7b3d-20ae-4ade-8fa4-df52e5e4f28b,function_transfer_time,1780474858.1187696,0.000032849
experiment_name,a02d7b3d-20ae-4ade-8fa4-df52e5e4f28b,function_transfer_time,1780474858.2200758,0.000108657
experiment_name,a02d7b3d-20ae-4ade-8fa4-df52e5e4f28b,function_transfer_time,1780474858.3214245,0.000064023
experiment_name,a02d7b3d-20ae-4ade-8fa4-df52e5e4f28b,function_transfer_time,1780474858.422776,0.000116352
experiment_name,a02d7b3d-20ae-4ade-8fa4-df52e5e4f28b,function_transfer_time,1780474858.5240393,0.000119325
experiment_name,a02d7b3d-20ae-4ade-8fa4-df52e5e4f28b,function_transfer_time,1780474858.6252706,0.000098794
experiment_name,a02d7b3d-20ae-4ade-8fa4-df52e5e4f28b,function_transfer_time,1780474858.7265508,0.000146113
experiment_name,a02d7b3d-20ae-4ade-8fa4-df52e5e4f28b,function_transfer_time,1780474858.8278298,0.000027922
experiment_name,a02d7b3d-20ae-4ade-8fa4-df52e5e4f28b,function_transfer_time,1780474858.9290636,0.000043989
experiment_name,a02d7b3d-20ae-4ade-8fa4-df52e5e4f28b,function_transfer_time,1780474859.030386,0.000046211
experiment_name,a02d7b3d-20ae-4ade-8fa4-df52e5e4f28b,function_transfer_time,1780474859.1317708,0.000029696
experiment_name,a02d7b3d-20ae-4ade-8fa4-df52e5e4f28b,function_transfer_time,1780474859.2331393,0.000116575
experiment_name,a02d7b3d-20ae-4ade-8fa4-df52e5e4f28b,function_transfer_time,1780474859.3345008,0.000113999
experiment_name,a02d7b3d-20ae-4ade-8fa4-df52e5e4f28b,function_transfer_time,1780474859.4357815,0.000107071
experiment_name,a02d7b3d-20ae-4ade-8fa4-df52e5e4f28b,function_transfer_time,1780474859.5370936,0.000104156
experiment_name,a02d7b3d-20ae-4ade-8fa4-df52e5e4f28b,function_transfer_time,1780474859.638349,0.000031973
experiment_name,a02d7b3d-20ae-4ade-8fa4-df52e5e4f28b,function_transfer_time,1780474859.7385788,0.000059405
experiment_name,a02d7b3d-20ae-4ade-8fa4-df52e5e4f28b,function_transfer_time,1780474859.8399425,0.000138146
experiment_name,a02d7b3d-20ae-4ade-8fa4-df52e5e4f28b,function_transfer_time,1780474859.941414,0.000103544
experiment_name,a02d7b3d-20ae-4ade-8fa4-df52e5e4f28b,function_transfer_time,1780474860.0426435,0.000109657
experiment_name,a02d7b3d-20ae-4ade-8fa4-df52e5e4f28b,function_transfer_time,1780474860.143933,0.000029387
experiment_name,a02d7b3d-20ae-4ade-8fa4-df52e5e4f28b,function_transfer_time,1780474860.2452812,0.000084805
experiment_name,a02d7b3d-20ae-4ade-8fa4-df52e5e4f28b,function_transfer_time,1780474860.3456159,0.000106245
experiment_name,a02d7b3d-20ae-4ade-8fa4-df52e5e4f28b,function_transfer_time,1780474860.4468029,0.000030885
experiment_name,a02d7b3d-20ae-4ade-8fa4-df52e5e4f28b,function_transfer_time,1780474860.5481348,0.00009974
experiment_name,a02d7b3d-20ae-4ade-8fa4-df52e5e4f28b,function_transfer_time,1780474860.6494484,0.000124457
experiment_name,a02d7b3d-20ae-4ade-8fa4-df52e5e4f28b,function_transfer_time,1780474860.750705,0.000106024
experiment_name,a02d7b3d-20ae-4ade-8fa4-df52e5e4f28b,function_transfer_time,1780474860.8519897,0.000087135
experiment_name,a02d7b3d-20ae-4ade-8fa4-df52e5e4f28b,function_transfer_time,1780474860.9534469,0.000045827
experiment_name,17a6c8d2-c42c-4715-9cbb-36969180f8b7,function_transfer_time,1780474856.0934663,0.00007594
experiment_name,17a6c8d2-c42c-4715-9cbb-36969180f8b7,function_transfer_time,1780474856.1949677,0.000075826
experiment_name,17a6c8d2-c42c-4715-9cbb-36969180f8b7,function_transfer_time,1780474856.296344,0.000079481
experiment_name,17a6c8d2-c42c-4715-9cbb-36969180f8b7,function_transfer_time,1780474856.3975604,0.000036435
experiment_name,17a6c8d2-c42c-4715-9cbb-36969180f8b7,function_transfer_time,1780474856.4988172,0.000030545
experiment_name,17a6c8d2-c42c-4715-9cbb-36969180f8b7,function_transfer_time,1780474856.6000936,0.000028524
experiment_name,17a6c8d2-c42c-4715-9cbb-36969180f8b7,function_transfer_time,1780474856.7013707,0.000020857
experiment_name,17a6c8d2-c42c-4715-9cbb-36969180f8b7,function_transfer_time,1780474856.8026104,0.000020643
experiment_name,17a6c8d2-c42c-4715-9cbb-36969180f8b7,function_transfer_time,1780474856.9039214,0.00007617
experiment_name,17a6c8d2-c42c-4715-9cbb-36969180f8b7,function_transfer_time,1780474857.0052152,0.000074691
experiment_name,17a6c8d2-c42c-4715-9cbb-36969180f8b7,function_transfer_time,1780474857.1055257,0.000090417
experiment_name,17a6c8d2-c42c-4715-9cbb-36969180f8b7,function_transfer_time,1780474857.2069921,0.000076099
experiment_name,17a6c8d2-c42c-4715-9cbb-36969180f8b7,function_transfer_time,1780474857.308239,0.000021809
experiment_name,17a6c8d2-c42c-4715-9cbb-36969180f8b7,function_transfer_time,1780474857.4095807,0.000074592
experiment_name,17a6c8d2-c42c-4715-9cbb-36969180f8b7,function_transfer_time,1780474857.5108864,0.000079263
experiment_name,17a6c8d2-c42c-4715-9cbb-36969180f8b7,function_transfer_time,1780474857.6121495,0.000019826
experiment_name,17a6c8d2-c42c-4715-9cbb-36969180f8b7,function_transfer_time,1780474857.7134619,0.000082316
experiment_name,17a6c8d2-c42c-4715-9cbb-36969180f8b7,function_transfer_time,1780474857.8147626,0.000080143
experiment_name,17a6c8d2-c42c-4715-9cbb-36969180f8b7,function_transfer_time,1780474857.916023,0.00001616
experiment_name,17a6c8d2-c42c-4715-9cbb-36969180f8b7,function_transfer_time,1780474858.0173101,0.000076292
experiment_name,17a6c8d2-c42c-4715-9cbb-36969180f8b7,function_transfer_time,1780474858.118617,0.000076061
experiment_name,17a6c8d2-c42c-4715-9cbb-36969180f8b7,function_transfer_time,1780474858.2199087,0.000020981
experiment_name,17a6c8d2-c42c-4715-9cbb-36969180f8b7,function_transfer_time,1780474858.3212435,0.000083733
experiment_name,17a6c8d2-c42c-4715-9cbb-36969180f8b7,function_transfer_time,1780474858.4226058,0.000082004
experiment_name,17a6c8d2-c42c-4715-9cbb-36969180f8b7,function_transfer_time,1780474858.5238678,0.000022275
experiment_name,17a6c8d2-c42c-4715-9cbb-36969180f8b7,function_transfer_time,1780474858.625123,0.000022546
experiment_name,17a6c8d2-c42c-4715-9cbb-36969180f8b7,function_transfer_time,1780474858.726351,0.000020492
experiment_name,17a6c8d2-c42c-4715-9cbb-36969180f8b7,function_transfer_time,1780474858.8276849,0.000078246
experiment_name,17a6c8d2-c42c-4715-9cbb-36969180f8b7,function_transfer_time,1780474858.9289613,0.000050842
experiment_name,17a6c8d2-c42c-4715-9cbb-36969180f8b7,function_transfer_time,1780474859.0302842,0.000079363
experiment_name,17a6c8d2-c42c-4715-9cbb-36969180f8b7,function_transfer_time,1780474859.1316216,0.000073871
experiment_name,17a6c8d2-c42c-4715-9cbb-36969180f8b7,function_transfer_time,1780474859.2329686,0.000076499
experiment_name,17a6c8d2-c42c-4715-9cbb-36969180f8b7,function_transfer_time,1780474859.3343198,0.000085538
experiment_name,17a6c8d2-c42c-4715-9cbb-36969180f8b7,function_transfer_time,1780474859.4356205,0.000075146
experiment_name,17a6c8d2-c42c-4715-9cbb-36969180f8b7,function_transfer_time,1780474859.5369422,0.000077104
experiment_name,17a6c8d2-c42c-4715-9cbb-36969180f8b7,function_transfer_time,1780474859.6382143,0.000091837
experiment_name,17a6c8d2-c42c-4715-9cbb-36969180f8b7,function_transfer_time,1780474859.7384694,0.000027604
experiment_name,17a6c8d2-c42c-4715-9cbb-36969180f8b7,function_transfer_time,1780474859.8397686,0.000018826
experiment_name,17a6c8d2-c42c-4715-9cbb-36969180f8b7,function_transfer_time,1780474859.9412417,0.000074073
experiment_name,17a6c8d2-c42c-4715-9cbb-36969180f8b7,function_transfer_time,1780474860.0424757,0.000021492
experiment_name,17a6c8d2-c42c-4715-9cbb-36969180f8b7,function_transfer_time,1780474860.1437874,0.000080583
experiment_name,17a6c8d2-c42c-4715-9cbb-36969180f8b7,function_transfer_time,1780474860.2451453,0.000075642
experiment_name,17a6c8d2-c42c-4715-9cbb-36969180f8b7,function_transfer_time,1780474860.345459,0.000078066
experiment_name,17a6c8d2-c42c-4715-9cbb-36969180f8b7,function_transfer_time,1780474860.446714,0.000024594
experiment_name,17a6c8d2-c42c-4715-9cbb-36969180f8b7,function_transfer_time,1780474860.5479753,0.000021171
experiment_name,17a6c8d2-c42c-4715-9cbb-36969180f8b7,function_transfer_time,1780474860.6492627,0.000079858
experiment_name,17a6c8d2-c42c-4715-9cbb-36969180f8b7,function_transfer_time,1780474860.750546,0.000021932
experiment_name,17a6c8d2-c42c-4715-9cbb-36969180f8b7,function_transfer_time,1780474860.8518536,0.00007654
experiment_name,17a6c8d2-c42c-4715-9cbb-36969180f8b7,function_transfer_time,1780474860.9532933,0.000081361
experiment_name,a02d7b3d-20ae-4ade-8fa4-df52e5e4f28b,function_execution_time,1780474861.0554898,0.000066652
experiment_name,a02d7b3d-20ae-4ade-8fa4-df52e5e4f28b,function_execution_time,1780474861.1568131,0.000059582
experiment_name,a02d7b3d-20ae-4ade-8fa4-df52e5e4f28b,function_execution_time,1780474861.2582338,0.000053535
experiment_name,a02d7b3d-20ae-4ade-8fa4-df52e5e4f28b,function_execution_time,1780474861.3595402,0.000064316
experiment_name,a02d7b3d-20ae-4ade-8fa4-df52e5e4f28b,function_execution_time,1780474861.4608347,0.000054065
experiment_name,a02d7b3d-20ae-4ade-8fa4-df52e5e4f28b,function_execution_time,1780474861.5621445,0.000060565
experiment_name,a02d7b3d-20ae-4ade-8fa4-df52e5e4f28b,function_execution_time,1780474861.663451,0.000068651
experiment_name,a02d7b3d-20ae-4ade-8fa4-df52e5e4f28b,function_execution_time,1780474861.7648294,0.00005338
experiment_name,a02d7b3d-20ae-4ade-8fa4-df52e5e4f28b,function_execution_time,1780474861.866145,0.000060409
experiment_name,a02d7b3d-20ae-4ade-8fa4-df52e5e4f28b,function_execution_time,1780474861.9674187,0.000056857
experiment_name,a02d7b3d-20ae-4ade-8fa4-df52e5e4f28b,function_execution_time,1780474862.0676494,0.00006028
experiment_name,a02d7b3d-20ae-4ade-8fa4-df52e5e4f28b,function_execution_time,1780474862.1690328,0.000056316
experiment_name,a02d7b3d-20ae-4ade-8fa4-df52e5e4f28b,function_execution_time,1780474862.270382,0.000063984
experiment_name,a02d7b3d-20ae-4ade-8fa4-df52e5e4f28b,function_execution_time,1780474862.3707097,0.000057516
experiment_name,a02d7b3d-20ae-4ade-8fa4-df52e5e4f28b,function_execution_time,1780474862.4719834,0.000061556
experiment_name,a02d7b3d-20ae-4ade-8fa4-df52e5e4f28b,function_execution_time,1780474862.5733747,0.000055445
experiment_name,a02d7b3d-20ae-4ade-8fa4-df52e5e4f28b,function_execution_time,1780474862.6746356,0.00006041
experiment_name,a02d7b3d-20ae-4ade-8fa4-df52e5e4f28b,function_execution_time,1780474862.7759895,0.000071987
experiment_name,a02d7b3d-20ae-4ade-8fa4-df52e5e4f28b,function_execution_time,1780474862.8773,0.000060594
experiment_name,a02d7b3d-20ae-4ade-8fa4-df52e5e4f28b,function_execution_time,1780474862.9775624,0.000059278
experiment_name,a02d7b3d-20ae-4ade-8fa4-df52e5e4f28b,function_execution_time,1780474863.0789423,0.000055215
experiment_name,a02d7b3d-20ae-4ade-8fa4-df52e5e4f28b,function_execution_time,1780474863.1802852,0.000076983
experiment_name,a02d7b3d-20ae-4ade-8fa4-df52e5e4f28b,function_execution_time,1780474863.281583,0.000053967
experiment_name,a02d7b3d-20ae-4ade-8fa4-df52e5e4f28b,function_execution_time,1780474863.3829114,0.00005517
experiment_name,a02d7b3d-20ae-4ade-8fa4-df52e5e4f28b,function_execution_time,1780474863.484248,0.000057755
experiment_name,a02d7b3d-20ae-4ade-8fa4-df52e5e4f28b,function_execution_time,1780474863.585511,0.000068612
experiment_name,a02d7b3d-20ae-4ade-8fa4-df52e5e4f28b,function_execution_time,1780474863.6868238,0.00006277
experiment_name,a02d7b3d-20ae-4ade-8fa4-df52e5e4f28b,function_execution_time,1780474863.7880712,0.000057572
experiment_name,a02d7b3d-20ae-4ade-8fa4-df52e5e4f28b,function_execution_time,1780474863.889391,0.000058967
experiment_name,a02d7b3d-20ae-4ade-8fa4-df52e5e4f28b,function_execution_time,1780474863.990647,0.000058031
experiment_name,a02d7b3d-20ae-4ade-8fa4-df52e5e4f28b,function_execution_time,1780474864.0919137,0.00007073
experiment_name,a02d7b3d-20ae-4ade-8fa4-df52e5e4f28b,function_execution_time,1780474864.1931524,0.000053867
experiment_name,a02d7b3d-20ae-4ade-8fa4-df52e5e4f28b,function_execution_time,1780474864.29463,0.000053793
experiment_name,a02d7b3d-20ae-4ade-8fa4-df52e5e4f28b,function_execution_time,1780474864.3959556,0.000054235
experiment_name,a02d7b3d-20ae-4ade-8fa4-df52e5e4f28b,function_execution_time,1780474864.497276,0.000067418
experiment_name,a02d7b3d-20ae-4ade-8fa4-df52e5e4f28b,function_execution_time,1780474864.5986104,0.000057495
experiment_name,a02d7b3d-20ae-4ade-8fa4-df52e5e4f28b,function_execution_time,1780474864.6999,0.000053727
experiment_name,a02d7b3d-20ae-4ade-8fa4-df52e5e4f28b,function_execution_time,1780474864.8012927,0.000061637
experiment_name,a02d7b3d-20ae-4ade-8fa4-df52e5e4f28b,function_execution_time,1780474864.9016168,0.000053985
experiment_name,a02d7b3d-20ae-4ade-8fa4-df52e5e4f28b,function_execution_time,1780474865.0030622,0.000053897
experiment_name,a02d7b3d-20ae-4ade-8fa4-df52e5e4f28b,function_execution_time,1780474865.1044092,0.000054339
experiment_name,a02d7b3d-20ae-4ade-8fa4-df52e5e4f28b,function_execution_time,1780474865.2047272,0.000061802
experiment_name,a02d7b3d-20ae-4ade-8fa4-df52e5e4f28b,function_execution_time,1780474865.306091,0.000057604
experiment_name,a02d7b3d-20ae-4ade-8fa4-df52e5e4f28b,function_execution_time,1780474865.4074647,0.000068435
experiment_name,a02d7b3d-20ae-4ade-8fa4-df52e5e4f28b,function_execution_time,1780474865.5076776,0.000054543
experiment_name,a02d7b3d-20ae-4ade-8fa4-df52e5e4f28b,function_execution_time,1780474865.6090543,0.000064619
experiment_name,a02d7b3d-20ae-4ade-8fa4-df52e5e4f28b,function_execution_time,1780474865.7103236,0.000058169
experiment_name,a02d7b3d-20ae-4ade-8fa4-df52e5e4f28b,function_execution_time,1780474865.8115907,0.000074551
experiment_name,a02d7b3d-20ae-4ade-8fa4-df52e5e4f28b,function_execution_time,1780474865.9129078,0.00005347
experiment_name,a02d7b3d-20ae-4ade-8fa4-df52e5e4f28b,function_execution_time,1780474866.0141292,0.000053776
experiment_name,17a6c8d2-c42c-4715-9cbb-36969180f8b7,function_execution_time,1780474861.055336,0.000077553
experiment_name,17a6c8d2-c42c-4715-9cbb-36969180f8b7,function_execution_time,1780474861.1567502,0.000175446
experiment_name,17a6c8d2-c42c-4715-9cbb-36969180f8b7,function_execution_time,1780474861.2580693,0.000079811
experiment_name,17a6c8d2-c42c-4715-9cbb-36969180f8b7,function_execution_time,1780474861.3593836,0.000067423
experiment_name,17a6c8d2-c42c-4715-9cbb-36969180f8b7,function_execution_time,1780474861.4606986,0.000068391
experiment_name,17a6c8d2-c42c-4715-9cbb-36969180f8b7,function_execution_time,1780474861.562058,0.000082703
experiment_name,17a6c8d2-c42c-4715-9cbb-36969180f8b7,function_execution_time,1780474861.663359,0.000068006
experiment_name,17a6c8d2-c42c-4715-9cbb-36969180f8b7,function_execution_time,1780474861.764695,0.000066855
experiment_name,17a6c8d2-c42c-4715-9cbb-36969180f8b7,function_execution_time,1780474861.8659909,0.000066989
experiment_name,17a6c8d2-c42c-4715-9cbb-36969180f8b7,function_execution_time,1780474861.967246,0.000076293
experiment_name,17a6c8d2-c42c-4715-9cbb-36969180f8b7,function_execution_time,1780474862.0675712,0.000069782
experiment_name,17a6c8d2-c42c-4715-9cbb-36969180f8b7,function_execution_time,1780474862.168979,0.000159338
experiment_name,17a6c8d2-c42c-4715-9cbb-36969180f8b7,function_execution_time,1780474862.2702923,0.000079634
experiment_name,17a6c8d2-c42c-4715-9cbb-36969180f8b7,function_execution_time,1780474862.370654,0.000089841
experiment_name,17a6c8d2-c42c-4715-9cbb-36969180f8b7,function_execution_time,1780474862.471899,0.000071908
experiment_name,17a6c8d2-c42c-4715-9cbb-36969180f8b7,function_execution_time,1780474862.5732856,0.000085403
experiment_name,17a6c8d2-c42c-4715-9cbb-36969180f8b7,function_execution_time,1780474862.6745515,0.000068725
experiment_name,17a6c8d2-c42c-4715-9cbb-36969180f8b7,function_execution_time,1780474862.775894,0.000071774
experiment_name,17a6c8d2-c42c-4715-9cbb-36969180f8b7,function_execution_time,1780474862.8772154,0.000068027
experiment_name,17a6c8d2-c42c-4715-9cbb-36969180f8b7,function_execution_time,1780474862.9775589,0.000087792
experiment_name,17a6c8d2-c42c-4715-9cbb-36969180f8b7,function_execution_time,1780474863.0787916,0.000071535
experiment_name,17a6c8d2-c42c-4715-9cbb-36969180f8b7,function_execution_time,1780474863.1802607,0.000156473
experiment_name,17a6c8d2-c42c-4715-9cbb-36969180f8b7,function_execution_time,1780474863.281436,0.000079048
experiment_name,17a6c8d2-c42c-4715-9cbb-36969180f8b7,function_execution_time,1780474863.3828163,0.000082093
experiment_name,17a6c8d2-c42c-4715-9cbb-36969180f8b7,function_execution_time,1780474863.4840848,0.000076829
experiment_name,17a6c8d2-c42c-4715-9cbb-36969180f8b7,function_execution_time,1780474863.5853906,0.0000767
experiment_name,17a6c8d2-c42c-4715-9cbb-36969180f8b7,function_execution_time,1780474863.6866603,0.000081226
experiment_name,17a6c8d2-c42c-4715-9cbb-36969180f8b7,function_execution_time,1780474863.787911,0.000067406
experiment_name,17a6c8d2-c42c-4715-9cbb-36969180f8b7,function_execution_time,1780474863.8892379,0.00006861
experiment_name,17a6c8d2-c42c-4715-9cbb-36969180f8b7,function_execution_time,1780474863.990552,0.000093587
experiment_name,17a6c8d2-c42c-4715-9cbb-36969180f8b7,function_execution_time,1780474864.0917418,0.000072668
experiment_name,17a6c8d2-c42c-4715-9cbb-36969180f8b7,function_execution_time,1780474864.193101,0.000147542
experiment_name,17a6c8d2-c42c-4715-9cbb-36969180f8b7,function_execution_time,1780474864.2945385,0.000088234
experiment_name,17a6c8d2-c42c-4715-9cbb-36969180f8b7,function_execution_time,1780474864.3957984,0.000079262
experiment_name,17a6c8d2-c42c-4715-9cbb-36969180f8b7,function_execution_time,1780474864.4971242,0.000070635
experiment_name,17a6c8d2-c42c-4715-9cbb-36969180f8b7,function_execution_time,1780474864.598455,0.000068711
experiment_name,17a6c8d2-c42c-4715-9cbb-36969180f8b7,function_execution_time,1780474864.6997962,0.000085588
experiment_name,17a6c8d2-c42c-4715-9cbb-36969180f8b7,function_execution_time,1780474864.8012137,0.000067517
experiment_name,17a6c8d2-c42c-4715-9cbb-36969180f8b7,function_execution_time,1780474864.9014957,0.000088767
experiment_name,17a6c8d2-c42c-4715-9cbb-36969180f8b7,function_execution_time,1780474865.0029216,0.000069847
experiment_name,17a6c8d2-c42c-4715-9cbb-36969180f8b7,function_execution_time,1780474865.1042514,0.000078567
experiment_name,17a6c8d2-c42c-4715-9cbb-36969180f8b7,function_execution_time,1780474865.2046516,0.000143795
experiment_name,17a6c8d2-c42c-4715-9cbb-36969180f8b7,function_execution_time,1780474865.3059497,0.000071753
experiment_name,17a6c8d2-c42c-4715-9cbb-36969180f8b7,function_execution_time,1780474865.4072902,0.000080582
experiment_name,17a6c8d2-c42c-4715-9cbb-36969180f8b7,function_execution_time,1780474865.5076005,0.000069503
experiment_name,17a6c8d2-c42c-4715-9cbb-36969180f8b7,function_execution_time,1780474865.608877,0.000068028
experiment_name,17a6c8d2-c42c-4715-9cbb-36969180f8b7,function_execution_time,1780474865.7101793,0.000073797
experiment_name,17a6c8d2-c42c-4715-9cbb-36969180f8b7,function_execution_time,1780474865.811567,0.000125654
experiment_name,17a6c8d2-c42c-4715-9cbb-36969180f8b7,function_execution_time,1780474865.9128187,0.000073613
experiment_name,17a6c8d2-c42c-4715-9cbb-36969180f8b7,function_execution_time,1780474866.014047,0.000074448
experiment_name,a02d7b3d-20ae-4ade-8fa4-df52e5e4f28b,function_transfer_time,1780474861.0554442,0.000112171
experiment_name,a02d7b3d-20ae-4ade-8fa4-df52e5e4f28b,function_transfer_time,1780474861.156753,0.000034683
experiment_name,a02d7b3d-20ae-4ade-8fa4-df52e5e4f28b,function_transfer_time,1780474861.2581797,0.000130419
experiment_name,a02d7b3d-20ae-4ade-8fa4-df52e5e4f28b,function_transfer_time,1780474861.3594763,0.0001185
experiment_name,a02d7b3d-20ae-4ade-8fa4-df52e5e4f28b,function_transfer_time,1780474861.4607792,0.000107906
experiment_name,a02d7b3d-20ae-4ade-8fa4-df52e5e4f28b,function_transfer_time,1780474861.5620823,0.00006924
experiment_name,a02d7b3d-20ae-4ade-8fa4-df52e5e4f28b,function_transfer_time,1780474861.663448,0.000047807
experiment_name,a02d7b3d-20ae-4ade-8fa4-df52e5e4f28b,function_transfer_time,1780474861.7647748,0.000105899
experiment_name,a02d7b3d-20ae-4ade-8fa4-df52e5e4f28b,function_transfer_time,1780474861.8660836,0.000119226
experiment_name,a02d7b3d-20ae-4ade-8fa4-df52e5e4f28b,function_transfer_time,1780474861.967361,0.00012895
experiment_name,a02d7b3d-20ae-4ade-8fa4-df52e5e4f28b,function_transfer_time,1780474862.0676465,0.000060439
experiment_name,a02d7b3d-20ae-4ade-8fa4-df52e5e4f28b,function_transfer_time,1780474862.1689758,0.000033677
experiment_name,a02d7b3d-20ae-4ade-8fa4-df52e5e4f28b,function_transfer_time,1780474862.270317,0.000050371
experiment_name,a02d7b3d-20ae-4ade-8fa4-df52e5e4f28b,function_transfer_time,1780474862.3706515,0.000028803
experiment_name,a02d7b3d-20ae-4ade-8fa4-df52e5e4f28b,function_transfer_time,1780474862.4719808,0.000042962
experiment_name,a02d7b3d-20ae-4ade-8fa4-df52e5e4f28b,function_transfer_time,1780474862.5733142,0.00012174
experiment_name,a02d7b3d-20ae-4ade-8fa4-df52e5e4f28b,function_transfer_time,1780474862.6746209,0.000060318
experiment_name,a02d7b3d-20ae-4ade-8fa4-df52e5e4f28b,function_transfer_time,1780474862.775969,0.000048409
experiment_name,a02d7b3d-20ae-4ade-8fa4-df52e5e4f28b,function_transfer_time,1780474862.8772843,0.000057882
experiment_name,a02d7b3d-20ae-4ade-8fa4-df52e5e4f28b,function_transfer_time,1780474862.9775612,0.000032638
experiment_name,a02d7b3d-20ae-4ade-8fa4-df52e5e4f28b,function_transfer_time,1780474863.0788865,0.000115875
experiment_name,a02d7b3d-20ae-4ade-8fa4-df52e5e4f28b,function_transfer_time,1780474863.1802645,0.000035191
experiment_name,a02d7b3d-20ae-4ade-8fa4-df52e5e4f28b,function_transfer_time,1780474863.281529,0.000124057
experiment_name,a02d7b3d-20ae-4ade-8fa4-df52e5e4f28b,function_transfer_time,1780474863.3828487,0.000118001
experiment_name,a02d7b3d-20ae-4ade-8fa4-df52e5e4f28b,function_transfer_time,1780474863.4841893,0.000121469
experiment_name,a02d7b3d-20ae-4ade-8fa4-df52e5e4f28b,function_transfer_time,1780474863.5854383,0.000117422
experiment_name,a02d7b3d-20ae-4ade-8fa4-df52e5e4f28b,function_transfer_time,1780474863.6867611,0.000117626
experiment_name,a02d7b3d-20ae-4ade-8fa4-df52e5e4f28b,function_transfer_time,1780474863.7880118,0.000128439
experiment_name,a02d7b3d-20ae-4ade-8fa4-df52e5e4f28b,function_transfer_time,1780474863.8893313,0.0001192
experiment_name,a02d7b3d-20ae-4ade-8fa4-df52e5e4f28b,function_transfer_time,1780474863.9905818,0.000142703
experiment_name,a02d7b3d-20ae-4ade-8fa4-df52e5e4f28b,function_transfer_time,1780474864.0918422,0.000129443
experiment_name,a02d7b3d-20ae-4ade-8fa4-df52e5e4f28b,function_transfer_time,1780474864.1931036,0.000031021
experiment_name,a02d7b3d-20ae-4ade-8fa4-df52e5e4f28b,function_transfer_time,1780474864.2945712,0.000137348
experiment_name,a02d7b3d-20ae-4ade-8fa4-df52e5e4f28b,function_transfer_time,1780474864.395901,0.000121212
experiment_name,a02d7b3d-20ae-4ade-8fa4-df52e5e4f28b,function_transfer_time,1780474864.4972093,0.000113885
experiment_name,a02d7b3d-20ae-4ade-8fa4-df52e5e4f28b,function_transfer_time,1780474864.5985534,0.000134175
experiment_name,a02d7b3d-20ae-4ade-8fa4-df52e5e4f28b,function_transfer_time,1780474864.6998425,0.000079455
experiment_name,a02d7b3d-20ae-4ade-8fa4-df52e5e4f28b,function_transfer_time,1780474864.80129,0.000048549
experiment_name,a02d7b3d-20ae-4ade-8fa4-df52e5e4f28b,function_transfer_time,1780474864.901559,0.000094046
experiment_name,a02d7b3d-20ae-4ade-8fa4-df52e5e4f28b,function_transfer_time,1780474865.0030072,0.000107161
experiment_name,a02d7b3d-20ae-4ade-8fa4-df52e5e4f28b,function_transfer_time,1780474865.1043541,0.000119386
experiment_name,a02d7b3d-20ae-4ade-8fa4-df52e5e4f28b,function_transfer_time,1780474865.204654,0.000036836
experiment_name,a02d7b3d-20ae-4ade-8fa4-df52e5e4f28b,function_transfer_time,1780474865.3060284,0.00010468
experiment_name,a02d7b3d-20ae-4ade-8fa4-df52e5e4f28b,function_transfer_time,1780474865.4073915,0.000126136
experiment_name,a02d7b3d-20ae-4ade-8fa4-df52e5e4f28b,function_transfer_time,1780474865.5076752,0.000046484
experiment_name,a02d7b3d-20ae-4ade-8fa4-df52e5e4f28b,function_transfer_time,1780474865.6089885,0.000142091
experiment_name,a02d7b3d-20ae-4ade-8fa4-df52e5e4f28b,function_transfer_time,1780474865.710257,0.0001036
experiment_name,a02d7b3d-20ae-4ade-8fa4-df52e5e4f28b,function_transfer_time,1780474865.811563,0.000023468
experiment_name,a02d7b3d-20ae-4ade-8fa4-df52e5e4f28b,function_transfer_time,1780474865.912847,0.000109695
experiment_name,a02d7b3d-20ae-4ade-8fa4-df52e5e4f28b,function_transfer_time,1780474866.0140738,0.000046791
experiment_name,17a6c8d2-c42c-4715-9cbb-36969180f8b7,function_transfer_time,1780474861.0552504,0.000075006
experiment_name,17a6c8d2-c42c-4715-9cbb-36969180f8b7,function_transfer_time,1780474861.1566305,0.00008379
experiment_name,17a6c8d2-c42c-4715-9cbb-36969180f8b7,function_transfer_time,1780474861.2579882,0.000087498
experiment_name,17a6c8d2-c42c-4715-9cbb-36969180f8b7,function_transfer_time,1780474861.3593023,0.000079598
experiment_name,17a6c8d2-c42c-4715-9cbb-36969180f8b7,function_transfer_time,1780474861.4606183,0.000075183
experiment_name,17a6c8d2-c42c-4715-9cbb-36969180f8b7,function_transfer_time,1780474861.5619552,0.00007662
experiment_name,17a6c8d2-c42c-4715-9cbb-36969180f8b7,function_transfer_time,1780474861.6632814,0.00007478
experiment_name,17a6c8d2-c42c-4715-9cbb-36969180f8b7,function_transfer_time,1780474861.764617,0.000080864
experiment_name,17a6c8d2-c42c-4715-9cbb-36969180f8b7,function_transfer_time,1780474861.8659103,0.000074383
experiment_name,17a6c8d2-c42c-4715-9cbb-36969180f8b7,function_transfer_time,1780474861.9671712,0.000018512
experiment_name,17a6c8d2-c42c-4715-9cbb-36969180f8b7,function_transfer_time,1780474862.0674818,0.000080042
experiment_name,17a6c8d2-c42c-4715-9cbb-36969180f8b7,function_transfer_time,1780474862.168812,0.000077927
experiment_name,17a6c8d2-c42c-4715-9cbb-36969180f8b7,function_transfer_time,1780474862.270203,0.000075779
experiment_name,17a6c8d2-c42c-4715-9cbb-36969180f8b7,function_transfer_time,1780474862.3705626,0.000102057
experiment_name,17a6c8d2-c42c-4715-9cbb-36969180f8b7,function_transfer_time,1780474862.4718258,0.000022675
experiment_name,17a6c8d2-c42c-4715-9cbb-36969180f8b7,function_transfer_time,1780474862.57314,0.000079995
experiment_name,17a6c8d2-c42c-4715-9cbb-36969180f8b7,function_transfer_time,1780474862.6744611,0.000084624
experiment_name,17a6c8d2-c42c-4715-9cbb-36969180f8b7,function_transfer_time,1780474862.7758143,0.000085864
experiment_name,17a6c8d2-c42c-4715-9cbb-36969180f8b7,function_transfer_time,1780474862.8771312,0.000074164
experiment_name,17a6c8d2-c42c-4715-9cbb-36969180f8b7,function_transfer_time,1780474862.977411,0.000021474
experiment_name,17a6c8d2-c42c-4715-9cbb-36969180f8b7,function_transfer_time,1780474863.0787158,0.000079504
experiment_name,17a6c8d2-c42c-4715-9cbb-36969180f8b7,function_transfer_time,1780474863.1800427,0.000086072
experiment_name,17a6c8d2-c42c-4715-9cbb-36969180f8b7,function_transfer_time,1780474863.2813504,0.000019276
experiment_name,17a6c8d2-c42c-4715-9cbb-36969180f8b7,function_transfer_time,1780474863.382675,0.000084893
experiment_name,17a6c8d2-c42c-4715-9cbb-36969180f8b7,function_transfer_time,1780474863.4840088,0.000077804
experiment_name,17a6c8d2-c42c-4715-9cbb-36969180f8b7,function_transfer_time,1780474863.5852604,0.000020785
experiment_name,17a6c8d2-c42c-4715-9cbb-36969180f8b7,function_transfer_time,1780474863.6865811,0.00007929
experiment_name,17a6c8d2-c42c-4715-9cbb-36969180f8b7,function_transfer_time,1780474863.7878304,0.000019063
experiment_name,17a6c8d2-c42c-4715-9cbb-36969180f8b7,function_transfer_time,1780474863.889158,0.000077688
experiment_name,17a6c8d2-c42c-4715-9cbb-36969180f8b7,function_transfer_time,1780474863.9903872,0.000021413
experiment_name,17a6c8d2-c42c-4715-9cbb-36969180f8b7,function_transfer_time,1780474864.0916545,0.000022703
experiment_name,17a6c8d2-c42c-4715-9cbb-36969180f8b7,function_transfer_time,1780474864.192943,0.000020819
experiment_name,17a6c8d2-c42c-4715-9cbb-36969180f8b7,function_transfer_time,1780474864.2943842,0.000085535
experiment_name,17a6c8d2-c42c-4715-9cbb-36969180f8b7,function_transfer_time,1780474864.395719,0.000078407
experiment_name,17a6c8d2-c42c-4715-9cbb-36969180f8b7,function_transfer_time,1780474864.4970398,0.000080861
experiment_name,17a6c8d2-c42c-4715-9cbb-36969180f8b7,function_transfer_time,1780474864.5983667,0.000079945
experiment_name,17a6c8d2-c42c-4715-9cbb-36969180f8b7,function_transfer_time,1780474864.6997092,0.000081342
experiment_name,17a6c8d2-c42c-4715-9cbb-36969180f8b7,function_transfer_time,1780474864.801135,0.000078214
experiment_name,17a6c8d2-c42c-4715-9cbb-36969180f8b7,function_transfer_time,1780474864.9014008,0.000020955
experiment_name,17a6c8d2-c42c-4715-9cbb-36969180f8b7,function_transfer_time,1780474865.0028467,0.000076525
experiment_name,17a6c8d2-c42c-4715-9cbb-36969180f8b7,function_transfer_time,1780474865.1041741,0.000081587
experiment_name,17a6c8d2-c42c-4715-9cbb-36969180f8b7,function_transfer_time,1780474865.204566,0.000094223
experiment_name,17a6c8d2-c42c-4715-9cbb-36969180f8b7,function_transfer_time,1780474865.3058763,0.00007823
experiment_name,17a6c8d2-c42c-4715-9cbb-36969180f8b7,function_transfer_time,1780474865.40721,0.000079262
experiment_name,17a6c8d2-c42c-4715-9cbb-36969180f8b7,function_transfer_time,1780474865.507523,0.000083944
experiment_name,17a6c8d2-c42c-4715-9cbb-36969180f8b7,function_transfer_time,1780474865.608793,0.000021102
experiment_name,17a6c8d2-c42c-4715-9cbb-36969180f8b7,function_transfer_time,1780474865.7101014,0.000081273
experiment_name,17a6c8d2-c42c-4715-9cbb-36969180f8b7,function_transfer_time,1780474865.8114173,0.0000737
experiment_name,17a6c8d2-c42c-4715-9cbb-36969180f8b7,function_transfer_time,1780474865.912688,0.000015863
experiment_name,17a6c8d2-c42c-4715-9cbb-36969180f8b7,function_transfer_time,1780474866.0139706,0.000077506
experiment_name,17a6c8d2-c42c-4715-9cbb-36969180f8b7,function_execution_time,1780474866.1150894,0.000090291
experiment_name,17a6c8d2-c42c-4715-9cbb-36969180f8b7,function_execution_time,1780474866.2163897,0.000154153
experiment_name,17a6c8d2-c42c-4715-9cbb-36969180f8b7,function_execution_time,1780474866.3176966,0.000072104
experiment_name,17a6c8d2-c42c-4715-9cbb-36969180f8b7,function_execution_time,1780474866.4190354,0.000085259
experiment_name,17a6c8d2-c42c-4715-9cbb-36969180f8b7,function_execution_time,1780474866.5202675,0.000070054
experiment_name,17a6c8d2-c42c-4715-9cbb-36969180f8b7,function_execution_time,1780474866.6207235,0.000104645
experiment_name,17a6c8d2-c42c-4715-9cbb-36969180f8b7,function_execution_time,1780474866.7220569,0.000096033
experiment_name,17a6c8d2-c42c-4715-9cbb-36969180f8b7,function_execution_time,1780474866.823399,0.000085243
experiment_name,17a6c8d2-c42c-4715-9cbb-36969180f8b7,function_execution_time,1780474866.9246285,0.000070778
experiment_name,17a6c8d2-c42c-4715-9cbb-36969180f8b7,function_execution_time,1780474867.0260005,0.0000747
experiment_name,17a6c8d2-c42c-4715-9cbb-36969180f8b7,function_execution_time,1780474867.1272738,0.0000734
experiment_name,17a6c8d2-c42c-4715-9cbb-36969180f8b7,function_execution_time,1780474867.2276137,0.000153418
experiment_name,17a6c8d2-c42c-4715-9cbb-36969180f8b7,function_execution_time,1780474867.3289435,0.000073233
experiment_name,17a6c8d2-c42c-4715-9cbb-36969180f8b7,function_execution_time,1780474867.4302487,0.000067771
experiment_name,17a6c8d2-c42c-4715-9cbb-36969180f8b7,function_execution_time,1780474867.530582,0.000077859
experiment_name,17a6c8d2-c42c-4715-9cbb-36969180f8b7,function_execution_time,1780474867.6319063,0.000068346
experiment_name,17a6c8d2-c42c-4715-9cbb-36969180f8b7,function_execution_time,1780474867.733171,0.000067559
experiment_name,17a6c8d2-c42c-4715-9cbb-36969180f8b7,function_execution_time,1780474867.8345325,0.000095576
experiment_name,17a6c8d2-c42c-4715-9cbb-36969180f8b7,function_execution_time,1780474867.9357944,0.000067228
experiment_name,17a6c8d2-c42c-4715-9cbb-36969180f8b7,function_execution_time,1780474868.0371313,0.000068272
experiment_name,17a6c8d2-c42c-4715-9cbb-36969180f8b7,function_execution_time,1780474868.1384537,0.000084188
experiment_name,17a6c8d2-c42c-4715-9cbb-36969180f8b7,function_execution_time,1780474868.2397864,0.000127933
experiment_name,17a6c8d2-c42c-4715-9cbb-36969180f8b7,function_execution_time,1780474868.3410897,0.000069865
experiment_name,17a6c8d2-c42c-4715-9cbb-36969180f8b7,function_execution_time,1780474868.442413,0.000069937
experiment_name,17a6c8d2-c42c-4715-9cbb-36969180f8b7,function_execution_time,1780474868.5437965,0.000079619
experiment_name,17a6c8d2-c42c-4715-9cbb-36969180f8b7,function_execution_time,1780474868.6452432,0.000077446
experiment_name,17a6c8d2-c42c-4715-9cbb-36969180f8b7,function_execution_time,1780474868.7464547,0.000092844
experiment_name,17a6c8d2-c42c-4715-9cbb-36969180f8b7,function_execution_time,1780474868.8478303,0.000075111
experiment_name,17a6c8d2-c42c-4715-9cbb-36969180f8b7,function_execution_time,1780474868.949104,0.000078325
experiment_name,17a6c8d2-c42c-4715-9cbb-36969180f8b7,function_execution_time,1780474869.0504575,0.000087651
experiment_name,17a6c8d2-c42c-4715-9cbb-36969180f8b7,function_execution_time,1780474869.1518161,0.000078833
experiment_name,17a6c8d2-c42c-4715-9cbb-36969180f8b7,function_execution_time,1780474869.2531624,0.000122249
experiment_name,17a6c8d2-c42c-4715-9cbb-36969180f8b7,function_execution_time,1780474869.3544538,0.000081197
experiment_name,17a6c8d2-c42c-4715-9cbb-36969180f8b7,function_execution_time,1780474869.455776,0.000069243
experiment_name,17a6c8d2-c42c-4715-9cbb-36969180f8b7,function_execution_time,1780474869.557106,0.000071453
experiment_name,17a6c8d2-c42c-4715-9cbb-36969180f8b7,function_execution_time,1780474869.6584792,0.000089001
experiment_name,17a6c8d2-c42c-4715-9cbb-36969180f8b7,function_execution_time,1780474869.7597485,0.000069981
experiment_name,17a6c8d2-c42c-4715-9cbb-36969180f8b7,function_execution_time,1780474869.8610692,0.000080028
experiment_name,17a6c8d2-c42c-4715-9cbb-36969180f8b7,function_execution_time,1780474869.9623365,0.000084622
experiment_name,17a6c8d2-c42c-4715-9cbb-36969180f8b7,function_execution_time,1780474870.0637176,0.000078834
experiment_name,17a6c8d2-c42c-4715-9cbb-36969180f8b7,function_execution_time,1780474870.1649742,0.000074637
experiment_name,17a6c8d2-c42c-4715-9cbb-36969180f8b7,function_execution_time,1780474870.2662866,0.00009264
experiment_name,17a6c8d2-c42c-4715-9cbb-36969180f8b7,function_execution_time,1780474870.366657,0.000093949
experiment_name,17a6c8d2-c42c-4715-9cbb-36969180f8b7,function_execution_time,1780474870.4679053,0.000067748
experiment_name,17a6c8d2-c42c-4715-9cbb-36969180f8b7,function_execution_time,1780474870.569247,0.000075152
experiment_name,17a6c8d2-c42c-4715-9cbb-36969180f8b7,function_execution_time,1780474870.6705165,0.000089472
experiment_name,17a6c8d2-c42c-4715-9cbb-36969180f8b7,function_execution_time,1780474870.77183,0.000070891
experiment_name,17a6c8d2-c42c-4715-9cbb-36969180f8b7,function_execution_time,1780474870.8731475,0.000075455
experiment_name,17a6c8d2-c42c-4715-9cbb-36969180f8b7,function_execution_time,1780474870.9744806,0.000077378
experiment_name,a02d7b3d-20ae-4ade-8fa4-df52e5e4f28b,function_execution_time,1780474866.115111,0.000070253
experiment_name,a02d7b3d-20ae-4ade-8fa4-df52e5e4f28b,function_execution_time,1780474866.2164714,0.000071423
experiment_name,a02d7b3d-20ae-4ade-8fa4-df52e5e4f28b,function_execution_time,1780474866.3178353,0.000055051
experiment_name,a02d7b3d-20ae-4ade-8fa4-df52e5e4f28b,function_execution_time,1780474866.4190905,0.000057597
experiment_name,a02d7b3d-20ae-4ade-8fa4-df52e5e4f28b,function_execution_time,1780474866.5203528,0.000061667
experiment_name,a02d7b3d-20ae-4ade-8fa4-df52e5e4f28b,function_execution_time,1780474866.620762,0.000074471
experiment_name,a02d7b3d-20ae-4ade-8fa4-df52e5e4f28b,function_execution_time,1780474866.7221591,0.000068947
experiment_name,a02d7b3d-20ae-4ade-8fa4-df52e5e4f28b,function_execution_time,1780474866.8235004,0.000068752
experiment_name,a02d7b3d-20ae-4ade-8fa4-df52e5e4f28b,function_execution_time,1780474866.9247758,0.00006498
experiment_name,a02d7b3d-20ae-4ade-8fa4-df52e5e4f28b,function_execution_time,1780474867.0261087,0.000058249
experiment_name,a02d7b3d-20ae-4ade-8fa4-df52e5e4f28b,function_execution_time,1780474867.127437,0.000055299
experiment_name,a02d7b3d-20ae-4ade-8fa4-df52e5e4f28b,function_execution_time,1780474867.2276764,0.000058792
experiment_name,a02d7b3d-20ae-4ade-8fa4-df52e5e4f28b,function_execution_time,1780474867.3290477,0.000077666
experiment_name,a02d7b3d-20ae-4ade-8fa4-df52e5e4f28b,function_execution_time,1780474867.4304042,0.000053984
experiment_name,a02d7b3d-20ae-4ade-8fa4-df52e5e4f28b,function_execution_time,1780474867.530738,0.000054263
experiment_name,a02d7b3d-20ae-4ade-8fa4-df52e5e4f28b,function_execution_time,1780474867.6320558,0.000055471
experiment_name,a02d7b3d-20ae-4ade-8fa4-df52e5e4f28b,function_execution_time,1780474867.7333326,0.000058733
experiment_name,a02d7b3d-20ae-4ade-8fa4-df52e5e4f28b,function_execution_time,1780474867.8346198,0.000069028
experiment_name,a02d7b3d-20ae-4ade-8fa4-df52e5e4f28b,function_execution_time,1780474867.9358735,0.000056762
experiment_name,a02d7b3d-20ae-4ade-8fa4-df52e5e4f28b,function_execution_time,1780474868.0372877,0.000054264
experiment_name,a02d7b3d-20ae-4ade-8fa4-df52e5e4f28b,function_execution_time,1780474868.1386144,0.000054847
experiment_name,a02d7b3d-20ae-4ade-8fa4-df52e5e4f28b,function_execution_time,1780474868.2398493,0.000066511
experiment_name,a02d7b3d-20ae-4ade-8fa4-df52e5e4f28b,function_execution_time,1780474868.3412483,0.000055261
experiment_name,a02d7b3d-20ae-4ade-8fa4-df52e5e4f28b,function_execution_time,1780474868.4425623,0.000054636
experiment_name,a02d7b3d-20ae-4ade-8fa4-df52e5e4f28b,function_execution_time,1780474868.543886,0.000055456
experiment_name,a02d7b3d-20ae-4ade-8fa4-df52e5e4f28b,function_execution_time,1780474868.6453276,0.000054401
experiment_name,a02d7b3d-20ae-4ade-8fa4-df52e5e4f28b,function_execution_time,1780474868.74652,0.000064231
experiment_name,a02d7b3d-20ae-4ade-8fa4-df52e5e4f28b,function_execution_time,1780474868.8479757,0.000056958
experiment_name,a02d7b3d-20ae-4ade-8fa4-df52e5e4f28b,function_execution_time,1780474868.949234,0.00005619
experiment_name,a02d7b3d-20ae-4ade-8fa4-df52e5e4f28b,function_execution_time,1780474869.0506103,0.000053537
experiment_name,a02d7b3d-20ae-4ade-8fa4-df52e5e4f28b,function_execution_time,1780474869.1518304,0.00006422
experiment_name,a02d7b3d-20ae-4ade-8fa4-df52e5e4f28b,function_execution_time,1780474869.2532156,0.000054578
experiment_name,a02d7b3d-20ae-4ade-8fa4-df52e5e4f28b,function_execution_time,1780474869.3545895,0.000054477
experiment_name,a02d7b3d-20ae-4ade-8fa4-df52e5e4f28b,function_execution_time,1780474869.4559329,0.000054725
experiment_name,a02d7b3d-20ae-4ade-8fa4-df52e5e4f28b,function_execution_time,1780474869.5571868,0.000057124
experiment_name,a02d7b3d-20ae-4ade-8fa4-df52e5e4f28b,function_execution_time,1780474869.6585155,0.000079572
experiment_name,a02d7b3d-20ae-4ade-8fa4-df52e5e4f28b,function_execution_time,1780474869.7598293,0.00005718
experiment_name,a02d7b3d-20ae-4ade-8fa4-df52e5e4f28b,function_execution_time,1780474869.861073,0.000066189
experiment_name,a02d7b3d-20ae-4ade-8fa4-df52e5e4f28b,function_execution_time,1780474869.962506,0.000069454
experiment_name,a02d7b3d-20ae-4ade-8fa4-df52e5e4f28b,function_execution_time,1780474870.0637386,0.000077268
experiment_name,a02d7b3d-20ae-4ade-8fa4-df52e5e4f28b,function_execution_time,1780474870.1651216,0.000056186
experiment_name,a02d7b3d-20ae-4ade-8fa4-df52e5e4f28b,function_execution_time,1780474870.2663465,0.000061643
experiment_name,a02d7b3d-20ae-4ade-8fa4-df52e5e4f28b,function_execution_time,1780474870.366735,0.00006481
experiment_name,a02d7b3d-20ae-4ade-8fa4-df52e5e4f28b,function_execution_time,1780474870.4680483,0.000062857
experiment_name,a02d7b3d-20ae-4ade-8fa4-df52e5e4f28b,function_execution_time,1780474870.5693545,0.00005895
experiment_name,a02d7b3d-20ae-4ade-8fa4-df52e5e4f28b,function_execution_time,1780474870.6706672,0.000058434
experiment_name,a02d7b3d-20ae-4ade-8fa4-df52e5e4f28b,function_execution_time,1780474870.7719867,0.000054273
experiment_name,a02d7b3d-20ae-4ade-8fa4-df52e5e4f28b,function_execution_time,1780474870.8732955,0.000054277
experiment_name,a02d7b3d-20ae-4ade-8fa4-df52e5e4f28b,function_execution_time,1780474870.974583,0.000065441
experiment_name,a02d7b3d-20ae-4ade-8fa4-df52e5e4f28b,function_transfer_time,1780474866.1150846,0.000032249
experiment_name,a02d7b3d-20ae-4ade-8fa4-df52e5e4f28b,function_transfer_time,1780474866.216392,0.000038746
experiment_name,a02d7b3d-20ae-4ade-8fa4-df52e5e4f28b,function_transfer_time,1780474866.3177812,0.000106217
experiment_name,a02d7b3d-20ae-4ade-8fa4-df52e5e4f28b,function_transfer_time,1780474866.4190326,0.000029767
experiment_name,a02d7b3d-20ae-4ade-8fa4-df52e5e4f28b,function_transfer_time,1780474866.520287,0.000051359
experiment_name,a02d7b3d-20ae-4ade-8fa4-df52e5e4f28b,function_transfer_time,1780474866.6207273,0.000049343
experiment_name,a02d7b3d-20ae-4ade-8fa4-df52e5e4f28b,function_transfer_time,1780474866.7220855,0.000125579
experiment_name,a02d7b3d-20ae-4ade-8fa4-df52e5e4f28b,function_transfer_time,1780474866.8234239,0.00012519
experiment_name,a02d7b3d-20ae-4ade-8fa4-df52e5e4f28b,function_transfer_time,1780474866.9247062,0.000104144
experiment_name,a02d7b3d-20ae-4ade-8fa4-df52e5e4f28b,function_transfer_time,1780474867.0260444,0.000114576
experiment_name,a02d7b3d-20ae-4ade-8fa4-df52e5e4f28b,function_transfer_time,1780474867.1273742,0.000124762
experiment_name,a02d7b3d-20ae-4ade-8fa4-df52e5e4f28b,function_transfer_time,1780474867.2276163,0.000033256
experiment_name,a02d7b3d-20ae-4ade-8fa4-df52e5e4f28b,function_transfer_time,1780474867.3290195,0.000048924
experiment_name,a02d7b3d-20ae-4ade-8fa4-df52e5e4f28b,function_transfer_time,1780474867.4303498,0.000125926
experiment_name,a02d7b3d-20ae-4ade-8fa4-df52e5e4f28b,function_transfer_time,1780474867.530683,0.000120335
experiment_name,a02d7b3d-20ae-4ade-8fa4-df52e5e4f28b,function_transfer_time,1780474867.632,0.000126804
experiment_name,a02d7b3d-20ae-4ade-8fa4-df52e5e4f28b,function_transfer_time,1780474867.7332723,0.000129978
experiment_name,a02d7b3d-20ae-4ade-8fa4-df52e5e4f28b,function_transfer_time,1780474867.8346167,0.000059881
experiment_name,a02d7b3d-20ae-4ade-8fa4-df52e5e4f28b,function_transfer_time,1780474867.9358706,0.000049846
experiment_name,a02d7b3d-20ae-4ade-8fa4-df52e5e4f28b,function_transfer_time,1780474868.0372329,0.000127103
experiment_name,a02d7b3d-20ae-4ade-8fa4-df52e5e4f28b,function_transfer_time,1780474868.13856,0.000135991
experiment_name,a02d7b3d-20ae-4ade-8fa4-df52e5e4f28b,function_transfer_time,1780474868.2397828,0.000031907
experiment_name,a02d7b3d-20ae-4ade-8fa4-df52e5e4f28b,function_transfer_time,1780474868.3411922,0.000135734
experiment_name,a02d7b3d-20ae-4ade-8fa4-df52e5e4f28b,function_transfer_time,1780474868.4425073,0.000116518
experiment_name,a02d7b3d-20ae-4ade-8fa4-df52e5e4f28b,function_transfer_time,1780474868.54382,0.000108355
experiment_name,a02d7b3d-20ae-4ade-8fa4-df52e5e4f28b,function_transfer_time,1780474868.6452663,0.000104485
experiment_name,a02d7b3d-20ae-4ade-8fa4-df52e5e4f28b,function_transfer_time,1780474868.7464523,0.000031805
experiment_name,a02d7b3d-20ae-4ade-8fa4-df52e5e4f28b,function_transfer_time,1780474868.8479114,0.000103823
experiment_name,a02d7b3d-20ae-4ade-8fa4-df52e5e4f28b,function_transfer_time,1780474868.94923,0.000051622
experiment_name,a02d7b3d-20ae-4ade-8fa4-df52e5e4f28b,function_transfer_time,1780474869.0505564,0.000131845
experiment_name,a02d7b3d-20ae-4ade-8fa4-df52e5e4f28b,function_transfer_time,1780474869.1518123,0.000030264
experiment_name,a02d7b3d-20ae-4ade-8fa4-df52e5e4f28b,function_transfer_time,1780474869.25316,0.000030017
experiment_name,a02d7b3d-20ae-4ade-8fa4-df52e5e4f28b,function_transfer_time,1780474869.3545303,0.000115745
experiment_name,a02d7b3d-20ae-4ade-8fa4-df52e5e4f28b,function_transfer_time,1780474869.4558773,0.000125449
experiment_name,a02d7b3d-20ae-4ade-8fa4-df52e5e4f28b,function_transfer_time,1780474869.5571284,0.00005649
experiment_name,a02d7b3d-20ae-4ade-8fa4-df52e5e4f28b,function_transfer_time,1780474869.6584768,0.000029995
experiment_name,a02d7b3d-20ae-4ade-8fa4-df52e5e4f28b,function_transfer_time,1780474869.7597644,0.000057234
experiment_name,a02d7b3d-20ae-4ade-8fa4-df52e5e4f28b,function_transfer_time,1780474869.8610718,0.000034489
experiment_name,a02d7b3d-20ae-4ade-8fa4-df52e5e4f28b,function_transfer_time,1780474869.962441,0.000121455
experiment_name,a02d7b3d-20ae-4ade-8fa4-df52e5e4f28b,function_transfer_time,1780474870.0637133,0.000030033
experiment_name,a02d7b3d-20ae-4ade-8fa4-df52e5e4f28b,function_transfer_time,1780474870.1650648,0.000121242
experiment_name,a02d7b3d-20ae-4ade-8fa4-df52e5e4f28b,function_transfer_time,1780474870.266284,0.000033543
experiment_name,a02d7b3d-20ae-4ade-8fa4-df52e5e4f28b,function_transfer_time,1780474870.3666604,0.000109707
experiment_name,a02d7b3d-20ae-4ade-8fa4-df52e5e4f28b,function_transfer_time,1780474870.4679854,0.000108712
experiment_name,a02d7b3d-20ae-4ade-8fa4-df52e5e4f28b,function_transfer_time,1780474870.5692875,0.000116448
experiment_name,a02d7b3d-20ae-4ade-8fa4-df52e5e4f28b,function_transfer_time,1780474870.670608,0.000110926
experiment_name,a02d7b3d-20ae-4ade-8fa4-df52e5e4f28b,function_transfer_time,1780474870.7719316,0.000123702
experiment_name,a02d7b3d-20ae-4ade-8fa4-df52e5e4f28b,function_transfer_time,1780474870.8732398,0.000113303
experiment_name,a02d7b3d-20ae-4ade-8fa4-df52e5e4f28b,function_transfer_time,1780474870.9745107,0.000119116
experiment_name,17a6c8d2-c42c-4715-9cbb-36969180f8b7,function_transfer_time,1780474866.114949,0.000077299
experiment_name,17a6c8d2-c42c-4715-9cbb-36969180f8b7,function_transfer_time,1780474866.216236,0.000080512
experiment_name,17a6c8d2-c42c-4715-9cbb-36969180f8b7,function_transfer_time,1780474866.3176205,0.000075152
experiment_name,17a6c8d2-c42c-4715-9cbb-36969180f8b7,function_transfer_time,1780474866.418945,0.000092603
experiment_name,17a6c8d2-c42c-4715-9cbb-36969180f8b7,function_transfer_time,1780474866.5201824,0.00001836
experiment_name,17a6c8d2-c42c-4715-9cbb-36969180f8b7,function_transfer_time,1780474866.620566,0.000105576
experiment_name,17a6c8d2-c42c-4715-9cbb-36969180f8b7,function_transfer_time,1780474866.7218966,0.00008937
experiment_name,17a6c8d2-c42c-4715-9cbb-36969180f8b7,function_transfer_time,1780474866.8232477,0.000083755
experiment_name,17a6c8d2-c42c-4715-9cbb-36969180f8b7,function_transfer_time,1780474866.9245534,0.000076516
experiment_name,17a6c8d2-c42c-4715-9cbb-36969180f8b7,function_transfer_time,1780474867.025879,0.000086748
experiment_name,17a6c8d2-c42c-4715-9cbb-36969180f8b7,function_transfer_time,1780474867.1271956,0.000078252
experiment_name,17a6c8d2-c42c-4715-9cbb-36969180f8b7,function_transfer_time,1780474867.2274551,0.0000285
experiment_name,17a6c8d2-c42c-4715-9cbb-36969180f8b7,function_transfer_time,1780474867.3288658,0.000093337
experiment_name,17a6c8d2-c42c-4715-9cbb-36969180f8b7,function_transfer_time,1780474867.4301703,0.000074154
experiment_name,17a6c8d2-c42c-4715-9cbb-36969180f8b7,function_transfer_time,1780474867.5305035,0.000081173
experiment_name,17a6c8d2-c42c-4715-9cbb-36969180f8b7,function_transfer_time,1780474867.6318188,0.000080533
experiment_name,17a6c8d2-c42c-4715-9cbb-36969180f8b7,function_transfer_time,1780474867.7330885,0.000021383
experiment_name,17a6c8d2-c42c-4715-9cbb-36969180f8b7,function_transfer_time,1780474867.8344407,0.000077995
experiment_name,17a6c8d2-c42c-4715-9cbb-36969180f8b7,function_transfer_time,1780474867.9357197,0.000024161
experiment_name,17a6c8d2-c42c-4715-9cbb-36969180f8b7,function_transfer_time,1780474868.037052,0.000076018
experiment_name,17a6c8d2-c42c-4715-9cbb-36969180f8b7,function_transfer_time,1780474868.1383688,0.000082818
experiment_name,17a6c8d2-c42c-4715-9cbb-36969180f8b7,function_transfer_time,1780474868.2396464,0.000024195
experiment_name,17a6c8d2-c42c-4715-9cbb-36969180f8b7,function_transfer_time,1780474868.341002,0.000085256
experiment_name,17a6c8d2-c42c-4715-9cbb-36969180f8b7,function_transfer_time,1780474868.4423373,0.000090208
experiment_name,17a6c8d2-c42c-4715-9cbb-36969180f8b7,function_transfer_time,1780474868.5437248,0.000074078
experiment_name,17a6c8d2-c42c-4715-9cbb-36969180f8b7,function_transfer_time,1780474868.6451123,0.000079805
experiment_name,17a6c8d2-c42c-4715-9cbb-36969180f8b7,function_transfer_time,1780474868.7463663,0.000025655
experiment_name,17a6c8d2-c42c-4715-9cbb-36969180f8b7,function_transfer_time,1780474868.847755,0.000076968
experiment_name,17a6c8d2-c42c-4715-9cbb-36969180f8b7,function_transfer_time,1780474868.9490168,0.000024702
experiment_name,17a6c8d2-c42c-4715-9cbb-36969180f8b7,function_transfer_time,1780474869.0503712,0.000086226
experiment_name,17a6c8d2-c42c-4715-9cbb-36969180f8b7,function_transfer_time,1780474869.151682,0.000074996
experiment_name,17a6c8d2-c42c-4715-9cbb-36969180f8b7,function_transfer_time,1780474869.253038,0.000080418
experiment_name,17a6c8d2-c42c-4715-9cbb-36969180f8b7,function_transfer_time,1780474869.354366,0.000080155
experiment_name,17a6c8d2-c42c-4715-9cbb-36969180f8b7,function_transfer_time,1780474869.4557,0.000072464
experiment_name,17a6c8d2-c42c-4715-9cbb-36969180f8b7,function_transfer_time,1780474869.5570164,0.000082943
experiment_name,17a6c8d2-c42c-4715-9cbb-36969180f8b7,function_transfer_time,1780474869.6583443,0.000078121
experiment_name,17a6c8d2-c42c-4715-9cbb-36969180f8b7,function_transfer_time,1780474869.7596579,0.000076852
experiment_name,17a6c8d2-c42c-4715-9cbb-36969180f8b7,function_transfer_time,1780474869.8609228,0.000028987
experiment_name,17a6c8d2-c42c-4715-9cbb-36969180f8b7,function_transfer_time,1780474869.9622555,0.000086154
experiment_name,17a6c8d2-c42c-4715-9cbb-36969180f8b7,function_transfer_time,1780474870.0635755,0.000080158
experiment_name,17a6c8d2-c42c-4715-9cbb-36969180f8b7,function_transfer_time,1780474870.1648872,0.0000832
experiment_name,17a6c8d2-c42c-4715-9cbb-36969180f8b7,function_transfer_time,1780474870.266188,0.000024983
experiment_name,17a6c8d2-c42c-4715-9cbb-36969180f8b7,function_transfer_time,1780474870.3664908,0.000081995
experiment_name,17a6c8d2-c42c-4715-9cbb-36969180f8b7,function_transfer_time,1780474870.4678228,0.00007947
experiment_name,17a6c8d2-c42c-4715-9cbb-36969180f8b7,function_transfer_time,1780474870.5691214,0.000079691
experiment_name,17a6c8d2-c42c-4715-9cbb-36969180f8b7,function_transfer_time,1780474870.6704254,0.000083787
experiment_name,17a6c8d2-c42c-4715-9cbb-36969180f8b7,function_transfer_time,1780474870.7717535,0.000085099
experiment_name,17a6c8d2-c42c-4715-9cbb-36969180f8b7,function_transfer_time,1780474870.87307,0.000080109
experiment_name,17a6c8d2-c42c-4715-9cbb-36969180f8b7,function_transfer_time,1780474870.9743438,0.000019076
experiment_name,17a6c8d2-c42c-4715-9cbb-36969180f8b7,function_execution_time,1780474871.0761561,0.000074235
experiment_name,17a6c8d2-c42c-4715-9cbb-36969180f8b7,function_execution_time,1780474871.1765742,0.000071141
experiment_name,17a6c8d2-c42c-4715-9cbb-36969180f8b7,function_execution_time,1780474871.2779574,0.000151157
experiment_name,17a6c8d2-c42c-4715-9cbb-36969180f8b7,function_execution_time,1780474871.3792057,0.000076237
experiment_name,17a6c8d2-c42c-4715-9cbb-36969180f8b7,function_execution_time,1780474871.4795394,0.000079004
experiment_name,17a6c8d2-c42c-4715-9cbb-36969180f8b7,function_execution_time,1780474871.5809417,0.000071372
experiment_name,17a6c8d2-c42c-4715-9cbb-36969180f8b7,function_execution_time,1780474871.682306,0.000077855
experiment_name,17a6c8d2-c42c-4715-9cbb-36969180f8b7,function_execution_time,1780474871.7826118,0.000071409
experiment_name,17a6c8d2-c42c-4715-9cbb-36969180f8b7,function_execution_time,1780474871.8839433,0.000069178
experiment_name,17a6c8d2-c42c-4715-9cbb-36969180f8b7,function_execution_time,1780474871.9852607,0.000071844
experiment_name,17a6c8d2-c42c-4715-9cbb-36969180f8b7,function_execution_time,1780474872.086551,0.000099343
experiment_name,17a6c8d2-c42c-4715-9cbb-36969180f8b7,function_execution_time,1780474872.1877625,0.000074215
experiment_name,17a6c8d2-c42c-4715-9cbb-36969180f8b7,function_execution_time,1780474872.2890851,0.000092545
experiment_name,17a6c8d2-c42c-4715-9cbb-36969180f8b7,function_execution_time,1780474872.3903859,0.000078933
experiment_name,17a6c8d2-c42c-4715-9cbb-36969180f8b7,function_execution_time,1780474872.4915724,0.000067253
experiment_name,17a6c8d2-c42c-4715-9cbb-36969180f8b7,function_execution_time,1780474872.5928802,0.000074359
experiment_name,17a6c8d2-c42c-4715-9cbb-36969180f8b7,function_execution_time,1780474872.6941025,0.000067858
experiment_name,17a6c8d2-c42c-4715-9cbb-36969180f8b7,function_execution_time,1780474872.7954116,0.000078657
experiment_name,17a6c8d2-c42c-4715-9cbb-36969180f8b7,function_execution_time,1780474872.8967378,0.000076278
experiment_name,17a6c8d2-c42c-4715-9cbb-36969180f8b7,function_execution_time,1780474872.9979486,0.000069036
experiment_name,17a6c8d2-c42c-4715-9cbb-36969180f8b7,function_execution_time,1780474873.099223,0.000080611
experiment_name,17a6c8d2-c42c-4715-9cbb-36969180f8b7,function_execution_time,1780474873.1995866,0.000071672
experiment_name,17a6c8d2-c42c-4715-9cbb-36969180f8b7,function_execution_time,1780474873.3009741,0.000143191
experiment_name,17a6c8d2-c42c-4715-9cbb-36969180f8b7,function_execution_time,1780474873.4022145,0.000068583
experiment_name,17a6c8d2-c42c-4715-9cbb-36969180f8b7,function_execution_time,1780474873.5035453,0.000077516
experiment_name,17a6c8d2-c42c-4715-9cbb-36969180f8b7,function_execution_time,1780474873.6049273,0.000080083
experiment_name,17a6c8d2-c42c-4715-9cbb-36969180f8b7,function_execution_time,1780474873.7061617,0.000066706
experiment_name,17a6c8d2-c42c-4715-9cbb-36969180f8b7,function_execution_time,1780474873.807567,0.000102879
experiment_name,17a6c8d2-c42c-4715-9cbb-36969180f8b7,function_execution_time,1780474873.9088173,0.000067008
experiment_name,17a6c8d2-c42c-4715-9cbb-36969180f8b7,function_execution_time,1780474874.0101302,0.000077409
experiment_name,17a6c8d2-c42c-4715-9cbb-36969180f8b7,function_execution_time,1780474874.1113844,0.000078303
experiment_name,17a6c8d2-c42c-4715-9cbb-36969180f8b7,function_execution_time,1780474874.212645,0.000078194
experiment_name,17a6c8d2-c42c-4715-9cbb-36969180f8b7,function_execution_time,1780474874.3140123,0.000134055
experiment_name,17a6c8d2-c42c-4715-9cbb-36969180f8b7,function_execution_time,1780474874.4153478,0.000074923
experiment_name,17a6c8d2-c42c-4715-9cbb-36969180f8b7,function_execution_time,1780474874.515598,0.00008176
experiment_name,17a6c8d2-c42c-4715-9cbb-36969180f8b7,function_execution_time,1780474874.6168919,0.000081119
experiment_name,17a6c8d2-c42c-4715-9cbb-36969180f8b7,function_execution_time,1780474874.7181916,0.000083711
experiment_name,17a6c8d2-c42c-4715-9cbb-36969180f8b7,function_execution_time,1780474874.8194985,0.000107774
experiment_name,17a6c8d2-c42c-4715-9cbb-36969180f8b7,function_execution_time,1780474874.920661,0.000067148
experiment_name,17a6c8d2-c42c-4715-9cbb-36969180f8b7,function_execution_time,1780474875.021988,0.000067891
experiment_name,17a6c8d2-c42c-4715-9cbb-36969180f8b7,function_execution_time,1780474875.1233435,0.00007746
experiment_name,17a6c8d2-c42c-4715-9cbb-36969180f8b7,function_execution_time,1780474875.223599,0.000067273
experiment_name,17a6c8d2-c42c-4715-9cbb-36969180f8b7,function_execution_time,1780474875.3249698,0.000157825
experiment_name,17a6c8d2-c42c-4715-9cbb-36969180f8b7,function_execution_time,1780474875.4261918,0.000072881
experiment_name,17a6c8d2-c42c-4715-9cbb-36969180f8b7,function_execution_time,1780474875.5275962,0.000077958
experiment_name,17a6c8d2-c42c-4715-9cbb-36969180f8b7,function_execution_time,1780474875.6287723,0.000077915
experiment_name,17a6c8d2-c42c-4715-9cbb-36969180f8b7,function_execution_time,1780474875.7300987,0.000068886
experiment_name,17a6c8d2-c42c-4715-9cbb-36969180f8b7,function_execution_time,1780474875.831455,0.000067229
experiment_name,17a6c8d2-c42c-4715-9cbb-36969180f8b7,function_execution_time,1780474875.9328246,0.000075173
experiment_name,a02d7b3d-20ae-4ade-8fa4-df52e5e4f28b,function_execution_time,1780474871.0762184,0.000058281
experiment_name,a02d7b3d-20ae-4ade-8fa4-df52e5e4f28b,function_execution_time,1780474871.1767247,0.00005803
experiment_name,a02d7b3d-20ae-4ade-8fa4-df52e5e4f28b,function_execution_time,1780474871.2780194,0.000058017
experiment_name,a02d7b3d-20ae-4ade-8fa4-df52e5e4f28b,function_execution_time,1780474871.3793526,0.000065214
experiment_name,a02d7b3d-20ae-4ade-8fa4-df52e5e4f28b,function_execution_time,1780474871.4796824,0.000053305
experiment_name,a02d7b3d-20ae-4ade-8fa4-df52e5e4f28b,function_execution_time,1780474871.5810952,0.000059181
experiment_name,a02d7b3d-20ae-4ade-8fa4-df52e5e4f28b,function_execution_time,1780474871.682483,0.000073365
experiment_name,a02d7b3d-20ae-4ade-8fa4-df52e5e4f28b,function_execution_time,1780474871.782771,0.000054848
experiment_name,a02d7b3d-20ae-4ade-8fa4-df52e5e4f28b,function_execution_time,1780474871.8841257,0.000067866
experiment_name,a02d7b3d-20ae-4ade-8fa4-df52e5e4f28b,function_execution_time,1780474871.9853253,0.000058761
experiment_name,a02d7b3d-20ae-4ade-8fa4-df52e5e4f28b,function_execution_time,1780474872.086638,0.000053295
experiment_name,a02d7b3d-20ae-4ade-8fa4-df52e5e4f28b,function_execution_time,1780474872.1878967,0.00005681
experiment_name,a02d7b3d-20ae-4ade-8fa4-df52e5e4f28b,function_execution_time,1780474872.2891512,0.000068209
experiment_name,a02d7b3d-20ae-4ade-8fa4-df52e5e4f28b,function_execution_time,1780474872.3904912,0.000066484
experiment_name,a02d7b3d-20ae-4ade-8fa4-df52e5e4f28b,function_execution_time,1780474872.4917412,0.000057206
experiment_name,a02d7b3d-20ae-4ade-8fa4-df52e5e4f28b,function_execution_time,1780474872.5929866,0.000057446
experiment_name,a02d7b3d-20ae-4ade-8fa4-df52e5e4f28b,function_execution_time,1780474872.694238,0.000057847
experiment_name,a02d7b3d-20ae-4ade-8fa4-df52e5e4f28b,function_execution_time,1780474872.7955248,0.000064815
experiment_name,a02d7b3d-20ae-4ade-8fa4-df52e5e4f28b,function_execution_time,1780474872.896819,0.000054304
experiment_name,a02d7b3d-20ae-4ade-8fa4-df52e5e4f28b,function_execution_time,1780474872.9980242,0.000057462
experiment_name,a02d7b3d-20ae-4ade-8fa4-df52e5e4f28b,function_execution_time,1780474873.0993357,0.000054149
experiment_name,a02d7b3d-20ae-4ade-8fa4-df52e5e4f28b,function_execution_time,1780474873.199756,0.000061686
experiment_name,a02d7b3d-20ae-4ade-8fa4-df52e5e4f28b,function_execution_time,1780474873.3010252,0.000053762
experiment_name,a02d7b3d-20ae-4ade-8fa4-df52e5e4f28b,function_execution_time,1780474873.4023852,0.000057113
experiment_name,a02d7b3d-20ae-4ade-8fa4-df52e5e4f28b,function_execution_time,1780474873.503678,0.000054211
experiment_name,a02d7b3d-20ae-4ade-8fa4-df52e5e4f28b,function_execution_time,1780474873.604954,0.00006847
experiment_name,a02d7b3d-20ae-4ade-8fa4-df52e5e4f28b,function_execution_time,1780474873.7063177,0.000053203
experiment_name,a02d7b3d-20ae-4ade-8fa4-df52e5e4f28b,function_execution_time,1780474873.807655,0.000053453
experiment_name,a02d7b3d-20ae-4ade-8fa4-df52e5e4f28b,function_execution_time,1780474873.9089725,0.000054151
experiment_name,a02d7b3d-20ae-4ade-8fa4-df52e5e4f28b,function_execution_time,1780474874.0101416,0.000064942
experiment_name,a02d7b3d-20ae-4ade-8fa4-df52e5e4f28b,function_execution_time,1780474874.1115015,0.000089007
experiment_name,a02d7b3d-20ae-4ade-8fa4-df52e5e4f28b,function_execution_time,1780474874.2127607,0.000055359
experiment_name,a02d7b3d-20ae-4ade-8fa4-df52e5e4f28b,function_execution_time,1780474874.3140633,0.000054744
experiment_name,a02d7b3d-20ae-4ade-8fa4-df52e5e4f28b,function_execution_time,1780474874.4154398,0.000055038
experiment_name,a02d7b3d-20ae-4ade-8fa4-df52e5e4f28b,function_execution_time,1780474874.5157623,0.000063428
experiment_name,a02d7b3d-20ae-4ade-8fa4-df52e5e4f28b,function_execution_time,1780474874.6169462,0.000057502
experiment_name,a02d7b3d-20ae-4ade-8fa4-df52e5e4f28b,function_execution_time,1780474874.7182474,0.000058369
experiment_name,a02d7b3d-20ae-4ade-8fa4-df52e5e4f28b,function_execution_time,1780474874.8195233,0.000077135
experiment_name,a02d7b3d-20ae-4ade-8fa4-df52e5e4f28b,function_execution_time,1780474874.92082,0.000056123
experiment_name,a02d7b3d-20ae-4ade-8fa4-df52e5e4f28b,function_execution_time,1780474875.0221355,0.000055228
experiment_name,a02d7b3d-20ae-4ade-8fa4-df52e5e4f28b,function_execution_time,1780474875.1234524,0.000055572
experiment_name,a02d7b3d-20ae-4ade-8fa4-df52e5e4f28b,function_execution_time,1780474875.223733,0.000055627
experiment_name,a02d7b3d-20ae-4ade-8fa4-df52e5e4f28b,function_execution_time,1780474875.3250315,0.000058246
experiment_name,a02d7b3d-20ae-4ade-8fa4-df52e5e4f28b,function_execution_time,1780474875.426285,0.000065769
experiment_name,a02d7b3d-20ae-4ade-8fa4-df52e5e4f28b,function_execution_time,1780474875.5276005,0.000062897
experiment_name,a02d7b3d-20ae-4ade-8fa4-df52e5e4f28b,function_execution_time,1780474875.6289558,0.000059399
experiment_name,a02d7b3d-20ae-4ade-8fa4-df52e5e4f28b,function_execution_time,1780474875.7302341,0.000056452
experiment_name,a02d7b3d-20ae-4ade-8fa4-df52e5e4f28b,function_execution_time,1780474875.8316414,0.000065321
experiment_name,a02d7b3d-20ae-4ade-8fa4-df52e5e4f28b,function_execution_time,1780474875.932909,0.000055073
experiment_name,17a6c8d2-c42c-4715-9cbb-36969180f8b7,function_transfer_time,1780474871.0760155,0.00002191
experiment_name,17a6c8d2-c42c-4715-9cbb-36969180f8b7,function_transfer_time,1780474871.1764843,0.000092141
experiment_name,17a6c8d2-c42c-4715-9cbb-36969180f8b7,function_transfer_time,1780474871.2778006,0.000075109
experiment_name,17a6c8d2-c42c-4715-9cbb-36969180f8b7,function_transfer_time,1780474871.37912,0.000020734
experiment_name,17a6c8d2-c42c-4715-9cbb-36969180f8b7,function_transfer_time,1780474871.4795277,0.000076941
experiment_name,17a6c8d2-c42c-4715-9cbb-36969180f8b7,function_transfer_time,1780474871.5808654,0.000022172
experiment_name,17a6c8d2-c42c-4715-9cbb-36969180f8b7,function_transfer_time,1780474871.68221,0.000087349
experiment_name,17a6c8d2-c42c-4715-9cbb-36969180f8b7,function_transfer_time,1780474871.7825375,0.000079311
experiment_name,17a6c8d2-c42c-4715-9cbb-36969180f8b7,function_transfer_time,1780474871.8838646,0.00007794
experiment_name,17a6c8d2-c42c-4715-9cbb-36969180f8b7,function_transfer_time,1780474871.9851139,0.000018607
experiment_name,17a6c8d2-c42c-4715-9cbb-36969180f8b7,function_transfer_time,1780474872.0864034,0.000075401
experiment_name,17a6c8d2-c42c-4715-9cbb-36969180f8b7,function_transfer_time,1780474872.187684,0.000021128
experiment_name,17a6c8d2-c42c-4715-9cbb-36969180f8b7,function_transfer_time,1780474872.2889853,0.000093749
experiment_name,17a6c8d2-c42c-4715-9cbb-36969180f8b7,function_transfer_time,1780474872.3902528,0.000022807
experiment_name,17a6c8d2-c42c-4715-9cbb-36969180f8b7,function_transfer_time,1780474872.4914894,0.000023856
experiment_name,17a6c8d2-c42c-4715-9cbb-36969180f8b7,function_transfer_time,1780474872.5927541,0.000020482
experiment_name,17a6c8d2-c42c-4715-9cbb-36969180f8b7,function_transfer_time,1780474872.6940203,0.00007297
experiment_name,17a6c8d2-c42c-4715-9cbb-36969180f8b7,function_transfer_time,1780474872.7952724,0.000017212
experiment_name,17a6c8d2-c42c-4715-9cbb-36969180f8b7,function_transfer_time,1780474872.8966022,0.000080037
experiment_name,17a6c8d2-c42c-4715-9cbb-36969180f8b7,function_transfer_time,1780474872.9978251,0.000019068
experiment_name,17a6c8d2-c42c-4715-9cbb-36969180f8b7,function_transfer_time,1780474873.0991406,0.000078869
experiment_name,17a6c8d2-c42c-4715-9cbb-36969180f8b7,function_transfer_time,1780474873.199512,0.000021066
experiment_name,17a6c8d2-c42c-4715-9cbb-36969180f8b7,function_transfer_time,1780474873.3008199,0.000076041
experiment_name,17a6c8d2-c42c-4715-9cbb-36969180f8b7,function_transfer_time,1780474873.4021394,0.000021398
experiment_name,17a6c8d2-c42c-4715-9cbb-36969180f8b7,function_transfer_time,1780474873.503461,0.000087355
experiment_name,17a6c8d2-c42c-4715-9cbb-36969180f8b7,function_transfer_time,1780474873.6047986,0.000083739
experiment_name,17a6c8d2-c42c-4715-9cbb-36969180f8b7,function_transfer_time,1780474873.7060874,0.000080979
experiment_name,17a6c8d2-c42c-4715-9cbb-36969180f8b7,function_transfer_time,1780474873.8074212,0.000082812
experiment_name,17a6c8d2-c42c-4715-9cbb-36969180f8b7,function_transfer_time,1780474873.9087384,0.000084635
experiment_name,17a6c8d2-c42c-4715-9cbb-36969180f8b7,function_transfer_time,1780474874.0099945,0.000020721
experiment_name,17a6c8d2-c42c-4715-9cbb-36969180f8b7,function_transfer_time,1780474874.111308,0.00008236
experiment_name,17a6c8d2-c42c-4715-9cbb-36969180f8b7,function_transfer_time,1780474874.2125616,0.000024258
experiment_name,17a6c8d2-c42c-4715-9cbb-36969180f8b7,function_transfer_time,1780474874.313871,0.000074737
experiment_name,17a6c8d2-c42c-4715-9cbb-36969180f8b7,function_transfer_time,1780474874.415214,0.000076137
experiment_name,17a6c8d2-c42c-4715-9cbb-36969180f8b7,function_transfer_time,1780474874.515518,0.000084302
experiment_name,17a6c8d2-c42c-4715-9cbb-36969180f8b7,function_transfer_time,1780474874.6168,0.000022888
experiment_name,17a6c8d2-c42c-4715-9cbb-36969180f8b7,function_transfer_time,1780474874.7180982,0.00008829
experiment_name,17a6c8d2-c42c-4715-9cbb-36969180f8b7,function_transfer_time,1780474874.8193583,0.000020303
experiment_name,17a6c8d2-c42c-4715-9cbb-36969180f8b7,function_transfer_time,1780474874.92058,0.000021474
experiment_name,17a6c8d2-c42c-4715-9cbb-36969180f8b7,function_transfer_time,1780474875.02191,0.000075446
experiment_name,17a6c8d2-c42c-4715-9cbb-36969180f8b7,function_transfer_time,1780474875.1232152,0.000071937
experiment_name,17a6c8d2-c42c-4715-9cbb-36969180f8b7,function_transfer_time,1780474875.2235188,0.000083604
experiment_name,17a6c8d2-c42c-4715-9cbb-36969180f8b7,function_transfer_time,1780474875.3248029,0.000024153
experiment_name,17a6c8d2-c42c-4715-9cbb-36969180f8b7,function_transfer_time,1780474875.4261134,0.000024142
experiment_name,17a6c8d2-c42c-4715-9cbb-36969180f8b7,function_transfer_time,1780474875.5274556,0.000088762
experiment_name,17a6c8d2-c42c-4715-9cbb-36969180f8b7,function_transfer_time,1780474875.6286902,0.000022009
experiment_name,17a6c8d2-c42c-4715-9cbb-36969180f8b7,function_transfer_time,1780474875.7300177,0.000082172
experiment_name,17a6c8d2-c42c-4715-9cbb-36969180f8b7,function_transfer_time,1780474875.8313684,0.000078341
experiment_name,17a6c8d2-c42c-4715-9cbb-36969180f8b7,function_transfer_time,1780474875.932692,0.000075828
experiment_name,a02d7b3d-20ae-4ade-8fa4-df52e5e4f28b,function_transfer_time,1780474871.0761595,0.000091003
experiment_name,a02d7b3d-20ae-4ade-8fa4-df52e5e4f28b,function_transfer_time,1780474871.176665,0.000125884
experiment_name,a02d7b3d-20ae-4ade-8fa4-df52e5e4f28b,function_transfer_time,1780474871.27796,0.00003463
experiment_name,a02d7b3d-20ae-4ade-8fa4-df52e5e4f28b,function_transfer_time,1780474871.3792868,0.000106069
experiment_name,a02d7b3d-20ae-4ade-8fa4-df52e5e4f28b,function_transfer_time,1780474871.479629,0.000108717
experiment_name,a02d7b3d-20ae-4ade-8fa4-df52e5e4f28b,function_transfer_time,1780474871.5810351,0.000114803
experiment_name,a02d7b3d-20ae-4ade-8fa4-df52e5e4f28b,function_transfer_time,1780474871.6824076,0.000144081
experiment_name,a02d7b3d-20ae-4ade-8fa4-df52e5e4f28b,function_transfer_time,1780474871.782715,0.000124438
experiment_name,a02d7b3d-20ae-4ade-8fa4-df52e5e4f28b,function_transfer_time,1780474871.884057,0.000136361
experiment_name,a02d7b3d-20ae-4ade-8fa4-df52e5e4f28b,function_transfer_time,1780474871.9852636,0.000099675
experiment_name,a02d7b3d-20ae-4ade-8fa4-df52e5e4f28b,function_transfer_time,1780474872.0865796,0.000103263
experiment_name,a02d7b3d-20ae-4ade-8fa4-df52e5e4f28b,function_transfer_time,1780474872.1878326,0.00009981
experiment_name,a02d7b3d-20ae-4ade-8fa4-df52e5e4f28b,function_transfer_time,1780474872.2890823,0.000033544
experiment_name,a02d7b3d-20ae-4ade-8fa4-df52e5e4f28b,function_transfer_time,1780474872.3904154,0.000112375
experiment_name,a02d7b3d-20ae-4ade-8fa4-df52e5e4f28b,function_transfer_time,1780474872.4916837,0.000139804
experiment_name,a02d7b3d-20ae-4ade-8fa4-df52e5e4f28b,function_transfer_time,1780474872.5929217,0.000117198
experiment_name,a02d7b3d-20ae-4ade-8fa4-df52e5e4f28b,function_transfer_time,1780474872.694175,0.000106241
experiment_name,a02d7b3d-20ae-4ade-8fa4-df52e5e4f28b,function_transfer_time,1780474872.7954538,0.000125391
experiment_name,a02d7b3d-20ae-4ade-8fa4-df52e5e4f28b,function_transfer_time,1780474872.8967578,0.000103726
experiment_name,a02d7b3d-20ae-4ade-8fa4-df52e5e4f28b,function_transfer_time,1780474872.9979613,0.000091799
experiment_name,a02d7b3d-20ae-4ade-8fa4-df52e5e4f28b,function_transfer_time,1780474873.0992787,0.000087567
experiment_name,a02d7b3d-20ae-4ade-8fa4-df52e5e4f28b,function_transfer_time,1780474873.1996932,0.000126616
experiment_name,a02d7b3d-20ae-4ade-8fa4-df52e5e4f28b,function_transfer_time,1780474873.3009708,0.000030551
experiment_name,a02d7b3d-20ae-4ade-8fa4-df52e5e4f28b,function_transfer_time,1780474873.402327,0.000134423
experiment_name,a02d7b3d-20ae-4ade-8fa4-df52e5e4f28b,function_transfer_time,1780474873.5036223,0.000101339
experiment_name,a02d7b3d-20ae-4ade-8fa4-df52e5e4f28b,function_transfer_time,1780474873.6049242,0.000032217
experiment_name,a02d7b3d-20ae-4ade-8fa4-df52e5e4f28b,function_transfer_time,1780474873.7062638,0.000127813
experiment_name,a02d7b3d-20ae-4ade-8fa4-df52e5e4f28b,function_transfer_time,1780474873.807595,0.00010196
experiment_name,a02d7b3d-20ae-4ade-8fa4-df52e5e4f28b,function_transfer_time,1780474873.908917,0.00012676
experiment_name,a02d7b3d-20ae-4ade-8fa4-df52e5e4f28b,function_transfer_time,1780474874.010126,0.000027996
experiment_name,a02d7b3d-20ae-4ade-8fa4-df52e5e4f28b,function_transfer_time,1780474874.11147,0.000050192
experiment_name,a02d7b3d-20ae-4ade-8fa4-df52e5e4f28b,function_transfer_time,1780474874.212698,0.000088212
experiment_name,a02d7b3d-20ae-4ade-8fa4-df52e5e4f28b,function_transfer_time,1780474874.3140082,0.000031423
experiment_name,a02d7b3d-20ae-4ade-8fa4-df52e5e4f28b,function_transfer_time,1780474874.4153707,0.000107007
experiment_name,a02d7b3d-20ae-4ade-8fa4-df52e5e4f28b,function_transfer_time,1780474874.5156982,0.000117705
experiment_name,a02d7b3d-20ae-4ade-8fa4-df52e5e4f28b,function_transfer_time,1780474874.6168888,0.000032877
experiment_name,a02d7b3d-20ae-4ade-8fa4-df52e5e4f28b,function_transfer_time,1780474874.7181885,0.000034159
experiment_name,a02d7b3d-20ae-4ade-8fa4-df52e5e4f28b,function_transfer_time,1780474874.8194952,0.000027344
experiment_name,a02d7b3d-20ae-4ade-8fa4-df52e5e4f28b,function_transfer_time,1780474874.920763,0.000130929
experiment_name,a02d7b3d-20ae-4ade-8fa4-df52e5e4f28b,function_transfer_time,1780474875.0220802,0.000116644
experiment_name,a02d7b3d-20ae-4ade-8fa4-df52e5e4f28b,function_transfer_time,1780474875.1233735,0.000106421
experiment_name,a02d7b3d-20ae-4ade-8fa4-df52e5e4f28b,function_transfer_time,1780474875.2236736,0.000105979
experiment_name,a02d7b3d-20ae-4ade-8fa4-df52e5e4f28b,function_transfer_time,1780474875.3249722,0.00003547
experiment_name,a02d7b3d-20ae-4ade-8fa4-df52e5e4f28b,function_transfer_time,1780474875.426218,0.000050473
experiment_name,a02d7b3d-20ae-4ade-8fa4-df52e5e4f28b,function_transfer_time,1780474875.527599,0.00003277
experiment_name,a02d7b3d-20ae-4ade-8fa4-df52e5e4f28b,function_transfer_time,1780474875.6288955,0.000150897
experiment_name,a02d7b3d-20ae-4ade-8fa4-df52e5e4f28b,function_transfer_time,1780474875.7301724,0.000104586
experiment_name,a02d7b3d-20ae-4ade-8fa4-df52e5e4f28b,function_transfer_time,1780474875.8315756,0.000156657
experiment_name,a02d7b3d-20ae-4ade-8fa4-df52e5e4f28b,function_transfer_time,1780474875.9328473,0.000105128
experiment_name,17a6c8d2-c42c-4715-9cbb-36969180f8b7,function_execution_time,1780474876.0343046,0.000096877
experiment_name,17a6c8d2-c42c-4715-9cbb-36969180f8b7,function_execution_time,1780474876.1346626,0.00007049
experiment_name,17a6c8d2-c42c-4715-9cbb-36969180f8b7,function_execution_time,1780474876.2360106,0.00006901
experiment_name,17a6c8d2-c42c-4715-9cbb-36969180f8b7,function_execution_time,1780474876.337421,0.000164623
experiment_name,17a6c8d2-c42c-4715-9cbb-36969180f8b7,function_execution_time,1780474876.4387052,0.000070721
experiment_name,17a6c8d2-c42c-4715-9cbb-36969180f8b7,function_execution_time,1780474876.5399888,0.00006897
experiment_name,17a6c8d2-c42c-4715-9cbb-36969180f8b7,function_execution_time,1780474876.641296,0.000068259
experiment_name,17a6c8d2-c42c-4715-9cbb-36969180f8b7,function_execution_time,1780474876.7417517,0.000094835
experiment_name,17a6c8d2-c42c-4715-9cbb-36969180f8b7,function_execution_time,1780474876.8429317,0.000090681
experiment_name,17a6c8d2-c42c-4715-9cbb-36969180f8b7,function_execution_time,1780474876.9443016,0.000089348
experiment_name,17a6c8d2-c42c-4715-9cbb-36969180f8b7,function_execution_time,1780474877.0455565,0.000087866
experiment_name,17a6c8d2-c42c-4715-9cbb-36969180f8b7,function_execution_time,1780474877.1468441,0.000076642
experiment_name,17a6c8d2-c42c-4715-9cbb-36969180f8b7,function_execution_time,1780474877.248092,0.00007144
experiment_name,17a6c8d2-c42c-4715-9cbb-36969180f8b7,function_execution_time,1780474877.3495007,0.000176296
experiment_name,17a6c8d2-c42c-4715-9cbb-36969180f8b7,function_execution_time,1780474877.4508464,0.000070173
experiment_name,17a6c8d2-c42c-4715-9cbb-36969180f8b7,function_execution_time,1780474877.552221,0.000074598
experiment_name,17a6c8d2-c42c-4715-9cbb-36969180f8b7,function_execution_time,1780474877.653471,0.000088661
experiment_name,17a6c8d2-c42c-4715-9cbb-36969180f8b7,function_execution_time,1780474877.7548177,0.000079057
experiment_name,17a6c8d2-c42c-4715-9cbb-36969180f8b7,function_execution_time,1780474877.8561366,0.00008199
experiment_name,17a6c8d2-c42c-4715-9cbb-36969180f8b7,function_execution_time,1780474877.9575264,0.000085233
experiment_name,17a6c8d2-c42c-4715-9cbb-36969180f8b7,function_execution_time,1780474878.0589128,0.000074459
experiment_name,17a6c8d2-c42c-4715-9cbb-36969180f8b7,function_execution_time,1780474878.1601243,0.000070631
experiment_name,17a6c8d2-c42c-4715-9cbb-36969180f8b7,function_execution_time,1780474878.2615225,0.000090986
experiment_name,17a6c8d2-c42c-4715-9cbb-36969180f8b7,function_execution_time,1780474878.3628578,0.000151788
experiment_name,17a6c8d2-c42c-4715-9cbb-36969180f8b7,function_execution_time,1780474878.4641604,0.000078758
experiment_name,17a6c8d2-c42c-4715-9cbb-36969180f8b7,function_execution_time,1780474878.5655541,0.000086927
experiment_name,17a6c8d2-c42c-4715-9cbb-36969180f8b7,function_execution_time,1780474878.666938,0.000070447
experiment_name,17a6c8d2-c42c-4715-9cbb-36969180f8b7,function_execution_time,1780474878.76831,0.000083768
experiment_name,17a6c8d2-c42c-4715-9cbb-36969180f8b7,function_execution_time,1780474878.868564,0.000067209
experiment_name,17a6c8d2-c42c-4715-9cbb-36969180f8b7,function_execution_time,1780474878.9699018,0.000080384
experiment_name,17a6c8d2-c42c-4715-9cbb-36969180f8b7,function_execution_time,1780474879.0712748,0.000076595
experiment_name,17a6c8d2-c42c-4715-9cbb-36969180f8b7,function_execution_time,1780474879.172558,0.000092783
experiment_name,17a6c8d2-c42c-4715-9cbb-36969180f8b7,function_execution_time,1780474879.2737882,0.000071283
experiment_name,17a6c8d2-c42c-4715-9cbb-36969180f8b7,function_execution_time,1780474879.3751764,0.00014315
experiment_name,17a6c8d2-c42c-4715-9cbb-36969180f8b7,function_execution_time,1780474879.4765363,0.000097998
experiment_name,17a6c8d2-c42c-4715-9cbb-36969180f8b7,function_execution_time,1780474879.5777967,0.000070249
experiment_name,17a6c8d2-c42c-4715-9cbb-36969180f8b7,function_execution_time,1780474879.6791344,0.00007146
experiment_name,17a6c8d2-c42c-4715-9cbb-36969180f8b7,function_execution_time,1780474879.7803802,0.000077593
experiment_name,17a6c8d2-c42c-4715-9cbb-36969180f8b7,function_execution_time,1780474879.881724,0.000068824
experiment_name,17a6c8d2-c42c-4715-9cbb-36969180f8b7,function_execution_time,1780474879.9830387,0.000105758
experiment_name,17a6c8d2-c42c-4715-9cbb-36969180f8b7,function_execution_time,1780474880.0843542,0.000099793
experiment_name,17a6c8d2-c42c-4715-9cbb-36969180f8b7,function_execution_time,1780474880.185907,0.000076948
experiment_name,17a6c8d2-c42c-4715-9cbb-36969180f8b7,function_execution_time,1780474880.287139,0.000075528
experiment_name,17a6c8d2-c42c-4715-9cbb-36969180f8b7,function_execution_time,1780474880.3885498,0.000160955
experiment_name,17a6c8d2-c42c-4715-9cbb-36969180f8b7,function_execution_time,1780474880.489947,0.000070495
experiment_name,17a6c8d2-c42c-4715-9cbb-36969180f8b7,function_execution_time,1780474880.5912156,0.000072075
experiment_name,17a6c8d2-c42c-4715-9cbb-36969180f8b7,function_execution_time,1780474880.6925385,0.00007693
experiment_name,17a6c8d2-c42c-4715-9cbb-36969180f8b7,function_execution_time,1780474880.7937949,0.000067241
experiment_name,17a6c8d2-c42c-4715-9cbb-36969180f8b7,function_execution_time,1780474880.8951175,0.000068141
experiment_name,17a6c8d2-c42c-4715-9cbb-36969180f8b7,function_execution_time,1780474880.996366,0.000065771
experiment_name,a02d7b3d-20ae-4ade-8fa4-df52e5e4f28b,function_execution_time,1780474876.0343556,0.000069445
experiment_name,a02d7b3d-20ae-4ade-8fa4-df52e5e4f28b,function_execution_time,1780474876.1348207,0.000055138
experiment_name,a02d7b3d-20ae-4ade-8fa4-df52e5e4f28b,function_execution_time,1780474876.2361674,0.00005545
experiment_name,a02d7b3d-20ae-4ade-8fa4-df52e5e4f28b,function_execution_time,1780474876.3375008,0.000081319
experiment_name,a02d7b3d-20ae-4ade-8fa4-df52e5e4f28b,function_execution_time,1780474876.4388604,0.000054737
experiment_name,a02d7b3d-20ae-4ade-8fa4-df52e5e4f28b,function_execution_time,1780474876.540159,0.000058392
experiment_name,a02d7b3d-20ae-4ade-8fa4-df52e5e4f28b,function_execution_time,1780474876.6414635,0.00006908
experiment_name,a02d7b3d-20ae-4ade-8fa4-df52e5e4f28b,function_execution_time,1780474876.741837,0.000078833
experiment_name,a02d7b3d-20ae-4ade-8fa4-df52e5e4f28b,function_execution_time,1780474876.8430774,0.000067648
experiment_name,a02d7b3d-20ae-4ade-8fa4-df52e5e4f28b,function_execution_time,1780474876.9444063,0.000062091
experiment_name,a02d7b3d-20ae-4ade-8fa4-df52e5e4f28b,function_execution_time,1780474877.0456102,0.000056547
experiment_name,a02d7b3d-20ae-4ade-8fa4-df52e5e4f28b,function_execution_time,1780474877.1469536,0.000068682
experiment_name,a02d7b3d-20ae-4ade-8fa4-df52e5e4f28b,function_execution_time,1780474877.2482293,0.000054771
experiment_name,a02d7b3d-20ae-4ade-8fa4-df52e5e4f28b,function_execution_time,1780474877.3495584,0.000057208
experiment_name,a02d7b3d-20ae-4ade-8fa4-df52e5e4f28b,function_execution_time,1780474877.4509847,0.00005648
experiment_name,a02d7b3d-20ae-4ade-8fa4-df52e5e4f28b,function_execution_time,1780474877.55232,0.000056015
experiment_name,a02d7b3d-20ae-4ade-8fa4-df52e5e4f28b,function_execution_time,1780474877.6536238,0.000066294
experiment_name,a02d7b3d-20ae-4ade-8fa4-df52e5e4f28b,function_execution_time,1780474877.7548995,0.000057523
experiment_name,a02d7b3d-20ae-4ade-8fa4-df52e5e4f28b,function_execution_time,1780474877.8562233,0.000061315
experiment_name,a02d7b3d-20ae-4ade-8fa4-df52e5e4f28b,function_execution_time,1780474877.9576192,0.000054136
experiment_name,a02d7b3d-20ae-4ade-8fa4-df52e5e4f28b,function_execution_time,1780474878.0590138,0.000062731
experiment_name,a02d7b3d-20ae-4ade-8fa4-df52e5e4f28b,function_execution_time,1780474878.1602914,0.000055306
experiment_name,a02d7b3d-20ae-4ade-8fa4-df52e5e4f28b,function_execution_time,1780474878.2616227,0.000058592
experiment_name,a02d7b3d-20ae-4ade-8fa4-df52e5e4f28b,function_execution_time,1780474878.362913,0.000057318
experiment_name,a02d7b3d-20ae-4ade-8fa4-df52e5e4f28b,function_execution_time,1780474878.4642456,0.000057695
experiment_name,a02d7b3d-20ae-4ade-8fa4-df52e5e4f28b,function_execution_time,1780474878.565657,0.000061476
experiment_name,a02d7b3d-20ae-4ade-8fa4-df52e5e4f28b,function_execution_time,1780474878.667029,0.0000568
experiment_name,a02d7b3d-20ae-4ade-8fa4-df52e5e4f28b,function_execution_time,1780474878.7684004,0.000054234
experiment_name,a02d7b3d-20ae-4ade-8fa4-df52e5e4f28b,function_execution_time,1780474878.8687224,0.000054106
experiment_name,a02d7b3d-20ae-4ade-8fa4-df52e5e4f28b,function_execution_time,1780474878.970071,0.000064596
experiment_name,a02d7b3d-20ae-4ade-8fa4-df52e5e4f28b,function_execution_time,1780474879.0713725,0.000060118
experiment_name,a02d7b3d-20ae-4ade-8fa4-df52e5e4f28b,function_execution_time,1780474879.1726203,0.000057761
experiment_name,a02d7b3d-20ae-4ade-8fa4-df52e5e4f28b,function_execution_time,1780474879.2739255,0.000054722
experiment_name,a02d7b3d-20ae-4ade-8fa4-df52e5e4f28b,function_execution_time,1780474879.3752358,0.000054781
experiment_name,a02d7b3d-20ae-4ade-8fa4-df52e5e4f28b,function_execution_time,1780474879.4766393,0.000062794
experiment_name,a02d7b3d-20ae-4ade-8fa4-df52e5e4f28b,function_execution_time,1780474879.5779374,0.000055569
experiment_name,a02d7b3d-20ae-4ade-8fa4-df52e5e4f28b,function_execution_time,1780474879.6792946,0.000057435
experiment_name,a02d7b3d-20ae-4ade-8fa4-df52e5e4f28b,function_execution_time,1780474879.780478,0.00007332
experiment_name,a02d7b3d-20ae-4ade-8fa4-df52e5e4f28b,function_execution_time,1780474879.8818915,0.00006398
experiment_name,a02d7b3d-20ae-4ade-8fa4-df52e5e4f28b,function_execution_time,1780474879.9831011,0.000063882
experiment_name,a02d7b3d-20ae-4ade-8fa4-df52e5e4f28b,function_execution_time,1780474880.0845103,0.000087966
experiment_name,a02d7b3d-20ae-4ade-8fa4-df52e5e4f28b,function_execution_time,1780474880.1860178,0.000064151
experiment_name,a02d7b3d-20ae-4ade-8fa4-df52e5e4f28b,function_execution_time,1780474880.2873006,0.000068214
experiment_name,a02d7b3d-20ae-4ade-8fa4-df52e5e4f28b,function_execution_time,1780474880.3886356,0.000062467
experiment_name,a02d7b3d-20ae-4ade-8fa4-df52e5e4f28b,function_execution_time,1780474880.4901063,0.000056019
experiment_name,a02d7b3d-20ae-4ade-8fa4-df52e5e4f28b,function_execution_time,1780474880.5913823,0.000056147
experiment_name,a02d7b3d-20ae-4ade-8fa4-df52e5e4f28b,function_execution_time,1780474880.6927106,0.000058573
experiment_name,a02d7b3d-20ae-4ade-8fa4-df52e5e4f28b,function_execution_time,1780474880.7939675,0.000061569
experiment_name,a02d7b3d-20ae-4ade-8fa4-df52e5e4f28b,function_execution_time,1780474880.895289,0.000056742
experiment_name,a02d7b3d-20ae-4ade-8fa4-df52e5e4f28b,function_execution_time,1780474880.9964511,0.000062616
experiment_name,a02d7b3d-20ae-4ade-8fa4-df52e5e4f28b,function_transfer_time,1780474876.0342824,0.0000189
experiment_name,a02d7b3d-20ae-4ade-8fa4-df52e5e4f28b,function_transfer_time,1780474876.134765,0.000125962
experiment_name,a02d7b3d-20ae-4ade-8fa4-df52e5e4f28b,function_transfer_time,1780474876.2361116,0.000126054
experiment_name,a02d7b3d-20ae-4ade-8fa4-df52e5e4f28b,function_transfer_time,1780474876.3374178,0.000038929
experiment_name,a02d7b3d-20ae-4ade-8fa4-df52e5e4f28b,function_transfer_time,1780474876.438805,0.000123076
experiment_name,a02d7b3d-20ae-4ade-8fa4-df52e5e4f28b,function_transfer_time,1780474876.5400996,0.000136698
experiment_name,a02d7b3d-20ae-4ade-8fa4-df52e5e4f28b,function_transfer_time,1780474876.6413927,0.000123961
experiment_name,a02d7b3d-20ae-4ade-8fa4-df52e5e4f28b,function_transfer_time,1780474876.7417545,0.000133454
experiment_name,a02d7b3d-20ae-4ade-8fa4-df52e5e4f28b,function_transfer_time,1780474876.8430016,0.000102939
experiment_name,a02d7b3d-20ae-4ade-8fa4-df52e5e4f28b,function_transfer_time,1780474876.9443355,0.000114896
experiment_name,a02d7b3d-20ae-4ade-8fa4-df52e5e4f28b,function_transfer_time,1780474877.0455542,0.000024784
experiment_name,a02d7b3d-20ae-4ade-8fa4-df52e5e4f28b,function_transfer_time,1780474877.1468782,0.00012407
experiment_name,a02d7b3d-20ae-4ade-8fa4-df52e5e4f28b,function_transfer_time,1780474877.2481737,0.000105156
experiment_name,a02d7b3d-20ae-4ade-8fa4-df52e5e4f28b,function_transfer_time,1780474877.3494978,0.000033673
experiment_name,a02d7b3d-20ae-4ade-8fa4-df52e5e4f28b,function_transfer_time,1780474877.4509282,0.000105495
experiment_name,a02d7b3d-20ae-4ade-8fa4-df52e5e4f28b,function_transfer_time,1780474877.5522542,0.00011618
experiment_name,a02d7b3d-20ae-4ade-8fa4-df52e5e4f28b,function_transfer_time,1780474877.6535547,0.000115449
experiment_name,a02d7b3d-20ae-4ade-8fa4-df52e5e4f28b,function_transfer_time,1780474877.7548335,0.000046722
experiment_name,a02d7b3d-20ae-4ade-8fa4-df52e5e4f28b,function_transfer_time,1780474877.8561609,0.000044234
experiment_name,a02d7b3d-20ae-4ade-8fa4-df52e5e4f28b,function_transfer_time,1780474877.9575562,0.000126688
experiment_name,a02d7b3d-20ae-4ade-8fa4-df52e5e4f28b,function_transfer_time,1780474878.0589466,0.000112671
experiment_name,a02d7b3d-20ae-4ade-8fa4-df52e5e4f28b,function_transfer_time,1780474878.1602347,0.000134162
experiment_name,a02d7b3d-20ae-4ade-8fa4-df52e5e4f28b,function_transfer_time,1780474878.2615583,0.000134056
experiment_name,a02d7b3d-20ae-4ade-8fa4-df52e5e4f28b,function_transfer_time,1780474878.362855,0.000033337
experiment_name,a02d7b3d-20ae-4ade-8fa4-df52e5e4f28b,function_transfer_time,1780474878.4641867,0.000050497
experiment_name,a02d7b3d-20ae-4ade-8fa4-df52e5e4f28b,function_transfer_time,1780474878.5655868,0.000122824
experiment_name,a02d7b3d-20ae-4ade-8fa4-df52e5e4f28b,function_transfer_time,1780474878.6669714,0.000062291
experiment_name,a02d7b3d-20ae-4ade-8fa4-df52e5e4f28b,function_transfer_time,1780474878.7683384,0.000123682
experiment_name,a02d7b3d-20ae-4ade-8fa4-df52e5e4f28b,function_transfer_time,1780474878.8686678,0.000127303
experiment_name,a02d7b3d-20ae-4ade-8fa4-df52e5e4f28b,function_transfer_time,1780474878.9700046,0.000121395
experiment_name,a02d7b3d-20ae-4ade-8fa4-df52e5e4f28b,function_transfer_time,1780474879.071305,0.000115256
experiment_name,a02d7b3d-20ae-4ade-8fa4-df52e5e4f28b,function_transfer_time,1780474879.1725602,0.000095824
experiment_name,a02d7b3d-20ae-4ade-8fa4-df52e5e4f28b,function_transfer_time,1780474879.273871,0.000105758
experiment_name,a02d7b3d-20ae-4ade-8fa4-df52e5e4f28b,function_transfer_time,1780474879.375179,0.000035163
experiment_name,a02d7b3d-20ae-4ade-8fa4-df52e5e4f28b,function_transfer_time,1780474879.4765694,0.000117308
experiment_name,a02d7b3d-20ae-4ade-8fa4-df52e5e4f28b,function_transfer_time,1780474879.5778818,0.000115814
experiment_name,a02d7b3d-20ae-4ade-8fa4-df52e5e4f28b,function_transfer_time,1780474879.679236,0.000125368
experiment_name,a02d7b3d-20ae-4ade-8fa4-df52e5e4f28b,function_transfer_time,1780474879.7804651,0.000052306
experiment_name,a02d7b3d-20ae-4ade-8fa4-df52e5e4f28b,function_transfer_time,1780474879.8818264,0.000134408
experiment_name,a02d7b3d-20ae-4ade-8fa4-df52e5e4f28b,function_transfer_time,1780474879.983035,0.000037274
experiment_name,a02d7b3d-20ae-4ade-8fa4-df52e5e4f28b,function_transfer_time,1780474880.084463,0.000095398
experiment_name,a02d7b3d-20ae-4ade-8fa4-df52e5e4f28b,function_transfer_time,1780474880.1859465,0.000126896
experiment_name,a02d7b3d-20ae-4ade-8fa4-df52e5e4f28b,function_transfer_time,1780474880.2872317,0.000111574
experiment_name,a02d7b3d-20ae-4ade-8fa4-df52e5e4f28b,function_transfer_time,1780474880.388615,0.000094826
experiment_name,a02d7b3d-20ae-4ade-8fa4-df52e5e4f28b,function_transfer_time,1780474880.4900496,0.00012596
experiment_name,a02d7b3d-20ae-4ade-8fa4-df52e5e4f28b,function_transfer_time,1780474880.5913248,0.000129934
experiment_name,a02d7b3d-20ae-4ade-8fa4-df52e5e4f28b,function_transfer_time,1780474880.692651,0.000141395
experiment_name,a02d7b3d-20ae-4ade-8fa4-df52e5e4f28b,function_transfer_time,1780474880.7939048,0.000141729
experiment_name,a02d7b3d-20ae-4ade-8fa4-df52e5e4f28b,function_transfer_time,1780474880.895231,0.000136347
experiment_name,a02d7b3d-20ae-4ade-8fa4-df52e5e4f28b,function_transfer_time,1780474880.996385,0.000052977
experiment_name,17a6c8d2-c42c-4715-9cbb-36969180f8b7,function_transfer_time,1780474876.0342052,0.000013426
experiment_name,17a6c8d2-c42c-4715-9cbb-36969180f8b7,function_transfer_time,1780474876.134586,0.000083122
experiment_name,17a6c8d2-c42c-4715-9cbb-36969180f8b7,function_transfer_time,1780474876.2359328,0.0000838
experiment_name,17a6c8d2-c42c-4715-9cbb-36969180f8b7,function_transfer_time,1780474876.337248,0.00008
experiment_name,17a6c8d2-c42c-4715-9cbb-36969180f8b7,function_transfer_time,1780474876.4386296,0.000082041
experiment_name,17a6c8d2-c42c-4715-9cbb-36969180f8b7,function_transfer_time,1780474876.5399067,0.00002458
experiment_name,17a6c8d2-c42c-4715-9cbb-36969180f8b7,function_transfer_time,1780474876.641216,0.000077454
experiment_name,17a6c8d2-c42c-4715-9cbb-36969180f8b7,function_transfer_time,1780474876.741556,0.000097278
experiment_name,17a6c8d2-c42c-4715-9cbb-36969180f8b7,function_transfer_time,1780474876.842839,0.000029661
experiment_name,17a6c8d2-c42c-4715-9cbb-36969180f8b7,function_transfer_time,1780474876.9441605,0.000074772
experiment_name,17a6c8d2-c42c-4715-9cbb-36969180f8b7,function_transfer_time,1780474877.0454645,0.000076284
experiment_name,17a6c8d2-c42c-4715-9cbb-36969180f8b7,function_transfer_time,1780474877.1467006,0.000019003
experiment_name,17a6c8d2-c42c-4715-9cbb-36969180f8b7,function_transfer_time,1780474877.2480142,0.000082067
experiment_name,17a6c8d2-c42c-4715-9cbb-36969180f8b7,function_transfer_time,1780474877.3493223,0.000076121
experiment_name,17a6c8d2-c42c-4715-9cbb-36969180f8b7,function_transfer_time,1780474877.4507694,0.000082819
experiment_name,17a6c8d2-c42c-4715-9cbb-36969180f8b7,function_transfer_time,1780474877.552087,0.000083324
experiment_name,17a6c8d2-c42c-4715-9cbb-36969180f8b7,function_transfer_time,1780474877.6533818,0.000075991
experiment_name,17a6c8d2-c42c-4715-9cbb-36969180f8b7,function_transfer_time,1780474877.7547276,0.000078557
experiment_name,17a6c8d2-c42c-4715-9cbb-36969180f8b7,function_transfer_time,1780474877.8560565,0.000087397
experiment_name,17a6c8d2-c42c-4715-9cbb-36969180f8b7,function_transfer_time,1780474877.9573803,0.000080232
experiment_name,17a6c8d2-c42c-4715-9cbb-36969180f8b7,function_transfer_time,1780474878.0587893,0.000024249
experiment_name,17a6c8d2-c42c-4715-9cbb-36969180f8b7,function_transfer_time,1780474878.1600473,0.000025828
experiment_name,17a6c8d2-c42c-4715-9cbb-36969180f8b7,function_transfer_time,1780474878.261371,0.000078376
experiment_name,17a6c8d2-c42c-4715-9cbb-36969180f8b7,function_transfer_time,1780474878.3626978,0.000082841
experiment_name,17a6c8d2-c42c-4715-9cbb-36969180f8b7,function_transfer_time,1780474878.464074,0.000074926
experiment_name,17a6c8d2-c42c-4715-9cbb-36969180f8b7,function_transfer_time,1780474878.5654023,0.000087191
experiment_name,17a6c8d2-c42c-4715-9cbb-36969180f8b7,function_transfer_time,1780474878.6668546,0.000024225
experiment_name,17a6c8d2-c42c-4715-9cbb-36969180f8b7,function_transfer_time,1780474878.7681627,0.000080027
experiment_name,17a6c8d2-c42c-4715-9cbb-36969180f8b7,function_transfer_time,1780474878.8684878,0.000084125
experiment_name,17a6c8d2-c42c-4715-9cbb-36969180f8b7,function_transfer_time,1780474878.9698238,0.000075593
experiment_name,17a6c8d2-c42c-4715-9cbb-36969180f8b7,function_transfer_time,1780474879.0711389,0.000083969
experiment_name,17a6c8d2-c42c-4715-9cbb-36969180f8b7,function_transfer_time,1780474879.1723971,0.000022471
experiment_name,17a6c8d2-c42c-4715-9cbb-36969180f8b7,function_transfer_time,1780474879.2737107,0.000083002
experiment_name,17a6c8d2-c42c-4715-9cbb-36969180f8b7,function_transfer_time,1780474879.3750277,0.000075849
experiment_name,17a6c8d2-c42c-4715-9cbb-36969180f8b7,function_transfer_time,1780474879.4763827,0.000076179
experiment_name,17a6c8d2-c42c-4715-9cbb-36969180f8b7,function_transfer_time,1780474879.577713,0.000085084
experiment_name,17a6c8d2-c42c-4715-9cbb-36969180f8b7,function_transfer_time,1780474879.679056,0.000082412
experiment_name,17a6c8d2-c42c-4715-9cbb-36969180f8b7,function_transfer_time,1780474879.7803009,0.000020013
experiment_name,17a6c8d2-c42c-4715-9cbb-36969180f8b7,function_transfer_time,1780474879.881641,0.000082764
experiment_name,17a6c8d2-c42c-4715-9cbb-36969180f8b7,function_transfer_time,1780474879.9829257,0.000035099
experiment_name,17a6c8d2-c42c-4715-9cbb-36969180f8b7,function_transfer_time,1780474880.0843205,0.000079547
experiment_name,17a6c8d2-c42c-4715-9cbb-36969180f8b7,function_transfer_time,1780474880.1857674,0.000076774
experiment_name,17a6c8d2-c42c-4715-9cbb-36969180f8b7,function_transfer_time,1780474880.2870638,0.000084981
experiment_name,17a6c8d2-c42c-4715-9cbb-36969180f8b7,function_transfer_time,1780474880.3883343,0.000021077
experiment_name,17a6c8d2-c42c-4715-9cbb-36969180f8b7,function_transfer_time,1780474880.4898705,0.000081688
experiment_name,17a6c8d2-c42c-4715-9cbb-36969180f8b7,function_transfer_time,1780474880.5911396,0.000023309
experiment_name,17a6c8d2-c42c-4715-9cbb-36969180f8b7,function_transfer_time,1780474880.6924574,0.000082517
experiment_name,17a6c8d2-c42c-4715-9cbb-36969180f8b7,function_transfer_time,1780474880.7937102,0.000023048
experiment_name,17a6c8d2-c42c-4715-9cbb-36969180f8b7,function_transfer_time,1780474880.895041,0.000076074
experiment_name,17a6c8d2-c42c-4715-9cbb-36969180f8b7,function_transfer_time,1780474880.996283,0.000018521
experiment_name,17a6c8d2-c42c-4715-9cbb-36969180f8b7,function_execution_time,1780474881.0983617,0.000090097
experiment_name,17a6c8d2-c42c-4715-9cbb-36969180f8b7,function_execution_time,1780474881.1985574,0.000073235
experiment_name,17a6c8d2-c42c-4715-9cbb-36969180f8b7,function_execution_time,1780474881.2999184,0.000077468
experiment_name,17a6c8d2-c42c-4715-9cbb-36969180f8b7,function_execution_time,1780474881.4012852,0.00016694
experiment_name,17a6c8d2-c42c-4715-9cbb-36969180f8b7,function_execution_time,1780474881.501627,0.000075178
experiment_name,17a6c8d2-c42c-4715-9cbb-36969180f8b7,function_execution_time,1780474881.6028352,0.000069825
experiment_name,17a6c8d2-c42c-4715-9cbb-36969180f8b7,function_execution_time,1780474881.7041967,0.000080455
experiment_name,17a6c8d2-c42c-4715-9cbb-36969180f8b7,function_execution_time,1780474881.8046653,0.000083562
experiment_name,17a6c8d2-c42c-4715-9cbb-36969180f8b7,function_execution_time,1780474881.9059005,0.000071174
experiment_name,17a6c8d2-c42c-4715-9cbb-36969180f8b7,function_execution_time,1780474882.0072358,0.000082652
experiment_name,17a6c8d2-c42c-4715-9cbb-36969180f8b7,function_execution_time,1780474882.107576,0.00008023
experiment_name,17a6c8d2-c42c-4715-9cbb-36969180f8b7,function_execution_time,1780474882.2088885,0.00007536
experiment_name,17a6c8d2-c42c-4715-9cbb-36969180f8b7,function_execution_time,1780474882.3102236,0.000068252
experiment_name,17a6c8d2-c42c-4715-9cbb-36969180f8b7,function_execution_time,1780474882.4115644,0.000161642
experiment_name,17a6c8d2-c42c-4715-9cbb-36969180f8b7,function_execution_time,1780474882.5127952,0.000077935
experiment_name,17a6c8d2-c42c-4715-9cbb-36969180f8b7,function_execution_time,1780474882.6140354,0.0000696
experiment_name,17a6c8d2-c42c-4715-9cbb-36969180f8b7,function_execution_time,1780474882.7154405,0.000072971
experiment_name,17a6c8d2-c42c-4715-9cbb-36969180f8b7,function_execution_time,1780474882.8168101,0.000096803
experiment_name,17a6c8d2-c42c-4715-9cbb-36969180f8b7,function_execution_time,1780474882.9181714,0.000053472
experiment_name,17a6c8d2-c42c-4715-9cbb-36969180f8b7,function_execution_time,1780474883.0194888,0.000126824
experiment_name,17a6c8d2-c42c-4715-9cbb-36969180f8b7,function_execution_time,1780474883.12069,0.000070125
experiment_name,17a6c8d2-c42c-4715-9cbb-36969180f8b7,function_execution_time,1780474883.221911,0.000069013
experiment_name,17a6c8d2-c42c-4715-9cbb-36969180f8b7,function_execution_time,1780474883.3230963,0.000051634
experiment_name,17a6c8d2-c42c-4715-9cbb-36969180f8b7,function_execution_time,1780474883.4245222,0.000180392
experiment_name,17a6c8d2-c42c-4715-9cbb-36969180f8b7,function_execution_time,1780474883.525888,0.000082597
experiment_name,17a6c8d2-c42c-4715-9cbb-36969180f8b7,function_execution_time,1780474883.6271377,0.000071497
experiment_name,17a6c8d2-c42c-4715-9cbb-36969180f8b7,function_execution_time,1780474883.7285373,0.000092388
experiment_name,17a6c8d2-c42c-4715-9cbb-36969180f8b7,function_execution_time,1780474883.829815,0.000079992
experiment_name,17a6c8d2-c42c-4715-9cbb-36969180f8b7,function_execution_time,1780474883.9310017,0.000077778
experiment_name,17a6c8d2-c42c-4715-9cbb-36969180f8b7,function_execution_time,1780474884.0323029,0.000070245
experiment_name,17a6c8d2-c42c-4715-9cbb-36969180f8b7,function_execution_time,1780474884.133766,0.000071273
experiment_name,17a6c8d2-c42c-4715-9cbb-36969180f8b7,function_execution_time,1780474884.2350478,0.000085396
experiment_name,17a6c8d2-c42c-4715-9cbb-36969180f8b7,function_execution_time,1780474884.336426,0.000071516
experiment_name,17a6c8d2-c42c-4715-9cbb-36969180f8b7,function_execution_time,1780474884.4378314,0.000145433
experiment_name,17a6c8d2-c42c-4715-9cbb-36969180f8b7,function_execution_time,1780474884.5392075,0.000080923
experiment_name,17a6c8d2-c42c-4715-9cbb-36969180f8b7,function_execution_time,1780474884.6404722,0.000087484
experiment_name,17a6c8d2-c42c-4715-9cbb-36969180f8b7,function_execution_time,1780474884.7418125,0.000070345
experiment_name,17a6c8d2-c42c-4715-9cbb-36969180f8b7,function_execution_time,1780474884.8431137,0.000072756
experiment_name,17a6c8d2-c42c-4715-9cbb-36969180f8b7,function_execution_time,1780474884.944506,0.000090251
experiment_name,17a6c8d2-c42c-4715-9cbb-36969180f8b7,function_execution_time,1780474885.045718,0.000077888
experiment_name,17a6c8d2-c42c-4715-9cbb-36969180f8b7,function_execution_time,1780474885.1470034,0.000072329
experiment_name,17a6c8d2-c42c-4715-9cbb-36969180f8b7,function_execution_time,1780474885.2483325,0.000072951
experiment_name,17a6c8d2-c42c-4715-9cbb-36969180f8b7,function_execution_time,1780474885.3496282,0.000071547
experiment_name,17a6c8d2-c42c-4715-9cbb-36969180f8b7,function_execution_time,1780474885.450979,0.000146417
experiment_name,17a6c8d2-c42c-4715-9cbb-36969180f8b7,function_execution_time,1780474885.552198,0.000080061
experiment_name,17a6c8d2-c42c-4715-9cbb-36969180f8b7,function_execution_time,1780474885.652621,0.000076541
experiment_name,17a6c8d2-c42c-4715-9cbb-36969180f8b7,function_execution_time,1780474885.754084,0.00007284
experiment_name,17a6c8d2-c42c-4715-9cbb-36969180f8b7,function_execution_time,1780474885.8553965,0.000077869
experiment_name,17a6c8d2-c42c-4715-9cbb-36969180f8b7,function_execution_time,1780474885.956784,0.000080545
experiment_name,a02d7b3d-20ae-4ade-8fa4-df52e5e4f28b,function_execution_time,1780474881.0983663,0.00005901
experiment_name,a02d7b3d-20ae-4ade-8fa4-df52e5e4f28b,function_execution_time,1780474881.1986501,0.000065553
experiment_name,a02d7b3d-20ae-4ade-8fa4-df52e5e4f28b,function_execution_time,1780474881.299984,0.000055222
experiment_name,a02d7b3d-20ae-4ade-8fa4-df52e5e4f28b,function_execution_time,1780474881.4013402,0.000057759
experiment_name,a02d7b3d-20ae-4ade-8fa4-df52e5e4f28b,function_execution_time,1780474881.5017169,0.000054491
experiment_name,a02d7b3d-20ae-4ade-8fa4-df52e5e4f28b,function_execution_time,1780474881.6029837,0.000065859
experiment_name,a02d7b3d-20ae-4ade-8fa4-df52e5e4f28b,function_execution_time,1780474881.7042773,0.000055011
experiment_name,a02d7b3d-20ae-4ade-8fa4-df52e5e4f28b,function_execution_time,1780474881.804758,0.000057475
experiment_name,a02d7b3d-20ae-4ade-8fa4-df52e5e4f28b,function_execution_time,1780474881.9060442,0.000058667
experiment_name,a02d7b3d-20ae-4ade-8fa4-df52e5e4f28b,function_execution_time,1780474882.0072901,0.000056378
experiment_name,a02d7b3d-20ae-4ade-8fa4-df52e5e4f28b,function_execution_time,1780474882.1076763,0.000073489
experiment_name,a02d7b3d-20ae-4ade-8fa4-df52e5e4f28b,function_execution_time,1780474882.2089875,0.000061627
experiment_name,a02d7b3d-20ae-4ade-8fa4-df52e5e4f28b,function_execution_time,1780474882.310371,0.000054203
experiment_name,a02d7b3d-20ae-4ade-8fa4-df52e5e4f28b,function_execution_time,1780474882.411628,0.000057429
experiment_name,a02d7b3d-20ae-4ade-8fa4-df52e5e4f28b,function_execution_time,1780474882.5129726,0.000065146
experiment_name,a02d7b3d-20ae-4ade-8fa4-df52e5e4f28b,function_execution_time,1780474882.614212,0.000059575
experiment_name,a02d7b3d-20ae-4ade-8fa4-df52e5e4f28b,function_execution_time,1780474882.715523,0.000063257
experiment_name,a02d7b3d-20ae-4ade-8fa4-df52e5e4f28b,function_execution_time,1780474882.8169267,0.00006255
experiment_name,a02d7b3d-20ae-4ade-8fa4-df52e5e4f28b,function_execution_time,1780474882.918253,0.000050919
experiment_name,a02d7b3d-20ae-4ade-8fa4-df52e5e4f28b,function_execution_time,1780474883.0195148,0.00010851
experiment_name,a02d7b3d-20ae-4ade-8fa4-df52e5e4f28b,function_execution_time,1780474883.120692,0.000045901
experiment_name,a02d7b3d-20ae-4ade-8fa4-df52e5e4f28b,function_execution_time,1780474883.2219129,0.000057978
experiment_name,a02d7b3d-20ae-4ade-8fa4-df52e5e4f28b,function_execution_time,1780474883.3231668,0.000044298
experiment_name,a02d7b3d-20ae-4ade-8fa4-df52e5e4f28b,function_execution_time,1780474883.4245634,0.000048004
experiment_name,a02d7b3d-20ae-4ade-8fa4-df52e5e4f28b,function_execution_time,1780474883.5259984,0.000059597
experiment_name,a02d7b3d-20ae-4ade-8fa4-df52e5e4f28b,function_execution_time,1780474883.6272843,0.000060751
experiment_name,a02d7b3d-20ae-4ade-8fa4-df52e5e4f28b,function_execution_time,1780474883.7286358,0.000067243
experiment_name,a02d7b3d-20ae-4ade-8fa4-df52e5e4f28b,function_execution_time,1780474883.8298998,0.000055155
experiment_name,a02d7b3d-20ae-4ade-8fa4-df52e5e4f28b,function_execution_time,1780474883.9311295,0.000055819
experiment_name,a02d7b3d-20ae-4ade-8fa4-df52e5e4f28b,function_execution_time,1780474884.0324688,0.000068688
experiment_name,a02d7b3d-20ae-4ade-8fa4-df52e5e4f28b,function_execution_time,1780474884.1338563,0.000066822
experiment_name,a02d7b3d-20ae-4ade-8fa4-df52e5e4f28b,function_execution_time,1780474884.2351239,0.000066587
experiment_name,a02d7b3d-20ae-4ade-8fa4-df52e5e4f28b,function_execution_time,1780474884.3365703,0.000055804
experiment_name,a02d7b3d-20ae-4ade-8fa4-df52e5e4f28b,function_execution_time,1780474884.4378839,0.000054422
experiment_name,a02d7b3d-20ae-4ade-8fa4-df52e5e4f28b,function_execution_time,1780474884.539297,0.000056454
experiment_name,a02d7b3d-20ae-4ade-8fa4-df52e5e4f28b,function_execution_time,1780474884.6406507,0.00006642
experiment_name,a02d7b3d-20ae-4ade-8fa4-df52e5e4f28b,function_execution_time,1780474884.7419574,0.000056527
experiment_name,a02d7b3d-20ae-4ade-8fa4-df52e5e4f28b,function_execution_time,1780474884.8432586,0.00006379
experiment_name,a02d7b3d-20ae-4ade-8fa4-df52e5e4f28b,function_execution_time,1780474884.9445336,0.000064187
experiment_name,a02d7b3d-20ae-4ade-8fa4-df52e5e4f28b,function_execution_time,1780474885.0458443,0.000055387
experiment_name,a02d7b3d-20ae-4ade-8fa4-df52e5e4f28b,function_execution_time,1780474885.147158,0.000066513
experiment_name,a02d7b3d-20ae-4ade-8fa4-df52e5e4f28b,function_execution_time,1780474885.2484775,0.000071127
experiment_name,a02d7b3d-20ae-4ade-8fa4-df52e5e4f28b,function_execution_time,1780474885.349782,0.000058949
experiment_name,a02d7b3d-20ae-4ade-8fa4-df52e5e4f28b,function_execution_time,1780474885.451039,0.000057944
experiment_name,a02d7b3d-20ae-4ade-8fa4-df52e5e4f28b,function_execution_time,1780474885.5523853,0.000059574
experiment_name,a02d7b3d-20ae-4ade-8fa4-df52e5e4f28b,function_execution_time,1780474885.6527395,0.000066017
experiment_name,a02d7b3d-20ae-4ade-8fa4-df52e5e4f28b,function_execution_time,1780474885.754223,0.00005544
experiment_name,a02d7b3d-20ae-4ade-8fa4-df52e5e4f28b,function_execution_time,1780474885.8555472,0.000057838
experiment_name,a02d7b3d-20ae-4ade-8fa4-df52e5e4f28b,function_execution_time,1780474885.956882,0.00005942
experiment_name,a02d7b3d-20ae-4ade-8fa4-df52e5e4f28b,function_transfer_time,1780474881.0983646,0.000037713
experiment_name,a02d7b3d-20ae-4ade-8fa4-df52e5e4f28b,function_transfer_time,1780474881.1985834,0.000060964
experiment_name,a02d7b3d-20ae-4ade-8fa4-df52e5e4f28b,function_transfer_time,1780474881.2999218,0.000084417
experiment_name,a02d7b3d-20ae-4ade-8fa4-df52e5e4f28b,function_transfer_time,1780474881.4012823,0.000038324
experiment_name,a02d7b3d-20ae-4ade-8fa4-df52e5e4f28b,function_transfer_time,1780474881.5016587,0.000115407
experiment_name,a02d7b3d-20ae-4ade-8fa4-df52e5e4f28b,function_transfer_time,1780474881.6029177,0.000111984
experiment_name,a02d7b3d-20ae-4ade-8fa4-df52e5e4f28b,function_transfer_time,1780474881.7042096,0.000091637
experiment_name,a02d7b3d-20ae-4ade-8fa4-df52e5e4f28b,function_transfer_time,1780474881.8046954,0.00010905
experiment_name,a02d7b3d-20ae-4ade-8fa4-df52e5e4f28b,function_transfer_time,1780474881.9059842,0.000105984
experiment_name,a02d7b3d-20ae-4ade-8fa4-df52e5e4f28b,function_transfer_time,1780474882.0072334,0.000024715
experiment_name,a02d7b3d-20ae-4ade-8fa4-df52e5e4f28b,function_transfer_time,1780474882.1076496,0.000073492
experiment_name,a02d7b3d-20ae-4ade-8fa4-df52e5e4f28b,function_transfer_time,1780474882.2089841,0.000048179
experiment_name,a02d7b3d-20ae-4ade-8fa4-df52e5e4f28b,function_transfer_time,1780474882.3103158,0.000116067
experiment_name,a02d7b3d-20ae-4ade-8fa4-df52e5e4f28b,function_transfer_time,1780474882.411567,0.000037371
experiment_name,a02d7b3d-20ae-4ade-8fa4-df52e5e4f28b,function_transfer_time,1780474882.5129073,0.000126486
experiment_name,a02d7b3d-20ae-4ade-8fa4-df52e5e4f28b,function_transfer_time,1780474882.6141517,0.000153951
experiment_name,a02d7b3d-20ae-4ade-8fa4-df52e5e4f28b,function_transfer_time,1780474882.715504,0.000063728
experiment_name,a02d7b3d-20ae-4ade-8fa4-df52e5e4f28b,function_transfer_time,1780474882.816854,0.000084077
experiment_name,a02d7b3d-20ae-4ade-8fa4-df52e5e4f28b,function_transfer_time,1780474882.9182494,0.000065305
experiment_name,a02d7b3d-20ae-4ade-8fa4-df52e5e4f28b,function_transfer_time,1780474883.0194852,0.000019459
experiment_name,a02d7b3d-20ae-4ade-8fa4-df52e5e4f28b,function_transfer_time,1780474883.1206863,0.000023338
experiment_name,a02d7b3d-20ae-4ade-8fa4-df52e5e4f28b,function_transfer_time,1780474883.221907,0.000013913
experiment_name,a02d7b3d-20ae-4ade-8fa4-df52e5e4f28b,function_transfer_time,1780474883.3231235,0.000063364
experiment_name,a02d7b3d-20ae-4ade-8fa4-df52e5e4f28b,function_transfer_time,1780474883.4245188,0.00002871
experiment_name,a02d7b3d-20ae-4ade-8fa4-df52e5e4f28b,function_transfer_time,1780474883.525932,0.000128971
experiment_name,a02d7b3d-20ae-4ade-8fa4-df52e5e4f28b,function_transfer_time,1780474883.627216,0.000114838
experiment_name,a02d7b3d-20ae-4ade-8fa4-df52e5e4f28b,function_transfer_time,1780474883.7285616,0.000124202
experiment_name,a02d7b3d-20ae-4ade-8fa4-df52e5e4f28b,function_transfer_time,1780474883.8298378,0.000115298
experiment_name,a02d7b3d-20ae-4ade-8fa4-df52e5e4f28b,function_transfer_time,1780474883.9310665,0.000098856
experiment_name,a02d7b3d-20ae-4ade-8fa4-df52e5e4f28b,function_transfer_time,1780474884.0323997,0.000115874
experiment_name,a02d7b3d-20ae-4ade-8fa4-df52e5e4f28b,function_transfer_time,1780474884.1338348,0.000047049
experiment_name,a02d7b3d-20ae-4ade-8fa4-df52e5e4f28b,function_transfer_time,1780474884.2350502,0.000038961
experiment_name,a02d7b3d-20ae-4ade-8fa4-df52e5e4f28b,function_transfer_time,1780474884.3365145,0.000108373
experiment_name,a02d7b3d-20ae-4ade-8fa4-df52e5e4f28b,function_transfer_time,1780474884.4378288,0.000033233
experiment_name,a02d7b3d-20ae-4ade-8fa4-df52e5e4f28b,function_transfer_time,1780474884.5392337,0.000119062
experiment_name,a02d7b3d-20ae-4ade-8fa4-df52e5e4f28b,function_transfer_time,1780474884.640583,0.00014314
experiment_name,a02d7b3d-20ae-4ade-8fa4-df52e5e4f28b,function_transfer_time,1780474884.7419002,0.000114504
experiment_name,a02d7b3d-20ae-4ade-8fa4-df52e5e4f28b,function_transfer_time,1780474884.843217,0.00010732
experiment_name,a02d7b3d-20ae-4ade-8fa4-df52e5e4f28b,function_transfer_time,1780474884.94451,0.000048477
experiment_name,a02d7b3d-20ae-4ade-8fa4-df52e5e4f28b,function_transfer_time,1780474885.045782,0.00009652
experiment_name,a02d7b3d-20ae-4ade-8fa4-df52e5e4f28b,function_transfer_time,1780474885.1470907,0.000115035
experiment_name,a02d7b3d-20ae-4ade-8fa4-df52e5e4f28b,function_transfer_time,1780474885.2484174,0.000096504
experiment_name,a02d7b3d-20ae-4ade-8fa4-df52e5e4f28b,function_transfer_time,1780474885.3497179,0.000116055
experiment_name,a02d7b3d-20ae-4ade-8fa4-df52e5e4f28b,function_transfer_time,1780474885.4509814,0.000035094
experiment_name,a02d7b3d-20ae-4ade-8fa4-df52e5e4f28b,function_transfer_time,1780474885.5523252,0.000140867
experiment_name,a02d7b3d-20ae-4ade-8fa4-df52e5e4f28b,function_transfer_time,1780474885.6526632,0.000115908
experiment_name,a02d7b3d-20ae-4ade-8fa4-df52e5e4f28b,function_transfer_time,1780474885.7541661,0.000104975
experiment_name,a02d7b3d-20ae-4ade-8fa4-df52e5e4f28b,function_transfer_time,1780474885.8554816,0.000117226
experiment_name,a02d7b3d-20ae-4ade-8fa4-df52e5e4f28b,function_transfer_time,1780474885.9568157,0.000111128
experiment_name,17a6c8d2-c42c-4715-9cbb-36969180f8b7,function_transfer_time,1780474881.0982063,0.000088769
experiment_name,17a6c8d2-c42c-4715-9cbb-36969180f8b7,function_transfer_time,1780474881.1984665,0.00003033
experiment_name,17a6c8d2-c42c-4715-9cbb-36969180f8b7,function_transfer_time,1780474881.2997913,0.0000769
experiment_name,17a6c8d2-c42c-4715-9cbb-36969180f8b7,function_transfer_time,1780474881.401113,0.00008235
experiment_name,17a6c8d2-c42c-4715-9cbb-36969180f8b7,function_transfer_time,1780474881.5014942,0.000084747
experiment_name,17a6c8d2-c42c-4715-9cbb-36969180f8b7,function_transfer_time,1780474881.60275,0.000020551
experiment_name,17a6c8d2-c42c-4715-9cbb-36969180f8b7,function_transfer_time,1780474881.7040641,0.000082494
experiment_name,17a6c8d2-c42c-4715-9cbb-36969180f8b7,function_transfer_time,1780474881.8045285,0.00007749
experiment_name,17a6c8d2-c42c-4715-9cbb-36969180f8b7,function_transfer_time,1780474881.905828,0.000079982
experiment_name,17a6c8d2-c42c-4715-9cbb-36969180f8b7,function_transfer_time,1780474882.007151,0.000083194
experiment_name,17a6c8d2-c42c-4715-9cbb-36969180f8b7,function_transfer_time,1780474882.1074731,0.000078597
experiment_name,17a6c8d2-c42c-4715-9cbb-36969180f8b7,function_transfer_time,1780474882.2088082,0.000082398
experiment_name,17a6c8d2-c42c-4715-9cbb-36969180f8b7,function_transfer_time,1780474882.3101466,0.000082712
experiment_name,17a6c8d2-c42c-4715-9cbb-36969180f8b7,function_transfer_time,1780474882.4113986,0.000024254
experiment_name,17a6c8d2-c42c-4715-9cbb-36969180f8b7,function_transfer_time,1780474882.5127184,0.000021561
experiment_name,17a6c8d2-c42c-4715-9cbb-36969180f8b7,function_transfer_time,1780474882.6139424,0.000022427
experiment_name,17a6c8d2-c42c-4715-9cbb-36969180f8b7,function_transfer_time,1780474882.7153397,0.000094281
experiment_name,17a6c8d2-c42c-4715-9cbb-36969180f8b7,function_transfer_time,1780474882.8167112,0.000086379
experiment_name,17a6c8d2-c42c-4715-9cbb-36969180f8b7,function_transfer_time,1780474882.9180903,0.000014552
experiment_name,17a6c8d2-c42c-4715-9cbb-36969180f8b7,function_transfer_time,1780474883.0193522,0.000014225
experiment_name,17a6c8d2-c42c-4715-9cbb-36969180f8b7,function_transfer_time,1780474883.1205678,0.000014305
experiment_name,17a6c8d2-c42c-4715-9cbb-36969180f8b7,function_transfer_time,1780474883.221784,0.000013821
experiment_name,17a6c8d2-c42c-4715-9cbb-36969180f8b7,function_transfer_time,1780474883.323017,0.000012846
experiment_name,17a6c8d2-c42c-4715-9cbb-36969180f8b7,function_transfer_time,1780474883.4243376,0.00008111
experiment_name,17a6c8d2-c42c-4715-9cbb-36969180f8b7,function_transfer_time,1780474883.5257435,0.000078607
experiment_name,17a6c8d2-c42c-4715-9cbb-36969180f8b7,function_transfer_time,1780474883.6270487,0.000078756
experiment_name,17a6c8d2-c42c-4715-9cbb-36969180f8b7,function_transfer_time,1780474883.7283854,0.000082841
experiment_name,17a6c8d2-c42c-4715-9cbb-36969180f8b7,function_transfer_time,1780474883.8296714,0.000076942
experiment_name,17a6c8d2-c42c-4715-9cbb-36969180f8b7,function_transfer_time,1780474883.930919,0.000020887
experiment_name,17a6c8d2-c42c-4715-9cbb-36969180f8b7,function_transfer_time,1780474884.0323005,0.000081668
experiment_name,17a6c8d2-c42c-4715-9cbb-36969180f8b7,function_transfer_time,1780474884.133689,0.000074669
experiment_name,17a6c8d2-c42c-4715-9cbb-36969180f8b7,function_transfer_time,1780474884.2349548,0.000022335
experiment_name,17a6c8d2-c42c-4715-9cbb-36969180f8b7,function_transfer_time,1780474884.3363514,0.000075388
experiment_name,17a6c8d2-c42c-4715-9cbb-36969180f8b7,function_transfer_time,1780474884.4376783,0.000082937
experiment_name,17a6c8d2-c42c-4715-9cbb-36969180f8b7,function_transfer_time,1780474884.5390646,0.000082607
experiment_name,17a6c8d2-c42c-4715-9cbb-36969180f8b7,function_transfer_time,1780474884.6403866,0.000093386
experiment_name,17a6c8d2-c42c-4715-9cbb-36969180f8b7,function_transfer_time,1780474884.741731,0.00008285
experiment_name,17a6c8d2-c42c-4715-9cbb-36969180f8b7,function_transfer_time,1780474884.843033,0.000075998
experiment_name,17a6c8d2-c42c-4715-9cbb-36969180f8b7,function_transfer_time,1780474884.9443607,0.000084149
experiment_name,17a6c8d2-c42c-4715-9cbb-36969180f8b7,function_transfer_time,1780474885.0456352,0.000075824
experiment_name,17a6c8d2-c42c-4715-9cbb-36969180f8b7,function_transfer_time,1780474885.1469204,0.000077485
experiment_name,17a6c8d2-c42c-4715-9cbb-36969180f8b7,function_transfer_time,1780474885.2483175,0.000074376
experiment_name,17a6c8d2-c42c-4715-9cbb-36969180f8b7,function_transfer_time,1780474885.349552,0.000074592
experiment_name,17a6c8d2-c42c-4715-9cbb-36969180f8b7,function_transfer_time,1780474885.450827,0.000026713
experiment_name,17a6c8d2-c42c-4715-9cbb-36969180f8b7,function_transfer_time,1780474885.5521212,0.000022161
experiment_name,17a6c8d2-c42c-4715-9cbb-36969180f8b7,function_transfer_time,1780474885.6524973,0.000077263
experiment_name,17a6c8d2-c42c-4715-9cbb-36969180f8b7,function_transfer_time,1780474885.7540112,0.000083986
experiment_name,17a6c8d2-c42c-4715-9cbb-36969180f8b7,function_transfer_time,1780474885.8553143,0.000082509
experiment_name,17a6c8d2-c42c-4715-9cbb-36969180f8b7,function_transfer_time,1780474885.9566503,0.000078708
experiment_name,17a6c8d2-c42c-4715-9cbb-36969180f8b7,function_execution_time,1780474886.0584204,0.000077797
experiment_name,17a6c8d2-c42c-4715-9cbb-36969180f8b7,function_execution_time,1780474886.1598215,0.000083869
experiment_name,17a6c8d2-c42c-4715-9cbb-36969180f8b7,function_execution_time,1780474886.2610936,0.000072302
experiment_name,17a6c8d2-c42c-4715-9cbb-36969180f8b7,function_execution_time,1780474886.3624384,0.000069736
experiment_name,17a6c8d2-c42c-4715-9cbb-36969180f8b7,function_execution_time,1780474886.4638717,0.000153113
experiment_name,17a6c8d2-c42c-4715-9cbb-36969180f8b7,function_execution_time,1780474886.5651603,0.000084571
experiment_name,17a6c8d2-c42c-4715-9cbb-36969180f8b7,function_execution_time,1780474886.6664963,0.000092248
experiment_name,17a6c8d2-c42c-4715-9cbb-36969180f8b7,function_execution_time,1780474886.7678196,0.000072169
experiment_name,17a6c8d2-c42c-4715-9cbb-36969180f8b7,function_execution_time,1780474886.8691626,0.000153868
experiment_name,17a6c8d2-c42c-4715-9cbb-36969180f8b7,function_execution_time,1780474886.9696355,0.000093357
experiment_name,17a6c8d2-c42c-4715-9cbb-36969180f8b7,function_execution_time,1780474887.0709507,0.000094731
experiment_name,17a6c8d2-c42c-4715-9cbb-36969180f8b7,function_execution_time,1780474887.172229,0.000076619
experiment_name,17a6c8d2-c42c-4715-9cbb-36969180f8b7,function_execution_time,1780474887.273557,0.000078384
experiment_name,17a6c8d2-c42c-4715-9cbb-36969180f8b7,function_execution_time,1780474887.3748908,0.000070009
experiment_name,17a6c8d2-c42c-4715-9cbb-36969180f8b7,function_execution_time,1780474887.4762783,0.000146247
experiment_name,17a6c8d2-c42c-4715-9cbb-36969180f8b7,function_execution_time,1780474887.5765707,0.000083652
experiment_name,17a6c8d2-c42c-4715-9cbb-36969180f8b7,function_execution_time,1780474887.6779187,0.00007226
experiment_name,17a6c8d2-c42c-4715-9cbb-36969180f8b7,function_execution_time,1780474887.779151,0.000069939
experiment_name,17a6c8d2-c42c-4715-9cbb-36969180f8b7,function_execution_time,1780474887.8805637,0.000093724
experiment_name,17a6c8d2-c42c-4715-9cbb-36969180f8b7,function_execution_time,1780474887.9817936,0.000071148
experiment_name,17a6c8d2-c42c-4715-9cbb-36969180f8b7,function_execution_time,1780474888.0831146,0.000068585
experiment_name,17a6c8d2-c42c-4715-9cbb-36969180f8b7,function_execution_time,1780474888.1845214,0.000085549
experiment_name,17a6c8d2-c42c-4715-9cbb-36969180f8b7,function_execution_time,1780474888.2857826,0.000080127
experiment_name,17a6c8d2-c42c-4715-9cbb-36969180f8b7,function_execution_time,1780474888.38706,0.00006328
experiment_name,17a6c8d2-c42c-4715-9cbb-36969180f8b7,function_execution_time,1780474888.4884624,0.000170103
experiment_name,17a6c8d2-c42c-4715-9cbb-36969180f8b7,function_execution_time,1780474888.5896893,0.00007687
experiment_name,17a6c8d2-c42c-4715-9cbb-36969180f8b7,function_execution_time,1780474888.6910036,0.000073701
experiment_name,17a6c8d2-c42c-4715-9cbb-36969180f8b7,function_execution_time,1780474888.7922497,0.000068912
experiment_name,17a6c8d2-c42c-4715-9cbb-36969180f8b7,function_execution_time,1780474888.8925815,0.000070738
experiment_name,17a6c8d2-c42c-4715-9cbb-36969180f8b7,function_execution_time,1780474888.9938407,0.000089678
experiment_name,17a6c8d2-c42c-4715-9cbb-36969180f8b7,function_execution_time,1780474889.0951636,0.000076076
experiment_name,17a6c8d2-c42c-4715-9cbb-36969180f8b7,function_execution_time,1780474889.1964204,0.000069417
experiment_name,17a6c8d2-c42c-4715-9cbb-36969180f8b7,function_execution_time,1780474889.297751,0.000078889
experiment_name,17a6c8d2-c42c-4715-9cbb-36969180f8b7,function_execution_time,1780474889.3990607,0.000071109
experiment_name,17a6c8d2-c42c-4715-9cbb-36969180f8b7,function_execution_time,1780474889.5004764,0.000166206
experiment_name,17a6c8d2-c42c-4715-9cbb-36969180f8b7,function_execution_time,1780474889.6017694,0.000070507
experiment_name,17a6c8d2-c42c-4715-9cbb-36969180f8b7,function_execution_time,1780474889.7030172,0.000080308
experiment_name,17a6c8d2-c42c-4715-9cbb-36969180f8b7,function_execution_time,1780474889.8043451,0.00006914
experiment_name,17a6c8d2-c42c-4715-9cbb-36969180f8b7,function_execution_time,1780474889.9056697,0.000069802
experiment_name,17a6c8d2-c42c-4715-9cbb-36969180f8b7,function_execution_time,1780474890.0069673,0.000106064
experiment_name,17a6c8d2-c42c-4715-9cbb-36969180f8b7,function_execution_time,1780474890.1084774,0.000098566
experiment_name,17a6c8d2-c42c-4715-9cbb-36969180f8b7,function_execution_time,1780474890.2098215,0.000079129
experiment_name,17a6c8d2-c42c-4715-9cbb-36969180f8b7,function_execution_time,1780474890.3110762,0.000075401
experiment_name,17a6c8d2-c42c-4715-9cbb-36969180f8b7,function_execution_time,1780474890.4124014,0.000088899
experiment_name,17a6c8d2-c42c-4715-9cbb-36969180f8b7,function_execution_time,1780474890.5137684,0.000132094
experiment_name,17a6c8d2-c42c-4715-9cbb-36969180f8b7,function_execution_time,1780474890.6150784,0.000073796
experiment_name,17a6c8d2-c42c-4715-9cbb-36969180f8b7,function_execution_time,1780474890.7163622,0.000077588
experiment_name,17a6c8d2-c42c-4715-9cbb-36969180f8b7,function_execution_time,1780474890.8177438,0.000076889
experiment_name,17a6c8d2-c42c-4715-9cbb-36969180f8b7,function_execution_time,1780474890.9190187,0.000072962
experiment_name,a02d7b3d-20ae-4ade-8fa4-df52e5e4f28b,function_execution_time,1780474886.058582,0.000067679
experiment_name,a02d7b3d-20ae-4ade-8fa4-df52e5e4f28b,function_execution_time,1780474886.1598961,0.000055996
experiment_name,a02d7b3d-20ae-4ade-8fa4-df52e5e4f28b,function_execution_time,1780474886.2612488,0.000059808
experiment_name,a02d7b3d-20ae-4ade-8fa4-df52e5e4f28b,function_execution_time,1780474886.3625314,0.000060317
experiment_name,a02d7b3d-20ae-4ade-8fa4-df52e5e4f28b,function_execution_time,1780474886.463926,0.000057824
experiment_name,a02d7b3d-20ae-4ade-8fa4-df52e5e4f28b,function_execution_time,1780474886.5652955,0.000064575
experiment_name,a02d7b3d-20ae-4ade-8fa4-df52e5e4f28b,function_execution_time,1780474886.6665633,0.000056746
experiment_name,a02d7b3d-20ae-4ade-8fa4-df52e5e4f28b,function_execution_time,1780474886.7678957,0.000057929
experiment_name,a02d7b3d-20ae-4ade-8fa4-df52e5e4f28b,function_execution_time,1780474886.8692033,0.000088908
experiment_name,a02d7b3d-20ae-4ade-8fa4-df52e5e4f28b,function_execution_time,1780474886.9697466,0.000069978
experiment_name,a02d7b3d-20ae-4ade-8fa4-df52e5e4f28b,function_execution_time,1780474887.0710585,0.000068477
experiment_name,a02d7b3d-20ae-4ade-8fa4-df52e5e4f28b,function_execution_time,1780474887.1723933,0.000059146
experiment_name,a02d7b3d-20ae-4ade-8fa4-df52e5e4f28b,function_execution_time,1780474887.273698,0.000059247
experiment_name,a02d7b3d-20ae-4ade-8fa4-df52e5e4f28b,function_execution_time,1780474887.3750608,0.00006555
experiment_name,a02d7b3d-20ae-4ade-8fa4-df52e5e4f28b,function_execution_time,1780474887.476333,0.000056782
experiment_name,a02d7b3d-20ae-4ade-8fa4-df52e5e4f28b,function_execution_time,1780474887.5767348,0.00005864
experiment_name,a02d7b3d-20ae-4ade-8fa4-df52e5e4f28b,function_execution_time,1780474887.6780086,0.000063705
experiment_name,a02d7b3d-20ae-4ade-8fa4-df52e5e4f28b,function_execution_time,1780474887.7793162,0.000067886
experiment_name,a02d7b3d-20ae-4ade-8fa4-df52e5e4f28b,function_execution_time,1780474887.8806257,0.000055161
experiment_name,a02d7b3d-20ae-4ade-8fa4-df52e5e4f28b,function_execution_time,1780474887.9819517,0.000054336
experiment_name,a02d7b3d-20ae-4ade-8fa4-df52e5e4f28b,function_execution_time,1780474888.0832648,0.000054495
experiment_name,a02d7b3d-20ae-4ade-8fa4-df52e5e4f28b,function_execution_time,1780474888.184617,0.000056514
experiment_name,a02d7b3d-20ae-4ade-8fa4-df52e5e4f28b,function_execution_time,1780474888.2858856,0.000076394
experiment_name,a02d7b3d-20ae-4ade-8fa4-df52e5e4f28b,function_execution_time,1780474888.387198,0.000056783
experiment_name,a02d7b3d-20ae-4ade-8fa4-df52e5e4f28b,function_execution_time,1780474888.4885187,0.000058395
experiment_name,a02d7b3d-20ae-4ade-8fa4-df52e5e4f28b,function_execution_time,1780474888.5898285,0.000055488
experiment_name,a02d7b3d-20ae-4ade-8fa4-df52e5e4f28b,function_execution_time,1780474888.6910963,0.000068363
experiment_name,a02d7b3d-20ae-4ade-8fa4-df52e5e4f28b,function_execution_time,1780474888.7924047,0.000054959
experiment_name,a02d7b3d-20ae-4ade-8fa4-df52e5e4f28b,function_execution_time,1780474888.8927405,0.000054643
experiment_name,a02d7b3d-20ae-4ade-8fa4-df52e5e4f28b,function_execution_time,1780474888.9938958,0.000057264
experiment_name,a02d7b3d-20ae-4ade-8fa4-df52e5e4f28b,function_execution_time,1780474889.0953248,0.000057057
experiment_name,a02d7b3d-20ae-4ade-8fa4-df52e5e4f28b,function_execution_time,1780474889.19658,0.000066917
experiment_name,a02d7b3d-20ae-4ade-8fa4-df52e5e4f28b,function_execution_time,1780474889.2978382,0.000055971
experiment_name,a02d7b3d-20ae-4ade-8fa4-df52e5e4f28b,function_execution_time,1780474889.3992012,0.000058897
experiment_name,a02d7b3d-20ae-4ade-8fa4-df52e5e4f28b,function_execution_time,1780474889.5005324,0.000058511
experiment_name,a02d7b3d-20ae-4ade-8fa4-df52e5e4f28b,function_execution_time,1780474889.601937,0.00006218
experiment_name,a02d7b3d-20ae-4ade-8fa4-df52e5e4f28b,function_execution_time,1780474889.7031748,0.000062469
experiment_name,a02d7b3d-20ae-4ade-8fa4-df52e5e4f28b,function_execution_time,1780474889.804512,0.000053857
experiment_name,a02d7b3d-20ae-4ade-8fa4-df52e5e4f28b,function_execution_time,1780474889.9058318,0.000055586
experiment_name,a02d7b3d-20ae-4ade-8fa4-df52e5e4f28b,function_execution_time,1780474890.007106,0.000077081
experiment_name,a02d7b3d-20ae-4ade-8fa4-df52e5e4f28b,function_execution_time,1780474890.1086075,0.000061514
experiment_name,a02d7b3d-20ae-4ade-8fa4-df52e5e4f28b,function_execution_time,1780474890.2098908,0.000056512
experiment_name,a02d7b3d-20ae-4ade-8fa4-df52e5e4f28b,function_execution_time,1780474890.3112137,0.000056816
experiment_name,a02d7b3d-20ae-4ade-8fa4-df52e5e4f28b,function_execution_time,1780474890.4125264,0.000059305
experiment_name,a02d7b3d-20ae-4ade-8fa4-df52e5e4f28b,function_execution_time,1780474890.5138302,0.000064913
experiment_name,a02d7b3d-20ae-4ade-8fa4-df52e5e4f28b,function_execution_time,1780474890.6151965,0.000054468
experiment_name,a02d7b3d-20ae-4ade-8fa4-df52e5e4f28b,function_execution_time,1780474890.7165203,0.00005392
experiment_name,a02d7b3d-20ae-4ade-8fa4-df52e5e4f28b,function_execution_time,1780474890.8177686,0.000074378
experiment_name,a02d7b3d-20ae-4ade-8fa4-df52e5e4f28b,function_execution_time,1780474890.9191096,0.00006164
experiment_name,17a6c8d2-c42c-4715-9cbb-36969180f8b7,function_transfer_time,1780474886.058338,0.000083622
experiment_name,17a6c8d2-c42c-4715-9cbb-36969180f8b7,function_transfer_time,1780474886.1596684,0.00008061
experiment_name,17a6c8d2-c42c-4715-9cbb-36969180f8b7,function_transfer_time,1780474886.260998,0.000089829
experiment_name,17a6c8d2-c42c-4715-9cbb-36969180f8b7,function_transfer_time,1780474886.3623364,0.000081361
experiment_name,17a6c8d2-c42c-4715-9cbb-36969180f8b7,function_transfer_time,1780474886.463709,0.000094663
experiment_name,17a6c8d2-c42c-4715-9cbb-36969180f8b7,function_transfer_time,1780474886.565067,0.000081475
experiment_name,17a6c8d2-c42c-4715-9cbb-36969180f8b7,function_transfer_time,1780474886.666398,0.000076408
experiment_name,17a6c8d2-c42c-4715-9cbb-36969180f8b7,function_transfer_time,1780474886.7677422,0.000019354
experiment_name,17a6c8d2-c42c-4715-9cbb-36969180f8b7,function_transfer_time,1780474886.8690052,0.000029485
experiment_name,17a6c8d2-c42c-4715-9cbb-36969180f8b7,function_transfer_time,1780474886.9694784,0.000081859
experiment_name,17a6c8d2-c42c-4715-9cbb-36969180f8b7,function_transfer_time,1780474887.0708034,0.000089953
experiment_name,17a6c8d2-c42c-4715-9cbb-36969180f8b7,function_transfer_time,1780474887.1721458,0.000090617
experiment_name,17a6c8d2-c42c-4715-9cbb-36969180f8b7,function_transfer_time,1780474887.273456,0.000084119
experiment_name,17a6c8d2-c42c-4715-9cbb-36969180f8b7,function_transfer_time,1780474887.3748055,0.000079734
experiment_name,17a6c8d2-c42c-4715-9cbb-36969180f8b7,function_transfer_time,1780474887.4761236,0.000080222
experiment_name,17a6c8d2-c42c-4715-9cbb-36969180f8b7,function_transfer_time,1780474887.5764894,0.000082485
experiment_name,17a6c8d2-c42c-4715-9cbb-36969180f8b7,function_transfer_time,1780474887.6778295,0.000077949
experiment_name,17a6c8d2-c42c-4715-9cbb-36969180f8b7,function_transfer_time,1780474887.7790785,0.000018835
experiment_name,17a6c8d2-c42c-4715-9cbb-36969180f8b7,function_transfer_time,1780474887.8804123,0.000077152
experiment_name,17a6c8d2-c42c-4715-9cbb-36969180f8b7,function_transfer_time,1780474887.9817176,0.000076059
experiment_name,17a6c8d2-c42c-4715-9cbb-36969180f8b7,function_transfer_time,1780474888.083031,0.000074449
experiment_name,17a6c8d2-c42c-4715-9cbb-36969180f8b7,function_transfer_time,1780474888.1843781,0.000080576
experiment_name,17a6c8d2-c42c-4715-9cbb-36969180f8b7,function_transfer_time,1780474888.285698,0.000084308
experiment_name,17a6c8d2-c42c-4715-9cbb-36969180f8b7,function_transfer_time,1780474888.3869865,0.000024091
experiment_name,17a6c8d2-c42c-4715-9cbb-36969180f8b7,function_transfer_time,1780474888.4882874,0.000083263
experiment_name,17a6c8d2-c42c-4715-9cbb-36969180f8b7,function_transfer_time,1780474888.5896137,0.000022379
experiment_name,17a6c8d2-c42c-4715-9cbb-36969180f8b7,function_transfer_time,1780474888.690928,0.00007883
experiment_name,17a6c8d2-c42c-4715-9cbb-36969180f8b7,function_transfer_time,1780474888.7921748,0.000020285
experiment_name,17a6c8d2-c42c-4715-9cbb-36969180f8b7,function_transfer_time,1780474888.8925061,0.000078561
experiment_name,17a6c8d2-c42c-4715-9cbb-36969180f8b7,function_transfer_time,1780474888.9937403,0.000021392
experiment_name,17a6c8d2-c42c-4715-9cbb-36969180f8b7,function_transfer_time,1780474889.0950792,0.000087465
experiment_name,17a6c8d2-c42c-4715-9cbb-36969180f8b7,function_transfer_time,1780474889.196337,0.00002281
experiment_name,17a6c8d2-c42c-4715-9cbb-36969180f8b7,function_transfer_time,1780474889.2976673,0.000077298
experiment_name,17a6c8d2-c42c-4715-9cbb-36969180f8b7,function_transfer_time,1780474889.3989625,0.00002209
experiment_name,17a6c8d2-c42c-4715-9cbb-36969180f8b7,function_transfer_time,1780474889.5003006,0.000080836
experiment_name,17a6c8d2-c42c-4715-9cbb-36969180f8b7,function_transfer_time,1780474889.6016955,0.000075025
experiment_name,17a6c8d2-c42c-4715-9cbb-36969180f8b7,function_transfer_time,1780474889.702932,0.000019474
experiment_name,17a6c8d2-c42c-4715-9cbb-36969180f8b7,function_transfer_time,1780474889.8042681,0.00007562
experiment_name,17a6c8d2-c42c-4715-9cbb-36969180f8b7,function_transfer_time,1780474889.905585,0.000080429
experiment_name,17a6c8d2-c42c-4715-9cbb-36969180f8b7,function_transfer_time,1780474890.0068576,0.000028211
experiment_name,17a6c8d2-c42c-4715-9cbb-36969180f8b7,function_transfer_time,1780474890.108371,0.000082991
experiment_name,17a6c8d2-c42c-4715-9cbb-36969180f8b7,function_transfer_time,1780474890.2096899,0.000081693
experiment_name,17a6c8d2-c42c-4715-9cbb-36969180f8b7,function_transfer_time,1780474890.311002,0.000077761
experiment_name,17a6c8d2-c42c-4715-9cbb-36969180f8b7,function_transfer_time,1780474890.4123085,0.000076313
experiment_name,17a6c8d2-c42c-4715-9cbb-36969180f8b7,function_transfer_time,1780474890.5136244,0.000077078
experiment_name,17a6c8d2-c42c-4715-9cbb-36969180f8b7,function_transfer_time,1780474890.6150002,0.000081502
experiment_name,17a6c8d2-c42c-4715-9cbb-36969180f8b7,function_transfer_time,1780474890.716282,0.000076171
experiment_name,17a6c8d2-c42c-4715-9cbb-36969180f8b7,function_transfer_time,1780474890.8176107,0.0000753
experiment_name,17a6c8d2-c42c-4715-9cbb-36969180f8b7,function_transfer_time,1780474890.9188948,0.000085749
experiment_name,a02d7b3d-20ae-4ade-8fa4-df52e5e4f28b,function_transfer_time,1780474886.0585134,0.000120888
experiment_name,a02d7b3d-20ae-4ade-8fa4-df52e5e4f28b,function_transfer_time,1780474886.1598346,0.000116107
experiment_name,a02d7b3d-20ae-4ade-8fa4-df52e5e4f28b,function_transfer_time,1780474886.2611885,0.000132967
experiment_name,a02d7b3d-20ae-4ade-8fa4-df52e5e4f28b,function_transfer_time,1780474886.3624718,0.000083137
experiment_name,a02d7b3d-20ae-4ade-8fa4-df52e5e4f28b,function_transfer_time,1780474886.463868,0.000031958
experiment_name,a02d7b3d-20ae-4ade-8fa4-df52e5e4f28b,function_transfer_time,1780474886.5652237,0.000097011
experiment_name,a02d7b3d-20ae-4ade-8fa4-df52e5e4f28b,function_transfer_time,1780474886.6664987,0.000042835
experiment_name,a02d7b3d-20ae-4ade-8fa4-df52e5e4f28b,function_transfer_time,1780474886.7678928,0.000043352
experiment_name,a02d7b3d-20ae-4ade-8fa4-df52e5e4f28b,function_transfer_time,1780474886.8691106,0.000031743
experiment_name,a02d7b3d-20ae-4ade-8fa4-df52e5e4f28b,function_transfer_time,1780474886.9696705,0.000133452
experiment_name,a02d7b3d-20ae-4ade-8fa4-df52e5e4f28b,function_transfer_time,1780474887.0709786,0.000112462
experiment_name,a02d7b3d-20ae-4ade-8fa4-df52e5e4f28b,function_transfer_time,1780474887.172334,0.000132206
experiment_name,a02d7b3d-20ae-4ade-8fa4-df52e5e4f28b,function_transfer_time,1780474887.2736402,0.000119854
experiment_name,a02d7b3d-20ae-4ade-8fa4-df52e5e4f28b,function_transfer_time,1780474887.374995,0.000135345
experiment_name,a02d7b3d-20ae-4ade-8fa4-df52e5e4f28b,function_transfer_time,1780474887.4762752,0.000034049
experiment_name,a02d7b3d-20ae-4ade-8fa4-df52e5e4f28b,function_transfer_time,1780474887.5766764,0.00012342
experiment_name,a02d7b3d-20ae-4ade-8fa4-df52e5e4f28b,function_transfer_time,1780474887.6779935,0.000060355
experiment_name,a02d7b3d-20ae-4ade-8fa4-df52e5e4f28b,function_transfer_time,1780474887.7792463,0.000115263
experiment_name,a02d7b3d-20ae-4ade-8fa4-df52e5e4f28b,function_transfer_time,1780474887.8805661,0.000092835
experiment_name,a02d7b3d-20ae-4ade-8fa4-df52e5e4f28b,function_transfer_time,1780474887.9818969,0.000125869
experiment_name,a02d7b3d-20ae-4ade-8fa4-df52e5e4f28b,function_transfer_time,1780474888.0832098,0.000126413
experiment_name,a02d7b3d-20ae-4ade-8fa4-df52e5e4f28b,function_transfer_time,1780474888.184554,0.000126204
experiment_name,a02d7b3d-20ae-4ade-8fa4-df52e5e4f28b,function_transfer_time,1780474888.2858627,0.00004877
experiment_name,a02d7b3d-20ae-4ade-8fa4-df52e5e4f28b,function_transfer_time,1780474888.3871543,0.000108937
experiment_name,a02d7b3d-20ae-4ade-8fa4-df52e5e4f28b,function_transfer_time,1780474888.4884598,0.000038436
experiment_name,a02d7b3d-20ae-4ade-8fa4-df52e5e4f28b,function_transfer_time,1780474888.5897722,0.00010592
experiment_name,a02d7b3d-20ae-4ade-8fa4-df52e5e4f28b,function_transfer_time,1780474888.6910748,0.000045425
experiment_name,a02d7b3d-20ae-4ade-8fa4-df52e5e4f28b,function_transfer_time,1780474888.7923496,0.000122233
experiment_name,a02d7b3d-20ae-4ade-8fa4-df52e5e4f28b,function_transfer_time,1780474888.8926854,0.000126421
experiment_name,a02d7b3d-20ae-4ade-8fa4-df52e5e4f28b,function_transfer_time,1780474888.9938374,0.000031227
experiment_name,a02d7b3d-20ae-4ade-8fa4-df52e5e4f28b,function_transfer_time,1780474889.0952673,0.000131219
experiment_name,a02d7b3d-20ae-4ade-8fa4-df52e5e4f28b,function_transfer_time,1780474889.1965127,0.000120534
experiment_name,a02d7b3d-20ae-4ade-8fa4-df52e5e4f28b,function_transfer_time,1780474889.2977753,0.000055574
experiment_name,a02d7b3d-20ae-4ade-8fa4-df52e5e4f28b,function_transfer_time,1780474889.3991418,0.000124148
experiment_name,a02d7b3d-20ae-4ade-8fa4-df52e5e4f28b,function_transfer_time,1780474889.5004737,0.00004197
experiment_name,a02d7b3d-20ae-4ade-8fa4-df52e5e4f28b,function_transfer_time,1780474889.601874,0.00012544
experiment_name,a02d7b3d-20ae-4ade-8fa4-df52e5e4f28b,function_transfer_time,1780474889.7031112,0.000116776
experiment_name,a02d7b3d-20ae-4ade-8fa4-df52e5e4f28b,function_transfer_time,1780474889.8044574,0.000136797
experiment_name,a02d7b3d-20ae-4ade-8fa4-df52e5e4f28b,function_transfer_time,1780474889.905776,0.000134896
experiment_name,a02d7b3d-20ae-4ade-8fa4-df52e5e4f28b,function_transfer_time,1780474890.0070245,0.00009917
experiment_name,a02d7b3d-20ae-4ade-8fa4-df52e5e4f28b,function_transfer_time,1780474890.108538,0.000109118
experiment_name,a02d7b3d-20ae-4ade-8fa4-df52e5e4f28b,function_transfer_time,1780474890.2098243,0.000092464
experiment_name,a02d7b3d-20ae-4ade-8fa4-df52e5e4f28b,function_transfer_time,1780474890.3111532,0.000100787
experiment_name,a02d7b3d-20ae-4ade-8fa4-df52e5e4f28b,function_transfer_time,1780474890.4124582,0.000089518
experiment_name,a02d7b3d-20ae-4ade-8fa4-df52e5e4f28b,function_transfer_time,1780474890.5137649,0.000034275
experiment_name,a02d7b3d-20ae-4ade-8fa4-df52e5e4f28b,function_transfer_time,1780474890.6151347,0.000086524
experiment_name,a02d7b3d-20ae-4ade-8fa4-df52e5e4f28b,function_transfer_time,1780474890.7164598,0.000120176
experiment_name,a02d7b3d-20ae-4ade-8fa4-df52e5e4f28b,function_transfer_time,1780474890.81774,0.000029663
experiment_name,a02d7b3d-20ae-4ade-8fa4-df52e5e4f28b,function_transfer_time,1780474890.919041,0.000098245
experiment_name,17a6c8d2-c42c-4715-9cbb-36969180f8b7,function_execution_time,1780474891.0203712,0.000095952
experiment_name,17a6c8d2-c42c-4715-9cbb-36969180f8b7,function_execution_time,1780474891.1210225,0.000071546
experiment_name,17a6c8d2-c42c-4715-9cbb-36969180f8b7,function_execution_time,1780474891.2223053,0.000089806
experiment_name,17a6c8d2-c42c-4715-9cbb-36969180f8b7,function_execution_time,1780474891.3226073,0.000070745
experiment_name,17a6c8d2-c42c-4715-9cbb-36969180f8b7,function_execution_time,1780474891.4238849,0.00009161
experiment_name,17a6c8d2-c42c-4715-9cbb-36969180f8b7,function_execution_time,1780474891.5252175,0.00015004
experiment_name,17a6c8d2-c42c-4715-9cbb-36969180f8b7,function_execution_time,1780474891.6265268,0.000098715
experiment_name,17a6c8d2-c42c-4715-9cbb-36969180f8b7,function_execution_time,1780474891.727886,0.000085957
experiment_name,17a6c8d2-c42c-4715-9cbb-36969180f8b7,function_execution_time,1780474891.8291352,0.000075974
experiment_name,17a6c8d2-c42c-4715-9cbb-36969180f8b7,function_execution_time,1780474891.93037,0.000075881
experiment_name,17a6c8d2-c42c-4715-9cbb-36969180f8b7,function_execution_time,1780474892.0316665,0.000068011
experiment_name,17a6c8d2-c42c-4715-9cbb-36969180f8b7,function_execution_time,1780474892.132979,0.000076544
experiment_name,17a6c8d2-c42c-4715-9cbb-36969180f8b7,function_execution_time,1780474892.2343073,0.000071662
experiment_name,17a6c8d2-c42c-4715-9cbb-36969180f8b7,function_execution_time,1780474892.335619,0.000070779
experiment_name,17a6c8d2-c42c-4715-9cbb-36969180f8b7,function_execution_time,1780474892.4369407,0.000076071
experiment_name,17a6c8d2-c42c-4715-9cbb-36969180f8b7,function_execution_time,1780474892.5383492,0.00014201
experiment_name,17a6c8d2-c42c-4715-9cbb-36969180f8b7,function_execution_time,1780474892.6396332,0.00007471
experiment_name,17a6c8d2-c42c-4715-9cbb-36969180f8b7,function_execution_time,1780474892.7408931,0.000068205
experiment_name,17a6c8d2-c42c-4715-9cbb-36969180f8b7,function_execution_time,1780474892.8422055,0.000074816
experiment_name,17a6c8d2-c42c-4715-9cbb-36969180f8b7,function_execution_time,1780474892.943537,0.000067582
experiment_name,17a6c8d2-c42c-4715-9cbb-36969180f8b7,function_execution_time,1780474893.0448496,0.000073117
experiment_name,17a6c8d2-c42c-4715-9cbb-36969180f8b7,function_execution_time,1780474893.1461706,0.0000765
experiment_name,17a6c8d2-c42c-4715-9cbb-36969180f8b7,function_execution_time,1780474893.2474585,0.000081276
experiment_name,17a6c8d2-c42c-4715-9cbb-36969180f8b7,function_execution_time,1780474893.348764,0.000069756
experiment_name,17a6c8d2-c42c-4715-9cbb-36969180f8b7,function_execution_time,1780474893.4500442,0.000061987
experiment_name,17a6c8d2-c42c-4715-9cbb-36969180f8b7,function_execution_time,1780474893.5514374,0.000148012
experiment_name,17a6c8d2-c42c-4715-9cbb-36969180f8b7,function_execution_time,1780474893.6527321,0.000068168
experiment_name,17a6c8d2-c42c-4715-9cbb-36969180f8b7,function_execution_time,1780474893.7540433,0.000082001
experiment_name,17a6c8d2-c42c-4715-9cbb-36969180f8b7,function_execution_time,1780474893.855345,0.00009168
experiment_name,17a6c8d2-c42c-4715-9cbb-36969180f8b7,function_execution_time,1780474893.956704,0.000074472
experiment_name,17a6c8d2-c42c-4715-9cbb-36969180f8b7,function_execution_time,1780474894.0579317,0.000069621
experiment_name,17a6c8d2-c42c-4715-9cbb-36969180f8b7,function_execution_time,1780474894.1592681,0.000078242
experiment_name,17a6c8d2-c42c-4715-9cbb-36969180f8b7,function_execution_time,1780474894.2597218,0.000067525
experiment_name,17a6c8d2-c42c-4715-9cbb-36969180f8b7,function_execution_time,1780474894.3610394,0.000075609
experiment_name,17a6c8d2-c42c-4715-9cbb-36969180f8b7,function_execution_time,1780474894.4625707,0.000080966
experiment_name,17a6c8d2-c42c-4715-9cbb-36969180f8b7,function_execution_time,1780474894.5638828,0.000146221
experiment_name,17a6c8d2-c42c-4715-9cbb-36969180f8b7,function_execution_time,1780474894.6651397,0.000071021
experiment_name,17a6c8d2-c42c-4715-9cbb-36969180f8b7,function_execution_time,1780474894.7664633,0.000090898
experiment_name,17a6c8d2-c42c-4715-9cbb-36969180f8b7,function_execution_time,1780474894.8678641,0.000081011
experiment_name,17a6c8d2-c42c-4715-9cbb-36969180f8b7,function_execution_time,1780474894.969149,0.000068888
experiment_name,17a6c8d2-c42c-4715-9cbb-36969180f8b7,function_execution_time,1780474895.0704854,0.000095464
experiment_name,17a6c8d2-c42c-4715-9cbb-36969180f8b7,function_execution_time,1780474895.1718023,0.000068816
experiment_name,17a6c8d2-c42c-4715-9cbb-36969180f8b7,function_execution_time,1780474895.2731104,0.000077999
experiment_name,17a6c8d2-c42c-4715-9cbb-36969180f8b7,function_execution_time,1780474895.374509,0.000085472
experiment_name,17a6c8d2-c42c-4715-9cbb-36969180f8b7,function_execution_time,1780474895.4757597,0.000079107
experiment_name,17a6c8d2-c42c-4715-9cbb-36969180f8b7,function_execution_time,1780474895.5771503,0.000150598
experiment_name,17a6c8d2-c42c-4715-9cbb-36969180f8b7,function_execution_time,1780474895.6784508,0.000082307
experiment_name,17a6c8d2-c42c-4715-9cbb-36969180f8b7,function_execution_time,1780474895.7797587,0.000077159
experiment_name,17a6c8d2-c42c-4715-9cbb-36969180f8b7,function_execution_time,1780474895.881095,0.000069174
experiment_name,17a6c8d2-c42c-4715-9cbb-36969180f8b7,function_execution_time,1780474895.982393,0.000067637
experiment_name,a02d7b3d-20ae-4ade-8fa4-df52e5e4f28b,function_execution_time,1780474891.0204148,0.00008315
experiment_name,a02d7b3d-20ae-4ade-8fa4-df52e5e4f28b,function_execution_time,1780474891.1211584,0.00005814
experiment_name,a02d7b3d-20ae-4ade-8fa4-df52e5e4f28b,function_execution_time,1780474891.222367,0.000062764
experiment_name,a02d7b3d-20ae-4ade-8fa4-df52e5e4f28b,function_execution_time,1780474891.3227901,0.000069171
experiment_name,a02d7b3d-20ae-4ade-8fa4-df52e5e4f28b,function_execution_time,1780474891.423938,0.000056525
experiment_name,a02d7b3d-20ae-4ade-8fa4-df52e5e4f28b,function_execution_time,1780474891.5252736,0.000059076
experiment_name,a02d7b3d-20ae-4ade-8fa4-df52e5e4f28b,function_execution_time,1780474891.626664,0.00006461
experiment_name,a02d7b3d-20ae-4ade-8fa4-df52e5e4f28b,function_execution_time,1780474891.7279909,0.000067503
experiment_name,a02d7b3d-20ae-4ade-8fa4-df52e5e4f28b,function_execution_time,1780474891.8292234,0.000055205
experiment_name,a02d7b3d-20ae-4ade-8fa4-df52e5e4f28b,function_execution_time,1780474891.930552,0.000059746
experiment_name,a02d7b3d-20ae-4ade-8fa4-df52e5e4f28b,function_execution_time,1780474892.031815,0.00005619
experiment_name,a02d7b3d-20ae-4ade-8fa4-df52e5e4f28b,function_execution_time,1780474892.1331358,0.000053292
experiment_name,a02d7b3d-20ae-4ade-8fa4-df52e5e4f28b,function_execution_time,1780474892.2344642,0.000075494
experiment_name,a02d7b3d-20ae-4ade-8fa4-df52e5e4f28b,function_execution_time,1780474892.335776,0.000053647
experiment_name,a02d7b3d-20ae-4ade-8fa4-df52e5e4f28b,function_execution_time,1780474892.4370985,0.000056253
experiment_name,a02d7b3d-20ae-4ade-8fa4-df52e5e4f28b,function_execution_time,1780474892.5384073,0.000053292
experiment_name,a02d7b3d-20ae-4ade-8fa4-df52e5e4f28b,function_execution_time,1780474892.639726,0.000064892
experiment_name,a02d7b3d-20ae-4ade-8fa4-df52e5e4f28b,function_execution_time,1780474892.7410543,0.000053581
experiment_name,a02d7b3d-20ae-4ade-8fa4-df52e5e4f28b,function_execution_time,1780474892.8423574,0.000052992
experiment_name,a02d7b3d-20ae-4ade-8fa4-df52e5e4f28b,function_execution_time,1780474892.9436986,0.000056085
experiment_name,a02d7b3d-20ae-4ade-8fa4-df52e5e4f28b,function_execution_time,1780474893.0449963,0.000059788
experiment_name,a02d7b3d-20ae-4ade-8fa4-df52e5e4f28b,function_execution_time,1780474893.1462536,0.000056361
experiment_name,a02d7b3d-20ae-4ade-8fa4-df52e5e4f28b,function_execution_time,1780474893.2476048,0.000057995
experiment_name,a02d7b3d-20ae-4ade-8fa4-df52e5e4f28b,function_execution_time,1780474893.3489323,0.000057242
experiment_name,a02d7b3d-20ae-4ade-8fa4-df52e5e4f28b,function_execution_time,1780474893.4502027,0.000054177
experiment_name,a02d7b3d-20ae-4ade-8fa4-df52e5e4f28b,function_execution_time,1780474893.5515163,0.00006195
experiment_name,a02d7b3d-20ae-4ade-8fa4-df52e5e4f28b,function_execution_time,1780474893.6528745,0.00005419
experiment_name,a02d7b3d-20ae-4ade-8fa4-df52e5e4f28b,function_execution_time,1780474893.7541723,0.000061565
experiment_name,a02d7b3d-20ae-4ade-8fa4-df52e5e4f28b,function_execution_time,1780474893.8554933,0.000074406
experiment_name,a02d7b3d-20ae-4ade-8fa4-df52e5e4f28b,function_execution_time,1780474893.9568021,0.000061657
experiment_name,a02d7b3d-20ae-4ade-8fa4-df52e5e4f28b,function_execution_time,1780474894.0580883,0.000053459
experiment_name,a02d7b3d-20ae-4ade-8fa4-df52e5e4f28b,function_execution_time,1780474894.1594062,0.000054442
experiment_name,a02d7b3d-20ae-4ade-8fa4-df52e5e4f28b,function_execution_time,1780474894.2598567,0.000054114
experiment_name,a02d7b3d-20ae-4ade-8fa4-df52e5e4f28b,function_execution_time,1780474894.3611784,0.00005724
experiment_name,a02d7b3d-20ae-4ade-8fa4-df52e5e4f28b,function_execution_time,1780474894.4626632,0.00006125
experiment_name,a02d7b3d-20ae-4ade-8fa4-df52e5e4f28b,function_execution_time,1780474894.5639431,0.000054972
experiment_name,a02d7b3d-20ae-4ade-8fa4-df52e5e4f28b,function_execution_time,1780474894.6652775,0.000054644
experiment_name,a02d7b3d-20ae-4ade-8fa4-df52e5e4f28b,function_execution_time,1780474894.766595,0.000054781
experiment_name,a02d7b3d-20ae-4ade-8fa4-df52e5e4f28b,function_execution_time,1780474894.868048,0.000067418
experiment_name,a02d7b3d-20ae-4ade-8fa4-df52e5e4f28b,function_execution_time,1780474894.969309,0.000055093
experiment_name,a02d7b3d-20ae-4ade-8fa4-df52e5e4f28b,function_execution_time,1780474895.0706244,0.000054873
experiment_name,a02d7b3d-20ae-4ade-8fa4-df52e5e4f28b,function_execution_time,1780474895.1719525,0.000054992
experiment_name,a02d7b3d-20ae-4ade-8fa4-df52e5e4f28b,function_execution_time,1780474895.2732477,0.000059103
experiment_name,a02d7b3d-20ae-4ade-8fa4-df52e5e4f28b,function_execution_time,1780474895.3746052,0.000063661
experiment_name,a02d7b3d-20ae-4ade-8fa4-df52e5e4f28b,function_execution_time,1780474895.4759111,0.000056399
experiment_name,a02d7b3d-20ae-4ade-8fa4-df52e5e4f28b,function_execution_time,1780474895.5772045,0.000056453
experiment_name,a02d7b3d-20ae-4ade-8fa4-df52e5e4f28b,function_execution_time,1780474895.678589,0.000053352
experiment_name,a02d7b3d-20ae-4ade-8fa4-df52e5e4f28b,function_execution_time,1780474895.7799144,0.000056878
experiment_name,a02d7b3d-20ae-4ade-8fa4-df52e5e4f28b,function_execution_time,1780474895.8812401,0.00006148
experiment_name,a02d7b3d-20ae-4ade-8fa4-df52e5e4f28b,function_execution_time,1780474895.982548,0.000052962
experiment_name,a02d7b3d-20ae-4ade-8fa4-df52e5e4f28b,function_transfer_time,1780474891.020366,0.000035124
experiment_name,a02d7b3d-20ae-4ade-8fa4-df52e5e4f28b,function_transfer_time,1780474891.1210954,0.000101034
experiment_name,a02d7b3d-20ae-4ade-8fa4-df52e5e4f28b,function_transfer_time,1780474891.2223024,0.000030139
experiment_name,a02d7b3d-20ae-4ade-8fa4-df52e5e4f28b,function_transfer_time,1780474891.322721,0.000134956
experiment_name,a02d7b3d-20ae-4ade-8fa4-df52e5e4f28b,function_transfer_time,1780474891.4238808,0.000031785
experiment_name,a02d7b3d-20ae-4ade-8fa4-df52e5e4f28b,function_transfer_time,1780474891.5252142,0.000036206
experiment_name,a02d7b3d-20ae-4ade-8fa4-df52e5e4f28b,function_transfer_time,1780474891.626594,0.000105547
experiment_name,a02d7b3d-20ae-4ade-8fa4-df52e5e4f28b,function_transfer_time,1780474891.7279165,0.000106525
experiment_name,a02d7b3d-20ae-4ade-8fa4-df52e5e4f28b,function_transfer_time,1780474891.8291645,0.000111558
experiment_name,a02d7b3d-20ae-4ade-8fa4-df52e5e4f28b,function_transfer_time,1780474891.930492,0.000139889
experiment_name,a02d7b3d-20ae-4ade-8fa4-df52e5e4f28b,function_transfer_time,1780474892.031758,0.000124316
experiment_name,a02d7b3d-20ae-4ade-8fa4-df52e5e4f28b,function_transfer_time,1780474892.1330817,0.000126515
experiment_name,a02d7b3d-20ae-4ade-8fa4-df52e5e4f28b,function_transfer_time,1780474892.234388,0.000102386
experiment_name,a02d7b3d-20ae-4ade-8fa4-df52e5e4f28b,function_transfer_time,1780474892.3357217,0.000130569
experiment_name,a02d7b3d-20ae-4ade-8fa4-df52e5e4f28b,function_transfer_time,1780474892.4370422,0.000132633
experiment_name,a02d7b3d-20ae-4ade-8fa4-df52e5e4f28b,function_transfer_time,1780474892.5383515,0.000034685
experiment_name,a02d7b3d-20ae-4ade-8fa4-df52e5e4f28b,function_transfer_time,1780474892.6396565,0.000107627
experiment_name,a02d7b3d-20ae-4ade-8fa4-df52e5e4f28b,function_transfer_time,1780474892.7410002,0.00013558
experiment_name,a02d7b3d-20ae-4ade-8fa4-df52e5e4f28b,function_transfer_time,1780474892.8423038,0.000125215
experiment_name,a02d7b3d-20ae-4ade-8fa4-df52e5e4f28b,function_transfer_time,1780474892.943642,0.000130218
experiment_name,a02d7b3d-20ae-4ade-8fa4-df52e5e4f28b,function_transfer_time,1780474893.0449371,0.000109432
experiment_name,a02d7b3d-20ae-4ade-8fa4-df52e5e4f28b,function_transfer_time,1780474893.1462507,0.000053209
experiment_name,a02d7b3d-20ae-4ade-8fa4-df52e5e4f28b,function_transfer_time,1780474893.2475462,0.000121461
experiment_name,a02d7b3d-20ae-4ade-8fa4-df52e5e4f28b,function_transfer_time,1780474893.348875,0.000132917
experiment_name,a02d7b3d-20ae-4ade-8fa4-df52e5e4f28b,function_transfer_time,1780474893.450148,0.000131596
experiment_name,a02d7b3d-20ae-4ade-8fa4-df52e5e4f28b,function_transfer_time,1780474893.55144,0.000034792
experiment_name,a02d7b3d-20ae-4ade-8fa4-df52e5e4f28b,function_transfer_time,1780474893.6528199,0.000113772
experiment_name,a02d7b3d-20ae-4ade-8fa4-df52e5e4f28b,function_transfer_time,1780474893.7541063,0.000098421
experiment_name,a02d7b3d-20ae-4ade-8fa4-df52e5e4f28b,function_transfer_time,1780474893.8554099,0.000099249
experiment_name,a02d7b3d-20ae-4ade-8fa4-df52e5e4f28b,function_transfer_time,1780474893.9567342,0.000111869
experiment_name,a02d7b3d-20ae-4ade-8fa4-df52e5e4f28b,function_transfer_time,1780474894.0580344,0.000123488
experiment_name,a02d7b3d-20ae-4ade-8fa4-df52e5e4f28b,function_transfer_time,1780474894.1593525,0.00011329
experiment_name,a02d7b3d-20ae-4ade-8fa4-df52e5e4f28b,function_transfer_time,1780474894.2598045,0.000111456
experiment_name,a02d7b3d-20ae-4ade-8fa4-df52e5e4f28b,function_transfer_time,1780474894.3611274,0.000109373
experiment_name,a02d7b3d-20ae-4ade-8fa4-df52e5e4f28b,function_transfer_time,1780474894.4625974,0.000113747
experiment_name,a02d7b3d-20ae-4ade-8fa4-df52e5e4f28b,function_transfer_time,1780474894.5638855,0.000037125
experiment_name,a02d7b3d-20ae-4ade-8fa4-df52e5e4f28b,function_transfer_time,1780474894.6652265,0.000108189
experiment_name,a02d7b3d-20ae-4ade-8fa4-df52e5e4f28b,function_transfer_time,1780474894.7665355,0.000115367
experiment_name,a02d7b3d-20ae-4ade-8fa4-df52e5e4f28b,function_transfer_time,1780474894.8679805,0.000138313
experiment_name,a02d7b3d-20ae-4ade-8fa4-df52e5e4f28b,function_transfer_time,1780474894.9692538,0.00013
experiment_name,a02d7b3d-20ae-4ade-8fa4-df52e5e4f28b,function_transfer_time,1780474895.0706213,0.00009713
experiment_name,a02d7b3d-20ae-4ade-8fa4-df52e5e4f28b,function_transfer_time,1780474895.1718967,0.00012179
experiment_name,a02d7b3d-20ae-4ade-8fa4-df52e5e4f28b,function_transfer_time,1780474895.273204,0.000103597
experiment_name,a02d7b3d-20ae-4ade-8fa4-df52e5e4f28b,function_transfer_time,1780474895.3745348,0.000109257
experiment_name,a02d7b3d-20ae-4ade-8fa4-df52e5e4f28b,function_transfer_time,1780474895.4758506,0.000120207
experiment_name,a02d7b3d-20ae-4ade-8fa4-df52e5e4f28b,function_transfer_time,1780474895.5771475,0.000033519
experiment_name,a02d7b3d-20ae-4ade-8fa4-df52e5e4f28b,function_transfer_time,1780474895.6785352,0.00011383
experiment_name,a02d7b3d-20ae-4ade-8fa4-df52e5e4f28b,function_transfer_time,1780474895.7798498,0.000115489
experiment_name,a02d7b3d-20ae-4ade-8fa4-df52e5e4f28b,function_transfer_time,1780474895.8811777,0.000111421
experiment_name,a02d7b3d-20ae-4ade-8fa4-df52e5e4f28b,function_transfer_time,1780474895.9824948,0.000124599
experiment_name,17a6c8d2-c42c-4715-9cbb-36969180f8b7,function_transfer_time,1780474891.0202239,0.000021433
experiment_name,17a6c8d2-c42c-4715-9cbb-36969180f8b7,function_transfer_time,1780474891.1209471,0.00008262
experiment_name,17a6c8d2-c42c-4715-9cbb-36969180f8b7,function_transfer_time,1780474891.2222133,0.000024947
experiment_name,17a6c8d2-c42c-4715-9cbb-36969180f8b7,function_transfer_time,1780474891.322532,0.000077162
experiment_name,17a6c8d2-c42c-4715-9cbb-36969180f8b7,function_transfer_time,1780474891.423785,0.000023481
experiment_name,17a6c8d2-c42c-4715-9cbb-36969180f8b7,function_transfer_time,1780474891.5250561,0.000019635
experiment_name,17a6c8d2-c42c-4715-9cbb-36969180f8b7,function_transfer_time,1780474891.6264267,0.000089327
experiment_name,17a6c8d2-c42c-4715-9cbb-36969180f8b7,function_transfer_time,1780474891.727759,0.000081599
experiment_name,17a6c8d2-c42c-4715-9cbb-36969180f8b7,function_transfer_time,1780474891.8290033,0.000030741
experiment_name,17a6c8d2-c42c-4715-9cbb-36969180f8b7,function_transfer_time,1780474891.930298,0.000080909
experiment_name,17a6c8d2-c42c-4715-9cbb-36969180f8b7,function_transfer_time,1780474892.031582,0.000023717
experiment_name,17a6c8d2-c42c-4715-9cbb-36969180f8b7,function_transfer_time,1780474892.1328964,0.000079058
experiment_name,17a6c8d2-c42c-4715-9cbb-36969180f8b7,function_transfer_time,1780474892.2342324,0.000076309
experiment_name,17a6c8d2-c42c-4715-9cbb-36969180f8b7,function_transfer_time,1780474892.3355374,0.000076787
experiment_name,17a6c8d2-c42c-4715-9cbb-36969180f8b7,function_transfer_time,1780474892.436855,0.00007502
experiment_name,17a6c8d2-c42c-4715-9cbb-36969180f8b7,function_transfer_time,1780474892.5382016,0.000076991
experiment_name,17a6c8d2-c42c-4715-9cbb-36969180f8b7,function_transfer_time,1780474892.6395,0.000024032
experiment_name,17a6c8d2-c42c-4715-9cbb-36969180f8b7,function_transfer_time,1780474892.740811,0.000076419
experiment_name,17a6c8d2-c42c-4715-9cbb-36969180f8b7,function_transfer_time,1780474892.8421216,0.000078968
experiment_name,17a6c8d2-c42c-4715-9cbb-36969180f8b7,function_transfer_time,1780474892.9434593,0.000082344
experiment_name,17a6c8d2-c42c-4715-9cbb-36969180f8b7,function_transfer_time,1780474893.0447729,0.000078947
experiment_name,17a6c8d2-c42c-4715-9cbb-36969180f8b7,function_transfer_time,1780474893.1460912,0.000079033
experiment_name,17a6c8d2-c42c-4715-9cbb-36969180f8b7,function_transfer_time,1780474893.2473698,0.000021933
experiment_name,17a6c8d2-c42c-4715-9cbb-36969180f8b7,function_transfer_time,1780474893.3486888,0.000081669
experiment_name,17a6c8d2-c42c-4715-9cbb-36969180f8b7,function_transfer_time,1780474893.4499695,0.000023189
experiment_name,17a6c8d2-c42c-4715-9cbb-36969180f8b7,function_transfer_time,1780474893.5512805,0.000082841
experiment_name,17a6c8d2-c42c-4715-9cbb-36969180f8b7,function_transfer_time,1780474893.652654,0.000078437
experiment_name,17a6c8d2-c42c-4715-9cbb-36969180f8b7,function_transfer_time,1780474893.7539546,0.00003773
experiment_name,17a6c8d2-c42c-4715-9cbb-36969180f8b7,function_transfer_time,1780474893.8552485,0.000077365
experiment_name,17a6c8d2-c42c-4715-9cbb-36969180f8b7,function_transfer_time,1780474893.956573,0.000081802
experiment_name,17a6c8d2-c42c-4715-9cbb-36969180f8b7,function_transfer_time,1780474894.0578587,0.000084266
experiment_name,17a6c8d2-c42c-4715-9cbb-36969180f8b7,function_transfer_time,1780474894.1592555,0.000084961
experiment_name,17a6c8d2-c42c-4715-9cbb-36969180f8b7,function_transfer_time,1780474894.2596388,0.000074688
experiment_name,17a6c8d2-c42c-4715-9cbb-36969180f8b7,function_transfer_time,1780474894.3609574,0.000080338
experiment_name,17a6c8d2-c42c-4715-9cbb-36969180f8b7,function_transfer_time,1780474894.4624257,0.000077648
experiment_name,17a6c8d2-c42c-4715-9cbb-36969180f8b7,function_transfer_time,1780474894.5637317,0.000082899
experiment_name,17a6c8d2-c42c-4715-9cbb-36969180f8b7,function_transfer_time,1780474894.665065,0.000024358
experiment_name,17a6c8d2-c42c-4715-9cbb-36969180f8b7,function_transfer_time,1780474894.7663643,0.000075808
experiment_name,17a6c8d2-c42c-4715-9cbb-36969180f8b7,function_transfer_time,1780474894.867786,0.000023806
experiment_name,17a6c8d2-c42c-4715-9cbb-36969180f8b7,function_transfer_time,1780474894.9690683,0.00001759
experiment_name,17a6c8d2-c42c-4715-9cbb-36969180f8b7,function_transfer_time,1780474895.070388,0.000084128
experiment_name,17a6c8d2-c42c-4715-9cbb-36969180f8b7,function_transfer_time,1780474895.1717238,0.000076156
experiment_name,17a6c8d2-c42c-4715-9cbb-36969180f8b7,function_transfer_time,1780474895.2730284,0.00007652
experiment_name,17a6c8d2-c42c-4715-9cbb-36969180f8b7,function_transfer_time,1780474895.3743727,0.000095076
experiment_name,17a6c8d2-c42c-4715-9cbb-36969180f8b7,function_transfer_time,1780474895.4756777,0.000082155
experiment_name,17a6c8d2-c42c-4715-9cbb-36969180f8b7,function_transfer_time,1780474895.5769904,0.000074655
experiment_name,17a6c8d2-c42c-4715-9cbb-36969180f8b7,function_transfer_time,1780474895.6783693,0.000079164
experiment_name,17a6c8d2-c42c-4715-9cbb-36969180f8b7,function_transfer_time,1780474895.7796764,0.000083591
experiment_name,17a6c8d2-c42c-4715-9cbb-36969180f8b7,function_transfer_time,1780474895.8810127,0.000077955
experiment_name,17a6c8d2-c42c-4715-9cbb-36969180f8b7,function_transfer_time,1780474895.982318,0.000078271
experiment_name,a02d7b3d-20ae-4ade-8fa4-df52e5e4f28b,function_execution_time,1780474896.0840204,0.000065605
experiment_name,a02d7b3d-20ae-4ade-8fa4-df52e5e4f28b,function_execution_time,1780474896.1853209,0.00007137
experiment_name,a02d7b3d-20ae-4ade-8fa4-df52e5e4f28b,function_execution_time,1780474896.286708,0.000070164
experiment_name,a02d7b3d-20ae-4ade-8fa4-df52e5e4f28b,function_execution_time,1780474896.3880234,0.000059368
experiment_name,a02d7b3d-20ae-4ade-8fa4-df52e5e4f28b,function_execution_time,1780474896.4893255,0.00005886
experiment_name,a02d7b3d-20ae-4ade-8fa4-df52e5e4f28b,function_execution_time,1780474896.5906017,0.000058611
experiment_name,a02d7b3d-20ae-4ade-8fa4-df52e5e4f28b,function_execution_time,1780474896.6919901,0.000060514
experiment_name,a02d7b3d-20ae-4ade-8fa4-df52e5e4f28b,function_execution_time,1780474896.793332,0.000071339
experiment_name,a02d7b3d-20ae-4ade-8fa4-df52e5e4f28b,function_execution_time,1780474896.8945713,0.000061544
experiment_name,a02d7b3d-20ae-4ade-8fa4-df52e5e4f28b,function_execution_time,1780474896.9959626,0.000061058
experiment_name,a02d7b3d-20ae-4ade-8fa4-df52e5e4f28b,function_execution_time,1780474897.097194,0.000057404
experiment_name,a02d7b3d-20ae-4ade-8fa4-df52e5e4f28b,function_execution_time,1780474897.1984656,0.000084658
experiment_name,a02d7b3d-20ae-4ade-8fa4-df52e5e4f28b,function_execution_time,1780474897.2986946,0.000064683
experiment_name,a02d7b3d-20ae-4ade-8fa4-df52e5e4f28b,function_execution_time,1780474897.3999784,0.000056076
experiment_name,a02d7b3d-20ae-4ade-8fa4-df52e5e4f28b,function_execution_time,1780474897.501297,0.000065912
experiment_name,a02d7b3d-20ae-4ade-8fa4-df52e5e4f28b,function_execution_time,1780474897.6026206,0.000068605
experiment_name,a02d7b3d-20ae-4ade-8fa4-df52e5e4f28b,function_execution_time,1780474897.7039845,0.00005394
experiment_name,a02d7b3d-20ae-4ade-8fa4-df52e5e4f28b,function_execution_time,1780474897.8053112,0.00005318
experiment_name,a02d7b3d-20ae-4ade-8fa4-df52e5e4f28b,function_execution_time,1780474897.9057906,0.000055523
experiment_name,a02d7b3d-20ae-4ade-8fa4-df52e5e4f28b,function_execution_time,1780474898.0069726,0.000071132
experiment_name,a02d7b3d-20ae-4ade-8fa4-df52e5e4f28b,function_execution_time,1780474898.1083696,0.000055038
experiment_name,a02d7b3d-20ae-4ade-8fa4-df52e5e4f28b,function_execution_time,1780474898.209646,0.000056095
experiment_name,a02d7b3d-20ae-4ade-8fa4-df52e5e4f28b,function_execution_time,1780474898.3108728,0.000061565
experiment_name,a02d7b3d-20ae-4ade-8fa4-df52e5e4f28b,function_execution_time,1780474898.4123547,0.00006361
experiment_name,a02d7b3d-20ae-4ade-8fa4-df52e5e4f28b,function_execution_time,1780474898.5136728,0.000052305
experiment_name,a02d7b3d-20ae-4ade-8fa4-df52e5e4f28b,function_execution_time,1780474898.614978,0.000055406
experiment_name,a02d7b3d-20ae-4ade-8fa4-df52e5e4f28b,function_execution_time,1780474898.7163043,0.000055662
experiment_name,a02d7b3d-20ae-4ade-8fa4-df52e5e4f28b,function_execution_time,1780474898.8176525,0.000052122
experiment_name,a02d7b3d-20ae-4ade-8fa4-df52e5e4f28b,function_execution_time,1780474898.9189308,0.000060481
experiment_name,a02d7b3d-20ae-4ade-8fa4-df52e5e4f28b,function_execution_time,1780474899.0201874,0.000054895
experiment_name,a02d7b3d-20ae-4ade-8fa4-df52e5e4f28b,function_execution_time,1780474899.1215878,0.000052779
experiment_name,a02d7b3d-20ae-4ade-8fa4-df52e5e4f28b,function_execution_time,1780474899.2228918,0.000058778
experiment_name,a02d7b3d-20ae-4ade-8fa4-df52e5e4f28b,function_execution_time,1780474899.3242614,0.000066515
experiment_name,a02d7b3d-20ae-4ade-8fa4-df52e5e4f28b,function_execution_time,1780474899.425561,0.000057395
experiment_name,a02d7b3d-20ae-4ade-8fa4-df52e5e4f28b,function_execution_time,1780474899.526901,0.000052495
experiment_name,a02d7b3d-20ae-4ade-8fa4-df52e5e4f28b,function_execution_time,1780474899.628156,0.000053121
experiment_name,a02d7b3d-20ae-4ade-8fa4-df52e5e4f28b,function_execution_time,1780474899.729565,0.000051568
experiment_name,a02d7b3d-20ae-4ade-8fa4-df52e5e4f28b,function_execution_time,1780474899.8309102,0.00006127
experiment_name,a02d7b3d-20ae-4ade-8fa4-df52e5e4f28b,function_execution_time,1780474899.9320936,0.000058928
experiment_name,a02d7b3d-20ae-4ade-8fa4-df52e5e4f28b,function_execution_time,1780474900.0334597,0.000067993
experiment_name,a02d7b3d-20ae-4ade-8fa4-df52e5e4f28b,function_execution_time,1780474900.133757,0.000051274
experiment_name,a02d7b3d-20ae-4ade-8fa4-df52e5e4f28b,function_execution_time,1780474900.2350786,0.000061664
experiment_name,a02d7b3d-20ae-4ade-8fa4-df52e5e4f28b,function_execution_time,1780474900.3364027,0.000058516
experiment_name,a02d7b3d-20ae-4ade-8fa4-df52e5e4f28b,function_execution_time,1780474900.4367142,0.000054414
experiment_name,a02d7b3d-20ae-4ade-8fa4-df52e5e4f28b,function_execution_time,1780474900.5380344,0.000051968
experiment_name,a02d7b3d-20ae-4ade-8fa4-df52e5e4f28b,function_execution_time,1780474900.639308,0.000052695
experiment_name,a02d7b3d-20ae-4ade-8fa4-df52e5e4f28b,function_execution_time,1780474900.739718,0.000063593
experiment_name,a02d7b3d-20ae-4ade-8fa4-df52e5e4f28b,function_execution_time,1780474900.84091,0.00005446
experiment_name,a02d7b3d-20ae-4ade-8fa4-df52e5e4f28b,function_execution_time,1780474900.9423258,0.000060442
experiment_name,17a6c8d2-c42c-4715-9cbb-36969180f8b7,function_execution_time,1780474896.0839026,0.000099916
experiment_name,17a6c8d2-c42c-4715-9cbb-36969180f8b7,function_execution_time,1780474896.1852193,0.000086353
experiment_name,17a6c8d2-c42c-4715-9cbb-36969180f8b7,function_execution_time,1780474896.2865453,0.000069378
experiment_name,17a6c8d2-c42c-4715-9cbb-36969180f8b7,function_execution_time,1780474896.3878746,0.000071637
experiment_name,17a6c8d2-c42c-4715-9cbb-36969180f8b7,function_execution_time,1780474896.4891818,0.000080354
experiment_name,17a6c8d2-c42c-4715-9cbb-36969180f8b7,function_execution_time,1780474896.5905468,0.000158738
experiment_name,17a6c8d2-c42c-4715-9cbb-36969180f8b7,function_execution_time,1780474896.69198,0.000077857
experiment_name,17a6c8d2-c42c-4715-9cbb-36969180f8b7,function_execution_time,1780474896.793163,0.000083684
experiment_name,17a6c8d2-c42c-4715-9cbb-36969180f8b7,function_execution_time,1780474896.8944547,0.000082624
experiment_name,17a6c8d2-c42c-4715-9cbb-36969180f8b7,function_execution_time,1780474896.995824,0.000078452
experiment_name,17a6c8d2-c42c-4715-9cbb-36969180f8b7,function_execution_time,1780474897.0970674,0.000075678
experiment_name,17a6c8d2-c42c-4715-9cbb-36969180f8b7,function_execution_time,1780474897.1983078,0.00008995
experiment_name,17a6c8d2-c42c-4715-9cbb-36969180f8b7,function_execution_time,1780474897.2985642,0.000081882
experiment_name,17a6c8d2-c42c-4715-9cbb-36969180f8b7,function_execution_time,1780474897.3998258,0.000067062
experiment_name,17a6c8d2-c42c-4715-9cbb-36969180f8b7,function_execution_time,1780474897.5011547,0.00009228
experiment_name,17a6c8d2-c42c-4715-9cbb-36969180f8b7,function_execution_time,1780474897.6025496,0.00014081
experiment_name,17a6c8d2-c42c-4715-9cbb-36969180f8b7,function_execution_time,1780474897.703826,0.00007113
experiment_name,17a6c8d2-c42c-4715-9cbb-36969180f8b7,function_execution_time,1780474897.805158,0.000068094
experiment_name,17a6c8d2-c42c-4715-9cbb-36969180f8b7,function_execution_time,1780474897.9056492,0.000078168
experiment_name,17a6c8d2-c42c-4715-9cbb-36969180f8b7,function_execution_time,1780474898.0069544,0.000075548
experiment_name,17a6c8d2-c42c-4715-9cbb-36969180f8b7,function_execution_time,1780474898.1082194,0.000074372
experiment_name,17a6c8d2-c42c-4715-9cbb-36969180f8b7,function_execution_time,1780474898.2095613,0.000092197
experiment_name,17a6c8d2-c42c-4715-9cbb-36969180f8b7,function_execution_time,1780474898.3108716,0.000080163
experiment_name,17a6c8d2-c42c-4715-9cbb-36969180f8b7,function_execution_time,1780474898.4121828,0.000070317
experiment_name,17a6c8d2-c42c-4715-9cbb-36969180f8b7,function_execution_time,1780474898.513509,0.000081653
experiment_name,17a6c8d2-c42c-4715-9cbb-36969180f8b7,function_execution_time,1780474898.614925,0.000156802
experiment_name,17a6c8d2-c42c-4715-9cbb-36969180f8b7,function_execution_time,1780474898.7161407,0.000077434
experiment_name,17a6c8d2-c42c-4715-9cbb-36969180f8b7,function_execution_time,1780474898.8175616,0.00008598
experiment_name,17a6c8d2-c42c-4715-9cbb-36969180f8b7,function_execution_time,1780474898.9187932,0.000068139
experiment_name,17a6c8d2-c42c-4715-9cbb-36969180f8b7,function_execution_time,1780474899.0201066,0.000076962
experiment_name,17a6c8d2-c42c-4715-9cbb-36969180f8b7,function_execution_time,1780474899.1214373,0.000071543
experiment_name,17a6c8d2-c42c-4715-9cbb-36969180f8b7,function_execution_time,1780474899.2227738,0.000080256
experiment_name,17a6c8d2-c42c-4715-9cbb-36969180f8b7,function_execution_time,1780474899.3240926,0.00006783
experiment_name,17a6c8d2-c42c-4715-9cbb-36969180f8b7,function_execution_time,1780474899.4254134,0.000076936
experiment_name,17a6c8d2-c42c-4715-9cbb-36969180f8b7,function_execution_time,1780474899.5267448,0.000073133
experiment_name,17a6c8d2-c42c-4715-9cbb-36969180f8b7,function_execution_time,1780474899.6281056,0.000137357
experiment_name,17a6c8d2-c42c-4715-9cbb-36969180f8b7,function_execution_time,1780474899.7294748,0.000081559
experiment_name,17a6c8d2-c42c-4715-9cbb-36969180f8b7,function_execution_time,1780474899.8307486,0.00006879
experiment_name,17a6c8d2-c42c-4715-9cbb-36969180f8b7,function_execution_time,1780474899.9320178,0.000069743
experiment_name,17a6c8d2-c42c-4715-9cbb-36969180f8b7,function_execution_time,1780474900.0333004,0.000072878
experiment_name,17a6c8d2-c42c-4715-9cbb-36969180f8b7,function_execution_time,1780474900.1336753,0.000076139
experiment_name,17a6c8d2-c42c-4715-9cbb-36969180f8b7,function_execution_time,1780474900.2349217,0.000066942
experiment_name,17a6c8d2-c42c-4715-9cbb-36969180f8b7,function_execution_time,1780474900.336243,0.00007142
experiment_name,17a6c8d2-c42c-4715-9cbb-36969180f8b7,function_execution_time,1780474900.4366279,0.000081247
experiment_name,17a6c8d2-c42c-4715-9cbb-36969180f8b7,function_execution_time,1780474900.5378776,0.000067666
experiment_name,17a6c8d2-c42c-4715-9cbb-36969180f8b7,function_execution_time,1780474900.6392577,0.000134312
experiment_name,17a6c8d2-c42c-4715-9cbb-36969180f8b7,function_execution_time,1780474900.7396114,0.000084467
experiment_name,17a6c8d2-c42c-4715-9cbb-36969180f8b7,function_execution_time,1780474900.8408577,0.000083035
experiment_name,17a6c8d2-c42c-4715-9cbb-36969180f8b7,function_execution_time,1780474900.9422257,0.000078777
experiment_name,a02d7b3d-20ae-4ade-8fa4-df52e5e4f28b,function_transfer_time,1780474896.083947,0.00014706
experiment_name,a02d7b3d-20ae-4ade-8fa4-df52e5e4f28b,function_transfer_time,1780474896.185298,0.000063731
experiment_name,a02d7b3d-20ae-4ade-8fa4-df52e5e4f28b,function_transfer_time,1780474896.2866378,0.000124303
experiment_name,a02d7b3d-20ae-4ade-8fa4-df52e5e4f28b,function_transfer_time,1780474896.3879635,0.000112461
experiment_name,a02d7b3d-20ae-4ade-8fa4-df52e5e4f28b,function_transfer_time,1780474896.489266,0.000102515
experiment_name,a02d7b3d-20ae-4ade-8fa4-df52e5e4f28b,function_transfer_time,1780474896.5905437,0.000034907
experiment_name,a02d7b3d-20ae-4ade-8fa4-df52e5e4f28b,function_transfer_time,1780474896.6919758,0.000028066
experiment_name,a02d7b3d-20ae-4ade-8fa4-df52e5e4f28b,function_transfer_time,1780474896.79326,0.000119929
experiment_name,a02d7b3d-20ae-4ade-8fa4-df52e5e4f28b,function_transfer_time,1780474896.8945017,0.000085162
experiment_name,a02d7b3d-20ae-4ade-8fa4-df52e5e4f28b,function_transfer_time,1780474896.9958942,0.000102018
experiment_name,a02d7b3d-20ae-4ade-8fa4-df52e5e4f28b,function_transfer_time,1780474897.0971293,0.000094893
experiment_name,a02d7b3d-20ae-4ade-8fa4-df52e5e4f28b,function_transfer_time,1780474897.1983733,0.000100106
experiment_name,a02d7b3d-20ae-4ade-8fa4-df52e5e4f28b,function_transfer_time,1780474897.2986228,0.000090314
experiment_name,a02d7b3d-20ae-4ade-8fa4-df52e5e4f28b,function_transfer_time,1780474897.3999217,0.00012823
experiment_name,a02d7b3d-20ae-4ade-8fa4-df52e5e4f28b,function_transfer_time,1780474897.5012245,0.000112325
experiment_name,a02d7b3d-20ae-4ade-8fa4-df52e5e4f28b,function_transfer_time,1780474897.602552,0.000035385
experiment_name,a02d7b3d-20ae-4ade-8fa4-df52e5e4f28b,function_transfer_time,1780474897.70393,0.000128984
experiment_name,a02d7b3d-20ae-4ade-8fa4-df52e5e4f28b,function_transfer_time,1780474897.8052585,0.000122324
experiment_name,a02d7b3d-20ae-4ade-8fa4-df52e5e4f28b,function_transfer_time,1780474897.9057338,0.000108951
experiment_name,a02d7b3d-20ae-4ade-8fa4-df52e5e4f28b,function_transfer_time,1780474898.0069501,0.000023546
experiment_name,a02d7b3d-20ae-4ade-8fa4-df52e5e4f28b,function_transfer_time,1780474898.108314,0.00011621
experiment_name,a02d7b3d-20ae-4ade-8fa4-df52e5e4f28b,function_transfer_time,1780474898.209585,0.000128582
experiment_name,a02d7b3d-20ae-4ade-8fa4-df52e5e4f28b,function_transfer_time,1780474898.310868,0.000031045
experiment_name,a02d7b3d-20ae-4ade-8fa4-df52e5e4f28b,function_transfer_time,1780474898.4122906,0.000138134
experiment_name,a02d7b3d-20ae-4ade-8fa4-df52e5e4f28b,function_transfer_time,1780474898.5136194,0.000130626
experiment_name,a02d7b3d-20ae-4ade-8fa4-df52e5e4f28b,function_transfer_time,1780474898.6149223,0.000031758
experiment_name,a02d7b3d-20ae-4ade-8fa4-df52e5e4f28b,function_transfer_time,1780474898.7162483,0.000125601
experiment_name,a02d7b3d-20ae-4ade-8fa4-df52e5e4f28b,function_transfer_time,1780474898.8175929,0.000116914
experiment_name,a02d7b3d-20ae-4ade-8fa4-df52e5e4f28b,function_transfer_time,1780474898.91887,0.000106934
experiment_name,a02d7b3d-20ae-4ade-8fa4-df52e5e4f28b,function_transfer_time,1780474899.0201838,0.000047576
experiment_name,a02d7b3d-20ae-4ade-8fa4-df52e5e4f28b,function_transfer_time,1780474899.1215346,0.000127284
experiment_name,a02d7b3d-20ae-4ade-8fa4-df52e5e4f28b,function_transfer_time,1780474899.222826,0.000086453
experiment_name,a02d7b3d-20ae-4ade-8fa4-df52e5e4f28b,function_transfer_time,1780474899.3241947,0.000128839
experiment_name,a02d7b3d-20ae-4ade-8fa4-df52e5e4f28b,function_transfer_time,1780474899.4255035,0.000113218
experiment_name,a02d7b3d-20ae-4ade-8fa4-df52e5e4f28b,function_transfer_time,1780474899.5268488,0.000126244
experiment_name,a02d7b3d-20ae-4ade-8fa4-df52e5e4f28b,function_transfer_time,1780474899.628103,0.00003083
experiment_name,a02d7b3d-20ae-4ade-8fa4-df52e5e4f28b,function_transfer_time,1780474899.729507,0.000121728
experiment_name,a02d7b3d-20ae-4ade-8fa4-df52e5e4f28b,function_transfer_time,1780474899.8308482,0.000129131
experiment_name,a02d7b3d-20ae-4ade-8fa4-df52e5e4f28b,function_transfer_time,1780474899.9320908,0.000060387
experiment_name,a02d7b3d-20ae-4ade-8fa4-df52e5e4f28b,function_transfer_time,1780474900.0333896,0.00011832
experiment_name,a02d7b3d-20ae-4ade-8fa4-df52e5e4f28b,function_transfer_time,1780474900.133697,0.000109715
experiment_name,a02d7b3d-20ae-4ade-8fa4-df52e5e4f28b,function_transfer_time,1780474900.2350163,0.00012122
experiment_name,a02d7b3d-20ae-4ade-8fa4-df52e5e4f28b,function_transfer_time,1780474900.3363428,0.000136851
experiment_name,a02d7b3d-20ae-4ade-8fa4-df52e5e4f28b,function_transfer_time,1780474900.4366524,0.000113194
experiment_name,a02d7b3d-20ae-4ade-8fa4-df52e5e4f28b,function_transfer_time,1780474900.5379822,0.000129402
experiment_name,a02d7b3d-20ae-4ade-8fa4-df52e5e4f28b,function_transfer_time,1780474900.639255,0.000031445
experiment_name,a02d7b3d-20ae-4ade-8fa4-df52e5e4f28b,function_transfer_time,1780474900.7396479,0.000117362
experiment_name,a02d7b3d-20ae-4ade-8fa4-df52e5e4f28b,function_transfer_time,1780474900.8408551,0.000033091
experiment_name,a02d7b3d-20ae-4ade-8fa4-df52e5e4f28b,function_transfer_time,1780474900.942258,0.000114707
experiment_name,17a6c8d2-c42c-4715-9cbb-36969180f8b7,function_transfer_time,1780474896.0837376,0.000086215
experiment_name,17a6c8d2-c42c-4715-9cbb-36969180f8b7,function_transfer_time,1780474896.1851234,0.000097847
experiment_name,17a6c8d2-c42c-4715-9cbb-36969180f8b7,function_transfer_time,1780474896.28646,0.00009113
experiment_name,17a6c8d2-c42c-4715-9cbb-36969180f8b7,function_transfer_time,1780474896.3877966,0.000081118
experiment_name,17a6c8d2-c42c-4715-9cbb-36969180f8b7,function_transfer_time,1780474896.4891021,0.000082597
experiment_name,17a6c8d2-c42c-4715-9cbb-36969180f8b7,function_transfer_time,1780474896.5903766,0.00002217
experiment_name,17a6c8d2-c42c-4715-9cbb-36969180f8b7,function_transfer_time,1780474896.6918483,0.000086348
experiment_name,17a6c8d2-c42c-4715-9cbb-36969180f8b7,function_transfer_time,1780474896.7930942,0.000024317
experiment_name,17a6c8d2-c42c-4715-9cbb-36969180f8b7,function_transfer_time,1780474896.894365,0.000021108
experiment_name,17a6c8d2-c42c-4715-9cbb-36969180f8b7,function_transfer_time,1780474896.9957404,0.000022191
experiment_name,17a6c8d2-c42c-4715-9cbb-36969180f8b7,function_transfer_time,1780474897.0969856,0.000022485
experiment_name,17a6c8d2-c42c-4715-9cbb-36969180f8b7,function_transfer_time,1780474897.1982121,0.000021973
experiment_name,17a6c8d2-c42c-4715-9cbb-36969180f8b7,function_transfer_time,1780474897.2984805,0.000020628
experiment_name,17a6c8d2-c42c-4715-9cbb-36969180f8b7,function_transfer_time,1780474897.3997402,0.000022143
experiment_name,17a6c8d2-c42c-4715-9cbb-36969180f8b7,function_transfer_time,1780474897.5010564,0.000077258
experiment_name,17a6c8d2-c42c-4715-9cbb-36969180f8b7,function_transfer_time,1780474897.6024003,0.000083184
experiment_name,17a6c8d2-c42c-4715-9cbb-36969180f8b7,function_transfer_time,1780474897.703747,0.000074363
experiment_name,17a6c8d2-c42c-4715-9cbb-36969180f8b7,function_transfer_time,1780474897.8050818,0.000081152
experiment_name,17a6c8d2-c42c-4715-9cbb-36969180f8b7,function_transfer_time,1780474897.905561,0.000085774
experiment_name,17a6c8d2-c42c-4715-9cbb-36969180f8b7,function_transfer_time,1780474898.0068245,0.000018103
experiment_name,17a6c8d2-c42c-4715-9cbb-36969180f8b7,function_transfer_time,1780474898.108141,0.000085032
experiment_name,17a6c8d2-c42c-4715-9cbb-36969180f8b7,function_transfer_time,1780474898.209397,0.000023846
experiment_name,17a6c8d2-c42c-4715-9cbb-36969180f8b7,function_transfer_time,1780474898.3107297,0.000082716
experiment_name,17a6c8d2-c42c-4715-9cbb-36969180f8b7,function_transfer_time,1780474898.4120984,0.000079534
experiment_name,17a6c8d2-c42c-4715-9cbb-36969180f8b7,function_transfer_time,1780474898.5134265,0.000079713
experiment_name,17a6c8d2-c42c-4715-9cbb-36969180f8b7,function_transfer_time,1780474898.6147602,0.000073544
experiment_name,17a6c8d2-c42c-4715-9cbb-36969180f8b7,function_transfer_time,1780474898.716062,0.000019234
experiment_name,17a6c8d2-c42c-4715-9cbb-36969180f8b7,function_transfer_time,1780474898.8174186,0.000090554
experiment_name,17a6c8d2-c42c-4715-9cbb-36969180f8b7,function_transfer_time,1780474898.9187102,0.000078168
experiment_name,17a6c8d2-c42c-4715-9cbb-36969180f8b7,function_transfer_time,1780474899.020024,0.0000748
experiment_name,17a6c8d2-c42c-4715-9cbb-36969180f8b7,function_transfer_time,1780474899.1213527,0.000083595
experiment_name,17a6c8d2-c42c-4715-9cbb-36969180f8b7,function_transfer_time,1780474899.2226887,0.000094151
experiment_name,17a6c8d2-c42c-4715-9cbb-36969180f8b7,function_transfer_time,1780474899.324013,0.000082797
experiment_name,17a6c8d2-c42c-4715-9cbb-36969180f8b7,function_transfer_time,1780474899.425329,0.000083229
experiment_name,17a6c8d2-c42c-4715-9cbb-36969180f8b7,function_transfer_time,1780474899.526667,0.000081437
experiment_name,17a6c8d2-c42c-4715-9cbb-36969180f8b7,function_transfer_time,1780474899.6279595,0.000071314
experiment_name,17a6c8d2-c42c-4715-9cbb-36969180f8b7,function_transfer_time,1780474899.729329,0.000091509
experiment_name,17a6c8d2-c42c-4715-9cbb-36969180f8b7,function_transfer_time,1780474899.8306658,0.00007984
experiment_name,17a6c8d2-c42c-4715-9cbb-36969180f8b7,function_transfer_time,1780474899.9319267,0.000022101
experiment_name,17a6c8d2-c42c-4715-9cbb-36969180f8b7,function_transfer_time,1780474900.0332189,0.000023508
experiment_name,17a6c8d2-c42c-4715-9cbb-36969180f8b7,function_transfer_time,1780474900.13354,0.000080789
experiment_name,17a6c8d2-c42c-4715-9cbb-36969180f8b7,function_transfer_time,1780474900.2348433,0.000075941
experiment_name,17a6c8d2-c42c-4715-9cbb-36969180f8b7,function_transfer_time,1780474900.3361487,0.000076544
experiment_name,17a6c8d2-c42c-4715-9cbb-36969180f8b7,function_transfer_time,1780474900.4364834,0.000085646
experiment_name,17a6c8d2-c42c-4715-9cbb-36969180f8b7,function_transfer_time,1780474900.537803,0.000078549
experiment_name,17a6c8d2-c42c-4715-9cbb-36969180f8b7,function_transfer_time,1780474900.639114,0.000082769
experiment_name,17a6c8d2-c42c-4715-9cbb-36969180f8b7,function_transfer_time,1780474900.7394788,0.000081796
experiment_name,17a6c8d2-c42c-4715-9cbb-36969180f8b7,function_transfer_time,1780474900.8407652,0.000080798
experiment_name,17a6c8d2-c42c-4715-9cbb-36969180f8b7,function_transfer_time,1780474900.9420907,0.00008909
experiment_name,a02d7b3d-20ae-4ade-8fa4-df52e5e4f28b,function_execution_time,1780474901.042915,0.000056951
experiment_name,a02d7b3d-20ae-4ade-8fa4-df52e5e4f28b,function_execution_time,1780474901.1444001,0.000060987
experiment_name,a02d7b3d-20ae-4ade-8fa4-df52e5e4f28b,function_execution_time,1780474901.2447069,0.000059224
experiment_name,a02d7b3d-20ae-4ade-8fa4-df52e5e4f28b,function_execution_time,1780474901.3459942,0.000052327
experiment_name,a02d7b3d-20ae-4ade-8fa4-df52e5e4f28b,function_execution_time,1780474901.44732,0.000064603
experiment_name,a02d7b3d-20ae-4ade-8fa4-df52e5e4f28b,function_execution_time,1780474901.548648,0.000060087
experiment_name,a02d7b3d-20ae-4ade-8fa4-df52e5e4f28b,function_execution_time,1780474901.6499758,0.000053918
experiment_name,a02d7b3d-20ae-4ade-8fa4-df52e5e4f28b,function_execution_time,1780474901.7513978,0.000051886
experiment_name,a02d7b3d-20ae-4ade-8fa4-df52e5e4f28b,function_execution_time,1780474901.8517416,0.000052752
experiment_name,a02d7b3d-20ae-4ade-8fa4-df52e5e4f28b,function_execution_time,1780474901.9530776,0.000051504
experiment_name,a02d7b3d-20ae-4ade-8fa4-df52e5e4f28b,function_execution_time,1780474902.0543928,0.000062361
experiment_name,a02d7b3d-20ae-4ade-8fa4-df52e5e4f28b,function_execution_time,1780474902.1546845,0.000050959
experiment_name,a02d7b3d-20ae-4ade-8fa4-df52e5e4f28b,function_execution_time,1780474902.2559407,0.00005847
experiment_name,a02d7b3d-20ae-4ade-8fa4-df52e5e4f28b,function_execution_time,1780474902.3572068,0.000055151
experiment_name,a02d7b3d-20ae-4ade-8fa4-df52e5e4f28b,function_execution_time,1780474902.458621,0.000057688
experiment_name,a02d7b3d-20ae-4ade-8fa4-df52e5e4f28b,function_execution_time,1780474902.5599244,0.000051104
experiment_name,a02d7b3d-20ae-4ade-8fa4-df52e5e4f28b,function_execution_time,1780474902.6612217,0.00005071
experiment_name,a02d7b3d-20ae-4ade-8fa4-df52e5e4f28b,function_execution_time,1780474902.7626045,0.000055938
experiment_name,a02d7b3d-20ae-4ade-8fa4-df52e5e4f28b,function_execution_time,1780474902.863862,0.000053308
experiment_name,a02d7b3d-20ae-4ade-8fa4-df52e5e4f28b,function_execution_time,1780474902.9651194,0.000069555
experiment_name,a02d7b3d-20ae-4ade-8fa4-df52e5e4f28b,function_execution_time,1780474903.06652,0.000054552
experiment_name,a02d7b3d-20ae-4ade-8fa4-df52e5e4f28b,function_execution_time,1780474903.1678317,0.000061287
experiment_name,a02d7b3d-20ae-4ade-8fa4-df52e5e4f28b,function_execution_time,1780474903.2691925,0.000054998
experiment_name,a02d7b3d-20ae-4ade-8fa4-df52e5e4f28b,function_execution_time,1780474903.3705266,0.000062903
experiment_name,a02d7b3d-20ae-4ade-8fa4-df52e5e4f28b,function_execution_time,1780474903.4717867,0.000055106
experiment_name,a02d7b3d-20ae-4ade-8fa4-df52e5e4f28b,function_execution_time,1780474903.573096,0.000052491
experiment_name,a02d7b3d-20ae-4ade-8fa4-df52e5e4f28b,function_execution_time,1780474903.6744463,0.000065541
experiment_name,a02d7b3d-20ae-4ade-8fa4-df52e5e4f28b,function_execution_time,1780474903.775798,0.000054304
experiment_name,a02d7b3d-20ae-4ade-8fa4-df52e5e4f28b,function_execution_time,1780474903.877135,0.00006084
experiment_name,a02d7b3d-20ae-4ade-8fa4-df52e5e4f28b,function_execution_time,1780474903.9783823,0.000058708
experiment_name,a02d7b3d-20ae-4ade-8fa4-df52e5e4f28b,function_execution_time,1780474904.0787842,0.000051851
experiment_name,a02d7b3d-20ae-4ade-8fa4-df52e5e4f28b,function_execution_time,1780474904.1800315,0.000055604
experiment_name,a02d7b3d-20ae-4ade-8fa4-df52e5e4f28b,function_execution_time,1780474904.2813256,0.000059321
experiment_name,a02d7b3d-20ae-4ade-8fa4-df52e5e4f28b,function_execution_time,1780474904.3826628,0.000051633
experiment_name,a02d7b3d-20ae-4ade-8fa4-df52e5e4f28b,function_execution_time,1780474904.4839013,0.000054598
experiment_name,a02d7b3d-20ae-4ade-8fa4-df52e5e4f28b,function_execution_time,1780474904.5852423,0.000056242
experiment_name,a02d7b3d-20ae-4ade-8fa4-df52e5e4f28b,function_execution_time,1780474904.6865423,0.000061589
experiment_name,a02d7b3d-20ae-4ade-8fa4-df52e5e4f28b,function_execution_time,1780474904.7878275,0.000055004
experiment_name,a02d7b3d-20ae-4ade-8fa4-df52e5e4f28b,function_execution_time,1780474904.8891757,0.000054235
experiment_name,a02d7b3d-20ae-4ade-8fa4-df52e5e4f28b,function_execution_time,1780474904.9904907,0.000064473
experiment_name,a02d7b3d-20ae-4ade-8fa4-df52e5e4f28b,function_execution_time,1780474905.0917964,0.000051904
experiment_name,a02d7b3d-20ae-4ade-8fa4-df52e5e4f28b,function_execution_time,1780474905.1931388,0.000062206
experiment_name,a02d7b3d-20ae-4ade-8fa4-df52e5e4f28b,function_execution_time,1780474905.2943938,0.000051405
experiment_name,a02d7b3d-20ae-4ade-8fa4-df52e5e4f28b,function_execution_time,1780474905.3948514,0.000052638
experiment_name,a02d7b3d-20ae-4ade-8fa4-df52e5e4f28b,function_execution_time,1780474905.4961734,0.000052328
experiment_name,a02d7b3d-20ae-4ade-8fa4-df52e5e4f28b,function_execution_time,1780474905.5975475,0.000062664
experiment_name,a02d7b3d-20ae-4ade-8fa4-df52e5e4f28b,function_execution_time,1780474905.6986957,0.000058229
experiment_name,a02d7b3d-20ae-4ade-8fa4-df52e5e4f28b,function_execution_time,1780474905.8001568,0.00005507
experiment_name,a02d7b3d-20ae-4ade-8fa4-df52e5e4f28b,function_execution_time,1780474905.9014144,0.000055851
experiment_name,a02d7b3d-20ae-4ade-8fa4-df52e5e4f28b,function_execution_time,1780474906.0016794,0.000051765
experiment_name,17a6c8d2-c42c-4715-9cbb-36969180f8b7,function_execution_time,1780474901.0428693,0.000078195
experiment_name,17a6c8d2-c42c-4715-9cbb-36969180f8b7,function_execution_time,1780474901.14424,0.000079558
experiment_name,17a6c8d2-c42c-4715-9cbb-36969180f8b7,function_execution_time,1780474901.2445803,0.00008274
experiment_name,17a6c8d2-c42c-4715-9cbb-36969180f8b7,function_execution_time,1780474901.3459113,0.000073062
experiment_name,17a6c8d2-c42c-4715-9cbb-36969180f8b7,function_execution_time,1780474901.4471755,0.000078377
experiment_name,17a6c8d2-c42c-4715-9cbb-36969180f8b7,function_execution_time,1780474901.5485096,0.000077271
experiment_name,17a6c8d2-c42c-4715-9cbb-36969180f8b7,function_execution_time,1780474901.6499257,0.000169326
experiment_name,17a6c8d2-c42c-4715-9cbb-36969180f8b7,function_execution_time,1780474901.751245,0.000067992
experiment_name,17a6c8d2-c42c-4715-9cbb-36969180f8b7,function_execution_time,1780474901.8515787,0.000077759
experiment_name,17a6c8d2-c42c-4715-9cbb-36969180f8b7,function_execution_time,1780474901.9529243,0.000068578
experiment_name,17a6c8d2-c42c-4715-9cbb-36969180f8b7,function_execution_time,1780474902.0542283,0.000073238
experiment_name,17a6c8d2-c42c-4715-9cbb-36969180f8b7,function_execution_time,1780474902.1545532,0.000075448
experiment_name,17a6c8d2-c42c-4715-9cbb-36969180f8b7,function_execution_time,1780474902.2558107,0.000076808
experiment_name,17a6c8d2-c42c-4715-9cbb-36969180f8b7,function_execution_time,1780474902.3571243,0.000071722
experiment_name,17a6c8d2-c42c-4715-9cbb-36969180f8b7,function_execution_time,1780474902.4585314,0.000089144
experiment_name,17a6c8d2-c42c-4715-9cbb-36969180f8b7,function_execution_time,1780474902.5597734,0.000076808
experiment_name,17a6c8d2-c42c-4715-9cbb-36969180f8b7,function_execution_time,1780474902.6611745,0.000147763
experiment_name,17a6c8d2-c42c-4715-9cbb-36969180f8b7,function_execution_time,1780474902.7624564,0.000086276
experiment_name,17a6c8d2-c42c-4715-9cbb-36969180f8b7,function_execution_time,1780474902.863784,0.000079407
experiment_name,17a6c8d2-c42c-4715-9cbb-36969180f8b7,function_execution_time,1780474902.9650984,0.000084791
experiment_name,17a6c8d2-c42c-4715-9cbb-36969180f8b7,function_execution_time,1780474903.0664668,0.00010736
experiment_name,17a6c8d2-c42c-4715-9cbb-36969180f8b7,function_execution_time,1780474903.16783,0.000087036
experiment_name,17a6c8d2-c42c-4715-9cbb-36969180f8b7,function_execution_time,1780474903.2690475,0.000073075
experiment_name,17a6c8d2-c42c-4715-9cbb-36969180f8b7,function_execution_time,1780474903.3703852,0.000077052
experiment_name,17a6c8d2-c42c-4715-9cbb-36969180f8b7,function_execution_time,1780474903.4716406,0.00006931
experiment_name,17a6c8d2-c42c-4715-9cbb-36969180f8b7,function_execution_time,1780474903.5729656,0.000077299
experiment_name,17a6c8d2-c42c-4715-9cbb-36969180f8b7,function_execution_time,1780474903.6743827,0.000156161
experiment_name,17a6c8d2-c42c-4715-9cbb-36969180f8b7,function_execution_time,1780474903.7757037,0.000080436
experiment_name,17a6c8d2-c42c-4715-9cbb-36969180f8b7,function_execution_time,1780474903.8769755,0.000078908
experiment_name,17a6c8d2-c42c-4715-9cbb-36969180f8b7,function_execution_time,1780474903.978302,0.00007227
experiment_name,17a6c8d2-c42c-4715-9cbb-36969180f8b7,function_execution_time,1780474904.0786312,0.000067569
experiment_name,17a6c8d2-c42c-4715-9cbb-36969180f8b7,function_execution_time,1780474904.179941,0.00007522
experiment_name,17a6c8d2-c42c-4715-9cbb-36969180f8b7,function_execution_time,1780474904.2811816,0.000077026
experiment_name,17a6c8d2-c42c-4715-9cbb-36969180f8b7,function_execution_time,1780474904.3825276,0.000068814
experiment_name,17a6c8d2-c42c-4715-9cbb-36969180f8b7,function_execution_time,1780474904.4837887,0.000083432
experiment_name,17a6c8d2-c42c-4715-9cbb-36969180f8b7,function_execution_time,1780474904.5851467,0.000080661
experiment_name,17a6c8d2-c42c-4715-9cbb-36969180f8b7,function_execution_time,1780474904.6864831,0.000169492
experiment_name,17a6c8d2-c42c-4715-9cbb-36969180f8b7,function_execution_time,1780474904.7877226,0.000083955
experiment_name,17a6c8d2-c42c-4715-9cbb-36969180f8b7,function_execution_time,1780474904.8890834,0.000075139
experiment_name,17a6c8d2-c42c-4715-9cbb-36969180f8b7,function_execution_time,1780474904.9903414,0.000078071
experiment_name,17a6c8d2-c42c-4715-9cbb-36969180f8b7,function_execution_time,1780474905.0916843,0.000078801
experiment_name,17a6c8d2-c42c-4715-9cbb-36969180f8b7,function_execution_time,1780474905.192975,0.000071084
experiment_name,17a6c8d2-c42c-4715-9cbb-36969180f8b7,function_execution_time,1780474905.2942908,0.000081108
experiment_name,17a6c8d2-c42c-4715-9cbb-36969180f8b7,function_execution_time,1780474905.3947167,0.000068625
experiment_name,17a6c8d2-c42c-4715-9cbb-36969180f8b7,function_execution_time,1780474905.4960399,0.000070225
experiment_name,17a6c8d2-c42c-4715-9cbb-36969180f8b7,function_execution_time,1780474905.5973778,0.000068186
experiment_name,17a6c8d2-c42c-4715-9cbb-36969180f8b7,function_execution_time,1780474905.6986413,0.000088884
experiment_name,17a6c8d2-c42c-4715-9cbb-36969180f8b7,function_execution_time,1780474905.800028,0.00007491
experiment_name,17a6c8d2-c42c-4715-9cbb-36969180f8b7,function_execution_time,1780474905.9012523,0.00006688
experiment_name,17a6c8d2-c42c-4715-9cbb-36969180f8b7,function_execution_time,1780474906.0015297,0.000076799
experiment_name,a02d7b3d-20ae-4ade-8fa4-df52e5e4f28b,function_transfer_time,1780474901.0428572,0.000021178
experiment_name,a02d7b3d-20ae-4ade-8fa4-df52e5e4f28b,function_transfer_time,1780474901.144339,0.000120304
experiment_name,a02d7b3d-20ae-4ade-8fa4-df52e5e4f28b,function_transfer_time,1780474901.2446406,0.000093834
experiment_name,a02d7b3d-20ae-4ade-8fa4-df52e5e4f28b,function_transfer_time,1780474901.3459353,0.000100346
experiment_name,a02d7b3d-20ae-4ade-8fa4-df52e5e4f28b,function_transfer_time,1780474901.4472685,0.000114052
experiment_name,a02d7b3d-20ae-4ade-8fa4-df52e5e4f28b,function_transfer_time,1780474901.5485857,0.000101114
experiment_name,a02d7b3d-20ae-4ade-8fa4-df52e5e4f28b,function_transfer_time,1780474901.6499224,0.000034153
experiment_name,a02d7b3d-20ae-4ade-8fa4-df52e5e4f28b,function_transfer_time,1780474901.7513456,0.000129395
experiment_name,a02d7b3d-20ae-4ade-8fa4-df52e5e4f28b,function_transfer_time,1780474901.8516884,0.000131404
experiment_name,a02d7b3d-20ae-4ade-8fa4-df52e5e4f28b,function_transfer_time,1780474901.9530256,0.000130547
experiment_name,a02d7b3d-20ae-4ade-8fa4-df52e5e4f28b,function_transfer_time,1780474902.05433,0.000127776
experiment_name,a02d7b3d-20ae-4ade-8fa4-df52e5e4f28b,function_transfer_time,1780474902.1546335,0.000110062
experiment_name,a02d7b3d-20ae-4ade-8fa4-df52e5e4f28b,function_transfer_time,1780474902.2558742,0.000097354
experiment_name,a02d7b3d-20ae-4ade-8fa4-df52e5e4f28b,function_transfer_time,1780474902.3571508,0.000065269
experiment_name,a02d7b3d-20ae-4ade-8fa4-df52e5e4f28b,function_transfer_time,1780474902.4585567,0.000104742
experiment_name,a02d7b3d-20ae-4ade-8fa4-df52e5e4f28b,function_transfer_time,1780474902.559873,0.000120155
experiment_name,a02d7b3d-20ae-4ade-8fa4-df52e5e4f28b,function_transfer_time,1780474902.661171,0.000031946
experiment_name,a02d7b3d-20ae-4ade-8fa4-df52e5e4f28b,function_transfer_time,1780474902.762548,0.000126509
experiment_name,a02d7b3d-20ae-4ade-8fa4-df52e5e4f28b,function_transfer_time,1780474902.863859,0.000041932
experiment_name,a02d7b3d-20ae-4ade-8fa4-df52e5e4f28b,function_transfer_time,1780474902.9650943,0.000029225
experiment_name,a02d7b3d-20ae-4ade-8fa4-df52e5e4f28b,function_transfer_time,1780474903.0664642,0.000050821
experiment_name,a02d7b3d-20ae-4ade-8fa4-df52e5e4f28b,function_transfer_time,1780474903.1678183,0.000028798
experiment_name,a02d7b3d-20ae-4ade-8fa4-df52e5e4f28b,function_transfer_time,1780474903.2691367,0.00011482
experiment_name,a02d7b3d-20ae-4ade-8fa4-df52e5e4f28b,function_transfer_time,1780474903.3704572,0.000103962
experiment_name,a02d7b3d-20ae-4ade-8fa4-df52e5e4f28b,function_transfer_time,1780474903.4717267,0.000117975
experiment_name,a02d7b3d-20ae-4ade-8fa4-df52e5e4f28b,function_transfer_time,1780474903.5730398,0.000102032
experiment_name,a02d7b3d-20ae-4ade-8fa4-df52e5e4f28b,function_transfer_time,1780474903.67438,0.000029721
experiment_name,a02d7b3d-20ae-4ade-8fa4-df52e5e4f28b,function_transfer_time,1780474903.7757337,0.000103972
experiment_name,a02d7b3d-20ae-4ade-8fa4-df52e5e4f28b,function_transfer_time,1780474903.8770735,0.000127627
experiment_name,a02d7b3d-20ae-4ade-8fa4-df52e5e4f28b,function_transfer_time,1780474903.9783795,0.000061312
experiment_name,a02d7b3d-20ae-4ade-8fa4-df52e5e4f28b,function_transfer_time,1780474904.078732,0.00013059
experiment_name,a02d7b3d-20ae-4ade-8fa4-df52e5e4f28b,function_transfer_time,1780474904.179969,0.000109818
experiment_name,a02d7b3d-20ae-4ade-8fa4-df52e5e4f28b,function_transfer_time,1780474904.2812586,0.000102761
experiment_name,a02d7b3d-20ae-4ade-8fa4-df52e5e4f28b,function_transfer_time,1780474904.3826106,0.000112014
experiment_name,a02d7b3d-20ae-4ade-8fa4-df52e5e4f28b,function_transfer_time,1780474904.483841,0.000090021
experiment_name,a02d7b3d-20ae-4ade-8fa4-df52e5e4f28b,function_transfer_time,1780474904.5851786,0.000111316
experiment_name,a02d7b3d-20ae-4ade-8fa4-df52e5e4f28b,function_transfer_time,1780474904.6864803,0.000042858
experiment_name,a02d7b3d-20ae-4ade-8fa4-df52e5e4f28b,function_transfer_time,1780474904.7877672,0.000083118
experiment_name,a02d7b3d-20ae-4ade-8fa4-df52e5e4f28b,function_transfer_time,1780474904.8891146,0.000109804
experiment_name,a02d7b3d-20ae-4ade-8fa4-df52e5e4f28b,function_transfer_time,1780474904.990425,0.00011135
experiment_name,a02d7b3d-20ae-4ade-8fa4-df52e5e4f28b,function_transfer_time,1780474905.091737,0.000088079
experiment_name,a02d7b3d-20ae-4ade-8fa4-df52e5e4f28b,function_transfer_time,1780474905.1930766,0.000128214
experiment_name,a02d7b3d-20ae-4ade-8fa4-df52e5e4f28b,function_transfer_time,1780474905.2943397,0.000079625
experiment_name,a02d7b3d-20ae-4ade-8fa4-df52e5e4f28b,function_transfer_time,1780474905.3948004,0.000109794
experiment_name,a02d7b3d-20ae-4ade-8fa4-df52e5e4f28b,function_transfer_time,1780474905.4961207,0.000105793
experiment_name,a02d7b3d-20ae-4ade-8fa4-df52e5e4f28b,function_transfer_time,1780474905.5974803,0.000131127
experiment_name,a02d7b3d-20ae-4ade-8fa4-df52e5e4f28b,function_transfer_time,1780474905.698638,0.000031006
experiment_name,a02d7b3d-20ae-4ade-8fa4-df52e5e4f28b,function_transfer_time,1780474905.8000968,0.000099199
experiment_name,a02d7b3d-20ae-4ade-8fa4-df52e5e4f28b,function_transfer_time,1780474905.9013581,0.000126032
experiment_name,a02d7b3d-20ae-4ade-8fa4-df52e5e4f28b,function_transfer_time,1780474906.0016267,0.000115829
experiment_name,17a6c8d2-c42c-4715-9cbb-36969180f8b7,function_transfer_time,1780474901.0427914,0.000013043
experiment_name,17a6c8d2-c42c-4715-9cbb-36969180f8b7,function_transfer_time,1780474901.1441574,0.000079269
experiment_name,17a6c8d2-c42c-4715-9cbb-36969180f8b7,function_transfer_time,1780474901.2444952,0.000078693
experiment_name,17a6c8d2-c42c-4715-9cbb-36969180f8b7,function_transfer_time,1780474901.345786,0.00008028
experiment_name,17a6c8d2-c42c-4715-9cbb-36969180f8b7,function_transfer_time,1780474901.4470885,0.000074632
experiment_name,17a6c8d2-c42c-4715-9cbb-36969180f8b7,function_transfer_time,1780474901.5484352,0.000083248
experiment_name,17a6c8d2-c42c-4715-9cbb-36969180f8b7,function_transfer_time,1780474901.6497443,0.000074196
experiment_name,17a6c8d2-c42c-4715-9cbb-36969180f8b7,function_transfer_time,1780474901.7511642,0.000084009
experiment_name,17a6c8d2-c42c-4715-9cbb-36969180f8b7,function_transfer_time,1780474901.8514965,0.000081489
experiment_name,17a6c8d2-c42c-4715-9cbb-36969180f8b7,function_transfer_time,1780474901.9528422,0.000079902
experiment_name,17a6c8d2-c42c-4715-9cbb-36969180f8b7,function_transfer_time,1780474902.0541475,0.000081807
experiment_name,17a6c8d2-c42c-4715-9cbb-36969180f8b7,function_transfer_time,1780474902.1544719,0.000078244
experiment_name,17a6c8d2-c42c-4715-9cbb-36969180f8b7,function_transfer_time,1780474902.255728,0.000022972
experiment_name,17a6c8d2-c42c-4715-9cbb-36969180f8b7,function_transfer_time,1780474902.3570306,0.000086043
experiment_name,17a6c8d2-c42c-4715-9cbb-36969180f8b7,function_transfer_time,1780474902.4583912,0.000081381
experiment_name,17a6c8d2-c42c-4715-9cbb-36969180f8b7,function_transfer_time,1780474902.559694,0.000079194
experiment_name,17a6c8d2-c42c-4715-9cbb-36969180f8b7,function_transfer_time,1780474902.6610193,0.000074078
experiment_name,17a6c8d2-c42c-4715-9cbb-36969180f8b7,function_transfer_time,1780474902.7623694,0.000080224
experiment_name,17a6c8d2-c42c-4715-9cbb-36969180f8b7,function_transfer_time,1780474902.863702,0.000081489
experiment_name,17a6c8d2-c42c-4715-9cbb-36969180f8b7,function_transfer_time,1780474902.964962,0.000022248
experiment_name,17a6c8d2-c42c-4715-9cbb-36969180f8b7,function_transfer_time,1780474903.0663588,0.000077085
experiment_name,17a6c8d2-c42c-4715-9cbb-36969180f8b7,function_transfer_time,1780474903.1676893,0.000079245
experiment_name,17a6c8d2-c42c-4715-9cbb-36969180f8b7,function_transfer_time,1780474903.2689662,0.000075212
experiment_name,17a6c8d2-c42c-4715-9cbb-36969180f8b7,function_transfer_time,1780474903.3703032,0.000082418
experiment_name,17a6c8d2-c42c-4715-9cbb-36969180f8b7,function_transfer_time,1780474903.4715614,0.000082387
experiment_name,17a6c8d2-c42c-4715-9cbb-36969180f8b7,function_transfer_time,1780474903.5728834,0.000079311
experiment_name,17a6c8d2-c42c-4715-9cbb-36969180f8b7,function_transfer_time,1780474903.6742191,0.000079968
experiment_name,17a6c8d2-c42c-4715-9cbb-36969180f8b7,function_transfer_time,1780474903.7755806,0.00007617
experiment_name,17a6c8d2-c42c-4715-9cbb-36969180f8b7,function_transfer_time,1780474903.8768919,0.000079164
experiment_name,17a6c8d2-c42c-4715-9cbb-36969180f8b7,function_transfer_time,1780474903.978209,0.000084359
experiment_name,17a6c8d2-c42c-4715-9cbb-36969180f8b7,function_transfer_time,1780474904.0785496,0.000086829
experiment_name,17a6c8d2-c42c-4715-9cbb-36969180f8b7,function_transfer_time,1780474904.1798103,0.000021749
experiment_name,17a6c8d2-c42c-4715-9cbb-36969180f8b7,function_transfer_time,1780474904.281099,0.000077618
experiment_name,17a6c8d2-c42c-4715-9cbb-36969180f8b7,function_transfer_time,1780474904.3824456,0.000080278
experiment_name,17a6c8d2-c42c-4715-9cbb-36969180f8b7,function_transfer_time,1780474904.4836988,0.000025357
experiment_name,17a6c8d2-c42c-4715-9cbb-36969180f8b7,function_transfer_time,1780474904.5850177,0.00008444
experiment_name,17a6c8d2-c42c-4715-9cbb-36969180f8b7,function_transfer_time,1780474904.686304,0.000084478
experiment_name,17a6c8d2-c42c-4715-9cbb-36969180f8b7,function_transfer_time,1780474904.7876327,0.000024521
experiment_name,17a6c8d2-c42c-4715-9cbb-36969180f8b7,function_transfer_time,1780474904.8889554,0.000084087
experiment_name,17a6c8d2-c42c-4715-9cbb-36969180f8b7,function_transfer_time,1780474904.9902518,0.00008561
experiment_name,17a6c8d2-c42c-4715-9cbb-36969180f8b7,function_transfer_time,1780474905.0915992,0.000078459
experiment_name,17a6c8d2-c42c-4715-9cbb-36969180f8b7,function_transfer_time,1780474905.1928935,0.000088693
experiment_name,17a6c8d2-c42c-4715-9cbb-36969180f8b7,function_transfer_time,1780474905.294208,0.000074707
experiment_name,17a6c8d2-c42c-4715-9cbb-36969180f8b7,function_transfer_time,1780474905.394634,0.000081059
experiment_name,17a6c8d2-c42c-4715-9cbb-36969180f8b7,function_transfer_time,1780474905.49596,0.000078636
experiment_name,17a6c8d2-c42c-4715-9cbb-36969180f8b7,function_transfer_time,1780474905.5972965,0.000077548
experiment_name,17a6c8d2-c42c-4715-9cbb-36969180f8b7,function_transfer_time,1780474905.6985443,0.000023893
experiment_name,17a6c8d2-c42c-4715-9cbb-36969180f8b7,function_transfer_time,1780474905.7999492,0.000080163
experiment_name,17a6c8d2-c42c-4715-9cbb-36969180f8b7,function_transfer_time,1780474905.9011788,0.000022918
experiment_name,17a6c8d2-c42c-4715-9cbb-36969180f8b7,function_transfer_time,1780474906.0014522,0.000029882
experiment_name,17a6c8d2-c42c-4715-9cbb-36969180f8b7,function_execution_time,1780474906.10288,0.000073261
experiment_name,17a6c8d2-c42c-4715-9cbb-36969180f8b7,function_execution_time,1780474906.2042625,0.000089167
experiment_name,17a6c8d2-c42c-4715-9cbb-36969180f8b7,function_execution_time,1780474906.3046718,0.000081861
experiment_name,17a6c8d2-c42c-4715-9cbb-36969180f8b7,function_execution_time,1780474906.4059844,0.000076329
experiment_name,17a6c8d2-c42c-4715-9cbb-36969180f8b7,function_execution_time,1780474906.5073204,0.000074875
experiment_name,17a6c8d2-c42c-4715-9cbb-36969180f8b7,function_execution_time,1780474906.6086557,0.00007715
experiment_name,17a6c8d2-c42c-4715-9cbb-36969180f8b7,function_execution_time,1780474906.7100656,0.000160124
experiment_name,17a6c8d2-c42c-4715-9cbb-36969180f8b7,function_execution_time,1780474906.8113933,0.00007554
experiment_name,17a6c8d2-c42c-4715-9cbb-36969180f8b7,function_execution_time,1780474906.912712,0.000071621
experiment_name,17a6c8d2-c42c-4715-9cbb-36969180f8b7,function_execution_time,1780474907.0140865,0.000081281
experiment_name,17a6c8d2-c42c-4715-9cbb-36969180f8b7,function_execution_time,1780474907.1153977,0.000080823
experiment_name,17a6c8d2-c42c-4715-9cbb-36969180f8b7,function_execution_time,1780474907.215615,0.000070685
experiment_name,17a6c8d2-c42c-4715-9cbb-36969180f8b7,function_execution_time,1780474907.3169198,0.000068881
experiment_name,17a6c8d2-c42c-4715-9cbb-36969180f8b7,function_execution_time,1780474907.418301,0.000087288
experiment_name,17a6c8d2-c42c-4715-9cbb-36969180f8b7,function_execution_time,1780474907.5185592,0.000071273
experiment_name,17a6c8d2-c42c-4715-9cbb-36969180f8b7,function_execution_time,1780474907.6199307,0.000078251
experiment_name,17a6c8d2-c42c-4715-9cbb-36969180f8b7,function_execution_time,1780474907.7212832,0.000172114
experiment_name,17a6c8d2-c42c-4715-9cbb-36969180f8b7,function_execution_time,1780474907.8216522,0.000080921
experiment_name,17a6c8d2-c42c-4715-9cbb-36969180f8b7,function_execution_time,1780474907.9231107,0.000086179
experiment_name,17a6c8d2-c42c-4715-9cbb-36969180f8b7,function_execution_time,1780474908.0244207,0.00007765
experiment_name,17a6c8d2-c42c-4715-9cbb-36969180f8b7,function_execution_time,1780474908.1257334,0.00007807
experiment_name,17a6c8d2-c42c-4715-9cbb-36969180f8b7,function_execution_time,1780474908.2270777,0.000073647
experiment_name,17a6c8d2-c42c-4715-9cbb-36969180f8b7,function_execution_time,1780474908.328387,0.000071387
experiment_name,17a6c8d2-c42c-4715-9cbb-36969180f8b7,function_execution_time,1780474908.4297297,0.000087409
experiment_name,17a6c8d2-c42c-4715-9cbb-36969180f8b7,function_execution_time,1780474908.531059,0.000076703
experiment_name,17a6c8d2-c42c-4715-9cbb-36969180f8b7,function_execution_time,1780474908.6323557,0.000076469
experiment_name,17a6c8d2-c42c-4715-9cbb-36969180f8b7,function_execution_time,1780474908.7326946,0.00014765
experiment_name,17a6c8d2-c42c-4715-9cbb-36969180f8b7,function_execution_time,1780474908.8339667,0.000068241
experiment_name,17a6c8d2-c42c-4715-9cbb-36969180f8b7,function_execution_time,1780474908.9352846,0.000068097
experiment_name,17a6c8d2-c42c-4715-9cbb-36969180f8b7,function_execution_time,1780474909.0355792,0.000069523
experiment_name,17a6c8d2-c42c-4715-9cbb-36969180f8b7,function_execution_time,1780474909.1368957,0.000078864
experiment_name,17a6c8d2-c42c-4715-9cbb-36969180f8b7,function_execution_time,1780474909.2381935,0.000098802
experiment_name,17a6c8d2-c42c-4715-9cbb-36969180f8b7,function_execution_time,1780474909.3395503,0.00009502
experiment_name,17a6c8d2-c42c-4715-9cbb-36969180f8b7,function_execution_time,1780474909.4409757,0.000088596
experiment_name,17a6c8d2-c42c-4715-9cbb-36969180f8b7,function_execution_time,1780474909.542274,0.000068525
experiment_name,17a6c8d2-c42c-4715-9cbb-36969180f8b7,function_execution_time,1780474909.642599,0.000071973
experiment_name,17a6c8d2-c42c-4715-9cbb-36969180f8b7,function_execution_time,1780474909.7439911,0.000148197
experiment_name,17a6c8d2-c42c-4715-9cbb-36969180f8b7,function_execution_time,1780474909.8452911,0.00007603
experiment_name,17a6c8d2-c42c-4715-9cbb-36969180f8b7,function_execution_time,1780474909.9456298,0.000072186
experiment_name,a02d7b3d-20ae-4ade-8fa4-df52e5e4f28b,function_execution_time,1780474906.1030362,0.000060222
experiment_name,a02d7b3d-20ae-4ade-8fa4-df52e5e4f28b,function_execution_time,1780474906.2043052,0.000062002
experiment_name,a02d7b3d-20ae-4ade-8fa4-df52e5e4f28b,function_execution_time,1780474906.3048227,0.000053589
experiment_name,a02d7b3d-20ae-4ade-8fa4-df52e5e4f28b,function_execution_time,1780474906.406158,0.000060936
experiment_name,a02d7b3d-20ae-4ade-8fa4-df52e5e4f28b,function_execution_time,1780474906.5074897,0.000069051
experiment_name,a02d7b3d-20ae-4ade-8fa4-df52e5e4f28b,function_execution_time,1780474906.6088195,0.000066076
experiment_name,a02d7b3d-20ae-4ade-8fa4-df52e5e4f28b,function_execution_time,1780474906.7101173,0.000054186
experiment_name,a02d7b3d-20ae-4ade-8fa4-df52e5e4f28b,function_execution_time,1780474906.811541,0.000060528
experiment_name,a02d7b3d-20ae-4ade-8fa4-df52e5e4f28b,function_execution_time,1780474906.9127994,0.000062491
experiment_name,a02d7b3d-20ae-4ade-8fa4-df52e5e4f28b,function_execution_time,1780474907.0141754,0.000062189
experiment_name,a02d7b3d-20ae-4ade-8fa4-df52e5e4f28b,function_execution_time,1780474907.1154804,0.000069959
experiment_name,a02d7b3d-20ae-4ade-8fa4-df52e5e4f28b,function_execution_time,1780474907.2157614,0.000052544
experiment_name,a02d7b3d-20ae-4ade-8fa4-df52e5e4f28b,function_execution_time,1780474907.3169997,0.000051692
experiment_name,a02d7b3d-20ae-4ade-8fa4-df52e5e4f28b,function_execution_time,1780474907.418389,0.000055845
experiment_name,a02d7b3d-20ae-4ade-8fa4-df52e5e4f28b,function_execution_time,1780474907.518729,0.000064509
experiment_name,a02d7b3d-20ae-4ade-8fa4-df52e5e4f28b,function_execution_time,1780474907.620032,0.000058891
experiment_name,a02d7b3d-20ae-4ade-8fa4-df52e5e4f28b,function_execution_time,1780474907.7213356,0.000057578
experiment_name,a02d7b3d-20ae-4ade-8fa4-df52e5e4f28b,function_execution_time,1780474907.8217695,0.000055961
experiment_name,a02d7b3d-20ae-4ade-8fa4-df52e5e4f28b,function_execution_time,1780474907.9231703,0.000062819
experiment_name,a02d7b3d-20ae-4ade-8fa4-df52e5e4f28b,function_execution_time,1780474908.024479,0.000059414
experiment_name,a02d7b3d-20ae-4ade-8fa4-df52e5e4f28b,function_execution_time,1780474908.1258783,0.000054822
experiment_name,a02d7b3d-20ae-4ade-8fa4-df52e5e4f28b,function_execution_time,1780474908.2272286,0.000059021
experiment_name,a02d7b3d-20ae-4ade-8fa4-df52e5e4f28b,function_execution_time,1780474908.328522,0.000056252
experiment_name,a02d7b3d-20ae-4ade-8fa4-df52e5e4f28b,function_execution_time,1780474908.4298568,0.00006356
experiment_name,a02d7b3d-20ae-4ade-8fa4-df52e5e4f28b,function_execution_time,1780474908.5311353,0.000056586
experiment_name,a02d7b3d-20ae-4ade-8fa4-df52e5e4f28b,function_execution_time,1780474908.6324334,0.000052669
experiment_name,a02d7b3d-20ae-4ade-8fa4-df52e5e4f28b,function_execution_time,1780474908.7327442,0.000052043
experiment_name,a02d7b3d-20ae-4ade-8fa4-df52e5e4f28b,function_execution_time,1780474908.8341255,0.000062802
experiment_name,a02d7b3d-20ae-4ade-8fa4-df52e5e4f28b,function_execution_time,1780474908.9354184,0.000051384
experiment_name,a02d7b3d-20ae-4ade-8fa4-df52e5e4f28b,function_execution_time,1780474909.0356545,0.000051655
experiment_name,a02d7b3d-20ae-4ade-8fa4-df52e5e4f28b,function_execution_time,1780474909.1370633,0.000056339
experiment_name,a02d7b3d-20ae-4ade-8fa4-df52e5e4f28b,function_execution_time,1780474909.238254,0.00006188
experiment_name,a02d7b3d-20ae-4ade-8fa4-df52e5e4f28b,function_execution_time,1780474909.3396325,0.000056718
experiment_name,a02d7b3d-20ae-4ade-8fa4-df52e5e4f28b,function_execution_time,1780474909.441093,0.000055519
experiment_name,a02d7b3d-20ae-4ade-8fa4-df52e5e4f28b,function_execution_time,1780474909.5424476,0.000061625
experiment_name,a02d7b3d-20ae-4ade-8fa4-df52e5e4f28b,function_execution_time,1780474909.6427522,0.000051403
experiment_name,a02d7b3d-20ae-4ade-8fa4-df52e5e4f28b,function_execution_time,1780474909.7440395,0.000051571
experiment_name,a02d7b3d-20ae-4ade-8fa4-df52e5e4f28b,function_execution_time,1780474909.845478,0.000069922
experiment_name,a02d7b3d-20ae-4ade-8fa4-df52e5e4f28b,function_execution_time,1780474909.9458096,0.000067086
experiment_name,9240e790-56cd-4217-ace6-c8d8e946a1ca,function_stop_time,1780474910.0253425,0.000061699
experiment_name,17a6c8d2-c42c-4715-9cbb-36969180f8b7,function_stop_time,1780474910.0274165,0.000031872
experiment_name,a02d7b3d-20ae-4ade-8fa4-df52e5e4f28b,function_stop_time,1780474910.027699,0.000035584
experiment_name,17a6c8d2-c42c-4715-9cbb-36969180f8b7,function_transfer_time,1780474906.1027954,0.000082009
experiment_name,17a6c8d2-c42c-4715-9cbb-36969180f8b7,function_transfer_time,1780474906.204123,0.000022719
experiment_name,17a6c8d2-c42c-4715-9cbb-36969180f8b7,function_transfer_time,1780474906.3045874,0.000084496
experiment_name,17a6c8d2-c42c-4715-9cbb-36969180f8b7,function_transfer_time,1780474906.4058993,0.000078478
experiment_name,17a6c8d2-c42c-4715-9cbb-36969180f8b7,function_transfer_time,1780474906.5072467,0.000085162
experiment_name,17a6c8d2-c42c-4715-9cbb-36969180f8b7,function_transfer_time,1780474906.6085725,0.000094498
experiment_name,17a6c8d2-c42c-4715-9cbb-36969180f8b7,function_transfer_time,1780474906.7098982,0.000084355
experiment_name,17a6c8d2-c42c-4715-9cbb-36969180f8b7,function_transfer_time,1780474906.8113031,0.00009153
experiment_name,17a6c8d2-c42c-4715-9cbb-36969180f8b7,function_transfer_time,1780474906.9126227,0.00008196
experiment_name,17a6c8d2-c42c-4715-9cbb-36969180f8b7,function_transfer_time,1780474907.013958,0.000079534
experiment_name,17a6c8d2-c42c-4715-9cbb-36969180f8b7,function_transfer_time,1780474907.1152437,0.000082431
experiment_name,17a6c8d2-c42c-4715-9cbb-36969180f8b7,function_transfer_time,1780474907.2155366,0.000075619
experiment_name,17a6c8d2-c42c-4715-9cbb-36969180f8b7,function_transfer_time,1780474907.31684,0.00006919
experiment_name,17a6c8d2-c42c-4715-9cbb-36969180f8b7,function_transfer_time,1780474907.418163,0.000079953
experiment_name,17a6c8d2-c42c-4715-9cbb-36969180f8b7,function_transfer_time,1780474907.5184815,0.000079781
experiment_name,17a6c8d2-c42c-4715-9cbb-36969180f8b7,function_transfer_time,1780474907.619797,0.000093774
experiment_name,17a6c8d2-c42c-4715-9cbb-36969180f8b7,function_transfer_time,1780474907.7211099,0.000083279
experiment_name,17a6c8d2-c42c-4715-9cbb-36969180f8b7,function_transfer_time,1780474907.821566,0.000081774
experiment_name,17a6c8d2-c42c-4715-9cbb-36969180f8b7,function_transfer_time,1780474907.923017,0.000079445
experiment_name,17a6c8d2-c42c-4715-9cbb-36969180f8b7,function_transfer_time,1780474908.0243433,0.000084982
experiment_name,17a6c8d2-c42c-4715-9cbb-36969180f8b7,function_transfer_time,1780474908.1256397,0.000084092
experiment_name,17a6c8d2-c42c-4715-9cbb-36969180f8b7,function_transfer_time,1780474908.2269962,0.000091502
experiment_name,17a6c8d2-c42c-4715-9cbb-36969180f8b7,function_transfer_time,1780474908.328302,0.000079766
experiment_name,17a6c8d2-c42c-4715-9cbb-36969180f8b7,function_transfer_time,1780474908.4296377,0.000084562
experiment_name,17a6c8d2-c42c-4715-9cbb-36969180f8b7,function_transfer_time,1780474908.5309227,0.00007761
experiment_name,17a6c8d2-c42c-4715-9cbb-36969180f8b7,function_transfer_time,1780474908.6322267,0.000082074
experiment_name,17a6c8d2-c42c-4715-9cbb-36969180f8b7,function_transfer_time,1780474908.7325408,0.000079099
experiment_name,17a6c8d2-c42c-4715-9cbb-36969180f8b7,function_transfer_time,1780474908.8338852,0.000079943
experiment_name,17a6c8d2-c42c-4715-9cbb-36969180f8b7,function_transfer_time,1780474908.9352043,0.000074913
experiment_name,17a6c8d2-c42c-4715-9cbb-36969180f8b7,function_transfer_time,1780474909.035505,0.00008195
experiment_name,17a6c8d2-c42c-4715-9cbb-36969180f8b7,function_transfer_time,1780474909.1368196,0.000074553
experiment_name,17a6c8d2-c42c-4715-9cbb-36969180f8b7,function_transfer_time,1780474909.2380896,0.000040522
experiment_name,17a6c8d2-c42c-4715-9cbb-36969180f8b7,function_transfer_time,1780474909.339401,0.000080545
experiment_name,17a6c8d2-c42c-4715-9cbb-36969180f8b7,function_transfer_time,1780474909.4408827,0.000077264
experiment_name,17a6c8d2-c42c-4715-9cbb-36969180f8b7,function_transfer_time,1780474909.5421937,0.000084873
experiment_name,17a6c8d2-c42c-4715-9cbb-36969180f8b7,function_transfer_time,1780474909.642528,0.000076065
experiment_name,17a6c8d2-c42c-4715-9cbb-36969180f8b7,function_transfer_time,1780474909.7438376,0.000078472
experiment_name,17a6c8d2-c42c-4715-9cbb-36969180f8b7,function_transfer_time,1780474909.8452086,0.00008307
experiment_name,17a6c8d2-c42c-4715-9cbb-36969180f8b7,function_transfer_time,1780474909.9455476,0.000081796
experiment_name,a02d7b3d-20ae-4ade-8fa4-df52e5e4f28b,function_transfer_time,1780474906.1029758,0.000126087
experiment_name,a02d7b3d-20ae-4ade-8fa4-df52e5e4f28b,function_transfer_time,1780474906.204267,0.000058866
experiment_name,a02d7b3d-20ae-4ade-8fa4-df52e5e4f28b,function_transfer_time,1780474906.3047688,0.000127125
experiment_name,a02d7b3d-20ae-4ade-8fa4-df52e5e4f28b,function_transfer_time,1780474906.4060955,0.000140969
experiment_name,a02d7b3d-20ae-4ade-8fa4-df52e5e4f28b,function_transfer_time,1780474906.5074193,0.000118188
experiment_name,a02d7b3d-20ae-4ade-8fa4-df52e5e4f28b,function_transfer_time,1780474906.6087532,0.000123297
experiment_name,a02d7b3d-20ae-4ade-8fa4-df52e5e4f28b,function_transfer_time,1780474906.710063,0.000032462
experiment_name,a02d7b3d-20ae-4ade-8fa4-df52e5e4f28b,function_transfer_time,1780474906.8114798,0.000120294
experiment_name,a02d7b3d-20ae-4ade-8fa4-df52e5e4f28b,function_transfer_time,1780474906.9127824,0.0000576
experiment_name,a02d7b3d-20ae-4ade-8fa4-df52e5e4f28b,function_transfer_time,1780474907.0141063,0.000098131
experiment_name,a02d7b3d-20ae-4ade-8fa4-df52e5e4f28b,function_transfer_time,1780474907.1154006,0.000105687
experiment_name,a02d7b3d-20ae-4ade-8fa4-df52e5e4f28b,function_transfer_time,1780474907.2157083,0.000118449
experiment_name,a02d7b3d-20ae-4ade-8fa4-df52e5e4f28b,function_transfer_time,1780474907.3169963,0.000047041
experiment_name,a02d7b3d-20ae-4ade-8fa4-df52e5e4f28b,function_transfer_time,1780474907.4183264,0.000104637
experiment_name,a02d7b3d-20ae-4ade-8fa4-df52e5e4f28b,function_transfer_time,1780474907.518664,0.000128222
experiment_name,a02d7b3d-20ae-4ade-8fa4-df52e5e4f28b,function_transfer_time,1780474907.6199665,0.000118536
experiment_name,a02d7b3d-20ae-4ade-8fa4-df52e5e4f28b,function_transfer_time,1780474907.721275,0.000030471
experiment_name,a02d7b3d-20ae-4ade-8fa4-df52e5e4f28b,function_transfer_time,1780474907.8217046,0.000086588
experiment_name,a02d7b3d-20ae-4ade-8fa4-df52e5e4f28b,function_transfer_time,1780474907.9231083,0.000031394
experiment_name,a02d7b3d-20ae-4ade-8fa4-df52e5e4f28b,function_transfer_time,1780474908.0244184,0.000023827
experiment_name,a02d7b3d-20ae-4ade-8fa4-df52e5e4f28b,function_transfer_time,1780474908.1258183,0.000119462
experiment_name,a02d7b3d-20ae-4ade-8fa4-df52e5e4f28b,function_transfer_time,1780474908.2271686,0.000116381
experiment_name,a02d7b3d-20ae-4ade-8fa4-df52e5e4f28b,function_transfer_time,1780474908.3284652,0.000108055
experiment_name,a02d7b3d-20ae-4ade-8fa4-df52e5e4f28b,function_transfer_time,1780474908.429786,0.000090196
experiment_name,a02d7b3d-20ae-4ade-8fa4-df52e5e4f28b,function_transfer_time,1780474908.5310748,0.000100093
experiment_name,a02d7b3d-20ae-4ade-8fa4-df52e5e4f28b,function_transfer_time,1780474908.632374,0.000097519
experiment_name,a02d7b3d-20ae-4ade-8fa4-df52e5e4f28b,function_transfer_time,1780474908.7326918,0.0000334
experiment_name,a02d7b3d-20ae-4ade-8fa4-df52e5e4f28b,function_transfer_time,1780474908.8340547,0.000119915
experiment_name,a02d7b3d-20ae-4ade-8fa4-df52e5e4f28b,function_transfer_time,1780474908.935366,0.000110058
experiment_name,a02d7b3d-20ae-4ade-8fa4-df52e5e4f28b,function_transfer_time,1780474909.0356512,0.000041687
experiment_name,a02d7b3d-20ae-4ade-8fa4-df52e5e4f28b,function_transfer_time,1780474909.1370065,0.000124389
experiment_name,a02d7b3d-20ae-4ade-8fa4-df52e5e4f28b,function_transfer_time,1780474909.2381897,0.000036753
experiment_name,a02d7b3d-20ae-4ade-8fa4-df52e5e4f28b,function_transfer_time,1780474909.3395715,0.000104313
experiment_name,a02d7b3d-20ae-4ade-8fa4-df52e5e4f28b,function_transfer_time,1780474909.44103,0.000093376
experiment_name,a02d7b3d-20ae-4ade-8fa4-df52e5e4f28b,function_transfer_time,1780474909.5423717,0.000127631
experiment_name,a02d7b3d-20ae-4ade-8fa4-df52e5e4f28b,function_transfer_time,1780474909.6427002,0.000120037
experiment_name,a02d7b3d-20ae-4ade-8fa4-df52e5e4f28b,function_transfer_time,1780474909.7439885,0.000028729
experiment_name,a02d7b3d-20ae-4ade-8fa4-df52e5e4f28b,function_transfer_time,1780474909.8454053,0.00013855
experiment_name,a02d7b3d-20ae-4ade-8fa4-df52e5e4f28b,function_transfer_time,1780474909.945742,0.000138236
experiment_name,a62024c7-3456-45c3-8b6c-c8c1f400d81d,function_stop_time,1780474910.0248623,0.000060538
