experiment_name,deb27494-4a62-4ba9-a165-dca255d665f2,function_instantiate_time,1779123707.2081013,0.010614489
experiment_name,dddf8ef5-599d-4934-b281-6e0647eafaf1,function_instantiate_time,1779123707.2542937,0.009181892
experiment_name,156357c9-70f8-4496-9aa2-5ad9535f7129,function_instantiate_time,1779123707.2080297,0.011267047
experiment_name,deb27494-4a62-4ba9-a165-dca255d665f2,function_init_time,1779123707.2082067,0.000099752
experiment_name,dddf8ef5-599d-4934-b281-6e0647eafaf1,function_init_time,1779123707.2543314,0.000042702
experiment_name,156357c9-70f8-4496-9aa2-5ad9535f7129,function_init_time,1779123707.2081034,0.000088374
experiment_name,deb27494-4a62-4ba9-a165-dca255d665f2,function_execution_time,1779123707.3096385,0.000062816
experiment_name,deb27494-4a62-4ba9-a165-dca255d665f2,function_execution_time,1779123707.4109468,0.000067909
experiment_name,deb27494-4a62-4ba9-a165-dca255d665f2,function_execution_time,1779123707.5114522,0.000124222
experiment_name,deb27494-4a62-4ba9-a165-dca255d665f2,function_execution_time,1779123707.613043,0.000084273
experiment_name,deb27494-4a62-4ba9-a165-dca255d665f2,function_execution_time,1779123707.7143662,0.000079583
experiment_name,deb27494-4a62-4ba9-a165-dca255d665f2,function_execution_time,1779123707.8156745,0.000064386
experiment_name,deb27494-4a62-4ba9-a165-dca255d665f2,function_execution_time,1779123707.9169772,0.000060816
experiment_name,deb27494-4a62-4ba9-a165-dca255d665f2,function_execution_time,1779123708.0184033,0.00006844
experiment_name,deb27494-4a62-4ba9-a165-dca255d665f2,function_execution_time,1779123708.1197693,0.000058829
experiment_name,deb27494-4a62-4ba9-a165-dca255d665f2,function_execution_time,1779123708.2210815,0.000060134
experiment_name,deb27494-4a62-4ba9-a165-dca255d665f2,function_execution_time,1779123708.3224988,0.000077538
experiment_name,deb27494-4a62-4ba9-a165-dca255d665f2,function_execution_time,1779123708.4237864,0.000064575
experiment_name,deb27494-4a62-4ba9-a165-dca255d665f2,function_execution_time,1779123708.5250437,0.00007009
experiment_name,deb27494-4a62-4ba9-a165-dca255d665f2,function_execution_time,1779123708.6264143,0.000059186
experiment_name,deb27494-4a62-4ba9-a165-dca255d665f2,function_execution_time,1779123708.727729,0.00005901
experiment_name,deb27494-4a62-4ba9-a165-dca255d665f2,function_execution_time,1779123708.829076,0.000058003
experiment_name,deb27494-4a62-4ba9-a165-dca255d665f2,function_execution_time,1779123708.9304173,0.000065252
experiment_name,deb27494-4a62-4ba9-a165-dca255d665f2,function_execution_time,1779123709.0317695,0.000062765
experiment_name,deb27494-4a62-4ba9-a165-dca255d665f2,function_execution_time,1779123709.1330686,0.000058006
experiment_name,deb27494-4a62-4ba9-a165-dca255d665f2,function_execution_time,1779123709.2335854,0.000060797
experiment_name,deb27494-4a62-4ba9-a165-dca255d665f2,function_execution_time,1779123709.3349583,0.000070427
experiment_name,deb27494-4a62-4ba9-a165-dca255d665f2,function_execution_time,1779123709.4362738,0.000061833
experiment_name,deb27494-4a62-4ba9-a165-dca255d665f2,function_execution_time,1779123709.5365956,0.000059996
experiment_name,dddf8ef5-599d-4934-b281-6e0647eafaf1,function_execution_time,1779123707.440811,0.002030691
experiment_name,dddf8ef5-599d-4934-b281-6e0647eafaf1,function_execution_time,1779123707.4501183,0.00139037
experiment_name,dddf8ef5-599d-4934-b281-6e0647eafaf1,function_execution_time,1779123707.460769,0.00139605
experiment_name,dddf8ef5-599d-4934-b281-6e0647eafaf1,function_execution_time,1779123707.4618316,0.001051069
experiment_name,dddf8ef5-599d-4934-b281-6e0647eafaf1,function_execution_time,1779123707.4711292,0.001060506
experiment_name,dddf8ef5-599d-4934-b281-6e0647eafaf1,function_execution_time,1779123707.4722016,0.00107103
experiment_name,dddf8ef5-599d-4934-b281-6e0647eafaf1,function_execution_time,1779123707.48134,0.001160189
experiment_name,dddf8ef5-599d-4934-b281-6e0647eafaf1,function_execution_time,1779123707.4824166,0.001070981
experiment_name,dddf8ef5-599d-4934-b281-6e0647eafaf1,function_execution_time,1779123707.4920516,0.001088805
experiment_name,dddf8ef5-599d-4934-b281-6e0647eafaf1,function_execution_time,1779123707.4931664,0.001111222
experiment_name,dddf8ef5-599d-4934-b281-6e0647eafaf1,function_execution_time,1779123707.5023944,0.001043537
experiment_name,dddf8ef5-599d-4934-b281-6e0647eafaf1,function_execution_time,1779123707.503387,0.000984331
experiment_name,dddf8ef5-599d-4934-b281-6e0647eafaf1,function_execution_time,1779123707.5125055,0.001016459
experiment_name,dddf8ef5-599d-4934-b281-6e0647eafaf1,function_execution_time,1779123707.5139635,0.001001304
experiment_name,dddf8ef5-599d-4934-b281-6e0647eafaf1,function_execution_time,1779123707.5226204,0.001088945
experiment_name,dddf8ef5-599d-4934-b281-6e0647eafaf1,function_execution_time,1779123707.5432668,0.001497349
experiment_name,dddf8ef5-599d-4934-b281-6e0647eafaf1,function_execution_time,1779123707.551837,0.001246609
experiment_name,dddf8ef5-599d-4934-b281-6e0647eafaf1,function_execution_time,1779123707.5637548,0.001714937
experiment_name,dddf8ef5-599d-4934-b281-6e0647eafaf1,function_execution_time,1779123707.5650213,0.001253417
experiment_name,dddf8ef5-599d-4934-b281-6e0647eafaf1,function_execution_time,1779123707.574026,0.001741934
experiment_name,dddf8ef5-599d-4934-b281-6e0647eafaf1,function_execution_time,1779123707.5752964,0.001255305
experiment_name,dddf8ef5-599d-4934-b281-6e0647eafaf1,function_execution_time,1779123707.5838215,0.001349037
experiment_name,dddf8ef5-599d-4934-b281-6e0647eafaf1,function_execution_time,1779123707.585311,0.001230497
experiment_name,dddf8ef5-599d-4934-b281-6e0647eafaf1,function_execution_time,1779123707.5944238,0.001695166
experiment_name,dddf8ef5-599d-4934-b281-6e0647eafaf1,function_execution_time,1779123707.595639,0.001206624
experiment_name,dddf8ef5-599d-4934-b281-6e0647eafaf1,function_execution_time,1779123707.60539,0.001498599
experiment_name,dddf8ef5-599d-4934-b281-6e0647eafaf1,function_execution_time,1779123707.6066213,0.00122812
experiment_name,dddf8ef5-599d-4934-b281-6e0647eafaf1,function_execution_time,1779123707.6156008,0.0012692
experiment_name,dddf8ef5-599d-4934-b281-6e0647eafaf1,function_execution_time,1779123707.6168442,0.001266631
experiment_name,dddf8ef5-599d-4934-b281-6e0647eafaf1,function_execution_time,1779123707.6270053,0.001852838
experiment_name,156357c9-70f8-4496-9aa2-5ad9535f7129,function_execution_time,1779123707.2082489,0.000131025
experiment_name,156357c9-70f8-4496-9aa2-5ad9535f7129,function_execution_time,1779123707.3095765,0.00008998
experiment_name,156357c9-70f8-4496-9aa2-5ad9535f7129,function_execution_time,1779123707.4109209,0.000083089
experiment_name,156357c9-70f8-4496-9aa2-5ad9535f7129,function_execution_time,1779123707.5113833,0.00017956
experiment_name,156357c9-70f8-4496-9aa2-5ad9535f7129,function_execution_time,1779123707.6129894,0.00013284
experiment_name,156357c9-70f8-4496-9aa2-5ad9535f7129,function_execution_time,1779123707.7142477,0.000088098
experiment_name,156357c9-70f8-4496-9aa2-5ad9535f7129,function_execution_time,1779123707.8155942,0.000092992
experiment_name,156357c9-70f8-4496-9aa2-5ad9535f7129,function_execution_time,1779123707.9168224,0.000073418
experiment_name,156357c9-70f8-4496-9aa2-5ad9535f7129,function_execution_time,1779123708.01831,0.000071531
experiment_name,156357c9-70f8-4496-9aa2-5ad9535f7129,function_execution_time,1779123708.1196916,0.000084399
experiment_name,156357c9-70f8-4496-9aa2-5ad9535f7129,function_execution_time,1779123708.2210116,0.000144827
experiment_name,156357c9-70f8-4496-9aa2-5ad9535f7129,function_execution_time,1779123708.3223188,0.000069231
experiment_name,156357c9-70f8-4496-9aa2-5ad9535f7129,function_execution_time,1779123708.4236214,0.00007166
experiment_name,156357c9-70f8-4496-9aa2-5ad9535f7129,function_execution_time,1779123708.5250149,0.000088858
experiment_name,156357c9-70f8-4496-9aa2-5ad9535f7129,function_execution_time,1779123708.6262512,0.000070775
experiment_name,156357c9-70f8-4496-9aa2-5ad9535f7129,function_execution_time,1779123708.7275708,0.000070329
experiment_name,156357c9-70f8-4496-9aa2-5ad9535f7129,function_execution_time,1779123708.8289223,0.000082033
experiment_name,156357c9-70f8-4496-9aa2-5ad9535f7129,function_execution_time,1779123708.9302514,0.000071646
experiment_name,156357c9-70f8-4496-9aa2-5ad9535f7129,function_execution_time,1779123709.0316138,0.000071364
experiment_name,156357c9-70f8-4496-9aa2-5ad9535f7129,function_execution_time,1779123709.1329079,0.000069407
experiment_name,156357c9-70f8-4496-9aa2-5ad9535f7129,function_execution_time,1779123709.233512,0.000180978
experiment_name,156357c9-70f8-4496-9aa2-5ad9535f7129,function_execution_time,1779123709.3347878,0.000072172
experiment_name,156357c9-70f8-4496-9aa2-5ad9535f7129,function_execution_time,1779123709.4361222,0.000069662
experiment_name,156357c9-70f8-4496-9aa2-5ad9535f7129,function_execution_time,1779123709.5364804,0.000098318
experiment_name,dddf8ef5-599d-4934-b281-6e0647eafaf1,function_transfer_time,1779123707.4387732,0.015341897
experiment_name,dddf8ef5-599d-4934-b281-6e0647eafaf1,function_transfer_time,1779123707.4487247,0.010660366
experiment_name,dddf8ef5-599d-4934-b281-6e0647eafaf1,function_transfer_time,1779123707.459365,0.031775183
experiment_name,dddf8ef5-599d-4934-b281-6e0647eafaf1,function_transfer_time,1779123707.4607728,0.013679065
experiment_name,dddf8ef5-599d-4934-b281-6e0647eafaf1,function_transfer_time,1779123707.4700596,0.019835719
experiment_name,dddf8ef5-599d-4934-b281-6e0647eafaf1,function_transfer_time,1779123707.471133,0.031016694
experiment_name,dddf8ef5-599d-4934-b281-6e0647eafaf1,function_transfer_time,1779123707.4801736,0.028170397
experiment_name,dddf8ef5-599d-4934-b281-6e0647eafaf1,function_transfer_time,1779123707.4813418,0.035791671
experiment_name,dddf8ef5-599d-4934-b281-6e0647eafaf1,function_transfer_time,1779123707.4909496,0.033532437
experiment_name,dddf8ef5-599d-4934-b281-6e0647eafaf1,function_transfer_time,1779123707.4920576,0.045712699
experiment_name,dddf8ef5-599d-4934-b281-6e0647eafaf1,function_transfer_time,1779123707.5013454,0.042266491
experiment_name,dddf8ef5-599d-4934-b281-6e0647eafaf1,function_transfer_time,1779123707.5023973,0.051920992
experiment_name,dddf8ef5-599d-4934-b281-6e0647eafaf1,function_transfer_time,1779123707.5114813,0.051564176
experiment_name,dddf8ef5-599d-4934-b281-6e0647eafaf1,function_transfer_time,1779123707.512951,0.060673954
experiment_name,dddf8ef5-599d-4934-b281-6e0647eafaf1,function_transfer_time,1779123707.5215266,0.060104259
experiment_name,dddf8ef5-599d-4934-b281-6e0647eafaf1,function_transfer_time,1779123707.541769,0.000177797
experiment_name,dddf8ef5-599d-4934-b281-6e0647eafaf1,function_transfer_time,1779123707.550586,0.000176489
experiment_name,dddf8ef5-599d-4934-b281-6e0647eafaf1,function_transfer_time,1779123707.562041,0.000169792
experiment_name,dddf8ef5-599d-4934-b281-6e0647eafaf1,function_transfer_time,1779123707.563757,0.000845876
experiment_name,dddf8ef5-599d-4934-b281-6e0647eafaf1,function_transfer_time,1779123707.5722835,0.000185926
experiment_name,dddf8ef5-599d-4934-b281-6e0647eafaf1,function_transfer_time,1779123707.5740285,0.000856211
experiment_name,dddf8ef5-599d-4934-b281-6e0647eafaf1,function_transfer_time,1779123707.582474,0.000147384
experiment_name,dddf8ef5-599d-4934-b281-6e0647eafaf1,function_transfer_time,1779123707.583966,0.000483389
experiment_name,dddf8ef5-599d-4934-b281-6e0647eafaf1,function_transfer_time,1779123707.5927303,0.000486969
experiment_name,dddf8ef5-599d-4934-b281-6e0647eafaf1,function_transfer_time,1779123707.5944257,0.000799638
experiment_name,dddf8ef5-599d-4934-b281-6e0647eafaf1,function_transfer_time,1779123707.6038845,0.000169263
experiment_name,dddf8ef5-599d-4934-b281-6e0647eafaf1,function_transfer_time,1779123707.6053936,0.000602208
experiment_name,dddf8ef5-599d-4934-b281-6e0647eafaf1,function_transfer_time,1779123707.614298,0.000171929
experiment_name,dddf8ef5-599d-4934-b281-6e0647eafaf1,function_transfer_time,1779123707.615602,0.001287002
experiment_name,dddf8ef5-599d-4934-b281-6e0647eafaf1,function_transfer_time,1779123707.6250694,0.001196259
experiment_name,deb27494-4a62-4ba9-a165-dca255d665f2,function_transfer_time,1779123707.3095725,0.000034101
experiment_name,deb27494-4a62-4ba9-a165-dca255d665f2,function_transfer_time,1779123707.410924,0.000042704
experiment_name,deb27494-4a62-4ba9-a165-dca255d665f2,function_transfer_time,1779123707.5113792,0.000022044
experiment_name,deb27494-4a62-4ba9-a165-dca255d665f2,function_transfer_time,1779123707.6129518,0.000024298
experiment_name,deb27494-4a62-4ba9-a165-dca255d665f2,function_transfer_time,1779123707.7142787,0.000114214
experiment_name,deb27494-4a62-4ba9-a165-dca255d665f2,function_transfer_time,1779123707.8155978,0.000086562
experiment_name,deb27494-4a62-4ba9-a165-dca255d665f2,function_transfer_time,1779123707.9169135,0.000109722
experiment_name,deb27494-4a62-4ba9-a165-dca255d665f2,function_transfer_time,1779123708.0183992,0.000048576
experiment_name,deb27494-4a62-4ba9-a165-dca255d665f2,function_transfer_time,1779123708.119695,0.000100282
experiment_name,deb27494-4a62-4ba9-a165-dca255d665f2,function_transfer_time,1779123708.2210145,0.000033472
experiment_name,deb27494-4a62-4ba9-a165-dca255d665f2,function_transfer_time,1779123708.3224092,0.000113023
experiment_name,deb27494-4a62-4ba9-a165-dca255d665f2,function_transfer_time,1779123708.4237158,0.000109851
experiment_name,deb27494-4a62-4ba9-a165-dca255d665f2,function_transfer_time,1779123708.5250099,0.000033263
experiment_name,deb27494-4a62-4ba9-a165-dca255d665f2,function_transfer_time,1779123708.6263509,0.000118089
experiment_name,deb27494-4a62-4ba9-a165-dca255d665f2,function_transfer_time,1779123708.7276657,0.000114343
experiment_name,deb27494-4a62-4ba9-a165-dca255d665f2,function_transfer_time,1779123708.829014,0.000111263
experiment_name,deb27494-4a62-4ba9-a165-dca255d665f2,function_transfer_time,1779123708.9303489,0.000113228
experiment_name,deb27494-4a62-4ba9-a165-dca255d665f2,function_transfer_time,1779123709.0317025,0.000120105
experiment_name,deb27494-4a62-4ba9-a165-dca255d665f2,function_transfer_time,1779123709.1330066,0.000119032
experiment_name,deb27494-4a62-4ba9-a165-dca255d665f2,function_transfer_time,1779123709.2335148,0.000038006
experiment_name,deb27494-4a62-4ba9-a165-dca255d665f2,function_transfer_time,1779123709.3348842,0.000113206
experiment_name,deb27494-4a62-4ba9-a165-dca255d665f2,function_transfer_time,1779123709.4362044,0.000120665
experiment_name,deb27494-4a62-4ba9-a165-dca255d665f2,function_transfer_time,1779123709.536529,0.000099449
experiment_name,156357c9-70f8-4496-9aa2-5ad9535f7129,function_transfer_time,1779123707.2081053,0.00002248
experiment_name,156357c9-70f8-4496-9aa2-5ad9535f7129,function_transfer_time,1779123707.3094745,0.000021284
experiment_name,156357c9-70f8-4496-9aa2-5ad9535f7129,function_transfer_time,1779123707.4107683,0.000081056
experiment_name,156357c9-70f8-4496-9aa2-5ad9535f7129,function_transfer_time,1779123707.511201,0.000027632
experiment_name,156357c9-70f8-4496-9aa2-5ad9535f7129,function_transfer_time,1779123707.6128502,0.000086919
experiment_name,156357c9-70f8-4496-9aa2-5ad9535f7129,function_transfer_time,1779123707.7140987,0.000076833
experiment_name,156357c9-70f8-4496-9aa2-5ad9535f7129,function_transfer_time,1779123707.815436,0.000077682
experiment_name,156357c9-70f8-4496-9aa2-5ad9535f7129,function_transfer_time,1779123707.9167418,0.000079181
experiment_name,156357c9-70f8-4496-9aa2-5ad9535f7129,function_transfer_time,1779123708.0182307,0.000083889
experiment_name,156357c9-70f8-4496-9aa2-5ad9535f7129,function_transfer_time,1779123708.1195457,0.000083197
experiment_name,156357c9-70f8-4496-9aa2-5ad9535f7129,function_transfer_time,1779123708.2208617,0.000080542
experiment_name,156357c9-70f8-4496-9aa2-5ad9535f7129,function_transfer_time,1779123708.322238,0.000083276
experiment_name,156357c9-70f8-4496-9aa2-5ad9535f7129,function_transfer_time,1779123708.4235458,0.000079135
experiment_name,156357c9-70f8-4496-9aa2-5ad9535f7129,function_transfer_time,1779123708.5248704,0.000077019
experiment_name,156357c9-70f8-4496-9aa2-5ad9535f7129,function_transfer_time,1779123708.626167,0.000081668
experiment_name,156357c9-70f8-4496-9aa2-5ad9535f7129,function_transfer_time,1779123708.7274919,0.000079022
experiment_name,156357c9-70f8-4496-9aa2-5ad9535f7129,function_transfer_time,1779123708.8288407,0.000089285
experiment_name,156357c9-70f8-4496-9aa2-5ad9535f7129,function_transfer_time,1779123708.9301746,0.000077137
experiment_name,156357c9-70f8-4496-9aa2-5ad9535f7129,function_transfer_time,1779123709.031523,0.000087814
experiment_name,156357c9-70f8-4496-9aa2-5ad9535f7129,function_transfer_time,1779123709.1328275,0.000076747
experiment_name,156357c9-70f8-4496-9aa2-5ad9535f7129,function_transfer_time,1779123709.233325,0.000085228
experiment_name,156357c9-70f8-4496-9aa2-5ad9535f7129,function_transfer_time,1779123709.33471,0.000080422
experiment_name,156357c9-70f8-4496-9aa2-5ad9535f7129,function_transfer_time,1779123709.4360285,0.000077342
experiment_name,156357c9-70f8-4496-9aa2-5ad9535f7129,function_transfer_time,1779123709.5363693,0.00007728
experiment_name,4d86269f-4326-469f-a006-b96344f8ca0b,function_instantiate_time,1779123707.4447575,0.201614885
experiment_name,3c96d881-9faa-481f-95a3-490f01117afe,function_instantiate_time,1779123707.4369347,0.188200643
experiment_name,8fcae6ef-d04e-4aac-a97a-94dfbfdec63f,function_instantiate_time,1779123707.4505205,0.215046609
experiment_name,e997c631-c394-4374-b685-2f44d4ab486e,function_instantiate_time,1779123707.4542334,0.236331572
experiment_name,ab1d0ef3-9622-414e-a060-202f42a9ee86,function_instantiate_time,1779123707.4484046,0.226535188
experiment_name,ec57bdf0-145d-4dcb-8df2-099cc8f4003e,function_instantiate_time,1779123707.4596853,0.25724918
experiment_name,eceb024a-7db3-4e0b-8e9d-a08bf89907ee,function_instantiate_time,1779123707.4447458,0.206327029
experiment_name,d211688a-73c9-4237-8eb4-4e759d348654,function_instantiate_time,1779123707.454818,0.246060379
experiment_name,eceb024a-7db3-4e0b-8e9d-a08bf89907ee,function_init_time,1779123707.444755,0.000385003
experiment_name,d211688a-73c9-4237-8eb4-4e759d348654,function_init_time,1779123707.4554944,0.000654856
experiment_name,8fcae6ef-d04e-4aac-a97a-94dfbfdec63f,function_init_time,1779123707.4505417,0.000871081
experiment_name,ab1d0ef3-9622-414e-a060-202f42a9ee86,function_init_time,1779123707.4484093,0.000377114
experiment_name,ec57bdf0-145d-4dcb-8df2-099cc8f4003e,function_init_time,1779123707.4601798,0.000507541
experiment_name,3c96d881-9faa-481f-95a3-490f01117afe,function_init_time,1779123707.4381313,0.000286853
experiment_name,4d86269f-4326-469f-a006-b96344f8ca0b,function_init_time,1779123707.4483979,0.002002644
experiment_name,e997c631-c394-4374-b685-2f44d4ab486e,function_init_time,1779123707.4548635,0.0006353
experiment_name,ab1d0ef3-9622-414e-a060-202f42a9ee86,function_execution_time,1779123707.4737198,0.025161008
experiment_name,ab1d0ef3-9622-414e-a060-202f42a9ee86,function_execution_time,1779123707.5776002,0.000281447
experiment_name,4d86269f-4326-469f-a006-b96344f8ca0b,function_execution_time,1779123707.5051463,0.056245559
experiment_name,4d86269f-4326-469f-a006-b96344f8ca0b,function_execution_time,1779123707.6088111,0.000287965
experiment_name,3c96d881-9faa-481f-95a3-490f01117afe,function_execution_time,1779123707.4528408,0.015567812
experiment_name,3c96d881-9faa-481f-95a3-490f01117afe,function_execution_time,1779123707.5553727,0.000292502
experiment_name,e997c631-c394-4374-b685-2f44d4ab486e,function_execution_time,1779123707.4947495,0.039581924
experiment_name,e997c631-c394-4374-b685-2f44d4ab486e,function_execution_time,1779123707.5979855,0.000287113
experiment_name,eceb024a-7db3-4e0b-8e9d-a08bf89907ee,function_execution_time,1779123707.4636154,0.018765649
experiment_name,eceb024a-7db3-4e0b-8e9d-a08bf89907ee,function_execution_time,1779123707.568484,0.00026965
experiment_name,d211688a-73c9-4237-8eb4-4e759d348654,function_execution_time,1779123707.5150638,0.059543229
experiment_name,d211688a-73c9-4237-8eb4-4e759d348654,function_execution_time,1779123707.619099,0.000285131
experiment_name,8fcae6ef-d04e-4aac-a97a-94dfbfdec63f,function_execution_time,1779123707.4839668,0.033298306
experiment_name,8fcae6ef-d04e-4aac-a97a-94dfbfdec63f,function_execution_time,1779123707.5872965,0.00026728
experiment_name,ec57bdf0-145d-4dcb-8df2-099cc8f4003e,function_execution_time,1779123707.5250425,0.06484597
experiment_name,ec57bdf0-145d-4dcb-8df2-099cc8f4003e,function_execution_time,1779123707.630417,0.000283502
experiment_name,ab1d0ef3-9622-414e-a060-202f42a9ee86,function_transfer_time,1779123707.4504128,0.000226261
experiment_name,ab1d0ef3-9622-414e-a060-202f42a9ee86,function_transfer_time,1779123707.5772974,0.004052317
experiment_name,8fcae6ef-d04e-4aac-a97a-94dfbfdec63f,function_transfer_time,1779123707.4505436,0.000405058
experiment_name,8fcae6ef-d04e-4aac-a97a-94dfbfdec63f,function_transfer_time,1779123707.5870235,0.0035912
experiment_name,3c96d881-9faa-481f-95a3-490f01117afe,function_transfer_time,1779123707.4381344,0.000041241
experiment_name,3c96d881-9faa-481f-95a3-490f01117afe,function_transfer_time,1779123707.5550785,0.003672513
experiment_name,eceb024a-7db3-4e0b-8e9d-a08bf89907ee,function_transfer_time,1779123707.4448242,0.000839006
experiment_name,eceb024a-7db3-4e0b-8e9d-a08bf89907ee,function_transfer_time,1779123707.5682123,0.003584745
experiment_name,d211688a-73c9-4237-8eb4-4e759d348654,function_transfer_time,1779123707.4555023,0.000068612
experiment_name,d211688a-73c9-4237-8eb4-4e759d348654,function_transfer_time,1779123707.6188138,0.003607433
experiment_name,4d86269f-4326-469f-a006-b96344f8ca0b,function_transfer_time,1779123707.4504213,0.002703296
experiment_name,4d86269f-4326-469f-a006-b96344f8ca0b,function_transfer_time,1779123707.6085107,0.003676214
experiment_name,ec57bdf0-145d-4dcb-8df2-099cc8f4003e,function_transfer_time,1779123707.460186,0.000058149
experiment_name,ec57bdf0-145d-4dcb-8df2-099cc8f4003e,function_transfer_time,1779123707.6301317,0.003556611
experiment_name,e997c631-c394-4374-b685-2f44d4ab486e,function_transfer_time,1779123707.454896,0.000098852
experiment_name,e997c631-c394-4374-b685-2f44d4ab486e,function_transfer_time,1779123707.5976956,0.004016858
experiment_name,f1be1f52-62c9-4fde-af31-a9ef2cf18f09,function_instantiate_time,1779123707.4404001,0.217327722
experiment_name,913f9651-99f8-4d95-9204-26faa19ce24c,function_instantiate_time,1779123707.4416285,0.224627645
experiment_name,b01c6118-11ff-4fb3-843d-b660d7f45984,function_instantiate_time,1779123707.4188483,0.182748078
experiment_name,fa2e2656-54cc-4dea-b805-ee055e6b38b6,function_instantiate_time,1779123707.4240048,0.181474424
experiment_name,775ca9a3-9f8a-43aa-982f-ade93491bb8d,function_instantiate_time,1779123707.4355073,0.203531657
experiment_name,ed7cce9f-9a2a-407f-b4d6-5584cc5df6c5,function_instantiate_time,1779123707.4348054,0.23246507
experiment_name,d44c4218-276b-4687-bd7a-20f9c6067ddd,function_instantiate_time,1779123707.4370253,0.22672984
experiment_name,f1be1f52-62c9-4fde-af31-a9ef2cf18f09,function_init_time,1779123707.440413,0.000852264
experiment_name,d44c4218-276b-4687-bd7a-20f9c6067ddd,function_init_time,1779123707.438179,0.001120486
experiment_name,b01c6118-11ff-4fb3-843d-b660d7f45984,function_init_time,1779123707.4239585,0.002609586
experiment_name,775ca9a3-9f8a-43aa-982f-ade93491bb8d,function_init_time,1779123707.4366305,0.001091117
experiment_name,913f9651-99f8-4d95-9204-26faa19ce24c,function_init_time,1779123707.443542,0.002362326
experiment_name,ed7cce9f-9a2a-407f-b4d6-5584cc5df6c5,function_init_time,1779123707.4363556,0.001528989
experiment_name,fa2e2656-54cc-4dea-b805-ee055e6b38b6,function_init_time,1779123707.4240105,0.00114782
experiment_name,ed7cce9f-9a2a-407f-b4d6-5584cc5df6c5,function_execution_time,1779123707.4922156,0.055471908
experiment_name,ed7cce9f-9a2a-407f-b4d6-5584cc5df6c5,function_execution_time,1779123707.5960233,0.000305613
experiment_name,b01c6118-11ff-4fb3-843d-b660d7f45984,function_execution_time,1779123707.44618,0.024572301
experiment_name,b01c6118-11ff-4fb3-843d-b660d7f45984,function_execution_time,1779123707.5436127,0.000272705
experiment_name,913f9651-99f8-4d95-9204-26faa19ce24c,function_execution_time,1779123707.502808,0.059245814
experiment_name,913f9651-99f8-4d95-9204-26faa19ce24c,function_execution_time,1779123707.60703,0.000309298
experiment_name,d44c4218-276b-4687-bd7a-20f9c6067ddd,function_execution_time,1779123707.470975,0.032691616
experiment_name,d44c4218-276b-4687-bd7a-20f9c6067ddd,function_execution_time,1779123707.575712,0.000315483
experiment_name,fa2e2656-54cc-4dea-b805-ee055e6b38b6,function_execution_time,1779123707.4609728,0.035875613
experiment_name,fa2e2656-54cc-4dea-b805-ee055e6b38b6,function_execution_time,1779123707.5641875,0.000321742
experiment_name,775ca9a3-9f8a-43aa-982f-ade93491bb8d,function_execution_time,1779123707.4815984,0.044834951
experiment_name,775ca9a3-9f8a-43aa-982f-ade93491bb8d,function_execution_time,1779123707.5855927,0.00031052
experiment_name,f1be1f52-62c9-4fde-af31-a9ef2cf18f09,function_execution_time,1779123707.5134144,0.06796343
experiment_name,f1be1f52-62c9-4fde-af31-a9ef2cf18f09,function_execution_time,1779123707.617231,0.00031526
experiment_name,ed7cce9f-9a2a-407f-b4d6-5584cc5df6c5,function_transfer_time,1779123707.4366994,0.000555466
experiment_name,ed7cce9f-9a2a-407f-b4d6-5584cc5df6c5,function_transfer_time,1779123707.5957112,0.000417008
experiment_name,fa2e2656-54cc-4dea-b805-ee055e6b38b6,function_transfer_time,1779123707.4241664,0.000401243
experiment_name,fa2e2656-54cc-4dea-b805-ee055e6b38b6,function_transfer_time,1779123707.5638614,0.000541246
experiment_name,b01c6118-11ff-4fb3-843d-b660d7f45984,function_transfer_time,1779123707.4239697,0.002126491
experiment_name,b01c6118-11ff-4fb3-843d-b660d7f45984,function_transfer_time,1779123707.5433357,0.000584668
experiment_name,913f9651-99f8-4d95-9204-26faa19ce24c,function_transfer_time,1779123707.4435546,0.000128241
experiment_name,913f9651-99f8-4d95-9204-26faa19ce24c,function_transfer_time,1779123707.6067157,0.000451856
experiment_name,d44c4218-276b-4687-bd7a-20f9c6067ddd,function_transfer_time,1779123707.4382076,0.00043252
experiment_name,d44c4218-276b-4687-bd7a-20f9c6067ddd,function_transfer_time,1779123707.5757043,0.000486497
experiment_name,775ca9a3-9f8a-43aa-982f-ade93491bb8d,function_transfer_time,1779123707.4367056,0.000139668
experiment_name,775ca9a3-9f8a-43aa-982f-ade93491bb8d,function_transfer_time,1779123707.5852785,0.000441837
experiment_name,f1be1f52-62c9-4fde-af31-a9ef2cf18f09,function_transfer_time,1779123707.4454896,0.000675559
experiment_name,f1be1f52-62c9-4fde-af31-a9ef2cf18f09,function_transfer_time,1779123707.6169353,0.000447608
experiment_name,156357c9-70f8-4496-9aa2-5ad9535f7129,function_execution_time,1779123709.6378596,0.000089787
experiment_name,156357c9-70f8-4496-9aa2-5ad9535f7129,function_execution_time,1779123709.739084,0.000127057
experiment_name,156357c9-70f8-4496-9aa2-5ad9535f7129,function_execution_time,1779123709.8400526,0.000119146
experiment_name,156357c9-70f8-4496-9aa2-5ad9535f7129,function_execution_time,1779123709.941311,0.000116051
experiment_name,156357c9-70f8-4496-9aa2-5ad9535f7129,function_execution_time,1779123710.0426223,0.000077721
experiment_name,156357c9-70f8-4496-9aa2-5ad9535f7129,function_execution_time,1779123710.144017,0.000082472
experiment_name,156357c9-70f8-4496-9aa2-5ad9535f7129,function_execution_time,1779123710.245298,0.000161146
experiment_name,156357c9-70f8-4496-9aa2-5ad9535f7129,function_execution_time,1779123710.3466814,0.0000738
experiment_name,156357c9-70f8-4496-9aa2-5ad9535f7129,function_execution_time,1779123710.4480257,0.00007387
experiment_name,156357c9-70f8-4496-9aa2-5ad9535f7129,function_execution_time,1779123710.5493495,0.000072886
experiment_name,156357c9-70f8-4496-9aa2-5ad9535f7129,function_execution_time,1779123710.6507607,0.000086738
experiment_name,156357c9-70f8-4496-9aa2-5ad9535f7129,function_execution_time,1779123710.7519658,0.00007802
experiment_name,156357c9-70f8-4496-9aa2-5ad9535f7129,function_execution_time,1779123710.8532794,0.000074552
experiment_name,156357c9-70f8-4496-9aa2-5ad9535f7129,function_execution_time,1779123710.95466,0.000080107
experiment_name,156357c9-70f8-4496-9aa2-5ad9535f7129,function_execution_time,1779123711.0559657,0.000070396
experiment_name,156357c9-70f8-4496-9aa2-5ad9535f7129,function_execution_time,1779123711.157287,0.000071084
experiment_name,156357c9-70f8-4496-9aa2-5ad9535f7129,function_execution_time,1779123711.2586977,0.000147823
experiment_name,156357c9-70f8-4496-9aa2-5ad9535f7129,function_execution_time,1779123711.3600218,0.000075355
experiment_name,156357c9-70f8-4496-9aa2-5ad9535f7129,function_execution_time,1779123711.4612863,0.000071153
experiment_name,156357c9-70f8-4496-9aa2-5ad9535f7129,function_execution_time,1779123711.5625863,0.000075431
experiment_name,156357c9-70f8-4496-9aa2-5ad9535f7129,function_execution_time,1779123711.6639967,0.000090374
experiment_name,156357c9-70f8-4496-9aa2-5ad9535f7129,function_execution_time,1779123711.7652197,0.000074222
experiment_name,156357c9-70f8-4496-9aa2-5ad9535f7129,function_execution_time,1779123711.8665497,0.000072575
experiment_name,156357c9-70f8-4496-9aa2-5ad9535f7129,function_execution_time,1779123711.9680555,0.000079761
experiment_name,156357c9-70f8-4496-9aa2-5ad9535f7129,function_execution_time,1779123712.0693707,0.000073068
experiment_name,156357c9-70f8-4496-9aa2-5ad9535f7129,function_execution_time,1779123712.1706967,0.000070112
experiment_name,156357c9-70f8-4496-9aa2-5ad9535f7129,function_execution_time,1779123712.272017,0.000140456
experiment_name,156357c9-70f8-4496-9aa2-5ad9535f7129,function_execution_time,1779123712.3733673,0.000091083
experiment_name,156357c9-70f8-4496-9aa2-5ad9535f7129,function_execution_time,1779123712.474609,0.000072651
experiment_name,156357c9-70f8-4496-9aa2-5ad9535f7129,function_execution_time,1779123712.575928,0.000073782
experiment_name,156357c9-70f8-4496-9aa2-5ad9535f7129,function_execution_time,1779123712.6773453,0.000085484
experiment_name,156357c9-70f8-4496-9aa2-5ad9535f7129,function_execution_time,1779123712.7785704,0.000070032
experiment_name,156357c9-70f8-4496-9aa2-5ad9535f7129,function_execution_time,1779123712.879967,0.000084543
experiment_name,156357c9-70f8-4496-9aa2-5ad9535f7129,function_execution_time,1779123712.981202,0.000073552
experiment_name,156357c9-70f8-4496-9aa2-5ad9535f7129,function_execution_time,1779123713.0825396,0.000078881
experiment_name,156357c9-70f8-4496-9aa2-5ad9535f7129,function_execution_time,1779123713.1838748,0.000069912
experiment_name,156357c9-70f8-4496-9aa2-5ad9535f7129,function_execution_time,1779123713.2852638,0.000139456
experiment_name,156357c9-70f8-4496-9aa2-5ad9535f7129,function_execution_time,1779123713.3866334,0.000083306
experiment_name,156357c9-70f8-4496-9aa2-5ad9535f7129,function_execution_time,1779123713.4880555,0.000082442
experiment_name,156357c9-70f8-4496-9aa2-5ad9535f7129,function_execution_time,1779123713.589357,0.000069632
experiment_name,156357c9-70f8-4496-9aa2-5ad9535f7129,function_execution_time,1779123713.6906972,0.000069121
experiment_name,156357c9-70f8-4496-9aa2-5ad9535f7129,function_execution_time,1779123713.7920127,0.000079644
experiment_name,156357c9-70f8-4496-9aa2-5ad9535f7129,function_execution_time,1779123713.8933556,0.000078484
experiment_name,156357c9-70f8-4496-9aa2-5ad9535f7129,function_execution_time,1779123713.9946694,0.000073205
experiment_name,156357c9-70f8-4496-9aa2-5ad9535f7129,function_execution_time,1779123714.0960698,0.000083366
experiment_name,156357c9-70f8-4496-9aa2-5ad9535f7129,function_execution_time,1779123714.1973653,0.000075582
experiment_name,156357c9-70f8-4496-9aa2-5ad9535f7129,function_execution_time,1779123714.29888,0.000144788
experiment_name,156357c9-70f8-4496-9aa2-5ad9535f7129,function_execution_time,1779123714.4002547,0.000082279
experiment_name,156357c9-70f8-4496-9aa2-5ad9535f7129,function_execution_time,1779123714.5016534,0.00006896
experiment_name,156357c9-70f8-4496-9aa2-5ad9535f7129,function_execution_time,1779123714.602987,0.000069034
experiment_name,deb27494-4a62-4ba9-a165-dca255d665f2,function_execution_time,1779123709.6379468,0.000086109
experiment_name,deb27494-4a62-4ba9-a165-dca255d665f2,function_execution_time,1779123709.7391937,0.000086548
experiment_name,deb27494-4a62-4ba9-a165-dca255d665f2,function_execution_time,1779123709.840124,0.000060436
experiment_name,deb27494-4a62-4ba9-a165-dca255d665f2,function_execution_time,1779123709.9414508,0.000077686
experiment_name,deb27494-4a62-4ba9-a165-dca255d665f2,function_execution_time,1779123710.0427384,0.000076639
experiment_name,deb27494-4a62-4ba9-a165-dca255d665f2,function_execution_time,1779123710.144092,0.000060354
experiment_name,deb27494-4a62-4ba9-a165-dca255d665f2,function_execution_time,1779123710.2453759,0.000067107
experiment_name,deb27494-4a62-4ba9-a165-dca255d665f2,function_execution_time,1779123710.3467886,0.000070395
experiment_name,deb27494-4a62-4ba9-a165-dca255d665f2,function_execution_time,1779123710.448171,0.000057768
experiment_name,deb27494-4a62-4ba9-a165-dca255d665f2,function_execution_time,1779123710.5495312,0.00006806
experiment_name,deb27494-4a62-4ba9-a165-dca255d665f2,function_execution_time,1779123710.6508396,0.000065538
experiment_name,deb27494-4a62-4ba9-a165-dca255d665f2,function_execution_time,1779123710.752078,0.000073281
experiment_name,deb27494-4a62-4ba9-a165-dca255d665f2,function_execution_time,1779123710.8534665,0.00007535
experiment_name,deb27494-4a62-4ba9-a165-dca255d665f2,function_execution_time,1779123710.9548147,0.000058812
experiment_name,deb27494-4a62-4ba9-a165-dca255d665f2,function_execution_time,1779123711.056119,0.000057995
experiment_name,deb27494-4a62-4ba9-a165-dca255d665f2,function_execution_time,1779123711.1574721,0.000076184
experiment_name,deb27494-4a62-4ba9-a165-dca255d665f2,function_execution_time,1779123711.2587535,0.000057564
experiment_name,deb27494-4a62-4ba9-a165-dca255d665f2,function_execution_time,1779123711.3601053,0.000058918
experiment_name,deb27494-4a62-4ba9-a165-dca255d665f2,function_execution_time,1779123711.4614606,0.000069848
experiment_name,deb27494-4a62-4ba9-a165-dca255d665f2,function_execution_time,1779123711.5627124,0.000084446
experiment_name,deb27494-4a62-4ba9-a165-dca255d665f2,function_execution_time,1779123711.6640608,0.000057194
experiment_name,deb27494-4a62-4ba9-a165-dca255d665f2,function_execution_time,1779123711.7653952,0.000072637
experiment_name,deb27494-4a62-4ba9-a165-dca255d665f2,function_execution_time,1779123711.8667092,0.000059406
experiment_name,deb27494-4a62-4ba9-a165-dca255d665f2,function_execution_time,1779123711.9682074,0.000060511
experiment_name,deb27494-4a62-4ba9-a165-dca255d665f2,function_execution_time,1779123712.0695434,0.000065529
experiment_name,deb27494-4a62-4ba9-a165-dca255d665f2,function_execution_time,1779123712.1708522,0.000060912
experiment_name,deb27494-4a62-4ba9-a165-dca255d665f2,function_execution_time,1779123712.2720733,0.000056723
experiment_name,deb27494-4a62-4ba9-a165-dca255d665f2,function_execution_time,1779123712.3734746,0.000079585
experiment_name,deb27494-4a62-4ba9-a165-dca255d665f2,function_execution_time,1779123712.4747722,0.000066168
experiment_name,deb27494-4a62-4ba9-a165-dca255d665f2,function_execution_time,1779123712.5760837,0.000059451
experiment_name,deb27494-4a62-4ba9-a165-dca255d665f2,function_execution_time,1779123712.677467,0.000063048
experiment_name,deb27494-4a62-4ba9-a165-dca255d665f2,function_execution_time,1779123712.7786741,0.000067597
experiment_name,deb27494-4a62-4ba9-a165-dca255d665f2,function_execution_time,1779123712.87997,0.000060421
experiment_name,deb27494-4a62-4ba9-a165-dca255d665f2,function_execution_time,1779123712.9812818,0.000035777
experiment_name,deb27494-4a62-4ba9-a165-dca255d665f2,function_execution_time,1779123713.0826173,0.00003597
experiment_name,deb27494-4a62-4ba9-a165-dca255d665f2,function_execution_time,1779123713.1840258,0.000057882
experiment_name,deb27494-4a62-4ba9-a165-dca255d665f2,function_execution_time,1779123713.2853258,0.000062763
experiment_name,deb27494-4a62-4ba9-a165-dca255d665f2,function_execution_time,1779123713.3867273,0.000065497
experiment_name,deb27494-4a62-4ba9-a165-dca255d665f2,function_execution_time,1779123713.4881895,0.00005846
experiment_name,deb27494-4a62-4ba9-a165-dca255d665f2,function_execution_time,1779123713.5895321,0.000060941
experiment_name,deb27494-4a62-4ba9-a165-dca255d665f2,function_execution_time,1779123713.6908479,0.000055468
experiment_name,deb27494-4a62-4ba9-a165-dca255d665f2,function_execution_time,1779123713.7922122,0.000086357
experiment_name,deb27494-4a62-4ba9-a165-dca255d665f2,function_execution_time,1779123713.8935184,0.000059353
experiment_name,deb27494-4a62-4ba9-a165-dca255d665f2,function_execution_time,1779123713.9948244,0.000059686
experiment_name,deb27494-4a62-4ba9-a165-dca255d665f2,function_execution_time,1779123714.0961576,0.000060466
experiment_name,deb27494-4a62-4ba9-a165-dca255d665f2,function_execution_time,1779123714.1974797,0.000077417
experiment_name,deb27494-4a62-4ba9-a165-dca255d665f2,function_execution_time,1779123714.2989538,0.000065732
experiment_name,deb27494-4a62-4ba9-a165-dca255d665f2,function_execution_time,1779123714.400347,0.000058946
experiment_name,deb27494-4a62-4ba9-a165-dca255d665f2,function_execution_time,1779123714.50182,0.000069614
experiment_name,deb27494-4a62-4ba9-a165-dca255d665f2,function_execution_time,1779123714.6031406,0.000059964
experiment_name,156357c9-70f8-4496-9aa2-5ad9535f7129,function_transfer_time,1779123709.6377587,0.000017872
experiment_name,156357c9-70f8-4496-9aa2-5ad9535f7129,function_transfer_time,1779123709.7389028,0.000104457
experiment_name,156357c9-70f8-4496-9aa2-5ad9535f7129,function_transfer_time,1779123709.83987,0.000105877
experiment_name,156357c9-70f8-4496-9aa2-5ad9535f7129,function_transfer_time,1779123709.9411893,0.000039038
experiment_name,156357c9-70f8-4496-9aa2-5ad9535f7129,function_transfer_time,1779123710.0425432,0.000093878
experiment_name,156357c9-70f8-4496-9aa2-5ad9535f7129,function_transfer_time,1779123710.1438773,0.00008836
experiment_name,156357c9-70f8-4496-9aa2-5ad9535f7129,function_transfer_time,1779123710.2451398,0.00002352
experiment_name,156357c9-70f8-4496-9aa2-5ad9535f7129,function_transfer_time,1779123710.346602,0.000077741
experiment_name,156357c9-70f8-4496-9aa2-5ad9535f7129,function_transfer_time,1779123710.4479406,0.000081379
experiment_name,156357c9-70f8-4496-9aa2-5ad9535f7129,function_transfer_time,1779123710.549266,0.000085559
experiment_name,156357c9-70f8-4496-9aa2-5ad9535f7129,function_transfer_time,1779123710.6506019,0.000078943
experiment_name,156357c9-70f8-4496-9aa2-5ad9535f7129,function_transfer_time,1779123710.7518885,0.000025173
experiment_name,156357c9-70f8-4496-9aa2-5ad9535f7129,function_transfer_time,1779123710.8532026,0.000082107
experiment_name,156357c9-70f8-4496-9aa2-5ad9535f7129,function_transfer_time,1779123710.9545782,0.000074713
experiment_name,156357c9-70f8-4496-9aa2-5ad9535f7129,function_transfer_time,1779123711.0558848,0.000080984
experiment_name,156357c9-70f8-4496-9aa2-5ad9535f7129,function_transfer_time,1779123711.1572096,0.000077952
experiment_name,156357c9-70f8-4496-9aa2-5ad9535f7129,function_transfer_time,1779123711.2585366,0.000083371
experiment_name,156357c9-70f8-4496-9aa2-5ad9535f7129,function_transfer_time,1779123711.359893,0.000078225
experiment_name,156357c9-70f8-4496-9aa2-5ad9535f7129,function_transfer_time,1779123711.4612105,0.000075469
experiment_name,156357c9-70f8-4496-9aa2-5ad9535f7129,function_transfer_time,1779123711.5625045,0.000075678
experiment_name,156357c9-70f8-4496-9aa2-5ad9535f7129,function_transfer_time,1779123711.6638417,0.000085138
experiment_name,156357c9-70f8-4496-9aa2-5ad9535f7129,function_transfer_time,1779123711.7651474,0.000080624
experiment_name,156357c9-70f8-4496-9aa2-5ad9535f7129,function_transfer_time,1779123711.866474,0.000084777
experiment_name,156357c9-70f8-4496-9aa2-5ad9535f7129,function_transfer_time,1779123711.9679735,0.000084355
experiment_name,156357c9-70f8-4496-9aa2-5ad9535f7129,function_transfer_time,1779123712.06929,0.000083983
experiment_name,156357c9-70f8-4496-9aa2-5ad9535f7129,function_transfer_time,1779123712.1706166,0.00007839
experiment_name,156357c9-70f8-4496-9aa2-5ad9535f7129,function_transfer_time,1779123712.271864,0.0000192
experiment_name,156357c9-70f8-4496-9aa2-5ad9535f7129,function_transfer_time,1779123712.3732257,0.000075474
experiment_name,156357c9-70f8-4496-9aa2-5ad9535f7129,function_transfer_time,1779123712.4745324,0.000078733
experiment_name,156357c9-70f8-4496-9aa2-5ad9535f7129,function_transfer_time,1779123712.575849,0.000083152
experiment_name,156357c9-70f8-4496-9aa2-5ad9535f7129,function_transfer_time,1779123712.6771858,0.000079748
experiment_name,156357c9-70f8-4496-9aa2-5ad9535f7129,function_transfer_time,1779123712.7784903,0.000078444
experiment_name,156357c9-70f8-4496-9aa2-5ad9535f7129,function_transfer_time,1779123712.8798258,0.00008167
experiment_name,156357c9-70f8-4496-9aa2-5ad9535f7129,function_transfer_time,1779123712.9811223,0.000085585
experiment_name,156357c9-70f8-4496-9aa2-5ad9535f7129,function_transfer_time,1779123713.082457,0.000091689
experiment_name,156357c9-70f8-4496-9aa2-5ad9535f7129,function_transfer_time,1779123713.1837938,0.000079102
experiment_name,156357c9-70f8-4496-9aa2-5ad9535f7129,function_transfer_time,1779123713.28511,0.000083448
experiment_name,156357c9-70f8-4496-9aa2-5ad9535f7129,function_transfer_time,1779123713.3864884,0.000082762
experiment_name,156357c9-70f8-4496-9aa2-5ad9535f7129,function_transfer_time,1779123713.4879684,0.000090319
experiment_name,156357c9-70f8-4496-9aa2-5ad9535f7129,function_transfer_time,1779123713.589272,0.000076083
experiment_name,156357c9-70f8-4496-9aa2-5ad9535f7129,function_transfer_time,1779123713.6906197,0.000080482
experiment_name,156357c9-70f8-4496-9aa2-5ad9535f7129,function_transfer_time,1779123713.7919357,0.000078718
experiment_name,156357c9-70f8-4496-9aa2-5ad9535f7129,function_transfer_time,1779123713.8932726,0.000075241
experiment_name,156357c9-70f8-4496-9aa2-5ad9535f7129,function_transfer_time,1779123713.9945881,0.000082494
experiment_name,156357c9-70f8-4496-9aa2-5ad9535f7129,function_transfer_time,1779123714.095925,0.000083031
experiment_name,156357c9-70f8-4496-9aa2-5ad9535f7129,function_transfer_time,1779123714.1972404,0.000088443
experiment_name,156357c9-70f8-4496-9aa2-5ad9535f7129,function_transfer_time,1779123714.2987294,0.000083019
experiment_name,156357c9-70f8-4496-9aa2-5ad9535f7129,function_transfer_time,1779123714.400109,0.000081273
experiment_name,156357c9-70f8-4496-9aa2-5ad9535f7129,function_transfer_time,1779123714.5015752,0.000077283
experiment_name,156357c9-70f8-4496-9aa2-5ad9535f7129,function_transfer_time,1779123714.602911,0.000074622
experiment_name,deb27494-4a62-4ba9-a165-dca255d665f2,function_transfer_time,1779123709.6378553,0.000033579
experiment_name,deb27494-4a62-4ba9-a165-dca255d665f2,function_transfer_time,1779123709.7390876,0.00009971
experiment_name,deb27494-4a62-4ba9-a165-dca255d665f2,function_transfer_time,1779123709.8400567,0.000107587
experiment_name,deb27494-4a62-4ba9-a165-dca255d665f2,function_transfer_time,1779123709.9413655,0.000102092
experiment_name,deb27494-4a62-4ba9-a165-dca255d665f2,function_transfer_time,1779123710.0427046,0.000053028
experiment_name,deb27494-4a62-4ba9-a165-dca255d665f2,function_transfer_time,1779123710.1440203,0.000089605
experiment_name,deb27494-4a62-4ba9-a165-dca255d665f2,function_transfer_time,1779123710.245296,0.00003069
experiment_name,deb27494-4a62-4ba9-a165-dca255d665f2,function_transfer_time,1779123710.346753,0.000054396
experiment_name,deb27494-4a62-4ba9-a165-dca255d665f2,function_transfer_time,1779123710.4481103,0.000105159
experiment_name,deb27494-4a62-4ba9-a165-dca255d665f2,function_transfer_time,1779123710.5494647,0.000130196
experiment_name,deb27494-4a62-4ba9-a165-dca255d665f2,function_transfer_time,1779123710.650764,0.000100437
experiment_name,deb27494-4a62-4ba9-a165-dca255d665f2,function_transfer_time,1779123710.7520545,0.000050627
experiment_name,deb27494-4a62-4ba9-a165-dca255d665f2,function_transfer_time,1779123710.853384,0.000120183
experiment_name,deb27494-4a62-4ba9-a165-dca255d665f2,function_transfer_time,1779123710.954751,0.000104993
experiment_name,deb27494-4a62-4ba9-a165-dca255d665f2,function_transfer_time,1779123711.0560563,0.000112051
experiment_name,deb27494-4a62-4ba9-a165-dca255d665f2,function_transfer_time,1779123711.1573892,0.000121208
experiment_name,deb27494-4a62-4ba9-a165-dca255d665f2,function_transfer_time,1779123711.2586923,0.000033718
experiment_name,deb27494-4a62-4ba9-a165-dca255d665f2,function_transfer_time,1779123711.3600395,0.000090138
experiment_name,deb27494-4a62-4ba9-a165-dca255d665f2,function_transfer_time,1779123711.4613805,0.000110534
experiment_name,deb27494-4a62-4ba9-a165-dca255d665f2,function_transfer_time,1779123711.5626237,0.000057196
experiment_name,deb27494-4a62-4ba9-a165-dca255d665f2,function_transfer_time,1779123711.664,0.000087479
experiment_name,deb27494-4a62-4ba9-a165-dca255d665f2,function_transfer_time,1779123711.7653162,0.000107261
experiment_name,deb27494-4a62-4ba9-a165-dca255d665f2,function_transfer_time,1779123711.8666463,0.000109972
experiment_name,deb27494-4a62-4ba9-a165-dca255d665f2,function_transfer_time,1779123711.9681418,0.00010907
experiment_name,deb27494-4a62-4ba9-a165-dca255d665f2,function_transfer_time,1779123712.069466,0.000117924
experiment_name,deb27494-4a62-4ba9-a165-dca255d665f2,function_transfer_time,1779123712.1707854,0.000110136
experiment_name,deb27494-4a62-4ba9-a165-dca255d665f2,function_transfer_time,1779123712.272013,0.000029502
experiment_name,deb27494-4a62-4ba9-a165-dca255d665f2,function_transfer_time,1779123712.3733861,0.000093258
experiment_name,deb27494-4a62-4ba9-a165-dca255d665f2,function_transfer_time,1779123712.4747002,0.000108162
experiment_name,deb27494-4a62-4ba9-a165-dca255d665f2,function_transfer_time,1779123712.5760202,0.000108305
experiment_name,deb27494-4a62-4ba9-a165-dca255d665f2,function_transfer_time,1779123712.6773667,0.000121768
experiment_name,deb27494-4a62-4ba9-a165-dca255d665f2,function_transfer_time,1779123712.7786472,0.000050969
experiment_name,deb27494-4a62-4ba9-a165-dca255d665f2,function_transfer_time,1779123712.879962,0.000026482
experiment_name,deb27494-4a62-4ba9-a165-dca255d665f2,function_transfer_time,1779123712.9812768,0.000046604
experiment_name,deb27494-4a62-4ba9-a165-dca255d665f2,function_transfer_time,1779123713.0826123,0.00004149
experiment_name,deb27494-4a62-4ba9-a165-dca255d665f2,function_transfer_time,1779123713.183963,0.00010979
experiment_name,deb27494-4a62-4ba9-a165-dca255d665f2,function_transfer_time,1779123713.28526,0.000032242
experiment_name,deb27494-4a62-4ba9-a165-dca255d665f2,function_transfer_time,1779123713.386655,0.000109919
experiment_name,deb27494-4a62-4ba9-a165-dca255d665f2,function_transfer_time,1779123713.4881163,0.000089221
experiment_name,deb27494-4a62-4ba9-a165-dca255d665f2,function_transfer_time,1779123713.5894644,0.000132904
experiment_name,deb27494-4a62-4ba9-a165-dca255d665f2,function_transfer_time,1779123713.6907885,0.000110222
experiment_name,deb27494-4a62-4ba9-a165-dca255d665f2,function_transfer_time,1779123713.7921193,0.000112999
experiment_name,deb27494-4a62-4ba9-a165-dca255d665f2,function_transfer_time,1779123713.893453,0.00010452
experiment_name,deb27494-4a62-4ba9-a165-dca255d665f2,function_transfer_time,1779123713.994759,0.000110373
experiment_name,deb27494-4a62-4ba9-a165-dca255d665f2,function_transfer_time,1779123714.0960896,0.000101997
experiment_name,deb27494-4a62-4ba9-a165-dca255d665f2,function_transfer_time,1779123714.197388,0.000091592
experiment_name,deb27494-4a62-4ba9-a165-dca255d665f2,function_transfer_time,1779123714.298883,0.000035771
experiment_name,deb27494-4a62-4ba9-a165-dca255d665f2,function_transfer_time,1779123714.400277,0.000110259
experiment_name,deb27494-4a62-4ba9-a165-dca255d665f2,function_transfer_time,1779123714.501746,0.000111984
experiment_name,deb27494-4a62-4ba9-a165-dca255d665f2,function_transfer_time,1779123714.603075,0.000105053
experiment_name,156357c9-70f8-4496-9aa2-5ad9535f7129,function_execution_time,1779123714.7033505,0.000076121
experiment_name,156357c9-70f8-4496-9aa2-5ad9535f7129,function_execution_time,1779123714.8047028,0.00008161
experiment_name,156357c9-70f8-4496-9aa2-5ad9535f7129,function_execution_time,1779123714.905939,0.000071534
experiment_name,156357c9-70f8-4496-9aa2-5ad9535f7129,function_execution_time,1779123715.007262,0.000071927
experiment_name,156357c9-70f8-4496-9aa2-5ad9535f7129,function_execution_time,1779123715.1085606,0.000078142
experiment_name,156357c9-70f8-4496-9aa2-5ad9535f7129,function_execution_time,1779123715.2098615,0.000069628
experiment_name,156357c9-70f8-4496-9aa2-5ad9535f7129,function_execution_time,1779123715.3112257,0.000155632
experiment_name,156357c9-70f8-4496-9aa2-5ad9535f7129,function_execution_time,1779123715.4125867,0.000086533
experiment_name,156357c9-70f8-4496-9aa2-5ad9535f7129,function_execution_time,1779123715.5138137,0.000088512
experiment_name,156357c9-70f8-4496-9aa2-5ad9535f7129,function_execution_time,1779123715.615159,0.000074069
experiment_name,156357c9-70f8-4496-9aa2-5ad9535f7129,function_execution_time,1779123715.7167013,0.000083688
experiment_name,156357c9-70f8-4496-9aa2-5ad9535f7129,function_execution_time,1779123715.8179166,0.000070395
experiment_name,156357c9-70f8-4496-9aa2-5ad9535f7129,function_execution_time,1779123715.9192266,0.000070075
experiment_name,156357c9-70f8-4496-9aa2-5ad9535f7129,function_execution_time,1779123716.0206275,0.000080912
experiment_name,156357c9-70f8-4496-9aa2-5ad9535f7129,function_execution_time,1779123716.1218364,0.00007069
experiment_name,156357c9-70f8-4496-9aa2-5ad9535f7129,function_execution_time,1779123716.2231882,0.000076595
experiment_name,156357c9-70f8-4496-9aa2-5ad9535f7129,function_execution_time,1779123716.3235378,0.000153156
experiment_name,156357c9-70f8-4496-9aa2-5ad9535f7129,function_execution_time,1779123716.4248848,0.000085275
experiment_name,156357c9-70f8-4496-9aa2-5ad9535f7129,function_execution_time,1779123716.5261374,0.000071018
experiment_name,156357c9-70f8-4496-9aa2-5ad9535f7129,function_execution_time,1779123716.6274545,0.000080793
experiment_name,156357c9-70f8-4496-9aa2-5ad9535f7129,function_execution_time,1779123716.7288468,0.000081635
experiment_name,156357c9-70f8-4496-9aa2-5ad9535f7129,function_execution_time,1779123716.8301063,0.000071476
experiment_name,156357c9-70f8-4496-9aa2-5ad9535f7129,function_execution_time,1779123716.930417,0.000073361
experiment_name,156357c9-70f8-4496-9aa2-5ad9535f7129,function_execution_time,1779123717.0317585,0.000080105
experiment_name,156357c9-70f8-4496-9aa2-5ad9535f7129,function_execution_time,1779123717.1330538,0.000072254
experiment_name,156357c9-70f8-4496-9aa2-5ad9535f7129,function_execution_time,1779123717.2333944,0.000078067
experiment_name,156357c9-70f8-4496-9aa2-5ad9535f7129,function_execution_time,1779123717.334714,0.000137039
experiment_name,156357c9-70f8-4496-9aa2-5ad9535f7129,function_execution_time,1779123717.4360034,0.000071581
experiment_name,156357c9-70f8-4496-9aa2-5ad9535f7129,function_execution_time,1779123717.537412,0.000084471
experiment_name,156357c9-70f8-4496-9aa2-5ad9535f7129,function_execution_time,1779123717.6386647,0.000074082
experiment_name,156357c9-70f8-4496-9aa2-5ad9535f7129,function_execution_time,1779123717.7399971,0.000068916
experiment_name,156357c9-70f8-4496-9aa2-5ad9535f7129,function_execution_time,1779123717.8413692,0.000085111
experiment_name,156357c9-70f8-4496-9aa2-5ad9535f7129,function_execution_time,1779123717.9426265,0.000068845
experiment_name,156357c9-70f8-4496-9aa2-5ad9535f7129,function_execution_time,1779123718.043957,0.000073284
experiment_name,156357c9-70f8-4496-9aa2-5ad9535f7129,function_execution_time,1779123718.145268,0.000068316
experiment_name,156357c9-70f8-4496-9aa2-5ad9535f7129,function_execution_time,1779123718.2466233,0.000081441
experiment_name,156357c9-70f8-4496-9aa2-5ad9535f7129,function_execution_time,1779123718.3480136,0.000151977
experiment_name,156357c9-70f8-4496-9aa2-5ad9535f7129,function_execution_time,1779123718.449298,0.000075605
experiment_name,156357c9-70f8-4496-9aa2-5ad9535f7129,function_execution_time,1779123718.5506148,0.00007691
experiment_name,156357c9-70f8-4496-9aa2-5ad9535f7129,function_execution_time,1779123718.651937,0.000071926
experiment_name,156357c9-70f8-4496-9aa2-5ad9535f7129,function_execution_time,1779123718.753276,0.000072084
experiment_name,156357c9-70f8-4496-9aa2-5ad9535f7129,function_execution_time,1779123718.8545823,0.000069151
experiment_name,156357c9-70f8-4496-9aa2-5ad9535f7129,function_execution_time,1779123718.9559195,0.00008092
experiment_name,156357c9-70f8-4496-9aa2-5ad9535f7129,function_execution_time,1779123719.0572228,0.000072495
experiment_name,156357c9-70f8-4496-9aa2-5ad9535f7129,function_execution_time,1779123719.158601,0.000068371
experiment_name,156357c9-70f8-4496-9aa2-5ad9535f7129,function_execution_time,1779123719.260002,0.000085514
experiment_name,156357c9-70f8-4496-9aa2-5ad9535f7129,function_execution_time,1779123719.36132,0.000149503
experiment_name,156357c9-70f8-4496-9aa2-5ad9535f7129,function_execution_time,1779123719.4626398,0.000069966
experiment_name,156357c9-70f8-4496-9aa2-5ad9535f7129,function_execution_time,1779123719.563941,0.000070681
experiment_name,deb27494-4a62-4ba9-a165-dca255d665f2,function_execution_time,1779123714.7035198,0.000076414
experiment_name,deb27494-4a62-4ba9-a165-dca255d665f2,function_execution_time,1779123714.804855,0.000057759
experiment_name,deb27494-4a62-4ba9-a165-dca255d665f2,function_execution_time,1779123714.9060934,0.000060607
experiment_name,deb27494-4a62-4ba9-a165-dca255d665f2,function_execution_time,1779123715.0074267,0.000065948
experiment_name,deb27494-4a62-4ba9-a165-dca255d665f2,function_execution_time,1779123715.1087136,0.000058463
experiment_name,deb27494-4a62-4ba9-a165-dca255d665f2,function_execution_time,1779123715.210025,0.000065842
experiment_name,deb27494-4a62-4ba9-a165-dca255d665f2,function_execution_time,1779123715.311296,0.000061705
experiment_name,deb27494-4a62-4ba9-a165-dca255d665f2,function_execution_time,1779123715.412592,0.000063239
experiment_name,deb27494-4a62-4ba9-a165-dca255d665f2,function_execution_time,1779123715.51397,0.000061656
experiment_name,deb27494-4a62-4ba9-a165-dca255d665f2,function_execution_time,1779123715.6153204,0.000067061
experiment_name,deb27494-4a62-4ba9-a165-dca255d665f2,function_execution_time,1779123715.716776,0.000056845
experiment_name,deb27494-4a62-4ba9-a165-dca255d665f2,function_execution_time,1779123715.818094,0.000074153
experiment_name,deb27494-4a62-4ba9-a165-dca255d665f2,function_execution_time,1779123715.9194007,0.000064019
experiment_name,deb27494-4a62-4ba9-a165-dca255d665f2,function_execution_time,1779123716.0206695,0.000089425
experiment_name,deb27494-4a62-4ba9-a165-dca255d665f2,function_execution_time,1779123716.121982,0.000057195
experiment_name,deb27494-4a62-4ba9-a165-dca255d665f2,function_execution_time,1779123716.2232792,0.000058336
experiment_name,deb27494-4a62-4ba9-a165-dca255d665f2,function_execution_time,1779123716.3236094,0.000057542
experiment_name,deb27494-4a62-4ba9-a165-dca255d665f2,function_execution_time,1779123716.4249494,0.000063131
experiment_name,deb27494-4a62-4ba9-a165-dca255d665f2,function_execution_time,1779123716.5262408,0.000072518
experiment_name,deb27494-4a62-4ba9-a165-dca255d665f2,function_execution_time,1779123716.6276248,0.000060372
experiment_name,deb27494-4a62-4ba9-a165-dca255d665f2,function_execution_time,1779123716.7289374,0.000056672
experiment_name,deb27494-4a62-4ba9-a165-dca255d665f2,function_execution_time,1779123716.8302667,0.000061548
experiment_name,deb27494-4a62-4ba9-a165-dca255d665f2,function_execution_time,1779123716.9305737,0.000068057
experiment_name,deb27494-4a62-4ba9-a165-dca255d665f2,function_execution_time,1779123717.0319133,0.000058037
experiment_name,deb27494-4a62-4ba9-a165-dca255d665f2,function_execution_time,1779123717.1332097,0.000059117
experiment_name,deb27494-4a62-4ba9-a165-dca255d665f2,function_execution_time,1779123717.233558,0.000064663
experiment_name,deb27494-4a62-4ba9-a165-dca255d665f2,function_execution_time,1779123717.334872,0.000064284
experiment_name,deb27494-4a62-4ba9-a165-dca255d665f2,function_execution_time,1779123717.4361508,0.000057631
experiment_name,deb27494-4a62-4ba9-a165-dca255d665f2,function_execution_time,1779123717.5375228,0.000059809
experiment_name,deb27494-4a62-4ba9-a165-dca255d665f2,function_execution_time,1779123717.6387753,0.000074994
experiment_name,deb27494-4a62-4ba9-a165-dca255d665f2,function_execution_time,1779123717.7401497,0.000058554
experiment_name,deb27494-4a62-4ba9-a165-dca255d665f2,function_execution_time,1779123717.8415058,0.000089626
experiment_name,deb27494-4a62-4ba9-a165-dca255d665f2,function_execution_time,1779123717.942783,0.000060284
experiment_name,deb27494-4a62-4ba9-a165-dca255d665f2,function_execution_time,1779123718.044118,0.000067647
experiment_name,deb27494-4a62-4ba9-a165-dca255d665f2,function_execution_time,1779123718.1454391,0.00006467
experiment_name,deb27494-4a62-4ba9-a165-dca255d665f2,function_execution_time,1779123718.2467785,0.000065634
experiment_name,deb27494-4a62-4ba9-a165-dca255d665f2,function_execution_time,1779123718.3480725,0.000060704
experiment_name,deb27494-4a62-4ba9-a165-dca255d665f2,function_execution_time,1779123718.4494712,0.000069861
experiment_name,deb27494-4a62-4ba9-a165-dca255d665f2,function_execution_time,1779123718.550792,0.000072308
experiment_name,deb27494-4a62-4ba9-a165-dca255d665f2,function_execution_time,1779123718.6521108,0.000066358
experiment_name,deb27494-4a62-4ba9-a165-dca255d665f2,function_execution_time,1779123718.7534664,0.000080382
experiment_name,deb27494-4a62-4ba9-a165-dca255d665f2,function_execution_time,1779123718.854736,0.000057568
experiment_name,deb27494-4a62-4ba9-a165-dca255d665f2,function_execution_time,1779123718.956079,0.000064679
experiment_name,deb27494-4a62-4ba9-a165-dca255d665f2,function_execution_time,1779123719.0573835,0.000058636
experiment_name,deb27494-4a62-4ba9-a165-dca255d665f2,function_execution_time,1779123719.1587632,0.000065304
experiment_name,deb27494-4a62-4ba9-a165-dca255d665f2,function_execution_time,1779123719.260083,0.000057691
experiment_name,deb27494-4a62-4ba9-a165-dca255d665f2,function_execution_time,1779123719.3613887,0.000058493
experiment_name,deb27494-4a62-4ba9-a165-dca255d665f2,function_execution_time,1779123719.462794,0.000065466
experiment_name,deb27494-4a62-4ba9-a165-dca255d665f2,function_execution_time,1779123719.5640965,0.000058653
experiment_name,deb27494-4a62-4ba9-a165-dca255d665f2,function_transfer_time,1779123714.7034426,0.000108723
experiment_name,deb27494-4a62-4ba9-a165-dca255d665f2,function_transfer_time,1779123714.8047938,0.000110134
experiment_name,deb27494-4a62-4ba9-a165-dca255d665f2,function_transfer_time,1779123714.9060268,0.000107843
experiment_name,deb27494-4a62-4ba9-a165-dca255d665f2,function_transfer_time,1779123715.0073555,0.000113698
experiment_name,deb27494-4a62-4ba9-a165-dca255d665f2,function_transfer_time,1779123715.1086504,0.000118264
experiment_name,deb27494-4a62-4ba9-a165-dca255d665f2,function_transfer_time,1779123715.2099543,0.000111507
experiment_name,deb27494-4a62-4ba9-a165-dca255d665f2,function_transfer_time,1779123715.3112285,0.000036152
experiment_name,deb27494-4a62-4ba9-a165-dca255d665f2,function_transfer_time,1779123715.41259,0.000038568
experiment_name,deb27494-4a62-4ba9-a165-dca255d665f2,function_transfer_time,1779123715.5139043,0.000111594
experiment_name,deb27494-4a62-4ba9-a165-dca255d665f2,function_transfer_time,1779123715.61525,0.000108549
experiment_name,deb27494-4a62-4ba9-a165-dca255d665f2,function_transfer_time,1779123715.7167044,0.000091072
experiment_name,deb27494-4a62-4ba9-a165-dca255d665f2,function_transfer_time,1779123715.818014,0.000112952
experiment_name,deb27494-4a62-4ba9-a165-dca255d665f2,function_transfer_time,1779123715.919332,0.000124029
experiment_name,deb27494-4a62-4ba9-a165-dca255d665f2,function_transfer_time,1779123716.0206378,0.00004481
experiment_name,deb27494-4a62-4ba9-a165-dca255d665f2,function_transfer_time,1779123716.12192,0.000102749
experiment_name,deb27494-4a62-4ba9-a165-dca255d665f2,function_transfer_time,1779123716.2232122,0.000089736
experiment_name,deb27494-4a62-4ba9-a165-dca255d665f2,function_transfer_time,1779123716.3235424,0.000039191
experiment_name,deb27494-4a62-4ba9-a165-dca255d665f2,function_transfer_time,1779123716.4248874,0.000080821
experiment_name,deb27494-4a62-4ba9-a165-dca255d665f2,function_transfer_time,1779123716.5262163,0.000047681
experiment_name,deb27494-4a62-4ba9-a165-dca255d665f2,function_transfer_time,1779123716.6275606,0.000135358
experiment_name,deb27494-4a62-4ba9-a165-dca255d665f2,function_transfer_time,1779123716.7288685,0.000102815
experiment_name,deb27494-4a62-4ba9-a165-dca255d665f2,function_transfer_time,1779123716.8301997,0.000110659
experiment_name,deb27494-4a62-4ba9-a165-dca255d665f2,function_transfer_time,1779123716.9305027,0.000097958
experiment_name,deb27494-4a62-4ba9-a165-dca255d665f2,function_transfer_time,1779123717.0318491,0.000109582
experiment_name,deb27494-4a62-4ba9-a165-dca255d665f2,function_transfer_time,1779123717.1331446,0.000109773
experiment_name,deb27494-4a62-4ba9-a165-dca255d665f2,function_transfer_time,1779123717.2334878,0.000103133
experiment_name,deb27494-4a62-4ba9-a165-dca255d665f2,function_transfer_time,1779123717.3347988,0.000114677
experiment_name,deb27494-4a62-4ba9-a165-dca255d665f2,function_transfer_time,1779123717.436088,0.000100276
experiment_name,deb27494-4a62-4ba9-a165-dca255d665f2,function_transfer_time,1779123717.5374472,0.000102814
experiment_name,deb27494-4a62-4ba9-a165-dca255d665f2,function_transfer_time,1779123717.6387396,0.000051951
experiment_name,deb27494-4a62-4ba9-a165-dca255d665f2,function_transfer_time,1779123717.7400856,0.000110432
experiment_name,deb27494-4a62-4ba9-a165-dca255d665f2,function_transfer_time,1779123717.8414018,0.000117884
experiment_name,deb27494-4a62-4ba9-a165-dca255d665f2,function_transfer_time,1779123717.942718,0.000110725
experiment_name,deb27494-4a62-4ba9-a165-dca255d665f2,function_transfer_time,1779123718.0440457,0.000101383
experiment_name,deb27494-4a62-4ba9-a165-dca255d665f2,function_transfer_time,1779123718.1453543,0.000112085
experiment_name,deb27494-4a62-4ba9-a165-dca255d665f2,function_transfer_time,1779123718.2467089,0.000103164
experiment_name,deb27494-4a62-4ba9-a165-dca255d665f2,function_transfer_time,1779123718.3480096,0.000035283
experiment_name,deb27494-4a62-4ba9-a165-dca255d665f2,function_transfer_time,1779123718.4493906,0.000106562
experiment_name,deb27494-4a62-4ba9-a165-dca255d665f2,function_transfer_time,1779123718.5507143,0.000121711
experiment_name,deb27494-4a62-4ba9-a165-dca255d665f2,function_transfer_time,1779123718.6520348,0.000111537
experiment_name,deb27494-4a62-4ba9-a165-dca255d665f2,function_transfer_time,1779123718.75338,0.000119448
experiment_name,deb27494-4a62-4ba9-a165-dca255d665f2,function_transfer_time,1779123718.854674,0.000108737
experiment_name,deb27494-4a62-4ba9-a165-dca255d665f2,function_transfer_time,1779123718.95601,0.000103529
experiment_name,deb27494-4a62-4ba9-a165-dca255d665f2,function_transfer_time,1779123719.0573199,0.00011086
experiment_name,deb27494-4a62-4ba9-a165-dca255d665f2,function_transfer_time,1779123719.1586928,0.000110146
experiment_name,deb27494-4a62-4ba9-a165-dca255d665f2,function_transfer_time,1779123719.2600195,0.000101542
experiment_name,deb27494-4a62-4ba9-a165-dca255d665f2,function_transfer_time,1779123719.3613226,0.000036054
experiment_name,deb27494-4a62-4ba9-a165-dca255d665f2,function_transfer_time,1779123719.4627178,0.000108904
experiment_name,deb27494-4a62-4ba9-a165-dca255d665f2,function_transfer_time,1779123719.5640316,0.000103713
experiment_name,156357c9-70f8-4496-9aa2-5ad9535f7129,function_transfer_time,1779123714.7032692,0.000022636
experiment_name,156357c9-70f8-4496-9aa2-5ad9535f7129,function_transfer_time,1779123714.8046172,0.000082521
experiment_name,156357c9-70f8-4496-9aa2-5ad9535f7129,function_transfer_time,1779123714.9058602,0.000023206
experiment_name,156357c9-70f8-4496-9aa2-5ad9535f7129,function_transfer_time,1779123715.0071821,0.000079972
experiment_name,156357c9-70f8-4496-9aa2-5ad9535f7129,function_transfer_time,1779123715.1084738,0.000022464
experiment_name,156357c9-70f8-4496-9aa2-5ad9535f7129,function_transfer_time,1779123715.2097838,0.000077422
experiment_name,156357c9-70f8-4496-9aa2-5ad9535f7129,function_transfer_time,1779123715.3110638,0.000021964
experiment_name,156357c9-70f8-4496-9aa2-5ad9535f7129,function_transfer_time,1779123715.4124262,0.00007774
experiment_name,156357c9-70f8-4496-9aa2-5ad9535f7129,function_transfer_time,1779123715.5137274,0.00003515
experiment_name,156357c9-70f8-4496-9aa2-5ad9535f7129,function_transfer_time,1779123715.615079,0.000083917
experiment_name,156357c9-70f8-4496-9aa2-5ad9535f7129,function_transfer_time,1779123715.7165575,0.000084179
experiment_name,156357c9-70f8-4496-9aa2-5ad9535f7129,function_transfer_time,1779123715.8178365,0.000025724
experiment_name,156357c9-70f8-4496-9aa2-5ad9535f7129,function_transfer_time,1779123715.9191477,0.00007994
experiment_name,156357c9-70f8-4496-9aa2-5ad9535f7129,function_transfer_time,1779123716.020475,0.000083251
experiment_name,156357c9-70f8-4496-9aa2-5ad9535f7129,function_transfer_time,1779123716.12176,0.000081095
experiment_name,156357c9-70f8-4496-9aa2-5ad9535f7129,function_transfer_time,1779123716.223065,0.000078578
experiment_name,156357c9-70f8-4496-9aa2-5ad9535f7129,function_transfer_time,1779123716.3233771,0.000079075
experiment_name,156357c9-70f8-4496-9aa2-5ad9535f7129,function_transfer_time,1779123716.4247358,0.000076829
experiment_name,156357c9-70f8-4496-9aa2-5ad9535f7129,function_transfer_time,1779123716.5260599,0.000076462
experiment_name,156357c9-70f8-4496-9aa2-5ad9535f7129,function_transfer_time,1779123716.6273656,0.000077023
experiment_name,156357c9-70f8-4496-9aa2-5ad9535f7129,function_transfer_time,1779123716.7287028,0.000077482
experiment_name,156357c9-70f8-4496-9aa2-5ad9535f7129,function_transfer_time,1779123716.8300292,0.000074809
experiment_name,156357c9-70f8-4496-9aa2-5ad9535f7129,function_transfer_time,1779123716.9303422,0.00007714
experiment_name,156357c9-70f8-4496-9aa2-5ad9535f7129,function_transfer_time,1779123717.031679,0.000077187
experiment_name,156357c9-70f8-4496-9aa2-5ad9535f7129,function_transfer_time,1779123717.1329744,0.000078993
experiment_name,156357c9-70f8-4496-9aa2-5ad9535f7129,function_transfer_time,1779123717.2333183,0.000084387
experiment_name,156357c9-70f8-4496-9aa2-5ad9535f7129,function_transfer_time,1779123717.334572,0.000025467
experiment_name,156357c9-70f8-4496-9aa2-5ad9535f7129,function_transfer_time,1779123717.4359276,0.000077645
experiment_name,156357c9-70f8-4496-9aa2-5ad9535f7129,function_transfer_time,1779123717.5372648,0.000085889
experiment_name,156357c9-70f8-4496-9aa2-5ad9535f7129,function_transfer_time,1779123717.6385837,0.000084778
experiment_name,156357c9-70f8-4496-9aa2-5ad9535f7129,function_transfer_time,1779123717.7399158,0.000078145
experiment_name,156357c9-70f8-4496-9aa2-5ad9535f7129,function_transfer_time,1779123717.841223,0.000078987
experiment_name,156357c9-70f8-4496-9aa2-5ad9535f7129,function_transfer_time,1779123717.942548,0.000086045
experiment_name,156357c9-70f8-4496-9aa2-5ad9535f7129,function_transfer_time,1779123718.0438838,0.000073795
experiment_name,156357c9-70f8-4496-9aa2-5ad9535f7129,function_transfer_time,1779123718.1451902,0.00008173
experiment_name,156357c9-70f8-4496-9aa2-5ad9535f7129,function_transfer_time,1779123718.2465367,0.000083311
experiment_name,156357c9-70f8-4496-9aa2-5ad9535f7129,function_transfer_time,1779123718.3478446,0.000079055
experiment_name,156357c9-70f8-4496-9aa2-5ad9535f7129,function_transfer_time,1779123718.4492216,0.000078343
experiment_name,156357c9-70f8-4496-9aa2-5ad9535f7129,function_transfer_time,1779123718.5505354,0.0000825
experiment_name,156357c9-70f8-4496-9aa2-5ad9535f7129,function_transfer_time,1779123718.6518624,0.000083201
experiment_name,156357c9-70f8-4496-9aa2-5ad9535f7129,function_transfer_time,1779123718.7531989,0.00008479
experiment_name,156357c9-70f8-4496-9aa2-5ad9535f7129,function_transfer_time,1779123718.8545055,0.000077162
experiment_name,156357c9-70f8-4496-9aa2-5ad9535f7129,function_transfer_time,1779123718.9558394,0.000082805
experiment_name,156357c9-70f8-4496-9aa2-5ad9535f7129,function_transfer_time,1779123719.057147,0.000081692
experiment_name,156357c9-70f8-4496-9aa2-5ad9535f7129,function_transfer_time,1779123719.1585236,0.000089259
experiment_name,156357c9-70f8-4496-9aa2-5ad9535f7129,function_transfer_time,1779123719.2598598,0.000074944
experiment_name,156357c9-70f8-4496-9aa2-5ad9535f7129,function_transfer_time,1779123719.3611653,0.000079722
experiment_name,156357c9-70f8-4496-9aa2-5ad9535f7129,function_transfer_time,1779123719.4625552,0.00008287
experiment_name,156357c9-70f8-4496-9aa2-5ad9535f7129,function_transfer_time,1779123719.5638678,0.000090732
experiment_name,deb27494-4a62-4ba9-a165-dca255d665f2,function_execution_time,1779123719.6647017,0.000063388
experiment_name,deb27494-4a62-4ba9-a165-dca255d665f2,function_execution_time,1779123719.7659986,0.000058265
experiment_name,deb27494-4a62-4ba9-a165-dca255d665f2,function_execution_time,1779123719.8673072,0.000082189
experiment_name,deb27494-4a62-4ba9-a165-dca255d665f2,function_execution_time,1779123719.9675298,0.000066723
experiment_name,deb27494-4a62-4ba9-a165-dca255d665f2,function_execution_time,1779123720.0687919,0.000063173
experiment_name,deb27494-4a62-4ba9-a165-dca255d665f2,function_execution_time,1779123720.1700742,0.000062196
experiment_name,deb27494-4a62-4ba9-a165-dca255d665f2,function_execution_time,1779123720.2712762,0.000077284
experiment_name,deb27494-4a62-4ba9-a165-dca255d665f2,function_execution_time,1779123720.3726099,0.000060023
experiment_name,deb27494-4a62-4ba9-a165-dca255d665f2,function_execution_time,1779123720.4739344,0.000057465
experiment_name,deb27494-4a62-4ba9-a165-dca255d665f2,function_execution_time,1779123720.5752237,0.000059821
experiment_name,deb27494-4a62-4ba9-a165-dca255d665f2,function_execution_time,1779123720.6755652,0.000057389
experiment_name,deb27494-4a62-4ba9-a165-dca255d665f2,function_execution_time,1779123720.7768216,0.000072904
experiment_name,deb27494-4a62-4ba9-a165-dca255d665f2,function_execution_time,1779123720.87821,0.000059755
experiment_name,deb27494-4a62-4ba9-a165-dca255d665f2,function_execution_time,1779123720.9795272,0.000061311
experiment_name,deb27494-4a62-4ba9-a165-dca255d665f2,function_execution_time,1779123721.0808349,0.00005918
experiment_name,deb27494-4a62-4ba9-a165-dca255d665f2,function_execution_time,1779123721.1821256,0.000064967
experiment_name,deb27494-4a62-4ba9-a165-dca255d665f2,function_execution_time,1779123721.2834191,0.000066177
experiment_name,deb27494-4a62-4ba9-a165-dca255d665f2,function_execution_time,1779123721.3847299,0.000059786
experiment_name,deb27494-4a62-4ba9-a165-dca255d665f2,function_execution_time,1779123721.4860857,0.000059474
experiment_name,deb27494-4a62-4ba9-a165-dca255d665f2,function_execution_time,1779123721.5873973,0.000057872
experiment_name,deb27494-4a62-4ba9-a165-dca255d665f2,function_execution_time,1779123721.6886795,0.000081962
experiment_name,deb27494-4a62-4ba9-a165-dca255d665f2,function_execution_time,1779123721.7899578,0.000058305
experiment_name,deb27494-4a62-4ba9-a165-dca255d665f2,function_execution_time,1779123721.8912525,0.000081701
experiment_name,deb27494-4a62-4ba9-a165-dca255d665f2,function_execution_time,1779123721.9924862,0.000081081
experiment_name,deb27494-4a62-4ba9-a165-dca255d665f2,function_execution_time,1779123722.0937107,0.000072263
experiment_name,deb27494-4a62-4ba9-a165-dca255d665f2,function_execution_time,1779123722.1949217,0.000057366
experiment_name,deb27494-4a62-4ba9-a165-dca255d665f2,function_execution_time,1779123722.296162,0.000058395
experiment_name,deb27494-4a62-4ba9-a165-dca255d665f2,function_execution_time,1779123722.3974533,0.000061402
experiment_name,deb27494-4a62-4ba9-a165-dca255d665f2,function_execution_time,1779123722.4987442,0.000060552
experiment_name,deb27494-4a62-4ba9-a165-dca255d665f2,function_execution_time,1779123722.6000297,0.000069206
experiment_name,deb27494-4a62-4ba9-a165-dca255d665f2,function_execution_time,1779123722.7013319,0.00005799
experiment_name,deb27494-4a62-4ba9-a165-dca255d665f2,function_execution_time,1779123722.802658,0.000057938
experiment_name,deb27494-4a62-4ba9-a165-dca255d665f2,function_execution_time,1779123722.903957,0.000061985
experiment_name,deb27494-4a62-4ba9-a165-dca255d665f2,function_execution_time,1779123723.0052867,0.000065714
experiment_name,deb27494-4a62-4ba9-a165-dca255d665f2,function_execution_time,1779123723.105503,0.000068474
experiment_name,deb27494-4a62-4ba9-a165-dca255d665f2,function_execution_time,1779123723.206709,0.000037155
experiment_name,deb27494-4a62-4ba9-a165-dca255d665f2,function_execution_time,1779123723.3080254,0.000047433
experiment_name,deb27494-4a62-4ba9-a165-dca255d665f2,function_execution_time,1779123723.4093735,0.000050144
experiment_name,deb27494-4a62-4ba9-a165-dca255d665f2,function_execution_time,1779123723.510613,0.000042062
experiment_name,deb27494-4a62-4ba9-a165-dca255d665f2,function_execution_time,1779123723.6119542,0.000034201
experiment_name,deb27494-4a62-4ba9-a165-dca255d665f2,function_execution_time,1779123723.7132936,0.000067943
experiment_name,deb27494-4a62-4ba9-a165-dca255d665f2,function_execution_time,1779123723.814675,0.000056119
experiment_name,deb27494-4a62-4ba9-a165-dca255d665f2,function_execution_time,1779123723.9159997,0.000081201
experiment_name,deb27494-4a62-4ba9-a165-dca255d665f2,function_execution_time,1779123724.0172787,0.000064307
experiment_name,deb27494-4a62-4ba9-a165-dca255d665f2,function_execution_time,1779123724.117565,0.000059543
experiment_name,deb27494-4a62-4ba9-a165-dca255d665f2,function_execution_time,1779123724.218893,0.000063157
experiment_name,deb27494-4a62-4ba9-a165-dca255d665f2,function_execution_time,1779123724.3202126,0.000064593
experiment_name,deb27494-4a62-4ba9-a165-dca255d665f2,function_execution_time,1779123724.4215295,0.000060612
experiment_name,deb27494-4a62-4ba9-a165-dca255d665f2,function_execution_time,1779123724.5228124,0.000067997
experiment_name,deb27494-4a62-4ba9-a165-dca255d665f2,function_execution_time,1779123724.624147,0.000060635
experiment_name,156357c9-70f8-4496-9aa2-5ad9535f7129,function_execution_time,1779123719.6645281,0.000075266
experiment_name,156357c9-70f8-4496-9aa2-5ad9535f7129,function_execution_time,1779123719.7658424,0.000075514
experiment_name,156357c9-70f8-4496-9aa2-5ad9535f7129,function_execution_time,1779123719.8671093,0.000082271
experiment_name,156357c9-70f8-4496-9aa2-5ad9535f7129,function_execution_time,1779123719.9674106,0.000077784
experiment_name,156357c9-70f8-4496-9aa2-5ad9535f7129,function_execution_time,1779123720.0687106,0.000062396
experiment_name,156357c9-70f8-4496-9aa2-5ad9535f7129,function_execution_time,1779123720.1699202,0.000053461
experiment_name,156357c9-70f8-4496-9aa2-5ad9535f7129,function_execution_time,1779123720.2712402,0.000085327
experiment_name,156357c9-70f8-4496-9aa2-5ad9535f7129,function_execution_time,1779123720.3725357,0.000169462
experiment_name,156357c9-70f8-4496-9aa2-5ad9535f7129,function_execution_time,1779123720.47386,0.000080164
experiment_name,156357c9-70f8-4496-9aa2-5ad9535f7129,function_execution_time,1779123720.5751543,0.000086681
experiment_name,156357c9-70f8-4496-9aa2-5ad9535f7129,function_execution_time,1779123720.6754117,0.000071771
experiment_name,156357c9-70f8-4496-9aa2-5ad9535f7129,function_execution_time,1779123720.7767177,0.000073656
experiment_name,156357c9-70f8-4496-9aa2-5ad9535f7129,function_execution_time,1779123720.8780534,0.000076714
experiment_name,156357c9-70f8-4496-9aa2-5ad9535f7129,function_execution_time,1779123720.9794261,0.000088735
experiment_name,156357c9-70f8-4496-9aa2-5ad9535f7129,function_execution_time,1779123721.0806751,0.000073166
experiment_name,156357c9-70f8-4496-9aa2-5ad9535f7129,function_execution_time,1779123721.1819577,0.000070614
experiment_name,156357c9-70f8-4496-9aa2-5ad9535f7129,function_execution_time,1779123721.2833285,0.00008405
experiment_name,156357c9-70f8-4496-9aa2-5ad9535f7129,function_execution_time,1779123721.384659,0.000140827
experiment_name,156357c9-70f8-4496-9aa2-5ad9535f7129,function_execution_time,1779123721.4859278,0.000073707
experiment_name,156357c9-70f8-4496-9aa2-5ad9535f7129,function_execution_time,1779123721.5873196,0.000077002
experiment_name,156357c9-70f8-4496-9aa2-5ad9535f7129,function_execution_time,1779123721.6886406,0.00008607
experiment_name,156357c9-70f8-4496-9aa2-5ad9535f7129,function_execution_time,1779123721.7898016,0.000071706
experiment_name,156357c9-70f8-4496-9aa2-5ad9535f7129,function_execution_time,1779123721.891125,0.000075783
experiment_name,156357c9-70f8-4496-9aa2-5ad9535f7129,function_execution_time,1779123721.9923768,0.000081174
experiment_name,156357c9-70f8-4496-9aa2-5ad9535f7129,function_execution_time,1779123722.0936437,0.000077515
experiment_name,156357c9-70f8-4496-9aa2-5ad9535f7129,function_execution_time,1779123722.1948464,0.000075685
experiment_name,156357c9-70f8-4496-9aa2-5ad9535f7129,function_execution_time,1779123722.2960804,0.000076365
experiment_name,156357c9-70f8-4496-9aa2-5ad9535f7129,function_execution_time,1779123722.3973656,0.000150688
experiment_name,156357c9-70f8-4496-9aa2-5ad9535f7129,function_execution_time,1779123722.4985926,0.000067786
experiment_name,156357c9-70f8-4496-9aa2-5ad9535f7129,function_execution_time,1779123722.5998654,0.000070921
experiment_name,156357c9-70f8-4496-9aa2-5ad9535f7129,function_execution_time,1779123722.7011766,0.000082302
experiment_name,156357c9-70f8-4496-9aa2-5ad9535f7129,function_execution_time,1779123722.8025296,0.000099704
experiment_name,156357c9-70f8-4496-9aa2-5ad9535f7129,function_execution_time,1779123722.903829,0.000083297
experiment_name,156357c9-70f8-4496-9aa2-5ad9535f7129,function_execution_time,1779123723.0051303,0.000086508
experiment_name,156357c9-70f8-4496-9aa2-5ad9535f7129,function_execution_time,1779123723.1054428,0.000090314
experiment_name,156357c9-70f8-4496-9aa2-5ad9535f7129,function_execution_time,1779123723.2066286,0.000074109
experiment_name,156357c9-70f8-4496-9aa2-5ad9535f7129,function_execution_time,1779123723.3080237,0.000084294
experiment_name,156357c9-70f8-4496-9aa2-5ad9535f7129,function_execution_time,1779123723.4093254,0.000149206
experiment_name,156357c9-70f8-4496-9aa2-5ad9535f7129,function_execution_time,1779123723.510573,0.000085401
experiment_name,156357c9-70f8-4496-9aa2-5ad9535f7129,function_execution_time,1779123723.6118798,0.000072846
experiment_name,156357c9-70f8-4496-9aa2-5ad9535f7129,function_execution_time,1779123723.713187,0.000079892
experiment_name,156357c9-70f8-4496-9aa2-5ad9535f7129,function_execution_time,1779123723.8145328,0.000071677
experiment_name,156357c9-70f8-4496-9aa2-5ad9535f7129,function_execution_time,1779123723.915886,0.000077655
experiment_name,156357c9-70f8-4496-9aa2-5ad9535f7129,function_execution_time,1779123724.0171716,0.000077283
experiment_name,156357c9-70f8-4496-9aa2-5ad9535f7129,function_execution_time,1779123724.117407,0.00008095
experiment_name,156357c9-70f8-4496-9aa2-5ad9535f7129,function_execution_time,1779123724.2187314,0.000072957
experiment_name,156357c9-70f8-4496-9aa2-5ad9535f7129,function_execution_time,1779123724.3201158,0.000079601
experiment_name,156357c9-70f8-4496-9aa2-5ad9535f7129,function_execution_time,1779123724.4214635,0.000170603
experiment_name,156357c9-70f8-4496-9aa2-5ad9535f7129,function_execution_time,1779123724.522786,0.000084704
experiment_name,156357c9-70f8-4496-9aa2-5ad9535f7129,function_execution_time,1779123724.6240618,0.000079387
experiment_name,156357c9-70f8-4496-9aa2-5ad9535f7129,function_transfer_time,1779123719.6644475,0.000018403
experiment_name,156357c9-70f8-4496-9aa2-5ad9535f7129,function_transfer_time,1779123719.7657635,0.000094452
experiment_name,156357c9-70f8-4496-9aa2-5ad9535f7129,function_transfer_time,1779123719.867028,0.000023485
experiment_name,156357c9-70f8-4496-9aa2-5ad9535f7129,function_transfer_time,1779123719.9673116,0.000022219
experiment_name,156357c9-70f8-4496-9aa2-5ad9535f7129,function_transfer_time,1779123720.0685892,0.000018741
experiment_name,156357c9-70f8-4496-9aa2-5ad9535f7129,function_transfer_time,1779123720.1698396,0.000019489
experiment_name,156357c9-70f8-4496-9aa2-5ad9535f7129,function_transfer_time,1779123720.2710924,0.000023368
experiment_name,156357c9-70f8-4496-9aa2-5ad9535f7129,function_transfer_time,1779123720.372361,0.000023313
experiment_name,156357c9-70f8-4496-9aa2-5ad9535f7129,function_transfer_time,1779123720.4737253,0.000084707
experiment_name,156357c9-70f8-4496-9aa2-5ad9535f7129,function_transfer_time,1779123720.5750198,0.000079314
experiment_name,156357c9-70f8-4496-9aa2-5ad9535f7129,function_transfer_time,1779123720.6753337,0.000082521
experiment_name,156357c9-70f8-4496-9aa2-5ad9535f7129,function_transfer_time,1779123720.776638,0.000083861
experiment_name,156357c9-70f8-4496-9aa2-5ad9535f7129,function_transfer_time,1779123720.8779771,0.000085848
experiment_name,156357c9-70f8-4496-9aa2-5ad9535f7129,function_transfer_time,1779123720.9792814,0.000076431
experiment_name,156357c9-70f8-4496-9aa2-5ad9535f7129,function_transfer_time,1779123721.0805974,0.000083194
experiment_name,156357c9-70f8-4496-9aa2-5ad9535f7129,function_transfer_time,1779123721.1818795,0.000022969
experiment_name,156357c9-70f8-4496-9aa2-5ad9535f7129,function_transfer_time,1779123721.2831967,0.000084428
experiment_name,156357c9-70f8-4496-9aa2-5ad9535f7129,function_transfer_time,1779123721.3845131,0.000080802
experiment_name,156357c9-70f8-4496-9aa2-5ad9535f7129,function_transfer_time,1779123721.4858496,0.000076651
experiment_name,156357c9-70f8-4496-9aa2-5ad9535f7129,function_transfer_time,1779123721.5871866,0.000085155
experiment_name,156357c9-70f8-4496-9aa2-5ad9535f7129,function_transfer_time,1779123721.688482,0.00007939
experiment_name,156357c9-70f8-4496-9aa2-5ad9535f7129,function_transfer_time,1779123721.7897305,0.000017952
experiment_name,156357c9-70f8-4496-9aa2-5ad9535f7129,function_transfer_time,1779123721.891001,0.000020652
experiment_name,156357c9-70f8-4496-9aa2-5ad9535f7129,function_transfer_time,1779123721.9922292,0.000021552
experiment_name,156357c9-70f8-4496-9aa2-5ad9535f7129,function_transfer_time,1779123722.093494,0.000018046
experiment_name,156357c9-70f8-4496-9aa2-5ad9535f7129,function_transfer_time,1779123722.1947138,0.000018079
experiment_name,156357c9-70f8-4496-9aa2-5ad9535f7129,function_transfer_time,1779123722.2959507,0.000017968
experiment_name,156357c9-70f8-4496-9aa2-5ad9535f7129,function_transfer_time,1779123722.39721,0.000023023
experiment_name,156357c9-70f8-4496-9aa2-5ad9535f7129,function_transfer_time,1779123722.49851,0.000017844
experiment_name,156357c9-70f8-4496-9aa2-5ad9535f7129,function_transfer_time,1779123722.5997877,0.000019498
experiment_name,156357c9-70f8-4496-9aa2-5ad9535f7129,function_transfer_time,1779123722.7010958,0.000080934
experiment_name,156357c9-70f8-4496-9aa2-5ad9535f7129,function_transfer_time,1779123722.8024225,0.000077661
experiment_name,156357c9-70f8-4496-9aa2-5ad9535f7129,function_transfer_time,1779123722.9037402,0.000081785
experiment_name,156357c9-70f8-4496-9aa2-5ad9535f7129,function_transfer_time,1779123723.0050457,0.000083075
experiment_name,156357c9-70f8-4496-9aa2-5ad9535f7129,function_transfer_time,1779123723.1053362,0.000021204
experiment_name,156357c9-70f8-4496-9aa2-5ad9535f7129,function_transfer_time,1779123723.2065544,0.000015994
experiment_name,156357c9-70f8-4496-9aa2-5ad9535f7129,function_transfer_time,1779123723.3078845,0.000083131
experiment_name,156357c9-70f8-4496-9aa2-5ad9535f7129,function_transfer_time,1779123723.4091704,0.000080567
experiment_name,156357c9-70f8-4496-9aa2-5ad9535f7129,function_transfer_time,1779123723.5104814,0.00002053
experiment_name,156357c9-70f8-4496-9aa2-5ad9535f7129,function_transfer_time,1779123723.6118019,0.00008019
experiment_name,156357c9-70f8-4496-9aa2-5ad9535f7129,function_transfer_time,1779123723.7131073,0.000075555
experiment_name,156357c9-70f8-4496-9aa2-5ad9535f7129,function_transfer_time,1779123723.8144538,0.000086354
experiment_name,156357c9-70f8-4496-9aa2-5ad9535f7129,function_transfer_time,1779123723.915753,0.000077769
experiment_name,156357c9-70f8-4496-9aa2-5ad9535f7129,function_transfer_time,1779123724.0170448,0.000073414
experiment_name,156357c9-70f8-4496-9aa2-5ad9535f7129,function_transfer_time,1779123724.1173267,0.000077904
experiment_name,156357c9-70f8-4496-9aa2-5ad9535f7129,function_transfer_time,1779123724.2186515,0.000079907
experiment_name,156357c9-70f8-4496-9aa2-5ad9535f7129,function_transfer_time,1779123724.3199885,0.000080664
experiment_name,156357c9-70f8-4496-9aa2-5ad9535f7129,function_transfer_time,1779123724.4212773,0.000077953
experiment_name,156357c9-70f8-4496-9aa2-5ad9535f7129,function_transfer_time,1779123724.5226502,0.000075471
experiment_name,156357c9-70f8-4496-9aa2-5ad9535f7129,function_transfer_time,1779123724.6239321,0.000076877
experiment_name,deb27494-4a62-4ba9-a165-dca255d665f2,function_transfer_time,1779123719.6646338,0.000130262
experiment_name,deb27494-4a62-4ba9-a165-dca255d665f2,function_transfer_time,1779123719.765935,0.000110611
experiment_name,deb27494-4a62-4ba9-a165-dca255d665f2,function_transfer_time,1779123719.86722,0.000126342
experiment_name,deb27494-4a62-4ba9-a165-dca255d665f2,function_transfer_time,1779123719.9674597,0.000068806
experiment_name,deb27494-4a62-4ba9-a165-dca255d665f2,function_transfer_time,1779123720.0687158,0.000089249
experiment_name,deb27494-4a62-4ba9-a165-dca255d665f2,function_transfer_time,1779123720.1700008,0.000132395
experiment_name,deb27494-4a62-4ba9-a165-dca255d665f2,function_transfer_time,1779123720.2712433,0.000035064
experiment_name,deb27494-4a62-4ba9-a165-dca255d665f2,function_transfer_time,1779123720.3725383,0.000040047
experiment_name,deb27494-4a62-4ba9-a165-dca255d665f2,function_transfer_time,1779123720.473865,0.000086076
experiment_name,deb27494-4a62-4ba9-a165-dca255d665f2,function_transfer_time,1779123720.5751574,0.000080341
experiment_name,deb27494-4a62-4ba9-a165-dca255d665f2,function_transfer_time,1779123720.675503,0.000108317
experiment_name,deb27494-4a62-4ba9-a165-dca255d665f2,function_transfer_time,1779123720.7767975,0.000045144
experiment_name,deb27494-4a62-4ba9-a165-dca255d665f2,function_transfer_time,1779123720.878146,0.000104686
experiment_name,deb27494-4a62-4ba9-a165-dca255d665f2,function_transfer_time,1779123720.9794574,0.000108227
experiment_name,deb27494-4a62-4ba9-a165-dca255d665f2,function_transfer_time,1779123721.080768,0.000108414
experiment_name,deb27494-4a62-4ba9-a165-dca255d665f2,function_transfer_time,1779123721.1820555,0.000114302
experiment_name,deb27494-4a62-4ba9-a165-dca255d665f2,function_transfer_time,1779123721.2833438,0.000088921
experiment_name,deb27494-4a62-4ba9-a165-dca255d665f2,function_transfer_time,1779123721.3846617,0.00003696
experiment_name,deb27494-4a62-4ba9-a165-dca255d665f2,function_transfer_time,1779123721.486022,0.000110799
experiment_name,deb27494-4a62-4ba9-a165-dca255d665f2,function_transfer_time,1779123721.5873227,0.000089169
experiment_name,deb27494-4a62-4ba9-a165-dca255d665f2,function_transfer_time,1779123721.6886437,0.000043279
experiment_name,deb27494-4a62-4ba9-a165-dca255d665f2,function_transfer_time,1779123721.7898953,0.000106082
experiment_name,deb27494-4a62-4ba9-a165-dca255d665f2,function_transfer_time,1779123721.8911626,0.000101664
experiment_name,deb27494-4a62-4ba9-a165-dca255d665f2,function_transfer_time,1779123721.9923923,0.000106275
experiment_name,deb27494-4a62-4ba9-a165-dca255d665f2,function_transfer_time,1779123722.0936468,0.000083293
experiment_name,deb27494-4a62-4ba9-a165-dca255d665f2,function_transfer_time,1779123722.1948495,0.000091312
experiment_name,deb27494-4a62-4ba9-a165-dca255d665f2,function_transfer_time,1779123722.2960978,0.000089248
experiment_name,deb27494-4a62-4ba9-a165-dca255d665f2,function_transfer_time,1779123722.3973684,0.000037162
experiment_name,deb27494-4a62-4ba9-a165-dca255d665f2,function_transfer_time,1779123722.498679,0.000109766
experiment_name,deb27494-4a62-4ba9-a165-dca255d665f2,function_transfer_time,1779123722.5999558,0.000108388
experiment_name,deb27494-4a62-4ba9-a165-dca255d665f2,function_transfer_time,1779123722.7012691,0.000103942
experiment_name,deb27494-4a62-4ba9-a165-dca255d665f2,function_transfer_time,1779123722.8025928,0.000096615
experiment_name,deb27494-4a62-4ba9-a165-dca255d665f2,function_transfer_time,1779123722.9038877,0.000089369
experiment_name,deb27494-4a62-4ba9-a165-dca255d665f2,function_transfer_time,1779123723.0052161,0.000103904
experiment_name,deb27494-4a62-4ba9-a165-dca255d665f2,function_transfer_time,1779123723.1054394,0.000027562
experiment_name,deb27494-4a62-4ba9-a165-dca255d665f2,function_transfer_time,1779123723.206704,0.000043339
experiment_name,deb27494-4a62-4ba9-a165-dca255d665f2,function_transfer_time,1779123723.3080192,0.000028944
experiment_name,deb27494-4a62-4ba9-a165-dca255d665f2,function_transfer_time,1779123723.4093218,0.000028587
experiment_name,deb27494-4a62-4ba9-a165-dca255d665f2,function_transfer_time,1779123723.5105696,0.00002769
experiment_name,deb27494-4a62-4ba9-a165-dca255d665f2,function_transfer_time,1779123723.6119494,0.000044477
experiment_name,deb27494-4a62-4ba9-a165-dca255d665f2,function_transfer_time,1779123723.7132585,0.000053725
experiment_name,deb27494-4a62-4ba9-a165-dca255d665f2,function_transfer_time,1779123723.8146145,0.00010153
experiment_name,deb27494-4a62-4ba9-a165-dca255d665f2,function_transfer_time,1779123723.9159102,0.000095825
experiment_name,deb27494-4a62-4ba9-a165-dca255d665f2,function_transfer_time,1779123724.0172071,0.00010407
experiment_name,deb27494-4a62-4ba9-a165-dca255d665f2,function_transfer_time,1779123724.1175003,0.000104872
experiment_name,deb27494-4a62-4ba9-a165-dca255d665f2,function_transfer_time,1779123724.218826,0.000113799
experiment_name,deb27494-4a62-4ba9-a165-dca255d665f2,function_transfer_time,1779123724.3201396,0.000093788
experiment_name,deb27494-4a62-4ba9-a165-dca255d665f2,function_transfer_time,1779123724.4214604,0.000052639
experiment_name,deb27494-4a62-4ba9-a165-dca255d665f2,function_transfer_time,1779123724.5227818,0.000029463
experiment_name,deb27494-4a62-4ba9-a165-dca255d665f2,function_transfer_time,1779123724.624079,0.000089951
experiment_name,deb27494-4a62-4ba9-a165-dca255d665f2,function_execution_time,1779123724.7254753,0.000074148
experiment_name,deb27494-4a62-4ba9-a165-dca255d665f2,function_execution_time,1779123724.8267474,0.000064308
experiment_name,deb27494-4a62-4ba9-a165-dca255d665f2,function_execution_time,1779123724.9280372,0.000058345
experiment_name,deb27494-4a62-4ba9-a165-dca255d665f2,function_execution_time,1779123725.0293145,0.000065779
experiment_name,deb27494-4a62-4ba9-a165-dca255d665f2,function_execution_time,1779123725.1306899,0.000065136
experiment_name,deb27494-4a62-4ba9-a165-dca255d665f2,function_execution_time,1779123725.2319505,0.000064481
experiment_name,deb27494-4a62-4ba9-a165-dca255d665f2,function_execution_time,1779123725.3332632,0.000059608
experiment_name,deb27494-4a62-4ba9-a165-dca255d665f2,function_execution_time,1779123725.4335806,0.000058148
experiment_name,deb27494-4a62-4ba9-a165-dca255d665f2,function_execution_time,1779123725.5349402,0.000056041
experiment_name,deb27494-4a62-4ba9-a165-dca255d665f2,function_execution_time,1779123725.636225,0.000060634
experiment_name,deb27494-4a62-4ba9-a165-dca255d665f2,function_execution_time,1779123725.7365413,0.000070451
experiment_name,deb27494-4a62-4ba9-a165-dca255d665f2,function_execution_time,1779123725.8377402,0.000056431
experiment_name,deb27494-4a62-4ba9-a165-dca255d665f2,function_execution_time,1779123725.9390817,0.000079191
experiment_name,deb27494-4a62-4ba9-a165-dca255d665f2,function_execution_time,1779123726.040373,0.000060944
experiment_name,deb27494-4a62-4ba9-a165-dca255d665f2,function_execution_time,1779123726.1416233,0.000064011
experiment_name,deb27494-4a62-4ba9-a165-dca255d665f2,function_execution_time,1779123726.242889,0.000059372
experiment_name,deb27494-4a62-4ba9-a165-dca255d665f2,function_execution_time,1779123726.3441446,0.00007284
experiment_name,deb27494-4a62-4ba9-a165-dca255d665f2,function_execution_time,1779123726.4455278,0.000058204
experiment_name,deb27494-4a62-4ba9-a165-dca255d665f2,function_execution_time,1779123726.5468163,0.000066258
experiment_name,deb27494-4a62-4ba9-a165-dca255d665f2,function_execution_time,1779123726.648135,0.000057535
experiment_name,deb27494-4a62-4ba9-a165-dca255d665f2,function_execution_time,1779123726.7494087,0.000056845
experiment_name,deb27494-4a62-4ba9-a165-dca255d665f2,function_execution_time,1779123726.850677,0.000060295
experiment_name,deb27494-4a62-4ba9-a165-dca255d665f2,function_execution_time,1779123726.9519951,0.000061351
experiment_name,deb27494-4a62-4ba9-a165-dca255d665f2,function_execution_time,1779123727.0532954,0.000063044
experiment_name,deb27494-4a62-4ba9-a165-dca255d665f2,function_execution_time,1779123727.1546087,0.000055358
experiment_name,deb27494-4a62-4ba9-a165-dca255d665f2,function_execution_time,1779123727.2560976,0.000058201
experiment_name,deb27494-4a62-4ba9-a165-dca255d665f2,function_execution_time,1779123727.3574924,0.000069777
experiment_name,deb27494-4a62-4ba9-a165-dca255d665f2,function_execution_time,1779123727.458682,0.000062154
experiment_name,deb27494-4a62-4ba9-a165-dca255d665f2,function_execution_time,1779123727.5600255,0.000056692
experiment_name,deb27494-4a62-4ba9-a165-dca255d665f2,function_execution_time,1779123727.6613011,0.000057492
experiment_name,deb27494-4a62-4ba9-a165-dca255d665f2,function_execution_time,1779123727.7625613,0.000061023
experiment_name,deb27494-4a62-4ba9-a165-dca255d665f2,function_execution_time,1779123727.8638294,0.000062681
experiment_name,deb27494-4a62-4ba9-a165-dca255d665f2,function_execution_time,1779123727.965079,0.000082936
experiment_name,deb27494-4a62-4ba9-a165-dca255d665f2,function_execution_time,1779123728.0663657,0.000060067
experiment_name,deb27494-4a62-4ba9-a165-dca255d665f2,function_execution_time,1779123728.1676927,0.000059894
experiment_name,deb27494-4a62-4ba9-a165-dca255d665f2,function_execution_time,1779123728.2690008,0.000066275
experiment_name,deb27494-4a62-4ba9-a165-dca255d665f2,function_execution_time,1779123728.3703384,0.000061385
experiment_name,deb27494-4a62-4ba9-a165-dca255d665f2,function_execution_time,1779123728.4715889,0.000056623
experiment_name,deb27494-4a62-4ba9-a165-dca255d665f2,function_execution_time,1779123728.5728934,0.000068317
experiment_name,deb27494-4a62-4ba9-a165-dca255d665f2,function_execution_time,1779123728.6742592,0.000058694
experiment_name,deb27494-4a62-4ba9-a165-dca255d665f2,function_execution_time,1779123728.774531,0.000072893
experiment_name,deb27494-4a62-4ba9-a165-dca255d665f2,function_execution_time,1779123728.8760304,0.000059589
experiment_name,deb27494-4a62-4ba9-a165-dca255d665f2,function_execution_time,1779123728.9772744,0.000056398
experiment_name,deb27494-4a62-4ba9-a165-dca255d665f2,function_execution_time,1779123729.077564,0.000057684
experiment_name,deb27494-4a62-4ba9-a165-dca255d665f2,function_execution_time,1779123729.1788797,0.000066504
experiment_name,deb27494-4a62-4ba9-a165-dca255d665f2,function_execution_time,1779123729.2802408,0.000076492
experiment_name,deb27494-4a62-4ba9-a165-dca255d665f2,function_execution_time,1779123729.3805642,0.000060141
experiment_name,deb27494-4a62-4ba9-a165-dca255d665f2,function_execution_time,1779123729.4818082,0.000055366
experiment_name,deb27494-4a62-4ba9-a165-dca255d665f2,function_execution_time,1779123729.5832343,0.000057733
experiment_name,156357c9-70f8-4496-9aa2-5ad9535f7129,function_execution_time,1779123724.7253878,0.000088358
experiment_name,156357c9-70f8-4496-9aa2-5ad9535f7129,function_execution_time,1779123724.8266656,0.000081219
experiment_name,156357c9-70f8-4496-9aa2-5ad9535f7129,function_execution_time,1779123724.9279602,0.000080242
experiment_name,156357c9-70f8-4496-9aa2-5ad9535f7129,function_execution_time,1779123725.029297,0.000086569
experiment_name,156357c9-70f8-4496-9aa2-5ad9535f7129,function_execution_time,1779123725.1305914,0.000086516
experiment_name,156357c9-70f8-4496-9aa2-5ad9535f7129,function_execution_time,1779123725.2317975,0.000071381
experiment_name,156357c9-70f8-4496-9aa2-5ad9535f7129,function_execution_time,1779123725.3331122,0.000070633
experiment_name,156357c9-70f8-4496-9aa2-5ad9535f7129,function_execution_time,1779123725.4335213,0.000179284
experiment_name,156357c9-70f8-4496-9aa2-5ad9535f7129,function_execution_time,1779123725.5348277,0.000116415
experiment_name,156357c9-70f8-4496-9aa2-5ad9535f7129,function_execution_time,1779123725.6360857,0.000090965
experiment_name,156357c9-70f8-4496-9aa2-5ad9535f7129,function_execution_time,1779123725.7363524,0.00007504
experiment_name,156357c9-70f8-4496-9aa2-5ad9535f7129,function_execution_time,1779123725.8376575,0.000085888
experiment_name,156357c9-70f8-4496-9aa2-5ad9535f7129,function_execution_time,1779123725.9389205,0.000081719
experiment_name,156357c9-70f8-4496-9aa2-5ad9535f7129,function_execution_time,1779123726.040206,0.00007598
experiment_name,156357c9-70f8-4496-9aa2-5ad9535f7129,function_execution_time,1779123726.1415317,0.00009656
experiment_name,156357c9-70f8-4496-9aa2-5ad9535f7129,function_execution_time,1779123726.2428298,0.000095037
experiment_name,156357c9-70f8-4496-9aa2-5ad9535f7129,function_execution_time,1779123726.3440325,0.000073431
experiment_name,156357c9-70f8-4496-9aa2-5ad9535f7129,function_execution_time,1779123726.445458,0.000157613
experiment_name,156357c9-70f8-4496-9aa2-5ad9535f7129,function_execution_time,1779123726.546726,0.000085732
experiment_name,156357c9-70f8-4496-9aa2-5ad9535f7129,function_execution_time,1779123726.6479785,0.000076974
experiment_name,156357c9-70f8-4496-9aa2-5ad9535f7129,function_execution_time,1779123726.7492568,0.000071882
experiment_name,156357c9-70f8-4496-9aa2-5ad9535f7129,function_execution_time,1779123726.8505058,0.000069527
experiment_name,156357c9-70f8-4496-9aa2-5ad9535f7129,function_execution_time,1779123726.951834,0.000070973
experiment_name,156357c9-70f8-4496-9aa2-5ad9535f7129,function_execution_time,1779123727.053214,0.000085262
experiment_name,156357c9-70f8-4496-9aa2-5ad9535f7129,function_execution_time,1779123727.154539,0.000089559
experiment_name,156357c9-70f8-4496-9aa2-5ad9535f7129,function_execution_time,1779123727.2559319,0.000083149
experiment_name,156357c9-70f8-4496-9aa2-5ad9535f7129,function_execution_time,1779123727.3573081,0.000072434
experiment_name,156357c9-70f8-4496-9aa2-5ad9535f7129,function_execution_time,1779123727.4586198,0.000094479
experiment_name,156357c9-70f8-4496-9aa2-5ad9535f7129,function_execution_time,1779123727.559951,0.000076976
experiment_name,156357c9-70f8-4496-9aa2-5ad9535f7129,function_execution_time,1779123727.6611578,0.000072084
experiment_name,156357c9-70f8-4496-9aa2-5ad9535f7129,function_execution_time,1779123727.7624767,0.000083523
experiment_name,156357c9-70f8-4496-9aa2-5ad9535f7129,function_execution_time,1779123727.8636665,0.000075097
experiment_name,156357c9-70f8-4496-9aa2-5ad9535f7129,function_execution_time,1779123727.9649496,0.000070825
experiment_name,156357c9-70f8-4496-9aa2-5ad9535f7129,function_execution_time,1779123728.0662076,0.000081742
experiment_name,156357c9-70f8-4496-9aa2-5ad9535f7129,function_execution_time,1779123728.1675391,0.000074621
experiment_name,156357c9-70f8-4496-9aa2-5ad9535f7129,function_execution_time,1779123728.2688472,0.000075395
experiment_name,156357c9-70f8-4496-9aa2-5ad9535f7129,function_execution_time,1779123728.3701768,0.000073001
experiment_name,156357c9-70f8-4496-9aa2-5ad9535f7129,function_execution_time,1779123728.4715211,0.000155892
experiment_name,156357c9-70f8-4496-9aa2-5ad9535f7129,function_execution_time,1779123728.5728617,0.000080097
experiment_name,156357c9-70f8-4496-9aa2-5ad9535f7129,function_execution_time,1779123728.6741314,0.000080224
experiment_name,156357c9-70f8-4496-9aa2-5ad9535f7129,function_execution_time,1779123728.7744236,0.000080717
experiment_name,156357c9-70f8-4496-9aa2-5ad9535f7129,function_execution_time,1779123728.875877,0.000072888
experiment_name,156357c9-70f8-4496-9aa2-5ad9535f7129,function_execution_time,1779123728.9771264,0.000070759
experiment_name,156357c9-70f8-4496-9aa2-5ad9535f7129,function_execution_time,1779123729.0774086,0.00007151
experiment_name,156357c9-70f8-4496-9aa2-5ad9535f7129,function_execution_time,1779123729.1788044,0.000105627
experiment_name,156357c9-70f8-4496-9aa2-5ad9535f7129,function_execution_time,1779123729.2802124,0.000084493
experiment_name,156357c9-70f8-4496-9aa2-5ad9535f7129,function_execution_time,1779123729.3804128,0.000077959
experiment_name,156357c9-70f8-4496-9aa2-5ad9535f7129,function_execution_time,1779123729.4817374,0.000152428
experiment_name,156357c9-70f8-4496-9aa2-5ad9535f7129,function_execution_time,1779123729.5830822,0.000069787
experiment_name,deb27494-4a62-4ba9-a165-dca255d665f2,function_transfer_time,1779123724.725391,0.000090056
experiment_name,deb27494-4a62-4ba9-a165-dca255d665f2,function_transfer_time,1779123724.826669,0.000087563
experiment_name,deb27494-4a62-4ba9-a165-dca255d665f2,function_transfer_time,1779123724.9279635,0.000090398
experiment_name,deb27494-4a62-4ba9-a165-dca255d665f2,function_transfer_time,1779123725.029291,0.000030902
experiment_name,deb27494-4a62-4ba9-a165-dca255d665f2,function_transfer_time,1779123725.1306152,0.000098275
experiment_name,deb27494-4a62-4ba9-a165-dca255d665f2,function_transfer_time,1779123725.2318814,0.000103983
experiment_name,deb27494-4a62-4ba9-a165-dca255d665f2,function_transfer_time,1779123725.333199,0.000110597
experiment_name,deb27494-4a62-4ba9-a165-dca255d665f2,function_transfer_time,1779123725.4335177,0.000035106
experiment_name,deb27494-4a62-4ba9-a165-dca255d665f2,function_transfer_time,1779123725.5348752,0.000087884
experiment_name,deb27494-4a62-4ba9-a165-dca255d665f2,function_transfer_time,1779123725.6361556,0.000096202
experiment_name,deb27494-4a62-4ba9-a165-dca255d665f2,function_transfer_time,1779123725.7364647,0.000135004
experiment_name,deb27494-4a62-4ba9-a165-dca255d665f2,function_transfer_time,1779123725.8376775,0.000093872
experiment_name,deb27494-4a62-4ba9-a165-dca255d665f2,function_transfer_time,1779123725.9389966,0.000095362
experiment_name,deb27494-4a62-4ba9-a165-dca255d665f2,function_transfer_time,1779123726.0403004,0.00010908
experiment_name,deb27494-4a62-4ba9-a165-dca255d665f2,function_transfer_time,1779123726.141552,0.000096544
experiment_name,deb27494-4a62-4ba9-a165-dca255d665f2,function_transfer_time,1779123726.242826,0.000034527
experiment_name,deb27494-4a62-4ba9-a165-dca255d665f2,function_transfer_time,1779123726.3441074,0.000046465
experiment_name,deb27494-4a62-4ba9-a165-dca255d665f2,function_transfer_time,1779123726.4454606,0.000045502
experiment_name,deb27494-4a62-4ba9-a165-dca255d665f2,function_transfer_time,1779123726.546747,0.000090488
experiment_name,deb27494-4a62-4ba9-a165-dca255d665f2,function_transfer_time,1779123726.6480718,0.000108113
experiment_name,deb27494-4a62-4ba9-a165-dca255d665f2,function_transfer_time,1779123726.7493472,0.000108184
experiment_name,deb27494-4a62-4ba9-a165-dca255d665f2,function_transfer_time,1779123726.8506126,0.000129661
experiment_name,deb27494-4a62-4ba9-a165-dca255d665f2,function_transfer_time,1779123726.9519277,0.000112261
experiment_name,deb27494-4a62-4ba9-a165-dca255d665f2,function_transfer_time,1779123727.0532172,0.000106836
experiment_name,deb27494-4a62-4ba9-a165-dca255d665f2,function_transfer_time,1779123727.154542,0.000087392
experiment_name,deb27494-4a62-4ba9-a165-dca255d665f2,function_transfer_time,1779123727.2560189,0.000100228
experiment_name,deb27494-4a62-4ba9-a165-dca255d665f2,function_transfer_time,1779123727.3574102,0.000119529
experiment_name,deb27494-4a62-4ba9-a165-dca255d665f2,function_transfer_time,1779123727.458616,0.000031766
experiment_name,deb27494-4a62-4ba9-a165-dca255d665f2,function_transfer_time,1779123727.5599542,0.000088119
experiment_name,deb27494-4a62-4ba9-a165-dca255d665f2,function_transfer_time,1779123727.6612394,0.000103397
experiment_name,deb27494-4a62-4ba9-a165-dca255d665f2,function_transfer_time,1779123727.7624934,0.000099345
experiment_name,deb27494-4a62-4ba9-a165-dca255d665f2,function_transfer_time,1779123727.8637614,0.000107375
experiment_name,deb27494-4a62-4ba9-a165-dca255d665f2,function_transfer_time,1779123727.9650197,0.000058776
experiment_name,deb27494-4a62-4ba9-a165-dca255d665f2,function_transfer_time,1779123728.066301,0.000111725
experiment_name,deb27494-4a62-4ba9-a165-dca255d665f2,function_transfer_time,1779123728.1676285,0.000102196
experiment_name,deb27494-4a62-4ba9-a165-dca255d665f2,function_transfer_time,1779123728.2689312,0.000098079
experiment_name,deb27494-4a62-4ba9-a165-dca255d665f2,function_transfer_time,1779123728.3702724,0.000111092
experiment_name,deb27494-4a62-4ba9-a165-dca255d665f2,function_transfer_time,1779123728.4715238,0.000037459
experiment_name,deb27494-4a62-4ba9-a165-dca255d665f2,function_transfer_time,1779123728.5728645,0.000032808
experiment_name,deb27494-4a62-4ba9-a165-dca255d665f2,function_transfer_time,1779123728.6741922,0.000088334
experiment_name,deb27494-4a62-4ba9-a165-dca255d665f2,function_transfer_time,1779123728.7745063,0.000066763
experiment_name,deb27494-4a62-4ba9-a165-dca255d665f2,function_transfer_time,1779123728.875966,0.000108594
experiment_name,deb27494-4a62-4ba9-a165-dca255d665f2,function_transfer_time,1779123728.9772136,0.000107364
experiment_name,deb27494-4a62-4ba9-a165-dca255d665f2,function_transfer_time,1779123729.077493,0.000110517
experiment_name,deb27494-4a62-4ba9-a165-dca255d665f2,function_transfer_time,1779123729.178808,0.000094523
experiment_name,deb27494-4a62-4ba9-a165-dca255d665f2,function_transfer_time,1779123729.2802064,0.000033099
experiment_name,deb27494-4a62-4ba9-a165-dca255d665f2,function_transfer_time,1779123729.3804994,0.000106857
experiment_name,deb27494-4a62-4ba9-a165-dca255d665f2,function_transfer_time,1779123729.4817357,0.000033992
experiment_name,deb27494-4a62-4ba9-a165-dca255d665f2,function_transfer_time,1779123729.583172,0.000107872
experiment_name,156357c9-70f8-4496-9aa2-5ad9535f7129,function_transfer_time,1779123724.7252493,0.000083206
experiment_name,156357c9-70f8-4496-9aa2-5ad9535f7129,function_transfer_time,1779123724.82653,0.000075583
experiment_name,156357c9-70f8-4496-9aa2-5ad9535f7129,function_transfer_time,1779123724.9278228,0.000080886
experiment_name,156357c9-70f8-4496-9aa2-5ad9535f7129,function_transfer_time,1779123725.029153,0.000085473
experiment_name,156357c9-70f8-4496-9aa2-5ad9535f7129,function_transfer_time,1779123725.1304512,0.000085896
experiment_name,156357c9-70f8-4496-9aa2-5ad9535f7129,function_transfer_time,1779123725.231718,0.000023616
experiment_name,156357c9-70f8-4496-9aa2-5ad9535f7129,function_transfer_time,1779123725.3330271,0.000085382
experiment_name,156357c9-70f8-4496-9aa2-5ad9535f7129,function_transfer_time,1779123725.433339,0.000078924
experiment_name,156357c9-70f8-4496-9aa2-5ad9535f7129,function_transfer_time,1779123725.5347059,0.000027368
experiment_name,156357c9-70f8-4496-9aa2-5ad9535f7129,function_transfer_time,1779123725.6359925,0.000030225
experiment_name,156357c9-70f8-4496-9aa2-5ad9535f7129,function_transfer_time,1779123725.7362676,0.000021139
experiment_name,156357c9-70f8-4496-9aa2-5ad9535f7129,function_transfer_time,1779123725.8375185,0.000021696
experiment_name,156357c9-70f8-4496-9aa2-5ad9535f7129,function_transfer_time,1779123725.9388344,0.000085788
experiment_name,156357c9-70f8-4496-9aa2-5ad9535f7129,function_transfer_time,1779123726.0401304,0.000081208
experiment_name,156357c9-70f8-4496-9aa2-5ad9535f7129,function_transfer_time,1779123726.1413858,0.000024664
experiment_name,156357c9-70f8-4496-9aa2-5ad9535f7129,function_transfer_time,1779123726.242721,0.000080081
experiment_name,156357c9-70f8-4496-9aa2-5ad9535f7129,function_transfer_time,1779123726.3439598,0.000023047
experiment_name,156357c9-70f8-4496-9aa2-5ad9535f7129,function_transfer_time,1779123726.4452906,0.000082826
experiment_name,156357c9-70f8-4496-9aa2-5ad9535f7129,function_transfer_time,1779123726.5465853,0.000022277
experiment_name,156357c9-70f8-4496-9aa2-5ad9535f7129,function_transfer_time,1779123726.6479025,0.000077903
experiment_name,156357c9-70f8-4496-9aa2-5ad9535f7129,function_transfer_time,1779123726.7491782,0.000022022
experiment_name,156357c9-70f8-4496-9aa2-5ad9535f7129,function_transfer_time,1779123726.8504252,0.000019543
experiment_name,156357c9-70f8-4496-9aa2-5ad9535f7129,function_transfer_time,1779123726.9517546,0.0000742
experiment_name,156357c9-70f8-4496-9aa2-5ad9535f7129,function_transfer_time,1779123727.053064,0.000080279
experiment_name,156357c9-70f8-4496-9aa2-5ad9535f7129,function_transfer_time,1779123727.1543891,0.000085567
experiment_name,156357c9-70f8-4496-9aa2-5ad9535f7129,function_transfer_time,1779123727.255848,0.000081504
experiment_name,156357c9-70f8-4496-9aa2-5ad9535f7129,function_transfer_time,1779123727.357227,0.000080439
experiment_name,156357c9-70f8-4496-9aa2-5ad9535f7129,function_transfer_time,1779123727.4585125,0.000022967
experiment_name,156357c9-70f8-4496-9aa2-5ad9535f7129,function_transfer_time,1779123727.5598161,0.0000854
experiment_name,156357c9-70f8-4496-9aa2-5ad9535f7129,function_transfer_time,1779123727.661074,0.000022566
experiment_name,156357c9-70f8-4496-9aa2-5ad9535f7129,function_transfer_time,1779123727.762327,0.00002151
experiment_name,156357c9-70f8-4496-9aa2-5ad9535f7129,function_transfer_time,1779123727.8635924,0.000021739
experiment_name,156357c9-70f8-4496-9aa2-5ad9535f7129,function_transfer_time,1779123727.9648714,0.000021033
experiment_name,156357c9-70f8-4496-9aa2-5ad9535f7129,function_transfer_time,1779123728.0661268,0.000021523
experiment_name,156357c9-70f8-4496-9aa2-5ad9535f7129,function_transfer_time,1779123728.1674645,0.000084329
experiment_name,156357c9-70f8-4496-9aa2-5ad9535f7129,function_transfer_time,1779123728.2687724,0.000082808
experiment_name,156357c9-70f8-4496-9aa2-5ad9535f7129,function_transfer_time,1779123728.3700984,0.000077856
experiment_name,156357c9-70f8-4496-9aa2-5ad9535f7129,function_transfer_time,1779123728.4713595,0.000023843
experiment_name,156357c9-70f8-4496-9aa2-5ad9535f7129,function_transfer_time,1779123728.57273,0.000075942
experiment_name,156357c9-70f8-4496-9aa2-5ad9535f7129,function_transfer_time,1779123728.674046,0.000085011
experiment_name,156357c9-70f8-4496-9aa2-5ad9535f7129,function_transfer_time,1779123728.7743275,0.000076242
experiment_name,156357c9-70f8-4496-9aa2-5ad9535f7129,function_transfer_time,1779123728.8757968,0.000083946
experiment_name,156357c9-70f8-4496-9aa2-5ad9535f7129,function_transfer_time,1779123728.9770439,0.000021264
experiment_name,156357c9-70f8-4496-9aa2-5ad9535f7129,function_transfer_time,1779123729.0773208,0.000024397
experiment_name,156357c9-70f8-4496-9aa2-5ad9535f7129,function_transfer_time,1779123729.1786337,0.000030159
experiment_name,156357c9-70f8-4496-9aa2-5ad9535f7129,function_transfer_time,1779123729.2800703,0.000024801
experiment_name,156357c9-70f8-4496-9aa2-5ad9535f7129,function_transfer_time,1779123729.380329,0.000023435
experiment_name,156357c9-70f8-4496-9aa2-5ad9535f7129,function_transfer_time,1779123729.4815848,0.000022293
experiment_name,156357c9-70f8-4496-9aa2-5ad9535f7129,function_transfer_time,1779123729.5830035,0.0000226
experiment_name,deb27494-4a62-4ba9-a165-dca255d665f2,function_execution_time,1779123729.684056,0.000064606
experiment_name,deb27494-4a62-4ba9-a165-dca255d665f2,function_execution_time,1779123729.7853053,0.000057511
experiment_name,deb27494-4a62-4ba9-a165-dca255d665f2,function_execution_time,1779123729.8866606,0.000057394
experiment_name,deb27494-4a62-4ba9-a165-dca255d665f2,function_execution_time,1779123729.988155,0.000080149
experiment_name,deb27494-4a62-4ba9-a165-dca255d665f2,function_execution_time,1779123730.0894141,0.000080662
experiment_name,deb27494-4a62-4ba9-a165-dca255d665f2,function_execution_time,1779123730.190765,0.000059198
experiment_name,deb27494-4a62-4ba9-a165-dca255d665f2,function_execution_time,1779123730.2920768,0.000058855
experiment_name,deb27494-4a62-4ba9-a165-dca255d665f2,function_execution_time,1779123730.3933928,0.000059517
experiment_name,deb27494-4a62-4ba9-a165-dca255d665f2,function_execution_time,1779123730.4947093,0.000063444
experiment_name,deb27494-4a62-4ba9-a165-dca255d665f2,function_execution_time,1779123730.5960848,0.000056561
experiment_name,deb27494-4a62-4ba9-a165-dca255d665f2,function_execution_time,1779123730.6965313,0.000058221
experiment_name,deb27494-4a62-4ba9-a165-dca255d665f2,function_execution_time,1779123730.7978728,0.000061193
experiment_name,deb27494-4a62-4ba9-a165-dca255d665f2,function_execution_time,1779123730.8991923,0.000062369
experiment_name,deb27494-4a62-4ba9-a165-dca255d665f2,function_execution_time,1779123731.0004966,0.000077543
experiment_name,deb27494-4a62-4ba9-a165-dca255d665f2,function_execution_time,1779123731.101825,0.000056128
experiment_name,deb27494-4a62-4ba9-a165-dca255d665f2,function_execution_time,1779123731.2031448,0.000058682
experiment_name,deb27494-4a62-4ba9-a165-dca255d665f2,function_execution_time,1779123731.3044827,0.000077488
experiment_name,deb27494-4a62-4ba9-a165-dca255d665f2,function_execution_time,1779123731.4057722,0.00006236
experiment_name,deb27494-4a62-4ba9-a165-dca255d665f2,function_execution_time,1779123731.5070906,0.00005604
experiment_name,deb27494-4a62-4ba9-a165-dca255d665f2,function_execution_time,1779123731.6084394,0.000057139
experiment_name,deb27494-4a62-4ba9-a165-dca255d665f2,function_execution_time,1779123731.709761,0.000055916
experiment_name,deb27494-4a62-4ba9-a165-dca255d665f2,function_execution_time,1779123731.8110962,0.00005619
experiment_name,deb27494-4a62-4ba9-a165-dca255d665f2,function_execution_time,1779123731.9124167,0.000067723
experiment_name,deb27494-4a62-4ba9-a165-dca255d665f2,function_execution_time,1779123732.0137374,0.000082303
experiment_name,deb27494-4a62-4ba9-a165-dca255d665f2,function_execution_time,1779123732.1151521,0.000061303
experiment_name,deb27494-4a62-4ba9-a165-dca255d665f2,function_execution_time,1779123732.216413,0.000059217
experiment_name,deb27494-4a62-4ba9-a165-dca255d665f2,function_execution_time,1779123732.3177083,0.000065782
experiment_name,deb27494-4a62-4ba9-a165-dca255d665f2,function_execution_time,1779123732.4189448,0.000059706
experiment_name,deb27494-4a62-4ba9-a165-dca255d665f2,function_execution_time,1779123732.5202088,0.000058775
experiment_name,deb27494-4a62-4ba9-a165-dca255d665f2,function_execution_time,1779123732.6205835,0.00005708
experiment_name,deb27494-4a62-4ba9-a165-dca255d665f2,function_execution_time,1779123732.7217622,0.000057587
experiment_name,deb27494-4a62-4ba9-a165-dca255d665f2,function_execution_time,1779123732.82303,0.00006964
experiment_name,deb27494-4a62-4ba9-a165-dca255d665f2,function_execution_time,1779123732.9242716,0.000057759
experiment_name,deb27494-4a62-4ba9-a165-dca255d665f2,function_execution_time,1779123733.0245543,0.000063024
experiment_name,deb27494-4a62-4ba9-a165-dca255d665f2,function_execution_time,1779123733.1260154,0.000061368
experiment_name,deb27494-4a62-4ba9-a165-dca255d665f2,function_execution_time,1779123733.2272882,0.000064314
experiment_name,deb27494-4a62-4ba9-a165-dca255d665f2,function_execution_time,1779123733.3275766,0.000061337
experiment_name,deb27494-4a62-4ba9-a165-dca255d665f2,function_execution_time,1779123733.4288905,0.000059415
experiment_name,deb27494-4a62-4ba9-a165-dca255d665f2,function_execution_time,1779123733.530129,0.000056611
experiment_name,deb27494-4a62-4ba9-a165-dca255d665f2,function_execution_time,1779123733.631534,0.000069245
experiment_name,deb27494-4a62-4ba9-a165-dca255d665f2,function_execution_time,1779123733.7328472,0.000059533
experiment_name,deb27494-4a62-4ba9-a165-dca255d665f2,function_execution_time,1779123733.8341506,0.000057832
experiment_name,deb27494-4a62-4ba9-a165-dca255d665f2,function_execution_time,1779123733.9354951,0.000072516
experiment_name,deb27494-4a62-4ba9-a165-dca255d665f2,function_execution_time,1779123734.036796,0.00007403
experiment_name,deb27494-4a62-4ba9-a165-dca255d665f2,function_execution_time,1779123734.138076,0.000067353
experiment_name,deb27494-4a62-4ba9-a165-dca255d665f2,function_execution_time,1779123734.2392862,0.000064889
experiment_name,deb27494-4a62-4ba9-a165-dca255d665f2,function_execution_time,1779123734.3405778,0.000059335
experiment_name,deb27494-4a62-4ba9-a165-dca255d665f2,function_execution_time,1779123734.4419148,0.000058963
experiment_name,deb27494-4a62-4ba9-a165-dca255d665f2,function_execution_time,1779123734.5431516,0.000064207
experiment_name,156357c9-70f8-4496-9aa2-5ad9535f7129,function_execution_time,1779123729.6839051,0.000079393
experiment_name,156357c9-70f8-4496-9aa2-5ad9535f7129,function_execution_time,1779123729.785156,0.00005087
experiment_name,156357c9-70f8-4496-9aa2-5ad9535f7129,function_execution_time,1779123729.8865232,0.000104333
experiment_name,156357c9-70f8-4496-9aa2-5ad9535f7129,function_execution_time,1779123729.9879637,0.000075461
experiment_name,156357c9-70f8-4496-9aa2-5ad9535f7129,function_execution_time,1779123730.0893643,0.000086988
experiment_name,156357c9-70f8-4496-9aa2-5ad9535f7129,function_execution_time,1779123730.190612,0.000083671
experiment_name,156357c9-70f8-4496-9aa2-5ad9535f7129,function_execution_time,1779123730.2919526,0.00008412
experiment_name,156357c9-70f8-4496-9aa2-5ad9535f7129,function_execution_time,1779123730.3932374,0.000072995
experiment_name,156357c9-70f8-4496-9aa2-5ad9535f7129,function_execution_time,1779123730.4946465,0.000161219
experiment_name,156357c9-70f8-4496-9aa2-5ad9535f7129,function_execution_time,1779123730.5959387,0.000073958
experiment_name,156357c9-70f8-4496-9aa2-5ad9535f7129,function_execution_time,1779123730.6964483,0.000077674
experiment_name,156357c9-70f8-4496-9aa2-5ad9535f7129,function_execution_time,1779123730.797711,0.000075124
experiment_name,156357c9-70f8-4496-9aa2-5ad9535f7129,function_execution_time,1779123730.899021,0.000081284
experiment_name,156357c9-70f8-4496-9aa2-5ad9535f7129,function_execution_time,1779123731.0004005,0.000077286
experiment_name,156357c9-70f8-4496-9aa2-5ad9535f7129,function_execution_time,1779123731.1016707,0.000071797
experiment_name,156357c9-70f8-4496-9aa2-5ad9535f7129,function_execution_time,1779123731.2030497,0.000080632
experiment_name,156357c9-70f8-4496-9aa2-5ad9535f7129,function_execution_time,1779123731.3043072,0.00007138
experiment_name,156357c9-70f8-4496-9aa2-5ad9535f7129,function_execution_time,1779123731.4056802,0.000079482
experiment_name,156357c9-70f8-4496-9aa2-5ad9535f7129,function_execution_time,1779123731.507009,0.000146023
experiment_name,156357c9-70f8-4496-9aa2-5ad9535f7129,function_execution_time,1779123731.6083639,0.000083562
experiment_name,156357c9-70f8-4496-9aa2-5ad9535f7129,function_execution_time,1779123731.709613,0.000076435
experiment_name,156357c9-70f8-4496-9aa2-5ad9535f7129,function_execution_time,1779123731.810943,0.000071883
experiment_name,156357c9-70f8-4496-9aa2-5ad9535f7129,function_execution_time,1779123731.9122546,0.00007854
experiment_name,156357c9-70f8-4496-9aa2-5ad9535f7129,function_execution_time,1779123732.0135407,0.00007209
experiment_name,156357c9-70f8-4496-9aa2-5ad9535f7129,function_execution_time,1779123732.1149936,0.000068168
experiment_name,156357c9-70f8-4496-9aa2-5ad9535f7129,function_execution_time,1779123732.216262,0.000066481
experiment_name,156357c9-70f8-4496-9aa2-5ad9535f7129,function_execution_time,1779123732.3175426,0.000076191
experiment_name,156357c9-70f8-4496-9aa2-5ad9535f7129,function_execution_time,1779123732.418791,0.000068903
experiment_name,156357c9-70f8-4496-9aa2-5ad9535f7129,function_execution_time,1779123732.52014,0.000145236
experiment_name,156357c9-70f8-4496-9aa2-5ad9535f7129,function_execution_time,1779123732.6203463,0.00008091
experiment_name,156357c9-70f8-4496-9aa2-5ad9535f7129,function_execution_time,1779123732.7216163,0.000068424
experiment_name,156357c9-70f8-4496-9aa2-5ad9535f7129,function_execution_time,1779123732.8228662,0.000068042
experiment_name,156357c9-70f8-4496-9aa2-5ad9535f7129,function_execution_time,1779123732.9241183,0.000069494
experiment_name,156357c9-70f8-4496-9aa2-5ad9535f7129,function_execution_time,1779123733.0244849,0.000103967
experiment_name,156357c9-70f8-4496-9aa2-5ad9535f7129,function_execution_time,1779123733.1258569,0.000074656
experiment_name,156357c9-70f8-4496-9aa2-5ad9535f7129,function_execution_time,1779123733.2271245,0.000069578
experiment_name,156357c9-70f8-4496-9aa2-5ad9535f7129,function_execution_time,1779123733.3274162,0.000082975
experiment_name,156357c9-70f8-4496-9aa2-5ad9535f7129,function_execution_time,1779123733.4287348,0.000075908
experiment_name,156357c9-70f8-4496-9aa2-5ad9535f7129,function_execution_time,1779123733.5300624,0.000122613
experiment_name,156357c9-70f8-4496-9aa2-5ad9535f7129,function_execution_time,1779123733.631438,0.000083184
experiment_name,156357c9-70f8-4496-9aa2-5ad9535f7129,function_execution_time,1779123733.7326887,0.000075338
experiment_name,156357c9-70f8-4496-9aa2-5ad9535f7129,function_execution_time,1779123733.8339953,0.000074924
experiment_name,156357c9-70f8-4496-9aa2-5ad9535f7129,function_execution_time,1779123733.9353912,0.000077124
experiment_name,156357c9-70f8-4496-9aa2-5ad9535f7129,function_execution_time,1779123734.0366197,0.000081238
experiment_name,156357c9-70f8-4496-9aa2-5ad9535f7129,function_execution_time,1779123734.137982,0.000077322
experiment_name,156357c9-70f8-4496-9aa2-5ad9535f7129,function_execution_time,1779123734.2392116,0.000090365
experiment_name,156357c9-70f8-4496-9aa2-5ad9535f7129,function_execution_time,1779123734.3404243,0.00007913
experiment_name,156357c9-70f8-4496-9aa2-5ad9535f7129,function_execution_time,1779123734.441766,0.000071777
experiment_name,156357c9-70f8-4496-9aa2-5ad9535f7129,function_execution_time,1779123734.5430772,0.000137425
experiment_name,156357c9-70f8-4496-9aa2-5ad9535f7129,function_transfer_time,1779123729.683826,0.000083393
experiment_name,156357c9-70f8-4496-9aa2-5ad9535f7129,function_transfer_time,1779123729.7850788,0.000015832
experiment_name,156357c9-70f8-4496-9aa2-5ad9535f7129,function_transfer_time,1779123729.8864167,0.000081647
experiment_name,156357c9-70f8-4496-9aa2-5ad9535f7129,function_transfer_time,1779123729.9878855,0.000081853
experiment_name,156357c9-70f8-4496-9aa2-5ad9535f7129,function_transfer_time,1779123730.0892327,0.000085292
experiment_name,156357c9-70f8-4496-9aa2-5ad9535f7129,function_transfer_time,1779123730.1905293,0.000089483
experiment_name,156357c9-70f8-4496-9aa2-5ad9535f7129,function_transfer_time,1779123730.2918634,0.000080328
experiment_name,156357c9-70f8-4496-9aa2-5ad9535f7129,function_transfer_time,1779123730.393159,0.000080986
experiment_name,156357c9-70f8-4496-9aa2-5ad9535f7129,function_transfer_time,1779123730.494475,0.000076047
experiment_name,156357c9-70f8-4496-9aa2-5ad9535f7129,function_transfer_time,1779123730.595925,0.000083075
experiment_name,156357c9-70f8-4496-9aa2-5ad9535f7129,function_transfer_time,1779123730.696319,0.000082835
experiment_name,156357c9-70f8-4496-9aa2-5ad9535f7129,function_transfer_time,1779123730.797636,0.000081641
experiment_name,156357c9-70f8-4496-9aa2-5ad9535f7129,function_transfer_time,1779123730.898941,0.000081889
experiment_name,156357c9-70f8-4496-9aa2-5ad9535f7129,function_transfer_time,1779123731.0002666,0.000079797
experiment_name,156357c9-70f8-4496-9aa2-5ad9535f7129,function_transfer_time,1779123731.1015918,0.000083977
experiment_name,156357c9-70f8-4496-9aa2-5ad9535f7129,function_transfer_time,1779123731.2029078,0.000079954
experiment_name,156357c9-70f8-4496-9aa2-5ad9535f7129,function_transfer_time,1779123731.3042343,0.000078895
experiment_name,156357c9-70f8-4496-9aa2-5ad9535f7129,function_transfer_time,1779123731.4055507,0.000081591
experiment_name,156357c9-70f8-4496-9aa2-5ad9535f7129,function_transfer_time,1779123731.5068576,0.000082968
experiment_name,156357c9-70f8-4496-9aa2-5ad9535f7129,function_transfer_time,1779123731.6082144,0.000078226
experiment_name,156357c9-70f8-4496-9aa2-5ad9535f7129,function_transfer_time,1779123731.7095304,0.000080325
experiment_name,156357c9-70f8-4496-9aa2-5ad9535f7129,function_transfer_time,1779123731.8108637,0.000074515
experiment_name,156357c9-70f8-4496-9aa2-5ad9535f7129,function_transfer_time,1779123731.9121714,0.000077416
experiment_name,156357c9-70f8-4496-9aa2-5ad9535f7129,function_transfer_time,1779123732.0135372,0.000025054
experiment_name,156357c9-70f8-4496-9aa2-5ad9535f7129,function_transfer_time,1779123732.1149132,0.000018484
experiment_name,156357c9-70f8-4496-9aa2-5ad9535f7129,function_transfer_time,1779123732.2161798,0.000018062
experiment_name,156357c9-70f8-4496-9aa2-5ad9535f7129,function_transfer_time,1779123732.3174665,0.000028329
experiment_name,156357c9-70f8-4496-9aa2-5ad9535f7129,function_transfer_time,1779123732.4187117,0.000017514
experiment_name,156357c9-70f8-4496-9aa2-5ad9535f7129,function_transfer_time,1779123732.519989,0.000018786
experiment_name,156357c9-70f8-4496-9aa2-5ad9535f7129,function_transfer_time,1779123732.620268,0.000019726
experiment_name,156357c9-70f8-4496-9aa2-5ad9535f7129,function_transfer_time,1779123732.7215388,0.000018707
experiment_name,156357c9-70f8-4496-9aa2-5ad9535f7129,function_transfer_time,1779123732.8227892,0.00001923
experiment_name,156357c9-70f8-4496-9aa2-5ad9535f7129,function_transfer_time,1779123732.9240413,0.000019259
experiment_name,156357c9-70f8-4496-9aa2-5ad9535f7129,function_transfer_time,1779123733.0243728,0.000078672
experiment_name,156357c9-70f8-4496-9aa2-5ad9535f7129,function_transfer_time,1779123733.1257782,0.000077111
experiment_name,156357c9-70f8-4496-9aa2-5ad9535f7129,function_transfer_time,1779123733.22704,0.000019346
experiment_name,156357c9-70f8-4496-9aa2-5ad9535f7129,function_transfer_time,1779123733.3273344,0.000073061
experiment_name,156357c9-70f8-4496-9aa2-5ad9535f7129,function_transfer_time,1779123733.4286618,0.000079132
experiment_name,156357c9-70f8-4496-9aa2-5ad9535f7129,function_transfer_time,1779123733.5299356,0.000076024
experiment_name,156357c9-70f8-4496-9aa2-5ad9535f7129,function_transfer_time,1779123733.6312737,0.000078921
experiment_name,156357c9-70f8-4496-9aa2-5ad9535f7129,function_transfer_time,1779123733.7326114,0.000081858
experiment_name,156357c9-70f8-4496-9aa2-5ad9535f7129,function_transfer_time,1779123733.8339171,0.000076729
experiment_name,156357c9-70f8-4496-9aa2-5ad9535f7129,function_transfer_time,1779123733.935253,0.000078929
experiment_name,156357c9-70f8-4496-9aa2-5ad9535f7129,function_transfer_time,1779123734.0365405,0.000077277
experiment_name,156357c9-70f8-4496-9aa2-5ad9535f7129,function_transfer_time,1779123734.1378539,0.000074445
experiment_name,156357c9-70f8-4496-9aa2-5ad9535f7129,function_transfer_time,1779123734.2391152,0.000020851
experiment_name,156357c9-70f8-4496-9aa2-5ad9535f7129,function_transfer_time,1779123734.3403466,0.00002116
experiment_name,156357c9-70f8-4496-9aa2-5ad9535f7129,function_transfer_time,1779123734.4416897,0.000081954
experiment_name,156357c9-70f8-4496-9aa2-5ad9535f7129,function_transfer_time,1779123734.5429347,0.000024126
experiment_name,deb27494-4a62-4ba9-a165-dca255d665f2,function_transfer_time,1779123729.6839838,0.000095505
experiment_name,deb27494-4a62-4ba9-a165-dca255d665f2,function_transfer_time,1779123729.785243,0.000121067
experiment_name,deb27494-4a62-4ba9-a165-dca255d665f2,function_transfer_time,1779123729.8865924,0.000093837
experiment_name,deb27494-4a62-4ba9-a165-dca255d665f2,function_transfer_time,1779123729.9880686,0.000115318
experiment_name,deb27494-4a62-4ba9-a165-dca255d665f2,function_transfer_time,1779123730.0893686,0.000036069
experiment_name,deb27494-4a62-4ba9-a165-dca255d665f2,function_transfer_time,1779123730.1907003,0.00010254
experiment_name,deb27494-4a62-4ba9-a165-dca255d665f2,function_transfer_time,1779123730.2920084,0.000088858
experiment_name,deb27494-4a62-4ba9-a165-dca255d665f2,function_transfer_time,1779123730.393329,0.000108365
experiment_name,deb27494-4a62-4ba9-a165-dca255d665f2,function_transfer_time,1779123730.4946415,0.000034057
experiment_name,deb27494-4a62-4ba9-a165-dca255d665f2,function_transfer_time,1779123730.596023,0.000099453
experiment_name,deb27494-4a62-4ba9-a165-dca255d665f2,function_transfer_time,1779123730.6964657,0.000090616
experiment_name,deb27494-4a62-4ba9-a165-dca255d665f2,function_transfer_time,1779123730.7978072,0.000109093
experiment_name,deb27494-4a62-4ba9-a165-dca255d665f2,function_transfer_time,1779123730.8991244,0.000113696
experiment_name,deb27494-4a62-4ba9-a165-dca255d665f2,function_transfer_time,1779123731.0004036,0.000089272
experiment_name,deb27494-4a62-4ba9-a165-dca255d665f2,function_transfer_time,1779123731.1017642,0.000112005
experiment_name,deb27494-4a62-4ba9-a165-dca255d665f2,function_transfer_time,1779123731.2030785,0.00011431
experiment_name,deb27494-4a62-4ba9-a165-dca255d665f2,function_transfer_time,1779123731.3043966,0.000102587
experiment_name,deb27494-4a62-4ba9-a165-dca255d665f2,function_transfer_time,1779123731.4057012,0.000092664
experiment_name,deb27494-4a62-4ba9-a165-dca255d665f2,function_transfer_time,1779123731.507026,0.000049679
experiment_name,deb27494-4a62-4ba9-a165-dca255d665f2,function_transfer_time,1779123731.6083672,0.000092896
experiment_name,deb27494-4a62-4ba9-a165-dca255d665f2,function_transfer_time,1779123731.7097008,0.000104768
experiment_name,deb27494-4a62-4ba9-a165-dca255d665f2,function_transfer_time,1779123731.8110347,0.000110389
experiment_name,deb27494-4a62-4ba9-a165-dca255d665f2,function_transfer_time,1779123731.9123428,0.000112632
experiment_name,deb27494-4a62-4ba9-a165-dca255d665f2,function_transfer_time,1779123732.013651,0.000123968
experiment_name,deb27494-4a62-4ba9-a165-dca255d665f2,function_transfer_time,1779123732.1150846,0.00011283
experiment_name,deb27494-4a62-4ba9-a165-dca255d665f2,function_transfer_time,1779123732.2163498,0.000112015
experiment_name,deb27494-4a62-4ba9-a165-dca255d665f2,function_transfer_time,1779123732.317638,0.00010626
experiment_name,deb27494-4a62-4ba9-a165-dca255d665f2,function_transfer_time,1779123732.4188802,0.000108581
experiment_name,deb27494-4a62-4ba9-a165-dca255d665f2,function_transfer_time,1779123732.5201435,0.000035747
experiment_name,deb27494-4a62-4ba9-a165-dca255d665f2,function_transfer_time,1779123732.6204412,0.000110536
experiment_name,deb27494-4a62-4ba9-a165-dca255d665f2,function_transfer_time,1779123732.7216983,0.000102177
experiment_name,deb27494-4a62-4ba9-a165-dca255d665f2,function_transfer_time,1779123732.8229558,0.000108293
experiment_name,deb27494-4a62-4ba9-a165-dca255d665f2,function_transfer_time,1779123732.9242096,0.000109164
experiment_name,deb27494-4a62-4ba9-a165-dca255d665f2,function_transfer_time,1779123733.024488,0.000046482
experiment_name,deb27494-4a62-4ba9-a165-dca255d665f2,function_transfer_time,1779123733.1259496,0.000111405
experiment_name,deb27494-4a62-4ba9-a165-dca255d665f2,function_transfer_time,1779123733.2272193,0.000117114
experiment_name,deb27494-4a62-4ba9-a165-dca255d665f2,function_transfer_time,1779123733.3275108,0.000107348
experiment_name,deb27494-4a62-4ba9-a165-dca255d665f2,function_transfer_time,1779123733.4288254,0.00010272
experiment_name,deb27494-4a62-4ba9-a165-dca255d665f2,function_transfer_time,1779123733.530065,0.000032343
experiment_name,deb27494-4a62-4ba9-a165-dca255d665f2,function_transfer_time,1779123733.6314585,0.000110681
experiment_name,deb27494-4a62-4ba9-a165-dca255d665f2,function_transfer_time,1779123733.732783,0.000109096
experiment_name,deb27494-4a62-4ba9-a165-dca255d665f2,function_transfer_time,1779123733.834089,0.000108268
experiment_name,deb27494-4a62-4ba9-a165-dca255d665f2,function_transfer_time,1779123733.9354088,0.000100017
experiment_name,deb27494-4a62-4ba9-a165-dca255d665f2,function_transfer_time,1779123734.0367167,0.000105806
experiment_name,deb27494-4a62-4ba9-a165-dca255d665f2,function_transfer_time,1779123734.1380022,0.000089743
experiment_name,deb27494-4a62-4ba9-a165-dca255d665f2,function_transfer_time,1779123734.239216,0.000037933
experiment_name,deb27494-4a62-4ba9-a165-dca255d665f2,function_transfer_time,1779123734.3405125,0.000108244
experiment_name,deb27494-4a62-4ba9-a165-dca255d665f2,function_transfer_time,1779123734.4418502,0.000099983
experiment_name,deb27494-4a62-4ba9-a165-dca255d665f2,function_transfer_time,1779123734.54308,0.000034963
experiment_name,156357c9-70f8-4496-9aa2-5ad9535f7129,function_execution_time,1779123734.6436903,0.000074773
experiment_name,156357c9-70f8-4496-9aa2-5ad9535f7129,function_execution_time,1779123734.74496,0.000087053
experiment_name,156357c9-70f8-4496-9aa2-5ad9535f7129,function_execution_time,1779123734.8462436,0.000074764
experiment_name,156357c9-70f8-4496-9aa2-5ad9535f7129,function_execution_time,1779123734.947524,0.000073594
experiment_name,156357c9-70f8-4496-9aa2-5ad9535f7129,function_execution_time,1779123735.0490582,0.000084211
experiment_name,156357c9-70f8-4496-9aa2-5ad9535f7129,function_execution_time,1779123735.1503205,0.000075563
experiment_name,156357c9-70f8-4496-9aa2-5ad9535f7129,function_execution_time,1779123735.251635,0.000073798
experiment_name,156357c9-70f8-4496-9aa2-5ad9535f7129,function_execution_time,1779123735.3529618,0.000071766
experiment_name,156357c9-70f8-4496-9aa2-5ad9535f7129,function_execution_time,1779123735.454378,0.000091985
experiment_name,156357c9-70f8-4496-9aa2-5ad9535f7129,function_execution_time,1779123735.5557156,0.000166715
experiment_name,156357c9-70f8-4496-9aa2-5ad9535f7129,function_execution_time,1779123735.657054,0.000102856
experiment_name,156357c9-70f8-4496-9aa2-5ad9535f7129,function_execution_time,1779123735.7582972,0.000093237
experiment_name,156357c9-70f8-4496-9aa2-5ad9535f7129,function_execution_time,1779123735.8595707,0.000097126
experiment_name,156357c9-70f8-4496-9aa2-5ad9535f7129,function_execution_time,1779123735.9608097,0.000074548
experiment_name,156357c9-70f8-4496-9aa2-5ad9535f7129,function_execution_time,1779123736.062139,0.000088255
experiment_name,156357c9-70f8-4496-9aa2-5ad9535f7129,function_execution_time,1779123736.162399,0.000089151
experiment_name,156357c9-70f8-4496-9aa2-5ad9535f7129,function_execution_time,1779123736.2635784,0.000072076
experiment_name,156357c9-70f8-4496-9aa2-5ad9535f7129,function_execution_time,1779123736.3648949,0.000079762
experiment_name,156357c9-70f8-4496-9aa2-5ad9535f7129,function_execution_time,1779123736.4661407,0.000083631
experiment_name,156357c9-70f8-4496-9aa2-5ad9535f7129,function_execution_time,1779123736.566487,0.000158981
experiment_name,156357c9-70f8-4496-9aa2-5ad9535f7129,function_execution_time,1779123736.6678054,0.000071005
experiment_name,156357c9-70f8-4496-9aa2-5ad9535f7129,function_execution_time,1779123736.7691658,0.000085709
experiment_name,156357c9-70f8-4496-9aa2-5ad9535f7129,function_execution_time,1779123736.8694503,0.00007024
experiment_name,156357c9-70f8-4496-9aa2-5ad9535f7129,function_execution_time,1779123736.9708235,0.000081277
experiment_name,156357c9-70f8-4496-9aa2-5ad9535f7129,function_execution_time,1779123737.072136,0.000078474
experiment_name,156357c9-70f8-4496-9aa2-5ad9535f7129,function_execution_time,1779123737.1734462,0.000084513
experiment_name,156357c9-70f8-4496-9aa2-5ad9535f7129,function_execution_time,1779123737.2747538,0.000083042
experiment_name,156357c9-70f8-4496-9aa2-5ad9535f7129,function_execution_time,1779123737.3760052,0.000073605
experiment_name,156357c9-70f8-4496-9aa2-5ad9535f7129,function_execution_time,1779123737.477379,0.000084972
experiment_name,156357c9-70f8-4496-9aa2-5ad9535f7129,function_execution_time,1779123737.5787165,0.000141409
experiment_name,156357c9-70f8-4496-9aa2-5ad9535f7129,function_execution_time,1779123737.679995,0.000072954
experiment_name,156357c9-70f8-4496-9aa2-5ad9535f7129,function_execution_time,1779123737.7813935,0.000079274
experiment_name,156357c9-70f8-4496-9aa2-5ad9535f7129,function_execution_time,1779123737.882612,0.000071431
experiment_name,156357c9-70f8-4496-9aa2-5ad9535f7129,function_execution_time,1779123737.9839847,0.000082274
experiment_name,156357c9-70f8-4496-9aa2-5ad9535f7129,function_execution_time,1779123738.085301,0.000089271
experiment_name,156357c9-70f8-4496-9aa2-5ad9535f7129,function_execution_time,1779123738.186595,0.000079488
experiment_name,156357c9-70f8-4496-9aa2-5ad9535f7129,function_execution_time,1779123738.2878647,0.000069889
experiment_name,156357c9-70f8-4496-9aa2-5ad9535f7129,function_execution_time,1779123738.3892324,0.000087148
experiment_name,156357c9-70f8-4496-9aa2-5ad9535f7129,function_execution_time,1779123738.4905615,0.0000991
experiment_name,156357c9-70f8-4496-9aa2-5ad9535f7129,function_execution_time,1779123738.591895,0.000139824
experiment_name,156357c9-70f8-4496-9aa2-5ad9535f7129,function_execution_time,1779123738.6931698,0.000079188
experiment_name,156357c9-70f8-4496-9aa2-5ad9535f7129,function_execution_time,1779123738.7935517,0.000079333
experiment_name,156357c9-70f8-4496-9aa2-5ad9535f7129,function_execution_time,1779123738.8947976,0.000072743
experiment_name,156357c9-70f8-4496-9aa2-5ad9535f7129,function_execution_time,1779123738.9961271,0.000071732
experiment_name,156357c9-70f8-4496-9aa2-5ad9535f7129,function_execution_time,1779123739.096456,0.000094816
experiment_name,156357c9-70f8-4496-9aa2-5ad9535f7129,function_execution_time,1779123739.1977758,0.000073059
experiment_name,156357c9-70f8-4496-9aa2-5ad9535f7129,function_execution_time,1779123739.2990718,0.000087157
experiment_name,156357c9-70f8-4496-9aa2-5ad9535f7129,function_execution_time,1779123739.4004045,0.00010336
experiment_name,156357c9-70f8-4496-9aa2-5ad9535f7129,function_execution_time,1779123739.501757,0.000105709
experiment_name,156357c9-70f8-4496-9aa2-5ad9535f7129,function_execution_time,1779123739.6030743,0.000146686
experiment_name,deb27494-4a62-4ba9-a165-dca255d665f2,function_execution_time,1779123734.6438415,0.00006207
experiment_name,deb27494-4a62-4ba9-a165-dca255d665f2,function_execution_time,1779123734.7450867,0.000058144
experiment_name,deb27494-4a62-4ba9-a165-dca255d665f2,function_execution_time,1779123734.8464146,0.000062227
experiment_name,deb27494-4a62-4ba9-a165-dca255d665f2,function_execution_time,1779123734.947682,0.000058141
experiment_name,deb27494-4a62-4ba9-a165-dca255d665f2,function_execution_time,1779123735.0491338,0.000063699
experiment_name,deb27494-4a62-4ba9-a165-dca255d665f2,function_execution_time,1779123735.1504805,0.000069403
experiment_name,deb27494-4a62-4ba9-a165-dca255d665f2,function_execution_time,1779123735.2517884,0.000059392
experiment_name,deb27494-4a62-4ba9-a165-dca255d665f2,function_execution_time,1779123735.3531134,0.000060514
experiment_name,deb27494-4a62-4ba9-a165-dca255d665f2,function_execution_time,1779123735.4544728,0.000083322
experiment_name,deb27494-4a62-4ba9-a165-dca255d665f2,function_execution_time,1779123735.5557766,0.000061224
experiment_name,deb27494-4a62-4ba9-a165-dca255d665f2,function_execution_time,1779123735.6571298,0.0000614
experiment_name,deb27494-4a62-4ba9-a165-dca255d665f2,function_execution_time,1779123735.7583835,0.000060938
experiment_name,deb27494-4a62-4ba9-a165-dca255d665f2,function_execution_time,1779123735.8596601,0.000073318
experiment_name,deb27494-4a62-4ba9-a165-dca255d665f2,function_execution_time,1779123735.960963,0.000058248
experiment_name,deb27494-4a62-4ba9-a165-dca255d665f2,function_execution_time,1779123736.0621922,0.000086177
experiment_name,deb27494-4a62-4ba9-a165-dca255d665f2,function_execution_time,1779123736.1625156,0.000077869
experiment_name,deb27494-4a62-4ba9-a165-dca255d665f2,function_execution_time,1779123736.2637246,0.000059036
experiment_name,deb27494-4a62-4ba9-a165-dca255d665f2,function_execution_time,1779123736.3650103,0.000068601
experiment_name,deb27494-4a62-4ba9-a165-dca255d665f2,function_execution_time,1779123736.4662197,0.000058833
experiment_name,deb27494-4a62-4ba9-a165-dca255d665f2,function_execution_time,1779123736.566553,0.000057158
experiment_name,deb27494-4a62-4ba9-a165-dca255d665f2,function_execution_time,1779123736.6679533,0.000058698
experiment_name,deb27494-4a62-4ba9-a165-dca255d665f2,function_execution_time,1779123736.7692575,0.00006666
experiment_name,deb27494-4a62-4ba9-a165-dca255d665f2,function_execution_time,1779123736.8696036,0.000059949
experiment_name,deb27494-4a62-4ba9-a165-dca255d665f2,function_execution_time,1779123736.9708488,0.000063914
experiment_name,deb27494-4a62-4ba9-a165-dca255d665f2,function_execution_time,1779123737.072209,0.000056487
experiment_name,deb27494-4a62-4ba9-a165-dca255d665f2,function_execution_time,1779123737.1735256,0.000057363
experiment_name,deb27494-4a62-4ba9-a165-dca255d665f2,function_execution_time,1779123737.274787,0.000078256
experiment_name,deb27494-4a62-4ba9-a165-dca255d665f2,function_execution_time,1779123737.376155,0.000062454
experiment_name,deb27494-4a62-4ba9-a165-dca255d665f2,function_execution_time,1779123737.4774692,0.000072613
experiment_name,deb27494-4a62-4ba9-a165-dca255d665f2,function_execution_time,1779123737.5787842,0.000057124
experiment_name,deb27494-4a62-4ba9-a165-dca255d665f2,function_execution_time,1779123737.6801555,0.000064654
experiment_name,deb27494-4a62-4ba9-a165-dca255d665f2,function_execution_time,1779123737.7814867,0.000073957
experiment_name,deb27494-4a62-4ba9-a165-dca255d665f2,function_execution_time,1779123737.8827639,0.000060389
experiment_name,deb27494-4a62-4ba9-a165-dca255d665f2,function_execution_time,1779123737.9840531,0.000057327
experiment_name,deb27494-4a62-4ba9-a165-dca255d665f2,function_execution_time,1779123738.085361,0.000085033
experiment_name,deb27494-4a62-4ba9-a165-dca255d665f2,function_execution_time,1779123738.1866972,0.000075062
experiment_name,deb27494-4a62-4ba9-a165-dca255d665f2,function_execution_time,1779123738.2880144,0.000058271
experiment_name,deb27494-4a62-4ba9-a165-dca255d665f2,function_execution_time,1779123738.389313,0.000058896
experiment_name,deb27494-4a62-4ba9-a165-dca255d665f2,function_execution_time,1779123738.4905999,0.000077272
experiment_name,deb27494-4a62-4ba9-a165-dca255d665f2,function_execution_time,1779123738.5919573,0.000063251
experiment_name,deb27494-4a62-4ba9-a165-dca255d665f2,function_execution_time,1779123738.6932523,0.000064747
experiment_name,deb27494-4a62-4ba9-a165-dca255d665f2,function_execution_time,1779123738.7937038,0.000058099
experiment_name,deb27494-4a62-4ba9-a165-dca255d665f2,function_execution_time,1779123738.8949578,0.000058022
experiment_name,deb27494-4a62-4ba9-a165-dca255d665f2,function_execution_time,1779123738.9962733,0.000058653
experiment_name,deb27494-4a62-4ba9-a165-dca255d665f2,function_execution_time,1779123739.0966146,0.000064929
experiment_name,deb27494-4a62-4ba9-a165-dca255d665f2,function_execution_time,1779123739.1979306,0.000056085
experiment_name,deb27494-4a62-4ba9-a165-dca255d665f2,function_execution_time,1779123739.2991338,0.000062382
experiment_name,deb27494-4a62-4ba9-a165-dca255d665f2,function_execution_time,1779123739.4005353,0.000060416
experiment_name,deb27494-4a62-4ba9-a165-dca255d665f2,function_execution_time,1779123739.50185,0.000068011
experiment_name,deb27494-4a62-4ba9-a165-dca255d665f2,function_execution_time,1779123739.6031406,0.000056608
experiment_name,deb27494-4a62-4ba9-a165-dca255d665f2,function_transfer_time,1779123734.6437736,0.000121156
experiment_name,deb27494-4a62-4ba9-a165-dca255d665f2,function_transfer_time,1779123734.74502,0.000088455
experiment_name,deb27494-4a62-4ba9-a165-dca255d665f2,function_transfer_time,1779123734.8463473,0.000122101
experiment_name,deb27494-4a62-4ba9-a165-dca255d665f2,function_transfer_time,1779123734.9476197,0.000104672
experiment_name,deb27494-4a62-4ba9-a165-dca255d665f2,function_transfer_time,1779123735.0490627,0.000100731
experiment_name,deb27494-4a62-4ba9-a165-dca255d665f2,function_transfer_time,1779123735.1504033,0.00009877
experiment_name,deb27494-4a62-4ba9-a165-dca255d665f2,function_transfer_time,1779123735.2517233,0.000117681
experiment_name,deb27494-4a62-4ba9-a165-dca255d665f2,function_transfer_time,1779123735.353048,0.000107452
experiment_name,deb27494-4a62-4ba9-a165-dca255d665f2,function_transfer_time,1779123735.4543831,0.000088048
experiment_name,deb27494-4a62-4ba9-a165-dca255d665f2,function_transfer_time,1779123735.5557108,0.000038681
experiment_name,deb27494-4a62-4ba9-a165-dca255d665f2,function_transfer_time,1779123735.6570575,0.00009442
experiment_name,deb27494-4a62-4ba9-a165-dca255d665f2,function_transfer_time,1779123735.758315,0.000111103
experiment_name,deb27494-4a62-4ba9-a165-dca255d665f2,function_transfer_time,1779123735.8595738,0.000088085
experiment_name,deb27494-4a62-4ba9-a165-dca255d665f2,function_transfer_time,1779123735.9609003,0.000107134
experiment_name,deb27494-4a62-4ba9-a165-dca255d665f2,function_transfer_time,1779123736.0621424,0.000040739
experiment_name,deb27494-4a62-4ba9-a165-dca255d665f2,function_transfer_time,1779123736.1624384,0.000103166
experiment_name,deb27494-4a62-4ba9-a165-dca255d665f2,function_transfer_time,1779123736.2636607,0.000102644
experiment_name,deb27494-4a62-4ba9-a165-dca255d665f2,function_transfer_time,1779123736.3649328,0.000105556
experiment_name,deb27494-4a62-4ba9-a165-dca255d665f2,function_transfer_time,1779123736.4661438,0.000093709
experiment_name,deb27494-4a62-4ba9-a165-dca255d665f2,function_transfer_time,1779123736.56649,0.000047879
experiment_name,deb27494-4a62-4ba9-a165-dca255d665f2,function_transfer_time,1779123736.6678896,0.000109275
experiment_name,deb27494-4a62-4ba9-a165-dca255d665f2,function_transfer_time,1779123736.7691834,0.00009011
experiment_name,deb27494-4a62-4ba9-a165-dca255d665f2,function_transfer_time,1779123736.86954,0.000119982
experiment_name,deb27494-4a62-4ba9-a165-dca255d665f2,function_transfer_time,1779123736.9708269,0.000034226
experiment_name,deb27494-4a62-4ba9-a165-dca255d665f2,function_transfer_time,1779123737.0721393,0.00008802
experiment_name,deb27494-4a62-4ba9-a165-dca255d665f2,function_transfer_time,1779123737.1734612,0.000100276
experiment_name,deb27494-4a62-4ba9-a165-dca255d665f2,function_transfer_time,1779123737.2747488,0.00003146
experiment_name,deb27494-4a62-4ba9-a165-dca255d665f2,function_transfer_time,1779123737.3760877,0.00009928
experiment_name,deb27494-4a62-4ba9-a165-dca255d665f2,function_transfer_time,1779123737.4773827,0.000096124
experiment_name,deb27494-4a62-4ba9-a165-dca255d665f2,function_transfer_time,1779123737.5787191,0.000035695
experiment_name,deb27494-4a62-4ba9-a165-dca255d665f2,function_transfer_time,1779123737.6800869,0.000109219
experiment_name,deb27494-4a62-4ba9-a165-dca255d665f2,function_transfer_time,1779123737.7813966,0.000088271
experiment_name,deb27494-4a62-4ba9-a165-dca255d665f2,function_transfer_time,1779123737.8826957,0.00010864
experiment_name,deb27494-4a62-4ba9-a165-dca255d665f2,function_transfer_time,1779123737.983988,0.000085804
experiment_name,deb27494-4a62-4ba9-a165-dca255d665f2,function_transfer_time,1779123738.085306,0.000041158
experiment_name,deb27494-4a62-4ba9-a165-dca255d665f2,function_transfer_time,1779123738.1866155,0.000093572
experiment_name,deb27494-4a62-4ba9-a165-dca255d665f2,function_transfer_time,1779123738.287952,0.00011126
experiment_name,deb27494-4a62-4ba9-a165-dca255d665f2,function_transfer_time,1779123738.3892355,0.000088909
experiment_name,deb27494-4a62-4ba9-a165-dca255d665f2,function_transfer_time,1779123738.4905663,0.000038436
experiment_name,deb27494-4a62-4ba9-a165-dca255d665f2,function_transfer_time,1779123738.591891,0.00003314
experiment_name,deb27494-4a62-4ba9-a165-dca255d665f2,function_transfer_time,1779123738.6931732,0.000093195
experiment_name,deb27494-4a62-4ba9-a165-dca255d665f2,function_transfer_time,1779123738.793639,0.000105976
experiment_name,deb27494-4a62-4ba9-a165-dca255d665f2,function_transfer_time,1779123738.8948946,0.000116869
experiment_name,deb27494-4a62-4ba9-a165-dca255d665f2,function_transfer_time,1779123738.99621,0.000099673
experiment_name,deb27494-4a62-4ba9-a165-dca255d665f2,function_transfer_time,1779123739.0965443,0.00011855
experiment_name,deb27494-4a62-4ba9-a165-dca255d665f2,function_transfer_time,1779123739.197868,0.000110476
experiment_name,deb27494-4a62-4ba9-a165-dca255d665f2,function_transfer_time,1779123739.2990677,0.000032055
experiment_name,deb27494-4a62-4ba9-a165-dca255d665f2,function_transfer_time,1779123739.400467,0.000101176
experiment_name,deb27494-4a62-4ba9-a165-dca255d665f2,function_transfer_time,1779123739.5017729,0.00008834
experiment_name,deb27494-4a62-4ba9-a165-dca255d665f2,function_transfer_time,1779123739.6030774,0.000035504
experiment_name,156357c9-70f8-4496-9aa2-5ad9535f7129,function_transfer_time,1779123734.6435955,0.000014329
experiment_name,156357c9-70f8-4496-9aa2-5ad9535f7129,function_transfer_time,1779123734.744864,0.000024769
experiment_name,156357c9-70f8-4496-9aa2-5ad9535f7129,function_transfer_time,1779123734.8461637,0.000075716
experiment_name,156357c9-70f8-4496-9aa2-5ad9535f7129,function_transfer_time,1779123734.9475217,0.000032286
experiment_name,156357c9-70f8-4496-9aa2-5ad9535f7129,function_transfer_time,1779123735.0489063,0.000072998
experiment_name,156357c9-70f8-4496-9aa2-5ad9535f7129,function_transfer_time,1779123735.1502457,0.000083342
experiment_name,156357c9-70f8-4496-9aa2-5ad9535f7129,function_transfer_time,1779123735.251542,0.000076997
experiment_name,156357c9-70f8-4496-9aa2-5ad9535f7129,function_transfer_time,1779123735.3528776,0.000080654
experiment_name,156357c9-70f8-4496-9aa2-5ad9535f7129,function_transfer_time,1779123735.4542246,0.000083951
experiment_name,156357c9-70f8-4496-9aa2-5ad9535f7129,function_transfer_time,1779123735.5555322,0.000078613
experiment_name,156357c9-70f8-4496-9aa2-5ad9535f7129,function_transfer_time,1779123735.656892,0.000034412
experiment_name,156357c9-70f8-4496-9aa2-5ad9535f7129,function_transfer_time,1779123735.7581422,0.000024861
experiment_name,156357c9-70f8-4496-9aa2-5ad9535f7129,function_transfer_time,1779123735.8594208,0.000023522
experiment_name,156357c9-70f8-4496-9aa2-5ad9535f7129,function_transfer_time,1779123735.9607313,0.000077199
experiment_name,156357c9-70f8-4496-9aa2-5ad9535f7129,function_transfer_time,1779123736.0619962,0.000024665
experiment_name,156357c9-70f8-4496-9aa2-5ad9535f7129,function_transfer_time,1779123736.1622562,0.000022435
experiment_name,156357c9-70f8-4496-9aa2-5ad9535f7129,function_transfer_time,1779123736.263497,0.000021104
experiment_name,156357c9-70f8-4496-9aa2-5ad9535f7129,function_transfer_time,1779123736.3647707,0.000021879
experiment_name,156357c9-70f8-4496-9aa2-5ad9535f7129,function_transfer_time,1779123736.4659965,0.000021531
experiment_name,156357c9-70f8-4496-9aa2-5ad9535f7129,function_transfer_time,1779123736.5663228,0.000083482
experiment_name,156357c9-70f8-4496-9aa2-5ad9535f7129,function_transfer_time,1779123736.66772,0.000084568
experiment_name,156357c9-70f8-4496-9aa2-5ad9535f7129,function_transfer_time,1779123736.7690356,0.000077833
experiment_name,156357c9-70f8-4496-9aa2-5ad9535f7129,function_transfer_time,1779123736.8693588,0.000084162
experiment_name,156357c9-70f8-4496-9aa2-5ad9535f7129,function_transfer_time,1779123736.9706874,0.000087927
experiment_name,156357c9-70f8-4496-9aa2-5ad9535f7129,function_transfer_time,1779123737.0720012,0.000084033
experiment_name,156357c9-70f8-4496-9aa2-5ad9535f7129,function_transfer_time,1779123737.173297,0.000081049
experiment_name,156357c9-70f8-4496-9aa2-5ad9535f7129,function_transfer_time,1779123737.2746124,0.000078507
experiment_name,156357c9-70f8-4496-9aa2-5ad9535f7129,function_transfer_time,1779123737.3759263,0.000081651
experiment_name,156357c9-70f8-4496-9aa2-5ad9535f7129,function_transfer_time,1779123737.4772344,0.000077702
experiment_name,156357c9-70f8-4496-9aa2-5ad9535f7129,function_transfer_time,1779123737.5785697,0.000082653
experiment_name,156357c9-70f8-4496-9aa2-5ad9535f7129,function_transfer_time,1779123737.6799166,0.000080779
experiment_name,156357c9-70f8-4496-9aa2-5ad9535f7129,function_transfer_time,1779123737.7812548,0.000086632
experiment_name,156357c9-70f8-4496-9aa2-5ad9535f7129,function_transfer_time,1779123737.8825288,0.000079318
experiment_name,156357c9-70f8-4496-9aa2-5ad9535f7129,function_transfer_time,1779123737.9838462,0.000078863
experiment_name,156357c9-70f8-4496-9aa2-5ad9535f7129,function_transfer_time,1779123738.0851605,0.000078453
experiment_name,156357c9-70f8-4496-9aa2-5ad9535f7129,function_transfer_time,1779123738.1864624,0.000092399
experiment_name,156357c9-70f8-4496-9aa2-5ad9535f7129,function_transfer_time,1779123738.2877808,0.000083539
experiment_name,156357c9-70f8-4496-9aa2-5ad9535f7129,function_transfer_time,1779123738.3890986,0.000079758
experiment_name,156357c9-70f8-4496-9aa2-5ad9535f7129,function_transfer_time,1779123738.4904037,0.000081583
experiment_name,156357c9-70f8-4496-9aa2-5ad9535f7129,function_transfer_time,1779123738.5917392,0.000080085
experiment_name,156357c9-70f8-4496-9aa2-5ad9535f7129,function_transfer_time,1779123738.69303,0.000023087
experiment_name,156357c9-70f8-4496-9aa2-5ad9535f7129,function_transfer_time,1779123738.7934685,0.000039848
experiment_name,156357c9-70f8-4496-9aa2-5ad9535f7129,function_transfer_time,1779123738.8947172,0.000021271
experiment_name,156357c9-70f8-4496-9aa2-5ad9535f7129,function_transfer_time,1779123738.9960494,0.000083561
experiment_name,156357c9-70f8-4496-9aa2-5ad9535f7129,function_transfer_time,1779123739.0963643,0.000082376
experiment_name,156357c9-70f8-4496-9aa2-5ad9535f7129,function_transfer_time,1779123739.1976986,0.000080199
experiment_name,156357c9-70f8-4496-9aa2-5ad9535f7129,function_transfer_time,1779123739.2989721,0.000022653
experiment_name,156357c9-70f8-4496-9aa2-5ad9535f7129,function_transfer_time,1779123739.4002976,0.00009886
experiment_name,156357c9-70f8-4496-9aa2-5ad9535f7129,function_transfer_time,1779123739.501606,0.000029476
experiment_name,156357c9-70f8-4496-9aa2-5ad9535f7129,function_transfer_time,1779123739.6029224,0.000085499
experiment_name,deb27494-4a62-4ba9-a165-dca255d665f2,function_execution_time,1779123739.7045028,0.000068174
experiment_name,deb27494-4a62-4ba9-a165-dca255d665f2,function_execution_time,1779123739.8057544,0.000057165
experiment_name,deb27494-4a62-4ba9-a165-dca255d665f2,function_execution_time,1779123739.9072182,0.000061908
experiment_name,deb27494-4a62-4ba9-a165-dca255d665f2,function_execution_time,1779123740.00756,0.000062428
experiment_name,deb27494-4a62-4ba9-a165-dca255d665f2,function_execution_time,1779123740.1088164,0.0000745
experiment_name,deb27494-4a62-4ba9-a165-dca255d665f2,function_execution_time,1779123740.2101738,0.000061295
experiment_name,deb27494-4a62-4ba9-a165-dca255d665f2,function_execution_time,1779123740.3114762,0.000073117
experiment_name,deb27494-4a62-4ba9-a165-dca255d665f2,function_execution_time,1779123740.4127996,0.00007397
experiment_name,deb27494-4a62-4ba9-a165-dca255d665f2,function_execution_time,1779123740.5141094,0.000057843
experiment_name,deb27494-4a62-4ba9-a165-dca255d665f2,function_execution_time,1779123740.615419,0.000057589
experiment_name,deb27494-4a62-4ba9-a165-dca255d665f2,function_execution_time,1779123740.7168102,0.000057053
experiment_name,deb27494-4a62-4ba9-a165-dca255d665f2,function_execution_time,1779123740.8181558,0.000073077
experiment_name,deb27494-4a62-4ba9-a165-dca255d665f2,function_execution_time,1779123740.9194875,0.000076421
experiment_name,deb27494-4a62-4ba9-a165-dca255d665f2,function_execution_time,1779123741.020834,0.000060261
experiment_name,deb27494-4a62-4ba9-a165-dca255d665f2,function_execution_time,1779123741.12213,0.000057806
experiment_name,deb27494-4a62-4ba9-a165-dca255d665f2,function_execution_time,1779123741.2234907,0.000072557
experiment_name,deb27494-4a62-4ba9-a165-dca255d665f2,function_execution_time,1779123741.3247845,0.000064618
experiment_name,deb27494-4a62-4ba9-a165-dca255d665f2,function_execution_time,1779123741.4261076,0.00005648
experiment_name,deb27494-4a62-4ba9-a165-dca255d665f2,function_execution_time,1779123741.5274181,0.00005596
experiment_name,deb27494-4a62-4ba9-a165-dca255d665f2,function_execution_time,1779123741.6287255,0.000055449
experiment_name,deb27494-4a62-4ba9-a165-dca255d665f2,function_execution_time,1779123741.7301323,0.000064905
experiment_name,deb27494-4a62-4ba9-a165-dca255d665f2,function_execution_time,1779123741.831456,0.00005715
experiment_name,deb27494-4a62-4ba9-a165-dca255d665f2,function_execution_time,1779123741.9327734,0.000056978
experiment_name,deb27494-4a62-4ba9-a165-dca255d665f2,function_execution_time,1779123742.034103,0.000058332
experiment_name,deb27494-4a62-4ba9-a165-dca255d665f2,function_execution_time,1779123742.135371,0.000083163
experiment_name,deb27494-4a62-4ba9-a165-dca255d665f2,function_execution_time,1779123742.2366464,0.000074491
experiment_name,deb27494-4a62-4ba9-a165-dca255d665f2,function_execution_time,1779123742.3378644,0.000063378
experiment_name,deb27494-4a62-4ba9-a165-dca255d665f2,function_execution_time,1779123742.4392698,0.000063387
experiment_name,deb27494-4a62-4ba9-a165-dca255d665f2,function_execution_time,1779123742.5394883,0.000068131
experiment_name,deb27494-4a62-4ba9-a165-dca255d665f2,function_execution_time,1779123742.6408827,0.000069315
experiment_name,deb27494-4a62-4ba9-a165-dca255d665f2,function_execution_time,1779123742.7421553,0.000057511
experiment_name,deb27494-4a62-4ba9-a165-dca255d665f2,function_execution_time,1779123742.843466,0.000072741
experiment_name,deb27494-4a62-4ba9-a165-dca255d665f2,function_execution_time,1779123742.9447258,0.000057757
experiment_name,deb27494-4a62-4ba9-a165-dca255d665f2,function_execution_time,1779123743.0459702,0.000057562
experiment_name,deb27494-4a62-4ba9-a165-dca255d665f2,function_execution_time,1779123743.1472447,0.000064891
experiment_name,deb27494-4a62-4ba9-a165-dca255d665f2,function_execution_time,1779123743.2475188,0.000059662
experiment_name,deb27494-4a62-4ba9-a165-dca255d665f2,function_execution_time,1779123743.3487608,0.000057122
experiment_name,deb27494-4a62-4ba9-a165-dca255d665f2,function_execution_time,1779123743.4499888,0.000059118
experiment_name,deb27494-4a62-4ba9-a165-dca255d665f2,function_execution_time,1779123743.5512652,0.000063402
experiment_name,deb27494-4a62-4ba9-a165-dca255d665f2,function_execution_time,1779123743.6515312,0.000058635
experiment_name,deb27494-4a62-4ba9-a165-dca255d665f2,function_execution_time,1779123743.752886,0.000057641
experiment_name,deb27494-4a62-4ba9-a165-dca255d665f2,function_execution_time,1779123743.8542206,0.000056122
experiment_name,deb27494-4a62-4ba9-a165-dca255d665f2,function_execution_time,1779123743.9546943,0.000063716
experiment_name,deb27494-4a62-4ba9-a165-dca255d665f2,function_execution_time,1779123744.0559945,0.000057949
experiment_name,deb27494-4a62-4ba9-a165-dca255d665f2,function_execution_time,1779123744.1573577,0.000071389
experiment_name,deb27494-4a62-4ba9-a165-dca255d665f2,function_execution_time,1779123744.2586467,0.000064985
experiment_name,deb27494-4a62-4ba9-a165-dca255d665f2,function_execution_time,1779123744.3599818,0.000065366
experiment_name,deb27494-4a62-4ba9-a165-dca255d665f2,function_execution_time,1779123744.4612825,0.000064304
experiment_name,deb27494-4a62-4ba9-a165-dca255d665f2,function_execution_time,1779123744.5616548,0.000065626
experiment_name,156357c9-70f8-4496-9aa2-5ad9535f7129,function_execution_time,1779123739.7043421,0.000081304
experiment_name,156357c9-70f8-4496-9aa2-5ad9535f7129,function_execution_time,1779123739.8056314,0.000077966
experiment_name,156357c9-70f8-4496-9aa2-5ad9535f7129,function_execution_time,1779123739.9070697,0.000072905
experiment_name,156357c9-70f8-4496-9aa2-5ad9535f7129,function_execution_time,1779123740.007408,0.000073406
experiment_name,156357c9-70f8-4496-9aa2-5ad9535f7129,function_execution_time,1779123740.1086974,0.000074844
experiment_name,156357c9-70f8-4496-9aa2-5ad9535f7129,function_execution_time,1779123740.2100883,0.000086157
experiment_name,156357c9-70f8-4496-9aa2-5ad9535f7129,function_execution_time,1779123740.3113706,0.000078268
experiment_name,156357c9-70f8-4496-9aa2-5ad9535f7129,function_execution_time,1779123740.4126294,0.000073059
experiment_name,156357c9-70f8-4496-9aa2-5ad9535f7129,function_execution_time,1779123740.513971,0.000082722
experiment_name,156357c9-70f8-4496-9aa2-5ad9535f7129,function_execution_time,1779123740.6153607,0.000155252
experiment_name,156357c9-70f8-4496-9aa2-5ad9535f7129,function_execution_time,1779123740.7166536,0.000077319
experiment_name,156357c9-70f8-4496-9aa2-5ad9535f7129,function_execution_time,1779123740.81798,0.000083949
experiment_name,156357c9-70f8-4496-9aa2-5ad9535f7129,function_execution_time,1779123740.9193149,0.000073001
experiment_name,156357c9-70f8-4496-9aa2-5ad9535f7129,function_execution_time,1779123741.0206811,0.000075348
experiment_name,156357c9-70f8-4496-9aa2-5ad9535f7129,function_execution_time,1779123741.1220434,0.00008076
experiment_name,156357c9-70f8-4496-9aa2-5ad9535f7129,function_execution_time,1779123741.2233193,0.00008651
experiment_name,156357c9-70f8-4496-9aa2-5ad9535f7129,function_execution_time,1779123741.324621,0.000075108
experiment_name,156357c9-70f8-4496-9aa2-5ad9535f7129,function_execution_time,1779123741.4259553,0.000070429
experiment_name,156357c9-70f8-4496-9aa2-5ad9535f7129,function_execution_time,1779123741.5272703,0.000078776
experiment_name,156357c9-70f8-4496-9aa2-5ad9535f7129,function_execution_time,1779123741.6286573,0.000140414
experiment_name,156357c9-70f8-4496-9aa2-5ad9535f7129,function_execution_time,1779123741.7299662,0.000071968
experiment_name,156357c9-70f8-4496-9aa2-5ad9535f7129,function_execution_time,1779123741.8312871,0.0000735
experiment_name,156357c9-70f8-4496-9aa2-5ad9535f7129,function_execution_time,1779123741.9326265,0.000080238
experiment_name,156357c9-70f8-4496-9aa2-5ad9535f7129,function_execution_time,1779123742.0339472,0.000076102
experiment_name,156357c9-70f8-4496-9aa2-5ad9535f7129,function_execution_time,1779123742.1353264,0.000080419
experiment_name,156357c9-70f8-4496-9aa2-5ad9535f7129,function_execution_time,1779123742.236531,0.000083199
experiment_name,156357c9-70f8-4496-9aa2-5ad9535f7129,function_execution_time,1779123742.3378022,0.00008654
experiment_name,156357c9-70f8-4496-9aa2-5ad9535f7129,function_execution_time,1779123742.4390914,0.000070412
experiment_name,156357c9-70f8-4496-9aa2-5ad9535f7129,function_execution_time,1779123742.5394163,0.0000832
experiment_name,156357c9-70f8-4496-9aa2-5ad9535f7129,function_execution_time,1779123742.6408014,0.000156936
experiment_name,156357c9-70f8-4496-9aa2-5ad9535f7129,function_execution_time,1779123742.7420714,0.000075923
experiment_name,156357c9-70f8-4496-9aa2-5ad9535f7129,function_execution_time,1779123742.8433697,0.0000759
experiment_name,156357c9-70f8-4496-9aa2-5ad9535f7129,function_execution_time,1779123742.9445684,0.000079287
experiment_name,156357c9-70f8-4496-9aa2-5ad9535f7129,function_execution_time,1779123743.0458174,0.000069464
experiment_name,156357c9-70f8-4496-9aa2-5ad9535f7129,function_execution_time,1779123743.1470869,0.000070569
experiment_name,156357c9-70f8-4496-9aa2-5ad9535f7129,function_execution_time,1779123743.2473488,0.00006985
experiment_name,156357c9-70f8-4496-9aa2-5ad9535f7129,function_execution_time,1779123743.3486867,0.000082067
experiment_name,156357c9-70f8-4496-9aa2-5ad9535f7129,function_execution_time,1779123743.449834,0.000075442
experiment_name,156357c9-70f8-4496-9aa2-5ad9535f7129,function_execution_time,1779123743.5511062,0.000069357
experiment_name,156357c9-70f8-4496-9aa2-5ad9535f7129,function_execution_time,1779123743.6514714,0.000163483
experiment_name,156357c9-70f8-4496-9aa2-5ad9535f7129,function_execution_time,1779123743.7527373,0.00007314
experiment_name,156357c9-70f8-4496-9aa2-5ad9535f7129,function_execution_time,1779123743.854072,0.000072672
experiment_name,156357c9-70f8-4496-9aa2-5ad9535f7129,function_execution_time,1779123743.9546158,0.000081513
experiment_name,156357c9-70f8-4496-9aa2-5ad9535f7129,function_execution_time,1779123744.0559106,0.00007856
experiment_name,156357c9-70f8-4496-9aa2-5ad9535f7129,function_execution_time,1779123744.1572375,0.000076566
experiment_name,156357c9-70f8-4496-9aa2-5ad9535f7129,function_execution_time,1779123744.258554,0.000086176
experiment_name,156357c9-70f8-4496-9aa2-5ad9535f7129,function_execution_time,1779123744.3598235,0.000078373
experiment_name,156357c9-70f8-4496-9aa2-5ad9535f7129,function_execution_time,1779123744.4611332,0.000072097
experiment_name,156357c9-70f8-4496-9aa2-5ad9535f7129,function_execution_time,1779123744.5614843,0.000086459
experiment_name,156357c9-70f8-4496-9aa2-5ad9535f7129,function_transfer_time,1779123739.7042582,0.000075816
experiment_name,156357c9-70f8-4496-9aa2-5ad9535f7129,function_transfer_time,1779123739.8055522,0.00002643
experiment_name,156357c9-70f8-4496-9aa2-5ad9535f7129,function_transfer_time,1779123739.9069915,0.000080059
experiment_name,156357c9-70f8-4496-9aa2-5ad9535f7129,function_transfer_time,1779123740.0073252,0.000078574
experiment_name,156357c9-70f8-4496-9aa2-5ad9535f7129,function_transfer_time,1779123740.108586,0.000024804
experiment_name,156357c9-70f8-4496-9aa2-5ad9535f7129,function_transfer_time,1779123740.2099466,0.000082852
experiment_name,156357c9-70f8-4496-9aa2-5ad9535f7129,function_transfer_time,1779123740.3112392,0.000073325
experiment_name,156357c9-70f8-4496-9aa2-5ad9535f7129,function_transfer_time,1779123740.4125473,0.000090266
experiment_name,156357c9-70f8-4496-9aa2-5ad9535f7129,function_transfer_time,1779123740.5138843,0.00007846
experiment_name,156357c9-70f8-4496-9aa2-5ad9535f7129,function_transfer_time,1779123740.6151886,0.000080118
experiment_name,156357c9-70f8-4496-9aa2-5ad9535f7129,function_transfer_time,1779123740.7165775,0.000079796
experiment_name,156357c9-70f8-4496-9aa2-5ad9535f7129,function_transfer_time,1779123740.8178983,0.000085014
experiment_name,156357c9-70f8-4496-9aa2-5ad9535f7129,function_transfer_time,1779123740.919231,0.000081326
experiment_name,156357c9-70f8-4496-9aa2-5ad9535f7129,function_transfer_time,1779123741.020598,0.000085881
experiment_name,156357c9-70f8-4496-9aa2-5ad9535f7129,function_transfer_time,1779123741.1219134,0.0000763
experiment_name,156357c9-70f8-4496-9aa2-5ad9535f7129,function_transfer_time,1779123741.2232301,0.000078748
experiment_name,156357c9-70f8-4496-9aa2-5ad9535f7129,function_transfer_time,1779123741.3245459,0.00008545
experiment_name,156357c9-70f8-4496-9aa2-5ad9535f7129,function_transfer_time,1779123741.42587,0.00007676
experiment_name,156357c9-70f8-4496-9aa2-5ad9535f7129,function_transfer_time,1779123741.5271869,0.000078961
experiment_name,156357c9-70f8-4496-9aa2-5ad9535f7129,function_transfer_time,1779123741.6285133,0.000081726
experiment_name,156357c9-70f8-4496-9aa2-5ad9535f7129,function_transfer_time,1779123741.7298896,0.000082888
experiment_name,156357c9-70f8-4496-9aa2-5ad9535f7129,function_transfer_time,1779123741.831195,0.000075044
experiment_name,156357c9-70f8-4496-9aa2-5ad9535f7129,function_transfer_time,1779123741.9325418,0.000078746
experiment_name,156357c9-70f8-4496-9aa2-5ad9535f7129,function_transfer_time,1779123742.0338552,0.000081263
experiment_name,156357c9-70f8-4496-9aa2-5ad9535f7129,function_transfer_time,1779123742.1351829,0.000078405
experiment_name,156357c9-70f8-4496-9aa2-5ad9535f7129,function_transfer_time,1779123742.236448,0.000029272
experiment_name,156357c9-70f8-4496-9aa2-5ad9535f7129,function_transfer_time,1779123742.3377042,0.00002361
experiment_name,156357c9-70f8-4496-9aa2-5ad9535f7129,function_transfer_time,1779123742.439008,0.000075321
experiment_name,156357c9-70f8-4496-9aa2-5ad9535f7129,function_transfer_time,1779123742.5393205,0.000080485
experiment_name,156357c9-70f8-4496-9aa2-5ad9535f7129,function_transfer_time,1779123742.6406388,0.000082611
experiment_name,156357c9-70f8-4496-9aa2-5ad9535f7129,function_transfer_time,1779123742.7419455,0.000023314
experiment_name,156357c9-70f8-4496-9aa2-5ad9535f7129,function_transfer_time,1779123742.8432364,0.000076174
experiment_name,156357c9-70f8-4496-9aa2-5ad9535f7129,function_transfer_time,1779123742.944489,0.000022708
experiment_name,156357c9-70f8-4496-9aa2-5ad9535f7129,function_transfer_time,1779123743.0457377,0.000021437
experiment_name,156357c9-70f8-4496-9aa2-5ad9535f7129,function_transfer_time,1779123743.1470118,0.000019745
experiment_name,156357c9-70f8-4496-9aa2-5ad9535f7129,function_transfer_time,1779123743.2472641,0.000019245
experiment_name,156357c9-70f8-4496-9aa2-5ad9535f7129,function_transfer_time,1779123743.3485358,0.000018519
experiment_name,156357c9-70f8-4496-9aa2-5ad9535f7129,function_transfer_time,1779123743.449759,0.000022511
experiment_name,156357c9-70f8-4496-9aa2-5ad9535f7129,function_transfer_time,1779123743.5510297,0.000020045
experiment_name,156357c9-70f8-4496-9aa2-5ad9535f7129,function_transfer_time,1779123743.6513,0.000022567
experiment_name,156357c9-70f8-4496-9aa2-5ad9535f7129,function_transfer_time,1779123743.7526548,0.000079699
experiment_name,156357c9-70f8-4496-9aa2-5ad9535f7129,function_transfer_time,1779123743.8539999,0.000083563
experiment_name,156357c9-70f8-4496-9aa2-5ad9535f7129,function_transfer_time,1779123743.9544666,0.000091393
experiment_name,156357c9-70f8-4496-9aa2-5ad9535f7129,function_transfer_time,1779123744.055782,0.000080627
experiment_name,156357c9-70f8-4496-9aa2-5ad9535f7129,function_transfer_time,1779123744.1571083,0.000079467
experiment_name,156357c9-70f8-4496-9aa2-5ad9535f7129,function_transfer_time,1779123744.2584038,0.000081863
experiment_name,156357c9-70f8-4496-9aa2-5ad9535f7129,function_transfer_time,1779123744.3597405,0.000082229
experiment_name,156357c9-70f8-4496-9aa2-5ad9535f7129,function_transfer_time,1779123744.4610586,0.000082279
experiment_name,156357c9-70f8-4496-9aa2-5ad9535f7129,function_transfer_time,1779123744.5614002,0.000080093
experiment_name,deb27494-4a62-4ba9-a165-dca255d665f2,function_transfer_time,1779123739.7044349,0.000104048
experiment_name,deb27494-4a62-4ba9-a165-dca255d665f2,function_transfer_time,1779123739.8056896,0.000086124
experiment_name,deb27494-4a62-4ba9-a165-dca255d665f2,function_transfer_time,1779123739.9071534,0.000099496
experiment_name,deb27494-4a62-4ba9-a165-dca255d665f2,function_transfer_time,1779123740.007493,0.000107944
experiment_name,deb27494-4a62-4ba9-a165-dca255d665f2,function_transfer_time,1779123740.108736,0.000086713
experiment_name,deb27494-4a62-4ba9-a165-dca255d665f2,function_transfer_time,1779123740.2101064,0.0000922
experiment_name,deb27494-4a62-4ba9-a165-dca255d665f2,function_transfer_time,1779123740.3113925,0.000096136
experiment_name,deb27494-4a62-4ba9-a165-dca255d665f2,function_transfer_time,1779123740.4127204,0.000111662
experiment_name,deb27494-4a62-4ba9-a165-dca255d665f2,function_transfer_time,1779123740.5140445,0.000094832
experiment_name,deb27494-4a62-4ba9-a165-dca255d665f2,function_transfer_time,1779123740.6153567,0.000036182
experiment_name,deb27494-4a62-4ba9-a165-dca255d665f2,function_transfer_time,1779123740.7167492,0.000107688
experiment_name,deb27494-4a62-4ba9-a165-dca255d665f2,function_transfer_time,1779123740.8180773,0.000115429
experiment_name,deb27494-4a62-4ba9-a165-dca255d665f2,function_transfer_time,1779123740.919406,0.000112378
experiment_name,deb27494-4a62-4ba9-a165-dca255d665f2,function_transfer_time,1779123741.0207696,0.000107812
experiment_name,deb27494-4a62-4ba9-a165-dca255d665f2,function_transfer_time,1779123741.1220646,0.000091604
experiment_name,deb27494-4a62-4ba9-a165-dca255d665f2,function_transfer_time,1779123741.2234085,0.000110842
experiment_name,deb27494-4a62-4ba9-a165-dca255d665f2,function_transfer_time,1779123741.3247166,0.000108801
experiment_name,deb27494-4a62-4ba9-a165-dca255d665f2,function_transfer_time,1779123741.426045,0.000110929
experiment_name,deb27494-4a62-4ba9-a165-dca255d665f2,function_transfer_time,1779123741.5273578,0.000111351
experiment_name,deb27494-4a62-4ba9-a165-dca255d665f2,function_transfer_time,1779123741.6286604,0.000037208
experiment_name,deb27494-4a62-4ba9-a165-dca255d665f2,function_transfer_time,1779123741.7300627,0.00011185
experiment_name,deb27494-4a62-4ba9-a165-dca255d665f2,function_transfer_time,1779123741.8313808,0.000119996
experiment_name,deb27494-4a62-4ba9-a165-dca255d665f2,function_transfer_time,1779123741.9327126,0.000102886
experiment_name,deb27494-4a62-4ba9-a165-dca255d665f2,function_transfer_time,1779123742.0340414,0.000125124
experiment_name,deb27494-4a62-4ba9-a165-dca255d665f2,function_transfer_time,1779123742.1353302,0.000039218
experiment_name,deb27494-4a62-4ba9-a165-dca255d665f2,function_transfer_time,1779123742.2365685,0.000058609
experiment_name,deb27494-4a62-4ba9-a165-dca255d665f2,function_transfer_time,1779123742.3377984,0.00003058
experiment_name,deb27494-4a62-4ba9-a165-dca255d665f2,function_transfer_time,1779123742.4392,0.00013275
experiment_name,deb27494-4a62-4ba9-a165-dca255d665f2,function_transfer_time,1779123742.5394123,0.000030037
experiment_name,deb27494-4a62-4ba9-a165-dca255d665f2,function_transfer_time,1779123742.640804,0.000035937
experiment_name,deb27494-4a62-4ba9-a165-dca255d665f2,function_transfer_time,1779123742.7420921,0.000087492
experiment_name,deb27494-4a62-4ba9-a165-dca255d665f2,function_transfer_time,1779123742.8433843,0.000093815
experiment_name,deb27494-4a62-4ba9-a165-dca255d665f2,function_transfer_time,1779123742.9446642,0.000114536
experiment_name,deb27494-4a62-4ba9-a165-dca255d665f2,function_transfer_time,1779123743.045908,0.000109665
experiment_name,deb27494-4a62-4ba9-a165-dca255d665f2,function_transfer_time,1779123743.1471753,0.000102923
experiment_name,deb27494-4a62-4ba9-a165-dca255d665f2,function_transfer_time,1779123743.247455,0.000120047
experiment_name,deb27494-4a62-4ba9-a165-dca255d665f2,function_transfer_time,1779123743.34869,0.000098558
experiment_name,deb27494-4a62-4ba9-a165-dca255d665f2,function_transfer_time,1779123743.4499264,0.00010343
experiment_name,deb27494-4a62-4ba9-a165-dca255d665f2,function_transfer_time,1779123743.5511975,0.000107393
experiment_name,deb27494-4a62-4ba9-a165-dca255d665f2,function_transfer_time,1779123743.6514673,0.000037482
experiment_name,deb27494-4a62-4ba9-a165-dca255d665f2,function_transfer_time,1779123743.7528174,0.000108333
experiment_name,deb27494-4a62-4ba9-a165-dca255d665f2,function_transfer_time,1779123743.854161,0.000100439
experiment_name,deb27494-4a62-4ba9-a165-dca255d665f2,function_transfer_time,1779123743.9546192,0.000102199
experiment_name,deb27494-4a62-4ba9-a165-dca255d665f2,function_transfer_time,1779123744.055931,0.000089942
experiment_name,deb27494-4a62-4ba9-a165-dca255d665f2,function_transfer_time,1779123744.1572773,0.000108636
experiment_name,deb27494-4a62-4ba9-a165-dca255d665f2,function_transfer_time,1779123744.258574,0.000102161
experiment_name,deb27494-4a62-4ba9-a165-dca255d665f2,function_transfer_time,1779123744.3599124,0.000104838
experiment_name,deb27494-4a62-4ba9-a165-dca255d665f2,function_transfer_time,1779123744.4612079,0.000098028
experiment_name,deb27494-4a62-4ba9-a165-dca255d665f2,function_transfer_time,1779123744.561584,0.000109746
experiment_name,156357c9-70f8-4496-9aa2-5ad9535f7129,function_execution_time,1779123744.6630187,0.000159659
experiment_name,156357c9-70f8-4496-9aa2-5ad9535f7129,function_execution_time,1779123744.764289,0.000069773
experiment_name,156357c9-70f8-4496-9aa2-5ad9535f7129,function_execution_time,1779123744.8656144,0.000074292
experiment_name,156357c9-70f8-4496-9aa2-5ad9535f7129,function_execution_time,1779123744.9669259,0.000072417
experiment_name,156357c9-70f8-4496-9aa2-5ad9535f7129,function_execution_time,1779123745.0683439,0.000083941
experiment_name,156357c9-70f8-4496-9aa2-5ad9535f7129,function_execution_time,1779123745.1696508,0.00008043
experiment_name,156357c9-70f8-4496-9aa2-5ad9535f7129,function_execution_time,1779123745.2709098,0.000070538
experiment_name,156357c9-70f8-4496-9aa2-5ad9535f7129,function_execution_time,1779123745.3722594,0.000080879
experiment_name,156357c9-70f8-4496-9aa2-5ad9535f7129,function_execution_time,1779123745.473571,0.000069469
experiment_name,156357c9-70f8-4496-9aa2-5ad9535f7129,function_execution_time,1779123745.5749166,0.000071167
experiment_name,156357c9-70f8-4496-9aa2-5ad9535f7129,function_execution_time,1779123745.676331,0.000166066
experiment_name,156357c9-70f8-4496-9aa2-5ad9535f7129,function_execution_time,1779123745.7777448,0.000121272
experiment_name,156357c9-70f8-4496-9aa2-5ad9535f7129,function_execution_time,1779123745.8789861,0.000077616
experiment_name,156357c9-70f8-4496-9aa2-5ad9535f7129,function_execution_time,1779123745.9803143,0.000075727
experiment_name,156357c9-70f8-4496-9aa2-5ad9535f7129,function_execution_time,1779123746.0816634,0.000082923
experiment_name,156357c9-70f8-4496-9aa2-5ad9535f7129,function_execution_time,1779123746.1830227,0.000079402
experiment_name,156357c9-70f8-4496-9aa2-5ad9535f7129,function_execution_time,1779123746.284293,0.000071134
experiment_name,156357c9-70f8-4496-9aa2-5ad9535f7129,function_execution_time,1779123746.3856137,0.000072107
experiment_name,156357c9-70f8-4496-9aa2-5ad9535f7129,function_execution_time,1779123746.4870126,0.000082477
experiment_name,156357c9-70f8-4496-9aa2-5ad9535f7129,function_execution_time,1779123746.588283,0.000074093
experiment_name,156357c9-70f8-4496-9aa2-5ad9535f7129,function_execution_time,1779123746.6896873,0.000145462
experiment_name,156357c9-70f8-4496-9aa2-5ad9535f7129,function_execution_time,1779123746.7910516,0.000083179
experiment_name,156357c9-70f8-4496-9aa2-5ad9535f7129,function_execution_time,1779123746.8923469,0.00008035
experiment_name,156357c9-70f8-4496-9aa2-5ad9535f7129,function_execution_time,1779123746.9936097,0.000073062
experiment_name,156357c9-70f8-4496-9aa2-5ad9535f7129,function_execution_time,1779123747.0949218,0.000083261
experiment_name,156357c9-70f8-4496-9aa2-5ad9535f7129,function_execution_time,1779123747.1962392,0.000074538
experiment_name,156357c9-70f8-4496-9aa2-5ad9535f7129,function_execution_time,1779123747.297574,0.000071212
experiment_name,156357c9-70f8-4496-9aa2-5ad9535f7129,function_execution_time,1779123747.398883,0.000072342
experiment_name,156357c9-70f8-4496-9aa2-5ad9535f7129,function_execution_time,1779123747.500227,0.000082615
experiment_name,156357c9-70f8-4496-9aa2-5ad9535f7129,function_execution_time,1779123747.6016123,0.000081976
experiment_name,156357c9-70f8-4496-9aa2-5ad9535f7129,function_execution_time,1779123747.702944,0.000148838
experiment_name,156357c9-70f8-4496-9aa2-5ad9535f7129,function_execution_time,1779123747.8043356,0.000081521
experiment_name,156357c9-70f8-4496-9aa2-5ad9535f7129,function_execution_time,1779123747.9056685,0.000073172
experiment_name,156357c9-70f8-4496-9aa2-5ad9535f7129,function_execution_time,1779123748.0070236,0.000071677
experiment_name,156357c9-70f8-4496-9aa2-5ad9535f7129,function_execution_time,1779123748.1083264,0.000073917
experiment_name,156357c9-70f8-4496-9aa2-5ad9535f7129,function_execution_time,1779123748.2096546,0.000074883
experiment_name,156357c9-70f8-4496-9aa2-5ad9535f7129,function_execution_time,1779123748.3110492,0.000083609
experiment_name,156357c9-70f8-4496-9aa2-5ad9535f7129,function_execution_time,1779123748.4122944,0.000071532
experiment_name,156357c9-70f8-4496-9aa2-5ad9535f7129,function_execution_time,1779123748.5136244,0.000075937
experiment_name,156357c9-70f8-4496-9aa2-5ad9535f7129,function_execution_time,1779123748.6149478,0.000083573
experiment_name,156357c9-70f8-4496-9aa2-5ad9535f7129,function_execution_time,1779123748.7163048,0.000150517
experiment_name,156357c9-70f8-4496-9aa2-5ad9535f7129,function_execution_time,1779123748.8175783,0.000080159
experiment_name,156357c9-70f8-4496-9aa2-5ad9535f7129,function_execution_time,1779123748.9189792,0.000082487
experiment_name,156357c9-70f8-4496-9aa2-5ad9535f7129,function_execution_time,1779123749.0202522,0.000083845
experiment_name,156357c9-70f8-4496-9aa2-5ad9535f7129,function_execution_time,1779123749.1215687,0.00007145
experiment_name,156357c9-70f8-4496-9aa2-5ad9535f7129,function_execution_time,1779123749.2229145,0.000071882
experiment_name,156357c9-70f8-4496-9aa2-5ad9535f7129,function_execution_time,1779123749.3242228,0.000080988
experiment_name,156357c9-70f8-4496-9aa2-5ad9535f7129,function_execution_time,1779123749.4256115,0.00008005
experiment_name,156357c9-70f8-4496-9aa2-5ad9535f7129,function_execution_time,1779123749.526912,0.000116367
experiment_name,deb27494-4a62-4ba9-a165-dca255d665f2,function_execution_time,1779123744.6630764,0.000059238
experiment_name,deb27494-4a62-4ba9-a165-dca255d665f2,function_execution_time,1779123744.7644567,0.000058173
experiment_name,deb27494-4a62-4ba9-a165-dca255d665f2,function_execution_time,1779123744.865779,0.000073248
experiment_name,deb27494-4a62-4ba9-a165-dca255d665f2,function_execution_time,1779123744.9670715,0.000057509
experiment_name,deb27494-4a62-4ba9-a165-dca255d665f2,function_execution_time,1779123745.0684366,0.000058123
experiment_name,deb27494-4a62-4ba9-a165-dca255d665f2,function_execution_time,1779123745.169736,0.000057611
experiment_name,deb27494-4a62-4ba9-a165-dca255d665f2,function_execution_time,1779123745.2710578,0.000056964
experiment_name,deb27494-4a62-4ba9-a165-dca255d665f2,function_execution_time,1779123745.3723636,0.000066703
experiment_name,deb27494-4a62-4ba9-a165-dca255d665f2,function_execution_time,1779123745.4737191,0.00005741
experiment_name,deb27494-4a62-4ba9-a165-dca255d665f2,function_execution_time,1779123745.5750713,0.000057636
experiment_name,deb27494-4a62-4ba9-a165-dca255d665f2,function_execution_time,1779123745.6763868,0.000056377
experiment_name,deb27494-4a62-4ba9-a165-dca255d665f2,function_execution_time,1779123745.7778392,0.000065728
experiment_name,deb27494-4a62-4ba9-a165-dca255d665f2,function_execution_time,1779123745.8791525,0.000058999
experiment_name,deb27494-4a62-4ba9-a165-dca255d665f2,function_execution_time,1779123745.9804826,0.00006866
experiment_name,deb27494-4a62-4ba9-a165-dca255d665f2,function_execution_time,1779123746.0818067,0.000055722
experiment_name,deb27494-4a62-4ba9-a165-dca255d665f2,function_execution_time,1779123746.183146,0.000073252
experiment_name,deb27494-4a62-4ba9-a165-dca255d665f2,function_execution_time,1779123746.2844775,0.000082117
experiment_name,deb27494-4a62-4ba9-a165-dca255d665f2,function_execution_time,1779123746.3857186,0.000068632
experiment_name,deb27494-4a62-4ba9-a165-dca255d665f2,function_execution_time,1779123746.487095,0.000057956
experiment_name,deb27494-4a62-4ba9-a165-dca255d665f2,function_execution_time,1779123746.5884492,0.000062647
experiment_name,deb27494-4a62-4ba9-a165-dca255d665f2,function_execution_time,1779123746.6897562,0.000065535
experiment_name,deb27494-4a62-4ba9-a165-dca255d665f2,function_execution_time,1779123746.7911377,0.00005974
experiment_name,deb27494-4a62-4ba9-a165-dca255d665f2,function_execution_time,1779123746.892458,0.000065427
experiment_name,deb27494-4a62-4ba9-a165-dca255d665f2,function_execution_time,1779123746.993759,0.000057971
experiment_name,deb27494-4a62-4ba9-a165-dca255d665f2,function_execution_time,1779123747.095074,0.000060038
experiment_name,deb27494-4a62-4ba9-a165-dca255d665f2,function_execution_time,1779123747.1963959,0.000065233
experiment_name,deb27494-4a62-4ba9-a165-dca255d665f2,function_execution_time,1779123747.2977235,0.000057426
experiment_name,deb27494-4a62-4ba9-a165-dca255d665f2,function_execution_time,1779123747.399038,0.000062951
experiment_name,deb27494-4a62-4ba9-a165-dca255d665f2,function_execution_time,1779123747.5003762,0.000058099
experiment_name,deb27494-4a62-4ba9-a165-dca255d665f2,function_execution_time,1779123747.6017041,0.000067019
experiment_name,deb27494-4a62-4ba9-a165-dca255d665f2,function_execution_time,1779123747.7030177,0.000060776
experiment_name,deb27494-4a62-4ba9-a165-dca255d665f2,function_execution_time,1779123747.8044817,0.000068852
experiment_name,deb27494-4a62-4ba9-a165-dca255d665f2,function_execution_time,1779123747.9058232,0.00006164
experiment_name,deb27494-4a62-4ba9-a165-dca255d665f2,function_execution_time,1779123748.0071783,0.000059931
experiment_name,deb27494-4a62-4ba9-a165-dca255d665f2,function_execution_time,1779123748.1085012,0.000076339
experiment_name,deb27494-4a62-4ba9-a165-dca255d665f2,function_execution_time,1779123748.2098489,0.000077867
experiment_name,deb27494-4a62-4ba9-a165-dca255d665f2,function_execution_time,1779123748.3111367,0.000063383
experiment_name,deb27494-4a62-4ba9-a165-dca255d665f2,function_execution_time,1779123748.4124851,0.000085501
experiment_name,deb27494-4a62-4ba9-a165-dca255d665f2,function_execution_time,1779123748.5137815,0.000059397
experiment_name,deb27494-4a62-4ba9-a165-dca255d665f2,function_execution_time,1779123748.6150992,0.000057914
experiment_name,deb27494-4a62-4ba9-a165-dca255d665f2,function_execution_time,1779123748.716373,0.000059264
experiment_name,deb27494-4a62-4ba9-a165-dca255d665f2,function_execution_time,1779123748.817753,0.000071098
experiment_name,deb27494-4a62-4ba9-a165-dca255d665f2,function_execution_time,1779123748.9190555,0.000058672
experiment_name,deb27494-4a62-4ba9-a165-dca255d665f2,function_execution_time,1779123749.0204191,0.000062616
experiment_name,deb27494-4a62-4ba9-a165-dca255d665f2,function_execution_time,1779123749.12172,0.000057555
experiment_name,deb27494-4a62-4ba9-a165-dca255d665f2,function_execution_time,1779123749.2230651,0.000058836
experiment_name,deb27494-4a62-4ba9-a165-dca255d665f2,function_execution_time,1779123749.3243213,0.00006313
experiment_name,deb27494-4a62-4ba9-a165-dca255d665f2,function_execution_time,1779123749.4256864,0.000057177
experiment_name,deb27494-4a62-4ba9-a165-dca255d665f2,function_execution_time,1779123749.5270562,0.000071225
experiment_name,deb27494-4a62-4ba9-a165-dca255d665f2,function_transfer_time,1779123744.6630135,0.000038044
experiment_name,deb27494-4a62-4ba9-a165-dca255d665f2,function_transfer_time,1779123744.7643764,0.000109344
experiment_name,deb27494-4a62-4ba9-a165-dca255d665f2,function_transfer_time,1779123744.8656943,0.000100694
experiment_name,deb27494-4a62-4ba9-a165-dca255d665f2,function_transfer_time,1779123744.967009,0.000099991
experiment_name,deb27494-4a62-4ba9-a165-dca255d665f2,function_transfer_time,1779123745.0683627,0.0001028
experiment_name,deb27494-4a62-4ba9-a165-dca255d665f2,function_transfer_time,1779123745.1696706,0.000098041
experiment_name,deb27494-4a62-4ba9-a165-dca255d665f2,function_transfer_time,1779123745.2709954,0.000119324
experiment_name,deb27494-4a62-4ba9-a165-dca255d665f2,function_transfer_time,1779123745.3722928,0.000058197
experiment_name,deb27494-4a62-4ba9-a165-dca255d665f2,function_transfer_time,1779123745.4736574,0.000108989
experiment_name,deb27494-4a62-4ba9-a165-dca255d665f2,function_transfer_time,1779123745.575009,0.000110793
experiment_name,deb27494-4a62-4ba9-a165-dca255d665f2,function_transfer_time,1779123745.6763265,0.000047294
experiment_name,deb27494-4a62-4ba9-a165-dca255d665f2,function_transfer_time,1779123745.7777667,0.000100756
experiment_name,deb27494-4a62-4ba9-a165-dca255d665f2,function_transfer_time,1779123745.87909,0.000119606
experiment_name,deb27494-4a62-4ba9-a165-dca255d665f2,function_transfer_time,1779123745.9804044,0.000109323
experiment_name,deb27494-4a62-4ba9-a165-dca255d665f2,function_transfer_time,1779123746.0817418,0.000107406
experiment_name,deb27494-4a62-4ba9-a165-dca255d665f2,function_transfer_time,1779123746.1830637,0.00010967
experiment_name,deb27494-4a62-4ba9-a165-dca255d665f2,function_transfer_time,1779123746.284384,0.000112433
experiment_name,deb27494-4a62-4ba9-a165-dca255d665f2,function_transfer_time,1779123746.38569,0.000050884
experiment_name,deb27494-4a62-4ba9-a165-dca255d665f2,function_transfer_time,1779123746.4870164,0.000103114
experiment_name,deb27494-4a62-4ba9-a165-dca255d665f2,function_transfer_time,1779123746.58837,0.000099015
experiment_name,deb27494-4a62-4ba9-a165-dca255d665f2,function_transfer_time,1779123746.6896832,0.000034759
experiment_name,deb27494-4a62-4ba9-a165-dca255d665f2,function_transfer_time,1779123746.7910714,0.000104331
experiment_name,deb27494-4a62-4ba9-a165-dca255d665f2,function_transfer_time,1779123746.8923655,0.000097834
experiment_name,deb27494-4a62-4ba9-a165-dca255d665f2,function_transfer_time,1779123746.993698,0.000099801
experiment_name,deb27494-4a62-4ba9-a165-dca255d665f2,function_transfer_time,1779123747.0950098,0.00010695
experiment_name,deb27494-4a62-4ba9-a165-dca255d665f2,function_transfer_time,1779123747.196326,0.000099237
experiment_name,deb27494-4a62-4ba9-a165-dca255d665f2,function_transfer_time,1779123747.2976618,0.000109382
experiment_name,deb27494-4a62-4ba9-a165-dca255d665f2,function_transfer_time,1779123747.3989704,0.000101713
experiment_name,deb27494-4a62-4ba9-a165-dca255d665f2,function_transfer_time,1779123747.5003138,0.000099844
experiment_name,deb27494-4a62-4ba9-a165-dca255d665f2,function_transfer_time,1779123747.6016304,0.000103956
experiment_name,deb27494-4a62-4ba9-a165-dca255d665f2,function_transfer_time,1779123747.7029474,0.000037897
experiment_name,deb27494-4a62-4ba9-a165-dca255d665f2,function_transfer_time,1779123747.8044102,0.000101149
experiment_name,deb27494-4a62-4ba9-a165-dca255d665f2,function_transfer_time,1779123747.9057636,0.000108556
experiment_name,deb27494-4a62-4ba9-a165-dca255d665f2,function_transfer_time,1779123748.0071137,0.000109895
experiment_name,deb27494-4a62-4ba9-a165-dca255d665f2,function_transfer_time,1779123748.108414,0.000099796
experiment_name,deb27494-4a62-4ba9-a165-dca255d665f2,function_transfer_time,1779123748.2097611,0.000117085
experiment_name,deb27494-4a62-4ba9-a165-dca255d665f2,function_transfer_time,1779123748.3110666,0.00010309
experiment_name,deb27494-4a62-4ba9-a165-dca255d665f2,function_transfer_time,1779123748.412387,0.0001117
experiment_name,deb27494-4a62-4ba9-a165-dca255d665f2,function_transfer_time,1779123748.5137181,0.000108012
experiment_name,deb27494-4a62-4ba9-a165-dca255d665f2,function_transfer_time,1779123748.615037,0.000107627
experiment_name,deb27494-4a62-4ba9-a165-dca255d665f2,function_transfer_time,1779123748.7163076,0.000036239
experiment_name,deb27494-4a62-4ba9-a165-dca255d665f2,function_transfer_time,1779123748.817678,0.000113393
experiment_name,deb27494-4a62-4ba9-a165-dca255d665f2,function_transfer_time,1779123748.9189825,0.000095614
experiment_name,deb27494-4a62-4ba9-a165-dca255d665f2,function_transfer_time,1779123749.0203528,0.000109474
experiment_name,deb27494-4a62-4ba9-a165-dca255d665f2,function_transfer_time,1779123749.1216586,0.000112462
experiment_name,deb27494-4a62-4ba9-a165-dca255d665f2,function_transfer_time,1779123749.223002,0.000106976
experiment_name,deb27494-4a62-4ba9-a165-dca255d665f2,function_transfer_time,1779123749.324254,0.000052144
experiment_name,deb27494-4a62-4ba9-a165-dca255d665f2,function_transfer_time,1779123749.425615,0.00008821
experiment_name,deb27494-4a62-4ba9-a165-dca255d665f2,function_transfer_time,1779123749.526977,0.000104979
experiment_name,156357c9-70f8-4496-9aa2-5ad9535f7129,function_transfer_time,1779123744.6628468,0.000075666
experiment_name,156357c9-70f8-4496-9aa2-5ad9535f7129,function_transfer_time,1779123744.764206,0.000076503
experiment_name,156357c9-70f8-4496-9aa2-5ad9535f7129,function_transfer_time,1779123744.8655424,0.000078925
experiment_name,156357c9-70f8-4496-9aa2-5ad9535f7129,function_transfer_time,1779123744.9668484,0.000077524
experiment_name,156357c9-70f8-4496-9aa2-5ad9535f7129,function_transfer_time,1779123745.0681942,0.000084582
experiment_name,156357c9-70f8-4496-9aa2-5ad9535f7129,function_transfer_time,1779123745.1695123,0.000085113
experiment_name,156357c9-70f8-4496-9aa2-5ad9535f7129,function_transfer_time,1779123745.2708163,0.000080879
experiment_name,156357c9-70f8-4496-9aa2-5ad9535f7129,function_transfer_time,1779123745.372173,0.000083857
experiment_name,156357c9-70f8-4496-9aa2-5ad9535f7129,function_transfer_time,1779123745.473489,0.000078503
experiment_name,156357c9-70f8-4496-9aa2-5ad9535f7129,function_transfer_time,1779123745.5748358,0.000081377
experiment_name,156357c9-70f8-4496-9aa2-5ad9535f7129,function_transfer_time,1779123745.6761508,0.000085511
experiment_name,156357c9-70f8-4496-9aa2-5ad9535f7129,function_transfer_time,1779123745.7775738,0.000106186
experiment_name,156357c9-70f8-4496-9aa2-5ad9535f7129,function_transfer_time,1779123745.878907,0.000082376
experiment_name,156357c9-70f8-4496-9aa2-5ad9535f7129,function_transfer_time,1779123745.9802318,0.00008071
experiment_name,156357c9-70f8-4496-9aa2-5ad9535f7129,function_transfer_time,1779123746.081578,0.00008412
experiment_name,156357c9-70f8-4496-9aa2-5ad9535f7129,function_transfer_time,1779123746.1828935,0.000077491
experiment_name,156357c9-70f8-4496-9aa2-5ad9535f7129,function_transfer_time,1779123746.284211,0.000079367
experiment_name,156357c9-70f8-4496-9aa2-5ad9535f7129,function_transfer_time,1779123746.385536,0.00008458
experiment_name,156357c9-70f8-4496-9aa2-5ad9535f7129,function_transfer_time,1779123746.486862,0.000084949
experiment_name,156357c9-70f8-4496-9aa2-5ad9535f7129,function_transfer_time,1779123746.5882087,0.000084615
experiment_name,156357c9-70f8-4496-9aa2-5ad9535f7129,function_transfer_time,1779123746.6895256,0.000088457
experiment_name,156357c9-70f8-4496-9aa2-5ad9535f7129,function_transfer_time,1779123746.7909014,0.00007512
experiment_name,156357c9-70f8-4496-9aa2-5ad9535f7129,function_transfer_time,1779123746.8922074,0.000079119
experiment_name,156357c9-70f8-4496-9aa2-5ad9535f7129,function_transfer_time,1779123746.993534,0.000076146
experiment_name,156357c9-70f8-4496-9aa2-5ad9535f7129,function_transfer_time,1779123747.0948403,0.00007589
experiment_name,156357c9-70f8-4496-9aa2-5ad9535f7129,function_transfer_time,1779123747.1961656,0.000081536
experiment_name,156357c9-70f8-4496-9aa2-5ad9535f7129,function_transfer_time,1779123747.297492,0.000076162
experiment_name,156357c9-70f8-4496-9aa2-5ad9535f7129,function_transfer_time,1779123747.3988068,0.00007977
experiment_name,156357c9-70f8-4496-9aa2-5ad9535f7129,function_transfer_time,1779123747.5001447,0.000080931
experiment_name,156357c9-70f8-4496-9aa2-5ad9535f7129,function_transfer_time,1779123747.6014621,0.000081727
experiment_name,156357c9-70f8-4496-9aa2-5ad9535f7129,function_transfer_time,1779123747.7027888,0.000081315
experiment_name,156357c9-70f8-4496-9aa2-5ad9535f7129,function_transfer_time,1779123747.8042085,0.000088205
experiment_name,156357c9-70f8-4496-9aa2-5ad9535f7129,function_transfer_time,1779123747.905583,0.000083729
experiment_name,156357c9-70f8-4496-9aa2-5ad9535f7129,function_transfer_time,1779123748.0069394,0.000083129
experiment_name,156357c9-70f8-4496-9aa2-5ad9535f7129,function_transfer_time,1779123748.1082532,0.000079181
experiment_name,156357c9-70f8-4496-9aa2-5ad9535f7129,function_transfer_time,1779123748.2095807,0.000077593
experiment_name,156357c9-70f8-4496-9aa2-5ad9535f7129,function_transfer_time,1779123748.3108962,0.000081796
experiment_name,156357c9-70f8-4496-9aa2-5ad9535f7129,function_transfer_time,1779123748.4122136,0.000082107
experiment_name,156357c9-70f8-4496-9aa2-5ad9535f7129,function_transfer_time,1779123748.513549,0.000083499
experiment_name,156357c9-70f8-4496-9aa2-5ad9535f7129,function_transfer_time,1779123748.6148653,0.000080289
experiment_name,156357c9-70f8-4496-9aa2-5ad9535f7129,function_transfer_time,1779123748.7161481,0.000023886
experiment_name,156357c9-70f8-4496-9aa2-5ad9535f7129,function_transfer_time,1779123748.817499,0.000077773
experiment_name,156357c9-70f8-4496-9aa2-5ad9535f7129,function_transfer_time,1779123748.918833,0.0000879
experiment_name,156357c9-70f8-4496-9aa2-5ad9535f7129,function_transfer_time,1779123749.02017,0.000082547
experiment_name,156357c9-70f8-4496-9aa2-5ad9535f7129,function_transfer_time,1779123749.121485,0.000077103
experiment_name,156357c9-70f8-4496-9aa2-5ad9535f7129,function_transfer_time,1779123749.2228317,0.0000799
experiment_name,156357c9-70f8-4496-9aa2-5ad9535f7129,function_transfer_time,1779123749.3241422,0.000085829
experiment_name,156357c9-70f8-4496-9aa2-5ad9535f7129,function_transfer_time,1779123749.4254756,0.000084803
experiment_name,156357c9-70f8-4496-9aa2-5ad9535f7129,function_transfer_time,1779123749.5267894,0.000088618
experiment_name,deb27494-4a62-4ba9-a165-dca255d665f2,function_execution_time,1779123749.6278543,0.000087423
experiment_name,deb27494-4a62-4ba9-a165-dca255d665f2,function_execution_time,1779123749.7289832,0.000080766
experiment_name,deb27494-4a62-4ba9-a165-dca255d665f2,function_execution_time,1779123749.8303843,0.000072625
experiment_name,deb27494-4a62-4ba9-a165-dca255d665f2,function_execution_time,1779123749.9315925,0.000046052
experiment_name,deb27494-4a62-4ba9-a165-dca255d665f2,function_execution_time,1779123750.0329876,0.000156678
experiment_name,deb27494-4a62-4ba9-a165-dca255d665f2,function_execution_time,1779123750.134495,0.00007522
experiment_name,deb27494-4a62-4ba9-a165-dca255d665f2,function_execution_time,1779123750.2357502,0.00008995
experiment_name,deb27494-4a62-4ba9-a165-dca255d665f2,function_execution_time,1779123750.3370957,0.000062931
experiment_name,deb27494-4a62-4ba9-a165-dca255d665f2,function_execution_time,1779123750.4384208,0.000062151
experiment_name,deb27494-4a62-4ba9-a165-dca255d665f2,function_execution_time,1779123750.5397317,0.000059127
experiment_name,deb27494-4a62-4ba9-a165-dca255d665f2,function_execution_time,1779123750.6410255,0.000073811
experiment_name,deb27494-4a62-4ba9-a165-dca255d665f2,function_execution_time,1779123750.7423007,0.000057157
experiment_name,deb27494-4a62-4ba9-a165-dca255d665f2,function_execution_time,1779123750.8436959,0.000064295
experiment_name,deb27494-4a62-4ba9-a165-dca255d665f2,function_execution_time,1779123750.944963,0.000057977
experiment_name,deb27494-4a62-4ba9-a165-dca255d665f2,function_execution_time,1779123751.046293,0.000068066
experiment_name,deb27494-4a62-4ba9-a165-dca255d665f2,function_execution_time,1779123751.1465673,0.000057569
experiment_name,deb27494-4a62-4ba9-a165-dca255d665f2,function_execution_time,1779123751.2478695,0.000056743
experiment_name,deb27494-4a62-4ba9-a165-dca255d665f2,function_execution_time,1779123751.3491404,0.000057002
experiment_name,deb27494-4a62-4ba9-a165-dca255d665f2,function_execution_time,1779123751.4503706,0.00005799
experiment_name,deb27494-4a62-4ba9-a165-dca255d665f2,function_execution_time,1779123751.55171,0.000064923
experiment_name,deb27494-4a62-4ba9-a165-dca255d665f2,function_execution_time,1779123751.653055,0.000060922
experiment_name,deb27494-4a62-4ba9-a165-dca255d665f2,function_execution_time,1779123751.7542946,0.000060862
experiment_name,deb27494-4a62-4ba9-a165-dca255d665f2,function_execution_time,1779123751.8556292,0.000057164
experiment_name,deb27494-4a62-4ba9-a165-dca255d665f2,function_execution_time,1779123751.9568906,0.000063258
experiment_name,deb27494-4a62-4ba9-a165-dca255d665f2,function_execution_time,1779123752.058208,0.000055962
experiment_name,deb27494-4a62-4ba9-a165-dca255d665f2,function_execution_time,1779123752.1585267,0.000055966
experiment_name,deb27494-4a62-4ba9-a165-dca255d665f2,function_execution_time,1779123752.259857,0.000067859
experiment_name,deb27494-4a62-4ba9-a165-dca255d665f2,function_execution_time,1779123752.3611083,0.000070483
experiment_name,deb27494-4a62-4ba9-a165-dca255d665f2,function_execution_time,1779123752.462403,0.00006821
experiment_name,deb27494-4a62-4ba9-a165-dca255d665f2,function_execution_time,1779123752.5637257,0.000060274
experiment_name,deb27494-4a62-4ba9-a165-dca255d665f2,function_execution_time,1779123752.6650348,0.000059007
experiment_name,deb27494-4a62-4ba9-a165-dca255d665f2,function_execution_time,1779123752.7663476,0.000058853
experiment_name,deb27494-4a62-4ba9-a165-dca255d665f2,function_execution_time,1779123752.8676958,0.000066825
experiment_name,deb27494-4a62-4ba9-a165-dca255d665f2,function_execution_time,1779123752.9689848,0.000057236
experiment_name,deb27494-4a62-4ba9-a165-dca255d665f2,function_execution_time,1779123753.0703404,0.000058116
experiment_name,deb27494-4a62-4ba9-a165-dca255d665f2,function_execution_time,1779123753.1716394,0.000056114
experiment_name,deb27494-4a62-4ba9-a165-dca255d665f2,function_execution_time,1779123753.2729545,0.000059219
experiment_name,deb27494-4a62-4ba9-a165-dca255d665f2,function_execution_time,1779123753.3742828,0.000062865
experiment_name,deb27494-4a62-4ba9-a165-dca255d665f2,function_execution_time,1779123753.4756083,0.000055868
experiment_name,deb27494-4a62-4ba9-a165-dca255d665f2,function_execution_time,1779123753.5769038,0.000073811
experiment_name,deb27494-4a62-4ba9-a165-dca255d665f2,function_execution_time,1779123753.6782315,0.000056198
experiment_name,deb27494-4a62-4ba9-a165-dca255d665f2,function_execution_time,1779123753.7785718,0.00006602
experiment_name,deb27494-4a62-4ba9-a165-dca255d665f2,function_execution_time,1779123753.880041,0.000056854
experiment_name,deb27494-4a62-4ba9-a165-dca255d665f2,function_execution_time,1779123753.9813657,0.000057412
experiment_name,deb27494-4a62-4ba9-a165-dca255d665f2,function_execution_time,1779123754.082694,0.000057313
experiment_name,deb27494-4a62-4ba9-a165-dca255d665f2,function_execution_time,1779123754.184015,0.000063829
experiment_name,deb27494-4a62-4ba9-a165-dca255d665f2,function_execution_time,1779123754.2853088,0.000065736
experiment_name,deb27494-4a62-4ba9-a165-dca255d665f2,function_execution_time,1779123754.386691,0.000070028
experiment_name,deb27494-4a62-4ba9-a165-dca255d665f2,function_execution_time,1779123754.4879851,0.000060138
experiment_name,deb27494-4a62-4ba9-a165-dca255d665f2,function_execution_time,1779123754.5892591,0.000069924
experiment_name,156357c9-70f8-4496-9aa2-5ad9535f7129,function_execution_time,1779123749.6277475,0.000100595
experiment_name,156357c9-70f8-4496-9aa2-5ad9535f7129,function_execution_time,1779123749.728898,0.000150989
experiment_name,156357c9-70f8-4496-9aa2-5ad9535f7129,function_execution_time,1779123749.8303096,0.000114519
experiment_name,156357c9-70f8-4496-9aa2-5ad9535f7129,function_execution_time,1779123749.9315448,0.000074396
experiment_name,156357c9-70f8-4496-9aa2-5ad9535f7129,function_execution_time,1779123750.0328708,0.00011247
experiment_name,156357c9-70f8-4496-9aa2-5ad9535f7129,function_execution_time,1779123750.134324,0.000077127
experiment_name,156357c9-70f8-4496-9aa2-5ad9535f7129,function_execution_time,1779123750.2356145,0.000073714
experiment_name,156357c9-70f8-4496-9aa2-5ad9535f7129,function_execution_time,1779123750.3369398,0.000076973
experiment_name,156357c9-70f8-4496-9aa2-5ad9535f7129,function_execution_time,1779123750.438336,0.000086754
experiment_name,156357c9-70f8-4496-9aa2-5ad9535f7129,function_execution_time,1779123750.5395775,0.000072999
experiment_name,156357c9-70f8-4496-9aa2-5ad9535f7129,function_execution_time,1779123750.6408463,0.000072512
experiment_name,156357c9-70f8-4496-9aa2-5ad9535f7129,function_execution_time,1779123750.7422326,0.000147711
experiment_name,156357c9-70f8-4496-9aa2-5ad9535f7129,function_execution_time,1779123750.8435373,0.00007281
experiment_name,156357c9-70f8-4496-9aa2-5ad9535f7129,function_execution_time,1779123750.9448137,0.000071823
experiment_name,156357c9-70f8-4496-9aa2-5ad9535f7129,function_execution_time,1779123751.046133,0.000081944
experiment_name,156357c9-70f8-4496-9aa2-5ad9535f7129,function_execution_time,1779123751.1464093,0.000074269
experiment_name,156357c9-70f8-4496-9aa2-5ad9535f7129,function_execution_time,1779123751.247719,0.000073026
experiment_name,156357c9-70f8-4496-9aa2-5ad9535f7129,function_execution_time,1779123751.3489897,0.000072899
experiment_name,156357c9-70f8-4496-9aa2-5ad9535f7129,function_execution_time,1779123751.4503124,0.000092727
experiment_name,156357c9-70f8-4496-9aa2-5ad9535f7129,function_execution_time,1779123751.5515566,0.000071224
experiment_name,156357c9-70f8-4496-9aa2-5ad9535f7129,function_execution_time,1779123751.6529193,0.000085244
experiment_name,156357c9-70f8-4496-9aa2-5ad9535f7129,function_execution_time,1779123751.7542336,0.000148514
experiment_name,156357c9-70f8-4496-9aa2-5ad9535f7129,function_execution_time,1779123751.8555458,0.000092341
experiment_name,156357c9-70f8-4496-9aa2-5ad9535f7129,function_execution_time,1779123751.9567337,0.000073603
experiment_name,156357c9-70f8-4496-9aa2-5ad9535f7129,function_execution_time,1779123752.0581279,0.000085461
experiment_name,156357c9-70f8-4496-9aa2-5ad9535f7129,function_execution_time,1779123752.1584523,0.000078733
experiment_name,156357c9-70f8-4496-9aa2-5ad9535f7129,function_execution_time,1779123752.2596734,0.000070733
experiment_name,156357c9-70f8-4496-9aa2-5ad9535f7129,function_execution_time,1779123752.3610106,0.000088169
experiment_name,156357c9-70f8-4496-9aa2-5ad9535f7129,function_execution_time,1779123752.4622383,0.000070955
experiment_name,156357c9-70f8-4496-9aa2-5ad9535f7129,function_execution_time,1779123752.5635743,0.000072051
experiment_name,156357c9-70f8-4496-9aa2-5ad9535f7129,function_execution_time,1779123752.664883,0.000071164
experiment_name,156357c9-70f8-4496-9aa2-5ad9535f7129,function_execution_time,1779123752.7662783,0.000150283
experiment_name,156357c9-70f8-4496-9aa2-5ad9535f7129,function_execution_time,1779123752.8675234,0.000071438
experiment_name,156357c9-70f8-4496-9aa2-5ad9535f7129,function_execution_time,1779123752.968835,0.000069087
experiment_name,156357c9-70f8-4496-9aa2-5ad9535f7129,function_execution_time,1779123753.0702417,0.00008278
experiment_name,156357c9-70f8-4496-9aa2-5ad9535f7129,function_execution_time,1779123753.1714816,0.000085102
experiment_name,156357c9-70f8-4496-9aa2-5ad9535f7129,function_execution_time,1779123753.2728083,0.000071313
experiment_name,156357c9-70f8-4496-9aa2-5ad9535f7129,function_execution_time,1779123753.3742063,0.000077358
experiment_name,156357c9-70f8-4496-9aa2-5ad9535f7129,function_execution_time,1779123753.4754593,0.000092443
experiment_name,156357c9-70f8-4496-9aa2-5ad9535f7129,function_execution_time,1779123753.576794,0.000069084
experiment_name,156357c9-70f8-4496-9aa2-5ad9535f7129,function_execution_time,1779123753.6781495,0.000076585
experiment_name,156357c9-70f8-4496-9aa2-5ad9535f7129,function_execution_time,1779123753.7784982,0.000180995
experiment_name,156357c9-70f8-4496-9aa2-5ad9535f7129,function_execution_time,1779123753.8798923,0.00006982
experiment_name,156357c9-70f8-4496-9aa2-5ad9535f7129,function_execution_time,1779123753.9812157,0.000070643
experiment_name,156357c9-70f8-4496-9aa2-5ad9535f7129,function_execution_time,1779123754.0825477,0.000072897
experiment_name,156357c9-70f8-4496-9aa2-5ad9535f7129,function_execution_time,1779123754.1838586,0.000081856
experiment_name,156357c9-70f8-4496-9aa2-5ad9535f7129,function_execution_time,1779123754.2852092,0.00006996
experiment_name,156357c9-70f8-4496-9aa2-5ad9535f7129,function_execution_time,1779123754.3865902,0.00009244
experiment_name,156357c9-70f8-4496-9aa2-5ad9535f7129,function_execution_time,1779123754.4878278,0.000079297
experiment_name,156357c9-70f8-4496-9aa2-5ad9535f7129,function_execution_time,1779123754.5891554,0.000074255
experiment_name,156357c9-70f8-4496-9aa2-5ad9535f7129,function_transfer_time,1779123749.6276374,0.000020554
experiment_name,156357c9-70f8-4496-9aa2-5ad9535f7129,function_transfer_time,1779123749.7287393,0.000020713
experiment_name,156357c9-70f8-4496-9aa2-5ad9535f7129,function_transfer_time,1779123749.8301806,0.000034905
experiment_name,156357c9-70f8-4496-9aa2-5ad9535f7129,function_transfer_time,1779123749.931466,0.00001732
experiment_name,156357c9-70f8-4496-9aa2-5ad9535f7129,function_transfer_time,1779123750.0327575,0.000017984
experiment_name,156357c9-70f8-4496-9aa2-5ad9535f7129,function_transfer_time,1779123750.1342335,0.000082748
experiment_name,156357c9-70f8-4496-9aa2-5ad9535f7129,function_transfer_time,1779123750.2355342,0.000021516
experiment_name,156357c9-70f8-4496-9aa2-5ad9535f7129,function_transfer_time,1779123750.3368564,0.000084888
experiment_name,156357c9-70f8-4496-9aa2-5ad9535f7129,function_transfer_time,1779123750.4381938,0.000077797
experiment_name,156357c9-70f8-4496-9aa2-5ad9535f7129,function_transfer_time,1779123750.5394976,0.000090308
experiment_name,156357c9-70f8-4496-9aa2-5ad9535f7129,function_transfer_time,1779123750.6407626,0.000017595
experiment_name,156357c9-70f8-4496-9aa2-5ad9535f7129,function_transfer_time,1779123750.7420795,0.000080056
experiment_name,156357c9-70f8-4496-9aa2-5ad9535f7129,function_transfer_time,1779123750.8434572,0.000092611
experiment_name,156357c9-70f8-4496-9aa2-5ad9535f7129,function_transfer_time,1779123750.944736,0.000022403
experiment_name,156357c9-70f8-4496-9aa2-5ad9535f7129,function_transfer_time,1779123751.0460474,0.000080784
experiment_name,156357c9-70f8-4496-9aa2-5ad9535f7129,function_transfer_time,1779123751.146328,0.000022132
experiment_name,156357c9-70f8-4496-9aa2-5ad9535f7129,function_transfer_time,1779123751.247641,0.000077019
experiment_name,156357c9-70f8-4496-9aa2-5ad9535f7129,function_transfer_time,1779123751.348911,0.000022225
experiment_name,156357c9-70f8-4496-9aa2-5ad9535f7129,function_transfer_time,1779123751.4502053,0.00008415
experiment_name,156357c9-70f8-4496-9aa2-5ad9535f7129,function_transfer_time,1779123751.5514717,0.000034387
experiment_name,156357c9-70f8-4496-9aa2-5ad9535f7129,function_transfer_time,1779123751.6528287,0.000085541
experiment_name,156357c9-70f8-4496-9aa2-5ad9535f7129,function_transfer_time,1779123751.7540693,0.000023991
experiment_name,156357c9-70f8-4496-9aa2-5ad9535f7129,function_transfer_time,1779123751.8553908,0.000023923
experiment_name,156357c9-70f8-4496-9aa2-5ad9535f7129,function_transfer_time,1779123751.9566534,0.000024741
experiment_name,156357c9-70f8-4496-9aa2-5ad9535f7129,function_transfer_time,1779123752.057977,0.000075084
experiment_name,156357c9-70f8-4496-9aa2-5ad9535f7129,function_transfer_time,1779123752.1583097,0.000078355
experiment_name,156357c9-70f8-4496-9aa2-5ad9535f7129,function_transfer_time,1779123752.2595947,0.000078294
experiment_name,156357c9-70f8-4496-9aa2-5ad9535f7129,function_transfer_time,1779123752.3608778,0.000024063
experiment_name,156357c9-70f8-4496-9aa2-5ad9535f7129,function_transfer_time,1779123752.4621575,0.000075653
experiment_name,156357c9-70f8-4496-9aa2-5ad9535f7129,function_transfer_time,1779123752.5634916,0.000081267
experiment_name,156357c9-70f8-4496-9aa2-5ad9535f7129,function_transfer_time,1779123752.6648078,0.000080975
experiment_name,156357c9-70f8-4496-9aa2-5ad9535f7129,function_transfer_time,1779123752.7661226,0.00008187
experiment_name,156357c9-70f8-4496-9aa2-5ad9535f7129,function_transfer_time,1779123752.8675191,0.000030188
experiment_name,156357c9-70f8-4496-9aa2-5ad9535f7129,function_transfer_time,1779123752.9687557,0.000082502
experiment_name,156357c9-70f8-4496-9aa2-5ad9535f7129,function_transfer_time,1779123753.0700932,0.000080913
experiment_name,156357c9-70f8-4496-9aa2-5ad9535f7129,function_transfer_time,1779123753.171397,0.000075497
experiment_name,156357c9-70f8-4496-9aa2-5ad9535f7129,function_transfer_time,1779123753.272723,0.000075927
experiment_name,156357c9-70f8-4496-9aa2-5ad9535f7129,function_transfer_time,1779123753.3740687,0.00008128
experiment_name,156357c9-70f8-4496-9aa2-5ad9535f7129,function_transfer_time,1779123753.4753644,0.000081112
experiment_name,156357c9-70f8-4496-9aa2-5ad9535f7129,function_transfer_time,1779123753.5767112,0.00007341
experiment_name,156357c9-70f8-4496-9aa2-5ad9535f7129,function_transfer_time,1779123753.6780164,0.000081139
experiment_name,156357c9-70f8-4496-9aa2-5ad9535f7129,function_transfer_time,1779123753.7783194,0.00008194
experiment_name,156357c9-70f8-4496-9aa2-5ad9535f7129,function_transfer_time,1779123753.8798103,0.000081454
experiment_name,156357c9-70f8-4496-9aa2-5ad9535f7129,function_transfer_time,1779123753.9811354,0.000082568
experiment_name,156357c9-70f8-4496-9aa2-5ad9535f7129,function_transfer_time,1779123754.0824733,0.00007979
experiment_name,156357c9-70f8-4496-9aa2-5ad9535f7129,function_transfer_time,1779123754.1837769,0.000078438
experiment_name,156357c9-70f8-4496-9aa2-5ad9535f7129,function_transfer_time,1779123754.2851143,0.000078634
experiment_name,156357c9-70f8-4496-9aa2-5ad9535f7129,function_transfer_time,1779123754.386454,0.000076206
experiment_name,156357c9-70f8-4496-9aa2-5ad9535f7129,function_transfer_time,1779123754.4877458,0.000073437
experiment_name,156357c9-70f8-4496-9aa2-5ad9535f7129,function_transfer_time,1779123754.5890813,0.000075869
experiment_name,deb27494-4a62-4ba9-a165-dca255d665f2,function_transfer_time,1779123749.62775,0.000043606
experiment_name,deb27494-4a62-4ba9-a165-dca255d665f2,function_transfer_time,1779123749.7288942,0.000030874
experiment_name,deb27494-4a62-4ba9-a165-dca255d665f2,function_transfer_time,1779123749.830305,0.000037304
experiment_name,deb27494-4a62-4ba9-a165-dca255d665f2,function_transfer_time,1779123749.931541,0.00002684
experiment_name,deb27494-4a62-4ba9-a165-dca255d665f2,function_transfer_time,1779123750.0328171,0.000018181
experiment_name,deb27494-4a62-4ba9-a165-dca255d665f2,function_transfer_time,1779123750.1344151,0.000117311
experiment_name,deb27494-4a62-4ba9-a165-dca255d665f2,function_transfer_time,1779123750.235695,0.000059468
experiment_name,deb27494-4a62-4ba9-a165-dca255d665f2,function_transfer_time,1779123750.337028,0.000109025
experiment_name,deb27494-4a62-4ba9-a165-dca255d665f2,function_transfer_time,1779123750.438341,0.000091352
experiment_name,deb27494-4a62-4ba9-a165-dca255d665f2,function_transfer_time,1779123750.5396671,0.000110988
experiment_name,deb27494-4a62-4ba9-a165-dca255d665f2,function_transfer_time,1779123750.6409483,0.000122489
experiment_name,deb27494-4a62-4ba9-a165-dca255d665f2,function_transfer_time,1779123750.7422354,0.0000367
experiment_name,deb27494-4a62-4ba9-a165-dca255d665f2,function_transfer_time,1779123750.843627,0.000109247
experiment_name,deb27494-4a62-4ba9-a165-dca255d665f2,function_transfer_time,1779123750.9449008,0.000105615
experiment_name,deb27494-4a62-4ba9-a165-dca255d665f2,function_transfer_time,1779123751.0462196,0.000109994
experiment_name,deb27494-4a62-4ba9-a165-dca255d665f2,function_transfer_time,1779123751.146503,0.000112869
experiment_name,deb27494-4a62-4ba9-a165-dca255d665f2,function_transfer_time,1779123751.2478082,0.000105032
experiment_name,deb27494-4a62-4ba9-a165-dca255d665f2,function_transfer_time,1779123751.3490782,0.000107478
experiment_name,deb27494-4a62-4ba9-a165-dca255d665f2,function_transfer_time,1779123751.450309,0.000032522
experiment_name,deb27494-4a62-4ba9-a165-dca255d665f2,function_transfer_time,1779123751.5516407,0.000107737
experiment_name,deb27494-4a62-4ba9-a165-dca255d665f2,function_transfer_time,1779123751.652986,0.000095662
experiment_name,deb27494-4a62-4ba9-a165-dca255d665f2,function_transfer_time,1779123751.7542293,0.000035696
experiment_name,deb27494-4a62-4ba9-a165-dca255d665f2,function_transfer_time,1779123751.8555663,0.000100845
experiment_name,deb27494-4a62-4ba9-a165-dca255d665f2,function_transfer_time,1779123751.9568233,0.000109795
experiment_name,deb27494-4a62-4ba9-a165-dca255d665f2,function_transfer_time,1779123752.0581427,0.000098575
experiment_name,deb27494-4a62-4ba9-a165-dca255d665f2,function_transfer_time,1779123752.1584551,0.000097112
experiment_name,deb27494-4a62-4ba9-a165-dca255d665f2,function_transfer_time,1779123752.2597837,0.000125596
experiment_name,deb27494-4a62-4ba9-a165-dca255d665f2,function_transfer_time,1779123752.3610327,0.000092662
experiment_name,deb27494-4a62-4ba9-a165-dca255d665f2,function_transfer_time,1779123752.4623306,0.000109548
experiment_name,deb27494-4a62-4ba9-a165-dca255d665f2,function_transfer_time,1779123752.5636609,0.00010973
experiment_name,deb27494-4a62-4ba9-a165-dca255d665f2,function_transfer_time,1779123752.66497,0.000100965
experiment_name,deb27494-4a62-4ba9-a165-dca255d665f2,function_transfer_time,1779123752.7662811,0.000036455
experiment_name,deb27494-4a62-4ba9-a165-dca255d665f2,function_transfer_time,1779123752.8676233,0.000110282
experiment_name,deb27494-4a62-4ba9-a165-dca255d665f2,function_transfer_time,1779123752.968923,0.000109329
experiment_name,deb27494-4a62-4ba9-a165-dca255d665f2,function_transfer_time,1779123753.07026,0.000109129
experiment_name,deb27494-4a62-4ba9-a165-dca255d665f2,function_transfer_time,1779123753.1715796,0.000111837
experiment_name,deb27494-4a62-4ba9-a165-dca255d665f2,function_transfer_time,1779123753.2728794,0.000101429
experiment_name,deb27494-4a62-4ba9-a165-dca255d665f2,function_transfer_time,1779123753.3742092,0.000089827
experiment_name,deb27494-4a62-4ba9-a165-dca255d665f2,function_transfer_time,1779123753.4755478,0.000114418
experiment_name,deb27494-4a62-4ba9-a165-dca255d665f2,function_transfer_time,1779123753.5768664,0.000057879
experiment_name,deb27494-4a62-4ba9-a165-dca255d665f2,function_transfer_time,1779123753.6781697,0.000089559
experiment_name,deb27494-4a62-4ba9-a165-dca255d665f2,function_transfer_time,1779123753.7784956,0.000034754
experiment_name,deb27494-4a62-4ba9-a165-dca255d665f2,function_transfer_time,1779123753.8799798,0.000108151
experiment_name,deb27494-4a62-4ba9-a165-dca255d665f2,function_transfer_time,1779123753.9813046,0.000110236
experiment_name,deb27494-4a62-4ba9-a165-dca255d665f2,function_transfer_time,1779123754.0826337,0.000097874
experiment_name,deb27494-4a62-4ba9-a165-dca255d665f2,function_transfer_time,1779123754.183947,0.000102949
experiment_name,deb27494-4a62-4ba9-a165-dca255d665f2,function_transfer_time,1779123754.2852378,0.000063221
experiment_name,deb27494-4a62-4ba9-a165-dca255d665f2,function_transfer_time,1779123754.386613,0.000107861
experiment_name,deb27494-4a62-4ba9-a165-dca255d665f2,function_transfer_time,1779123754.4879193,0.000105412
experiment_name,deb27494-4a62-4ba9-a165-dca255d665f2,function_transfer_time,1779123754.5892317,0.000046574
experiment_name,deb27494-4a62-4ba9-a165-dca255d665f2,function_execution_time,1779123754.6913137,0.000072915
experiment_name,deb27494-4a62-4ba9-a165-dca255d665f2,function_execution_time,1779123754.79262,0.000072467
experiment_name,deb27494-4a62-4ba9-a165-dca255d665f2,function_execution_time,1779123754.8939843,0.000061
experiment_name,deb27494-4a62-4ba9-a165-dca255d665f2,function_execution_time,1779123754.9953027,0.000064136
experiment_name,deb27494-4a62-4ba9-a165-dca255d665f2,function_execution_time,1779123755.096629,0.000065567
experiment_name,deb27494-4a62-4ba9-a165-dca255d665f2,function_execution_time,1779123755.1979387,0.000060759
experiment_name,deb27494-4a62-4ba9-a165-dca255d665f2,function_execution_time,1779123755.299256,0.000059252
experiment_name,deb27494-4a62-4ba9-a165-dca255d665f2,function_execution_time,1779123755.3995516,0.000063686
experiment_name,deb27494-4a62-4ba9-a165-dca255d665f2,function_execution_time,1779123755.500885,0.000058186
experiment_name,deb27494-4a62-4ba9-a165-dca255d665f2,function_execution_time,1779123755.602194,0.000063819
experiment_name,deb27494-4a62-4ba9-a165-dca255d665f2,function_execution_time,1779123755.703488,0.000072661
experiment_name,deb27494-4a62-4ba9-a165-dca255d665f2,function_execution_time,1779123755.8047714,0.000056678
experiment_name,deb27494-4a62-4ba9-a165-dca255d665f2,function_execution_time,1779123755.9061072,0.000058635
experiment_name,deb27494-4a62-4ba9-a165-dca255d665f2,function_execution_time,1779123756.0074904,0.000075321
experiment_name,deb27494-4a62-4ba9-a165-dca255d665f2,function_execution_time,1779123756.1087174,0.00006049
experiment_name,deb27494-4a62-4ba9-a165-dca255d665f2,function_execution_time,1779123756.2099566,0.000056689
experiment_name,deb27494-4a62-4ba9-a165-dca255d665f2,function_execution_time,1779123756.3112097,0.000060241
experiment_name,deb27494-4a62-4ba9-a165-dca255d665f2,function_execution_time,1779123756.4114976,0.000079967
experiment_name,deb27494-4a62-4ba9-a165-dca255d665f2,function_execution_time,1779123756.5127637,0.000066736
experiment_name,deb27494-4a62-4ba9-a165-dca255d665f2,function_execution_time,1779123756.6140747,0.000066113
experiment_name,deb27494-4a62-4ba9-a165-dca255d665f2,function_execution_time,1779123756.715416,0.000059052
experiment_name,deb27494-4a62-4ba9-a165-dca255d665f2,function_execution_time,1779123756.8167167,0.000059061
experiment_name,deb27494-4a62-4ba9-a165-dca255d665f2,function_execution_time,1779123756.9180675,0.00008134
experiment_name,deb27494-4a62-4ba9-a165-dca255d665f2,function_execution_time,1779123757.019413,0.00006946
experiment_name,deb27494-4a62-4ba9-a165-dca255d665f2,function_execution_time,1779123757.1207845,0.000059682
experiment_name,deb27494-4a62-4ba9-a165-dca255d665f2,function_execution_time,1779123757.2221336,0.000060762
experiment_name,deb27494-4a62-4ba9-a165-dca255d665f2,function_execution_time,1779123757.323476,0.000077507
experiment_name,deb27494-4a62-4ba9-a165-dca255d665f2,function_execution_time,1779123757.4247875,0.000058561
experiment_name,deb27494-4a62-4ba9-a165-dca255d665f2,function_execution_time,1779123757.5260956,0.00005907
experiment_name,deb27494-4a62-4ba9-a165-dca255d665f2,function_execution_time,1779123757.6274533,0.000056446
experiment_name,deb27494-4a62-4ba9-a165-dca255d665f2,function_execution_time,1779123757.728783,0.000063783
experiment_name,deb27494-4a62-4ba9-a165-dca255d665f2,function_execution_time,1779123757.8300867,0.000063216
experiment_name,deb27494-4a62-4ba9-a165-dca255d665f2,function_execution_time,1779123757.9314976,0.000069216
experiment_name,deb27494-4a62-4ba9-a165-dca255d665f2,function_execution_time,1779123758.032729,0.000062321
experiment_name,deb27494-4a62-4ba9-a165-dca255d665f2,function_execution_time,1779123758.1341221,0.000057529
experiment_name,deb27494-4a62-4ba9-a165-dca255d665f2,function_execution_time,1779123758.2354224,0.000070505
experiment_name,deb27494-4a62-4ba9-a165-dca255d665f2,function_execution_time,1779123758.3368137,0.000062191
experiment_name,deb27494-4a62-4ba9-a165-dca255d665f2,function_execution_time,1779123758.4381554,0.000067026
experiment_name,deb27494-4a62-4ba9-a165-dca255d665f2,function_execution_time,1779123758.5394018,0.00005946
experiment_name,deb27494-4a62-4ba9-a165-dca255d665f2,function_execution_time,1779123758.6408186,0.000072163
experiment_name,deb27494-4a62-4ba9-a165-dca255d665f2,function_execution_time,1779123758.7421129,0.000058507
experiment_name,deb27494-4a62-4ba9-a165-dca255d665f2,function_execution_time,1779123758.8434498,0.000063241
experiment_name,deb27494-4a62-4ba9-a165-dca255d665f2,function_execution_time,1779123758.9448295,0.000062345
experiment_name,deb27494-4a62-4ba9-a165-dca255d665f2,function_execution_time,1779123759.0461535,0.000065244
experiment_name,deb27494-4a62-4ba9-a165-dca255d665f2,function_execution_time,1779123759.1474981,0.000068169
experiment_name,deb27494-4a62-4ba9-a165-dca255d665f2,function_execution_time,1779123759.2487938,0.000060551
experiment_name,deb27494-4a62-4ba9-a165-dca255d665f2,function_execution_time,1779123759.3500748,0.000057196
experiment_name,deb27494-4a62-4ba9-a165-dca255d665f2,function_execution_time,1779123759.4513974,0.000057183
experiment_name,deb27494-4a62-4ba9-a165-dca255d665f2,function_execution_time,1779123759.5527182,0.000066026
experiment_name,156357c9-70f8-4496-9aa2-5ad9535f7129,function_execution_time,1779123754.6911495,0.000079534
experiment_name,156357c9-70f8-4496-9aa2-5ad9535f7129,function_execution_time,1779123754.7925565,0.000207408
experiment_name,156357c9-70f8-4496-9aa2-5ad9535f7129,function_execution_time,1779123754.8938215,0.000076064
experiment_name,156357c9-70f8-4496-9aa2-5ad9535f7129,function_execution_time,1779123754.9951477,0.00007145
experiment_name,156357c9-70f8-4496-9aa2-5ad9535f7129,function_execution_time,1779123755.096538,0.00008801
experiment_name,156357c9-70f8-4496-9aa2-5ad9535f7129,function_execution_time,1779123755.1978767,0.000085055
experiment_name,156357c9-70f8-4496-9aa2-5ad9535f7129,function_execution_time,1779123755.2991722,0.000076674
experiment_name,156357c9-70f8-4496-9aa2-5ad9535f7129,function_execution_time,1779123755.3993971,0.000071541
experiment_name,156357c9-70f8-4496-9aa2-5ad9535f7129,function_execution_time,1779123755.5007288,0.000080287
experiment_name,156357c9-70f8-4496-9aa2-5ad9535f7129,function_execution_time,1779123755.6020403,0.000070397
experiment_name,156357c9-70f8-4496-9aa2-5ad9535f7129,function_execution_time,1779123755.703309,0.000069777
experiment_name,156357c9-70f8-4496-9aa2-5ad9535f7129,function_execution_time,1779123755.8047142,0.000164228
experiment_name,156357c9-70f8-4496-9aa2-5ad9535f7129,function_execution_time,1779123755.9059372,0.000058261
experiment_name,156357c9-70f8-4496-9aa2-5ad9535f7129,function_execution_time,1779123756.0073187,0.000073674
experiment_name,156357c9-70f8-4496-9aa2-5ad9535f7129,function_execution_time,1779123756.1085749,0.000081509
experiment_name,156357c9-70f8-4496-9aa2-5ad9535f7129,function_execution_time,1779123756.2098763,0.000084909
experiment_name,156357c9-70f8-4496-9aa2-5ad9535f7129,function_execution_time,1779123756.3110557,0.000070886
experiment_name,156357c9-70f8-4496-9aa2-5ad9535f7129,function_execution_time,1779123756.4113164,0.00007004
experiment_name,156357c9-70f8-4496-9aa2-5ad9535f7129,function_execution_time,1779123756.512599,0.000068934
experiment_name,156357c9-70f8-4496-9aa2-5ad9535f7129,function_execution_time,1779123756.6139178,0.000081309
experiment_name,156357c9-70f8-4496-9aa2-5ad9535f7129,function_execution_time,1779123756.7152634,0.000073341
experiment_name,156357c9-70f8-4496-9aa2-5ad9535f7129,function_execution_time,1779123756.816644,0.000140275
experiment_name,156357c9-70f8-4496-9aa2-5ad9535f7129,function_execution_time,1779123756.917948,0.000085765
experiment_name,156357c9-70f8-4496-9aa2-5ad9535f7129,function_execution_time,1779123757.019309,0.000073225
experiment_name,156357c9-70f8-4496-9aa2-5ad9535f7129,function_execution_time,1779123757.120632,0.000072359
experiment_name,156357c9-70f8-4496-9aa2-5ad9535f7129,function_execution_time,1779123757.2219772,0.000071693
experiment_name,156357c9-70f8-4496-9aa2-5ad9535f7129,function_execution_time,1779123757.3232973,0.00008263
experiment_name,156357c9-70f8-4496-9aa2-5ad9535f7129,function_execution_time,1779123757.4246361,0.000069241
experiment_name,156357c9-70f8-4496-9aa2-5ad9535f7129,function_execution_time,1779123757.5259461,0.000072412
experiment_name,156357c9-70f8-4496-9aa2-5ad9535f7129,function_execution_time,1779123757.627294,0.000080768
experiment_name,156357c9-70f8-4496-9aa2-5ad9535f7129,function_execution_time,1779123757.7286227,0.000069508
experiment_name,156357c9-70f8-4496-9aa2-5ad9535f7129,function_execution_time,1779123757.830014,0.000148143
experiment_name,156357c9-70f8-4496-9aa2-5ad9535f7129,function_execution_time,1779123757.9313228,0.000078663
experiment_name,156357c9-70f8-4496-9aa2-5ad9535f7129,function_execution_time,1779123758.0326486,0.00006876
experiment_name,156357c9-70f8-4496-9aa2-5ad9535f7129,function_execution_time,1779123758.1339748,0.000068572
experiment_name,156357c9-70f8-4496-9aa2-5ad9535f7129,function_execution_time,1779123758.2353163,0.000075037
experiment_name,156357c9-70f8-4496-9aa2-5ad9535f7129,function_execution_time,1779123758.336648,0.000070784
experiment_name,156357c9-70f8-4496-9aa2-5ad9535f7129,function_execution_time,1779123758.4379911,0.0000712
experiment_name,156357c9-70f8-4496-9aa2-5ad9535f7129,function_execution_time,1779123758.539307,0.000084125
experiment_name,156357c9-70f8-4496-9aa2-5ad9535f7129,function_execution_time,1779123758.640658,0.000070824
experiment_name,156357c9-70f8-4496-9aa2-5ad9535f7129,function_execution_time,1779123758.74196,0.000071327
experiment_name,156357c9-70f8-4496-9aa2-5ad9535f7129,function_execution_time,1779123758.8433728,0.000147031
experiment_name,156357c9-70f8-4496-9aa2-5ad9535f7129,function_execution_time,1779123758.944678,0.000071994
experiment_name,156357c9-70f8-4496-9aa2-5ad9535f7129,function_execution_time,1779123759.0459993,0.000072736
experiment_name,156357c9-70f8-4496-9aa2-5ad9535f7129,function_execution_time,1779123759.1473277,0.000070897
experiment_name,156357c9-70f8-4496-9aa2-5ad9535f7129,function_execution_time,1779123759.248646,0.000083243
experiment_name,156357c9-70f8-4496-9aa2-5ad9535f7129,function_execution_time,1779123759.3500006,0.000078615
experiment_name,156357c9-70f8-4496-9aa2-5ad9535f7129,function_execution_time,1779123759.451328,0.000076723
experiment_name,156357c9-70f8-4496-9aa2-5ad9535f7129,function_execution_time,1779123759.5525582,0.000080471
experiment_name,deb27494-4a62-4ba9-a165-dca255d665f2,function_transfer_time,1779123754.6912363,0.000104675
experiment_name,deb27494-4a62-4ba9-a165-dca255d665f2,function_transfer_time,1779123754.7925408,0.000033002
experiment_name,deb27494-4a62-4ba9-a165-dca255d665f2,function_transfer_time,1779123754.8939185,0.000115951
experiment_name,deb27494-4a62-4ba9-a165-dca255d665f2,function_transfer_time,1779123754.9952354,0.000102698
experiment_name,deb27494-4a62-4ba9-a165-dca255d665f2,function_transfer_time,1779123755.0965576,0.000097775
experiment_name,deb27494-4a62-4ba9-a165-dca255d665f2,function_transfer_time,1779123755.1978803,0.000099656
experiment_name,deb27494-4a62-4ba9-a165-dca255d665f2,function_transfer_time,1779123755.2991896,0.000090343
experiment_name,deb27494-4a62-4ba9-a165-dca255d665f2,function_transfer_time,1779123755.39948,0.000101182
experiment_name,deb27494-4a62-4ba9-a165-dca255d665f2,function_transfer_time,1779123755.500823,0.000110337
experiment_name,deb27494-4a62-4ba9-a165-dca255d665f2,function_transfer_time,1779123755.602127,0.000101589
experiment_name,deb27494-4a62-4ba9-a165-dca255d665f2,function_transfer_time,1779123755.7034051,0.000112497
experiment_name,deb27494-4a62-4ba9-a165-dca255d665f2,function_transfer_time,1779123755.8047104,0.000037074
experiment_name,deb27494-4a62-4ba9-a165-dca255d665f2,function_transfer_time,1779123755.9060442,0.000126324
experiment_name,deb27494-4a62-4ba9-a165-dca255d665f2,function_transfer_time,1779123756.0074067,0.000107407
experiment_name,deb27494-4a62-4ba9-a165-dca255d665f2,function_transfer_time,1779123756.1086411,0.000091781
experiment_name,deb27494-4a62-4ba9-a165-dca255d665f2,function_transfer_time,1779123756.2098897,0.000090824
experiment_name,deb27494-4a62-4ba9-a165-dca255d665f2,function_transfer_time,1779123756.311144,0.000104231
experiment_name,deb27494-4a62-4ba9-a165-dca255d665f2,function_transfer_time,1779123756.4114068,0.000109287
experiment_name,deb27494-4a62-4ba9-a165-dca255d665f2,function_transfer_time,1779123756.5126925,0.000115229
experiment_name,deb27494-4a62-4ba9-a165-dca255d665f2,function_transfer_time,1779123756.6140056,0.000100941
experiment_name,deb27494-4a62-4ba9-a165-dca255d665f2,function_transfer_time,1779123756.7153523,0.000108351
experiment_name,deb27494-4a62-4ba9-a165-dca255d665f2,function_transfer_time,1779123756.816647,0.000038106
experiment_name,deb27494-4a62-4ba9-a165-dca255d665f2,function_transfer_time,1779123756.9180202,0.000052373
experiment_name,deb27494-4a62-4ba9-a165-dca255d665f2,function_transfer_time,1779123757.0193856,0.000052847
experiment_name,deb27494-4a62-4ba9-a165-dca255d665f2,function_transfer_time,1779123757.1207218,0.000106031
experiment_name,deb27494-4a62-4ba9-a165-dca255d665f2,function_transfer_time,1779123757.2220688,0.000110429
experiment_name,deb27494-4a62-4ba9-a165-dca255d665f2,function_transfer_time,1779123757.3233917,0.000107898
experiment_name,deb27494-4a62-4ba9-a165-dca255d665f2,function_transfer_time,1779123757.4247246,0.000110751
experiment_name,deb27494-4a62-4ba9-a165-dca255d665f2,function_transfer_time,1779123757.5260334,0.000099148
experiment_name,deb27494-4a62-4ba9-a165-dca255d665f2,function_transfer_time,1779123757.6273768,0.000099866
experiment_name,deb27494-4a62-4ba9-a165-dca255d665f2,function_transfer_time,1779123757.7287147,0.000108465
experiment_name,deb27494-4a62-4ba9-a165-dca255d665f2,function_transfer_time,1779123757.8300169,0.000037027
experiment_name,deb27494-4a62-4ba9-a165-dca255d665f2,function_transfer_time,1779123757.9314187,0.000110584
experiment_name,deb27494-4a62-4ba9-a165-dca255d665f2,function_transfer_time,1779123758.0327249,0.000061136
experiment_name,deb27494-4a62-4ba9-a165-dca255d665f2,function_transfer_time,1779123758.13406,0.000111019
experiment_name,deb27494-4a62-4ba9-a165-dca255d665f2,function_transfer_time,1779123758.235388,0.0000545
experiment_name,deb27494-4a62-4ba9-a165-dca255d665f2,function_transfer_time,1779123758.336747,0.000121729
experiment_name,deb27494-4a62-4ba9-a165-dca255d665f2,function_transfer_time,1779123758.4380827,0.000110667
experiment_name,deb27494-4a62-4ba9-a165-dca255d665f2,function_transfer_time,1779123758.5393384,0.000041896
experiment_name,deb27494-4a62-4ba9-a165-dca255d665f2,function_transfer_time,1779123758.640742,0.00010814
experiment_name,deb27494-4a62-4ba9-a165-dca255d665f2,function_transfer_time,1779123758.7420497,0.000109811
experiment_name,deb27494-4a62-4ba9-a165-dca255d665f2,function_transfer_time,1779123758.843368,0.000035784
experiment_name,deb27494-4a62-4ba9-a165-dca255d665f2,function_transfer_time,1779123758.9447587,0.000100112
experiment_name,deb27494-4a62-4ba9-a165-dca255d665f2,function_transfer_time,1779123759.0460835,0.000117005
experiment_name,deb27494-4a62-4ba9-a165-dca255d665f2,function_transfer_time,1779123759.1474245,0.000110609
experiment_name,deb27494-4a62-4ba9-a165-dca255d665f2,function_transfer_time,1779123759.248726,0.000102554
experiment_name,deb27494-4a62-4ba9-a165-dca255d665f2,function_transfer_time,1779123759.350004,0.000090781
experiment_name,deb27494-4a62-4ba9-a165-dca255d665f2,function_transfer_time,1779123759.4513316,0.000088012
experiment_name,deb27494-4a62-4ba9-a165-dca255d665f2,function_transfer_time,1779123759.552647,0.000109189
experiment_name,156357c9-70f8-4496-9aa2-5ad9535f7129,function_transfer_time,1779123754.6910663,0.000084359
experiment_name,156357c9-70f8-4496-9aa2-5ad9535f7129,function_transfer_time,1779123754.7923465,0.000023309
experiment_name,156357c9-70f8-4496-9aa2-5ad9535f7129,function_transfer_time,1779123754.893739,0.000079994
experiment_name,156357c9-70f8-4496-9aa2-5ad9535f7129,function_transfer_time,1779123754.995072,0.000079493
experiment_name,156357c9-70f8-4496-9aa2-5ad9535f7129,function_transfer_time,1779123755.0963898,0.000079328
experiment_name,156357c9-70f8-4496-9aa2-5ad9535f7129,function_transfer_time,1779123755.197709,0.00007948
experiment_name,156357c9-70f8-4496-9aa2-5ad9535f7129,function_transfer_time,1779123755.2990417,0.000080631
experiment_name,156357c9-70f8-4496-9aa2-5ad9535f7129,function_transfer_time,1779123755.399323,0.000073874
experiment_name,156357c9-70f8-4496-9aa2-5ad9535f7129,function_transfer_time,1779123755.5006504,0.000082435
experiment_name,156357c9-70f8-4496-9aa2-5ad9535f7129,function_transfer_time,1779123755.6019645,0.000082824
experiment_name,156357c9-70f8-4496-9aa2-5ad9535f7129,function_transfer_time,1779123755.7032304,0.000023033
experiment_name,156357c9-70f8-4496-9aa2-5ad9535f7129,function_transfer_time,1779123755.8045385,0.000030382
experiment_name,156357c9-70f8-4496-9aa2-5ad9535f7129,function_transfer_time,1779123755.9058535,0.000018837
experiment_name,156357c9-70f8-4496-9aa2-5ad9535f7129,function_transfer_time,1779123756.0072396,0.000091954
experiment_name,156357c9-70f8-4496-9aa2-5ad9535f7129,function_transfer_time,1779123756.1084898,0.000022644
experiment_name,156357c9-70f8-4496-9aa2-5ad9535f7129,function_transfer_time,1779123756.2097437,0.000021914
experiment_name,156357c9-70f8-4496-9aa2-5ad9535f7129,function_transfer_time,1779123756.3109782,0.000019231
experiment_name,156357c9-70f8-4496-9aa2-5ad9535f7129,function_transfer_time,1779123756.411235,0.000020444
experiment_name,156357c9-70f8-4496-9aa2-5ad9535f7129,function_transfer_time,1779123756.5125158,0.000023628
experiment_name,156357c9-70f8-4496-9aa2-5ad9535f7129,function_transfer_time,1779123756.6138341,0.000079686
experiment_name,156357c9-70f8-4496-9aa2-5ad9535f7129,function_transfer_time,1779123756.7151823,0.000078553
experiment_name,156357c9-70f8-4496-9aa2-5ad9535f7129,function_transfer_time,1779123756.8164985,0.000085466
experiment_name,156357c9-70f8-4496-9aa2-5ad9535f7129,function_transfer_time,1779123756.9178665,0.000077429
experiment_name,156357c9-70f8-4496-9aa2-5ad9535f7129,function_transfer_time,1779123757.0192242,0.000078434
experiment_name,156357c9-70f8-4496-9aa2-5ad9535f7129,function_transfer_time,1779123757.1205494,0.000082947
experiment_name,156357c9-70f8-4496-9aa2-5ad9535f7129,function_transfer_time,1779123757.221894,0.000076121
experiment_name,156357c9-70f8-4496-9aa2-5ad9535f7129,function_transfer_time,1779123757.323211,0.000084432
experiment_name,156357c9-70f8-4496-9aa2-5ad9535f7129,function_transfer_time,1779123757.4245548,0.00007806
experiment_name,156357c9-70f8-4496-9aa2-5ad9535f7129,function_transfer_time,1779123757.5258708,0.0000818
experiment_name,156357c9-70f8-4496-9aa2-5ad9535f7129,function_transfer_time,1779123757.6272082,0.000086244
experiment_name,156357c9-70f8-4496-9aa2-5ad9535f7129,function_transfer_time,1779123757.7285445,0.000075301
experiment_name,156357c9-70f8-4496-9aa2-5ad9535f7129,function_transfer_time,1779123757.8298607,0.000079098
experiment_name,156357c9-70f8-4496-9aa2-5ad9535f7129,function_transfer_time,1779123757.9312477,0.000085921
experiment_name,156357c9-70f8-4496-9aa2-5ad9535f7129,function_transfer_time,1779123758.032555,0.000077554
experiment_name,156357c9-70f8-4496-9aa2-5ad9535f7129,function_transfer_time,1779123758.1338892,0.000076487
experiment_name,156357c9-70f8-4496-9aa2-5ad9535f7129,function_transfer_time,1779123758.235236,0.000076386
experiment_name,156357c9-70f8-4496-9aa2-5ad9535f7129,function_transfer_time,1779123758.336563,0.000080763
experiment_name,156357c9-70f8-4496-9aa2-5ad9535f7129,function_transfer_time,1779123758.4379106,0.000078348
experiment_name,156357c9-70f8-4496-9aa2-5ad9535f7129,function_transfer_time,1779123758.539226,0.000081286
experiment_name,156357c9-70f8-4496-9aa2-5ad9535f7129,function_transfer_time,1779123758.6405728,0.000085195
experiment_name,156357c9-70f8-4496-9aa2-5ad9535f7129,function_transfer_time,1779123758.7418776,0.000075187
experiment_name,156357c9-70f8-4496-9aa2-5ad9535f7129,function_transfer_time,1779123758.8432128,0.00008698
experiment_name,156357c9-70f8-4496-9aa2-5ad9535f7129,function_transfer_time,1779123758.944601,0.000091414
experiment_name,156357c9-70f8-4496-9aa2-5ad9535f7129,function_transfer_time,1779123759.0459068,0.000075601
experiment_name,156357c9-70f8-4496-9aa2-5ad9535f7129,function_transfer_time,1779123759.1472518,0.000082944
experiment_name,156357c9-70f8-4496-9aa2-5ad9535f7129,function_transfer_time,1779123759.2485585,0.000082448
experiment_name,156357c9-70f8-4496-9aa2-5ad9535f7129,function_transfer_time,1779123759.3498642,0.000080186
experiment_name,156357c9-70f8-4496-9aa2-5ad9535f7129,function_transfer_time,1779123759.4511905,0.000083212
experiment_name,156357c9-70f8-4496-9aa2-5ad9535f7129,function_transfer_time,1779123759.5524766,0.000077254
experiment_name,deb27494-4a62-4ba9-a165-dca255d665f2,function_execution_time,1779123759.6544,0.000060723
experiment_name,deb27494-4a62-4ba9-a165-dca255d665f2,function_execution_time,1779123759.7556787,0.000057643
experiment_name,deb27494-4a62-4ba9-a165-dca255d665f2,function_execution_time,1779123759.856978,0.000059089
experiment_name,deb27494-4a62-4ba9-a165-dca255d665f2,function_execution_time,1779123759.958265,0.00006835
experiment_name,deb27494-4a62-4ba9-a165-dca255d665f2,function_execution_time,1779123760.0596037,0.000059939
experiment_name,deb27494-4a62-4ba9-a165-dca255d665f2,function_execution_time,1779123760.1608143,0.000060173
experiment_name,deb27494-4a62-4ba9-a165-dca255d665f2,function_execution_time,1779123760.262263,0.000062938
experiment_name,deb27494-4a62-4ba9-a165-dca255d665f2,function_execution_time,1779123760.3627326,0.000080763
experiment_name,deb27494-4a62-4ba9-a165-dca255d665f2,function_execution_time,1779123760.464024,0.000059746
experiment_name,deb27494-4a62-4ba9-a165-dca255d665f2,function_execution_time,1779123760.5654259,0.000062406
experiment_name,deb27494-4a62-4ba9-a165-dca255d665f2,function_execution_time,1779123760.6666918,0.000058673
experiment_name,deb27494-4a62-4ba9-a165-dca255d665f2,function_execution_time,1779123760.7680697,0.000059057
experiment_name,deb27494-4a62-4ba9-a165-dca255d665f2,function_execution_time,1779123760.869402,0.000064581
experiment_name,deb27494-4a62-4ba9-a165-dca255d665f2,function_execution_time,1779123760.970714,0.00006212
experiment_name,deb27494-4a62-4ba9-a165-dca255d665f2,function_execution_time,1779123761.0721147,0.000060747
experiment_name,deb27494-4a62-4ba9-a165-dca255d665f2,function_execution_time,1779123761.1733882,0.00007764
experiment_name,deb27494-4a62-4ba9-a165-dca255d665f2,function_execution_time,1779123761.2747338,0.000079888
experiment_name,deb27494-4a62-4ba9-a165-dca255d665f2,function_execution_time,1779123761.3761091,0.000056472
experiment_name,deb27494-4a62-4ba9-a165-dca255d665f2,function_execution_time,1779123761.4774036,0.000060023
experiment_name,deb27494-4a62-4ba9-a165-dca255d665f2,function_execution_time,1779123761.5787568,0.00006668
experiment_name,deb27494-4a62-4ba9-a165-dca255d665f2,function_execution_time,1779123761.6800873,0.00005774
experiment_name,deb27494-4a62-4ba9-a165-dca255d665f2,function_execution_time,1779123761.7813396,0.000064501
experiment_name,deb27494-4a62-4ba9-a165-dca255d665f2,function_execution_time,1779123761.8827238,0.000057948
experiment_name,deb27494-4a62-4ba9-a165-dca255d665f2,function_execution_time,1779123761.9840949,0.000057308
experiment_name,deb27494-4a62-4ba9-a165-dca255d665f2,function_execution_time,1779123762.0854626,0.000073292
experiment_name,deb27494-4a62-4ba9-a165-dca255d665f2,function_execution_time,1779123762.1867957,0.000069613
experiment_name,deb27494-4a62-4ba9-a165-dca255d665f2,function_execution_time,1779123762.2880733,0.000068086
experiment_name,deb27494-4a62-4ba9-a165-dca255d665f2,function_execution_time,1779123762.389461,0.000074417
experiment_name,deb27494-4a62-4ba9-a165-dca255d665f2,function_execution_time,1779123762.490744,0.000081621
experiment_name,deb27494-4a62-4ba9-a165-dca255d665f2,function_execution_time,1779123762.5921216,0.000062071
experiment_name,deb27494-4a62-4ba9-a165-dca255d665f2,function_execution_time,1779123762.693481,0.000085451
experiment_name,deb27494-4a62-4ba9-a165-dca255d665f2,function_execution_time,1779123762.7947094,0.000077983
experiment_name,deb27494-4a62-4ba9-a165-dca255d665f2,function_execution_time,1779123762.8961036,0.000066981
experiment_name,deb27494-4a62-4ba9-a165-dca255d665f2,function_execution_time,1779123762.997414,0.000074044
experiment_name,deb27494-4a62-4ba9-a165-dca255d665f2,function_execution_time,1779123763.0987976,0.000072855
experiment_name,deb27494-4a62-4ba9-a165-dca255d665f2,function_execution_time,1779123763.2001135,0.000062649
experiment_name,deb27494-4a62-4ba9-a165-dca255d665f2,function_execution_time,1779123763.3015258,0.000062212
experiment_name,deb27494-4a62-4ba9-a165-dca255d665f2,function_execution_time,1779123763.4028318,0.00006591
experiment_name,deb27494-4a62-4ba9-a165-dca255d665f2,function_execution_time,1779123763.504186,0.000073309
experiment_name,deb27494-4a62-4ba9-a165-dca255d665f2,function_execution_time,1779123763.605534,0.00006413
experiment_name,deb27494-4a62-4ba9-a165-dca255d665f2,function_execution_time,1779123763.7068164,0.000064581
experiment_name,deb27494-4a62-4ba9-a165-dca255d665f2,function_execution_time,1779123763.8081589,0.000060652
experiment_name,deb27494-4a62-4ba9-a165-dca255d665f2,function_execution_time,1779123763.9094064,0.000061126
experiment_name,deb27494-4a62-4ba9-a165-dca255d665f2,function_execution_time,1779123764.0108097,0.000069011
experiment_name,deb27494-4a62-4ba9-a165-dca255d665f2,function_execution_time,1779123764.1120708,0.000062168
experiment_name,deb27494-4a62-4ba9-a165-dca255d665f2,function_execution_time,1779123764.2134378,0.000063677
experiment_name,deb27494-4a62-4ba9-a165-dca255d665f2,function_execution_time,1779123764.3147144,0.000061386
experiment_name,deb27494-4a62-4ba9-a165-dca255d665f2,function_execution_time,1779123764.4160776,0.00007438
experiment_name,deb27494-4a62-4ba9-a165-dca255d665f2,function_execution_time,1779123764.5174174,0.000067531
experiment_name,deb27494-4a62-4ba9-a165-dca255d665f2,function_execution_time,1779123764.6187303,0.000066632
experiment_name,156357c9-70f8-4496-9aa2-5ad9535f7129,function_execution_time,1779123759.6542392,0.000083787
experiment_name,156357c9-70f8-4496-9aa2-5ad9535f7129,function_execution_time,1779123759.7555504,0.000079274
experiment_name,156357c9-70f8-4496-9aa2-5ad9535f7129,function_execution_time,1779123759.856919,0.000173332
experiment_name,156357c9-70f8-4496-9aa2-5ad9535f7129,function_execution_time,1779123759.958198,0.000114181
experiment_name,156357c9-70f8-4496-9aa2-5ad9535f7129,function_execution_time,1779123760.0595114,0.000107347
experiment_name,156357c9-70f8-4496-9aa2-5ad9535f7129,function_execution_time,1779123760.1608083,0.000077291
experiment_name,156357c9-70f8-4496-9aa2-5ad9535f7129,function_execution_time,1779123760.2621334,0.000087338
experiment_name,156357c9-70f8-4496-9aa2-5ad9535f7129,function_execution_time,1779123760.362615,0.000072314
experiment_name,156357c9-70f8-4496-9aa2-5ad9535f7129,function_execution_time,1779123760.4639297,0.000075236
experiment_name,156357c9-70f8-4496-9aa2-5ad9535f7129,function_execution_time,1779123760.5652642,0.000075045
experiment_name,156357c9-70f8-4496-9aa2-5ad9535f7129,function_execution_time,1779123760.6666124,0.00008393
experiment_name,156357c9-70f8-4496-9aa2-5ad9535f7129,function_execution_time,1779123760.7679133,0.00007197
experiment_name,156357c9-70f8-4496-9aa2-5ad9535f7129,function_execution_time,1779123760.869328,0.000138784
experiment_name,156357c9-70f8-4496-9aa2-5ad9535f7129,function_execution_time,1779123760.9706213,0.000082558
experiment_name,156357c9-70f8-4496-9aa2-5ad9535f7129,function_execution_time,1779123761.0719538,0.000071301
experiment_name,156357c9-70f8-4496-9aa2-5ad9535f7129,function_execution_time,1779123761.1732771,0.00007132
experiment_name,156357c9-70f8-4496-9aa2-5ad9535f7129,function_execution_time,1779123761.274699,0.000090002
experiment_name,156357c9-70f8-4496-9aa2-5ad9535f7129,function_execution_time,1779123761.3759584,0.000074226
experiment_name,156357c9-70f8-4496-9aa2-5ad9535f7129,function_execution_time,1779123761.4773319,0.000079393
experiment_name,156357c9-70f8-4496-9aa2-5ad9535f7129,function_execution_time,1779123761.5785902,0.000077649
experiment_name,156357c9-70f8-4496-9aa2-5ad9535f7129,function_execution_time,1779123761.6799357,0.000082764
experiment_name,156357c9-70f8-4496-9aa2-5ad9535f7129,function_execution_time,1779123761.7812755,0.000082564
experiment_name,156357c9-70f8-4496-9aa2-5ad9535f7129,function_execution_time,1779123761.8826525,0.000139787
experiment_name,156357c9-70f8-4496-9aa2-5ad9535f7129,function_execution_time,1779123761.9840095,0.000082815
experiment_name,156357c9-70f8-4496-9aa2-5ad9535f7129,function_execution_time,1779123762.08529,0.000078236
experiment_name,156357c9-70f8-4496-9aa2-5ad9535f7129,function_execution_time,1779123762.1866293,0.000076041
experiment_name,156357c9-70f8-4496-9aa2-5ad9535f7129,function_execution_time,1779123762.2879739,0.00007663
experiment_name,156357c9-70f8-4496-9aa2-5ad9535f7129,function_execution_time,1779123762.38929,0.000080645
experiment_name,156357c9-70f8-4496-9aa2-5ad9535f7129,function_execution_time,1779123762.49062,0.000069605
experiment_name,156357c9-70f8-4496-9aa2-5ad9535f7129,function_execution_time,1779123762.5919628,0.000071194
experiment_name,156357c9-70f8-4496-9aa2-5ad9535f7129,function_execution_time,1779123762.6933756,0.000094044
experiment_name,156357c9-70f8-4496-9aa2-5ad9535f7129,function_execution_time,1779123762.7945917,0.000074455
experiment_name,156357c9-70f8-4496-9aa2-5ad9535f7129,function_execution_time,1779123762.896039,0.000179492
experiment_name,156357c9-70f8-4496-9aa2-5ad9535f7129,function_execution_time,1779123762.9973793,0.00008452
experiment_name,156357c9-70f8-4496-9aa2-5ad9535f7129,function_execution_time,1779123763.0986907,0.000087866
experiment_name,156357c9-70f8-4496-9aa2-5ad9535f7129,function_execution_time,1779123763.1999528,0.000078979
experiment_name,156357c9-70f8-4496-9aa2-5ad9535f7129,function_execution_time,1779123763.3013225,0.000080123
experiment_name,156357c9-70f8-4496-9aa2-5ad9535f7129,function_execution_time,1779123763.4026623,0.000094713
experiment_name,156357c9-70f8-4496-9aa2-5ad9535f7129,function_execution_time,1779123763.504008,0.000081105
experiment_name,156357c9-70f8-4496-9aa2-5ad9535f7129,function_execution_time,1779123763.605354,0.000083326
experiment_name,156357c9-70f8-4496-9aa2-5ad9535f7129,function_execution_time,1779123763.7066457,0.000080149
experiment_name,156357c9-70f8-4496-9aa2-5ad9535f7129,function_execution_time,1779123763.808068,0.000097588
experiment_name,156357c9-70f8-4496-9aa2-5ad9535f7129,function_execution_time,1779123763.909332,0.000145077
experiment_name,156357c9-70f8-4496-9aa2-5ad9535f7129,function_execution_time,1779123764.0106468,0.00007399
experiment_name,156357c9-70f8-4496-9aa2-5ad9535f7129,function_execution_time,1779123764.1119928,0.000086659
experiment_name,156357c9-70f8-4496-9aa2-5ad9535f7129,function_execution_time,1779123764.2132792,0.000074733
experiment_name,156357c9-70f8-4496-9aa2-5ad9535f7129,function_execution_time,1779123764.3145595,0.000075652
experiment_name,156357c9-70f8-4496-9aa2-5ad9535f7129,function_execution_time,1779123764.4159818,0.000089631
experiment_name,156357c9-70f8-4496-9aa2-5ad9535f7129,function_execution_time,1779123764.51725,0.00007242
experiment_name,156357c9-70f8-4496-9aa2-5ad9535f7129,function_execution_time,1779123764.618562,0.000071558
experiment_name,156357c9-70f8-4496-9aa2-5ad9535f7129,function_transfer_time,1779123759.6541545,0.00008252
experiment_name,156357c9-70f8-4496-9aa2-5ad9535f7129,function_transfer_time,1779123759.7554667,0.000078995
experiment_name,156357c9-70f8-4496-9aa2-5ad9535f7129,function_transfer_time,1779123759.8567338,0.000028584
experiment_name,156357c9-70f8-4496-9aa2-5ad9535f7129,function_transfer_time,1779123759.958067,0.000030034
experiment_name,156357c9-70f8-4496-9aa2-5ad9535f7129,function_transfer_time,1779123760.0593998,0.000082506
experiment_name,156357c9-70f8-4496-9aa2-5ad9535f7129,function_transfer_time,1779123760.1606727,0.000020251
experiment_name,156357c9-70f8-4496-9aa2-5ad9535f7129,function_transfer_time,1779123760.2620454,0.000084374
experiment_name,156357c9-70f8-4496-9aa2-5ad9535f7129,function_transfer_time,1779123760.3625333,0.000080147
experiment_name,156357c9-70f8-4496-9aa2-5ad9535f7129,function_transfer_time,1779123760.463849,0.000084059
experiment_name,156357c9-70f8-4496-9aa2-5ad9535f7129,function_transfer_time,1779123760.5651836,0.000081555
experiment_name,156357c9-70f8-4496-9aa2-5ad9535f7129,function_transfer_time,1779123760.6665235,0.000082432
experiment_name,156357c9-70f8-4496-9aa2-5ad9535f7129,function_transfer_time,1779123760.7678356,0.000081867
experiment_name,156357c9-70f8-4496-9aa2-5ad9535f7129,function_transfer_time,1779123760.8691833,0.000085071
experiment_name,156357c9-70f8-4496-9aa2-5ad9535f7129,function_transfer_time,1779123760.9705417,0.000084446
experiment_name,156357c9-70f8-4496-9aa2-5ad9535f7129,function_transfer_time,1779123761.0718768,0.000085004
experiment_name,156357c9-70f8-4496-9aa2-5ad9535f7129,function_transfer_time,1779123761.173193,0.000083754
experiment_name,156357c9-70f8-4496-9aa2-5ad9535f7129,function_transfer_time,1779123761.2745507,0.000087689
experiment_name,156357c9-70f8-4496-9aa2-5ad9535f7129,function_transfer_time,1779123761.3758764,0.000080949
experiment_name,156357c9-70f8-4496-9aa2-5ad9535f7129,function_transfer_time,1779123761.4771934,0.000083836
experiment_name,156357c9-70f8-4496-9aa2-5ad9535f7129,function_transfer_time,1779123761.57851,0.000078892
experiment_name,156357c9-70f8-4496-9aa2-5ad9535f7129,function_transfer_time,1779123761.6798463,0.000086274
experiment_name,156357c9-70f8-4496-9aa2-5ad9535f7129,function_transfer_time,1779123761.781179,0.000080401
experiment_name,156357c9-70f8-4496-9aa2-5ad9535f7129,function_transfer_time,1779123761.8825083,0.000090285
experiment_name,156357c9-70f8-4496-9aa2-5ad9535f7129,function_transfer_time,1779123761.9838638,0.000084136
experiment_name,156357c9-70f8-4496-9aa2-5ad9535f7129,function_transfer_time,1779123762.0852115,0.000084196
experiment_name,156357c9-70f8-4496-9aa2-5ad9535f7129,function_transfer_time,1779123762.1865485,0.000088181
experiment_name,156357c9-70f8-4496-9aa2-5ad9535f7129,function_transfer_time,1779123762.2878942,0.000082725
experiment_name,156357c9-70f8-4496-9aa2-5ad9535f7129,function_transfer_time,1779123762.3892074,0.000077319
experiment_name,156357c9-70f8-4496-9aa2-5ad9535f7129,function_transfer_time,1779123762.4905365,0.000080525
experiment_name,156357c9-70f8-4496-9aa2-5ad9535f7129,function_transfer_time,1779123762.591882,0.00008144
experiment_name,156357c9-70f8-4496-9aa2-5ad9535f7129,function_transfer_time,1779123762.6932125,0.000083944
experiment_name,156357c9-70f8-4496-9aa2-5ad9535f7129,function_transfer_time,1779123762.794507,0.000027565
experiment_name,156357c9-70f8-4496-9aa2-5ad9535f7129,function_transfer_time,1779123762.8958488,0.000092315
experiment_name,156357c9-70f8-4496-9aa2-5ad9535f7129,function_transfer_time,1779123762.9972394,0.000080168
experiment_name,156357c9-70f8-4496-9aa2-5ad9535f7129,function_transfer_time,1779123763.0985367,0.00008752
experiment_name,156357c9-70f8-4496-9aa2-5ad9535f7129,function_transfer_time,1779123763.1998742,0.000087859
experiment_name,156357c9-70f8-4496-9aa2-5ad9535f7129,function_transfer_time,1779123763.3012428,0.00008854
experiment_name,156357c9-70f8-4496-9aa2-5ad9535f7129,function_transfer_time,1779123763.402569,0.000085195
experiment_name,156357c9-70f8-4496-9aa2-5ad9535f7129,function_transfer_time,1779123763.5039277,0.000085039
experiment_name,156357c9-70f8-4496-9aa2-5ad9535f7129,function_transfer_time,1779123763.605274,0.000093042
experiment_name,156357c9-70f8-4496-9aa2-5ad9535f7129,function_transfer_time,1779123763.7065623,0.000027398
experiment_name,156357c9-70f8-4496-9aa2-5ad9535f7129,function_transfer_time,1779123763.807912,0.000078289
experiment_name,156357c9-70f8-4496-9aa2-5ad9535f7129,function_transfer_time,1779123763.90918,0.000027121
experiment_name,156357c9-70f8-4496-9aa2-5ad9535f7129,function_transfer_time,1779123764.0105631,0.000078283
experiment_name,156357c9-70f8-4496-9aa2-5ad9535f7129,function_transfer_time,1779123764.1118188,0.000023496
experiment_name,156357c9-70f8-4496-9aa2-5ad9535f7129,function_transfer_time,1779123764.213195,0.000086793
experiment_name,156357c9-70f8-4496-9aa2-5ad9535f7129,function_transfer_time,1779123764.3144755,0.000025861
experiment_name,156357c9-70f8-4496-9aa2-5ad9535f7129,function_transfer_time,1779123764.4158192,0.000082685
experiment_name,156357c9-70f8-4496-9aa2-5ad9535f7129,function_transfer_time,1779123764.5171719,0.000083324
experiment_name,156357c9-70f8-4496-9aa2-5ad9535f7129,function_transfer_time,1779123764.6184855,0.000083853
experiment_name,deb27494-4a62-4ba9-a165-dca255d665f2,function_transfer_time,1779123759.6543372,0.000114646
experiment_name,deb27494-4a62-4ba9-a165-dca255d665f2,function_transfer_time,1779123759.7556138,0.000090087
experiment_name,deb27494-4a62-4ba9-a165-dca255d665f2,function_transfer_time,1779123759.8569148,0.000039108
experiment_name,deb27494-4a62-4ba9-a165-dca255d665f2,function_transfer_time,1779123759.9581938,0.000038909
experiment_name,deb27494-4a62-4ba9-a165-dca255d665f2,function_transfer_time,1779123760.0595357,0.000054082
experiment_name,deb27494-4a62-4ba9-a165-dca255d665f2,function_transfer_time,1779123760.160812,0.000032824
experiment_name,deb27494-4a62-4ba9-a165-dca255d665f2,function_transfer_time,1779123760.2621932,0.000087506
experiment_name,deb27494-4a62-4ba9-a165-dca255d665f2,function_transfer_time,1779123760.3626945,0.000053895
experiment_name,deb27494-4a62-4ba9-a165-dca255d665f2,function_transfer_time,1779123760.4639604,0.000049585
experiment_name,deb27494-4a62-4ba9-a165-dca255d665f2,function_transfer_time,1779123760.5653584,0.000110572
experiment_name,deb27494-4a62-4ba9-a165-dca255d665f2,function_transfer_time,1779123760.6666155,0.000039712
experiment_name,deb27494-4a62-4ba9-a165-dca255d665f2,function_transfer_time,1779123760.768006,0.000108939
experiment_name,deb27494-4a62-4ba9-a165-dca255d665f2,function_transfer_time,1779123760.8693311,0.00003516
experiment_name,deb27494-4a62-4ba9-a165-dca255d665f2,function_transfer_time,1779123760.9707,0.000045944
experiment_name,deb27494-4a62-4ba9-a165-dca255d665f2,function_transfer_time,1779123761.0720446,0.000108212
experiment_name,deb27494-4a62-4ba9-a165-dca255d665f2,function_transfer_time,1779123761.1733565,0.000052383
experiment_name,deb27494-4a62-4ba9-a165-dca255d665f2,function_transfer_time,1779123761.2746933,0.000036155
experiment_name,deb27494-4a62-4ba9-a165-dca255d665f2,function_transfer_time,1779123761.3760486,0.000107629
experiment_name,deb27494-4a62-4ba9-a165-dca255d665f2,function_transfer_time,1779123761.4773352,0.000086824
experiment_name,deb27494-4a62-4ba9-a165-dca255d665f2,function_transfer_time,1779123761.5786843,0.000107944
experiment_name,deb27494-4a62-4ba9-a165-dca255d665f2,function_transfer_time,1779123761.6800253,0.000108586
experiment_name,deb27494-4a62-4ba9-a165-dca255d665f2,function_transfer_time,1779123761.781272,0.000030965
experiment_name,deb27494-4a62-4ba9-a165-dca255d665f2,function_transfer_time,1779123761.8826556,0.00003919
experiment_name,deb27494-4a62-4ba9-a165-dca255d665f2,function_transfer_time,1779123761.9840312,0.000107435
experiment_name,deb27494-4a62-4ba9-a165-dca255d665f2,function_transfer_time,1779123762.0853834,0.000107438
experiment_name,deb27494-4a62-4ba9-a165-dca255d665f2,function_transfer_time,1779123762.1867235,0.000106645
experiment_name,deb27494-4a62-4ba9-a165-dca255d665f2,function_transfer_time,1779123762.2880473,0.000045893
experiment_name,deb27494-4a62-4ba9-a165-dca255d665f2,function_transfer_time,1779123762.3893814,0.000103539
experiment_name,deb27494-4a62-4ba9-a165-dca255d665f2,function_transfer_time,1779123762.490693,0.000062284
experiment_name,deb27494-4a62-4ba9-a165-dca255d665f2,function_transfer_time,1779123762.5920544,0.00010944
experiment_name,deb27494-4a62-4ba9-a165-dca255d665f2,function_transfer_time,1779123762.6933792,0.000107872
experiment_name,deb27494-4a62-4ba9-a165-dca255d665f2,function_transfer_time,1779123762.7946765,0.000056398
experiment_name,deb27494-4a62-4ba9-a165-dca255d665f2,function_transfer_time,1779123762.8960319,0.000039619
experiment_name,deb27494-4a62-4ba9-a165-dca255d665f2,function_transfer_time,1779123762.9973829,0.000036631
experiment_name,deb27494-4a62-4ba9-a165-dca255d665f2,function_transfer_time,1779123763.098717,0.000108015
experiment_name,deb27494-4a62-4ba9-a165-dca255d665f2,function_transfer_time,1779123763.2000463,0.000104594
experiment_name,deb27494-4a62-4ba9-a165-dca255d665f2,function_transfer_time,1779123763.3014522,0.000132547
experiment_name,deb27494-4a62-4ba9-a165-dca255d665f2,function_transfer_time,1779123763.4027603,0.000121177
experiment_name,deb27494-4a62-4ba9-a165-dca255d665f2,function_transfer_time,1779123763.5041058,0.000110259
experiment_name,deb27494-4a62-4ba9-a165-dca255d665f2,function_transfer_time,1779123763.6054645,0.000118977
experiment_name,deb27494-4a62-4ba9-a165-dca255d665f2,function_transfer_time,1779123763.7067475,0.000116184
experiment_name,deb27494-4a62-4ba9-a165-dca255d665f2,function_transfer_time,1779123763.8080924,0.000101871
experiment_name,deb27494-4a62-4ba9-a165-dca255d665f2,function_transfer_time,1779123763.9093359,0.000039535
experiment_name,deb27494-4a62-4ba9-a165-dca255d665f2,function_transfer_time,1779123764.0107358,0.000107173
experiment_name,deb27494-4a62-4ba9-a165-dca255d665f2,function_transfer_time,1779123764.1119964,0.000115828
experiment_name,deb27494-4a62-4ba9-a165-dca255d665f2,function_transfer_time,1779123764.2133663,0.00010587
experiment_name,deb27494-4a62-4ba9-a165-dca255d665f2,function_transfer_time,1779123764.3146405,0.000108518
experiment_name,deb27494-4a62-4ba9-a165-dca255d665f2,function_transfer_time,1779123764.4159858,0.000114157
experiment_name,deb27494-4a62-4ba9-a165-dca255d665f2,function_transfer_time,1779123764.517345,0.000110402
experiment_name,deb27494-4a62-4ba9-a165-dca255d665f2,function_transfer_time,1779123764.6186583,0.000110785
experiment_name,deb27494-4a62-4ba9-a165-dca255d665f2,function_execution_time,1779123764.720507,0.000069348
experiment_name,deb27494-4a62-4ba9-a165-dca255d665f2,function_execution_time,1779123764.8218262,0.000063579
experiment_name,deb27494-4a62-4ba9-a165-dca255d665f2,function_execution_time,1779123764.9231517,0.000067567
experiment_name,deb27494-4a62-4ba9-a165-dca255d665f2,function_execution_time,1779123765.0235395,0.000064932
experiment_name,deb27494-4a62-4ba9-a165-dca255d665f2,function_execution_time,1779123765.1248221,0.000057302
experiment_name,deb27494-4a62-4ba9-a165-dca255d665f2,function_execution_time,1779123765.2260919,0.000058382
experiment_name,deb27494-4a62-4ba9-a165-dca255d665f2,function_execution_time,1779123765.3273509,0.000072285
experiment_name,deb27494-4a62-4ba9-a165-dca255d665f2,function_execution_time,1779123765.4286757,0.000059197
experiment_name,deb27494-4a62-4ba9-a165-dca255d665f2,function_execution_time,1779123765.529941,0.000056204
experiment_name,deb27494-4a62-4ba9-a165-dca255d665f2,function_execution_time,1779123765.6312747,0.000056807
experiment_name,deb27494-4a62-4ba9-a165-dca255d665f2,function_execution_time,1779123765.7315998,0.000056387
experiment_name,deb27494-4a62-4ba9-a165-dca255d665f2,function_execution_time,1779123765.8328629,0.00007827
experiment_name,deb27494-4a62-4ba9-a165-dca255d665f2,function_execution_time,1779123765.9343307,0.000090958
experiment_name,deb27494-4a62-4ba9-a165-dca255d665f2,function_execution_time,1779123766.0356255,0.000069041
experiment_name,deb27494-4a62-4ba9-a165-dca255d665f2,function_execution_time,1779123766.1370153,0.0000617
experiment_name,deb27494-4a62-4ba9-a165-dca255d665f2,function_execution_time,1779123766.2382612,0.000075317
experiment_name,deb27494-4a62-4ba9-a165-dca255d665f2,function_execution_time,1779123766.338609,0.00005751
experiment_name,deb27494-4a62-4ba9-a165-dca255d665f2,function_execution_time,1779123766.4399724,0.000062631
experiment_name,deb27494-4a62-4ba9-a165-dca255d665f2,function_execution_time,1779123766.5412176,0.000073353
experiment_name,deb27494-4a62-4ba9-a165-dca255d665f2,function_execution_time,1779123766.6416242,0.000073845
experiment_name,deb27494-4a62-4ba9-a165-dca255d665f2,function_execution_time,1779123766.742935,0.000061583
experiment_name,deb27494-4a62-4ba9-a165-dca255d665f2,function_execution_time,1779123766.8442705,0.000065983
experiment_name,deb27494-4a62-4ba9-a165-dca255d665f2,function_execution_time,1779123766.9446032,0.000061605
experiment_name,deb27494-4a62-4ba9-a165-dca255d665f2,function_execution_time,1779123767.0459702,0.000059453
experiment_name,deb27494-4a62-4ba9-a165-dca255d665f2,function_execution_time,1779123767.147327,0.000068043
experiment_name,deb27494-4a62-4ba9-a165-dca255d665f2,function_execution_time,1779123767.248648,0.000060295
experiment_name,156357c9-70f8-4496-9aa2-5ad9535f7129,function_execution_time,1779123764.720341,0.000071564
experiment_name,156357c9-70f8-4496-9aa2-5ad9535f7129,function_execution_time,1779123764.8216748,0.000079623
experiment_name,156357c9-70f8-4496-9aa2-5ad9535f7129,function_execution_time,1779123764.9230843,0.000154473
experiment_name,156357c9-70f8-4496-9aa2-5ad9535f7129,function_execution_time,1779123765.0233834,0.000068908
experiment_name,156357c9-70f8-4496-9aa2-5ad9535f7129,function_execution_time,1779123765.1247437,0.000082977
experiment_name,156357c9-70f8-4496-9aa2-5ad9535f7129,function_execution_time,1779123765.2259393,0.00005961
experiment_name,156357c9-70f8-4496-9aa2-5ad9535f7129,function_execution_time,1779123765.327189,0.000073006
experiment_name,156357c9-70f8-4496-9aa2-5ad9535f7129,function_execution_time,1779123765.4285247,0.000072667
experiment_name,156357c9-70f8-4496-9aa2-5ad9535f7129,function_execution_time,1779123765.529868,0.00008197
experiment_name,156357c9-70f8-4496-9aa2-5ad9535f7129,function_execution_time,1779123765.6311228,0.00006973
experiment_name,156357c9-70f8-4496-9aa2-5ad9535f7129,function_execution_time,1779123765.7315266,0.000098109
experiment_name,156357c9-70f8-4496-9aa2-5ad9535f7129,function_execution_time,1779123765.8328261,0.000090411
experiment_name,156357c9-70f8-4496-9aa2-5ad9535f7129,function_execution_time,1779123765.9342728,0.000213983
experiment_name,156357c9-70f8-4496-9aa2-5ad9535f7129,function_execution_time,1779123766.0355272,0.000095817
experiment_name,156357c9-70f8-4496-9aa2-5ad9535f7129,function_execution_time,1779123766.1368642,0.000073944
experiment_name,156357c9-70f8-4496-9aa2-5ad9535f7129,function_execution_time,1779123766.2381747,0.000088323
experiment_name,156357c9-70f8-4496-9aa2-5ad9535f7129,function_execution_time,1779123766.3384578,0.000092767
experiment_name,156357c9-70f8-4496-9aa2-5ad9535f7129,function_execution_time,1779123766.4398022,0.000078041
experiment_name,156357c9-70f8-4496-9aa2-5ad9535f7129,function_execution_time,1779123766.5411127,0.000072188
experiment_name,156357c9-70f8-4496-9aa2-5ad9535f7129,function_execution_time,1779123766.6415222,0.000095614
experiment_name,156357c9-70f8-4496-9aa2-5ad9535f7129,function_execution_time,1779123766.7427719,0.00007119
experiment_name,156357c9-70f8-4496-9aa2-5ad9535f7129,function_execution_time,1779123766.8441095,0.000082307
experiment_name,156357c9-70f8-4496-9aa2-5ad9535f7129,function_execution_time,1779123766.9445302,0.000144577
experiment_name,156357c9-70f8-4496-9aa2-5ad9535f7129,function_execution_time,1779123767.045886,0.000091606
experiment_name,156357c9-70f8-4496-9aa2-5ad9535f7129,function_execution_time,1779123767.1471586,0.000075421
experiment_name,156357c9-70f8-4496-9aa2-5ad9535f7129,function_execution_time,1779123767.2485604,0.000095592
experiment_name,156357c9-70f8-4496-9aa2-5ad9535f7129,function_stop_time,1779123767.2819142,0.000035878
experiment_name,deb27494-4a62-4ba9-a165-dca255d665f2,function_stop_time,1779123767.2861094,0.000019305
experiment_name,dddf8ef5-599d-4934-b281-6e0647eafaf1,function_stop_time,1779123767.276348,0.00004374
experiment_name,deb27494-4a62-4ba9-a165-dca255d665f2,function_transfer_time,1779123764.7204392,0.000109761
experiment_name,deb27494-4a62-4ba9-a165-dca255d665f2,function_transfer_time,1779123764.8217583,0.000102273
experiment_name,deb27494-4a62-4ba9-a165-dca255d665f2,function_transfer_time,1779123764.9230807,0.000035447
experiment_name,deb27494-4a62-4ba9-a165-dca255d665f2,function_transfer_time,1779123765.0234694,0.000109775
experiment_name,deb27494-4a62-4ba9-a165-dca255d665f2,function_transfer_time,1779123765.1247485,0.000089131
experiment_name,deb27494-4a62-4ba9-a165-dca255d665f2,function_transfer_time,1779123765.226029,0.000116399
experiment_name,deb27494-4a62-4ba9-a165-dca255d665f2,function_transfer_time,1779123765.3272736,0.000105141
experiment_name,deb27494-4a62-4ba9-a165-dca255d665f2,function_transfer_time,1779123765.428611,0.000103376
experiment_name,deb27494-4a62-4ba9-a165-dca255d665f2,function_transfer_time,1779123765.5298722,0.000092335
experiment_name,deb27494-4a62-4ba9-a165-dca255d665f2,function_transfer_time,1779123765.6312132,0.00011249
experiment_name,deb27494-4a62-4ba9-a165-dca255d665f2,function_transfer_time,1779123765.7315292,0.000100276
experiment_name,deb27494-4a62-4ba9-a165-dca255d665f2,function_transfer_time,1779123765.8328311,0.000052327
experiment_name,deb27494-4a62-4ba9-a165-dca255d665f2,function_transfer_time,1779123765.9342263,0.000036157
experiment_name,deb27494-4a62-4ba9-a165-dca255d665f2,function_transfer_time,1779123766.0356019,0.000049065
experiment_name,deb27494-4a62-4ba9-a165-dca255d665f2,function_transfer_time,1779123766.1369488,0.000106676
experiment_name,deb27494-4a62-4ba9-a165-dca255d665f2,function_transfer_time,1779123766.2381709,0.00003446
experiment_name,deb27494-4a62-4ba9-a165-dca255d665f2,function_transfer_time,1779123766.3385463,0.00011279
experiment_name,deb27494-4a62-4ba9-a165-dca255d665f2,function_transfer_time,1779123766.439906,0.000118249
experiment_name,deb27494-4a62-4ba9-a165-dca255d665f2,function_transfer_time,1779123766.541183,0.00005014
experiment_name,deb27494-4a62-4ba9-a165-dca255d665f2,function_transfer_time,1779123766.6415427,0.000120302
experiment_name,deb27494-4a62-4ba9-a165-dca255d665f2,function_transfer_time,1779123766.7428675,0.000118094
experiment_name,deb27494-4a62-4ba9-a165-dca255d665f2,function_transfer_time,1779123766.8441994,0.00010272
experiment_name,deb27494-4a62-4ba9-a165-dca255d665f2,function_transfer_time,1779123766.9445333,0.000036707
experiment_name,deb27494-4a62-4ba9-a165-dca255d665f2,function_transfer_time,1779123767.04589,0.000095418
experiment_name,deb27494-4a62-4ba9-a165-dca255d665f2,function_transfer_time,1779123767.1472547,0.000117417
experiment_name,deb27494-4a62-4ba9-a165-dca255d665f2,function_transfer_time,1779123767.2485645,0.000098813
experiment_name,156357c9-70f8-4496-9aa2-5ad9535f7129,function_transfer_time,1779123764.720263,0.000077642
experiment_name,156357c9-70f8-4496-9aa2-5ad9535f7129,function_transfer_time,1779123764.8215878,0.000087007
experiment_name,156357c9-70f8-4496-9aa2-5ad9535f7129,function_transfer_time,1779123764.9229138,0.00008
experiment_name,156357c9-70f8-4496-9aa2-5ad9535f7129,function_transfer_time,1779123765.0232992,0.000078632
experiment_name,156357c9-70f8-4496-9aa2-5ad9535f7129,function_transfer_time,1779123765.1246154,0.000077758
experiment_name,156357c9-70f8-4496-9aa2-5ad9535f7129,function_transfer_time,1779123765.2258604,0.00002409
experiment_name,156357c9-70f8-4496-9aa2-5ad9535f7129,function_transfer_time,1779123765.3271072,0.000021506
experiment_name,156357c9-70f8-4496-9aa2-5ad9535f7129,function_transfer_time,1779123765.4284465,0.000079847
experiment_name,156357c9-70f8-4496-9aa2-5ad9535f7129,function_transfer_time,1779123765.5297234,0.000078728
experiment_name,156357c9-70f8-4496-9aa2-5ad9535f7129,function_transfer_time,1779123765.63104,0.000084466
experiment_name,156357c9-70f8-4496-9aa2-5ad9535f7129,function_transfer_time,1779123765.731382,0.000076019
experiment_name,156357c9-70f8-4496-9aa2-5ad9535f7129,function_transfer_time,1779123765.8326666,0.000075715
experiment_name,156357c9-70f8-4496-9aa2-5ad9535f7129,function_transfer_time,1779123765.9340553,0.000105838
experiment_name,156357c9-70f8-4496-9aa2-5ad9535f7129,function_transfer_time,1779123766.0354373,0.000080334
experiment_name,156357c9-70f8-4496-9aa2-5ad9535f7129,function_transfer_time,1779123766.136781,0.000082155
experiment_name,156357c9-70f8-4496-9aa2-5ad9535f7129,function_transfer_time,1779123766.2380707,0.000023469
experiment_name,156357c9-70f8-4496-9aa2-5ad9535f7129,function_transfer_time,1779123766.3383663,0.000079733
experiment_name,156357c9-70f8-4496-9aa2-5ad9535f7129,function_transfer_time,1779123766.4397247,0.000078923
experiment_name,156357c9-70f8-4496-9aa2-5ad9535f7129,function_transfer_time,1779123766.54103,0.000079553
experiment_name,156357c9-70f8-4496-9aa2-5ad9535f7129,function_transfer_time,1779123766.6413639,0.000075732
experiment_name,156357c9-70f8-4496-9aa2-5ad9535f7129,function_transfer_time,1779123766.742689,0.000075901
experiment_name,156357c9-70f8-4496-9aa2-5ad9535f7129,function_transfer_time,1779123766.844028,0.000084279
experiment_name,156357c9-70f8-4496-9aa2-5ad9535f7129,function_transfer_time,1779123766.9443805,0.000086103
experiment_name,156357c9-70f8-4496-9aa2-5ad9535f7129,function_transfer_time,1779123767.0457373,0.000081838
experiment_name,156357c9-70f8-4496-9aa2-5ad9535f7129,function_transfer_time,1779123767.1470752,0.00008583
experiment_name,156357c9-70f8-4496-9aa2-5ad9535f7129,function_transfer_time,1779123767.2484014,0.000084673
experiment_name,eceb024a-7db3-4e0b-8e9d-a08bf89907ee,function_stop_time,1779123767.2749243,0.000067704
experiment_name,8fcae6ef-d04e-4aac-a97a-94dfbfdec63f,function_stop_time,1779123767.2863312,0.000030649
experiment_name,4d86269f-4326-469f-a006-b96344f8ca0b,function_stop_time,1779123767.2893777,0.000032685
experiment_name,3c96d881-9faa-481f-95a3-490f01117afe,function_stop_time,1779123767.2904994,0.000028259
experiment_name,ec57bdf0-145d-4dcb-8df2-099cc8f4003e,function_stop_time,1779123767.2870936,0.000037815
experiment_name,ab1d0ef3-9622-414e-a060-202f42a9ee86,function_stop_time,1779123767.2857478,0.000039426
experiment_name,d211688a-73c9-4237-8eb4-4e759d348654,function_stop_time,1779123767.279432,0.000106168
experiment_name,e997c631-c394-4374-b685-2f44d4ab486e,function_stop_time,1779123767.2763171,0.000041018
experiment_name,fa2e2656-54cc-4dea-b805-ee055e6b38b6,function_stop_time,1779123767.2752223,0.000061963
experiment_name,f1be1f52-62c9-4fde-af31-a9ef2cf18f09,function_stop_time,1779123767.2817266,0.0000555
experiment_name,ed7cce9f-9a2a-407f-b4d6-5584cc5df6c5,function_stop_time,1779123767.2868917,0.000051149
experiment_name,d44c4218-276b-4687-bd7a-20f9c6067ddd,function_stop_time,1779123767.2746484,0.000068704
experiment_name,913f9651-99f8-4d95-9204-26faa19ce24c,function_stop_time,1779123767.2853937,0.000055408
experiment_name,775ca9a3-9f8a-43aa-982f-ade93491bb8d,function_stop_time,1779123767.284757,0.000052667
experiment_name,b01c6118-11ff-4fb3-843d-b660d7f45984,function_stop_time,1779123767.2882938,0.000034074
