experiment_name,5adca94d-bc44-4d26-9e3b-546128cc6fee,function_instantiate_time,1779111083.2338731,0.01262503
experiment_name,c6d8d533-6d04-4a21-9d60-3e7755ff3602,function_instantiate_time,1779111083.2339268,0.014015402
experiment_name,5adca94d-bc44-4d26-9e3b-546128cc6fee,function_init_time,1779111083.2339306,0.000072021
experiment_name,c6d8d533-6d04-4a21-9d60-3e7755ff3602,function_init_time,1779111083.2339857,0.000052187
experiment_name,5adca94d-bc44-4d26-9e3b-546128cc6fee,function_execution_time,1779111083.2341747,0.00008613
experiment_name,5adca94d-bc44-4d26-9e3b-546128cc6fee,function_execution_time,1779111083.3357122,0.000063647
experiment_name,5adca94d-bc44-4d26-9e3b-546128cc6fee,function_execution_time,1779111083.4371536,0.000059816
experiment_name,5adca94d-bc44-4d26-9e3b-546128cc6fee,function_execution_time,1779111083.53864,0.000067807
experiment_name,5adca94d-bc44-4d26-9e3b-546128cc6fee,function_execution_time,1779111083.6391437,0.000061421
experiment_name,5adca94d-bc44-4d26-9e3b-546128cc6fee,function_execution_time,1779111083.740456,0.000071342
experiment_name,5adca94d-bc44-4d26-9e3b-546128cc6fee,function_execution_time,1779111083.8417835,0.00006087
experiment_name,5adca94d-bc44-4d26-9e3b-546128cc6fee,function_execution_time,1779111083.9430707,0.000064682
experiment_name,5adca94d-bc44-4d26-9e3b-546128cc6fee,function_execution_time,1779111084.04448,0.000084935
experiment_name,c6d8d533-6d04-4a21-9d60-3e7755ff3602,function_execution_time,1779111083.234118,0.000101405
experiment_name,c6d8d533-6d04-4a21-9d60-3e7755ff3602,function_execution_time,1779111083.3355856,0.000103564
experiment_name,c6d8d533-6d04-4a21-9d60-3e7755ff3602,function_execution_time,1779111083.437035,0.000097319
experiment_name,c6d8d533-6d04-4a21-9d60-3e7755ff3602,function_execution_time,1779111083.5385084,0.000102061
experiment_name,c6d8d533-6d04-4a21-9d60-3e7755ff3602,function_execution_time,1779111083.6390057,0.000081513
experiment_name,c6d8d533-6d04-4a21-9d60-3e7755ff3602,function_execution_time,1779111083.7403252,0.000092532
experiment_name,c6d8d533-6d04-4a21-9d60-3e7755ff3602,function_execution_time,1779111083.8417313,0.00008845
experiment_name,c6d8d533-6d04-4a21-9d60-3e7755ff3602,function_execution_time,1779111083.9429812,0.000079519
experiment_name,c6d8d533-6d04-4a21-9d60-3e7755ff3602,function_execution_time,1779111084.044316,0.000073403
experiment_name,5adca94d-bc44-4d26-9e3b-546128cc6fee,function_transfer_time,1779111083.2340817,0.000026712
experiment_name,5adca94d-bc44-4d26-9e3b-546128cc6fee,function_transfer_time,1779111083.335639,0.000093353
experiment_name,5adca94d-bc44-4d26-9e3b-546128cc6fee,function_transfer_time,1779111083.437086,0.000091813
experiment_name,5adca94d-bc44-4d26-9e3b-546128cc6fee,function_transfer_time,1779111083.5385644,0.000094176
experiment_name,5adca94d-bc44-4d26-9e3b-546128cc6fee,function_transfer_time,1779111083.6390808,0.000111052
experiment_name,5adca94d-bc44-4d26-9e3b-546128cc6fee,function_transfer_time,1779111083.740376,0.000094126
experiment_name,5adca94d-bc44-4d26-9e3b-546128cc6fee,function_transfer_time,1779111083.8417377,0.00010438
experiment_name,5adca94d-bc44-4d26-9e3b-546128cc6fee,function_transfer_time,1779111083.943005,0.000063431
experiment_name,5adca94d-bc44-4d26-9e3b-546128cc6fee,function_transfer_time,1779111084.0444582,0.000110395
experiment_name,c6d8d533-6d04-4a21-9d60-3e7755ff3602,function_transfer_time,1779111083.234002,0.000033207
experiment_name,c6d8d533-6d04-4a21-9d60-3e7755ff3602,function_transfer_time,1779111083.3354847,0.000103801
experiment_name,c6d8d533-6d04-4a21-9d60-3e7755ff3602,function_transfer_time,1779111083.436938,0.000088914
experiment_name,c6d8d533-6d04-4a21-9d60-3e7755ff3602,function_transfer_time,1779111083.5384057,0.000085931
experiment_name,c6d8d533-6d04-4a21-9d60-3e7755ff3602,function_transfer_time,1779111083.6389995,0.000089645
experiment_name,c6d8d533-6d04-4a21-9d60-3e7755ff3602,function_transfer_time,1779111083.7402313,0.000084165
experiment_name,c6d8d533-6d04-4a21-9d60-3e7755ff3602,function_transfer_time,1779111083.841557,0.000084568
experiment_name,c6d8d533-6d04-4a21-9d60-3e7755ff3602,function_transfer_time,1779111083.9428864,0.000085034
experiment_name,c6d8d533-6d04-4a21-9d60-3e7755ff3602,function_transfer_time,1779111084.0442324,0.000081521
experiment_name,ff328796-c734-46d4-9f4c-534a7168f5a3,function_instantiate_time,1779111083.2800004,0.054279118
experiment_name,ca1bedbd-0418-4912-a4d0-9b73bef3c413,function_instantiate_time,1779111083.2779703,0.046893825
experiment_name,ff328796-c734-46d4-9f4c-534a7168f5a3,function_init_time,1779111083.280316,0.000319077
experiment_name,ca1bedbd-0418-4912-a4d0-9b73bef3c413,function_init_time,1779111083.278015,0.000062279
experiment_name,ff328796-c734-46d4-9f4c-534a7168f5a3,function_execution_time,1779111083.2822149,0.001846105
experiment_name,ff328796-c734-46d4-9f4c-534a7168f5a3,function_execution_time,1779111083.3871028,0.000344558
experiment_name,ca1bedbd-0418-4912-a4d0-9b73bef3c413,function_execution_time,1779111083.2839382,0.002451369
experiment_name,ca1bedbd-0418-4912-a4d0-9b73bef3c413,function_execution_time,1779111083.386836,0.001592567
experiment_name,ff328796-c734-46d4-9f4c-534a7168f5a3,function_transfer_time,1779111083.2803307,0.000088389
experiment_name,ff328796-c734-46d4-9f4c-534a7168f5a3,function_transfer_time,1779111083.386754,0.000013314
experiment_name,ca1bedbd-0418-4912-a4d0-9b73bef3c413,function_transfer_time,1779111083.2814717,0.000276372
experiment_name,ca1bedbd-0418-4912-a4d0-9b73bef3c413,function_transfer_time,1779111083.3852386,0.000219557
experiment_name,c6d8d533-6d04-4a21-9d60-3e7755ff3602,function_execution_time,1779111084.145208,0.000085823
experiment_name,c6d8d533-6d04-4a21-9d60-3e7755ff3602,function_execution_time,1779111084.2465506,0.000160363
experiment_name,c6d8d533-6d04-4a21-9d60-3e7755ff3602,function_execution_time,1779111084.3468878,0.000086514
experiment_name,c6d8d533-6d04-4a21-9d60-3e7755ff3602,function_execution_time,1779111084.4482622,0.000078329
experiment_name,c6d8d533-6d04-4a21-9d60-3e7755ff3602,function_execution_time,1779111084.5496793,0.000082864
experiment_name,c6d8d533-6d04-4a21-9d60-3e7755ff3602,function_execution_time,1779111084.6509302,0.000072486
experiment_name,c6d8d533-6d04-4a21-9d60-3e7755ff3602,function_execution_time,1779111084.7522457,0.000072813
experiment_name,c6d8d533-6d04-4a21-9d60-3e7755ff3602,function_execution_time,1779111084.8535988,0.000082914
experiment_name,c6d8d533-6d04-4a21-9d60-3e7755ff3602,function_execution_time,1779111084.9549015,0.00007039
experiment_name,c6d8d533-6d04-4a21-9d60-3e7755ff3602,function_execution_time,1779111085.0562186,0.000087592
experiment_name,c6d8d533-6d04-4a21-9d60-3e7755ff3602,function_execution_time,1779111085.157519,0.000093833
experiment_name,c6d8d533-6d04-4a21-9d60-3e7755ff3602,function_execution_time,1779111085.2580564,0.00015338
experiment_name,c6d8d533-6d04-4a21-9d60-3e7755ff3602,function_execution_time,1779111085.3593695,0.000072148
experiment_name,c6d8d533-6d04-4a21-9d60-3e7755ff3602,function_execution_time,1779111085.4606955,0.0000794
experiment_name,c6d8d533-6d04-4a21-9d60-3e7755ff3602,function_execution_time,1779111085.562003,0.00008306
experiment_name,c6d8d533-6d04-4a21-9d60-3e7755ff3602,function_execution_time,1779111085.663324,0.000075966
experiment_name,c6d8d533-6d04-4a21-9d60-3e7755ff3602,function_execution_time,1779111085.7647285,0.00008214
experiment_name,c6d8d533-6d04-4a21-9d60-3e7755ff3602,function_execution_time,1779111085.8659682,0.000075934
experiment_name,c6d8d533-6d04-4a21-9d60-3e7755ff3602,function_execution_time,1779111085.9672933,0.000083473
experiment_name,c6d8d533-6d04-4a21-9d60-3e7755ff3602,function_execution_time,1779111086.0686226,0.000072978
experiment_name,5adca94d-bc44-4d26-9e3b-546128cc6fee,function_execution_time,1779111084.1453307,0.000065123
experiment_name,5adca94d-bc44-4d26-9e3b-546128cc6fee,function_execution_time,1779111084.2466073,0.000059857
experiment_name,5adca94d-bc44-4d26-9e3b-546128cc6fee,function_execution_time,1779111084.3469417,0.00005852
experiment_name,5adca94d-bc44-4d26-9e3b-546128cc6fee,function_execution_time,1779111084.4484365,0.000068494
experiment_name,5adca94d-bc44-4d26-9e3b-546128cc6fee,function_execution_time,1779111084.549773,0.000059335
experiment_name,5adca94d-bc44-4d26-9e3b-546128cc6fee,function_execution_time,1779111084.6511004,0.000059133
experiment_name,5adca94d-bc44-4d26-9e3b-546128cc6fee,function_execution_time,1779111084.7524166,0.00005899
experiment_name,5adca94d-bc44-4d26-9e3b-546128cc6fee,function_execution_time,1779111084.85377,0.000065772
experiment_name,5adca94d-bc44-4d26-9e3b-546128cc6fee,function_execution_time,1779111084.9550445,0.000056516
experiment_name,5adca94d-bc44-4d26-9e3b-546128cc6fee,function_execution_time,1779111085.0563602,0.000070087
experiment_name,5adca94d-bc44-4d26-9e3b-546128cc6fee,function_execution_time,1779111085.1576538,0.000066547
experiment_name,5adca94d-bc44-4d26-9e3b-546128cc6fee,function_execution_time,1779111085.25812,0.000059478
experiment_name,5adca94d-bc44-4d26-9e3b-546128cc6fee,function_execution_time,1779111085.3595247,0.000064904
experiment_name,5adca94d-bc44-4d26-9e3b-546128cc6fee,function_execution_time,1779111085.4608142,0.000056465
experiment_name,5adca94d-bc44-4d26-9e3b-546128cc6fee,function_execution_time,1779111085.5621471,0.000059373
experiment_name,5adca94d-bc44-4d26-9e3b-546128cc6fee,function_execution_time,1779111085.663504,0.000072899
experiment_name,5adca94d-bc44-4d26-9e3b-546128cc6fee,function_execution_time,1779111085.7648292,0.000071089
experiment_name,5adca94d-bc44-4d26-9e3b-546128cc6fee,function_execution_time,1779111085.86611,0.00005665
experiment_name,5adca94d-bc44-4d26-9e3b-546128cc6fee,function_execution_time,1779111085.967473,0.000071437
experiment_name,5adca94d-bc44-4d26-9e3b-546128cc6fee,function_execution_time,1779111086.0687966,0.000059057
experiment_name,c6d8d533-6d04-4a21-9d60-3e7755ff3602,function_transfer_time,1779111084.1450717,0.000077368
experiment_name,c6d8d533-6d04-4a21-9d60-3e7755ff3602,function_transfer_time,1779111084.2463787,0.000080135
experiment_name,c6d8d533-6d04-4a21-9d60-3e7755ff3602,function_transfer_time,1779111084.3467934,0.000088337
experiment_name,c6d8d533-6d04-4a21-9d60-3e7755ff3602,function_transfer_time,1779111084.4481807,0.000086514
experiment_name,c6d8d533-6d04-4a21-9d60-3e7755ff3602,function_transfer_time,1779111084.5495324,0.000102592
experiment_name,c6d8d533-6d04-4a21-9d60-3e7755ff3602,function_transfer_time,1779111084.650851,0.000088842
experiment_name,c6d8d533-6d04-4a21-9d60-3e7755ff3602,function_transfer_time,1779111084.7521675,0.00007921
experiment_name,c6d8d533-6d04-4a21-9d60-3e7755ff3602,function_transfer_time,1779111084.853517,0.00008304
experiment_name,c6d8d533-6d04-4a21-9d60-3e7755ff3602,function_transfer_time,1779111084.95482,0.000075653
experiment_name,c6d8d533-6d04-4a21-9d60-3e7755ff3602,function_transfer_time,1779111085.0561233,0.000033715
experiment_name,c6d8d533-6d04-4a21-9d60-3e7755ff3602,function_transfer_time,1779111085.1574252,0.000079715
experiment_name,c6d8d533-6d04-4a21-9d60-3e7755ff3602,function_transfer_time,1779111085.2578979,0.000075789
experiment_name,c6d8d533-6d04-4a21-9d60-3e7755ff3602,function_transfer_time,1779111085.3592942,0.000083759
experiment_name,c6d8d533-6d04-4a21-9d60-3e7755ff3602,function_transfer_time,1779111085.4606125,0.000085071
experiment_name,c6d8d533-6d04-4a21-9d60-3e7755ff3602,function_transfer_time,1779111085.5619166,0.00008126
experiment_name,c6d8d533-6d04-4a21-9d60-3e7755ff3602,function_transfer_time,1779111085.6632247,0.000083598
experiment_name,c6d8d533-6d04-4a21-9d60-3e7755ff3602,function_transfer_time,1779111085.7645917,0.000086924
experiment_name,c6d8d533-6d04-4a21-9d60-3e7755ff3602,function_transfer_time,1779111085.8658855,0.000084074
experiment_name,c6d8d533-6d04-4a21-9d60-3e7755ff3602,function_transfer_time,1779111085.9672127,0.000077716
experiment_name,c6d8d533-6d04-4a21-9d60-3e7755ff3602,function_transfer_time,1779111086.0685475,0.000079222
experiment_name,5adca94d-bc44-4d26-9e3b-546128cc6fee,function_transfer_time,1779111084.1452582,0.000133909
experiment_name,5adca94d-bc44-4d26-9e3b-546128cc6fee,function_transfer_time,1779111084.2465463,0.000035239
experiment_name,5adca94d-bc44-4d26-9e3b-546128cc6fee,function_transfer_time,1779111084.3468838,0.000030642
experiment_name,5adca94d-bc44-4d26-9e3b-546128cc6fee,function_transfer_time,1779111084.448359,0.000120859
experiment_name,5adca94d-bc44-4d26-9e3b-546128cc6fee,function_transfer_time,1779111084.5497096,0.000118026
experiment_name,5adca94d-bc44-4d26-9e3b-546128cc6fee,function_transfer_time,1779111084.6510408,0.000134165
experiment_name,5adca94d-bc44-4d26-9e3b-546128cc6fee,function_transfer_time,1779111084.7523572,0.000133166
experiment_name,5adca94d-bc44-4d26-9e3b-546128cc6fee,function_transfer_time,1779111084.853704,0.000123615
experiment_name,5adca94d-bc44-4d26-9e3b-546128cc6fee,function_transfer_time,1779111084.9549875,0.000112147
experiment_name,5adca94d-bc44-4d26-9e3b-546128cc6fee,function_transfer_time,1779111085.0562806,0.000103005
experiment_name,5adca94d-bc44-4d26-9e3b-546128cc6fee,function_transfer_time,1779111085.1575763,0.000084304
experiment_name,5adca94d-bc44-4d26-9e3b-546128cc6fee,function_transfer_time,1779111085.2580602,0.000036938
experiment_name,5adca94d-bc44-4d26-9e3b-546128cc6fee,function_transfer_time,1779111085.3594596,0.000109854
experiment_name,5adca94d-bc44-4d26-9e3b-546128cc6fee,function_transfer_time,1779111085.460754,0.000090299
experiment_name,5adca94d-bc44-4d26-9e3b-546128cc6fee,function_transfer_time,1779111085.562081,0.000111
experiment_name,5adca94d-bc44-4d26-9e3b-546128cc6fee,function_transfer_time,1779111085.6634243,0.000142222
experiment_name,5adca94d-bc44-4d26-9e3b-546128cc6fee,function_transfer_time,1779111085.7647536,0.000109304
experiment_name,5adca94d-bc44-4d26-9e3b-546128cc6fee,function_transfer_time,1779111085.8660529,0.000110855
experiment_name,5adca94d-bc44-4d26-9e3b-546128cc6fee,function_transfer_time,1779111085.9674008,0.000122939
experiment_name,5adca94d-bc44-4d26-9e3b-546128cc6fee,function_transfer_time,1779111086.0687375,0.000134228
experiment_name,c6d8d533-6d04-4a21-9d60-3e7755ff3602,function_execution_time,1779111086.169822,0.000081926
experiment_name,c6d8d533-6d04-4a21-9d60-3e7755ff3602,function_execution_time,1779111086.2712638,0.000163954
experiment_name,c6d8d533-6d04-4a21-9d60-3e7755ff3602,function_execution_time,1779111086.372539,0.000082073
experiment_name,c6d8d533-6d04-4a21-9d60-3e7755ff3602,function_execution_time,1779111086.4738736,0.000070193
experiment_name,c6d8d533-6d04-4a21-9d60-3e7755ff3602,function_execution_time,1779111086.5752175,0.000071982
experiment_name,c6d8d533-6d04-4a21-9d60-3e7755ff3602,function_execution_time,1779111086.6765716,0.000100262
experiment_name,c6d8d533-6d04-4a21-9d60-3e7755ff3602,function_execution_time,1779111086.7778993,0.00006891
experiment_name,c6d8d533-6d04-4a21-9d60-3e7755ff3602,function_execution_time,1779111086.879208,0.000067977
experiment_name,c6d8d533-6d04-4a21-9d60-3e7755ff3602,function_execution_time,1779111086.980545,0.000077258
experiment_name,c6d8d533-6d04-4a21-9d60-3e7755ff3602,function_execution_time,1779111087.0818706,0.000068211
experiment_name,c6d8d533-6d04-4a21-9d60-3e7755ff3602,function_execution_time,1779111087.1831975,0.000069182
experiment_name,c6d8d533-6d04-4a21-9d60-3e7755ff3602,function_execution_time,1779111087.2846005,0.000132821
experiment_name,c6d8d533-6d04-4a21-9d60-3e7755ff3602,function_execution_time,1779111087.385876,0.000078038
experiment_name,c6d8d533-6d04-4a21-9d60-3e7755ff3602,function_execution_time,1779111087.4872632,0.00007406
experiment_name,c6d8d533-6d04-4a21-9d60-3e7755ff3602,function_execution_time,1779111087.5885024,0.000081058
experiment_name,c6d8d533-6d04-4a21-9d60-3e7755ff3602,function_execution_time,1779111087.6888344,0.000077304
experiment_name,c6d8d533-6d04-4a21-9d60-3e7755ff3602,function_execution_time,1779111087.7901921,0.000067954
experiment_name,c6d8d533-6d04-4a21-9d60-3e7755ff3602,function_execution_time,1779111087.891541,0.000072507
experiment_name,c6d8d533-6d04-4a21-9d60-3e7755ff3602,function_execution_time,1779111087.9928892,0.000072197
experiment_name,5adca94d-bc44-4d26-9e3b-546128cc6fee,function_execution_time,1779111086.1699793,0.000059141
experiment_name,5adca94d-bc44-4d26-9e3b-546128cc6fee,function_execution_time,1779111086.2713277,0.000067721
experiment_name,5adca94d-bc44-4d26-9e3b-546128cc6fee,function_execution_time,1779111086.3726988,0.000056455
experiment_name,5adca94d-bc44-4d26-9e3b-546128cc6fee,function_execution_time,1779111086.474043,0.000061024
experiment_name,5adca94d-bc44-4d26-9e3b-546128cc6fee,function_execution_time,1779111086.5753818,0.000058439
experiment_name,5adca94d-bc44-4d26-9e3b-546128cc6fee,function_execution_time,1779111086.6766503,0.000074571
experiment_name,5adca94d-bc44-4d26-9e3b-546128cc6fee,function_execution_time,1779111086.778039,0.000060316
experiment_name,5adca94d-bc44-4d26-9e3b-546128cc6fee,function_execution_time,1779111086.879385,0.000060013
experiment_name,5adca94d-bc44-4d26-9e3b-546128cc6fee,function_execution_time,1779111086.9807005,0.00005977
experiment_name,5adca94d-bc44-4d26-9e3b-546128cc6fee,function_execution_time,1779111087.0820348,0.000057148
experiment_name,5adca94d-bc44-4d26-9e3b-546128cc6fee,function_execution_time,1779111087.183383,0.000069397
experiment_name,5adca94d-bc44-4d26-9e3b-546128cc6fee,function_execution_time,1779111087.2846518,0.000055439
experiment_name,5adca94d-bc44-4d26-9e3b-546128cc6fee,function_execution_time,1779111087.3860316,0.000056572
experiment_name,5adca94d-bc44-4d26-9e3b-546128cc6fee,function_execution_time,1779111087.4873629,0.00006042
experiment_name,5adca94d-bc44-4d26-9e3b-546128cc6fee,function_execution_time,1779111087.5886714,0.00006396
experiment_name,5adca94d-bc44-4d26-9e3b-546128cc6fee,function_execution_time,1779111087.68899,0.000059186
experiment_name,5adca94d-bc44-4d26-9e3b-546128cc6fee,function_execution_time,1779111087.7903569,0.000058672
experiment_name,5adca94d-bc44-4d26-9e3b-546128cc6fee,function_execution_time,1779111087.891623,0.00005389
experiment_name,5adca94d-bc44-4d26-9e3b-546128cc6fee,function_execution_time,1779111087.9930696,0.000065812
experiment_name,c6d8d533-6d04-4a21-9d60-3e7755ff3602,function_transfer_time,1779111086.1697426,0.000086498
experiment_name,c6d8d533-6d04-4a21-9d60-3e7755ff3602,function_transfer_time,1779111086.2710874,0.000086247
experiment_name,c6d8d533-6d04-4a21-9d60-3e7755ff3602,function_transfer_time,1779111086.372459,0.000088193
experiment_name,c6d8d533-6d04-4a21-9d60-3e7755ff3602,function_transfer_time,1779111086.4737895,0.000085666
experiment_name,c6d8d533-6d04-4a21-9d60-3e7755ff3602,function_transfer_time,1779111086.5751348,0.000081929
experiment_name,c6d8d533-6d04-4a21-9d60-3e7755ff3602,function_transfer_time,1779111086.6764655,0.000096095
experiment_name,c6d8d533-6d04-4a21-9d60-3e7755ff3602,function_transfer_time,1779111086.7778127,0.000081242
experiment_name,c6d8d533-6d04-4a21-9d60-3e7755ff3602,function_transfer_time,1779111086.879124,0.000082455
experiment_name,c6d8d533-6d04-4a21-9d60-3e7755ff3602,function_transfer_time,1779111086.9804606,0.000082037
experiment_name,c6d8d533-6d04-4a21-9d60-3e7755ff3602,function_transfer_time,1779111087.0817869,0.00008436
experiment_name,c6d8d533-6d04-4a21-9d60-3e7755ff3602,function_transfer_time,1779111087.183113,0.000085623
experiment_name,c6d8d533-6d04-4a21-9d60-3e7755ff3602,function_transfer_time,1779111087.2844572,0.000085088
experiment_name,c6d8d533-6d04-4a21-9d60-3e7755ff3602,function_transfer_time,1779111087.3857934,0.000077684
experiment_name,c6d8d533-6d04-4a21-9d60-3e7755ff3602,function_transfer_time,1779111087.4871335,0.000081842
experiment_name,c6d8d533-6d04-4a21-9d60-3e7755ff3602,function_transfer_time,1779111087.588417,0.000080113
experiment_name,c6d8d533-6d04-4a21-9d60-3e7755ff3602,function_transfer_time,1779111087.6887507,0.000083236
experiment_name,c6d8d533-6d04-4a21-9d60-3e7755ff3602,function_transfer_time,1779111087.7901065,0.000082886
experiment_name,c6d8d533-6d04-4a21-9d60-3e7755ff3602,function_transfer_time,1779111087.8914554,0.000101161
experiment_name,c6d8d533-6d04-4a21-9d60-3e7755ff3602,function_transfer_time,1779111087.992801,0.000081555
experiment_name,5adca94d-bc44-4d26-9e3b-546128cc6fee,function_transfer_time,1779111086.1699197,0.00011903
experiment_name,5adca94d-bc44-4d26-9e3b-546128cc6fee,function_transfer_time,1779111086.2712593,0.000036868
experiment_name,5adca94d-bc44-4d26-9e3b-546128cc6fee,function_transfer_time,1779111086.3726418,0.000120277
experiment_name,5adca94d-bc44-4d26-9e3b-546128cc6fee,function_transfer_time,1779111086.4739811,0.000136729
experiment_name,5adca94d-bc44-4d26-9e3b-546128cc6fee,function_transfer_time,1779111086.5753226,0.000132527
experiment_name,5adca94d-bc44-4d26-9e3b-546128cc6fee,function_transfer_time,1779111086.676576,0.000037666
experiment_name,5adca94d-bc44-4d26-9e3b-546128cc6fee,function_transfer_time,1779111086.77799,0.00011542
experiment_name,5adca94d-bc44-4d26-9e3b-546128cc6fee,function_transfer_time,1779111086.8793244,0.00014819
experiment_name,5adca94d-bc44-4d26-9e3b-546128cc6fee,function_transfer_time,1779111086.98064,0.000127084
experiment_name,5adca94d-bc44-4d26-9e3b-546128cc6fee,function_transfer_time,1779111087.0819771,0.000137188
experiment_name,5adca94d-bc44-4d26-9e3b-546128cc6fee,function_transfer_time,1779111087.1833134,0.000146333
experiment_name,5adca94d-bc44-4d26-9e3b-546128cc6fee,function_transfer_time,1779111087.2845962,0.000030966
experiment_name,5adca94d-bc44-4d26-9e3b-546128cc6fee,function_transfer_time,1779111087.3859744,0.000119662
experiment_name,5adca94d-bc44-4d26-9e3b-546128cc6fee,function_transfer_time,1779111087.487299,0.000115924
experiment_name,5adca94d-bc44-4d26-9e3b-546128cc6fee,function_transfer_time,1779111087.5886068,0.000125931
experiment_name,5adca94d-bc44-4d26-9e3b-546128cc6fee,function_transfer_time,1779111087.6889305,0.000127412
experiment_name,5adca94d-bc44-4d26-9e3b-546128cc6fee,function_transfer_time,1779111087.7902977,0.000138459
experiment_name,5adca94d-bc44-4d26-9e3b-546128cc6fee,function_transfer_time,1779111087.8915684,0.000058377
experiment_name,5adca94d-bc44-4d26-9e3b-546128cc6fee,function_transfer_time,1779111087.9930034,0.000145515
experiment_name,c6d8d533-6d04-4a21-9d60-3e7755ff3602,function_execution_time,1779111088.0937397,0.000092747
experiment_name,c6d8d533-6d04-4a21-9d60-3e7755ff3602,function_execution_time,1779111088.1948357,0.000068389
experiment_name,c6d8d533-6d04-4a21-9d60-3e7755ff3602,function_execution_time,1779111088.2962437,0.000155543
experiment_name,c6d8d533-6d04-4a21-9d60-3e7755ff3602,function_execution_time,1779111088.3975403,0.000077299
experiment_name,c6d8d533-6d04-4a21-9d60-3e7755ff3602,function_execution_time,1779111088.4989843,0.000101488
experiment_name,c6d8d533-6d04-4a21-9d60-3e7755ff3602,function_execution_time,1779111088.6002874,0.000107391
experiment_name,c6d8d533-6d04-4a21-9d60-3e7755ff3602,function_execution_time,1779111088.7015913,0.000075057
experiment_name,c6d8d533-6d04-4a21-9d60-3e7755ff3602,function_execution_time,1779111088.8029845,0.00008652
experiment_name,c6d8d533-6d04-4a21-9d60-3e7755ff3602,function_execution_time,1779111088.9042351,0.000069154
experiment_name,c6d8d533-6d04-4a21-9d60-3e7755ff3602,function_execution_time,1779111089.0055313,0.000072081
experiment_name,c6d8d533-6d04-4a21-9d60-3e7755ff3602,function_execution_time,1779111089.106849,0.000081341
experiment_name,c6d8d533-6d04-4a21-9d60-3e7755ff3602,function_execution_time,1779111089.2081878,0.000071524
experiment_name,c6d8d533-6d04-4a21-9d60-3e7755ff3602,function_execution_time,1779111089.3095634,0.000145413
experiment_name,c6d8d533-6d04-4a21-9d60-3e7755ff3602,function_execution_time,1779111089.4109643,0.000069044
experiment_name,c6d8d533-6d04-4a21-9d60-3e7755ff3602,function_execution_time,1779111089.512271,0.000080209
experiment_name,c6d8d533-6d04-4a21-9d60-3e7755ff3602,function_execution_time,1779111089.6135952,0.000068824
experiment_name,c6d8d533-6d04-4a21-9d60-3e7755ff3602,function_execution_time,1779111089.714993,0.000074388
experiment_name,c6d8d533-6d04-4a21-9d60-3e7755ff3602,function_execution_time,1779111089.8162177,0.000079889
experiment_name,c6d8d533-6d04-4a21-9d60-3e7755ff3602,function_execution_time,1779111089.917553,0.000068401
experiment_name,c6d8d533-6d04-4a21-9d60-3e7755ff3602,function_execution_time,1779111090.0188727,0.000069147
experiment_name,5adca94d-bc44-4d26-9e3b-546128cc6fee,function_execution_time,1779111088.0938013,0.000061331
experiment_name,5adca94d-bc44-4d26-9e3b-546128cc6fee,function_execution_time,1779111088.1949883,0.000061999
experiment_name,5adca94d-bc44-4d26-9e3b-546128cc6fee,function_execution_time,1779111088.2963088,0.000070084
experiment_name,5adca94d-bc44-4d26-9e3b-546128cc6fee,function_execution_time,1779111088.397708,0.000057495
experiment_name,5adca94d-bc44-4d26-9e3b-546128cc6fee,function_execution_time,1779111088.4990141,0.00007678
experiment_name,5adca94d-bc44-4d26-9e3b-546128cc6fee,function_execution_time,1779111088.6003525,0.000068573
experiment_name,5adca94d-bc44-4d26-9e3b-546128cc6fee,function_execution_time,1779111088.701675,0.000058531
experiment_name,5adca94d-bc44-4d26-9e3b-546128cc6fee,function_execution_time,1779111088.8029904,0.000074683
experiment_name,5adca94d-bc44-4d26-9e3b-546128cc6fee,function_execution_time,1779111088.904315,0.000056626
experiment_name,5adca94d-bc44-4d26-9e3b-546128cc6fee,function_execution_time,1779111089.00569,0.000061688
experiment_name,5adca94d-bc44-4d26-9e3b-546128cc6fee,function_execution_time,1779111089.1069386,0.000066186
experiment_name,5adca94d-bc44-4d26-9e3b-546128cc6fee,function_execution_time,1779111089.2083557,0.0000667
experiment_name,5adca94d-bc44-4d26-9e3b-546128cc6fee,function_execution_time,1779111089.3096282,0.000056304
experiment_name,5adca94d-bc44-4d26-9e3b-546128cc6fee,function_execution_time,1779111089.4111016,0.000056643
experiment_name,5adca94d-bc44-4d26-9e3b-546128cc6fee,function_execution_time,1779111089.5123568,0.000060903
experiment_name,5adca94d-bc44-4d26-9e3b-546128cc6fee,function_execution_time,1779111089.6137516,0.000056043
experiment_name,5adca94d-bc44-4d26-9e3b-546128cc6fee,function_execution_time,1779111089.7150898,0.000067017
experiment_name,5adca94d-bc44-4d26-9e3b-546128cc6fee,function_execution_time,1779111089.816373,0.000055487
experiment_name,5adca94d-bc44-4d26-9e3b-546128cc6fee,function_execution_time,1779111089.9176915,0.000057395
experiment_name,5adca94d-bc44-4d26-9e3b-546128cc6fee,function_execution_time,1779111090.01904,0.000057345
experiment_name,5adca94d-bc44-4d26-9e3b-546128cc6fee,function_transfer_time,1779111088.0937362,0.000026563
experiment_name,5adca94d-bc44-4d26-9e3b-546128cc6fee,function_transfer_time,1779111088.194926,0.000116482
experiment_name,5adca94d-bc44-4d26-9e3b-546128cc6fee,function_transfer_time,1779111088.296239,0.000037206
experiment_name,5adca94d-bc44-4d26-9e3b-546128cc6fee,function_transfer_time,1779111088.3976502,0.000141531
experiment_name,5adca94d-bc44-4d26-9e3b-546128cc6fee,function_transfer_time,1779111088.4989767,0.000039376
experiment_name,5adca94d-bc44-4d26-9e3b-546128cc6fee,function_transfer_time,1779111088.6002827,0.000034883
experiment_name,5adca94d-bc44-4d26-9e3b-546128cc6fee,function_transfer_time,1779111088.7016156,0.000049319
experiment_name,5adca94d-bc44-4d26-9e3b-546128cc6fee,function_transfer_time,1779111088.8029888,0.00003719
experiment_name,5adca94d-bc44-4d26-9e3b-546128cc6fee,function_transfer_time,1779111088.904255,0.000053469
experiment_name,5adca94d-bc44-4d26-9e3b-546128cc6fee,function_transfer_time,1779111089.0056279,0.00011827
experiment_name,5adca94d-bc44-4d26-9e3b-546128cc6fee,function_transfer_time,1779111089.106917,0.000053165
experiment_name,5adca94d-bc44-4d26-9e3b-546128cc6fee,function_transfer_time,1779111089.2082884,0.000124597
experiment_name,5adca94d-bc44-4d26-9e3b-546128cc6fee,function_transfer_time,1779111089.3095665,0.000036084
experiment_name,5adca94d-bc44-4d26-9e3b-546128cc6fee,function_transfer_time,1779111089.4110441,0.000104495
experiment_name,5adca94d-bc44-4d26-9e3b-546128cc6fee,function_transfer_time,1779111089.5123425,0.000045014
experiment_name,5adca94d-bc44-4d26-9e3b-546128cc6fee,function_transfer_time,1779111089.6136947,0.00012409
experiment_name,5adca94d-bc44-4d26-9e3b-546128cc6fee,function_transfer_time,1779111089.7150192,0.000115924
experiment_name,5adca94d-bc44-4d26-9e3b-546128cc6fee,function_transfer_time,1779111089.8163173,0.000118507
experiment_name,5adca94d-bc44-4d26-9e3b-546128cc6fee,function_transfer_time,1779111089.9176323,0.000104753
experiment_name,5adca94d-bc44-4d26-9e3b-546128cc6fee,function_transfer_time,1779111090.0189824,0.000136157
experiment_name,c6d8d533-6d04-4a21-9d60-3e7755ff3602,function_transfer_time,1779111088.0936472,0.000015291
experiment_name,c6d8d533-6d04-4a21-9d60-3e7755ff3602,function_transfer_time,1779111088.194756,0.00007548
experiment_name,c6d8d533-6d04-4a21-9d60-3e7755ff3602,function_transfer_time,1779111088.2960749,0.00008325
experiment_name,c6d8d533-6d04-4a21-9d60-3e7755ff3602,function_transfer_time,1779111088.397457,0.000083236
experiment_name,c6d8d533-6d04-4a21-9d60-3e7755ff3602,function_transfer_time,1779111088.4988296,0.000097095
experiment_name,c6d8d533-6d04-4a21-9d60-3e7755ff3602,function_transfer_time,1779111088.600176,0.000107568
experiment_name,c6d8d533-6d04-4a21-9d60-3e7755ff3602,function_transfer_time,1779111088.701511,0.000081247
experiment_name,c6d8d533-6d04-4a21-9d60-3e7755ff3602,function_transfer_time,1779111088.8028173,0.000081074
experiment_name,c6d8d533-6d04-4a21-9d60-3e7755ff3602,function_transfer_time,1779111088.904151,0.00008543
experiment_name,c6d8d533-6d04-4a21-9d60-3e7755ff3602,function_transfer_time,1779111089.0054562,0.000094001
experiment_name,c6d8d533-6d04-4a21-9d60-3e7755ff3602,function_transfer_time,1779111089.106765,0.000078662
experiment_name,c6d8d533-6d04-4a21-9d60-3e7755ff3602,function_transfer_time,1779111089.2081094,0.000080318
experiment_name,c6d8d533-6d04-4a21-9d60-3e7755ff3602,function_transfer_time,1779111089.3094153,0.000085087
experiment_name,c6d8d533-6d04-4a21-9d60-3e7755ff3602,function_transfer_time,1779111089.4108856,0.00008457
experiment_name,c6d8d533-6d04-4a21-9d60-3e7755ff3602,function_transfer_time,1779111089.5121896,0.00007483
experiment_name,c6d8d533-6d04-4a21-9d60-3e7755ff3602,function_transfer_time,1779111089.6135168,0.000085684
experiment_name,c6d8d533-6d04-4a21-9d60-3e7755ff3602,function_transfer_time,1779111089.7148528,0.000084373
experiment_name,c6d8d533-6d04-4a21-9d60-3e7755ff3602,function_transfer_time,1779111089.8161378,0.000075871
experiment_name,c6d8d533-6d04-4a21-9d60-3e7755ff3602,function_transfer_time,1779111089.9174747,0.000076914
experiment_name,c6d8d533-6d04-4a21-9d60-3e7755ff3602,function_transfer_time,1779111090.0187922,0.000084501
experiment_name,5adca94d-bc44-4d26-9e3b-546128cc6fee,function_execution_time,1779111090.1207085,0.000075577
experiment_name,5adca94d-bc44-4d26-9e3b-546128cc6fee,function_execution_time,1779111090.2209086,0.000069295
experiment_name,5adca94d-bc44-4d26-9e3b-546128cc6fee,function_execution_time,1779111090.3222919,0.000064684
experiment_name,5adca94d-bc44-4d26-9e3b-546128cc6fee,function_execution_time,1779111090.4237955,0.000068033
experiment_name,5adca94d-bc44-4d26-9e3b-546128cc6fee,function_execution_time,1779111090.5252626,0.000056629
experiment_name,5adca94d-bc44-4d26-9e3b-546128cc6fee,function_execution_time,1779111090.626529,0.000059413
experiment_name,5adca94d-bc44-4d26-9e3b-546128cc6fee,function_execution_time,1779111090.7279258,0.000056915
experiment_name,5adca94d-bc44-4d26-9e3b-546128cc6fee,function_execution_time,1779111090.8292432,0.000067648
experiment_name,5adca94d-bc44-4d26-9e3b-546128cc6fee,function_execution_time,1779111090.930662,0.000060185
experiment_name,5adca94d-bc44-4d26-9e3b-546128cc6fee,function_execution_time,1779111091.032061,0.000059258
experiment_name,5adca94d-bc44-4d26-9e3b-546128cc6fee,function_execution_time,1779111091.1334045,0.000056346
experiment_name,5adca94d-bc44-4d26-9e3b-546128cc6fee,function_execution_time,1779111091.2347016,0.00005755
experiment_name,5adca94d-bc44-4d26-9e3b-546128cc6fee,function_execution_time,1779111091.3360353,0.000055584
experiment_name,5adca94d-bc44-4d26-9e3b-546128cc6fee,function_execution_time,1779111091.4374137,0.000056088
experiment_name,5adca94d-bc44-4d26-9e3b-546128cc6fee,function_execution_time,1779111091.53858,0.000059146
experiment_name,5adca94d-bc44-4d26-9e3b-546128cc6fee,function_execution_time,1779111091.6390057,0.000058175
experiment_name,5adca94d-bc44-4d26-9e3b-546128cc6fee,function_execution_time,1779111091.740254,0.000074476
experiment_name,5adca94d-bc44-4d26-9e3b-546128cc6fee,function_execution_time,1779111091.8415976,0.000060547
experiment_name,5adca94d-bc44-4d26-9e3b-546128cc6fee,function_execution_time,1779111091.942848,0.000057812
experiment_name,5adca94d-bc44-4d26-9e3b-546128cc6fee,function_execution_time,1779111092.0441005,0.000056826
experiment_name,c6d8d533-6d04-4a21-9d60-3e7755ff3602,function_execution_time,1779111090.1206043,0.000088274
experiment_name,c6d8d533-6d04-4a21-9d60-3e7755ff3602,function_execution_time,1779111090.220903,0.000089593
experiment_name,c6d8d533-6d04-4a21-9d60-3e7755ff3602,function_execution_time,1779111090.322233,0.000157893
experiment_name,c6d8d533-6d04-4a21-9d60-3e7755ff3602,function_execution_time,1779111090.4236193,0.000071314
experiment_name,c6d8d533-6d04-4a21-9d60-3e7755ff3602,function_execution_time,1779111090.5251043,0.000075709
experiment_name,c6d8d533-6d04-4a21-9d60-3e7755ff3602,function_execution_time,1779111090.6264508,0.000066356
experiment_name,c6d8d533-6d04-4a21-9d60-3e7755ff3602,function_execution_time,1779111090.7277665,0.000067179
experiment_name,c6d8d533-6d04-4a21-9d60-3e7755ff3602,function_execution_time,1779111090.8290906,0.000077138
experiment_name,c6d8d533-6d04-4a21-9d60-3e7755ff3602,function_execution_time,1779111090.9305828,0.000069759
experiment_name,c6d8d533-6d04-4a21-9d60-3e7755ff3602,function_execution_time,1779111091.0319,0.000069758
experiment_name,c6d8d533-6d04-4a21-9d60-3e7755ff3602,function_execution_time,1779111091.133245,0.000067689
experiment_name,c6d8d533-6d04-4a21-9d60-3e7755ff3602,function_execution_time,1779111091.234562,0.000078406
experiment_name,c6d8d533-6d04-4a21-9d60-3e7755ff3602,function_execution_time,1779111091.335978,0.000154918
experiment_name,c6d8d533-6d04-4a21-9d60-3e7755ff3602,function_execution_time,1779111091.43725,0.000067156
experiment_name,c6d8d533-6d04-4a21-9d60-3e7755ff3602,function_execution_time,1779111091.538506,0.000078808
experiment_name,c6d8d533-6d04-4a21-9d60-3e7755ff3602,function_execution_time,1779111091.6388397,0.000080406
experiment_name,c6d8d533-6d04-4a21-9d60-3e7755ff3602,function_execution_time,1779111091.7401538,0.000069515
experiment_name,c6d8d533-6d04-4a21-9d60-3e7755ff3602,function_execution_time,1779111091.84144,0.000066024
experiment_name,c6d8d533-6d04-4a21-9d60-3e7755ff3602,function_execution_time,1779111091.942684,0.000075446
experiment_name,c6d8d533-6d04-4a21-9d60-3e7755ff3602,function_execution_time,1779111092.0439355,0.000065984
experiment_name,c6d8d533-6d04-4a21-9d60-3e7755ff3602,function_transfer_time,1779111090.1204667,0.000081695
experiment_name,c6d8d533-6d04-4a21-9d60-3e7755ff3602,function_transfer_time,1779111090.2207532,0.000097219
experiment_name,c6d8d533-6d04-4a21-9d60-3e7755ff3602,function_transfer_time,1779111090.322064,0.000082354
experiment_name,c6d8d533-6d04-4a21-9d60-3e7755ff3602,function_transfer_time,1779111090.4236155,0.000081385
experiment_name,c6d8d533-6d04-4a21-9d60-3e7755ff3602,function_transfer_time,1779111090.5250208,0.000076149
experiment_name,c6d8d533-6d04-4a21-9d60-3e7755ff3602,function_transfer_time,1779111090.6263576,0.00007853
experiment_name,c6d8d533-6d04-4a21-9d60-3e7755ff3602,function_transfer_time,1779111090.7276838,0.000085043
experiment_name,c6d8d533-6d04-4a21-9d60-3e7755ff3602,function_transfer_time,1779111090.8290098,0.000078471
experiment_name,c6d8d533-6d04-4a21-9d60-3e7755ff3602,function_transfer_time,1779111090.9305012,0.000080259
experiment_name,c6d8d533-6d04-4a21-9d60-3e7755ff3602,function_transfer_time,1779111091.0318182,0.000082629
experiment_name,c6d8d533-6d04-4a21-9d60-3e7755ff3602,function_transfer_time,1779111091.133163,0.000084631
experiment_name,c6d8d533-6d04-4a21-9d60-3e7755ff3602,function_transfer_time,1779111091.2344792,0.000085349
experiment_name,c6d8d533-6d04-4a21-9d60-3e7755ff3602,function_transfer_time,1779111091.3358164,0.000082637
experiment_name,c6d8d533-6d04-4a21-9d60-3e7755ff3602,function_transfer_time,1779111091.4371717,0.000083223
experiment_name,c6d8d533-6d04-4a21-9d60-3e7755ff3602,function_transfer_time,1779111091.5384207,0.000020487
experiment_name,c6d8d533-6d04-4a21-9d60-3e7755ff3602,function_transfer_time,1779111091.6387599,0.000083648
experiment_name,c6d8d533-6d04-4a21-9d60-3e7755ff3602,function_transfer_time,1779111091.740076,0.000087043
experiment_name,c6d8d533-6d04-4a21-9d60-3e7755ff3602,function_transfer_time,1779111091.8413415,0.000019734
experiment_name,c6d8d533-6d04-4a21-9d60-3e7755ff3602,function_transfer_time,1779111091.942601,0.000020552
experiment_name,c6d8d533-6d04-4a21-9d60-3e7755ff3602,function_transfer_time,1779111092.043859,0.000022227
experiment_name,5adca94d-bc44-4d26-9e3b-546128cc6fee,function_transfer_time,1779111090.1206276,0.000107759
experiment_name,5adca94d-bc44-4d26-9e3b-546128cc6fee,function_transfer_time,1779111090.2208972,0.000033015
experiment_name,5adca94d-bc44-4d26-9e3b-546128cc6fee,function_transfer_time,1779111090.3222284,0.000034433
experiment_name,5adca94d-bc44-4d26-9e3b-546128cc6fee,function_transfer_time,1779111090.4237282,0.000123302
experiment_name,5adca94d-bc44-4d26-9e3b-546128cc6fee,function_transfer_time,1779111090.5252059,0.000124699
experiment_name,5adca94d-bc44-4d26-9e3b-546128cc6fee,function_transfer_time,1779111090.6265247,0.000067458
experiment_name,5adca94d-bc44-4d26-9e3b-546128cc6fee,function_transfer_time,1779111090.7278688,0.000131514
experiment_name,5adca94d-bc44-4d26-9e3b-546128cc6fee,function_transfer_time,1779111090.8291767,0.000111855
experiment_name,5adca94d-bc44-4d26-9e3b-546128cc6fee,function_transfer_time,1779111090.930657,0.000052031
experiment_name,5adca94d-bc44-4d26-9e3b-546128cc6fee,function_transfer_time,1779111091.0320015,0.000129098
experiment_name,5adca94d-bc44-4d26-9e3b-546128cc6fee,function_transfer_time,1779111091.1333477,0.00013173
experiment_name,5adca94d-bc44-4d26-9e3b-546128cc6fee,function_transfer_time,1779111091.234644,0.000103211
experiment_name,5adca94d-bc44-4d26-9e3b-546128cc6fee,function_transfer_time,1779111091.3359818,0.0000327
experiment_name,5adca94d-bc44-4d26-9e3b-546128cc6fee,function_transfer_time,1779111091.4373572,0.000133029
experiment_name,5adca94d-bc44-4d26-9e3b-546128cc6fee,function_transfer_time,1779111091.538576,0.000043412
experiment_name,5adca94d-bc44-4d26-9e3b-546128cc6fee,function_transfer_time,1779111091.6389472,0.000124174
experiment_name,5adca94d-bc44-4d26-9e3b-546128cc6fee,function_transfer_time,1779111091.7402346,0.000050615
experiment_name,5adca94d-bc44-4d26-9e3b-546128cc6fee,function_transfer_time,1779111091.8415363,0.000141492
experiment_name,5adca94d-bc44-4d26-9e3b-546128cc6fee,function_transfer_time,1779111091.94279,0.000135572
experiment_name,5adca94d-bc44-4d26-9e3b-546128cc6fee,function_transfer_time,1779111092.0440438,0.000131594
experiment_name,5adca94d-bc44-4d26-9e3b-546128cc6fee,function_execution_time,1779111092.1450765,0.000065321
experiment_name,5adca94d-bc44-4d26-9e3b-546128cc6fee,function_execution_time,1779111092.2463388,0.000060938
experiment_name,5adca94d-bc44-4d26-9e3b-546128cc6fee,function_execution_time,1779111092.347592,0.000058314
experiment_name,5adca94d-bc44-4d26-9e3b-546128cc6fee,function_execution_time,1779111092.4478464,0.000060747
experiment_name,5adca94d-bc44-4d26-9e3b-546128cc6fee,function_execution_time,1779111092.549122,0.000063542
experiment_name,5adca94d-bc44-4d26-9e3b-546128cc6fee,function_execution_time,1779111092.6504834,0.000078287
experiment_name,5adca94d-bc44-4d26-9e3b-546128cc6fee,function_execution_time,1779111092.751634,0.00005907
experiment_name,5adca94d-bc44-4d26-9e3b-546128cc6fee,function_execution_time,1779111092.8529844,0.000060348
experiment_name,5adca94d-bc44-4d26-9e3b-546128cc6fee,function_execution_time,1779111092.9542038,0.000059043
experiment_name,5adca94d-bc44-4d26-9e3b-546128cc6fee,function_execution_time,1779111093.0555656,0.000071139
experiment_name,5adca94d-bc44-4d26-9e3b-546128cc6fee,function_execution_time,1779111093.1558537,0.00006169
experiment_name,5adca94d-bc44-4d26-9e3b-546128cc6fee,function_execution_time,1779111093.2571788,0.000058928
experiment_name,5adca94d-bc44-4d26-9e3b-546128cc6fee,function_execution_time,1779111093.3585663,0.000055763
experiment_name,5adca94d-bc44-4d26-9e3b-546128cc6fee,function_execution_time,1779111093.4589097,0.000065266
experiment_name,5adca94d-bc44-4d26-9e3b-546128cc6fee,function_execution_time,1779111093.5602622,0.000074905
experiment_name,5adca94d-bc44-4d26-9e3b-546128cc6fee,function_execution_time,1779111093.6615522,0.000060508
experiment_name,5adca94d-bc44-4d26-9e3b-546128cc6fee,function_execution_time,1779111093.761944,0.000056734
experiment_name,5adca94d-bc44-4d26-9e3b-546128cc6fee,function_execution_time,1779111093.8632596,0.000056052
experiment_name,5adca94d-bc44-4d26-9e3b-546128cc6fee,function_execution_time,1779111093.9646232,0.000062605
experiment_name,5adca94d-bc44-4d26-9e3b-546128cc6fee,function_execution_time,1779111094.0649521,0.000057123
experiment_name,c6d8d533-6d04-4a21-9d60-3e7755ff3602,function_execution_time,1779111092.1449156,0.000067876
experiment_name,c6d8d533-6d04-4a21-9d60-3e7755ff3602,function_execution_time,1779111092.246171,0.000068281
experiment_name,c6d8d533-6d04-4a21-9d60-3e7755ff3602,function_execution_time,1779111092.3475332,0.000162287
experiment_name,c6d8d533-6d04-4a21-9d60-3e7755ff3602,function_execution_time,1779111092.44776,0.000069993
experiment_name,c6d8d533-6d04-4a21-9d60-3e7755ff3602,function_execution_time,1779111092.5490339,0.000068199
experiment_name,c6d8d533-6d04-4a21-9d60-3e7755ff3602,function_execution_time,1779111092.6502993,0.000076233
experiment_name,c6d8d533-6d04-4a21-9d60-3e7755ff3602,function_execution_time,1779111092.7515547,0.000068815
experiment_name,c6d8d533-6d04-4a21-9d60-3e7755ff3602,function_execution_time,1779111092.852894,0.000074822
experiment_name,c6d8d533-6d04-4a21-9d60-3e7755ff3602,function_execution_time,1779111092.9541223,0.000068749
experiment_name,c6d8d533-6d04-4a21-9d60-3e7755ff3602,function_execution_time,1779111093.0555358,0.00009452
experiment_name,c6d8d533-6d04-4a21-9d60-3e7755ff3602,function_execution_time,1779111093.1557684,0.000068549
experiment_name,c6d8d533-6d04-4a21-9d60-3e7755ff3602,function_execution_time,1779111093.2571008,0.000068696
experiment_name,c6d8d533-6d04-4a21-9d60-3e7755ff3602,function_execution_time,1779111093.3585143,0.000145165
experiment_name,c6d8d533-6d04-4a21-9d60-3e7755ff3602,function_execution_time,1779111093.4588187,0.000068451
experiment_name,c6d8d533-6d04-4a21-9d60-3e7755ff3602,function_execution_time,1779111093.560166,0.00006994
experiment_name,c6d8d533-6d04-4a21-9d60-3e7755ff3602,function_execution_time,1779111093.6615422,0.000086747
experiment_name,c6d8d533-6d04-4a21-9d60-3e7755ff3602,function_execution_time,1779111093.7618067,0.000076804
experiment_name,c6d8d533-6d04-4a21-9d60-3e7755ff3602,function_execution_time,1779111093.863118,0.000068419
experiment_name,c6d8d533-6d04-4a21-9d60-3e7755ff3602,function_execution_time,1779111093.9644501,0.0000672
experiment_name,c6d8d533-6d04-4a21-9d60-3e7755ff3602,function_execution_time,1779111094.0647864,0.000078898
experiment_name,c6d8d533-6d04-4a21-9d60-3e7755ff3602,function_transfer_time,1779111092.1448376,0.000020194
experiment_name,c6d8d533-6d04-4a21-9d60-3e7755ff3602,function_transfer_time,1779111092.2460895,0.000021363
experiment_name,c6d8d533-6d04-4a21-9d60-3e7755ff3602,function_transfer_time,1779111092.3473647,0.000023879
experiment_name,c6d8d533-6d04-4a21-9d60-3e7755ff3602,function_transfer_time,1779111092.4476814,0.000023424
experiment_name,c6d8d533-6d04-4a21-9d60-3e7755ff3602,function_transfer_time,1779111092.5489519,0.000023656
experiment_name,c6d8d533-6d04-4a21-9d60-3e7755ff3602,function_transfer_time,1779111092.6502142,0.000023448
experiment_name,c6d8d533-6d04-4a21-9d60-3e7755ff3602,function_transfer_time,1779111092.7514749,0.000021808
experiment_name,c6d8d533-6d04-4a21-9d60-3e7755ff3602,function_transfer_time,1779111092.8527527,0.000022455
experiment_name,c6d8d533-6d04-4a21-9d60-3e7755ff3602,function_transfer_time,1779111092.9540434,0.000078093
experiment_name,c6d8d533-6d04-4a21-9d60-3e7755ff3602,function_transfer_time,1779111093.0553796,0.000083185
experiment_name,c6d8d533-6d04-4a21-9d60-3e7755ff3602,function_transfer_time,1779111093.1556923,0.000082528
experiment_name,c6d8d533-6d04-4a21-9d60-3e7755ff3602,function_transfer_time,1779111093.2570183,0.000079846
experiment_name,c6d8d533-6d04-4a21-9d60-3e7755ff3602,function_transfer_time,1779111093.3583643,0.000079528
experiment_name,c6d8d533-6d04-4a21-9d60-3e7755ff3602,function_transfer_time,1779111093.4587398,0.000085443
experiment_name,c6d8d533-6d04-4a21-9d60-3e7755ff3602,function_transfer_time,1779111093.5600746,0.000083916
experiment_name,c6d8d533-6d04-4a21-9d60-3e7755ff3602,function_transfer_time,1779111093.6613922,0.000077217
experiment_name,c6d8d533-6d04-4a21-9d60-3e7755ff3602,function_transfer_time,1779111093.7617233,0.000076781
experiment_name,c6d8d533-6d04-4a21-9d60-3e7755ff3602,function_transfer_time,1779111093.8630393,0.000080076
experiment_name,c6d8d533-6d04-4a21-9d60-3e7755ff3602,function_transfer_time,1779111093.9643657,0.000085006
experiment_name,c6d8d533-6d04-4a21-9d60-3e7755ff3602,function_transfer_time,1779111094.0647097,0.000079254
experiment_name,5adca94d-bc44-4d26-9e3b-546128cc6fee,function_transfer_time,1779111092.145011,0.000119505
experiment_name,5adca94d-bc44-4d26-9e3b-546128cc6fee,function_transfer_time,1779111092.2462776,0.000134065
experiment_name,5adca94d-bc44-4d26-9e3b-546128cc6fee,function_transfer_time,1779111092.3475292,0.000030765
experiment_name,5adca94d-bc44-4d26-9e3b-546128cc6fee,function_transfer_time,1779111092.4478295,0.000049421
experiment_name,5adca94d-bc44-4d26-9e3b-546128cc6fee,function_transfer_time,1779111092.549103,0.00004836
experiment_name,5adca94d-bc44-4d26-9e3b-546128cc6fee,function_transfer_time,1779111092.6504035,0.000135449
experiment_name,5adca94d-bc44-4d26-9e3b-546128cc6fee,function_transfer_time,1779111092.7516298,0.00004946
experiment_name,5adca94d-bc44-4d26-9e3b-546128cc6fee,function_transfer_time,1779111092.85292,0.000115311
experiment_name,5adca94d-bc44-4d26-9e3b-546128cc6fee,function_transfer_time,1779111092.954199,0.000051702
experiment_name,5adca94d-bc44-4d26-9e3b-546128cc6fee,function_transfer_time,1779111093.0555408,0.000054758
experiment_name,5adca94d-bc44-4d26-9e3b-546128cc6fee,function_transfer_time,1779111093.1558495,0.00004969
experiment_name,5adca94d-bc44-4d26-9e3b-546128cc6fee,function_transfer_time,1779111093.2571747,0.000054469
experiment_name,5adca94d-bc44-4d26-9e3b-546128cc6fee,function_transfer_time,1779111093.3585103,0.000034766
experiment_name,5adca94d-bc44-4d26-9e3b-546128cc6fee,function_transfer_time,1779111093.4588873,0.00005185
experiment_name,5adca94d-bc44-4d26-9e3b-546128cc6fee,function_transfer_time,1779111093.5602355,0.000059488
experiment_name,5adca94d-bc44-4d26-9e3b-546128cc6fee,function_transfer_time,1779111093.6615472,0.000040791
experiment_name,5adca94d-bc44-4d26-9e3b-546128cc6fee,function_transfer_time,1779111093.761884,0.000103713
experiment_name,5adca94d-bc44-4d26-9e3b-546128cc6fee,function_transfer_time,1779111093.8632033,0.000110409
experiment_name,5adca94d-bc44-4d26-9e3b-546128cc6fee,function_transfer_time,1779111093.9645658,0.000141837
experiment_name,5adca94d-bc44-4d26-9e3b-546128cc6fee,function_transfer_time,1779111094.0648947,0.000123442
experiment_name,c6d8d533-6d04-4a21-9d60-3e7755ff3602,function_execution_time,1779111094.1661658,0.000067898
experiment_name,c6d8d533-6d04-4a21-9d60-3e7755ff3602,function_execution_time,1779111094.2675989,0.000077979
experiment_name,c6d8d533-6d04-4a21-9d60-3e7755ff3602,function_execution_time,1779111094.36791,0.000160498
experiment_name,c6d8d533-6d04-4a21-9d60-3e7755ff3602,function_execution_time,1779111094.4692028,0.000067376
experiment_name,c6d8d533-6d04-4a21-9d60-3e7755ff3602,function_execution_time,1779111094.5705278,0.000067116
experiment_name,c6d8d533-6d04-4a21-9d60-3e7755ff3602,function_execution_time,1779111094.6708405,0.000070082
experiment_name,c6d8d533-6d04-4a21-9d60-3e7755ff3602,function_execution_time,1779111094.7721863,0.000078482
experiment_name,c6d8d533-6d04-4a21-9d60-3e7755ff3602,function_execution_time,1779111094.8735044,0.000079932
experiment_name,c6d8d533-6d04-4a21-9d60-3e7755ff3602,function_execution_time,1779111094.9738328,0.000067081
experiment_name,c6d8d533-6d04-4a21-9d60-3e7755ff3602,function_execution_time,1779111095.0751462,0.000076657
experiment_name,c6d8d533-6d04-4a21-9d60-3e7755ff3602,function_execution_time,1779111095.1765773,0.000116004
experiment_name,c6d8d533-6d04-4a21-9d60-3e7755ff3602,function_execution_time,1779111095.2778847,0.000077269
experiment_name,c6d8d533-6d04-4a21-9d60-3e7755ff3602,function_execution_time,1779111095.379286,0.000155925
experiment_name,c6d8d533-6d04-4a21-9d60-3e7755ff3602,function_execution_time,1779111095.4806123,0.000080201
experiment_name,c6d8d533-6d04-4a21-9d60-3e7755ff3602,function_execution_time,1779111095.5819259,0.000067508
experiment_name,c6d8d533-6d04-4a21-9d60-3e7755ff3602,function_execution_time,1779111095.683252,0.00006886
experiment_name,c6d8d533-6d04-4a21-9d60-3e7755ff3602,function_execution_time,1779111095.784558,0.000079085
experiment_name,c6d8d533-6d04-4a21-9d60-3e7755ff3602,function_execution_time,1779111095.885929,0.000076374
experiment_name,c6d8d533-6d04-4a21-9d60-3e7755ff3602,function_execution_time,1779111095.9872513,0.000078541
experiment_name,c6d8d533-6d04-4a21-9d60-3e7755ff3602,function_execution_time,1779111096.0884893,0.000086556
experiment_name,5adca94d-bc44-4d26-9e3b-546128cc6fee,function_execution_time,1779111094.1662555,0.000066007
experiment_name,5adca94d-bc44-4d26-9e3b-546128cc6fee,function_execution_time,1779111094.2676055,0.000056175
experiment_name,5adca94d-bc44-4d26-9e3b-546128cc6fee,function_execution_time,1779111094.3679738,0.00006773
experiment_name,5adca94d-bc44-4d26-9e3b-546128cc6fee,function_execution_time,1779111094.46929,0.00006224
experiment_name,5adca94d-bc44-4d26-9e3b-546128cc6fee,function_execution_time,1779111094.5706038,0.000058678
experiment_name,5adca94d-bc44-4d26-9e3b-546128cc6fee,function_execution_time,1779111094.6709237,0.000057834
experiment_name,5adca94d-bc44-4d26-9e3b-546128cc6fee,function_execution_time,1779111094.7722774,0.00006401
experiment_name,5adca94d-bc44-4d26-9e3b-546128cc6fee,function_execution_time,1779111094.873678,0.00006385
experiment_name,5adca94d-bc44-4d26-9e3b-546128cc6fee,function_execution_time,1779111094.9739122,0.000060389
experiment_name,5adca94d-bc44-4d26-9e3b-546128cc6fee,function_execution_time,1779111095.0752912,0.000056772
experiment_name,5adca94d-bc44-4d26-9e3b-546128cc6fee,function_execution_time,1779111095.17665,0.000068988
experiment_name,5adca94d-bc44-4d26-9e3b-546128cc6fee,function_execution_time,1779111095.2780538,0.000069683
experiment_name,5adca94d-bc44-4d26-9e3b-546128cc6fee,function_execution_time,1779111095.3793404,0.00005907
experiment_name,5adca94d-bc44-4d26-9e3b-546128cc6fee,function_execution_time,1779111095.4807892,0.000061532
experiment_name,5adca94d-bc44-4d26-9e3b-546128cc6fee,function_execution_time,1779111095.5820875,0.00006173
experiment_name,5adca94d-bc44-4d26-9e3b-546128cc6fee,function_execution_time,1779111095.6834202,0.000060129
experiment_name,5adca94d-bc44-4d26-9e3b-546128cc6fee,function_execution_time,1779111095.7847264,0.00006482
experiment_name,5adca94d-bc44-4d26-9e3b-546128cc6fee,function_execution_time,1779111095.8860161,0.000057319
experiment_name,5adca94d-bc44-4d26-9e3b-546128cc6fee,function_execution_time,1779111095.9872537,0.000062219
experiment_name,5adca94d-bc44-4d26-9e3b-546128cc6fee,function_execution_time,1779111096.0886202,0.000057141
experiment_name,5adca94d-bc44-4d26-9e3b-546128cc6fee,function_transfer_time,1779111094.166233,0.000050492
experiment_name,5adca94d-bc44-4d26-9e3b-546128cc6fee,function_transfer_time,1779111094.2676032,0.000037819
experiment_name,5adca94d-bc44-4d26-9e3b-546128cc6fee,function_transfer_time,1779111094.3679059,0.000030921
experiment_name,5adca94d-bc44-4d26-9e3b-546128cc6fee,function_transfer_time,1779111094.4692633,0.000052029
experiment_name,5adca94d-bc44-4d26-9e3b-546128cc6fee,function_transfer_time,1779111094.5705988,0.000046586
experiment_name,5adca94d-bc44-4d26-9e3b-546128cc6fee,function_transfer_time,1779111094.6709197,0.000050865
experiment_name,5adca94d-bc44-4d26-9e3b-546128cc6fee,function_transfer_time,1779111094.772256,0.000044634
experiment_name,5adca94d-bc44-4d26-9e3b-546128cc6fee,function_transfer_time,1779111094.8736124,0.000121273
experiment_name,5adca94d-bc44-4d26-9e3b-546128cc6fee,function_transfer_time,1779111094.9739058,0.000050964
experiment_name,5adca94d-bc44-4d26-9e3b-546128cc6fee,function_transfer_time,1779111095.0752332,0.000110984
experiment_name,5adca94d-bc44-4d26-9e3b-546128cc6fee,function_transfer_time,1779111095.1765828,0.000046286
experiment_name,5adca94d-bc44-4d26-9e3b-546128cc6fee,function_transfer_time,1779111095.2779844,0.000117967
experiment_name,5adca94d-bc44-4d26-9e3b-546128cc6fee,function_transfer_time,1779111095.3792818,0.000030934
experiment_name,5adca94d-bc44-4d26-9e3b-546128cc6fee,function_transfer_time,1779111095.480728,0.000132062
experiment_name,5adca94d-bc44-4d26-9e3b-546128cc6fee,function_transfer_time,1779111095.5820184,0.000121363
experiment_name,5adca94d-bc44-4d26-9e3b-546128cc6fee,function_transfer_time,1779111095.68336,0.000132356
experiment_name,5adca94d-bc44-4d26-9e3b-546128cc6fee,function_transfer_time,1779111095.7846615,0.000129713
experiment_name,5adca94d-bc44-4d26-9e3b-546128cc6fee,function_transfer_time,1779111095.8859549,0.000109058
experiment_name,5adca94d-bc44-4d26-9e3b-546128cc6fee,function_transfer_time,1779111095.9872463,0.000024151
experiment_name,5adca94d-bc44-4d26-9e3b-546128cc6fee,function_transfer_time,1779111096.0885565,0.000099355
experiment_name,c6d8d533-6d04-4a21-9d60-3e7755ff3602,function_transfer_time,1779111094.1660872,0.000082139
experiment_name,c6d8d533-6d04-4a21-9d60-3e7755ff3602,function_transfer_time,1779111094.2674363,0.000087145
experiment_name,c6d8d533-6d04-4a21-9d60-3e7755ff3602,function_transfer_time,1779111094.3677473,0.000091301
experiment_name,c6d8d533-6d04-4a21-9d60-3e7755ff3602,function_transfer_time,1779111094.4691236,0.000077283
experiment_name,c6d8d533-6d04-4a21-9d60-3e7755ff3602,function_transfer_time,1779111094.57045,0.000087143
experiment_name,c6d8d533-6d04-4a21-9d60-3e7755ff3602,function_transfer_time,1779111094.6707623,0.000076843
experiment_name,c6d8d533-6d04-4a21-9d60-3e7755ff3602,function_transfer_time,1779111094.772108,0.000084301
experiment_name,c6d8d533-6d04-4a21-9d60-3e7755ff3602,function_transfer_time,1779111094.8734243,0.000080134
experiment_name,c6d8d533-6d04-4a21-9d60-3e7755ff3602,function_transfer_time,1779111094.9737566,0.000077647
experiment_name,c6d8d533-6d04-4a21-9d60-3e7755ff3602,function_transfer_time,1779111095.0750642,0.000082881
experiment_name,c6d8d533-6d04-4a21-9d60-3e7755ff3602,function_transfer_time,1779111095.1764522,0.000105791
experiment_name,c6d8d533-6d04-4a21-9d60-3e7755ff3602,function_transfer_time,1779111095.2778084,0.000085792
experiment_name,c6d8d533-6d04-4a21-9d60-3e7755ff3602,function_transfer_time,1779111095.379123,0.000079051
experiment_name,c6d8d533-6d04-4a21-9d60-3e7755ff3602,function_transfer_time,1779111095.4805324,0.000092285
experiment_name,c6d8d533-6d04-4a21-9d60-3e7755ff3602,function_transfer_time,1779111095.5818472,0.000085728
experiment_name,c6d8d533-6d04-4a21-9d60-3e7755ff3602,function_transfer_time,1779111095.683174,0.000076343
experiment_name,c6d8d533-6d04-4a21-9d60-3e7755ff3602,function_transfer_time,1779111095.784479,0.000077208
experiment_name,c6d8d533-6d04-4a21-9d60-3e7755ff3602,function_transfer_time,1779111095.8857954,0.000077912
experiment_name,c6d8d533-6d04-4a21-9d60-3e7755ff3602,function_transfer_time,1779111095.9871097,0.000082702
experiment_name,c6d8d533-6d04-4a21-9d60-3e7755ff3602,function_transfer_time,1779111096.0883954,0.000080217
experiment_name,c6d8d533-6d04-4a21-9d60-3e7755ff3602,function_execution_time,1779111096.1896286,0.000097199
experiment_name,c6d8d533-6d04-4a21-9d60-3e7755ff3602,function_execution_time,1779111096.2907963,0.00007427
experiment_name,c6d8d533-6d04-4a21-9d60-3e7755ff3602,function_execution_time,1779111096.3922203,0.000160609
experiment_name,c6d8d533-6d04-4a21-9d60-3e7755ff3602,function_execution_time,1779111096.4934366,0.000071229
experiment_name,c6d8d533-6d04-4a21-9d60-3e7755ff3602,function_execution_time,1779111096.594757,0.000079236
experiment_name,c6d8d533-6d04-4a21-9d60-3e7755ff3602,function_execution_time,1779111096.6961517,0.000077901
experiment_name,c6d8d533-6d04-4a21-9d60-3e7755ff3602,function_execution_time,1779111096.7973793,0.000072212
experiment_name,c6d8d533-6d04-4a21-9d60-3e7755ff3602,function_execution_time,1779111096.8987143,0.000080447
experiment_name,c6d8d533-6d04-4a21-9d60-3e7755ff3602,function_execution_time,1779111097.0000298,0.000071525
experiment_name,c6d8d533-6d04-4a21-9d60-3e7755ff3602,function_execution_time,1779111097.1013455,0.000070802
experiment_name,c6d8d533-6d04-4a21-9d60-3e7755ff3602,function_execution_time,1779111097.2027018,0.000076875
experiment_name,c6d8d533-6d04-4a21-9d60-3e7755ff3602,function_execution_time,1779111097.3040078,0.000071391
experiment_name,c6d8d533-6d04-4a21-9d60-3e7755ff3602,function_execution_time,1779111097.4053416,0.000128309
experiment_name,c6d8d533-6d04-4a21-9d60-3e7755ff3602,function_execution_time,1779111097.506565,0.000067201
experiment_name,c6d8d533-6d04-4a21-9d60-3e7755ff3602,function_execution_time,1779111097.6079023,0.000078385
experiment_name,c6d8d533-6d04-4a21-9d60-3e7755ff3602,function_execution_time,1779111097.7091765,0.000071431
experiment_name,c6d8d533-6d04-4a21-9d60-3e7755ff3602,function_execution_time,1779111097.810582,0.000090835
experiment_name,c6d8d533-6d04-4a21-9d60-3e7755ff3602,function_execution_time,1779111097.910913,0.000117265
experiment_name,c6d8d533-6d04-4a21-9d60-3e7755ff3602,function_execution_time,1779111098.012142,0.000071977
experiment_name,5adca94d-bc44-4d26-9e3b-546128cc6fee,function_execution_time,1779111096.1896884,0.000070059
experiment_name,5adca94d-bc44-4d26-9e3b-546128cc6fee,function_execution_time,1779111096.2909436,0.000059249
experiment_name,5adca94d-bc44-4d26-9e3b-546128cc6fee,function_execution_time,1779111096.3922746,0.00005969
experiment_name,5adca94d-bc44-4d26-9e3b-546128cc6fee,function_execution_time,1779111096.493574,0.000058128
experiment_name,5adca94d-bc44-4d26-9e3b-546128cc6fee,function_execution_time,1779111096.5948353,0.000060205
experiment_name,5adca94d-bc44-4d26-9e3b-546128cc6fee,function_execution_time,1779111096.696154,0.000058757
experiment_name,5adca94d-bc44-4d26-9e3b-546128cc6fee,function_execution_time,1779111096.7975433,0.000058481
experiment_name,5adca94d-bc44-4d26-9e3b-546128cc6fee,function_execution_time,1779111096.8987925,0.000061005
experiment_name,5adca94d-bc44-4d26-9e3b-546128cc6fee,function_execution_time,1779111097.0001075,0.000060552
experiment_name,5adca94d-bc44-4d26-9e3b-546128cc6fee,function_execution_time,1779111097.1014457,0.000082349
experiment_name,5adca94d-bc44-4d26-9e3b-546128cc6fee,function_execution_time,1779111097.20278,0.000059188
experiment_name,5adca94d-bc44-4d26-9e3b-546128cc6fee,function_execution_time,1779111097.3040953,0.000060115
experiment_name,5adca94d-bc44-4d26-9e3b-546128cc6fee,function_execution_time,1779111097.4054024,0.000058165
experiment_name,5adca94d-bc44-4d26-9e3b-546128cc6fee,function_execution_time,1779111097.5066552,0.000068731
experiment_name,5adca94d-bc44-4d26-9e3b-546128cc6fee,function_execution_time,1779111097.6080606,0.000057647
experiment_name,5adca94d-bc44-4d26-9e3b-546128cc6fee,function_execution_time,1779111097.7092505,0.000058646
experiment_name,5adca94d-bc44-4d26-9e3b-546128cc6fee,function_execution_time,1779111097.81059,0.000054158
experiment_name,5adca94d-bc44-4d26-9e3b-546128cc6fee,function_execution_time,1779111097.9109454,0.000098689
experiment_name,5adca94d-bc44-4d26-9e3b-546128cc6fee,function_execution_time,1779111098.0122352,0.000066151
experiment_name,c6d8d533-6d04-4a21-9d60-3e7755ff3602,function_transfer_time,1779111096.1894581,0.000084378
experiment_name,c6d8d533-6d04-4a21-9d60-3e7755ff3602,function_transfer_time,1779111096.2907145,0.000023338
experiment_name,c6d8d533-6d04-4a21-9d60-3e7755ff3602,function_transfer_time,1779111096.3920484,0.000081832
experiment_name,c6d8d533-6d04-4a21-9d60-3e7755ff3602,function_transfer_time,1779111096.49334,0.000022899
experiment_name,c6d8d533-6d04-4a21-9d60-3e7755ff3602,function_transfer_time,1779111096.5946784,0.000081035
experiment_name,c6d8d533-6d04-4a21-9d60-3e7755ff3602,function_transfer_time,1779111096.6960142,0.000074488
experiment_name,c6d8d533-6d04-4a21-9d60-3e7755ff3602,function_transfer_time,1779111096.7973015,0.000084733
experiment_name,c6d8d533-6d04-4a21-9d60-3e7755ff3602,function_transfer_time,1779111096.8986368,0.000083522
experiment_name,c6d8d533-6d04-4a21-9d60-3e7755ff3602,function_transfer_time,1779111096.9999533,0.000078199
experiment_name,c6d8d533-6d04-4a21-9d60-3e7755ff3602,function_transfer_time,1779111097.1012697,0.000083125
experiment_name,c6d8d533-6d04-4a21-9d60-3e7755ff3602,function_transfer_time,1779111097.2026067,0.000083895
experiment_name,c6d8d533-6d04-4a21-9d60-3e7755ff3602,function_transfer_time,1779111097.303932,0.000081811
experiment_name,c6d8d533-6d04-4a21-9d60-3e7755ff3602,function_transfer_time,1779111097.4052067,0.000025005
experiment_name,c6d8d533-6d04-4a21-9d60-3e7755ff3602,function_transfer_time,1779111097.5064843,0.000025073
experiment_name,c6d8d533-6d04-4a21-9d60-3e7755ff3602,function_transfer_time,1779111097.607819,0.000083389
experiment_name,c6d8d533-6d04-4a21-9d60-3e7755ff3602,function_transfer_time,1779111097.7091024,0.000076389
experiment_name,c6d8d533-6d04-4a21-9d60-3e7755ff3602,function_transfer_time,1779111097.8104253,0.000077584
experiment_name,c6d8d533-6d04-4a21-9d60-3e7755ff3602,function_transfer_time,1779111097.910763,0.000076872
experiment_name,c6d8d533-6d04-4a21-9d60-3e7755ff3602,function_transfer_time,1779111098.012058,0.000085285
experiment_name,5adca94d-bc44-4d26-9e3b-546128cc6fee,function_transfer_time,1779111096.1896346,0.000104904
experiment_name,5adca94d-bc44-4d26-9e3b-546128cc6fee,function_transfer_time,1779111096.2908957,0.000114035
experiment_name,5adca94d-bc44-4d26-9e3b-546128cc6fee,function_transfer_time,1779111096.392216,0.000031801
experiment_name,5adca94d-bc44-4d26-9e3b-546128cc6fee,function_transfer_time,1779111096.4935174,0.000120589
experiment_name,5adca94d-bc44-4d26-9e3b-546128cc6fee,function_transfer_time,1779111096.5948305,0.000042736
experiment_name,5adca94d-bc44-4d26-9e3b-546128cc6fee,function_transfer_time,1779111096.6961474,0.0000284
experiment_name,5adca94d-bc44-4d26-9e3b-546128cc6fee,function_transfer_time,1779111096.797485,0.000128344
experiment_name,5adca94d-bc44-4d26-9e3b-546128cc6fee,function_transfer_time,1779111096.8987887,0.000042116
experiment_name,5adca94d-bc44-4d26-9e3b-546128cc6fee,function_transfer_time,1779111097.0001028,0.000047958
experiment_name,5adca94d-bc44-4d26-9e3b-546128cc6fee,function_transfer_time,1779111097.1014416,0.000045645
experiment_name,5adca94d-bc44-4d26-9e3b-546128cc6fee,function_transfer_time,1779111097.2027762,0.000065911
experiment_name,5adca94d-bc44-4d26-9e3b-546128cc6fee,function_transfer_time,1779111097.3040912,0.000045922
experiment_name,5adca94d-bc44-4d26-9e3b-546128cc6fee,function_transfer_time,1779111097.4053457,0.000032235
experiment_name,5adca94d-bc44-4d26-9e3b-546128cc6fee,function_transfer_time,1779111097.506635,0.000051062
experiment_name,5adca94d-bc44-4d26-9e3b-546128cc6fee,function_transfer_time,1779111097.6080022,0.000121552
experiment_name,5adca94d-bc44-4d26-9e3b-546128cc6fee,function_transfer_time,1779111097.7092469,0.000040788
experiment_name,5adca94d-bc44-4d26-9e3b-546128cc6fee,function_transfer_time,1779111097.8105872,0.000035381
experiment_name,5adca94d-bc44-4d26-9e3b-546128cc6fee,function_transfer_time,1779111097.910908,0.00002678
experiment_name,5adca94d-bc44-4d26-9e3b-546128cc6fee,function_transfer_time,1779111098.0121684,0.000054699
experiment_name,5adca94d-bc44-4d26-9e3b-546128cc6fee,function_execution_time,1779111098.1137688,0.000148051
experiment_name,5adca94d-bc44-4d26-9e3b-546128cc6fee,function_execution_time,1779111098.215144,0.000059266
experiment_name,5adca94d-bc44-4d26-9e3b-546128cc6fee,function_execution_time,1779111098.3165364,0.000059557
experiment_name,5adca94d-bc44-4d26-9e3b-546128cc6fee,function_execution_time,1779111098.4178503,0.000066156
experiment_name,5adca94d-bc44-4d26-9e3b-546128cc6fee,function_execution_time,1779111098.5191524,0.000059755
experiment_name,5adca94d-bc44-4d26-9e3b-546128cc6fee,function_execution_time,1779111098.6204612,0.000076202
experiment_name,5adca94d-bc44-4d26-9e3b-546128cc6fee,function_execution_time,1779111098.721751,0.000071694
experiment_name,5adca94d-bc44-4d26-9e3b-546128cc6fee,function_execution_time,1779111098.823121,0.000082861
experiment_name,5adca94d-bc44-4d26-9e3b-546128cc6fee,function_execution_time,1779111098.92438,0.000060392
experiment_name,5adca94d-bc44-4d26-9e3b-546128cc6fee,function_execution_time,1779111099.025692,0.000058217
experiment_name,5adca94d-bc44-4d26-9e3b-546128cc6fee,function_execution_time,1779111099.1269784,0.000057977
experiment_name,5adca94d-bc44-4d26-9e3b-546128cc6fee,function_execution_time,1779111099.2284696,0.000073641
experiment_name,5adca94d-bc44-4d26-9e3b-546128cc6fee,function_execution_time,1779111099.329706,0.000063381
experiment_name,5adca94d-bc44-4d26-9e3b-546128cc6fee,function_execution_time,1779111099.4309237,0.000062827
experiment_name,5adca94d-bc44-4d26-9e3b-546128cc6fee,function_execution_time,1779111099.5323021,0.000058115
experiment_name,5adca94d-bc44-4d26-9e3b-546128cc6fee,function_execution_time,1779111099.6337273,0.000056516
experiment_name,5adca94d-bc44-4d26-9e3b-546128cc6fee,function_execution_time,1779111099.7351127,0.000062434
experiment_name,5adca94d-bc44-4d26-9e3b-546128cc6fee,function_execution_time,1779111099.8364758,0.000069178
experiment_name,5adca94d-bc44-4d26-9e3b-546128cc6fee,function_execution_time,1779111099.9377747,0.000059807
experiment_name,5adca94d-bc44-4d26-9e3b-546128cc6fee,function_execution_time,1779111100.0390468,0.000055694
experiment_name,c6d8d533-6d04-4a21-9d60-3e7755ff3602,function_execution_time,1779111098.1136515,0.000109503
experiment_name,c6d8d533-6d04-4a21-9d60-3e7755ff3602,function_execution_time,1779111098.2151375,0.00007798
experiment_name,c6d8d533-6d04-4a21-9d60-3e7755ff3602,function_execution_time,1779111098.3164456,0.000082689
experiment_name,c6d8d533-6d04-4a21-9d60-3e7755ff3602,function_execution_time,1779111098.4177809,0.000145745
experiment_name,c6d8d533-6d04-4a21-9d60-3e7755ff3602,function_execution_time,1779111098.5190694,0.000073378
experiment_name,c6d8d533-6d04-4a21-9d60-3e7755ff3602,function_execution_time,1779111098.6203847,0.00009028
experiment_name,c6d8d533-6d04-4a21-9d60-3e7755ff3602,function_execution_time,1779111098.7217016,0.000084156
experiment_name,c6d8d533-6d04-4a21-9d60-3e7755ff3602,function_execution_time,1779111098.823025,0.000108158
experiment_name,c6d8d533-6d04-4a21-9d60-3e7755ff3602,function_execution_time,1779111098.9242108,0.000071625
experiment_name,c6d8d533-6d04-4a21-9d60-3e7755ff3602,function_execution_time,1779111099.025537,0.000076869
experiment_name,c6d8d533-6d04-4a21-9d60-3e7755ff3602,function_execution_time,1779111099.1268196,0.000070879
experiment_name,c6d8d533-6d04-4a21-9d60-3e7755ff3602,function_execution_time,1779111099.2283623,0.000087222
experiment_name,c6d8d533-6d04-4a21-9d60-3e7755ff3602,function_execution_time,1779111099.3295577,0.000068192
experiment_name,c6d8d533-6d04-4a21-9d60-3e7755ff3602,function_execution_time,1779111099.4308505,0.000121615
experiment_name,c6d8d533-6d04-4a21-9d60-3e7755ff3602,function_execution_time,1779111099.5321832,0.000088049
experiment_name,c6d8d533-6d04-4a21-9d60-3e7755ff3602,function_execution_time,1779111099.6336462,0.000070649
experiment_name,c6d8d533-6d04-4a21-9d60-3e7755ff3602,function_execution_time,1779111099.734952,0.000071253
experiment_name,c6d8d533-6d04-4a21-9d60-3e7755ff3602,function_execution_time,1779111099.8362997,0.000071818
experiment_name,c6d8d533-6d04-4a21-9d60-3e7755ff3602,function_execution_time,1779111099.9376268,0.000082107
experiment_name,c6d8d533-6d04-4a21-9d60-3e7755ff3602,function_execution_time,1779111100.0389621,0.000071165
experiment_name,5adca94d-bc44-4d26-9e3b-546128cc6fee,function_transfer_time,1779111098.113619,0.00002068
experiment_name,5adca94d-bc44-4d26-9e3b-546128cc6fee,function_transfer_time,1779111098.2151423,0.000031241
experiment_name,5adca94d-bc44-4d26-9e3b-546128cc6fee,function_transfer_time,1779111098.3164706,0.000111314
experiment_name,5adca94d-bc44-4d26-9e3b-546128cc6fee,function_transfer_time,1779111098.417785,0.000035566
experiment_name,5adca94d-bc44-4d26-9e3b-546128cc6fee,function_transfer_time,1779111098.5191476,0.000045931
experiment_name,5adca94d-bc44-4d26-9e3b-546128cc6fee,function_transfer_time,1779111098.6203895,0.000038156
experiment_name,5adca94d-bc44-4d26-9e3b-546128cc6fee,function_transfer_time,1779111098.721707,0.000092145
experiment_name,5adca94d-bc44-4d26-9e3b-546128cc6fee,function_transfer_time,1779111098.82303,0.000100016
experiment_name,5adca94d-bc44-4d26-9e3b-546128cc6fee,function_transfer_time,1779111098.9243186,0.000131783
experiment_name,5adca94d-bc44-4d26-9e3b-546128cc6fee,function_transfer_time,1779111099.0256307,0.000111494
experiment_name,5adca94d-bc44-4d26-9e3b-546128cc6fee,function_transfer_time,1779111099.1269212,0.000132689
experiment_name,5adca94d-bc44-4d26-9e3b-546128cc6fee,function_transfer_time,1779111099.2283869,0.000109564
experiment_name,5adca94d-bc44-4d26-9e3b-546128cc6fee,function_transfer_time,1779111099.3296423,0.000115029
experiment_name,5adca94d-bc44-4d26-9e3b-546128cc6fee,function_transfer_time,1779111099.4308548,0.000031952
experiment_name,5adca94d-bc44-4d26-9e3b-546128cc6fee,function_transfer_time,1779111099.5322373,0.000084177
experiment_name,5adca94d-bc44-4d26-9e3b-546128cc6fee,function_transfer_time,1779111099.6336696,0.000052423
experiment_name,5adca94d-bc44-4d26-9e3b-546128cc6fee,function_transfer_time,1779111099.7350504,0.000118848
experiment_name,5adca94d-bc44-4d26-9e3b-546128cc6fee,function_transfer_time,1779111099.836404,0.000128445
experiment_name,5adca94d-bc44-4d26-9e3b-546128cc6fee,function_transfer_time,1779111099.9377255,0.000108477
experiment_name,5adca94d-bc44-4d26-9e3b-546128cc6fee,function_transfer_time,1779111100.03899,0.000049898
experiment_name,c6d8d533-6d04-4a21-9d60-3e7755ff3602,function_transfer_time,1779111098.1135395,0.000085401
experiment_name,c6d8d533-6d04-4a21-9d60-3e7755ff3602,function_transfer_time,1779111098.2150068,0.000079182
experiment_name,c6d8d533-6d04-4a21-9d60-3e7755ff3602,function_transfer_time,1779111098.3163004,0.000074516
experiment_name,c6d8d533-6d04-4a21-9d60-3e7755ff3602,function_transfer_time,1779111098.41763,0.000085242
experiment_name,c6d8d533-6d04-4a21-9d60-3e7755ff3602,function_transfer_time,1779111098.518996,0.000087225
experiment_name,c6d8d533-6d04-4a21-9d60-3e7755ff3602,function_transfer_time,1779111098.6202838,0.000032794
experiment_name,c6d8d533-6d04-4a21-9d60-3e7755ff3602,function_transfer_time,1779111098.7215292,0.00002588
experiment_name,c6d8d533-6d04-4a21-9d60-3e7755ff3602,function_transfer_time,1779111098.8228714,0.000090059
experiment_name,c6d8d533-6d04-4a21-9d60-3e7755ff3602,function_transfer_time,1779111098.9241316,0.0000196
experiment_name,c6d8d533-6d04-4a21-9d60-3e7755ff3602,function_transfer_time,1779111099.0254579,0.000089286
experiment_name,c6d8d533-6d04-4a21-9d60-3e7755ff3602,function_transfer_time,1779111099.1268153,0.000020997
experiment_name,c6d8d533-6d04-4a21-9d60-3e7755ff3602,function_transfer_time,1779111099.228218,0.00008588
experiment_name,c6d8d533-6d04-4a21-9d60-3e7755ff3602,function_transfer_time,1779111099.3294737,0.000020976
experiment_name,c6d8d533-6d04-4a21-9d60-3e7755ff3602,function_transfer_time,1779111099.4307277,0.00002019
experiment_name,c6d8d533-6d04-4a21-9d60-3e7755ff3602,function_transfer_time,1779111099.5320935,0.000089398
experiment_name,c6d8d533-6d04-4a21-9d60-3e7755ff3602,function_transfer_time,1779111099.6335626,0.000076804
experiment_name,c6d8d533-6d04-4a21-9d60-3e7755ff3602,function_transfer_time,1779111099.7348766,0.000080382
experiment_name,c6d8d533-6d04-4a21-9d60-3e7755ff3602,function_transfer_time,1779111099.836217,0.000086344
experiment_name,c6d8d533-6d04-4a21-9d60-3e7755ff3602,function_transfer_time,1779111099.9375448,0.000083902
experiment_name,c6d8d533-6d04-4a21-9d60-3e7755ff3602,function_transfer_time,1779111100.038887,0.000084461
experiment_name,5adca94d-bc44-4d26-9e3b-546128cc6fee,function_execution_time,1779111100.140908,0.00007067
experiment_name,5adca94d-bc44-4d26-9e3b-546128cc6fee,function_execution_time,1779111100.2422106,0.000057522
experiment_name,5adca94d-bc44-4d26-9e3b-546128cc6fee,function_execution_time,1779111100.343506,0.000059414
experiment_name,5adca94d-bc44-4d26-9e3b-546128cc6fee,function_execution_time,1779111100.444854,0.000059273
experiment_name,5adca94d-bc44-4d26-9e3b-546128cc6fee,function_execution_time,1779111100.5461905,0.000063103
experiment_name,5adca94d-bc44-4d26-9e3b-546128cc6fee,function_execution_time,1779111100.6475039,0.000094976
experiment_name,5adca94d-bc44-4d26-9e3b-546128cc6fee,function_execution_time,1779111100.7487574,0.000059674
experiment_name,5adca94d-bc44-4d26-9e3b-546128cc6fee,function_execution_time,1779111100.850168,0.000056683
experiment_name,5adca94d-bc44-4d26-9e3b-546128cc6fee,function_execution_time,1779111100.9515193,0.00005793
experiment_name,5adca94d-bc44-4d26-9e3b-546128cc6fee,function_execution_time,1779111101.0520334,0.000067286
experiment_name,5adca94d-bc44-4d26-9e3b-546128cc6fee,function_execution_time,1779111101.1533287,0.000057829
experiment_name,5adca94d-bc44-4d26-9e3b-546128cc6fee,function_execution_time,1779111101.2546659,0.000058188
experiment_name,5adca94d-bc44-4d26-9e3b-546128cc6fee,function_execution_time,1779111101.3549733,0.000056674
experiment_name,5adca94d-bc44-4d26-9e3b-546128cc6fee,function_execution_time,1779111101.4562368,0.000054464
experiment_name,5adca94d-bc44-4d26-9e3b-546128cc6fee,function_execution_time,1779111101.557673,0.000061113
experiment_name,5adca94d-bc44-4d26-9e3b-546128cc6fee,function_execution_time,1779111101.6578882,0.000058904
experiment_name,5adca94d-bc44-4d26-9e3b-546128cc6fee,function_execution_time,1779111101.7592754,0.000056504
experiment_name,5adca94d-bc44-4d26-9e3b-546128cc6fee,function_execution_time,1779111101.860612,0.000055719
experiment_name,5adca94d-bc44-4d26-9e3b-546128cc6fee,function_execution_time,1779111101.9609506,0.000064154
experiment_name,5adca94d-bc44-4d26-9e3b-546128cc6fee,function_execution_time,1779111102.0622907,0.000056904
experiment_name,c6d8d533-6d04-4a21-9d60-3e7755ff3602,function_execution_time,1779111100.1407406,0.000075748
experiment_name,c6d8d533-6d04-4a21-9d60-3e7755ff3602,function_execution_time,1779111100.2420666,0.00008812
experiment_name,c6d8d533-6d04-4a21-9d60-3e7755ff3602,function_execution_time,1779111100.3434086,0.000073174
experiment_name,c6d8d533-6d04-4a21-9d60-3e7755ff3602,function_execution_time,1779111100.4447987,0.00015466
experiment_name,c6d8d533-6d04-4a21-9d60-3e7755ff3602,function_execution_time,1779111100.5460978,0.000080812
experiment_name,c6d8d533-6d04-4a21-9d60-3e7755ff3602,function_execution_time,1779111100.647471,0.000091106
experiment_name,c6d8d533-6d04-4a21-9d60-3e7755ff3602,function_execution_time,1779111100.748683,0.000070197
experiment_name,c6d8d533-6d04-4a21-9d60-3e7755ff3602,function_execution_time,1779111100.8500302,0.000071532
experiment_name,c6d8d533-6d04-4a21-9d60-3e7755ff3602,function_execution_time,1779111100.9514182,0.000087704
experiment_name,c6d8d533-6d04-4a21-9d60-3e7755ff3602,function_execution_time,1779111101.0519292,0.000081524
experiment_name,c6d8d533-6d04-4a21-9d60-3e7755ff3602,function_execution_time,1779111101.153172,0.000071888
experiment_name,c6d8d533-6d04-4a21-9d60-3e7755ff3602,function_execution_time,1779111101.254531,0.000082998
experiment_name,c6d8d533-6d04-4a21-9d60-3e7755ff3602,function_execution_time,1779111101.3548875,0.000079614
experiment_name,c6d8d533-6d04-4a21-9d60-3e7755ff3602,function_execution_time,1779111101.4561856,0.000117976
experiment_name,c6d8d533-6d04-4a21-9d60-3e7755ff3602,function_execution_time,1779111101.5575683,0.000093274
experiment_name,c6d8d533-6d04-4a21-9d60-3e7755ff3602,function_execution_time,1779111101.657813,0.00006954
experiment_name,c6d8d533-6d04-4a21-9d60-3e7755ff3602,function_execution_time,1779111101.7591395,0.000068754
experiment_name,c6d8d533-6d04-4a21-9d60-3e7755ff3602,function_execution_time,1779111101.8605232,0.000093699
experiment_name,c6d8d533-6d04-4a21-9d60-3e7755ff3602,function_execution_time,1779111101.9607787,0.000070728
experiment_name,c6d8d533-6d04-4a21-9d60-3e7755ff3602,function_execution_time,1779111102.062129,0.000078187
experiment_name,c6d8d533-6d04-4a21-9d60-3e7755ff3602,function_transfer_time,1779111100.1406639,0.000083352
experiment_name,c6d8d533-6d04-4a21-9d60-3e7755ff3602,function_transfer_time,1779111100.2419815,0.000079871
experiment_name,c6d8d533-6d04-4a21-9d60-3e7755ff3602,function_transfer_time,1779111100.3433263,0.000083343
experiment_name,c6d8d533-6d04-4a21-9d60-3e7755ff3602,function_transfer_time,1779111100.444631,0.000076072
experiment_name,c6d8d533-6d04-4a21-9d60-3e7755ff3602,function_transfer_time,1779111100.5460184,0.00008102
experiment_name,c6d8d533-6d04-4a21-9d60-3e7755ff3602,function_transfer_time,1779111100.6473274,0.00007763
experiment_name,c6d8d533-6d04-4a21-9d60-3e7755ff3602,function_transfer_time,1779111100.7485995,0.00007821
experiment_name,c6d8d533-6d04-4a21-9d60-3e7755ff3602,function_transfer_time,1779111100.8499525,0.000090828
experiment_name,c6d8d533-6d04-4a21-9d60-3e7755ff3602,function_transfer_time,1779111100.9512744,0.000085969
experiment_name,c6d8d533-6d04-4a21-9d60-3e7755ff3602,function_transfer_time,1779111101.0517926,0.000080449
experiment_name,c6d8d533-6d04-4a21-9d60-3e7755ff3602,function_transfer_time,1779111101.153088,0.000085315
experiment_name,c6d8d533-6d04-4a21-9d60-3e7755ff3602,function_transfer_time,1779111101.2544358,0.000084632
experiment_name,c6d8d533-6d04-4a21-9d60-3e7755ff3602,function_transfer_time,1779111101.3547544,0.000081164
experiment_name,c6d8d533-6d04-4a21-9d60-3e7755ff3602,function_transfer_time,1779111101.4560604,0.000083265
experiment_name,c6d8d533-6d04-4a21-9d60-3e7755ff3602,function_transfer_time,1779111101.5574348,0.000084213
experiment_name,c6d8d533-6d04-4a21-9d60-3e7755ff3602,function_transfer_time,1779111101.657729,0.000083595
experiment_name,c6d8d533-6d04-4a21-9d60-3e7755ff3602,function_transfer_time,1779111101.7590568,0.000077292
experiment_name,c6d8d533-6d04-4a21-9d60-3e7755ff3602,function_transfer_time,1779111101.8603709,0.000081564
experiment_name,c6d8d533-6d04-4a21-9d60-3e7755ff3602,function_transfer_time,1779111101.9607046,0.000084476
experiment_name,c6d8d533-6d04-4a21-9d60-3e7755ff3602,function_transfer_time,1779111102.0620525,0.000080563
experiment_name,5adca94d-bc44-4d26-9e3b-546128cc6fee,function_transfer_time,1779111100.1408374,0.000116254
experiment_name,5adca94d-bc44-4d26-9e3b-546128cc6fee,function_transfer_time,1779111100.2421534,0.000106175
experiment_name,5adca94d-bc44-4d26-9e3b-546128cc6fee,function_transfer_time,1779111100.3434365,0.000053869
experiment_name,5adca94d-bc44-4d26-9e3b-546128cc6fee,function_transfer_time,1779111100.444794,0.000035327
experiment_name,5adca94d-bc44-4d26-9e3b-546128cc6fee,function_transfer_time,1779111100.546171,0.000048652
experiment_name,5adca94d-bc44-4d26-9e3b-546128cc6fee,function_transfer_time,1779111100.647467,0.000025675
experiment_name,5adca94d-bc44-4d26-9e3b-546128cc6fee,function_transfer_time,1779111100.7487533,0.000048225
experiment_name,5adca94d-bc44-4d26-9e3b-546128cc6fee,function_transfer_time,1779111100.8501108,0.000104912
experiment_name,5adca94d-bc44-4d26-9e3b-546128cc6fee,function_transfer_time,1779111100.9514546,0.000118387
experiment_name,5adca94d-bc44-4d26-9e3b-546128cc6fee,function_transfer_time,1779111101.0519621,0.000115508
experiment_name,5adca94d-bc44-4d26-9e3b-546128cc6fee,function_transfer_time,1779111101.15327,0.000125061
experiment_name,5adca94d-bc44-4d26-9e3b-546128cc6fee,function_transfer_time,1779111101.2546034,0.000107509
experiment_name,5adca94d-bc44-4d26-9e3b-546128cc6fee,function_transfer_time,1779111101.3549125,0.000105841
experiment_name,5adca94d-bc44-4d26-9e3b-546128cc6fee,function_transfer_time,1779111101.456182,0.000028435
experiment_name,5adca94d-bc44-4d26-9e3b-546128cc6fee,function_transfer_time,1779111101.5576074,0.00011418
experiment_name,5adca94d-bc44-4d26-9e3b-546128cc6fee,function_transfer_time,1779111101.6578836,0.00005535
experiment_name,5adca94d-bc44-4d26-9e3b-546128cc6fee,function_transfer_time,1779111101.7592182,0.00010962
experiment_name,5adca94d-bc44-4d26-9e3b-546128cc6fee,function_transfer_time,1779111101.8605497,0.000120599
experiment_name,5adca94d-bc44-4d26-9e3b-546128cc6fee,function_transfer_time,1779111101.9608862,0.000128258
experiment_name,5adca94d-bc44-4d26-9e3b-546128cc6fee,function_transfer_time,1779111102.0622337,0.000123685
experiment_name,c6d8d533-6d04-4a21-9d60-3e7755ff3602,function_execution_time,1779111102.163442,0.000084101
experiment_name,c6d8d533-6d04-4a21-9d60-3e7755ff3602,function_execution_time,1779111102.264706,0.00007435
experiment_name,c6d8d533-6d04-4a21-9d60-3e7755ff3602,function_execution_time,1779111102.3660636,0.000081543
experiment_name,c6d8d533-6d04-4a21-9d60-3e7755ff3602,function_execution_time,1779111102.4674087,0.000157384
experiment_name,c6d8d533-6d04-4a21-9d60-3e7755ff3602,function_execution_time,1779111102.5687523,0.000082295
experiment_name,c6d8d533-6d04-4a21-9d60-3e7755ff3602,function_execution_time,1779111102.6700025,0.000072986
experiment_name,c6d8d533-6d04-4a21-9d60-3e7755ff3602,function_execution_time,1779111102.7712781,0.000073272
experiment_name,c6d8d533-6d04-4a21-9d60-3e7755ff3602,function_execution_time,1779111102.8726683,0.000082328
experiment_name,c6d8d533-6d04-4a21-9d60-3e7755ff3602,function_execution_time,1779111102.9739397,0.000072042
experiment_name,c6d8d533-6d04-4a21-9d60-3e7755ff3602,function_execution_time,1779111103.0752451,0.000073363
experiment_name,c6d8d533-6d04-4a21-9d60-3e7755ff3602,function_execution_time,1779111103.1766403,0.000081084
experiment_name,c6d8d533-6d04-4a21-9d60-3e7755ff3602,function_execution_time,1779111103.277995,0.000089695
experiment_name,c6d8d533-6d04-4a21-9d60-3e7755ff3602,function_execution_time,1779111103.379178,0.00006885
experiment_name,c6d8d533-6d04-4a21-9d60-3e7755ff3602,function_execution_time,1779111103.4806094,0.000146153
experiment_name,c6d8d533-6d04-4a21-9d60-3e7755ff3602,function_execution_time,1779111103.5820363,0.000086191
experiment_name,c6d8d533-6d04-4a21-9d60-3e7755ff3602,function_execution_time,1779111103.683302,0.00007176
experiment_name,c6d8d533-6d04-4a21-9d60-3e7755ff3602,function_execution_time,1779111103.7846153,0.000072738
experiment_name,c6d8d533-6d04-4a21-9d60-3e7755ff3602,function_execution_time,1779111103.8859978,0.000083278
experiment_name,c6d8d533-6d04-4a21-9d60-3e7755ff3602,function_execution_time,1779111103.9872768,0.000091262
experiment_name,c6d8d533-6d04-4a21-9d60-3e7755ff3602,function_execution_time,1779111104.0885513,0.000087465
experiment_name,5adca94d-bc44-4d26-9e3b-546128cc6fee,function_execution_time,1779111102.1635294,0.000058155
experiment_name,5adca94d-bc44-4d26-9e3b-546128cc6fee,function_execution_time,1779111102.2647955,0.000062983
experiment_name,5adca94d-bc44-4d26-9e3b-546128cc6fee,function_execution_time,1779111102.3660827,0.000069114
experiment_name,5adca94d-bc44-4d26-9e3b-546128cc6fee,function_execution_time,1779111102.4674776,0.000072416
experiment_name,5adca94d-bc44-4d26-9e3b-546128cc6fee,function_execution_time,1779111102.5688405,0.000056253
experiment_name,5adca94d-bc44-4d26-9e3b-546128cc6fee,function_execution_time,1779111102.6700988,0.000065475
experiment_name,5adca94d-bc44-4d26-9e3b-546128cc6fee,function_execution_time,1779111102.771473,0.000076088
experiment_name,5adca94d-bc44-4d26-9e3b-546128cc6fee,function_execution_time,1779111102.8727634,0.000064663
experiment_name,5adca94d-bc44-4d26-9e3b-546128cc6fee,function_execution_time,1779111102.9740968,0.000059454
experiment_name,5adca94d-bc44-4d26-9e3b-546128cc6fee,function_execution_time,1779111103.0753343,0.000060139
experiment_name,5adca94d-bc44-4d26-9e3b-546128cc6fee,function_execution_time,1779111103.176643,0.000064353
experiment_name,5adca94d-bc44-4d26-9e3b-546128cc6fee,function_execution_time,1779111103.278015,0.000069203
experiment_name,5adca94d-bc44-4d26-9e3b-546128cc6fee,function_execution_time,1779111103.379258,0.000055174
experiment_name,5adca94d-bc44-4d26-9e3b-546128cc6fee,function_execution_time,1779111103.4806592,0.000055749
experiment_name,5adca94d-bc44-4d26-9e3b-546128cc6fee,function_execution_time,1779111103.5820417,0.000058905
experiment_name,5adca94d-bc44-4d26-9e3b-546128cc6fee,function_execution_time,1779111103.6833882,0.000060577
experiment_name,5adca94d-bc44-4d26-9e3b-546128cc6fee,function_execution_time,1779111103.7847028,0.000066649
experiment_name,5adca94d-bc44-4d26-9e3b-546128cc6fee,function_execution_time,1779111103.8860018,0.000059458
experiment_name,5adca94d-bc44-4d26-9e3b-546128cc6fee,function_execution_time,1779111103.9873292,0.000056254
experiment_name,5adca94d-bc44-4d26-9e3b-546128cc6fee,function_execution_time,1779111104.08864,0.000057318
experiment_name,c6d8d533-6d04-4a21-9d60-3e7755ff3602,function_transfer_time,1779111102.1632855,0.000078959
experiment_name,c6d8d533-6d04-4a21-9d60-3e7755ff3602,function_transfer_time,1779111102.2646306,0.000083336
experiment_name,c6d8d533-6d04-4a21-9d60-3e7755ff3602,function_transfer_time,1779111102.365927,0.000077565
experiment_name,c6d8d533-6d04-4a21-9d60-3e7755ff3602,function_transfer_time,1779111102.467241,0.000081448
experiment_name,c6d8d533-6d04-4a21-9d60-3e7755ff3602,function_transfer_time,1779111102.5686088,0.000084268
experiment_name,c6d8d533-6d04-4a21-9d60-3e7755ff3602,function_transfer_time,1779111102.669925,0.000077981
experiment_name,c6d8d533-6d04-4a21-9d60-3e7755ff3602,function_transfer_time,1779111102.7711987,0.000020955
experiment_name,c6d8d533-6d04-4a21-9d60-3e7755ff3602,function_transfer_time,1779111102.8725264,0.000086062
experiment_name,c6d8d533-6d04-4a21-9d60-3e7755ff3602,function_transfer_time,1779111102.9738636,0.00008381
experiment_name,c6d8d533-6d04-4a21-9d60-3e7755ff3602,function_transfer_time,1779111103.0751686,0.000082983
experiment_name,c6d8d533-6d04-4a21-9d60-3e7755ff3602,function_transfer_time,1779111103.1764953,0.000084061
experiment_name,c6d8d533-6d04-4a21-9d60-3e7755ff3602,function_transfer_time,1779111103.2778509,0.000081961
experiment_name,c6d8d533-6d04-4a21-9d60-3e7755ff3602,function_transfer_time,1779111103.3790925,0.000021355
experiment_name,c6d8d533-6d04-4a21-9d60-3e7755ff3602,function_transfer_time,1779111103.4804513,0.000087508
experiment_name,c6d8d533-6d04-4a21-9d60-3e7755ff3602,function_transfer_time,1779111103.5818913,0.00008182
experiment_name,c6d8d533-6d04-4a21-9d60-3e7755ff3602,function_transfer_time,1779111103.6832192,0.000080209
experiment_name,c6d8d533-6d04-4a21-9d60-3e7755ff3602,function_transfer_time,1779111103.784543,0.000081467
experiment_name,c6d8d533-6d04-4a21-9d60-3e7755ff3602,function_transfer_time,1779111103.88586,0.00008189
experiment_name,c6d8d533-6d04-4a21-9d60-3e7755ff3602,function_transfer_time,1779111103.9871767,0.000076423
experiment_name,c6d8d533-6d04-4a21-9d60-3e7755ff3602,function_transfer_time,1779111104.0884142,0.000022241
experiment_name,5adca94d-bc44-4d26-9e3b-546128cc6fee,function_transfer_time,1779111102.163465,0.000127123
experiment_name,5adca94d-bc44-4d26-9e3b-546128cc6fee,function_transfer_time,1779111102.2647758,0.000045432
experiment_name,5adca94d-bc44-4d26-9e3b-546128cc6fee,function_transfer_time,1779111102.3660583,0.000031262
experiment_name,5adca94d-bc44-4d26-9e3b-546128cc6fee,function_transfer_time,1779111102.4674046,0.00003366
experiment_name,5adca94d-bc44-4d26-9e3b-546128cc6fee,function_transfer_time,1779111102.568778,0.000109837
experiment_name,5adca94d-bc44-4d26-9e3b-546128cc6fee,function_transfer_time,1779111102.6700766,0.000052706
experiment_name,5adca94d-bc44-4d26-9e3b-546128cc6fee,function_transfer_time,1779111102.7713954,0.000138638
experiment_name,5adca94d-bc44-4d26-9e3b-546128cc6fee,function_transfer_time,1779111102.8726943,0.000117891
experiment_name,5adca94d-bc44-4d26-9e3b-546128cc6fee,function_transfer_time,1779111102.9740365,0.000117286
experiment_name,5adca94d-bc44-4d26-9e3b-546128cc6fee,function_transfer_time,1779111103.0753174,0.000047499
experiment_name,5adca94d-bc44-4d26-9e3b-546128cc6fee,function_transfer_time,1779111103.1766334,0.000032729
experiment_name,5adca94d-bc44-4d26-9e3b-546128cc6fee,function_transfer_time,1779111103.2779894,0.00003287
experiment_name,5adca94d-bc44-4d26-9e3b-546128cc6fee,function_transfer_time,1779111103.3792021,0.00005571
experiment_name,5adca94d-bc44-4d26-9e3b-546128cc6fee,function_transfer_time,1779111103.480605,0.000031153
experiment_name,5adca94d-bc44-4d26-9e3b-546128cc6fee,function_transfer_time,1779111103.5820398,0.000041274
experiment_name,5adca94d-bc44-4d26-9e3b-546128cc6fee,function_transfer_time,1779111103.6833715,0.000053828
experiment_name,5adca94d-bc44-4d26-9e3b-546128cc6fee,function_transfer_time,1779111103.784698,0.000043813
experiment_name,5adca94d-bc44-4d26-9e3b-546128cc6fee,function_transfer_time,1779111103.8859923,0.000031824
experiment_name,5adca94d-bc44-4d26-9e3b-546128cc6fee,function_transfer_time,1779111103.9872727,0.000032463
experiment_name,5adca94d-bc44-4d26-9e3b-546128cc6fee,function_transfer_time,1779111104.088578,0.0001015
experiment_name,5adca94d-bc44-4d26-9e3b-546128cc6fee,function_execution_time,1779111104.1896596,0.000070379
experiment_name,5adca94d-bc44-4d26-9e3b-546128cc6fee,function_execution_time,1779111104.2909746,0.000057475
experiment_name,5adca94d-bc44-4d26-9e3b-546128cc6fee,function_execution_time,1779111104.3922362,0.000062066
experiment_name,5adca94d-bc44-4d26-9e3b-546128cc6fee,function_execution_time,1779111104.4935338,0.000058752
experiment_name,5adca94d-bc44-4d26-9e3b-546128cc6fee,function_execution_time,1779111104.5949118,0.000067207
experiment_name,5adca94d-bc44-4d26-9e3b-546128cc6fee,function_execution_time,1779111104.6962192,0.000057877
experiment_name,5adca94d-bc44-4d26-9e3b-546128cc6fee,function_execution_time,1779111104.7974782,0.000070459
experiment_name,5adca94d-bc44-4d26-9e3b-546128cc6fee,function_execution_time,1779111104.8987317,0.00006063
experiment_name,5adca94d-bc44-4d26-9e3b-546128cc6fee,function_execution_time,1779111105.0000355,0.000055095
experiment_name,5adca94d-bc44-4d26-9e3b-546128cc6fee,function_execution_time,1779111105.101364,0.000067514
experiment_name,5adca94d-bc44-4d26-9e3b-546128cc6fee,function_execution_time,1779111105.2027264,0.000071939
experiment_name,5adca94d-bc44-4d26-9e3b-546128cc6fee,function_execution_time,1779111105.3040776,0.000068806
experiment_name,5adca94d-bc44-4d26-9e3b-546128cc6fee,function_execution_time,1779111105.4053798,0.000062404
experiment_name,5adca94d-bc44-4d26-9e3b-546128cc6fee,function_execution_time,1779111105.50682,0.000070299
experiment_name,5adca94d-bc44-4d26-9e3b-546128cc6fee,function_execution_time,1779111105.6081278,0.00005692
experiment_name,5adca94d-bc44-4d26-9e3b-546128cc6fee,function_execution_time,1779111105.7093887,0.000056602
experiment_name,5adca94d-bc44-4d26-9e3b-546128cc6fee,function_execution_time,1779111105.8108695,0.000060853
experiment_name,5adca94d-bc44-4d26-9e3b-546128cc6fee,function_execution_time,1779111105.912146,0.000060663
experiment_name,5adca94d-bc44-4d26-9e3b-546128cc6fee,function_execution_time,1779111106.0135195,0.000063244
experiment_name,c6d8d533-6d04-4a21-9d60-3e7755ff3602,function_execution_time,1779111104.1895642,0.000071868
experiment_name,c6d8d533-6d04-4a21-9d60-3e7755ff3602,function_execution_time,1779111104.290817,0.000079767
experiment_name,c6d8d533-6d04-4a21-9d60-3e7755ff3602,function_execution_time,1779111104.3921506,0.000071238
experiment_name,c6d8d533-6d04-4a21-9d60-3e7755ff3602,function_execution_time,1779111104.4934793,0.000171395
experiment_name,c6d8d533-6d04-4a21-9d60-3e7755ff3602,function_execution_time,1779111104.5947645,0.000079912
experiment_name,c6d8d533-6d04-4a21-9d60-3e7755ff3602,function_execution_time,1779111104.6960592,0.000068411
experiment_name,c6d8d533-6d04-4a21-9d60-3e7755ff3602,function_execution_time,1779111104.797316,0.000047048
experiment_name,c6d8d533-6d04-4a21-9d60-3e7755ff3602,function_execution_time,1779111104.8986452,0.000071625
experiment_name,c6d8d533-6d04-4a21-9d60-3e7755ff3602,function_execution_time,1779111104.999952,0.000080676
experiment_name,c6d8d533-6d04-4a21-9d60-3e7755ff3602,function_execution_time,1779111105.1012745,0.000073527
experiment_name,c6d8d533-6d04-4a21-9d60-3e7755ff3602,function_execution_time,1779111105.202709,0.000095122
experiment_name,c6d8d533-6d04-4a21-9d60-3e7755ff3602,function_execution_time,1779111105.3039727,0.000082538
experiment_name,c6d8d533-6d04-4a21-9d60-3e7755ff3602,function_execution_time,1779111105.4053733,0.000088066
experiment_name,c6d8d533-6d04-4a21-9d60-3e7755ff3602,function_execution_time,1779111105.5066812,0.000141504
experiment_name,c6d8d533-6d04-4a21-9d60-3e7755ff3602,function_execution_time,1779111105.6079803,0.00007311
experiment_name,c6d8d533-6d04-4a21-9d60-3e7755ff3602,function_execution_time,1779111105.709279,0.000084665
experiment_name,c6d8d533-6d04-4a21-9d60-3e7755ff3602,function_execution_time,1779111105.810715,0.000071855
experiment_name,c6d8d533-6d04-4a21-9d60-3e7755ff3602,function_execution_time,1779111105.912061,0.000071839
experiment_name,c6d8d533-6d04-4a21-9d60-3e7755ff3602,function_execution_time,1779111106.0133636,0.000072232
experiment_name,c6d8d533-6d04-4a21-9d60-3e7755ff3602,function_transfer_time,1779111104.1894817,0.000082415
experiment_name,c6d8d533-6d04-4a21-9d60-3e7755ff3602,function_transfer_time,1779111104.2907324,0.000021863
experiment_name,c6d8d533-6d04-4a21-9d60-3e7755ff3602,function_transfer_time,1779111104.392065,0.000076614
experiment_name,c6d8d533-6d04-4a21-9d60-3e7755ff3602,function_transfer_time,1779111104.493298,0.000023316
experiment_name,c6d8d533-6d04-4a21-9d60-3e7755ff3602,function_transfer_time,1779111104.5946822,0.00007955
experiment_name,c6d8d533-6d04-4a21-9d60-3e7755ff3602,function_transfer_time,1779111104.6959813,0.000022769
experiment_name,c6d8d533-6d04-4a21-9d60-3e7755ff3602,function_transfer_time,1779111104.797231,0.000030464
experiment_name,c6d8d533-6d04-4a21-9d60-3e7755ff3602,function_transfer_time,1779111104.898568,0.000079789
experiment_name,c6d8d533-6d04-4a21-9d60-3e7755ff3602,function_transfer_time,1779111104.9998736,0.000079382
experiment_name,c6d8d533-6d04-4a21-9d60-3e7755ff3602,function_transfer_time,1779111105.1011999,0.000078315
experiment_name,c6d8d533-6d04-4a21-9d60-3e7755ff3602,function_transfer_time,1779111105.2025516,0.00008737
experiment_name,c6d8d533-6d04-4a21-9d60-3e7755ff3602,function_transfer_time,1779111105.3038855,0.000106547
experiment_name,c6d8d533-6d04-4a21-9d60-3e7755ff3602,function_transfer_time,1779111105.4052293,0.000077002
experiment_name,c6d8d533-6d04-4a21-9d60-3e7755ff3602,function_transfer_time,1779111105.5065346,0.000079908
experiment_name,c6d8d533-6d04-4a21-9d60-3e7755ff3602,function_transfer_time,1779111105.607903,0.000078757
experiment_name,c6d8d533-6d04-4a21-9d60-3e7755ff3602,function_transfer_time,1779111105.7091873,0.000082801
experiment_name,c6d8d533-6d04-4a21-9d60-3e7755ff3602,function_transfer_time,1779111105.810636,0.000083073
experiment_name,c6d8d533-6d04-4a21-9d60-3e7755ff3602,function_transfer_time,1779111105.9119833,0.000082357
experiment_name,c6d8d533-6d04-4a21-9d60-3e7755ff3602,function_transfer_time,1779111106.0132897,0.000079726
experiment_name,5adca94d-bc44-4d26-9e3b-546128cc6fee,function_transfer_time,1779111104.189633,0.000053495
experiment_name,5adca94d-bc44-4d26-9e3b-546128cc6fee,function_transfer_time,1779111104.2909167,0.000121972
experiment_name,5adca94d-bc44-4d26-9e3b-546128cc6fee,function_transfer_time,1779111104.392219,0.000056576
experiment_name,5adca94d-bc44-4d26-9e3b-546128cc6fee,function_transfer_time,1779111104.4934752,0.000040744
experiment_name,5adca94d-bc44-4d26-9e3b-546128cc6fee,function_transfer_time,1779111104.5948553,0.000107817
experiment_name,5adca94d-bc44-4d26-9e3b-546128cc6fee,function_transfer_time,1779111104.696161,0.000125933
experiment_name,5adca94d-bc44-4d26-9e3b-546128cc6fee,function_transfer_time,1779111104.797406,0.000138969
experiment_name,5adca94d-bc44-4d26-9e3b-546128cc6fee,function_transfer_time,1779111104.8987274,0.000047527
experiment_name,5adca94d-bc44-4d26-9e3b-546128cc6fee,function_transfer_time,1779111105.0000305,0.000037246
experiment_name,5adca94d-bc44-4d26-9e3b-546128cc6fee,function_transfer_time,1779111105.1013498,0.000043323
experiment_name,5adca94d-bc44-4d26-9e3b-546128cc6fee,function_transfer_time,1779111105.2027144,0.000039297
experiment_name,5adca94d-bc44-4d26-9e3b-546128cc6fee,function_transfer_time,1779111105.3040059,0.000056132
experiment_name,5adca94d-bc44-4d26-9e3b-546128cc6fee,function_transfer_time,1779111105.405378,0.000033658
experiment_name,5adca94d-bc44-4d26-9e3b-546128cc6fee,function_transfer_time,1779111105.5067458,0.0000983
experiment_name,5adca94d-bc44-4d26-9e3b-546128cc6fee,function_transfer_time,1779111105.6080704,0.000113161
experiment_name,5adca94d-bc44-4d26-9e3b-546128cc6fee,function_transfer_time,1779111105.7093287,0.000086006
experiment_name,5adca94d-bc44-4d26-9e3b-546128cc6fee,function_transfer_time,1779111105.8108099,0.000116612
experiment_name,5adca94d-bc44-4d26-9e3b-546128cc6fee,function_transfer_time,1779111105.9120846,0.000048665
experiment_name,5adca94d-bc44-4d26-9e3b-546128cc6fee,function_transfer_time,1779111106.0134556,0.000112681
experiment_name,c6d8d533-6d04-4a21-9d60-3e7755ff3602,function_execution_time,1779111106.1138208,0.000087048
experiment_name,c6d8d533-6d04-4a21-9d60-3e7755ff3602,function_execution_time,1779111106.2150505,0.000072255
experiment_name,c6d8d533-6d04-4a21-9d60-3e7755ff3602,function_execution_time,1779111106.316376,0.000072386
experiment_name,c6d8d533-6d04-4a21-9d60-3e7755ff3602,function_execution_time,1779111106.4177139,0.000082235
experiment_name,c6d8d533-6d04-4a21-9d60-3e7755ff3602,function_execution_time,1779111106.5191152,0.00015959
experiment_name,c6d8d533-6d04-4a21-9d60-3e7755ff3602,function_execution_time,1779111106.6204119,0.000078888
experiment_name,c6d8d533-6d04-4a21-9d60-3e7755ff3602,function_execution_time,1779111106.7217073,0.000084276
experiment_name,c6d8d533-6d04-4a21-9d60-3e7755ff3602,function_execution_time,1779111106.8231359,0.000071598
experiment_name,c6d8d533-6d04-4a21-9d60-3e7755ff3602,function_execution_time,1779111106.9243891,0.000069168
experiment_name,c6d8d533-6d04-4a21-9d60-3e7755ff3602,function_execution_time,1779111107.0257068,0.000072624
experiment_name,c6d8d533-6d04-4a21-9d60-3e7755ff3602,function_execution_time,1779111107.126991,0.000077131
experiment_name,c6d8d533-6d04-4a21-9d60-3e7755ff3602,function_execution_time,1779111107.2285366,0.00009373
experiment_name,c6d8d533-6d04-4a21-9d60-3e7755ff3602,function_execution_time,1779111107.328732,0.000072117
experiment_name,c6d8d533-6d04-4a21-9d60-3e7755ff3602,function_execution_time,1779111107.4301033,0.000085618
experiment_name,c6d8d533-6d04-4a21-9d60-3e7755ff3602,function_execution_time,1779111107.5314212,0.000140978
experiment_name,c6d8d533-6d04-4a21-9d60-3e7755ff3602,function_execution_time,1779111107.632745,0.000069057
experiment_name,c6d8d533-6d04-4a21-9d60-3e7755ff3602,function_execution_time,1779111107.7340612,0.000069781
experiment_name,c6d8d533-6d04-4a21-9d60-3e7755ff3602,function_execution_time,1779111107.8354106,0.000081952
experiment_name,c6d8d533-6d04-4a21-9d60-3e7755ff3602,function_execution_time,1779111107.9367597,0.000076672
experiment_name,c6d8d533-6d04-4a21-9d60-3e7755ff3602,function_execution_time,1779111108.0380225,0.000069757
experiment_name,5adca94d-bc44-4d26-9e3b-546128cc6fee,function_execution_time,1779111106.1138825,0.000066474
experiment_name,5adca94d-bc44-4d26-9e3b-546128cc6fee,function_execution_time,1779111106.2152102,0.00005857
experiment_name,5adca94d-bc44-4d26-9e3b-546128cc6fee,function_execution_time,1779111106.3165205,0.000057748
experiment_name,5adca94d-bc44-4d26-9e3b-546128cc6fee,function_execution_time,1779111106.41788,0.000066114
experiment_name,5adca94d-bc44-4d26-9e3b-546128cc6fee,function_execution_time,1779111106.5191708,0.000059347
experiment_name,5adca94d-bc44-4d26-9e3b-546128cc6fee,function_execution_time,1779111106.620554,0.000056415
experiment_name,5adca94d-bc44-4d26-9e3b-546128cc6fee,function_execution_time,1779111106.7218041,0.000057086
experiment_name,5adca94d-bc44-4d26-9e3b-546128cc6fee,function_execution_time,1779111106.8232791,0.000058097
experiment_name,5adca94d-bc44-4d26-9e3b-546128cc6fee,function_execution_time,1779111106.9245489,0.000063572
experiment_name,5adca94d-bc44-4d26-9e3b-546128cc6fee,function_execution_time,1779111107.02585,0.000057499
experiment_name,5adca94d-bc44-4d26-9e3b-546128cc6fee,function_execution_time,1779111107.1271455,0.000057362
experiment_name,5adca94d-bc44-4d26-9e3b-546128cc6fee,function_execution_time,1779111107.2286417,0.000060813
experiment_name,5adca94d-bc44-4d26-9e3b-546128cc6fee,function_execution_time,1779111107.3289032,0.000064117
experiment_name,5adca94d-bc44-4d26-9e3b-546128cc6fee,function_execution_time,1779111107.4301903,0.000056645
experiment_name,5adca94d-bc44-4d26-9e3b-546128cc6fee,function_execution_time,1779111107.531489,0.000063735
experiment_name,5adca94d-bc44-4d26-9e3b-546128cc6fee,function_execution_time,1779111107.6329021,0.000056132
experiment_name,5adca94d-bc44-4d26-9e3b-546128cc6fee,function_execution_time,1779111107.7341375,0.000063178
experiment_name,5adca94d-bc44-4d26-9e3b-546128cc6fee,function_execution_time,1779111107.835512,0.000079497
experiment_name,5adca94d-bc44-4d26-9e3b-546128cc6fee,function_execution_time,1779111107.9367623,0.000058026
experiment_name,5adca94d-bc44-4d26-9e3b-546128cc6fee,function_execution_time,1779111108.038105,0.000054721
experiment_name,c6d8d533-6d04-4a21-9d60-3e7755ff3602,function_transfer_time,1779111106.1136494,0.00001344
experiment_name,c6d8d533-6d04-4a21-9d60-3e7755ff3602,function_transfer_time,1779111106.214969,0.000084832
experiment_name,c6d8d533-6d04-4a21-9d60-3e7755ff3602,function_transfer_time,1779111106.3162944,0.000079004
experiment_name,c6d8d533-6d04-4a21-9d60-3e7755ff3602,function_transfer_time,1779111106.4176302,0.000076314
experiment_name,c6d8d533-6d04-4a21-9d60-3e7755ff3602,function_transfer_time,1779111106.5189462,0.000079296
experiment_name,c6d8d533-6d04-4a21-9d60-3e7755ff3602,function_transfer_time,1779111106.6203341,0.000075222
experiment_name,c6d8d533-6d04-4a21-9d60-3e7755ff3602,function_transfer_time,1779111106.7215734,0.000021393
experiment_name,c6d8d533-6d04-4a21-9d60-3e7755ff3602,function_transfer_time,1779111106.8230574,0.00008432
experiment_name,c6d8d533-6d04-4a21-9d60-3e7755ff3602,function_transfer_time,1779111106.9243088,0.000020452
experiment_name,c6d8d533-6d04-4a21-9d60-3e7755ff3602,function_transfer_time,1779111107.0256293,0.000081145
experiment_name,c6d8d533-6d04-4a21-9d60-3e7755ff3602,function_transfer_time,1779111107.1269872,0.000022075
experiment_name,c6d8d533-6d04-4a21-9d60-3e7755ff3602,function_transfer_time,1779111107.2283843,0.000082781
experiment_name,c6d8d533-6d04-4a21-9d60-3e7755ff3602,function_transfer_time,1779111107.3286543,0.000023382
experiment_name,c6d8d533-6d04-4a21-9d60-3e7755ff3602,function_transfer_time,1779111107.4299707,0.000083445
experiment_name,c6d8d533-6d04-4a21-9d60-3e7755ff3602,function_transfer_time,1779111107.5312755,0.000080855
experiment_name,c6d8d533-6d04-4a21-9d60-3e7755ff3602,function_transfer_time,1779111107.6326625,0.000083681
experiment_name,c6d8d533-6d04-4a21-9d60-3e7755ff3602,function_transfer_time,1779111107.733978,0.000082684
experiment_name,c6d8d533-6d04-4a21-9d60-3e7755ff3602,function_transfer_time,1779111107.8353279,0.000085488
experiment_name,c6d8d533-6d04-4a21-9d60-3e7755ff3602,function_transfer_time,1779111107.9366302,0.000077496
experiment_name,c6d8d533-6d04-4a21-9d60-3e7755ff3602,function_transfer_time,1779111108.0379379,0.000080007
experiment_name,5adca94d-bc44-4d26-9e3b-546128cc6fee,function_transfer_time,1779111106.1138258,0.000102889
experiment_name,5adca94d-bc44-4d26-9e3b-546128cc6fee,function_transfer_time,1779111106.2151523,0.000127063
experiment_name,5adca94d-bc44-4d26-9e3b-546128cc6fee,function_transfer_time,1779111106.316462,0.000112055
experiment_name,5adca94d-bc44-4d26-9e3b-546128cc6fee,function_transfer_time,1779111106.417814,0.000119887
experiment_name,5adca94d-bc44-4d26-9e3b-546128cc6fee,function_transfer_time,1779111106.5191107,0.00003397
experiment_name,5adca94d-bc44-4d26-9e3b-546128cc6fee,function_transfer_time,1779111106.620497,0.000105762
experiment_name,5adca94d-bc44-4d26-9e3b-546128cc6fee,function_transfer_time,1779111106.721738,0.000113463
experiment_name,5adca94d-bc44-4d26-9e3b-546128cc6fee,function_transfer_time,1779111106.8232207,0.000109288
experiment_name,5adca94d-bc44-4d26-9e3b-546128cc6fee,function_transfer_time,1779111106.924484,0.000120909
experiment_name,5adca94d-bc44-4d26-9e3b-546128cc6fee,function_transfer_time,1779111107.0257921,0.000107294
experiment_name,5adca94d-bc44-4d26-9e3b-546128cc6fee,function_transfer_time,1779111107.1270883,0.000118559
experiment_name,5adca94d-bc44-4d26-9e3b-546128cc6fee,function_transfer_time,1779111107.2285738,0.000137393
experiment_name,5adca94d-bc44-4d26-9e3b-546128cc6fee,function_transfer_time,1779111107.3288388,0.000128745
experiment_name,5adca94d-bc44-4d26-9e3b-546128cc6fee,function_transfer_time,1779111107.4301286,0.000107868
experiment_name,5adca94d-bc44-4d26-9e3b-546128cc6fee,function_transfer_time,1779111107.531425,0.000033015
experiment_name,5adca94d-bc44-4d26-9e3b-546128cc6fee,function_transfer_time,1779111107.6328459,0.000129477
experiment_name,5adca94d-bc44-4d26-9e3b-546128cc6fee,function_transfer_time,1779111107.7341325,0.000049426
experiment_name,5adca94d-bc44-4d26-9e3b-546128cc6fee,function_transfer_time,1779111107.8354816,0.000043181
experiment_name,5adca94d-bc44-4d26-9e3b-546128cc6fee,function_transfer_time,1779111107.9367545,0.00002665
experiment_name,5adca94d-bc44-4d26-9e3b-546128cc6fee,function_transfer_time,1779111108.0381,0.000054521
experiment_name,c6d8d533-6d04-4a21-9d60-3e7755ff3602,function_execution_time,1779111108.1396105,0.00008847
experiment_name,c6d8d533-6d04-4a21-9d60-3e7755ff3602,function_execution_time,1779111108.240839,0.000076537
experiment_name,c6d8d533-6d04-4a21-9d60-3e7755ff3602,function_execution_time,1779111108.3422391,0.000083228
experiment_name,c6d8d533-6d04-4a21-9d60-3e7755ff3602,function_execution_time,1779111108.4435387,0.000095828
experiment_name,c6d8d533-6d04-4a21-9d60-3e7755ff3602,function_execution_time,1779111108.5438867,0.000163757
experiment_name,c6d8d533-6d04-4a21-9d60-3e7755ff3602,function_execution_time,1779111108.645218,0.000077516
experiment_name,c6d8d533-6d04-4a21-9d60-3e7755ff3602,function_execution_time,1779111108.7465415,0.000089161
experiment_name,c6d8d533-6d04-4a21-9d60-3e7755ff3602,function_execution_time,1779111108.8467815,0.000076603
experiment_name,c6d8d533-6d04-4a21-9d60-3e7755ff3602,function_execution_time,1779111108.9482188,0.000099674
experiment_name,c6d8d533-6d04-4a21-9d60-3e7755ff3602,function_execution_time,1779111109.0495505,0.000094546
experiment_name,c6d8d533-6d04-4a21-9d60-3e7755ff3602,function_execution_time,1779111109.1497655,0.000074924
experiment_name,c6d8d533-6d04-4a21-9d60-3e7755ff3602,function_execution_time,1779111109.2511644,0.000084822
experiment_name,c6d8d533-6d04-4a21-9d60-3e7755ff3602,function_execution_time,1779111109.352406,0.000074471
experiment_name,c6d8d533-6d04-4a21-9d60-3e7755ff3602,function_execution_time,1779111109.4537241,0.000071815
experiment_name,c6d8d533-6d04-4a21-9d60-3e7755ff3602,function_execution_time,1779111109.555135,0.000148703
experiment_name,c6d8d533-6d04-4a21-9d60-3e7755ff3602,function_execution_time,1779111109.6565847,0.000085878
experiment_name,c6d8d533-6d04-4a21-9d60-3e7755ff3602,function_execution_time,1779111109.7569072,0.000081467
experiment_name,c6d8d533-6d04-4a21-9d60-3e7755ff3602,function_execution_time,1779111109.8581517,0.000081443
experiment_name,c6d8d533-6d04-4a21-9d60-3e7755ff3602,function_execution_time,1779111109.9594977,0.000092853
experiment_name,c6d8d533-6d04-4a21-9d60-3e7755ff3602,function_execution_time,1779111110.0607555,0.00007197
experiment_name,5adca94d-bc44-4d26-9e3b-546128cc6fee,function_execution_time,1779111108.1397166,0.000069476
experiment_name,5adca94d-bc44-4d26-9e3b-546128cc6fee,function_execution_time,1779111108.2410123,0.000059837
experiment_name,5adca94d-bc44-4d26-9e3b-546128cc6fee,function_execution_time,1779111108.3422418,0.00006889
experiment_name,5adca94d-bc44-4d26-9e3b-546128cc6fee,function_execution_time,1779111108.4436433,0.000067999
experiment_name,5adca94d-bc44-4d26-9e3b-546128cc6fee,function_execution_time,1779111108.543947,0.000058392
experiment_name,5adca94d-bc44-4d26-9e3b-546128cc6fee,function_execution_time,1779111108.645313,0.00005616
experiment_name,5adca94d-bc44-4d26-9e3b-546128cc6fee,function_execution_time,1779111108.7466357,0.000057625
experiment_name,5adca94d-bc44-4d26-9e3b-546128cc6fee,function_execution_time,1779111108.8469696,0.000080836
experiment_name,5adca94d-bc44-4d26-9e3b-546128cc6fee,function_execution_time,1779111108.9482288,0.000071732
experiment_name,5adca94d-bc44-4d26-9e3b-546128cc6fee,function_execution_time,1779111109.0496178,0.000062602
experiment_name,5adca94d-bc44-4d26-9e3b-546128cc6fee,function_execution_time,1779111109.1499355,0.000058743
experiment_name,5adca94d-bc44-4d26-9e3b-546128cc6fee,function_execution_time,1779111109.2512622,0.000058708
experiment_name,5adca94d-bc44-4d26-9e3b-546128cc6fee,function_execution_time,1779111109.3525512,0.000064522
experiment_name,5adca94d-bc44-4d26-9e3b-546128cc6fee,function_execution_time,1779111109.4538698,0.00005611
experiment_name,5adca94d-bc44-4d26-9e3b-546128cc6fee,function_execution_time,1779111109.555188,0.000056034
experiment_name,5adca94d-bc44-4d26-9e3b-546128cc6fee,function_execution_time,1779111109.656653,0.00005637
experiment_name,5adca94d-bc44-4d26-9e3b-546128cc6fee,function_execution_time,1779111109.7570057,0.000063428
experiment_name,5adca94d-bc44-4d26-9e3b-546128cc6fee,function_execution_time,1779111109.8582046,0.000056027
experiment_name,5adca94d-bc44-4d26-9e3b-546128cc6fee,function_execution_time,1779111109.9595895,0.000055147
experiment_name,5adca94d-bc44-4d26-9e3b-546128cc6fee,function_execution_time,1779111110.0609245,0.000055802
experiment_name,5adca94d-bc44-4d26-9e3b-546128cc6fee,function_transfer_time,1779111108.1396437,0.000130538
experiment_name,5adca94d-bc44-4d26-9e3b-546128cc6fee,function_transfer_time,1779111108.2409523,0.000132221
experiment_name,5adca94d-bc44-4d26-9e3b-546128cc6fee,function_transfer_time,1779111108.3422337,0.000031197
experiment_name,5adca94d-bc44-4d26-9e3b-546128cc6fee,function_transfer_time,1779111108.4435709,0.000118927
experiment_name,5adca94d-bc44-4d26-9e3b-546128cc6fee,function_transfer_time,1779111108.5438917,0.00003489
experiment_name,5adca94d-bc44-4d26-9e3b-546128cc6fee,function_transfer_time,1779111108.6452498,0.000111795
experiment_name,5adca94d-bc44-4d26-9e3b-546128cc6fee,function_transfer_time,1779111108.7465746,0.000120834
experiment_name,5adca94d-bc44-4d26-9e3b-546128cc6fee,function_transfer_time,1779111108.8468864,0.000131877
experiment_name,5adca94d-bc44-4d26-9e3b-546128cc6fee,function_transfer_time,1779111108.9482257,0.000041964
experiment_name,5adca94d-bc44-4d26-9e3b-546128cc6fee,function_transfer_time,1779111109.0495546,0.000098786
experiment_name,5adca94d-bc44-4d26-9e3b-546128cc6fee,function_transfer_time,1779111109.1498766,0.000133252
experiment_name,5adca94d-bc44-4d26-9e3b-546128cc6fee,function_transfer_time,1779111109.2511992,0.000125657
experiment_name,5adca94d-bc44-4d26-9e3b-546128cc6fee,function_transfer_time,1779111109.3524826,0.000102454
experiment_name,5adca94d-bc44-4d26-9e3b-546128cc6fee,function_transfer_time,1779111109.4538136,0.000113232
experiment_name,5adca94d-bc44-4d26-9e3b-546128cc6fee,function_transfer_time,1779111109.5551314,0.000033184
experiment_name,5adca94d-bc44-4d26-9e3b-546128cc6fee,function_transfer_time,1779111109.6565888,0.000103904
experiment_name,5adca94d-bc44-4d26-9e3b-546128cc6fee,function_transfer_time,1779111109.7569377,0.000119141
experiment_name,5adca94d-bc44-4d26-9e3b-546128cc6fee,function_transfer_time,1779111109.858148,0.000031549
experiment_name,5adca94d-bc44-4d26-9e3b-546128cc6fee,function_transfer_time,1779111109.9595284,0.000104262
experiment_name,5adca94d-bc44-4d26-9e3b-546128cc6fee,function_transfer_time,1779111110.0608685,0.000133438
experiment_name,c6d8d533-6d04-4a21-9d60-3e7755ff3602,function_transfer_time,1779111108.1394615,0.000081193
experiment_name,c6d8d533-6d04-4a21-9d60-3e7755ff3602,function_transfer_time,1779111108.2407637,0.000080619
experiment_name,c6d8d533-6d04-4a21-9d60-3e7755ff3602,function_transfer_time,1779111108.3420904,0.000071863
experiment_name,c6d8d533-6d04-4a21-9d60-3e7755ff3602,function_transfer_time,1779111108.4433856,0.000085166
experiment_name,c6d8d533-6d04-4a21-9d60-3e7755ff3602,function_transfer_time,1779111108.543717,0.000077733
experiment_name,c6d8d533-6d04-4a21-9d60-3e7755ff3602,function_transfer_time,1779111108.6450856,0.000075768
experiment_name,c6d8d533-6d04-4a21-9d60-3e7755ff3602,function_transfer_time,1779111108.7463896,0.000077586
experiment_name,c6d8d533-6d04-4a21-9d60-3e7755ff3602,function_transfer_time,1779111108.8466988,0.000035871
experiment_name,c6d8d533-6d04-4a21-9d60-3e7755ff3602,function_transfer_time,1779111108.94805,0.000092773
experiment_name,c6d8d533-6d04-4a21-9d60-3e7755ff3602,function_transfer_time,1779111109.0493848,0.000077256
experiment_name,c6d8d533-6d04-4a21-9d60-3e7755ff3602,function_transfer_time,1779111109.1496873,0.000074454
experiment_name,c6d8d533-6d04-4a21-9d60-3e7755ff3602,function_transfer_time,1779111109.2510133,0.000079863
experiment_name,c6d8d533-6d04-4a21-9d60-3e7755ff3602,function_transfer_time,1779111109.3523302,0.000083064
experiment_name,c6d8d533-6d04-4a21-9d60-3e7755ff3602,function_transfer_time,1779111109.4536464,0.000078975
experiment_name,c6d8d533-6d04-4a21-9d60-3e7755ff3602,function_transfer_time,1779111109.554982,0.000080268
experiment_name,c6d8d533-6d04-4a21-9d60-3e7755ff3602,function_transfer_time,1779111109.656442,0.000083985
experiment_name,c6d8d533-6d04-4a21-9d60-3e7755ff3602,function_transfer_time,1779111109.7567647,0.000075595
experiment_name,c6d8d533-6d04-4a21-9d60-3e7755ff3602,function_transfer_time,1779111109.8580616,0.000085275
experiment_name,c6d8d533-6d04-4a21-9d60-3e7755ff3602,function_transfer_time,1779111109.9593651,0.000076791
experiment_name,c6d8d533-6d04-4a21-9d60-3e7755ff3602,function_transfer_time,1779111110.0606802,0.000082661
experiment_name,c6d8d533-6d04-4a21-9d60-3e7755ff3602,function_execution_time,1779111110.1624491,0.000083036
experiment_name,c6d8d533-6d04-4a21-9d60-3e7755ff3602,function_execution_time,1779111110.2627938,0.00008709
experiment_name,c6d8d533-6d04-4a21-9d60-3e7755ff3602,function_execution_time,1779111110.3641026,0.000070935
experiment_name,c6d8d533-6d04-4a21-9d60-3e7755ff3602,function_execution_time,1779111110.4654596,0.00007053
experiment_name,c6d8d533-6d04-4a21-9d60-3e7755ff3602,function_execution_time,1779111110.5668387,0.000150585
experiment_name,c6d8d533-6d04-4a21-9d60-3e7755ff3602,function_execution_time,1779111110.6681526,0.000081934
experiment_name,c6d8d533-6d04-4a21-9d60-3e7755ff3602,function_execution_time,1779111110.7695618,0.000087018
experiment_name,c6d8d533-6d04-4a21-9d60-3e7755ff3602,function_execution_time,1779111110.869798,0.000071078
experiment_name,c6d8d533-6d04-4a21-9d60-3e7755ff3602,function_execution_time,1779111110.9712124,0.000080267
experiment_name,c6d8d533-6d04-4a21-9d60-3e7755ff3602,function_execution_time,1779111111.0724432,0.000072325
experiment_name,c6d8d533-6d04-4a21-9d60-3e7755ff3602,function_execution_time,1779111111.172776,0.000070847
experiment_name,c6d8d533-6d04-4a21-9d60-3e7755ff3602,function_execution_time,1779111111.2740834,0.00007746
experiment_name,c6d8d533-6d04-4a21-9d60-3e7755ff3602,function_execution_time,1779111111.3754802,0.000083068
experiment_name,c6d8d533-6d04-4a21-9d60-3e7755ff3602,function_execution_time,1779111111.4757786,0.000072146
experiment_name,c6d8d533-6d04-4a21-9d60-3e7755ff3602,function_execution_time,1779111111.577186,0.000162656
experiment_name,c6d8d533-6d04-4a21-9d60-3e7755ff3602,function_execution_time,1779111111.6785312,0.000098025
experiment_name,c6d8d533-6d04-4a21-9d60-3e7755ff3602,function_execution_time,1779111111.7799165,0.000089012
experiment_name,c6d8d533-6d04-4a21-9d60-3e7755ff3602,function_execution_time,1779111111.88121,0.000071897
experiment_name,c6d8d533-6d04-4a21-9d60-3e7755ff3602,function_execution_time,1779111111.9825425,0.000071527
experiment_name,c6d8d533-6d04-4a21-9d60-3e7755ff3602,function_execution_time,1779111112.0839164,0.000084573
experiment_name,5adca94d-bc44-4d26-9e3b-546128cc6fee,function_execution_time,1779111110.1626203,0.000064712
experiment_name,5adca94d-bc44-4d26-9e3b-546128cc6fee,function_execution_time,1779111110.2629652,0.000068365
experiment_name,5adca94d-bc44-4d26-9e3b-546128cc6fee,function_execution_time,1779111110.36427,0.000056195
experiment_name,5adca94d-bc44-4d26-9e3b-546128cc6fee,function_execution_time,1779111110.4656057,0.000055886
experiment_name,5adca94d-bc44-4d26-9e3b-546128cc6fee,function_execution_time,1779111110.566895,0.000059006
experiment_name,5adca94d-bc44-4d26-9e3b-546128cc6fee,function_execution_time,1779111110.668319,0.000068825
experiment_name,5adca94d-bc44-4d26-9e3b-546128cc6fee,function_execution_time,1779111110.7696235,0.000056134
experiment_name,5adca94d-bc44-4d26-9e3b-546128cc6fee,function_execution_time,1779111110.8698845,0.000060356
experiment_name,5adca94d-bc44-4d26-9e3b-546128cc6fee,function_execution_time,1779111110.9712808,0.000056009
experiment_name,5adca94d-bc44-4d26-9e3b-546128cc6fee,function_execution_time,1779111111.0725992,0.000055064
experiment_name,5adca94d-bc44-4d26-9e3b-546128cc6fee,function_execution_time,1779111111.1729398,0.000062604
experiment_name,5adca94d-bc44-4d26-9e3b-546128cc6fee,function_execution_time,1779111111.2742374,0.000055981
experiment_name,5adca94d-bc44-4d26-9e3b-546128cc6fee,function_execution_time,1779111111.3755624,0.000054737
experiment_name,5adca94d-bc44-4d26-9e3b-546128cc6fee,function_execution_time,1779111111.4759414,0.000056997
experiment_name,5adca94d-bc44-4d26-9e3b-546128cc6fee,function_execution_time,1779111111.577252,0.000070053
experiment_name,5adca94d-bc44-4d26-9e3b-546128cc6fee,function_execution_time,1779111111.6786456,0.000064937
experiment_name,5adca94d-bc44-4d26-9e3b-546128cc6fee,function_execution_time,1779111111.7799737,0.00006164
experiment_name,5adca94d-bc44-4d26-9e3b-546128cc6fee,function_execution_time,1779111111.8813772,0.000056992
experiment_name,5adca94d-bc44-4d26-9e3b-546128cc6fee,function_execution_time,1779111111.9827104,0.000055967
experiment_name,5adca94d-bc44-4d26-9e3b-546128cc6fee,function_execution_time,1779111112.0840063,0.000056146
experiment_name,5adca94d-bc44-4d26-9e3b-546128cc6fee,function_transfer_time,1779111110.16256,0.000133462
experiment_name,5adca94d-bc44-4d26-9e3b-546128cc6fee,function_transfer_time,1779111110.2628968,0.000127219
experiment_name,5adca94d-bc44-4d26-9e3b-546128cc6fee,function_transfer_time,1779111110.3642137,0.00013642
experiment_name,5adca94d-bc44-4d26-9e3b-546128cc6fee,function_transfer_time,1779111110.4655497,0.000133823
experiment_name,5adca94d-bc44-4d26-9e3b-546128cc6fee,function_transfer_time,1779111110.5668342,0.000028558
experiment_name,5adca94d-bc44-4d26-9e3b-546128cc6fee,function_transfer_time,1779111110.668315,0.000124152
experiment_name,5adca94d-bc44-4d26-9e3b-546128cc6fee,function_transfer_time,1779111110.7695656,0.000090384
experiment_name,5adca94d-bc44-4d26-9e3b-546128cc6fee,function_transfer_time,1779111110.8698676,0.000047394
experiment_name,5adca94d-bc44-4d26-9e3b-546128cc6fee,function_transfer_time,1779111110.9712176,0.00011398
experiment_name,5adca94d-bc44-4d26-9e3b-546128cc6fee,function_transfer_time,1779111111.0725436,0.00013403
experiment_name,5adca94d-bc44-4d26-9e3b-546128cc6fee,function_transfer_time,1779111111.1728764,0.000124753
experiment_name,5adca94d-bc44-4d26-9e3b-546128cc6fee,function_transfer_time,1779111111.2741814,0.000119809
experiment_name,5adca94d-bc44-4d26-9e3b-546128cc6fee,function_transfer_time,1779111111.3755043,0.000115207
experiment_name,5adca94d-bc44-4d26-9e3b-546128cc6fee,function_transfer_time,1779111111.4758837,0.000130967
experiment_name,5adca94d-bc44-4d26-9e3b-546128cc6fee,function_transfer_time,1779111111.5771813,0.00003528
experiment_name,5adca94d-bc44-4d26-9e3b-546128cc6fee,function_transfer_time,1779111111.6785738,0.00007834
experiment_name,5adca94d-bc44-4d26-9e3b-546128cc6fee,function_transfer_time,1779111111.7799113,0.000031452
experiment_name,5adca94d-bc44-4d26-9e3b-546128cc6fee,function_transfer_time,1779111111.8813202,0.000133407
experiment_name,5adca94d-bc44-4d26-9e3b-546128cc6fee,function_transfer_time,1779111111.9826543,0.000132612
experiment_name,5adca94d-bc44-4d26-9e3b-546128cc6fee,function_transfer_time,1779111112.0839467,0.000113581
experiment_name,c6d8d533-6d04-4a21-9d60-3e7755ff3602,function_transfer_time,1779111110.1623676,0.000084629
experiment_name,c6d8d533-6d04-4a21-9d60-3e7755ff3602,function_transfer_time,1779111110.2627091,0.000081533
experiment_name,c6d8d533-6d04-4a21-9d60-3e7755ff3602,function_transfer_time,1779111110.364024,0.000080416
experiment_name,c6d8d533-6d04-4a21-9d60-3e7755ff3602,function_transfer_time,1779111110.465361,0.000082529
experiment_name,c6d8d533-6d04-4a21-9d60-3e7755ff3602,function_transfer_time,1779111110.5666857,0.000079636
experiment_name,c6d8d533-6d04-4a21-9d60-3e7755ff3602,function_transfer_time,1779111110.6680658,0.000083879
experiment_name,c6d8d533-6d04-4a21-9d60-3e7755ff3602,function_transfer_time,1779111110.769411,0.000077841
experiment_name,c6d8d533-6d04-4a21-9d60-3e7755ff3602,function_transfer_time,1779111110.8697233,0.000076399
experiment_name,c6d8d533-6d04-4a21-9d60-3e7755ff3602,function_transfer_time,1779111110.9710581,0.000080592
experiment_name,c6d8d533-6d04-4a21-9d60-3e7755ff3602,function_transfer_time,1779111111.0723555,0.000074947
experiment_name,c6d8d533-6d04-4a21-9d60-3e7755ff3602,function_transfer_time,1779111111.1726978,0.000078899
experiment_name,c6d8d533-6d04-4a21-9d60-3e7755ff3602,function_transfer_time,1779111111.2740047,0.000077611
experiment_name,c6d8d533-6d04-4a21-9d60-3e7755ff3602,function_transfer_time,1779111111.3753312,0.000082704
experiment_name,c6d8d533-6d04-4a21-9d60-3e7755ff3602,function_transfer_time,1779111111.4756954,0.000084361
experiment_name,c6d8d533-6d04-4a21-9d60-3e7755ff3602,function_transfer_time,1779111111.5770104,0.00008119
experiment_name,c6d8d533-6d04-4a21-9d60-3e7755ff3602,function_transfer_time,1779111111.6784391,0.000088849
experiment_name,c6d8d533-6d04-4a21-9d60-3e7755ff3602,function_transfer_time,1779111111.7798193,0.000022409
experiment_name,c6d8d533-6d04-4a21-9d60-3e7755ff3602,function_transfer_time,1779111111.881131,0.000078937
experiment_name,c6d8d533-6d04-4a21-9d60-3e7755ff3602,function_transfer_time,1779111111.9824672,0.000078126
experiment_name,c6d8d533-6d04-4a21-9d60-3e7755ff3602,function_transfer_time,1779111112.0837731,0.000076043
experiment_name,5adca94d-bc44-4d26-9e3b-546128cc6fee,function_execution_time,1779111112.185609,0.000065231
experiment_name,5adca94d-bc44-4d26-9e3b-546128cc6fee,function_execution_time,1779111112.2859273,0.000070611
experiment_name,5adca94d-bc44-4d26-9e3b-546128cc6fee,function_execution_time,1779111112.3872519,0.00005612
experiment_name,5adca94d-bc44-4d26-9e3b-546128cc6fee,function_execution_time,1779111112.4884942,0.000070317
experiment_name,5adca94d-bc44-4d26-9e3b-546128cc6fee,function_execution_time,1779111112.589801,0.000066159
experiment_name,5adca94d-bc44-4d26-9e3b-546128cc6fee,function_execution_time,1779111112.6911561,0.000056261
experiment_name,5adca94d-bc44-4d26-9e3b-546128cc6fee,function_execution_time,1779111112.7924552,0.000071179
experiment_name,5adca94d-bc44-4d26-9e3b-546128cc6fee,function_execution_time,1779111112.8937309,0.000060106
experiment_name,5adca94d-bc44-4d26-9e3b-546128cc6fee,function_execution_time,1779111112.9949918,0.000058719
experiment_name,5adca94d-bc44-4d26-9e3b-546128cc6fee,function_execution_time,1779111113.0963116,0.000063095
experiment_name,5adca94d-bc44-4d26-9e3b-546128cc6fee,function_execution_time,1779111113.1975918,0.000056201
experiment_name,5adca94d-bc44-4d26-9e3b-546128cc6fee,function_execution_time,1779111113.2979155,0.000056375
experiment_name,5adca94d-bc44-4d26-9e3b-546128cc6fee,function_execution_time,1779111113.3992515,0.000056527
experiment_name,5adca94d-bc44-4d26-9e3b-546128cc6fee,function_execution_time,1779111113.500528,0.000072211
experiment_name,5adca94d-bc44-4d26-9e3b-546128cc6fee,function_execution_time,1779111113.6018775,0.000056888
experiment_name,5adca94d-bc44-4d26-9e3b-546128cc6fee,function_execution_time,1779111113.703198,0.000058584
experiment_name,5adca94d-bc44-4d26-9e3b-546128cc6fee,function_execution_time,1779111113.8045852,0.000055352
experiment_name,5adca94d-bc44-4d26-9e3b-546128cc6fee,function_execution_time,1779111113.9048433,0.000058017
experiment_name,5adca94d-bc44-4d26-9e3b-546128cc6fee,function_execution_time,1779111114.0062318,0.000064154
experiment_name,c6d8d533-6d04-4a21-9d60-3e7755ff3602,function_execution_time,1779111112.1854596,0.000081207
experiment_name,c6d8d533-6d04-4a21-9d60-3e7755ff3602,function_execution_time,1779111112.2857764,0.000072918
experiment_name,c6d8d533-6d04-4a21-9d60-3e7755ff3602,function_execution_time,1779111112.3871663,0.000084495
experiment_name,c6d8d533-6d04-4a21-9d60-3e7755ff3602,function_execution_time,1779111112.4883611,0.00007746
experiment_name,c6d8d533-6d04-4a21-9d60-3e7755ff3602,function_execution_time,1779111112.5897403,0.000153169
experiment_name,c6d8d533-6d04-4a21-9d60-3e7755ff3602,function_execution_time,1779111112.690994,0.000068205
experiment_name,c6d8d533-6d04-4a21-9d60-3e7755ff3602,function_execution_time,1779111112.7923052,0.00007896
experiment_name,c6d8d533-6d04-4a21-9d60-3e7755ff3602,function_execution_time,1779111112.893587,0.00006947
experiment_name,c6d8d533-6d04-4a21-9d60-3e7755ff3602,function_execution_time,1779111112.994906,0.000071305
experiment_name,c6d8d533-6d04-4a21-9d60-3e7755ff3602,function_execution_time,1779111113.0961814,0.000081373
experiment_name,c6d8d533-6d04-4a21-9d60-3e7755ff3602,function_execution_time,1779111113.1975236,0.000089892
experiment_name,c6d8d533-6d04-4a21-9d60-3e7755ff3602,function_execution_time,1779111113.2977688,0.000071403
experiment_name,c6d8d533-6d04-4a21-9d60-3e7755ff3602,function_execution_time,1779111113.3991058,0.000071456
experiment_name,c6d8d533-6d04-4a21-9d60-3e7755ff3602,function_execution_time,1779111113.5004137,0.000081794
experiment_name,c6d8d533-6d04-4a21-9d60-3e7755ff3602,function_execution_time,1779111113.6018243,0.000145825
experiment_name,c6d8d533-6d04-4a21-9d60-3e7755ff3602,function_execution_time,1779111113.7031102,0.000071803
experiment_name,c6d8d533-6d04-4a21-9d60-3e7755ff3602,function_execution_time,1779111113.8044949,0.000080822
experiment_name,c6d8d533-6d04-4a21-9d60-3e7755ff3602,function_execution_time,1779111113.9048376,0.000087485
experiment_name,c6d8d533-6d04-4a21-9d60-3e7755ff3602,function_execution_time,1779111114.0061336,0.000075204
experiment_name,c6d8d533-6d04-4a21-9d60-3e7755ff3602,function_transfer_time,1779111112.1853707,0.000084723
experiment_name,c6d8d533-6d04-4a21-9d60-3e7755ff3602,function_transfer_time,1779111112.285694,0.000084871
experiment_name,c6d8d533-6d04-4a21-9d60-3e7755ff3602,function_transfer_time,1779111112.3870354,0.000082313
experiment_name,c6d8d533-6d04-4a21-9d60-3e7755ff3602,function_transfer_time,1779111112.488273,0.000027082
experiment_name,c6d8d533-6d04-4a21-9d60-3e7755ff3602,function_transfer_time,1779111112.5895748,0.000080039
experiment_name,c6d8d533-6d04-4a21-9d60-3e7755ff3602,function_transfer_time,1779111112.6909168,0.000023023
experiment_name,c6d8d533-6d04-4a21-9d60-3e7755ff3602,function_transfer_time,1779111112.792228,0.000083935
experiment_name,c6d8d533-6d04-4a21-9d60-3e7755ff3602,function_transfer_time,1779111112.8935094,0.000023292
experiment_name,c6d8d533-6d04-4a21-9d60-3e7755ff3602,function_transfer_time,1779111112.9948175,0.000081287
experiment_name,c6d8d533-6d04-4a21-9d60-3e7755ff3602,function_transfer_time,1779111113.0960946,0.000023269
experiment_name,c6d8d533-6d04-4a21-9d60-3e7755ff3602,function_transfer_time,1779111113.197382,0.000080796
experiment_name,c6d8d533-6d04-4a21-9d60-3e7755ff3602,function_transfer_time,1779111113.2976916,0.000084163
experiment_name,c6d8d533-6d04-4a21-9d60-3e7755ff3602,function_transfer_time,1779111113.399027,0.000078276
experiment_name,c6d8d533-6d04-4a21-9d60-3e7755ff3602,function_transfer_time,1779111113.500333,0.000081917
experiment_name,c6d8d533-6d04-4a21-9d60-3e7755ff3602,function_transfer_time,1779111113.6016688,0.000076159
experiment_name,c6d8d533-6d04-4a21-9d60-3e7755ff3602,function_transfer_time,1779111113.703025,0.000077279
experiment_name,c6d8d533-6d04-4a21-9d60-3e7755ff3602,function_transfer_time,1779111113.804351,0.000074965
experiment_name,c6d8d533-6d04-4a21-9d60-3e7755ff3602,function_transfer_time,1779111113.904694,0.000076459
experiment_name,c6d8d533-6d04-4a21-9d60-3e7755ff3602,function_transfer_time,1779111114.0060008,0.000084671
experiment_name,5adca94d-bc44-4d26-9e3b-546128cc6fee,function_transfer_time,1779111112.1855438,0.000121888
experiment_name,5adca94d-bc44-4d26-9e3b-546128cc6fee,function_transfer_time,1779111112.2858632,0.000108975
experiment_name,5adca94d-bc44-4d26-9e3b-546128cc6fee,function_transfer_time,1779111112.3871896,0.000102828
experiment_name,5adca94d-bc44-4d26-9e3b-546128cc6fee,function_transfer_time,1779111112.4884179,0.000090223
experiment_name,5adca94d-bc44-4d26-9e3b-546128cc6fee,function_transfer_time,1779111112.589735,0.000032704
experiment_name,5adca94d-bc44-4d26-9e3b-546128cc6fee,function_transfer_time,1779111112.6910992,0.000128645
experiment_name,5adca94d-bc44-4d26-9e3b-546128cc6fee,function_transfer_time,1779111112.7923982,0.000095785
experiment_name,5adca94d-bc44-4d26-9e3b-546128cc6fee,function_transfer_time,1779111112.8936768,0.000110244
experiment_name,5adca94d-bc44-4d26-9e3b-546128cc6fee,function_transfer_time,1779111112.9949296,0.000060715
experiment_name,5adca94d-bc44-4d26-9e3b-546128cc6fee,function_transfer_time,1779111113.0962448,0.000100074
experiment_name,5adca94d-bc44-4d26-9e3b-546128cc6fee,function_transfer_time,1779111113.1975276,0.000101126
experiment_name,5adca94d-bc44-4d26-9e3b-546128cc6fee,function_transfer_time,1779111113.2978582,0.000113567
experiment_name,5adca94d-bc44-4d26-9e3b-546128cc6fee,function_transfer_time,1779111113.3991942,0.00011323
experiment_name,5adca94d-bc44-4d26-9e3b-546128cc6fee,function_transfer_time,1779111113.500483,0.00006153
experiment_name,5adca94d-bc44-4d26-9e3b-546128cc6fee,function_transfer_time,1779111113.6018205,0.000033522
experiment_name,5adca94d-bc44-4d26-9e3b-546128cc6fee,function_transfer_time,1779111113.7031384,0.00005841
experiment_name,5adca94d-bc44-4d26-9e3b-546128cc6fee,function_transfer_time,1779111113.8045263,0.000122466
experiment_name,5adca94d-bc44-4d26-9e3b-546128cc6fee,function_transfer_time,1779111113.9048414,0.000031066
experiment_name,5adca94d-bc44-4d26-9e3b-546128cc6fee,function_transfer_time,1779111114.0061648,0.000113457
experiment_name,c6d8d533-6d04-4a21-9d60-3e7755ff3602,function_execution_time,1779111114.1075065,0.000092046
experiment_name,c6d8d533-6d04-4a21-9d60-3e7755ff3602,function_execution_time,1779111114.2078712,0.000080331
experiment_name,c6d8d533-6d04-4a21-9d60-3e7755ff3602,function_execution_time,1779111114.309251,0.000078136
experiment_name,c6d8d533-6d04-4a21-9d60-3e7755ff3602,function_execution_time,1779111114.4105606,0.000092134
experiment_name,c6d8d533-6d04-4a21-9d60-3e7755ff3602,function_execution_time,1779111114.5108747,0.000082922
experiment_name,c6d8d533-6d04-4a21-9d60-3e7755ff3602,function_execution_time,1779111114.6122284,0.000156192
experiment_name,c6d8d533-6d04-4a21-9d60-3e7755ff3602,function_execution_time,1779111114.713598,0.000086444
experiment_name,c6d8d533-6d04-4a21-9d60-3e7755ff3602,function_execution_time,1779111114.813842,0.000080234
experiment_name,c6d8d533-6d04-4a21-9d60-3e7755ff3602,function_execution_time,1779111114.9151566,0.000071312
experiment_name,c6d8d533-6d04-4a21-9d60-3e7755ff3602,function_execution_time,1779111115.0165443,0.000094604
experiment_name,c6d8d533-6d04-4a21-9d60-3e7755ff3602,function_execution_time,1779111115.1177583,0.000072414
experiment_name,c6d8d533-6d04-4a21-9d60-3e7755ff3602,function_execution_time,1779111115.2191293,0.000086094
experiment_name,c6d8d533-6d04-4a21-9d60-3e7755ff3602,function_execution_time,1779111115.3204913,0.000114545
experiment_name,c6d8d533-6d04-4a21-9d60-3e7755ff3602,function_execution_time,1779111115.421821,0.000088207
experiment_name,c6d8d533-6d04-4a21-9d60-3e7755ff3602,function_execution_time,1779111115.5230112,0.000073532
experiment_name,c6d8d533-6d04-4a21-9d60-3e7755ff3602,function_execution_time,1779111115.6244097,0.000146942
experiment_name,c6d8d533-6d04-4a21-9d60-3e7755ff3602,function_execution_time,1779111115.7248013,0.000076524
experiment_name,c6d8d533-6d04-4a21-9d60-3e7755ff3602,function_execution_time,1779111115.826107,0.000076878
experiment_name,c6d8d533-6d04-4a21-9d60-3e7755ff3602,function_execution_time,1779111115.9273074,0.000082027
experiment_name,c6d8d533-6d04-4a21-9d60-3e7755ff3602,function_execution_time,1779111116.02865,0.000073645
experiment_name,5adca94d-bc44-4d26-9e3b-546128cc6fee,function_execution_time,1779111114.1075692,0.000062252
experiment_name,5adca94d-bc44-4d26-9e3b-546128cc6fee,function_execution_time,1779111114.2079506,0.000061178
experiment_name,5adca94d-bc44-4d26-9e3b-546128cc6fee,function_execution_time,1779111114.3093417,0.000060097
experiment_name,5adca94d-bc44-4d26-9e3b-546128cc6fee,function_execution_time,1779111114.4106681,0.000067994
experiment_name,5adca94d-bc44-4d26-9e3b-546128cc6fee,function_execution_time,1779111114.510974,0.000060611
experiment_name,5adca94d-bc44-4d26-9e3b-546128cc6fee,function_execution_time,1779111114.612284,0.000059394
experiment_name,5adca94d-bc44-4d26-9e3b-546128cc6fee,function_execution_time,1779111114.7136416,0.000059533
experiment_name,5adca94d-bc44-4d26-9e3b-546128cc6fee,function_execution_time,1779111114.814006,0.000057738
experiment_name,5adca94d-bc44-4d26-9e3b-546128cc6fee,function_execution_time,1779111114.9153068,0.000064867
experiment_name,5adca94d-bc44-4d26-9e3b-546128cc6fee,function_execution_time,1779111115.0165462,0.000061082
experiment_name,5adca94d-bc44-4d26-9e3b-546128cc6fee,function_execution_time,1779111115.1179023,0.000057464
experiment_name,5adca94d-bc44-4d26-9e3b-546128cc6fee,function_execution_time,1779111115.2192159,0.000057256
experiment_name,5adca94d-bc44-4d26-9e3b-546128cc6fee,function_execution_time,1779111115.3205423,0.000058239
experiment_name,5adca94d-bc44-4d26-9e3b-546128cc6fee,function_execution_time,1779111115.4219046,0.000067691
experiment_name,5adca94d-bc44-4d26-9e3b-546128cc6fee,function_execution_time,1779111115.523173,0.000057144
experiment_name,5adca94d-bc44-4d26-9e3b-546128cc6fee,function_execution_time,1779111115.6244767,0.000071107
experiment_name,5adca94d-bc44-4d26-9e3b-546128cc6fee,function_execution_time,1779111115.7248948,0.000056825
experiment_name,5adca94d-bc44-4d26-9e3b-546128cc6fee,function_execution_time,1779111115.8262107,0.000065526
experiment_name,5adca94d-bc44-4d26-9e3b-546128cc6fee,function_execution_time,1779111115.927391,0.000059214
experiment_name,5adca94d-bc44-4d26-9e3b-546128cc6fee,function_execution_time,1779111116.0288107,0.000057307
experiment_name,c6d8d533-6d04-4a21-9d60-3e7755ff3602,function_transfer_time,1779111114.107407,0.000020667
experiment_name,c6d8d533-6d04-4a21-9d60-3e7755ff3602,function_transfer_time,1779111114.2077923,0.000076532
experiment_name,c6d8d533-6d04-4a21-9d60-3e7755ff3602,function_transfer_time,1779111114.3091183,0.000081183
experiment_name,c6d8d533-6d04-4a21-9d60-3e7755ff3602,function_transfer_time,1779111114.410415,0.000083381
experiment_name,c6d8d533-6d04-4a21-9d60-3e7755ff3602,function_transfer_time,1779111114.5107367,0.000077622
experiment_name,c6d8d533-6d04-4a21-9d60-3e7755ff3602,function_transfer_time,1779111114.6120634,0.000080864
experiment_name,c6d8d533-6d04-4a21-9d60-3e7755ff3602,function_transfer_time,1779111114.7134383,0.000083868
experiment_name,c6d8d533-6d04-4a21-9d60-3e7755ff3602,function_transfer_time,1779111114.8137634,0.000083447
experiment_name,c6d8d533-6d04-4a21-9d60-3e7755ff3602,function_transfer_time,1779111114.9150786,0.000084614
experiment_name,c6d8d533-6d04-4a21-9d60-3e7755ff3602,function_transfer_time,1779111115.0163949,0.000076063
experiment_name,c6d8d533-6d04-4a21-9d60-3e7755ff3602,function_transfer_time,1779111115.1176825,0.000088088
experiment_name,c6d8d533-6d04-4a21-9d60-3e7755ff3602,function_transfer_time,1779111115.2189958,0.000080011
experiment_name,c6d8d533-6d04-4a21-9d60-3e7755ff3602,function_transfer_time,1779111115.3203628,0.000106247
experiment_name,c6d8d533-6d04-4a21-9d60-3e7755ff3602,function_transfer_time,1779111115.4216843,0.00008484
experiment_name,c6d8d533-6d04-4a21-9d60-3e7755ff3602,function_transfer_time,1779111115.522932,0.000021157
experiment_name,c6d8d533-6d04-4a21-9d60-3e7755ff3602,function_transfer_time,1779111115.6242511,0.000084167
experiment_name,c6d8d533-6d04-4a21-9d60-3e7755ff3602,function_transfer_time,1779111115.7246687,0.00002135
experiment_name,c6d8d533-6d04-4a21-9d60-3e7755ff3602,function_transfer_time,1779111115.82598,0.00007742
experiment_name,c6d8d533-6d04-4a21-9d60-3e7755ff3602,function_transfer_time,1779111115.9272218,0.000021513
experiment_name,c6d8d533-6d04-4a21-9d60-3e7755ff3602,function_transfer_time,1779111116.028572,0.000080877
experiment_name,5adca94d-bc44-4d26-9e3b-546128cc6fee,function_transfer_time,1779111114.1075027,0.000033846
experiment_name,5adca94d-bc44-4d26-9e3b-546128cc6fee,function_transfer_time,1779111114.2079468,0.000041691
experiment_name,5adca94d-bc44-4d26-9e3b-546128cc6fee,function_transfer_time,1779111114.3092773,0.000107661
experiment_name,5adca94d-bc44-4d26-9e3b-546128cc6fee,function_transfer_time,1779111114.4105933,0.000114315
experiment_name,5adca94d-bc44-4d26-9e3b-546128cc6fee,function_transfer_time,1779111114.510907,0.000111183
experiment_name,5adca94d-bc44-4d26-9e3b-546128cc6fee,function_transfer_time,1779111114.6122246,0.000032783
experiment_name,5adca94d-bc44-4d26-9e3b-546128cc6fee,function_transfer_time,1779111114.713602,0.000089392
experiment_name,5adca94d-bc44-4d26-9e3b-546128cc6fee,function_transfer_time,1779111114.8139474,0.000129013
experiment_name,5adca94d-bc44-4d26-9e3b-546128cc6fee,function_transfer_time,1779111114.915241,0.000109243
experiment_name,5adca94d-bc44-4d26-9e3b-546128cc6fee,function_transfer_time,1779111115.0165389,0.000027548
experiment_name,5adca94d-bc44-4d26-9e3b-546128cc6fee,function_transfer_time,1779111115.117844,0.000107632
experiment_name,5adca94d-bc44-4d26-9e3b-546128cc6fee,function_transfer_time,1779111115.2191553,0.000100438
experiment_name,5adca94d-bc44-4d26-9e3b-546128cc6fee,function_transfer_time,1779111115.3204837,0.000045755
experiment_name,5adca94d-bc44-4d26-9e3b-546128cc6fee,function_transfer_time,1779111115.4218261,0.000091737
experiment_name,5adca94d-bc44-4d26-9e3b-546128cc6fee,function_transfer_time,1779111115.5231152,0.000127774
experiment_name,5adca94d-bc44-4d26-9e3b-546128cc6fee,function_transfer_time,1779111115.6244054,0.000034559
experiment_name,5adca94d-bc44-4d26-9e3b-546128cc6fee,function_transfer_time,1779111115.7248342,0.000113733
experiment_name,5adca94d-bc44-4d26-9e3b-546128cc6fee,function_transfer_time,1779111115.8261387,0.000106863
experiment_name,5adca94d-bc44-4d26-9e3b-546128cc6fee,function_transfer_time,1779111115.927331,0.000054071
experiment_name,5adca94d-bc44-4d26-9e3b-546128cc6fee,function_transfer_time,1779111116.028753,0.000125428
experiment_name,5adca94d-bc44-4d26-9e3b-546128cc6fee,function_execution_time,1779111116.1302927,0.000066062
experiment_name,5adca94d-bc44-4d26-9e3b-546128cc6fee,function_execution_time,1779111116.2315998,0.000061947
experiment_name,5adca94d-bc44-4d26-9e3b-546128cc6fee,function_execution_time,1779111116.3329315,0.000064051
experiment_name,5adca94d-bc44-4d26-9e3b-546128cc6fee,function_execution_time,1779111116.4342353,0.000061776
experiment_name,5adca94d-bc44-4d26-9e3b-546128cc6fee,function_execution_time,1779111116.5355735,0.000055584
experiment_name,5adca94d-bc44-4d26-9e3b-546128cc6fee,function_execution_time,1779111116.636868,0.000058723
experiment_name,5adca94d-bc44-4d26-9e3b-546128cc6fee,function_execution_time,1779111116.7382889,0.000066383
experiment_name,5adca94d-bc44-4d26-9e3b-546128cc6fee,function_execution_time,1779111116.8395307,0.000061271
experiment_name,5adca94d-bc44-4d26-9e3b-546128cc6fee,function_execution_time,1779111116.9399226,0.00005606
experiment_name,5adca94d-bc44-4d26-9e3b-546128cc6fee,function_execution_time,1779111117.0412118,0.000057253
experiment_name,5adca94d-bc44-4d26-9e3b-546128cc6fee,function_execution_time,1779111117.1425357,0.000063085
experiment_name,5adca94d-bc44-4d26-9e3b-546128cc6fee,function_execution_time,1779111117.2438967,0.000056836
experiment_name,5adca94d-bc44-4d26-9e3b-546128cc6fee,function_execution_time,1779111117.3451989,0.00005582
experiment_name,5adca94d-bc44-4d26-9e3b-546128cc6fee,function_execution_time,1779111117.4465168,0.000056615
experiment_name,5adca94d-bc44-4d26-9e3b-546128cc6fee,function_execution_time,1779111117.5478544,0.000056861
experiment_name,5adca94d-bc44-4d26-9e3b-546128cc6fee,function_execution_time,1779111117.6491594,0.000064744
experiment_name,5adca94d-bc44-4d26-9e3b-546128cc6fee,function_execution_time,1779111117.7504983,0.000069151
experiment_name,5adca94d-bc44-4d26-9e3b-546128cc6fee,function_execution_time,1779111117.8518853,0.000057641
experiment_name,5adca94d-bc44-4d26-9e3b-546128cc6fee,function_execution_time,1779111117.9532075,0.000055983
experiment_name,5adca94d-bc44-4d26-9e3b-546128cc6fee,function_execution_time,1779111118.0544505,0.000069749
experiment_name,c6d8d533-6d04-4a21-9d60-3e7755ff3602,function_execution_time,1779111116.130121,0.000069726
experiment_name,c6d8d533-6d04-4a21-9d60-3e7755ff3602,function_execution_time,1779111116.231456,0.000084627
experiment_name,c6d8d533-6d04-4a21-9d60-3e7755ff3602,function_execution_time,1779111116.3328311,0.000083471
experiment_name,c6d8d533-6d04-4a21-9d60-3e7755ff3602,function_execution_time,1779111116.434083,0.000078673
experiment_name,c6d8d533-6d04-4a21-9d60-3e7755ff3602,function_execution_time,1779111116.5354817,0.000080201
experiment_name,c6d8d533-6d04-4a21-9d60-3e7755ff3602,function_execution_time,1779111116.6368089,0.000169314
experiment_name,c6d8d533-6d04-4a21-9d60-3e7755ff3602,function_execution_time,1779111116.738116,0.000073712
experiment_name,c6d8d533-6d04-4a21-9d60-3e7755ff3602,function_execution_time,1779111116.83944,0.000071908
experiment_name,c6d8d533-6d04-4a21-9d60-3e7755ff3602,function_execution_time,1779111116.9397552,0.000079311
experiment_name,c6d8d533-6d04-4a21-9d60-3e7755ff3602,function_execution_time,1779111117.0411515,0.000079796
experiment_name,c6d8d533-6d04-4a21-9d60-3e7755ff3602,function_execution_time,1779111117.142391,0.000068797
experiment_name,c6d8d533-6d04-4a21-9d60-3e7755ff3602,function_execution_time,1779111117.2437387,0.000071216
experiment_name,c6d8d533-6d04-4a21-9d60-3e7755ff3602,function_execution_time,1779111117.3450434,0.000079545
experiment_name,c6d8d533-6d04-4a21-9d60-3e7755ff3602,function_execution_time,1779111117.446367,0.000072738
experiment_name,c6d8d533-6d04-4a21-9d60-3e7755ff3602,function_execution_time,1779111117.5476906,0.000072266
experiment_name,c6d8d533-6d04-4a21-9d60-3e7755ff3602,function_execution_time,1779111117.649098,0.000154041
experiment_name,c6d8d533-6d04-4a21-9d60-3e7755ff3602,function_execution_time,1779111117.750408,0.000068864
experiment_name,c6d8d533-6d04-4a21-9d60-3e7755ff3602,function_execution_time,1779111117.8517144,0.000069267
experiment_name,c6d8d533-6d04-4a21-9d60-3e7755ff3602,function_execution_time,1779111117.9530506,0.000069305
experiment_name,c6d8d533-6d04-4a21-9d60-3e7755ff3602,function_execution_time,1779111118.0543308,0.000080388
experiment_name,c6d8d533-6d04-4a21-9d60-3e7755ff3602,function_transfer_time,1779111116.1300368,0.000023396
experiment_name,c6d8d533-6d04-4a21-9d60-3e7755ff3602,function_transfer_time,1779111116.2313676,0.000081392
experiment_name,c6d8d533-6d04-4a21-9d60-3e7755ff3602,function_transfer_time,1779111116.332692,0.000075824
experiment_name,c6d8d533-6d04-4a21-9d60-3e7755ff3602,function_transfer_time,1779111116.4340024,0.000084953
experiment_name,c6d8d533-6d04-4a21-9d60-3e7755ff3602,function_transfer_time,1779111116.5353446,0.000082221
experiment_name,c6d8d533-6d04-4a21-9d60-3e7755ff3602,function_transfer_time,1779111116.6366298,0.000076589
experiment_name,c6d8d533-6d04-4a21-9d60-3e7755ff3602,function_transfer_time,1779111116.7380388,0.000084615
experiment_name,c6d8d533-6d04-4a21-9d60-3e7755ff3602,function_transfer_time,1779111116.8393545,0.000082711
experiment_name,c6d8d533-6d04-4a21-9d60-3e7755ff3602,function_transfer_time,1779111116.939677,0.000070419
experiment_name,c6d8d533-6d04-4a21-9d60-3e7755ff3602,function_transfer_time,1779111117.0410178,0.000080342
experiment_name,c6d8d533-6d04-4a21-9d60-3e7755ff3602,function_transfer_time,1779111117.1423085,0.000075893
experiment_name,c6d8d533-6d04-4a21-9d60-3e7755ff3602,function_transfer_time,1779111117.243657,0.000076948
experiment_name,c6d8d533-6d04-4a21-9d60-3e7755ff3602,function_transfer_time,1779111117.3449602,0.000078958
experiment_name,c6d8d533-6d04-4a21-9d60-3e7755ff3602,function_transfer_time,1779111117.446287,0.000076431
experiment_name,c6d8d533-6d04-4a21-9d60-3e7755ff3602,function_transfer_time,1779111117.5476136,0.000075408
experiment_name,c6d8d533-6d04-4a21-9d60-3e7755ff3602,function_transfer_time,1779111117.6489403,0.000087198
experiment_name,c6d8d533-6d04-4a21-9d60-3e7755ff3602,function_transfer_time,1779111117.750326,0.000075529
experiment_name,c6d8d533-6d04-4a21-9d60-3e7755ff3602,function_transfer_time,1779111117.851632,0.000075968
experiment_name,c6d8d533-6d04-4a21-9d60-3e7755ff3602,function_transfer_time,1779111117.9529681,0.000078832
experiment_name,c6d8d533-6d04-4a21-9d60-3e7755ff3602,function_transfer_time,1779111118.054227,0.000022685
experiment_name,5adca94d-bc44-4d26-9e3b-546128cc6fee,function_transfer_time,1779111116.1302264,0.000135277
experiment_name,5adca94d-bc44-4d26-9e3b-546128cc6fee,function_transfer_time,1779111116.231545,0.000116889
experiment_name,5adca94d-bc44-4d26-9e3b-546128cc6fee,function_transfer_time,1779111116.332861,0.000111807
experiment_name,5adca94d-bc44-4d26-9e3b-546128cc6fee,function_transfer_time,1779111116.434172,0.00011389
experiment_name,5adca94d-bc44-4d26-9e3b-546128cc6fee,function_transfer_time,1779111116.5355136,0.00011487
experiment_name,5adca94d-bc44-4d26-9e3b-546128cc6fee,function_transfer_time,1779111116.6368048,0.000034218
experiment_name,5adca94d-bc44-4d26-9e3b-546128cc6fee,function_transfer_time,1779111116.7382224,0.000127975
experiment_name,5adca94d-bc44-4d26-9e3b-546128cc6fee,function_transfer_time,1779111116.8395133,0.000060248
experiment_name,5adca94d-bc44-4d26-9e3b-546128cc6fee,function_transfer_time,1779111116.9398642,0.000129327
experiment_name,5adca94d-bc44-4d26-9e3b-546128cc6fee,function_transfer_time,1779111117.0411558,0.000084458
experiment_name,5adca94d-bc44-4d26-9e3b-546128cc6fee,function_transfer_time,1779111117.142472,0.000110696
experiment_name,5adca94d-bc44-4d26-9e3b-546128cc6fee,function_transfer_time,1779111117.2438393,0.000127198
experiment_name,5adca94d-bc44-4d26-9e3b-546128cc6fee,function_transfer_time,1779111117.3451421,0.000120267
experiment_name,5adca94d-bc44-4d26-9e3b-546128cc6fee,function_transfer_time,1779111117.4464567,0.000115607
experiment_name,5adca94d-bc44-4d26-9e3b-546128cc6fee,function_transfer_time,1779111117.547797,0.000129374
experiment_name,5adca94d-bc44-4d26-9e3b-546128cc6fee,function_transfer_time,1779111117.649094,0.000034432
experiment_name,5adca94d-bc44-4d26-9e3b-546128cc6fee,function_transfer_time,1779111117.7504935,0.000050231
experiment_name,5adca94d-bc44-4d26-9e3b-546128cc6fee,function_transfer_time,1779111117.8518279,0.000141954
experiment_name,5adca94d-bc44-4d26-9e3b-546128cc6fee,function_transfer_time,1779111117.9531512,0.000129579
experiment_name,5adca94d-bc44-4d26-9e3b-546128cc6fee,function_transfer_time,1779111118.0543602,0.000069937
experiment_name,c6d8d533-6d04-4a21-9d60-3e7755ff3602,function_execution_time,1779111118.1549242,0.000073613
experiment_name,c6d8d533-6d04-4a21-9d60-3e7755ff3602,function_execution_time,1779111118.2562797,0.000074102
experiment_name,c6d8d533-6d04-4a21-9d60-3e7755ff3602,function_execution_time,1779111118.3576076,0.000080351
experiment_name,c6d8d533-6d04-4a21-9d60-3e7755ff3602,function_execution_time,1779111118.4589543,0.000070101
experiment_name,c6d8d533-6d04-4a21-9d60-3e7755ff3602,function_execution_time,1779111118.5602481,0.000069997
experiment_name,c6d8d533-6d04-4a21-9d60-3e7755ff3602,function_execution_time,1779111118.661655,0.000154932
experiment_name,c6d8d533-6d04-4a21-9d60-3e7755ff3602,function_execution_time,1779111118.7629492,0.000080502
experiment_name,c6d8d533-6d04-4a21-9d60-3e7755ff3602,function_execution_time,1779111118.864265,0.000073436
experiment_name,c6d8d533-6d04-4a21-9d60-3e7755ff3602,function_execution_time,1779111118.9655893,0.000090479
experiment_name,c6d8d533-6d04-4a21-9d60-3e7755ff3602,function_execution_time,1779111119.0669034,0.000080484
experiment_name,c6d8d533-6d04-4a21-9d60-3e7755ff3602,function_execution_time,1779111119.1681778,0.00008452
experiment_name,c6d8d533-6d04-4a21-9d60-3e7755ff3602,function_execution_time,1779111119.2695117,0.000093474
experiment_name,c6d8d533-6d04-4a21-9d60-3e7755ff3602,function_execution_time,1779111119.3698616,0.000079028
experiment_name,c6d8d533-6d04-4a21-9d60-3e7755ff3602,function_execution_time,1779111119.4711645,0.000087024
experiment_name,c6d8d533-6d04-4a21-9d60-3e7755ff3602,function_execution_time,1779111119.5724576,0.000085146
experiment_name,c6d8d533-6d04-4a21-9d60-3e7755ff3602,function_execution_time,1779111119.6729162,0.000151689
experiment_name,c6d8d533-6d04-4a21-9d60-3e7755ff3602,function_execution_time,1779111119.7741833,0.000080215
experiment_name,c6d8d533-6d04-4a21-9d60-3e7755ff3602,function_execution_time,1779111119.875535,0.000068908
experiment_name,c6d8d533-6d04-4a21-9d60-3e7755ff3602,function_execution_time,1779111119.97686,0.00006893
experiment_name,c6d8d533-6d04-4a21-9d60-3e7755ff3602,function_execution_time,1779111120.0781815,0.000072771
experiment_name,5adca94d-bc44-4d26-9e3b-546128cc6fee,function_execution_time,1779111118.155071,0.000057997
experiment_name,5adca94d-bc44-4d26-9e3b-546128cc6fee,function_execution_time,1779111118.2564247,0.000056141
experiment_name,5adca94d-bc44-4d26-9e3b-546128cc6fee,function_execution_time,1779111118.3577793,0.000059598
experiment_name,5adca94d-bc44-4d26-9e3b-546128cc6fee,function_execution_time,1779111118.4590929,0.000057798
experiment_name,5adca94d-bc44-4d26-9e3b-546128cc6fee,function_execution_time,1779111118.5603957,0.000064176
experiment_name,5adca94d-bc44-4d26-9e3b-546128cc6fee,function_execution_time,1779111118.6617224,0.000061665
experiment_name,5adca94d-bc44-4d26-9e3b-546128cc6fee,function_execution_time,1779111118.763111,0.000056189
experiment_name,5adca94d-bc44-4d26-9e3b-546128cc6fee,function_execution_time,1779111118.8644083,0.000057306
experiment_name,5adca94d-bc44-4d26-9e3b-546128cc6fee,function_execution_time,1779111118.9656858,0.000072331
experiment_name,5adca94d-bc44-4d26-9e3b-546128cc6fee,function_execution_time,1779111119.067001,0.00006678
experiment_name,5adca94d-bc44-4d26-9e3b-546128cc6fee,function_execution_time,1779111119.1683366,0.000066042
experiment_name,5adca94d-bc44-4d26-9e3b-546128cc6fee,function_execution_time,1779111119.2696455,0.000061078
experiment_name,5adca94d-bc44-4d26-9e3b-546128cc6fee,function_execution_time,1779111119.369957,0.000059331
experiment_name,5adca94d-bc44-4d26-9e3b-546128cc6fee,function_execution_time,1779111119.471289,0.000068716
experiment_name,5adca94d-bc44-4d26-9e3b-546128cc6fee,function_execution_time,1779111119.5726314,0.000060702
experiment_name,5adca94d-bc44-4d26-9e3b-546128cc6fee,function_execution_time,1779111119.6729772,0.000059346
experiment_name,5adca94d-bc44-4d26-9e3b-546128cc6fee,function_execution_time,1779111119.7743623,0.000062464
experiment_name,5adca94d-bc44-4d26-9e3b-546128cc6fee,function_execution_time,1779111119.8756795,0.00006456
experiment_name,5adca94d-bc44-4d26-9e3b-546128cc6fee,function_execution_time,1779111119.9770179,0.000055914
experiment_name,5adca94d-bc44-4d26-9e3b-546128cc6fee,function_execution_time,1779111120.0783398,0.000060957
experiment_name,c6d8d533-6d04-4a21-9d60-3e7755ff3602,function_transfer_time,1779111118.1548433,0.00008752
experiment_name,c6d8d533-6d04-4a21-9d60-3e7755ff3602,function_transfer_time,1779111118.2561953,0.000083626
experiment_name,c6d8d533-6d04-4a21-9d60-3e7755ff3602,function_transfer_time,1779111118.3575277,0.000091338
experiment_name,c6d8d533-6d04-4a21-9d60-3e7755ff3602,function_transfer_time,1779111118.4588735,0.000084967
experiment_name,c6d8d533-6d04-4a21-9d60-3e7755ff3602,function_transfer_time,1779111118.5601687,0.000078002
experiment_name,c6d8d533-6d04-4a21-9d60-3e7755ff3602,function_transfer_time,1779111118.661495,0.000076431
experiment_name,c6d8d533-6d04-4a21-9d60-3e7755ff3602,function_transfer_time,1779111118.7628663,0.000078721
experiment_name,c6d8d533-6d04-4a21-9d60-3e7755ff3602,function_transfer_time,1779111118.8641877,0.000081183
experiment_name,c6d8d533-6d04-4a21-9d60-3e7755ff3602,function_transfer_time,1779111118.965493,0.000029126
experiment_name,c6d8d533-6d04-4a21-9d60-3e7755ff3602,function_transfer_time,1779111119.0667565,0.000027167
experiment_name,c6d8d533-6d04-4a21-9d60-3e7755ff3602,function_transfer_time,1779111119.1680913,0.000092069
experiment_name,c6d8d533-6d04-4a21-9d60-3e7755ff3602,function_transfer_time,1779111119.2694116,0.000078814
experiment_name,c6d8d533-6d04-4a21-9d60-3e7755ff3602,function_transfer_time,1779111119.3697307,0.00007494
experiment_name,c6d8d533-6d04-4a21-9d60-3e7755ff3602,function_transfer_time,1779111119.471058,0.000083072
experiment_name,c6d8d533-6d04-4a21-9d60-3e7755ff3602,function_transfer_time,1779111119.5723746,0.000086966
experiment_name,c6d8d533-6d04-4a21-9d60-3e7755ff3602,function_transfer_time,1779111119.6727588,0.000078421
experiment_name,c6d8d533-6d04-4a21-9d60-3e7755ff3602,function_transfer_time,1779111119.7741046,0.000074704
experiment_name,c6d8d533-6d04-4a21-9d60-3e7755ff3602,function_transfer_time,1779111119.8754525,0.000093224
experiment_name,c6d8d533-6d04-4a21-9d60-3e7755ff3602,function_transfer_time,1779111119.9767783,0.000084072
experiment_name,c6d8d533-6d04-4a21-9d60-3e7755ff3602,function_transfer_time,1779111120.0781045,0.000078756
experiment_name,5adca94d-bc44-4d26-9e3b-546128cc6fee,function_transfer_time,1779111118.155004,0.000107211
experiment_name,5adca94d-bc44-4d26-9e3b-546128cc6fee,function_transfer_time,1779111118.2563655,0.000111692
experiment_name,5adca94d-bc44-4d26-9e3b-546128cc6fee,function_transfer_time,1779111118.357719,0.000138047
experiment_name,5adca94d-bc44-4d26-9e3b-546128cc6fee,function_transfer_time,1779111118.459034,0.000106955
experiment_name,5adca94d-bc44-4d26-9e3b-546128cc6fee,function_transfer_time,1779111118.5603302,0.000108271
experiment_name,5adca94d-bc44-4d26-9e3b-546128cc6fee,function_transfer_time,1779111118.6616588,0.000039108
experiment_name,5adca94d-bc44-4d26-9e3b-546128cc6fee,function_transfer_time,1779111118.7630546,0.000128378
experiment_name,5adca94d-bc44-4d26-9e3b-546128cc6fee,function_transfer_time,1779111118.8643503,0.00010797
experiment_name,5adca94d-bc44-4d26-9e3b-546128cc6fee,function_transfer_time,1779111118.9656086,0.000055974
experiment_name,5adca94d-bc44-4d26-9e3b-546128cc6fee,function_transfer_time,1779111119.0669305,0.000120074
experiment_name,5adca94d-bc44-4d26-9e3b-546128cc6fee,function_transfer_time,1779111119.1682699,0.000116342
experiment_name,5adca94d-bc44-4d26-9e3b-546128cc6fee,function_transfer_time,1779111119.2695804,0.000101758
experiment_name,5adca94d-bc44-4d26-9e3b-546128cc6fee,function_transfer_time,1779111119.3698912,0.000108219
experiment_name,5adca94d-bc44-4d26-9e3b-546128cc6fee,function_transfer_time,1779111119.4712849,0.00009823
experiment_name,5adca94d-bc44-4d26-9e3b-546128cc6fee,function_transfer_time,1779111119.57257,0.000139823
experiment_name,5adca94d-bc44-4d26-9e3b-546128cc6fee,function_transfer_time,1779111119.6729205,0.000034576
experiment_name,5adca94d-bc44-4d26-9e3b-546128cc6fee,function_transfer_time,1779111119.7742999,0.000139499
experiment_name,5adca94d-bc44-4d26-9e3b-546128cc6fee,function_transfer_time,1779111119.8756146,0.000109838
experiment_name,5adca94d-bc44-4d26-9e3b-546128cc6fee,function_transfer_time,1779111119.9769611,0.000129517
experiment_name,5adca94d-bc44-4d26-9e3b-546128cc6fee,function_transfer_time,1779111120.078278,0.000118053
experiment_name,5adca94d-bc44-4d26-9e3b-546128cc6fee,function_execution_time,1779111120.1797736,0.000057245
experiment_name,5adca94d-bc44-4d26-9e3b-546128cc6fee,function_execution_time,1779111120.2810812,0.00006425
experiment_name,5adca94d-bc44-4d26-9e3b-546128cc6fee,function_execution_time,1779111120.382563,0.000055915
experiment_name,5adca94d-bc44-4d26-9e3b-546128cc6fee,function_execution_time,1779111120.4838629,0.000056287
experiment_name,5adca94d-bc44-4d26-9e3b-546128cc6fee,function_execution_time,1779111120.5852206,0.00005673
experiment_name,5adca94d-bc44-4d26-9e3b-546128cc6fee,function_execution_time,1779111120.6865642,0.0000599
experiment_name,5adca94d-bc44-4d26-9e3b-546128cc6fee,function_execution_time,1779111120.7870297,0.000063528
experiment_name,5adca94d-bc44-4d26-9e3b-546128cc6fee,function_execution_time,1779111120.8883786,0.000055102
experiment_name,5adca94d-bc44-4d26-9e3b-546128cc6fee,function_execution_time,1779111120.9898257,0.000055424
experiment_name,5adca94d-bc44-4d26-9e3b-546128cc6fee,function_execution_time,1779111121.0911026,0.00005546
experiment_name,5adca94d-bc44-4d26-9e3b-546128cc6fee,function_execution_time,1779111121.1924171,0.000063516
experiment_name,5adca94d-bc44-4d26-9e3b-546128cc6fee,function_execution_time,1779111121.2936747,0.000056013
experiment_name,5adca94d-bc44-4d26-9e3b-546128cc6fee,function_execution_time,1779111121.3939323,0.000055447
experiment_name,5adca94d-bc44-4d26-9e3b-546128cc6fee,function_execution_time,1779111121.4952033,0.000059543
experiment_name,5adca94d-bc44-4d26-9e3b-546128cc6fee,function_execution_time,1779111121.5965323,0.000064953
experiment_name,5adca94d-bc44-4d26-9e3b-546128cc6fee,function_execution_time,1779111121.6977384,0.000052714
experiment_name,5adca94d-bc44-4d26-9e3b-546128cc6fee,function_execution_time,1779111121.7989848,0.00005452
experiment_name,5adca94d-bc44-4d26-9e3b-546128cc6fee,function_execution_time,1779111121.900292,0.000055894
experiment_name,5adca94d-bc44-4d26-9e3b-546128cc6fee,function_execution_time,1779111122.0016768,0.000057234
experiment_name,c6d8d533-6d04-4a21-9d60-3e7755ff3602,function_execution_time,1779111120.1796277,0.000079835
experiment_name,c6d8d533-6d04-4a21-9d60-3e7755ff3602,function_execution_time,1779111120.2809527,0.000087796
experiment_name,c6d8d533-6d04-4a21-9d60-3e7755ff3602,function_execution_time,1779111120.3824139,0.000072163
experiment_name,c6d8d533-6d04-4a21-9d60-3e7755ff3602,function_execution_time,1779111120.4837248,0.000081213
experiment_name,c6d8d533-6d04-4a21-9d60-3e7755ff3602,function_execution_time,1779111120.5850635,0.00007042
experiment_name,c6d8d533-6d04-4a21-9d60-3e7755ff3602,function_execution_time,1779111120.6864965,0.000165785
experiment_name,c6d8d533-6d04-4a21-9d60-3e7755ff3602,function_execution_time,1779111120.786887,0.000069354
experiment_name,c6d8d533-6d04-4a21-9d60-3e7755ff3602,function_execution_time,1779111120.8882926,0.000081414
experiment_name,c6d8d533-6d04-4a21-9d60-3e7755ff3602,function_execution_time,1779111120.9897356,0.00007566
experiment_name,c6d8d533-6d04-4a21-9d60-3e7755ff3602,function_execution_time,1779111121.0909367,0.000068826
experiment_name,c6d8d533-6d04-4a21-9d60-3e7755ff3602,function_execution_time,1779111121.1922634,0.000077954
experiment_name,c6d8d533-6d04-4a21-9d60-3e7755ff3602,function_execution_time,1779111121.2935817,0.000075901
experiment_name,c6d8d533-6d04-4a21-9d60-3e7755ff3602,function_execution_time,1779111121.3937976,0.000068869
experiment_name,c6d8d533-6d04-4a21-9d60-3e7755ff3602,function_execution_time,1779111121.4950514,0.000069468
experiment_name,c6d8d533-6d04-4a21-9d60-3e7755ff3602,function_execution_time,1779111121.596389,0.00008136
experiment_name,c6d8d533-6d04-4a21-9d60-3e7755ff3602,function_execution_time,1779111121.6976898,0.000128325
experiment_name,c6d8d533-6d04-4a21-9d60-3e7755ff3602,function_execution_time,1779111121.7989283,0.000077846
experiment_name,c6d8d533-6d04-4a21-9d60-3e7755ff3602,function_execution_time,1779111121.9002342,0.000089933
experiment_name,c6d8d533-6d04-4a21-9d60-3e7755ff3602,function_execution_time,1779111122.0015507,0.000077748
experiment_name,c6d8d533-6d04-4a21-9d60-3e7755ff3602,function_transfer_time,1779111120.1795442,0.000085149
experiment_name,c6d8d533-6d04-4a21-9d60-3e7755ff3602,function_transfer_time,1779111120.2808645,0.000083711
experiment_name,c6d8d533-6d04-4a21-9d60-3e7755ff3602,function_transfer_time,1779111120.382337,0.000081371
experiment_name,c6d8d533-6d04-4a21-9d60-3e7755ff3602,function_transfer_time,1779111120.4836445,0.000080783
experiment_name,c6d8d533-6d04-4a21-9d60-3e7755ff3602,function_transfer_time,1779111120.5849805,0.000079819
experiment_name,c6d8d533-6d04-4a21-9d60-3e7755ff3602,function_transfer_time,1779111120.686326,0.000079376
experiment_name,c6d8d533-6d04-4a21-9d60-3e7755ff3602,function_transfer_time,1779111120.7868037,0.000083239
experiment_name,c6d8d533-6d04-4a21-9d60-3e7755ff3602,function_transfer_time,1779111120.8881485,0.000075774
experiment_name,c6d8d533-6d04-4a21-9d60-3e7755ff3602,function_transfer_time,1779111120.989608,0.000083609
experiment_name,c6d8d533-6d04-4a21-9d60-3e7755ff3602,function_transfer_time,1779111121.0908577,0.000022914
experiment_name,c6d8d533-6d04-4a21-9d60-3e7755ff3602,function_transfer_time,1779111121.1921809,0.00008379
experiment_name,c6d8d533-6d04-4a21-9d60-3e7755ff3602,function_transfer_time,1779111121.2934523,0.000025942
experiment_name,c6d8d533-6d04-4a21-9d60-3e7755ff3602,function_transfer_time,1779111121.3937135,0.000021899
experiment_name,c6d8d533-6d04-4a21-9d60-3e7755ff3602,function_transfer_time,1779111121.4949694,0.000021526
experiment_name,c6d8d533-6d04-4a21-9d60-3e7755ff3602,function_transfer_time,1779111121.5963066,0.00008124
experiment_name,c6d8d533-6d04-4a21-9d60-3e7755ff3602,function_transfer_time,1779111121.6975532,0.000020191
experiment_name,c6d8d533-6d04-4a21-9d60-3e7755ff3602,function_transfer_time,1779111121.7988474,0.000019584
experiment_name,c6d8d533-6d04-4a21-9d60-3e7755ff3602,function_transfer_time,1779111121.9001424,0.000081474
experiment_name,c6d8d533-6d04-4a21-9d60-3e7755ff3602,function_transfer_time,1779111122.0014648,0.000092972
experiment_name,5adca94d-bc44-4d26-9e3b-546128cc6fee,function_transfer_time,1779111120.179716,0.000109614
experiment_name,5adca94d-bc44-4d26-9e3b-546128cc6fee,function_transfer_time,1779111120.2810125,0.000092017
experiment_name,5adca94d-bc44-4d26-9e3b-546128cc6fee,function_transfer_time,1779111120.382501,0.000109442
experiment_name,5adca94d-bc44-4d26-9e3b-546128cc6fee,function_transfer_time,1779111120.483806,0.000106895
experiment_name,5adca94d-bc44-4d26-9e3b-546128cc6fee,function_transfer_time,1779111120.5851634,0.00012838
experiment_name,5adca94d-bc44-4d26-9e3b-546128cc6fee,function_transfer_time,1779111120.6864998,0.000038993
experiment_name,5adca94d-bc44-4d26-9e3b-546128cc6fee,function_transfer_time,1779111120.7869654,0.000108187
experiment_name,5adca94d-bc44-4d26-9e3b-546128cc6fee,function_transfer_time,1779111120.8883178,0.000111303
experiment_name,5adca94d-bc44-4d26-9e3b-546128cc6fee,function_transfer_time,1779111120.9897666,0.00010809
experiment_name,5adca94d-bc44-4d26-9e3b-546128cc6fee,function_transfer_time,1779111121.0910466,0.000134498
experiment_name,5adca94d-bc44-4d26-9e3b-546128cc6fee,function_transfer_time,1779111121.192353,0.000118437
experiment_name,5adca94d-bc44-4d26-9e3b-546128cc6fee,function_transfer_time,1779111121.2936125,0.000110232
experiment_name,5adca94d-bc44-4d26-9e3b-546128cc6fee,function_transfer_time,1779111121.3938768,0.000108962
experiment_name,5adca94d-bc44-4d26-9e3b-546128cc6fee,function_transfer_time,1779111121.4951432,0.000118813
experiment_name,5adca94d-bc44-4d26-9e3b-546128cc6fee,function_transfer_time,1779111121.5964763,0.000100324
experiment_name,5adca94d-bc44-4d26-9e3b-546128cc6fee,function_transfer_time,1779111121.6976855,0.000026909
experiment_name,5adca94d-bc44-4d26-9e3b-546128cc6fee,function_transfer_time,1779111121.7989237,0.00002246
experiment_name,5adca94d-bc44-4d26-9e3b-546128cc6fee,function_transfer_time,1779111121.9002304,0.000026856
experiment_name,5adca94d-bc44-4d26-9e3b-546128cc6fee,function_transfer_time,1779111122.0016122,0.000090796
experiment_name,c6d8d533-6d04-4a21-9d60-3e7755ff3602,function_execution_time,1779111122.1026912,0.00007665
experiment_name,c6d8d533-6d04-4a21-9d60-3e7755ff3602,function_execution_time,1779111122.20399,0.000076491
experiment_name,c6d8d533-6d04-4a21-9d60-3e7755ff3602,function_execution_time,1779111122.305262,0.000069328
experiment_name,c6d8d533-6d04-4a21-9d60-3e7755ff3602,function_execution_time,1779111122.4065783,0.00008135
experiment_name,c6d8d533-6d04-4a21-9d60-3e7755ff3602,function_execution_time,1779111122.507915,0.000072466
experiment_name,c6d8d533-6d04-4a21-9d60-3e7755ff3602,function_execution_time,1779111122.6092608,0.000071214
experiment_name,c6d8d533-6d04-4a21-9d60-3e7755ff3602,function_execution_time,1779111122.7106626,0.000165101
experiment_name,c6d8d533-6d04-4a21-9d60-3e7755ff3602,function_execution_time,1779111122.8119683,0.000070754
experiment_name,c6d8d533-6d04-4a21-9d60-3e7755ff3602,function_execution_time,1779111122.9132626,0.00007062
experiment_name,c6d8d533-6d04-4a21-9d60-3e7755ff3602,function_execution_time,1779111123.014586,0.000068762
experiment_name,c6d8d533-6d04-4a21-9d60-3e7755ff3602,function_execution_time,1779111123.1159735,0.000083332
experiment_name,c6d8d533-6d04-4a21-9d60-3e7755ff3602,function_execution_time,1779111123.2172086,0.000069776
experiment_name,c6d8d533-6d04-4a21-9d60-3e7755ff3602,function_execution_time,1779111123.318544,0.000077478
experiment_name,c6d8d533-6d04-4a21-9d60-3e7755ff3602,function_execution_time,1779111123.418876,0.000079487
experiment_name,c6d8d533-6d04-4a21-9d60-3e7755ff3602,function_execution_time,1779111123.520137,0.000072061
experiment_name,c6d8d533-6d04-4a21-9d60-3e7755ff3602,function_execution_time,1779111123.621449,0.000079735
experiment_name,c6d8d533-6d04-4a21-9d60-3e7755ff3602,function_execution_time,1779111123.7217894,0.000138528
experiment_name,c6d8d533-6d04-4a21-9d60-3e7755ff3602,function_execution_time,1779111123.8232794,0.000081433
experiment_name,c6d8d533-6d04-4a21-9d60-3e7755ff3602,function_execution_time,1779111123.9245284,0.000087848
experiment_name,c6d8d533-6d04-4a21-9d60-3e7755ff3602,function_execution_time,1779111124.024813,0.000070847
experiment_name,5adca94d-bc44-4d26-9e3b-546128cc6fee,function_execution_time,1779111122.1027482,0.000056555
experiment_name,5adca94d-bc44-4d26-9e3b-546128cc6fee,function_execution_time,1779111122.2040772,0.00005995
experiment_name,5adca94d-bc44-4d26-9e3b-546128cc6fee,function_execution_time,1779111122.3053415,0.000057017
experiment_name,5adca94d-bc44-4d26-9e3b-546128cc6fee,function_execution_time,1779111122.40672,0.000061198
experiment_name,5adca94d-bc44-4d26-9e3b-546128cc6fee,function_execution_time,1779111122.508008,0.000067795
experiment_name,5adca94d-bc44-4d26-9e3b-546128cc6fee,function_execution_time,1779111122.6093545,0.000062273
experiment_name,5adca94d-bc44-4d26-9e3b-546128cc6fee,function_execution_time,1779111122.7107217,0.000062558
experiment_name,5adca94d-bc44-4d26-9e3b-546128cc6fee,function_execution_time,1779111122.812142,0.000065649
experiment_name,5adca94d-bc44-4d26-9e3b-546128cc6fee,function_execution_time,1779111122.9134269,0.000056172
experiment_name,5adca94d-bc44-4d26-9e3b-546128cc6fee,function_execution_time,1779111123.0147223,0.000055824
experiment_name,5adca94d-bc44-4d26-9e3b-546128cc6fee,function_execution_time,1779111123.1160643,0.000060891
experiment_name,5adca94d-bc44-4d26-9e3b-546128cc6fee,function_execution_time,1779111123.2173505,0.000060897
experiment_name,5adca94d-bc44-4d26-9e3b-546128cc6fee,function_execution_time,1779111123.3186703,0.00006445
experiment_name,5adca94d-bc44-4d26-9e3b-546128cc6fee,function_execution_time,1779111123.4189599,0.000056192
experiment_name,5adca94d-bc44-4d26-9e3b-546128cc6fee,function_execution_time,1779111123.5202792,0.000056194
experiment_name,5adca94d-bc44-4d26-9e3b-546128cc6fee,function_execution_time,1779111123.621594,0.000056424
experiment_name,5adca94d-bc44-4d26-9e3b-546128cc6fee,function_execution_time,1779111123.721852,0.000062757
experiment_name,5adca94d-bc44-4d26-9e3b-546128cc6fee,function_execution_time,1779111123.8233647,0.000055601
experiment_name,5adca94d-bc44-4d26-9e3b-546128cc6fee,function_execution_time,1779111123.9246244,0.000056976
experiment_name,5adca94d-bc44-4d26-9e3b-546128cc6fee,function_execution_time,1779111124.0248938,0.000058318
experiment_name,5adca94d-bc44-4d26-9e3b-546128cc6fee,function_transfer_time,1779111122.1026874,0.00002362
experiment_name,5adca94d-bc44-4d26-9e3b-546128cc6fee,function_transfer_time,1779111122.2040162,0.00005314
experiment_name,5adca94d-bc44-4d26-9e3b-546128cc6fee,function_transfer_time,1779111122.3052833,0.000053644
experiment_name,5adca94d-bc44-4d26-9e3b-546128cc6fee,function_transfer_time,1779111122.4066577,0.000099705
experiment_name,5adca94d-bc44-4d26-9e3b-546128cc6fee,function_transfer_time,1779111122.5079389,0.000061187
experiment_name,5adca94d-bc44-4d26-9e3b-546128cc6fee,function_transfer_time,1779111122.60929,0.000050322
experiment_name,5adca94d-bc44-4d26-9e3b-546128cc6fee,function_transfer_time,1779111122.7106588,0.000032983
experiment_name,5adca94d-bc44-4d26-9e3b-546128cc6fee,function_transfer_time,1779111122.8120756,0.000129244
experiment_name,5adca94d-bc44-4d26-9e3b-546128cc6fee,function_transfer_time,1779111122.9133701,0.000129699
experiment_name,5adca94d-bc44-4d26-9e3b-546128cc6fee,function_transfer_time,1779111123.0146618,0.000109751
experiment_name,5adca94d-bc44-4d26-9e3b-546128cc6fee,function_transfer_time,1779111123.115998,0.000120282
experiment_name,5adca94d-bc44-4d26-9e3b-546128cc6fee,function_transfer_time,1779111123.2172997,0.000108697
experiment_name,5adca94d-bc44-4d26-9e3b-546128cc6fee,function_transfer_time,1779111123.318599,0.000087707
experiment_name,5adca94d-bc44-4d26-9e3b-546128cc6fee,function_transfer_time,1779111123.4188998,0.000097819
experiment_name,5adca94d-bc44-4d26-9e3b-546128cc6fee,function_transfer_time,1779111123.5202222,0.000108703
experiment_name,5adca94d-bc44-4d26-9e3b-546128cc6fee,function_transfer_time,1779111123.6215377,0.000119239
experiment_name,5adca94d-bc44-4d26-9e3b-546128cc6fee,function_transfer_time,1779111123.7217941,0.000033847
experiment_name,5adca94d-bc44-4d26-9e3b-546128cc6fee,function_transfer_time,1779111123.8233054,0.000108023
experiment_name,5adca94d-bc44-4d26-9e3b-546128cc6fee,function_transfer_time,1779111123.924559,0.000125882
experiment_name,5adca94d-bc44-4d26-9e3b-546128cc6fee,function_transfer_time,1779111124.0248349,0.00005828
experiment_name,c6d8d533-6d04-4a21-9d60-3e7755ff3602,function_transfer_time,1779111122.102609,0.000014473
experiment_name,c6d8d533-6d04-4a21-9d60-3e7755ff3602,function_transfer_time,1779111122.2039063,0.00009203
experiment_name,c6d8d533-6d04-4a21-9d60-3e7755ff3602,function_transfer_time,1779111122.3051765,0.000019309
experiment_name,c6d8d533-6d04-4a21-9d60-3e7755ff3602,function_transfer_time,1779111122.406496,0.000080647
experiment_name,c6d8d533-6d04-4a21-9d60-3e7755ff3602,function_transfer_time,1779111122.507823,0.000082579
experiment_name,c6d8d533-6d04-4a21-9d60-3e7755ff3602,function_transfer_time,1779111122.6091802,0.000086585
experiment_name,c6d8d533-6d04-4a21-9d60-3e7755ff3602,function_transfer_time,1779111122.7104955,0.000085761
experiment_name,c6d8d533-6d04-4a21-9d60-3e7755ff3602,function_transfer_time,1779111122.8118927,0.00008117
experiment_name,c6d8d533-6d04-4a21-9d60-3e7755ff3602,function_transfer_time,1779111122.9131875,0.000076464
experiment_name,c6d8d533-6d04-4a21-9d60-3e7755ff3602,function_transfer_time,1779111123.0145059,0.000074532
experiment_name,c6d8d533-6d04-4a21-9d60-3e7755ff3602,function_transfer_time,1779111123.1158202,0.000078748
experiment_name,c6d8d533-6d04-4a21-9d60-3e7755ff3602,function_transfer_time,1779111123.2171295,0.000080223
experiment_name,c6d8d533-6d04-4a21-9d60-3e7755ff3602,function_transfer_time,1779111123.318462,0.000079952
experiment_name,c6d8d533-6d04-4a21-9d60-3e7755ff3602,function_transfer_time,1779111123.4187527,0.000083417
experiment_name,c6d8d533-6d04-4a21-9d60-3e7755ff3602,function_transfer_time,1779111123.5200593,0.000075221
experiment_name,c6d8d533-6d04-4a21-9d60-3e7755ff3602,function_transfer_time,1779111123.6213646,0.000081853
experiment_name,c6d8d533-6d04-4a21-9d60-3e7755ff3602,function_transfer_time,1779111123.72164,0.000020872
experiment_name,c6d8d533-6d04-4a21-9d60-3e7755ff3602,function_transfer_time,1779111123.8231406,0.000096084
experiment_name,c6d8d533-6d04-4a21-9d60-3e7755ff3602,function_transfer_time,1779111123.9243834,0.00002119
experiment_name,c6d8d533-6d04-4a21-9d60-3e7755ff3602,function_transfer_time,1779111124.0247242,0.000077886
experiment_name,5adca94d-bc44-4d26-9e3b-546128cc6fee,function_execution_time,1779111124.1262388,0.000064909
experiment_name,5adca94d-bc44-4d26-9e3b-546128cc6fee,function_execution_time,1779111124.2276497,0.000059998
experiment_name,5adca94d-bc44-4d26-9e3b-546128cc6fee,function_execution_time,1779111124.327899,0.000057263
experiment_name,5adca94d-bc44-4d26-9e3b-546128cc6fee,function_execution_time,1779111124.429225,0.00005792
experiment_name,5adca94d-bc44-4d26-9e3b-546128cc6fee,function_execution_time,1779111124.53051,0.000057265
experiment_name,5adca94d-bc44-4d26-9e3b-546128cc6fee,function_execution_time,1779111124.6318054,0.000066716
experiment_name,5adca94d-bc44-4d26-9e3b-546128cc6fee,function_execution_time,1779111124.7331147,0.000059228
experiment_name,5adca94d-bc44-4d26-9e3b-546128cc6fee,function_execution_time,1779111124.834507,0.00005545
experiment_name,5adca94d-bc44-4d26-9e3b-546128cc6fee,function_execution_time,1779111124.935802,0.000056491
experiment_name,5adca94d-bc44-4d26-9e3b-546128cc6fee,function_execution_time,1779111125.0370855,0.000065118
experiment_name,5adca94d-bc44-4d26-9e3b-546128cc6fee,function_execution_time,1779111125.1383224,0.000058147
experiment_name,5adca94d-bc44-4d26-9e3b-546128cc6fee,function_execution_time,1779111125.2397194,0.000056245
experiment_name,5adca94d-bc44-4d26-9e3b-546128cc6fee,function_execution_time,1779111125.341054,0.000060036
experiment_name,5adca94d-bc44-4d26-9e3b-546128cc6fee,function_execution_time,1779111125.4425428,0.000072648
experiment_name,5adca94d-bc44-4d26-9e3b-546128cc6fee,function_execution_time,1779111125.542951,0.000070044
experiment_name,5adca94d-bc44-4d26-9e3b-546128cc6fee,function_execution_time,1779111125.6442423,0.00005912
experiment_name,5adca94d-bc44-4d26-9e3b-546128cc6fee,function_execution_time,1779111125.7456512,0.000070707
experiment_name,5adca94d-bc44-4d26-9e3b-546128cc6fee,function_execution_time,1779111125.846957,0.000062749
experiment_name,5adca94d-bc44-4d26-9e3b-546128cc6fee,function_execution_time,1779111125.9482985,0.000070668
experiment_name,5adca94d-bc44-4d26-9e3b-546128cc6fee,function_execution_time,1779111126.0497558,0.000057368
experiment_name,c6d8d533-6d04-4a21-9d60-3e7755ff3602,function_execution_time,1779111124.1261568,0.000080043
experiment_name,c6d8d533-6d04-4a21-9d60-3e7755ff3602,function_execution_time,1779111124.2274926,0.00008556
experiment_name,c6d8d533-6d04-4a21-9d60-3e7755ff3602,function_execution_time,1779111124.3277404,0.000069182
experiment_name,c6d8d533-6d04-4a21-9d60-3e7755ff3602,function_execution_time,1779111124.4290676,0.000074606
experiment_name,c6d8d533-6d04-4a21-9d60-3e7755ff3602,function_execution_time,1779111124.530343,0.000081675
experiment_name,c6d8d533-6d04-4a21-9d60-3e7755ff3602,function_execution_time,1779111124.6316504,0.000072102
experiment_name,c6d8d533-6d04-4a21-9d60-3e7755ff3602,function_execution_time,1779111124.7330525,0.000148417
experiment_name,c6d8d533-6d04-4a21-9d60-3e7755ff3602,function_execution_time,1779111124.834407,0.000082167
experiment_name,c6d8d533-6d04-4a21-9d60-3e7755ff3602,function_execution_time,1779111124.9356472,0.000070697
experiment_name,c6d8d533-6d04-4a21-9d60-3e7755ff3602,function_execution_time,1779111125.0369213,0.000072541
experiment_name,c6d8d533-6d04-4a21-9d60-3e7755ff3602,function_execution_time,1779111125.1382399,0.000079428
experiment_name,c6d8d533-6d04-4a21-9d60-3e7755ff3602,function_execution_time,1779111125.2395625,0.000070987
experiment_name,c6d8d533-6d04-4a21-9d60-3e7755ff3602,function_execution_time,1779111125.3409715,0.000070824
experiment_name,c6d8d533-6d04-4a21-9d60-3e7755ff3602,function_execution_time,1779111125.4423854,0.000100403
experiment_name,c6d8d533-6d04-4a21-9d60-3e7755ff3602,function_execution_time,1779111125.542857,0.000082847
experiment_name,c6d8d533-6d04-4a21-9d60-3e7755ff3602,function_execution_time,1779111125.6441858,0.000084301
experiment_name,c6d8d533-6d04-4a21-9d60-3e7755ff3602,function_execution_time,1779111125.7455947,0.000179059
experiment_name,c6d8d533-6d04-4a21-9d60-3e7755ff3602,function_execution_time,1779111125.8468764,0.000091688
experiment_name,c6d8d533-6d04-4a21-9d60-3e7755ff3602,function_execution_time,1779111125.9482718,0.000079363
experiment_name,c6d8d533-6d04-4a21-9d60-3e7755ff3602,function_execution_time,1779111126.049615,0.000071167
experiment_name,c6d8d533-6d04-4a21-9d60-3e7755ff3602,function_transfer_time,1779111124.1260781,0.000024898
experiment_name,c6d8d533-6d04-4a21-9d60-3e7755ff3602,function_transfer_time,1779111124.2274065,0.000079469
experiment_name,c6d8d533-6d04-4a21-9d60-3e7755ff3602,function_transfer_time,1779111124.3276594,0.000018924
experiment_name,c6d8d533-6d04-4a21-9d60-3e7755ff3602,function_transfer_time,1779111124.4289842,0.00008147
experiment_name,c6d8d533-6d04-4a21-9d60-3e7755ff3602,function_transfer_time,1779111124.5302637,0.000021597
experiment_name,c6d8d533-6d04-4a21-9d60-3e7755ff3602,function_transfer_time,1779111124.6315749,0.000077731
experiment_name,c6d8d533-6d04-4a21-9d60-3e7755ff3602,function_transfer_time,1779111124.7328987,0.000076046
experiment_name,c6d8d533-6d04-4a21-9d60-3e7755ff3602,function_transfer_time,1779111124.834259,0.000081154
experiment_name,c6d8d533-6d04-4a21-9d60-3e7755ff3602,function_transfer_time,1779111124.9355729,0.000075542
experiment_name,c6d8d533-6d04-4a21-9d60-3e7755ff3602,function_transfer_time,1779111125.0368476,0.000076614
experiment_name,c6d8d533-6d04-4a21-9d60-3e7755ff3602,function_transfer_time,1779111125.1381578,0.000079825
experiment_name,c6d8d533-6d04-4a21-9d60-3e7755ff3602,function_transfer_time,1779111125.239559,0.000076254
experiment_name,c6d8d533-6d04-4a21-9d60-3e7755ff3602,function_transfer_time,1779111125.3408837,0.000022067
experiment_name,c6d8d533-6d04-4a21-9d60-3e7755ff3602,function_transfer_time,1779111125.442276,0.000114826
experiment_name,c6d8d533-6d04-4a21-9d60-3e7755ff3602,function_transfer_time,1779111125.5427732,0.00008015
experiment_name,c6d8d533-6d04-4a21-9d60-3e7755ff3602,function_transfer_time,1779111125.6440976,0.000077977
experiment_name,c6d8d533-6d04-4a21-9d60-3e7755ff3602,function_transfer_time,1779111125.745413,0.000077469
experiment_name,c6d8d533-6d04-4a21-9d60-3e7755ff3602,function_transfer_time,1779111125.846789,0.000083757
experiment_name,c6d8d533-6d04-4a21-9d60-3e7755ff3602,function_transfer_time,1779111125.948138,0.000079536
experiment_name,c6d8d533-6d04-4a21-9d60-3e7755ff3602,function_transfer_time,1779111126.0495355,0.000083274
experiment_name,5adca94d-bc44-4d26-9e3b-546128cc6fee,function_transfer_time,1779111124.1262345,0.000047862
experiment_name,5adca94d-bc44-4d26-9e3b-546128cc6fee,function_transfer_time,1779111124.2275898,0.000115519
experiment_name,5adca94d-bc44-4d26-9e3b-546128cc6fee,function_transfer_time,1779111124.3278413,0.000126922
experiment_name,5adca94d-bc44-4d26-9e3b-546128cc6fee,function_transfer_time,1779111124.4291673,0.000124683
experiment_name,5adca94d-bc44-4d26-9e3b-546128cc6fee,function_transfer_time,1779111124.530453,0.000114086
experiment_name,5adca94d-bc44-4d26-9e3b-546128cc6fee,function_transfer_time,1779111124.6317387,0.000108587
experiment_name,5adca94d-bc44-4d26-9e3b-546128cc6fee,function_transfer_time,1779111124.7330563,0.000034285
experiment_name,5adca94d-bc44-4d26-9e3b-546128cc6fee,function_transfer_time,1779111124.8344455,0.000119805
experiment_name,5adca94d-bc44-4d26-9e3b-546128cc6fee,function_transfer_time,1779111124.935746,0.000118631
experiment_name,5adca94d-bc44-4d26-9e3b-546128cc6fee,function_transfer_time,1779111125.0370207,0.000117865
experiment_name,5adca94d-bc44-4d26-9e3b-546128cc6fee,function_transfer_time,1779111125.1383183,0.000055538
experiment_name,5adca94d-bc44-4d26-9e3b-546128cc6fee,function_transfer_time,1779111125.2396638,0.000119491
experiment_name,5adca94d-bc44-4d26-9e3b-546128cc6fee,function_transfer_time,1779111125.3409925,0.000054606
experiment_name,5adca94d-bc44-4d26-9e3b-546128cc6fee,function_transfer_time,1779111125.442463,0.000118115
experiment_name,5adca94d-bc44-4d26-9e3b-546128cc6fee,function_transfer_time,1779111125.542925,0.000044197
experiment_name,5adca94d-bc44-4d26-9e3b-546128cc6fee,function_transfer_time,1779111125.644182,0.000026837
experiment_name,5adca94d-bc44-4d26-9e3b-546128cc6fee,function_transfer_time,1779111125.7455812,0.000035405
experiment_name,5adca94d-bc44-4d26-9e3b-546128cc6fee,function_transfer_time,1779111125.846953,0.000051299
experiment_name,5adca94d-bc44-4d26-9e3b-546128cc6fee,function_transfer_time,1779111125.9482658,0.000031924
experiment_name,5adca94d-bc44-4d26-9e3b-546128cc6fee,function_transfer_time,1779111126.0496986,0.000108015
experiment_name,5adca94d-bc44-4d26-9e3b-546128cc6fee,function_execution_time,1779111126.1516268,0.000058217
experiment_name,5adca94d-bc44-4d26-9e3b-546128cc6fee,function_execution_time,1779111126.2519572,0.00006571
experiment_name,5adca94d-bc44-4d26-9e3b-546128cc6fee,function_execution_time,1779111126.35329,0.000067851
experiment_name,5adca94d-bc44-4d26-9e3b-546128cc6fee,function_execution_time,1779111126.4546025,0.000059382
experiment_name,5adca94d-bc44-4d26-9e3b-546128cc6fee,function_execution_time,1779111126.5559256,0.000056527
experiment_name,5adca94d-bc44-4d26-9e3b-546128cc6fee,function_execution_time,1779111126.6572537,0.000058593
experiment_name,5adca94d-bc44-4d26-9e3b-546128cc6fee,function_execution_time,1779111126.7585094,0.000072885
experiment_name,5adca94d-bc44-4d26-9e3b-546128cc6fee,function_execution_time,1779111126.8598907,0.00006506
experiment_name,5adca94d-bc44-4d26-9e3b-546128cc6fee,function_execution_time,1779111126.961221,0.000057719
experiment_name,5adca94d-bc44-4d26-9e3b-546128cc6fee,function_execution_time,1779111127.062526,0.000058794
experiment_name,5adca94d-bc44-4d26-9e3b-546128cc6fee,function_execution_time,1779111127.1638622,0.00005729
experiment_name,5adca94d-bc44-4d26-9e3b-546128cc6fee,function_execution_time,1779111127.2651658,0.000065569
experiment_name,5adca94d-bc44-4d26-9e3b-546128cc6fee,function_execution_time,1779111127.3663645,0.000063813
experiment_name,5adca94d-bc44-4d26-9e3b-546128cc6fee,function_execution_time,1779111127.4676743,0.000060264
experiment_name,5adca94d-bc44-4d26-9e3b-546128cc6fee,function_execution_time,1779111127.5689921,0.000060371
experiment_name,5adca94d-bc44-4d26-9e3b-546128cc6fee,function_execution_time,1779111127.6704116,0.000057382
experiment_name,5adca94d-bc44-4d26-9e3b-546128cc6fee,function_execution_time,1779111127.7717006,0.0000561
experiment_name,5adca94d-bc44-4d26-9e3b-546128cc6fee,function_execution_time,1779111127.8730633,0.000046177
experiment_name,5adca94d-bc44-4d26-9e3b-546128cc6fee,function_execution_time,1779111127.9743364,0.000040405
experiment_name,5adca94d-bc44-4d26-9e3b-546128cc6fee,function_execution_time,1779111128.0757036,0.000075101
experiment_name,c6d8d533-6d04-4a21-9d60-3e7755ff3602,function_execution_time,1779111126.151471,0.000086792
experiment_name,c6d8d533-6d04-4a21-9d60-3e7755ff3602,function_execution_time,1779111126.2518575,0.000093688
experiment_name,c6d8d533-6d04-4a21-9d60-3e7755ff3602,function_execution_time,1779111126.3531163,0.000072042
experiment_name,c6d8d533-6d04-4a21-9d60-3e7755ff3602,function_execution_time,1779111126.4544532,0.00008439
experiment_name,c6d8d533-6d04-4a21-9d60-3e7755ff3602,function_execution_time,1779111126.5558355,0.00008294
experiment_name,c6d8d533-6d04-4a21-9d60-3e7755ff3602,function_execution_time,1779111126.6570868,0.000075301
experiment_name,c6d8d533-6d04-4a21-9d60-3e7755ff3602,function_execution_time,1779111126.758423,0.000159077
experiment_name,c6d8d533-6d04-4a21-9d60-3e7755ff3602,function_execution_time,1779111126.8597245,0.000070533
experiment_name,c6d8d533-6d04-4a21-9d60-3e7755ff3602,function_execution_time,1779111126.9610631,0.000079141
experiment_name,c6d8d533-6d04-4a21-9d60-3e7755ff3602,function_execution_time,1779111127.0623784,0.000069516
experiment_name,c6d8d533-6d04-4a21-9d60-3e7755ff3602,function_execution_time,1779111127.1637046,0.000070099
experiment_name,c6d8d533-6d04-4a21-9d60-3e7755ff3602,function_execution_time,1779111127.2650115,0.000082739
experiment_name,c6d8d533-6d04-4a21-9d60-3e7755ff3602,function_execution_time,1779111127.3662727,0.000068685
experiment_name,c6d8d533-6d04-4a21-9d60-3e7755ff3602,function_execution_time,1779111127.4675946,0.000074834
experiment_name,c6d8d533-6d04-4a21-9d60-3e7755ff3602,function_execution_time,1779111127.5689862,0.000080914
experiment_name,c6d8d533-6d04-4a21-9d60-3e7755ff3602,function_execution_time,1779111127.6702538,0.000070409
experiment_name,c6d8d533-6d04-4a21-9d60-3e7755ff3602,function_execution_time,1779111127.771647,0.000148687
experiment_name,c6d8d533-6d04-4a21-9d60-3e7755ff3602,function_execution_time,1779111127.8730006,0.000084095
experiment_name,c6d8d533-6d04-4a21-9d60-3e7755ff3602,function_execution_time,1779111127.974254,0.000063758
experiment_name,c6d8d533-6d04-4a21-9d60-3e7755ff3602,function_execution_time,1779111128.0755327,0.000051215
experiment_name,5adca94d-bc44-4d26-9e3b-546128cc6fee,function_transfer_time,1779111126.1515684,0.00012913
experiment_name,5adca94d-bc44-4d26-9e3b-546128cc6fee,function_transfer_time,1779111126.2518876,0.000113955
experiment_name,5adca94d-bc44-4d26-9e3b-546128cc6fee,function_transfer_time,1779111126.3532166,0.000126975
experiment_name,5adca94d-bc44-4d26-9e3b-546128cc6fee,function_transfer_time,1779111126.4545434,0.000120059
experiment_name,5adca94d-bc44-4d26-9e3b-546128cc6fee,function_transfer_time,1779111126.5558643,0.000128487
experiment_name,5adca94d-bc44-4d26-9e3b-546128cc6fee,function_transfer_time,1779111126.657194,0.00012851
experiment_name,5adca94d-bc44-4d26-9e3b-546128cc6fee,function_transfer_time,1779111126.75844,0.000046122
experiment_name,5adca94d-bc44-4d26-9e3b-546128cc6fee,function_transfer_time,1779111126.8598256,0.000126984
experiment_name,5adca94d-bc44-4d26-9e3b-546128cc6fee,function_transfer_time,1779111126.961163,0.000122122
experiment_name,5adca94d-bc44-4d26-9e3b-546128cc6fee,function_transfer_time,1779111127.0624664,0.00011667
experiment_name,5adca94d-bc44-4d26-9e3b-546128cc6fee,function_transfer_time,1779111127.1638048,0.000129242
experiment_name,5adca94d-bc44-4d26-9e3b-546128cc6fee,function_transfer_time,1779111127.2651,0.000110369
experiment_name,5adca94d-bc44-4d26-9e3b-546128cc6fee,function_transfer_time,1779111127.366343,0.000050357
experiment_name,5adca94d-bc44-4d26-9e3b-546128cc6fee,function_transfer_time,1779111127.4676697,0.000046185
experiment_name,5adca94d-bc44-4d26-9e3b-546128cc6fee,function_transfer_time,1779111127.5689902,0.000046699
experiment_name,5adca94d-bc44-4d26-9e3b-546128cc6fee,function_transfer_time,1779111127.6703541,0.000128401
experiment_name,5adca94d-bc44-4d26-9e3b-546128cc6fee,function_transfer_time,1779111127.7716413,0.000033581
experiment_name,5adca94d-bc44-4d26-9e3b-546128cc6fee,function_transfer_time,1779111127.8730159,0.000043869
experiment_name,5adca94d-bc44-4d26-9e3b-546128cc6fee,function_transfer_time,1779111127.9743316,0.000049431
experiment_name,5adca94d-bc44-4d26-9e3b-546128cc6fee,function_transfer_time,1779111128.0756283,0.000145722
experiment_name,c6d8d533-6d04-4a21-9d60-3e7755ff3602,function_transfer_time,1779111126.1513853,0.000082023
experiment_name,c6d8d533-6d04-4a21-9d60-3e7755ff3602,function_transfer_time,1779111126.2517078,0.000078682
experiment_name,c6d8d533-6d04-4a21-9d60-3e7755ff3602,function_transfer_time,1779111126.3530347,0.000081541
experiment_name,c6d8d533-6d04-4a21-9d60-3e7755ff3602,function_transfer_time,1779111126.454368,0.000076185
experiment_name,c6d8d533-6d04-4a21-9d60-3e7755ff3602,function_transfer_time,1779111126.5556853,0.000083068
experiment_name,c6d8d533-6d04-4a21-9d60-3e7755ff3602,function_transfer_time,1779111126.6570098,0.000079181
experiment_name,c6d8d533-6d04-4a21-9d60-3e7755ff3602,function_transfer_time,1779111126.7582579,0.000024882
experiment_name,c6d8d533-6d04-4a21-9d60-3e7755ff3602,function_transfer_time,1779111126.8596435,0.000084784
experiment_name,c6d8d533-6d04-4a21-9d60-3e7755ff3602,function_transfer_time,1779111126.9609787,0.000075377
experiment_name,c6d8d533-6d04-4a21-9d60-3e7755ff3602,function_transfer_time,1779111127.062294,0.000077292
experiment_name,c6d8d533-6d04-4a21-9d60-3e7755ff3602,function_transfer_time,1779111127.1636212,0.000076805
experiment_name,c6d8d533-6d04-4a21-9d60-3e7755ff3602,function_transfer_time,1779111127.2649257,0.000079055
experiment_name,c6d8d533-6d04-4a21-9d60-3e7755ff3602,function_transfer_time,1779111127.3661962,0.000022617
experiment_name,c6d8d533-6d04-4a21-9d60-3e7755ff3602,function_transfer_time,1779111127.4675193,0.000086043
experiment_name,c6d8d533-6d04-4a21-9d60-3e7755ff3602,function_transfer_time,1779111127.5688345,0.000079861
experiment_name,c6d8d533-6d04-4a21-9d60-3e7755ff3602,function_transfer_time,1779111127.6701708,0.000079518
experiment_name,c6d8d533-6d04-4a21-9d60-3e7755ff3602,function_transfer_time,1779111127.7714972,0.00008763
experiment_name,c6d8d533-6d04-4a21-9d60-3e7755ff3602,function_transfer_time,1779111127.8729172,0.000081881
experiment_name,c6d8d533-6d04-4a21-9d60-3e7755ff3602,function_transfer_time,1779111127.9741735,0.000016754
experiment_name,c6d8d533-6d04-4a21-9d60-3e7755ff3602,function_transfer_time,1779111128.0754473,0.000015462
experiment_name,5adca94d-bc44-4d26-9e3b-546128cc6fee,function_execution_time,1779111128.1772387,0.0000642
experiment_name,5adca94d-bc44-4d26-9e3b-546128cc6fee,function_execution_time,1779111128.2786448,0.000187889
experiment_name,5adca94d-bc44-4d26-9e3b-546128cc6fee,function_execution_time,1779111128.379005,0.00010038
experiment_name,5adca94d-bc44-4d26-9e3b-546128cc6fee,function_execution_time,1779111128.4802628,0.000057388
experiment_name,5adca94d-bc44-4d26-9e3b-546128cc6fee,function_execution_time,1779111128.5817451,0.000077131
experiment_name,5adca94d-bc44-4d26-9e3b-546128cc6fee,function_execution_time,1779111128.6830049,0.000060605
experiment_name,5adca94d-bc44-4d26-9e3b-546128cc6fee,function_execution_time,1779111128.7842937,0.000059465
experiment_name,5adca94d-bc44-4d26-9e3b-546128cc6fee,function_execution_time,1779111128.8857288,0.000068123
experiment_name,5adca94d-bc44-4d26-9e3b-546128cc6fee,function_execution_time,1779111128.98702,0.000056024
experiment_name,5adca94d-bc44-4d26-9e3b-546128cc6fee,function_execution_time,1779111129.0883493,0.000057745
experiment_name,5adca94d-bc44-4d26-9e3b-546128cc6fee,function_execution_time,1779111129.1896572,0.000057633
experiment_name,5adca94d-bc44-4d26-9e3b-546128cc6fee,function_execution_time,1779111129.2909212,0.000060078
experiment_name,5adca94d-bc44-4d26-9e3b-546128cc6fee,function_execution_time,1779111129.392242,0.000069142
experiment_name,5adca94d-bc44-4d26-9e3b-546128cc6fee,function_execution_time,1779111129.4934986,0.000069835
experiment_name,5adca94d-bc44-4d26-9e3b-546128cc6fee,function_execution_time,1779111129.594834,0.000058411
experiment_name,5adca94d-bc44-4d26-9e3b-546128cc6fee,function_execution_time,1779111129.6961148,0.000056991
experiment_name,5adca94d-bc44-4d26-9e3b-546128cc6fee,function_execution_time,1779111129.7973535,0.000061856
experiment_name,5adca94d-bc44-4d26-9e3b-546128cc6fee,function_execution_time,1779111129.89868,0.000057859
experiment_name,5adca94d-bc44-4d26-9e3b-546128cc6fee,function_execution_time,1779111130.0000274,0.000057967
experiment_name,c6d8d533-6d04-4a21-9d60-3e7755ff3602,function_execution_time,1779111128.1771793,0.000104976
experiment_name,c6d8d533-6d04-4a21-9d60-3e7755ff3602,function_execution_time,1779111128.2786093,0.000208999
experiment_name,c6d8d533-6d04-4a21-9d60-3e7755ff3602,function_execution_time,1779111128.3789718,0.000134408
experiment_name,c6d8d533-6d04-4a21-9d60-3e7755ff3602,function_execution_time,1779111128.4801695,0.0000775
experiment_name,c6d8d533-6d04-4a21-9d60-3e7755ff3602,function_execution_time,1779111128.5816135,0.000099329
experiment_name,c6d8d533-6d04-4a21-9d60-3e7755ff3602,function_execution_time,1779111128.6829162,0.000081449
experiment_name,c6d8d533-6d04-4a21-9d60-3e7755ff3602,function_execution_time,1779111128.7842317,0.000142182
experiment_name,c6d8d533-6d04-4a21-9d60-3e7755ff3602,function_execution_time,1779111128.885706,0.000088601
experiment_name,c6d8d533-6d04-4a21-9d60-3e7755ff3602,function_execution_time,1779111128.986944,0.000072992
experiment_name,c6d8d533-6d04-4a21-9d60-3e7755ff3602,function_execution_time,1779111129.0882711,0.000072215
experiment_name,c6d8d533-6d04-4a21-9d60-3e7755ff3602,function_execution_time,1779111129.1895802,0.000081253
experiment_name,c6d8d533-6d04-4a21-9d60-3e7755ff3602,function_execution_time,1779111129.29084,0.000074271
experiment_name,c6d8d533-6d04-4a21-9d60-3e7755ff3602,function_execution_time,1779111129.392238,0.000080299
experiment_name,c6d8d533-6d04-4a21-9d60-3e7755ff3602,function_execution_time,1779111129.4934092,0.000068797
experiment_name,c6d8d533-6d04-4a21-9d60-3e7755ff3602,function_execution_time,1779111129.59478,0.000093995
experiment_name,c6d8d533-6d04-4a21-9d60-3e7755ff3602,function_execution_time,1779111129.6960564,0.000076912
experiment_name,c6d8d533-6d04-4a21-9d60-3e7755ff3602,function_execution_time,1779111129.7972953,0.000118858
experiment_name,c6d8d533-6d04-4a21-9d60-3e7755ff3602,function_execution_time,1779111129.898542,0.000078548
experiment_name,c6d8d533-6d04-4a21-9d60-3e7755ff3602,function_execution_time,1779111129.9998565,0.000072469
experiment_name,c6d8d533-6d04-4a21-9d60-3e7755ff3602,function_transfer_time,1779111128.1770706,0.000025206
experiment_name,c6d8d533-6d04-4a21-9d60-3e7755ff3602,function_transfer_time,1779111128.2783964,0.000013787
experiment_name,c6d8d533-6d04-4a21-9d60-3e7755ff3602,function_transfer_time,1779111128.3788347,0.00001766
experiment_name,c6d8d533-6d04-4a21-9d60-3e7755ff3602,function_transfer_time,1779111128.4800825,0.000029496
experiment_name,c6d8d533-6d04-4a21-9d60-3e7755ff3602,function_transfer_time,1779111128.5814633,0.000106706
experiment_name,c6d8d533-6d04-4a21-9d60-3e7755ff3602,function_transfer_time,1779111128.682788,0.000085637
experiment_name,c6d8d533-6d04-4a21-9d60-3e7755ff3602,function_transfer_time,1779111128.7840831,0.000083993
experiment_name,c6d8d533-6d04-4a21-9d60-3e7755ff3602,function_transfer_time,1779111128.8855617,0.000082912
experiment_name,c6d8d533-6d04-4a21-9d60-3e7755ff3602,function_transfer_time,1779111128.986866,0.000084666
experiment_name,c6d8d533-6d04-4a21-9d60-3e7755ff3602,function_transfer_time,1779111129.0881925,0.000077374
experiment_name,c6d8d533-6d04-4a21-9d60-3e7755ff3602,function_transfer_time,1779111129.1894991,0.000079684
experiment_name,c6d8d533-6d04-4a21-9d60-3e7755ff3602,function_transfer_time,1779111129.2907662,0.000024199
experiment_name,c6d8d533-6d04-4a21-9d60-3e7755ff3602,function_transfer_time,1779111129.3920999,0.000081182
experiment_name,c6d8d533-6d04-4a21-9d60-3e7755ff3602,function_transfer_time,1779111129.4933302,0.000022535
experiment_name,c6d8d533-6d04-4a21-9d60-3e7755ff3602,function_transfer_time,1779111129.5946834,0.000087674
experiment_name,c6d8d533-6d04-4a21-9d60-3e7755ff3602,function_transfer_time,1779111129.6959243,0.000024071
experiment_name,c6d8d533-6d04-4a21-9d60-3e7755ff3602,function_transfer_time,1779111129.7971659,0.000018494
experiment_name,c6d8d533-6d04-4a21-9d60-3e7755ff3602,function_transfer_time,1779111129.8984568,0.000036765
experiment_name,c6d8d533-6d04-4a21-9d60-3e7755ff3602,function_transfer_time,1779111129.9997811,0.000081288
experiment_name,5adca94d-bc44-4d26-9e3b-546128cc6fee,function_transfer_time,1779111128.1771734,0.000029896
experiment_name,5adca94d-bc44-4d26-9e3b-546128cc6fee,function_transfer_time,1779111128.2784483,0.000020168
experiment_name,5adca94d-bc44-4d26-9e3b-546128cc6fee,function_transfer_time,1779111128.3789086,0.000021779
experiment_name,5adca94d-bc44-4d26-9e3b-546128cc6fee,function_transfer_time,1779111128.4802573,0.000055545
experiment_name,5adca94d-bc44-4d26-9e3b-546128cc6fee,function_transfer_time,1779111128.5816636,0.000137477
experiment_name,5adca94d-bc44-4d26-9e3b-546128cc6fee,function_transfer_time,1779111128.6829405,0.000099252
experiment_name,5adca94d-bc44-4d26-9e3b-546128cc6fee,function_transfer_time,1779111128.7842357,0.00003728
experiment_name,5adca94d-bc44-4d26-9e3b-546128cc6fee,function_transfer_time,1779111128.88571,0.000034986
experiment_name,5adca94d-bc44-4d26-9e3b-546128cc6fee,function_transfer_time,1779111128.9869602,0.000043256
experiment_name,5adca94d-bc44-4d26-9e3b-546128cc6fee,function_transfer_time,1779111129.0883453,0.000044347
experiment_name,5adca94d-bc44-4d26-9e3b-546128cc6fee,function_transfer_time,1779111129.189653,0.000046905
experiment_name,5adca94d-bc44-4d26-9e3b-546128cc6fee,function_transfer_time,1779111129.290917,0.000040431
experiment_name,5adca94d-bc44-4d26-9e3b-546128cc6fee,function_transfer_time,1779111129.3922327,0.000024447
experiment_name,5adca94d-bc44-4d26-9e3b-546128cc6fee,function_transfer_time,1779111129.4934845,0.000045027
experiment_name,5adca94d-bc44-4d26-9e3b-546128cc6fee,function_transfer_time,1779111129.5947762,0.000029257
experiment_name,5adca94d-bc44-4d26-9e3b-546128cc6fee,function_transfer_time,1779111129.6960604,0.000078911
experiment_name,5adca94d-bc44-4d26-9e3b-546128cc6fee,function_transfer_time,1779111129.7972906,0.000025757
experiment_name,5adca94d-bc44-4d26-9e3b-546128cc6fee,function_transfer_time,1779111129.8986218,0.000109153
experiment_name,5adca94d-bc44-4d26-9e3b-546128cc6fee,function_transfer_time,1779111129.9999695,0.000133043
experiment_name,5adca94d-bc44-4d26-9e3b-546128cc6fee,function_execution_time,1779111130.1014867,0.000086273
experiment_name,5adca94d-bc44-4d26-9e3b-546128cc6fee,function_execution_time,1779111130.2019546,0.000061657
experiment_name,5adca94d-bc44-4d26-9e3b-546128cc6fee,function_execution_time,1779111130.3032553,0.000074651
experiment_name,5adca94d-bc44-4d26-9e3b-546128cc6fee,function_execution_time,1779111130.4046128,0.000055304
experiment_name,5adca94d-bc44-4d26-9e3b-546128cc6fee,function_execution_time,1779111130.5048668,0.00005948
experiment_name,5adca94d-bc44-4d26-9e3b-546128cc6fee,function_execution_time,1779111130.6062918,0.000055976
experiment_name,5adca94d-bc44-4d26-9e3b-546128cc6fee,function_execution_time,1779111130.7075427,0.000062633
experiment_name,5adca94d-bc44-4d26-9e3b-546128cc6fee,function_execution_time,1779111130.807856,0.000055404
experiment_name,5adca94d-bc44-4d26-9e3b-546128cc6fee,function_execution_time,1779111130.9091876,0.00006396
experiment_name,5adca94d-bc44-4d26-9e3b-546128cc6fee,function_execution_time,1779111131.0105793,0.000055153
experiment_name,5adca94d-bc44-4d26-9e3b-546128cc6fee,function_execution_time,1779111131.1118743,0.000062403
experiment_name,5adca94d-bc44-4d26-9e3b-546128cc6fee,function_execution_time,1779111131.2131727,0.000055789
experiment_name,5adca94d-bc44-4d26-9e3b-546128cc6fee,function_execution_time,1779111131.3145192,0.000055116
experiment_name,5adca94d-bc44-4d26-9e3b-546128cc6fee,function_execution_time,1779111131.4158504,0.000059323
experiment_name,5adca94d-bc44-4d26-9e3b-546128cc6fee,function_execution_time,1779111131.5171726,0.000055983
experiment_name,5adca94d-bc44-4d26-9e3b-546128cc6fee,function_execution_time,1779111131.6184978,0.000073218
experiment_name,5adca94d-bc44-4d26-9e3b-546128cc6fee,function_execution_time,1779111131.719818,0.000058135
experiment_name,5adca94d-bc44-4d26-9e3b-546128cc6fee,function_execution_time,1779111131.8210695,0.000055959
experiment_name,5adca94d-bc44-4d26-9e3b-546128cc6fee,function_execution_time,1779111131.922386,0.000057029
experiment_name,5adca94d-bc44-4d26-9e3b-546128cc6fee,function_execution_time,1779111132.0237184,0.000065039
experiment_name,c6d8d533-6d04-4a21-9d60-3e7755ff3602,function_execution_time,1779111130.1014156,0.000096451
experiment_name,c6d8d533-6d04-4a21-9d60-3e7755ff3602,function_execution_time,1779111130.2018154,0.000071677
experiment_name,c6d8d533-6d04-4a21-9d60-3e7755ff3602,function_execution_time,1779111130.3032334,0.000087745
experiment_name,c6d8d533-6d04-4a21-9d60-3e7755ff3602,function_execution_time,1779111130.404474,0.000088485
experiment_name,c6d8d533-6d04-4a21-9d60-3e7755ff3602,function_execution_time,1779111130.5047827,0.000072127
experiment_name,c6d8d533-6d04-4a21-9d60-3e7755ff3602,function_execution_time,1779111130.606132,0.000078676
experiment_name,c6d8d533-6d04-4a21-9d60-3e7755ff3602,function_execution_time,1779111130.7074537,0.000068753
experiment_name,c6d8d533-6d04-4a21-9d60-3e7755ff3602,function_execution_time,1779111130.8078077,0.000148596
experiment_name,c6d8d533-6d04-4a21-9d60-3e7755ff3602,function_execution_time,1779111130.909169,0.000088434
experiment_name,c6d8d533-6d04-4a21-9d60-3e7755ff3602,function_execution_time,1779111131.0104902,0.000081496
experiment_name,c6d8d533-6d04-4a21-9d60-3e7755ff3602,function_execution_time,1779111131.1117818,0.000075359
experiment_name,c6d8d533-6d04-4a21-9d60-3e7755ff3602,function_execution_time,1779111131.213036,0.000070267
experiment_name,c6d8d533-6d04-4a21-9d60-3e7755ff3602,function_execution_time,1779111131.3143792,0.000077373
experiment_name,c6d8d533-6d04-4a21-9d60-3e7755ff3602,function_execution_time,1779111131.4156938,0.000068743
experiment_name,c6d8d533-6d04-4a21-9d60-3e7755ff3602,function_execution_time,1779111131.5170314,0.000068535
experiment_name,c6d8d533-6d04-4a21-9d60-3e7755ff3602,function_execution_time,1779111131.6183374,0.000077443
experiment_name,c6d8d533-6d04-4a21-9d60-3e7755ff3602,function_execution_time,1779111131.7196558,0.000076562
experiment_name,c6d8d533-6d04-4a21-9d60-3e7755ff3602,function_execution_time,1779111131.821018,0.000140934
experiment_name,c6d8d533-6d04-4a21-9d60-3e7755ff3602,function_execution_time,1779111131.9222434,0.000068171
experiment_name,c6d8d533-6d04-4a21-9d60-3e7755ff3602,function_execution_time,1779111132.023558,0.000082059
experiment_name,c6d8d533-6d04-4a21-9d60-3e7755ff3602,function_transfer_time,1779111130.1013138,0.000017637
experiment_name,c6d8d533-6d04-4a21-9d60-3e7755ff3602,function_transfer_time,1779111130.2017307,0.000082596
experiment_name,c6d8d533-6d04-4a21-9d60-3e7755ff3602,function_transfer_time,1779111130.3030827,0.000083331
experiment_name,c6d8d533-6d04-4a21-9d60-3e7755ff3602,function_transfer_time,1779111130.404379,0.00008013
experiment_name,c6d8d533-6d04-4a21-9d60-3e7755ff3602,function_transfer_time,1779111130.5047,0.00007505
experiment_name,c6d8d533-6d04-4a21-9d60-3e7755ff3602,function_transfer_time,1779111130.6060476,0.000078138
experiment_name,c6d8d533-6d04-4a21-9d60-3e7755ff3602,function_transfer_time,1779111130.7073643,0.000080504
experiment_name,c6d8d533-6d04-4a21-9d60-3e7755ff3602,function_transfer_time,1779111130.8077307,0.000018926
experiment_name,c6d8d533-6d04-4a21-9d60-3e7755ff3602,function_transfer_time,1779111130.9090257,0.000095619
experiment_name,c6d8d533-6d04-4a21-9d60-3e7755ff3602,function_transfer_time,1779111131.010348,0.000083676
experiment_name,c6d8d533-6d04-4a21-9d60-3e7755ff3602,function_transfer_time,1779111131.1116529,0.000080841
experiment_name,c6d8d533-6d04-4a21-9d60-3e7755ff3602,function_transfer_time,1779111131.2129505,0.000080806
experiment_name,c6d8d533-6d04-4a21-9d60-3e7755ff3602,function_transfer_time,1779111131.314295,0.000080441
experiment_name,c6d8d533-6d04-4a21-9d60-3e7755ff3602,function_transfer_time,1779111131.4156122,0.000078167
experiment_name,c6d8d533-6d04-4a21-9d60-3e7755ff3602,function_transfer_time,1779111131.5169477,0.000082443
experiment_name,c6d8d533-6d04-4a21-9d60-3e7755ff3602,function_transfer_time,1779111131.6182542,0.000081516
experiment_name,c6d8d533-6d04-4a21-9d60-3e7755ff3602,function_transfer_time,1779111131.7195797,0.00007703
experiment_name,c6d8d533-6d04-4a21-9d60-3e7755ff3602,function_transfer_time,1779111131.8208668,0.000081016
experiment_name,c6d8d533-6d04-4a21-9d60-3e7755ff3602,function_transfer_time,1779111131.9221632,0.000020958
experiment_name,c6d8d533-6d04-4a21-9d60-3e7755ff3602,function_transfer_time,1779111132.023548,0.000064208
experiment_name,5adca94d-bc44-4d26-9e3b-546128cc6fee,function_transfer_time,1779111130.1013987,0.000025992
experiment_name,5adca94d-bc44-4d26-9e3b-546128cc6fee,function_transfer_time,1779111130.2019053,0.000110568
experiment_name,5adca94d-bc44-4d26-9e3b-546128cc6fee,function_transfer_time,1779111130.3032389,0.000034602
experiment_name,5adca94d-bc44-4d26-9e3b-546128cc6fee,function_transfer_time,1779111130.4046082,0.000111547
experiment_name,5adca94d-bc44-4d26-9e3b-546128cc6fee,function_transfer_time,1779111130.5048063,0.00005081
experiment_name,5adca94d-bc44-4d26-9e3b-546128cc6fee,function_transfer_time,1779111130.6062357,0.000133491
experiment_name,5adca94d-bc44-4d26-9e3b-546128cc6fee,function_transfer_time,1779111130.707481,0.000060681
experiment_name,5adca94d-bc44-4d26-9e3b-546128cc6fee,function_transfer_time,1779111130.8078034,0.0000269
experiment_name,5adca94d-bc44-4d26-9e3b-546128cc6fee,function_transfer_time,1779111130.909163,0.000031904
experiment_name,5adca94d-bc44-4d26-9e3b-546128cc6fee,function_transfer_time,1779111131.0105197,0.00011286
experiment_name,5adca94d-bc44-4d26-9e3b-546128cc6fee,function_transfer_time,1779111131.111806,0.000102042
experiment_name,5adca94d-bc44-4d26-9e3b-546128cc6fee,function_transfer_time,1779111131.2131124,0.000111612
experiment_name,5adca94d-bc44-4d26-9e3b-546128cc6fee,function_transfer_time,1779111131.3144631,0.000107504
experiment_name,5adca94d-bc44-4d26-9e3b-546128cc6fee,function_transfer_time,1779111131.4157898,0.000124515
experiment_name,5adca94d-bc44-4d26-9e3b-546128cc6fee,function_transfer_time,1779111131.5171163,0.000114373
experiment_name,5adca94d-bc44-4d26-9e3b-546128cc6fee,function_transfer_time,1779111131.6184223,0.000114314
experiment_name,5adca94d-bc44-4d26-9e3b-546128cc6fee,function_transfer_time,1779111131.7197597,0.000120291
experiment_name,5adca94d-bc44-4d26-9e3b-546128cc6fee,function_transfer_time,1779111131.8210137,0.000032028
experiment_name,5adca94d-bc44-4d26-9e3b-546128cc6fee,function_transfer_time,1779111131.922329,0.000111308
experiment_name,5adca94d-bc44-4d26-9e3b-546128cc6fee,function_transfer_time,1779111132.0236537,0.000112405
experiment_name,5adca94d-bc44-4d26-9e3b-546128cc6fee,function_execution_time,1779111132.1249347,0.000036
experiment_name,5adca94d-bc44-4d26-9e3b-546128cc6fee,function_execution_time,1779111132.2262712,0.000044119
experiment_name,5adca94d-bc44-4d26-9e3b-546128cc6fee,function_execution_time,1779111132.3276317,0.000063426
experiment_name,5adca94d-bc44-4d26-9e3b-546128cc6fee,function_execution_time,1779111132.4279292,0.000061109
experiment_name,5adca94d-bc44-4d26-9e3b-546128cc6fee,function_execution_time,1779111132.5292053,0.000060911
experiment_name,5adca94d-bc44-4d26-9e3b-546128cc6fee,function_execution_time,1779111132.630515,0.000056626
experiment_name,5adca94d-bc44-4d26-9e3b-546128cc6fee,function_execution_time,1779111132.731789,0.000066903
experiment_name,5adca94d-bc44-4d26-9e3b-546128cc6fee,function_execution_time,1779111132.8330903,0.000056835
experiment_name,5adca94d-bc44-4d26-9e3b-546128cc6fee,function_execution_time,1779111132.9344926,0.000064469
experiment_name,5adca94d-bc44-4d26-9e3b-546128cc6fee,function_execution_time,1779111133.0357296,0.000054803
experiment_name,5adca94d-bc44-4d26-9e3b-546128cc6fee,function_execution_time,1779111133.1372118,0.000061283
experiment_name,5adca94d-bc44-4d26-9e3b-546128cc6fee,function_execution_time,1779111133.2385156,0.000053309
experiment_name,5adca94d-bc44-4d26-9e3b-546128cc6fee,function_execution_time,1779111133.339816,0.000054751
experiment_name,5adca94d-bc44-4d26-9e3b-546128cc6fee,function_execution_time,1779111133.4411871,0.000057253
experiment_name,5adca94d-bc44-4d26-9e3b-546128cc6fee,function_execution_time,1779111133.5424964,0.000062591
experiment_name,5adca94d-bc44-4d26-9e3b-546128cc6fee,function_execution_time,1779111133.6438122,0.000061382
experiment_name,5adca94d-bc44-4d26-9e3b-546128cc6fee,function_execution_time,1779111133.7451243,0.000053803
experiment_name,5adca94d-bc44-4d26-9e3b-546128cc6fee,function_execution_time,1779111133.8464155,0.000054817
experiment_name,5adca94d-bc44-4d26-9e3b-546128cc6fee,function_execution_time,1779111133.9477968,0.000057613
experiment_name,5adca94d-bc44-4d26-9e3b-546128cc6fee,function_execution_time,1779111134.0490732,0.000061168
experiment_name,c6d8d533-6d04-4a21-9d60-3e7755ff3602,function_execution_time,1779111132.1248531,0.00007022
experiment_name,c6d8d533-6d04-4a21-9d60-3e7755ff3602,function_execution_time,1779111132.2261906,0.000074586
experiment_name,c6d8d533-6d04-4a21-9d60-3e7755ff3602,function_execution_time,1779111132.3274584,0.000088775
experiment_name,c6d8d533-6d04-4a21-9d60-3e7755ff3602,function_execution_time,1779111132.427835,0.00007844
experiment_name,c6d8d533-6d04-4a21-9d60-3e7755ff3602,function_execution_time,1779111132.5290644,0.000072023
experiment_name,c6d8d533-6d04-4a21-9d60-3e7755ff3602,function_execution_time,1779111132.6303797,0.00007848
experiment_name,c6d8d533-6d04-4a21-9d60-3e7755ff3602,function_execution_time,1779111132.7317097,0.000076347
experiment_name,c6d8d533-6d04-4a21-9d60-3e7755ff3602,function_execution_time,1779111132.8330367,0.000158348
experiment_name,c6d8d533-6d04-4a21-9d60-3e7755ff3602,function_execution_time,1779111132.9343364,0.000079066
experiment_name,c6d8d533-6d04-4a21-9d60-3e7755ff3602,function_execution_time,1779111133.0356104,0.000076226
experiment_name,c6d8d533-6d04-4a21-9d60-3e7755ff3602,function_execution_time,1779111133.1370497,0.00007043
experiment_name,c6d8d533-6d04-4a21-9d60-3e7755ff3602,function_execution_time,1779111133.2383757,0.000068648
experiment_name,c6d8d533-6d04-4a21-9d60-3e7755ff3602,function_execution_time,1779111133.3396838,0.000079059
experiment_name,c6d8d533-6d04-4a21-9d60-3e7755ff3602,function_execution_time,1779111133.4410186,0.00006853
experiment_name,c6d8d533-6d04-4a21-9d60-3e7755ff3602,function_execution_time,1779111133.5423272,0.0000691
experiment_name,c6d8d533-6d04-4a21-9d60-3e7755ff3602,function_execution_time,1779111133.643641,0.000078705
experiment_name,c6d8d533-6d04-4a21-9d60-3e7755ff3602,function_execution_time,1779111133.7449856,0.000068555
experiment_name,c6d8d533-6d04-4a21-9d60-3e7755ff3602,function_execution_time,1779111133.8463583,0.000141673
experiment_name,c6d8d533-6d04-4a21-9d60-3e7755ff3602,function_execution_time,1779111133.9476295,0.000070053
experiment_name,c6d8d533-6d04-4a21-9d60-3e7755ff3602,function_execution_time,1779111134.0489318,0.000078707
experiment_name,c6d8d533-6d04-4a21-9d60-3e7755ff3602,function_transfer_time,1779111132.1247745,0.000020336
experiment_name,c6d8d533-6d04-4a21-9d60-3e7755ff3602,function_transfer_time,1779111132.226111,0.000081724
experiment_name,c6d8d533-6d04-4a21-9d60-3e7755ff3602,function_transfer_time,1779111132.3273752,0.00002225
experiment_name,c6d8d533-6d04-4a21-9d60-3e7755ff3602,function_transfer_time,1779111132.4277077,0.000084227
experiment_name,c6d8d533-6d04-4a21-9d60-3e7755ff3602,function_transfer_time,1779111132.528971,0.000023312
experiment_name,c6d8d533-6d04-4a21-9d60-3e7755ff3602,function_transfer_time,1779111132.630297,0.000083521
experiment_name,c6d8d533-6d04-4a21-9d60-3e7755ff3602,function_transfer_time,1779111132.7315805,0.000021561
experiment_name,c6d8d533-6d04-4a21-9d60-3e7755ff3602,function_transfer_time,1779111132.8328674,0.000082522
experiment_name,c6d8d533-6d04-4a21-9d60-3e7755ff3602,function_transfer_time,1779111132.934254,0.000080387
experiment_name,c6d8d533-6d04-4a21-9d60-3e7755ff3602,function_transfer_time,1779111133.0355299,0.000075223
experiment_name,c6d8d533-6d04-4a21-9d60-3e7755ff3602,function_transfer_time,1779111133.1369684,0.000075965
experiment_name,c6d8d533-6d04-4a21-9d60-3e7755ff3602,function_transfer_time,1779111133.2382948,0.000077075
experiment_name,c6d8d533-6d04-4a21-9d60-3e7755ff3602,function_transfer_time,1779111133.3396013,0.000079412
experiment_name,c6d8d533-6d04-4a21-9d60-3e7755ff3602,function_transfer_time,1779111133.4409359,0.000081139
experiment_name,c6d8d533-6d04-4a21-9d60-3e7755ff3602,function_transfer_time,1779111133.542243,0.000078105
experiment_name,c6d8d533-6d04-4a21-9d60-3e7755ff3602,function_transfer_time,1779111133.6435583,0.000079604
experiment_name,c6d8d533-6d04-4a21-9d60-3e7755ff3602,function_transfer_time,1779111133.7449048,0.000085113
experiment_name,c6d8d533-6d04-4a21-9d60-3e7755ff3602,function_transfer_time,1779111133.846211,0.000080419
experiment_name,c6d8d533-6d04-4a21-9d60-3e7755ff3602,function_transfer_time,1779111133.9475527,0.00002426
experiment_name,c6d8d533-6d04-4a21-9d60-3e7755ff3602,function_transfer_time,1779111134.0488503,0.000078947
experiment_name,5adca94d-bc44-4d26-9e3b-546128cc6fee,function_transfer_time,1779111132.12493,0.000048955
experiment_name,5adca94d-bc44-4d26-9e3b-546128cc6fee,function_transfer_time,1779111132.2262664,0.00004426
experiment_name,5adca94d-bc44-4d26-9e3b-546128cc6fee,function_transfer_time,1779111132.3275688,0.000141478
experiment_name,5adca94d-bc44-4d26-9e3b-546128cc6fee,function_transfer_time,1779111132.4278646,0.000105641
experiment_name,5adca94d-bc44-4d26-9e3b-546128cc6fee,function_transfer_time,1779111132.529144,0.00011709
experiment_name,5adca94d-bc44-4d26-9e3b-546128cc6fee,function_transfer_time,1779111132.630458,0.00010079
experiment_name,5adca94d-bc44-4d26-9e3b-546128cc6fee,function_transfer_time,1779111132.7317138,0.000089066
experiment_name,5adca94d-bc44-4d26-9e3b-546128cc6fee,function_transfer_time,1779111132.8330326,0.000033598
experiment_name,5adca94d-bc44-4d26-9e3b-546128cc6fee,function_transfer_time,1779111132.934432,0.000119555
experiment_name,5adca94d-bc44-4d26-9e3b-546128cc6fee,function_transfer_time,1779111133.0356667,0.000087977
experiment_name,5adca94d-bc44-4d26-9e3b-546128cc6fee,function_transfer_time,1779111133.1371508,0.00012814
experiment_name,5adca94d-bc44-4d26-9e3b-546128cc6fee,function_transfer_time,1779111133.2384617,0.00011368
experiment_name,5adca94d-bc44-4d26-9e3b-546128cc6fee,function_transfer_time,1779111133.3397574,0.000100272
experiment_name,5adca94d-bc44-4d26-9e3b-546128cc6fee,function_transfer_time,1779111133.4411297,0.000140467
experiment_name,5adca94d-bc44-4d26-9e3b-546128cc6fee,function_transfer_time,1779111133.5424254,0.000128932
experiment_name,5adca94d-bc44-4d26-9e3b-546128cc6fee,function_transfer_time,1779111133.6437511,0.000139567
experiment_name,5adca94d-bc44-4d26-9e3b-546128cc6fee,function_transfer_time,1779111133.745064,0.000108858
experiment_name,5adca94d-bc44-4d26-9e3b-546128cc6fee,function_transfer_time,1779111133.8463626,0.000036435
experiment_name,5adca94d-bc44-4d26-9e3b-546128cc6fee,function_transfer_time,1779111133.9477391,0.000132585
experiment_name,5adca94d-bc44-4d26-9e3b-546128cc6fee,function_transfer_time,1779111134.0490086,0.000100788
experiment_name,c6d8d533-6d04-4a21-9d60-3e7755ff3602,function_execution_time,1779111134.15035,0.000076549
experiment_name,c6d8d533-6d04-4a21-9d60-3e7755ff3602,function_execution_time,1779111134.251757,0.000085023
experiment_name,c6d8d533-6d04-4a21-9d60-3e7755ff3602,function_execution_time,1779111134.3529963,0.000082829
experiment_name,c6d8d533-6d04-4a21-9d60-3e7755ff3602,function_execution_time,1779111134.4543178,0.00007289
experiment_name,c6d8d533-6d04-4a21-9d60-3e7755ff3602,function_execution_time,1779111134.5556235,0.000081204
experiment_name,c6d8d533-6d04-4a21-9d60-3e7755ff3602,function_execution_time,1779111134.656987,0.000070634
experiment_name,c6d8d533-6d04-4a21-9d60-3e7755ff3602,function_execution_time,1779111134.7583683,0.000085528
experiment_name,c6d8d533-6d04-4a21-9d60-3e7755ff3602,function_execution_time,1779111134.8597364,0.000178135
experiment_name,c6d8d533-6d04-4a21-9d60-3e7755ff3602,function_execution_time,1779111134.9611204,0.00008007
experiment_name,c6d8d533-6d04-4a21-9d60-3e7755ff3602,function_execution_time,1779111135.0623937,0.000083691
experiment_name,c6d8d533-6d04-4a21-9d60-3e7755ff3602,function_execution_time,1779111135.1636732,0.000072949
experiment_name,c6d8d533-6d04-4a21-9d60-3e7755ff3602,function_execution_time,1779111135.26498,0.000073255
experiment_name,c6d8d533-6d04-4a21-9d60-3e7755ff3602,function_execution_time,1779111135.3663046,0.000080624
experiment_name,c6d8d533-6d04-4a21-9d60-3e7755ff3602,function_execution_time,1779111135.4676144,0.000096418
experiment_name,c6d8d533-6d04-4a21-9d60-3e7755ff3602,function_execution_time,1779111135.5689356,0.000082428
experiment_name,c6d8d533-6d04-4a21-9d60-3e7755ff3602,function_execution_time,1779111135.6702757,0.000076747
experiment_name,c6d8d533-6d04-4a21-9d60-3e7755ff3602,function_execution_time,1779111135.7715912,0.000082009
experiment_name,c6d8d533-6d04-4a21-9d60-3e7755ff3602,function_execution_time,1779111135.8729954,0.000143188
experiment_name,c6d8d533-6d04-4a21-9d60-3e7755ff3602,function_execution_time,1779111135.974225,0.000054398
experiment_name,c6d8d533-6d04-4a21-9d60-3e7755ff3602,function_execution_time,1779111136.075616,0.00008483
experiment_name,5adca94d-bc44-4d26-9e3b-546128cc6fee,function_execution_time,1779111134.1505244,0.000061649
experiment_name,5adca94d-bc44-4d26-9e3b-546128cc6fee,function_execution_time,1779111134.2517984,0.000060781
experiment_name,5adca94d-bc44-4d26-9e3b-546128cc6fee,function_execution_time,1779111134.353153,0.000057178
experiment_name,5adca94d-bc44-4d26-9e3b-546128cc6fee,function_execution_time,1779111134.4544888,0.000068099
experiment_name,5adca94d-bc44-4d26-9e3b-546128cc6fee,function_execution_time,1779111134.5557172,0.000071899
experiment_name,5adca94d-bc44-4d26-9e3b-546128cc6fee,function_execution_time,1779111134.6571293,0.000056055
experiment_name,5adca94d-bc44-4d26-9e3b-546128cc6fee,function_execution_time,1779111134.7584722,0.000069254
experiment_name,5adca94d-bc44-4d26-9e3b-546128cc6fee,function_execution_time,1779111134.8597867,0.000056935
experiment_name,5adca94d-bc44-4d26-9e3b-546128cc6fee,function_execution_time,1779111134.9612107,0.000065444
experiment_name,5adca94d-bc44-4d26-9e3b-546128cc6fee,function_execution_time,1779111135.0624835,0.000064983
experiment_name,5adca94d-bc44-4d26-9e3b-546128cc6fee,function_execution_time,1779111135.1638317,0.000054444
experiment_name,5adca94d-bc44-4d26-9e3b-546128cc6fee,function_execution_time,1779111135.265116,0.000054576
experiment_name,5adca94d-bc44-4d26-9e3b-546128cc6fee,function_execution_time,1779111135.366461,0.000073323
experiment_name,5adca94d-bc44-4d26-9e3b-546128cc6fee,function_execution_time,1779111135.4677575,0.000070374
experiment_name,5adca94d-bc44-4d26-9e3b-546128cc6fee,function_execution_time,1779111135.5690825,0.000059127
experiment_name,5adca94d-bc44-4d26-9e3b-546128cc6fee,function_execution_time,1779111135.6704402,0.000056396
experiment_name,5adca94d-bc44-4d26-9e3b-546128cc6fee,function_execution_time,1779111135.7717552,0.000063376
experiment_name,5adca94d-bc44-4d26-9e3b-546128cc6fee,function_execution_time,1779111135.8730507,0.000053815
experiment_name,5adca94d-bc44-4d26-9e3b-546128cc6fee,function_execution_time,1779111135.974382,0.000055975
experiment_name,5adca94d-bc44-4d26-9e3b-546128cc6fee,function_execution_time,1779111136.0757701,0.000057125
experiment_name,5adca94d-bc44-4d26-9e3b-546128cc6fee,function_transfer_time,1779111134.150463,0.000134463
experiment_name,5adca94d-bc44-4d26-9e3b-546128cc6fee,function_transfer_time,1779111134.2517617,0.000089059
experiment_name,5adca94d-bc44-4d26-9e3b-546128cc6fee,function_transfer_time,1779111134.3530958,0.000126822
experiment_name,5adca94d-bc44-4d26-9e3b-546128cc6fee,function_transfer_time,1779111134.4544194,0.00012669
experiment_name,5adca94d-bc44-4d26-9e3b-546128cc6fee,function_transfer_time,1779111134.5556953,0.000039575
experiment_name,5adca94d-bc44-4d26-9e3b-546128cc6fee,function_transfer_time,1779111134.6570728,0.000112109
experiment_name,5adca94d-bc44-4d26-9e3b-546128cc6fee,function_transfer_time,1779111134.7583957,0.000117517
experiment_name,5adca94d-bc44-4d26-9e3b-546128cc6fee,function_transfer_time,1779111134.8597317,0.000033239
experiment_name,5adca94d-bc44-4d26-9e3b-546128cc6fee,function_transfer_time,1779111134.9611413,0.000114992
experiment_name,5adca94d-bc44-4d26-9e3b-546128cc6fee,function_transfer_time,1779111135.0624146,0.000099314
experiment_name,5adca94d-bc44-4d26-9e3b-546128cc6fee,function_transfer_time,1779111135.163777,0.000127285
experiment_name,5adca94d-bc44-4d26-9e3b-546128cc6fee,function_transfer_time,1779111135.265061,0.000105763
experiment_name,5adca94d-bc44-4d26-9e3b-546128cc6fee,function_transfer_time,1779111135.3663867,0.000106291
experiment_name,5adca94d-bc44-4d26-9e3b-546128cc6fee,function_transfer_time,1779111135.4676776,0.000105632
experiment_name,5adca94d-bc44-4d26-9e3b-546128cc6fee,function_transfer_time,1779111135.5690224,0.000119225
experiment_name,5adca94d-bc44-4d26-9e3b-546128cc6fee,function_transfer_time,1779111135.6703749,0.00012568
experiment_name,5adca94d-bc44-4d26-9e3b-546128cc6fee,function_transfer_time,1779111135.7716916,0.000118633
experiment_name,5adca94d-bc44-4d26-9e3b-546128cc6fee,function_transfer_time,1779111135.872999,0.00003418
experiment_name,5adca94d-bc44-4d26-9e3b-546128cc6fee,function_transfer_time,1779111135.9743254,0.000140359
experiment_name,5adca94d-bc44-4d26-9e3b-546128cc6fee,function_transfer_time,1779111136.0757127,0.000124271
experiment_name,c6d8d533-6d04-4a21-9d60-3e7755ff3602,function_transfer_time,1779111134.1502724,0.000084942
experiment_name,c6d8d533-6d04-4a21-9d60-3e7755ff3602,function_transfer_time,1779111134.2515912,0.000082142
experiment_name,c6d8d533-6d04-4a21-9d60-3e7755ff3602,function_transfer_time,1779111134.3529146,0.00008445
experiment_name,c6d8d533-6d04-4a21-9d60-3e7755ff3602,function_transfer_time,1779111134.4542391,0.00007658
experiment_name,c6d8d533-6d04-4a21-9d60-3e7755ff3602,function_transfer_time,1779111134.5555444,0.000082524
experiment_name,c6d8d533-6d04-4a21-9d60-3e7755ff3602,function_transfer_time,1779111134.6569064,0.000098501
experiment_name,c6d8d533-6d04-4a21-9d60-3e7755ff3602,function_transfer_time,1779111134.7582185,0.000081735
experiment_name,c6d8d533-6d04-4a21-9d60-3e7755ff3602,function_transfer_time,1779111134.859544,0.000081695
experiment_name,c6d8d533-6d04-4a21-9d60-3e7755ff3602,function_transfer_time,1779111134.9609733,0.000082991
experiment_name,c6d8d533-6d04-4a21-9d60-3e7755ff3602,function_transfer_time,1779111135.0622573,0.000075517
experiment_name,c6d8d533-6d04-4a21-9d60-3e7755ff3602,function_transfer_time,1779111135.1635947,0.000077398
experiment_name,c6d8d533-6d04-4a21-9d60-3e7755ff3602,function_transfer_time,1779111135.2648997,0.000086359
experiment_name,c6d8d533-6d04-4a21-9d60-3e7755ff3602,function_transfer_time,1779111135.3662257,0.000078356
experiment_name,c6d8d533-6d04-4a21-9d60-3e7755ff3602,function_transfer_time,1779111135.4675126,0.000037039
experiment_name,c6d8d533-6d04-4a21-9d60-3e7755ff3602,function_transfer_time,1779111135.5688407,0.000087934
experiment_name,c6d8d533-6d04-4a21-9d60-3e7755ff3602,function_transfer_time,1779111135.6701934,0.0000858
experiment_name,c6d8d533-6d04-4a21-9d60-3e7755ff3602,function_transfer_time,1779111135.77151,0.000083261
experiment_name,c6d8d533-6d04-4a21-9d60-3e7755ff3602,function_transfer_time,1779111135.8728476,0.000078129
experiment_name,c6d8d533-6d04-4a21-9d60-3e7755ff3602,function_transfer_time,1779111135.9741454,0.00002092
experiment_name,c6d8d533-6d04-4a21-9d60-3e7755ff3602,function_transfer_time,1779111136.0755308,0.000078777
experiment_name,c6d8d533-6d04-4a21-9d60-3e7755ff3602,function_execution_time,1779111136.177435,0.000097796
experiment_name,c6d8d533-6d04-4a21-9d60-3e7755ff3602,function_execution_time,1779111136.278738,0.000081773
experiment_name,c6d8d533-6d04-4a21-9d60-3e7755ff3602,function_execution_time,1779111136.3801656,0.00007034
experiment_name,c6d8d533-6d04-4a21-9d60-3e7755ff3602,function_execution_time,1779111136.4814966,0.000094801
experiment_name,c6d8d533-6d04-4a21-9d60-3e7755ff3602,function_execution_time,1779111136.5818021,0.000066999
experiment_name,c6d8d533-6d04-4a21-9d60-3e7755ff3602,function_execution_time,1779111136.6831195,0.000070606
experiment_name,c6d8d533-6d04-4a21-9d60-3e7755ff3602,function_execution_time,1779111136.7844398,0.00006949
experiment_name,c6d8d533-6d04-4a21-9d60-3e7755ff3602,function_execution_time,1779111136.88486,0.00016169
experiment_name,c6d8d533-6d04-4a21-9d60-3e7755ff3602,function_execution_time,1779111136.9861505,0.000073999
experiment_name,c6d8d533-6d04-4a21-9d60-3e7755ff3602,function_execution_time,1779111137.0874772,0.000081353
experiment_name,c6d8d533-6d04-4a21-9d60-3e7755ff3602,function_execution_time,1779111137.187789,0.000076327
experiment_name,c6d8d533-6d04-4a21-9d60-3e7755ff3602,function_execution_time,1779111137.2891135,0.000067379
experiment_name,c6d8d533-6d04-4a21-9d60-3e7755ff3602,function_execution_time,1779111137.3904624,0.000083607
experiment_name,c6d8d533-6d04-4a21-9d60-3e7755ff3602,function_execution_time,1779111137.4907756,0.000067013
experiment_name,c6d8d533-6d04-4a21-9d60-3e7755ff3602,function_execution_time,1779111137.592196,0.000087544
experiment_name,c6d8d533-6d04-4a21-9d60-3e7755ff3602,function_execution_time,1779111137.6934383,0.000080438
experiment_name,c6d8d533-6d04-4a21-9d60-3e7755ff3602,function_execution_time,1779111137.7947412,0.000074057
experiment_name,c6d8d533-6d04-4a21-9d60-3e7755ff3602,function_execution_time,1779111137.8960264,0.000143559
experiment_name,c6d8d533-6d04-4a21-9d60-3e7755ff3602,function_execution_time,1779111137.997424,0.000067903
experiment_name,5adca94d-bc44-4d26-9e3b-546128cc6fee,function_execution_time,1779111136.1775289,0.000060432
experiment_name,5adca94d-bc44-4d26-9e3b-546128cc6fee,function_execution_time,1779111136.2788248,0.000058241
experiment_name,5adca94d-bc44-4d26-9e3b-546128cc6fee,function_execution_time,1779111136.3803227,0.00005726
experiment_name,5adca94d-bc44-4d26-9e3b-546128cc6fee,function_execution_time,1779111136.4816172,0.000057759
experiment_name,5adca94d-bc44-4d26-9e3b-546128cc6fee,function_execution_time,1779111136.581975,0.000071794
experiment_name,5adca94d-bc44-4d26-9e3b-546128cc6fee,function_execution_time,1779111136.6832764,0.000057476
experiment_name,5adca94d-bc44-4d26-9e3b-546128cc6fee,function_execution_time,1779111136.7846005,0.000056962
experiment_name,5adca94d-bc44-4d26-9e3b-546128cc6fee,function_execution_time,1779111136.8849244,0.000059837
experiment_name,5adca94d-bc44-4d26-9e3b-546128cc6fee,function_execution_time,1779111136.986254,0.000076933
experiment_name,5adca94d-bc44-4d26-9e3b-546128cc6fee,function_execution_time,1779111137.08756,0.000059963
experiment_name,5adca94d-bc44-4d26-9e3b-546128cc6fee,function_execution_time,1779111137.1879523,0.000059155
experiment_name,5adca94d-bc44-4d26-9e3b-546128cc6fee,function_execution_time,1779111137.289272,0.000059175
experiment_name,5adca94d-bc44-4d26-9e3b-546128cc6fee,function_execution_time,1779111137.390628,0.000059626
experiment_name,5adca94d-bc44-4d26-9e3b-546128cc6fee,function_execution_time,1779111137.4909372,0.000068068
experiment_name,5adca94d-bc44-4d26-9e3b-546128cc6fee,function_execution_time,1779111137.5922625,0.000058769
experiment_name,5adca94d-bc44-4d26-9e3b-546128cc6fee,function_execution_time,1779111137.69355,0.000059424
experiment_name,5adca94d-bc44-4d26-9e3b-546128cc6fee,function_execution_time,1779111137.794745,0.000059383
experiment_name,5adca94d-bc44-4d26-9e3b-546128cc6fee,function_execution_time,1779111137.8961,0.000063054
experiment_name,5adca94d-bc44-4d26-9e3b-546128cc6fee,function_execution_time,1779111137.9975855,0.000055841
experiment_name,5adca94d-bc44-4d26-9e3b-546128cc6fee,function_transfer_time,1779111136.1774616,0.000121449
experiment_name,5adca94d-bc44-4d26-9e3b-546128cc6fee,function_transfer_time,1779111136.278761,0.000097279
experiment_name,5adca94d-bc44-4d26-9e3b-546128cc6fee,function_transfer_time,1779111136.3802652,0.000123339
experiment_name,5adca94d-bc44-4d26-9e3b-546128cc6fee,function_transfer_time,1779111136.4815555,0.000101619
experiment_name,5adca94d-bc44-4d26-9e3b-546128cc6fee,function_transfer_time,1779111136.581903,0.000123851
experiment_name,5adca94d-bc44-4d26-9e3b-546128cc6fee,function_transfer_time,1779111136.6832187,0.00012163
experiment_name,5adca94d-bc44-4d26-9e3b-546128cc6fee,function_transfer_time,1779111136.7845433,0.000133337
experiment_name,5adca94d-bc44-4d26-9e3b-546128cc6fee,function_transfer_time,1779111136.8848639,0.00003629
experiment_name,5adca94d-bc44-4d26-9e3b-546128cc6fee,function_transfer_time,1779111136.9862292,0.000051589
experiment_name,5adca94d-bc44-4d26-9e3b-546128cc6fee,function_transfer_time,1779111137.087545,0.000043653
experiment_name,5adca94d-bc44-4d26-9e3b-546128cc6fee,function_transfer_time,1779111137.1878927,0.000133117
experiment_name,5adca94d-bc44-4d26-9e3b-546128cc6fee,function_transfer_time,1779111137.2892141,0.000122998
experiment_name,5adca94d-bc44-4d26-9e3b-546128cc6fee,function_transfer_time,1779111137.3905678,0.000134797
experiment_name,5adca94d-bc44-4d26-9e3b-546128cc6fee,function_transfer_time,1779111137.4908683,0.00012332
experiment_name,5adca94d-bc44-4d26-9e3b-546128cc6fee,function_transfer_time,1779111137.5921998,0.000103599
experiment_name,5adca94d-bc44-4d26-9e3b-546128cc6fee,function_transfer_time,1779111137.693487,0.000089214
experiment_name,5adca94d-bc44-4d26-9e3b-546128cc6fee,function_transfer_time,1779111137.7947354,0.000025628
experiment_name,5adca94d-bc44-4d26-9e3b-546128cc6fee,function_transfer_time,1779111137.8960247,0.000031424
experiment_name,5adca94d-bc44-4d26-9e3b-546128cc6fee,function_transfer_time,1779111137.9975295,0.00013163
experiment_name,c6d8d533-6d04-4a21-9d60-3e7755ff3602,function_transfer_time,1779111136.1772742,0.00007689
experiment_name,c6d8d533-6d04-4a21-9d60-3e7755ff3602,function_transfer_time,1779111136.2786095,0.000091482
experiment_name,c6d8d533-6d04-4a21-9d60-3e7755ff3602,function_transfer_time,1779111136.380088,0.000077505
experiment_name,c6d8d533-6d04-4a21-9d60-3e7755ff3602,function_transfer_time,1779111136.4813945,0.000084968
experiment_name,c6d8d533-6d04-4a21-9d60-3e7755ff3602,function_transfer_time,1779111136.5817263,0.000079892
experiment_name,c6d8d533-6d04-4a21-9d60-3e7755ff3602,function_transfer_time,1779111136.6830435,0.000084705
experiment_name,c6d8d533-6d04-4a21-9d60-3e7755ff3602,function_transfer_time,1779111136.7843575,0.000079171
experiment_name,c6d8d533-6d04-4a21-9d60-3e7755ff3602,function_transfer_time,1779111136.8846927,0.000076709
experiment_name,c6d8d533-6d04-4a21-9d60-3e7755ff3602,function_transfer_time,1779111136.98607,0.000089031
experiment_name,c6d8d533-6d04-4a21-9d60-3e7755ff3602,function_transfer_time,1779111137.0873947,0.0000743
experiment_name,c6d8d533-6d04-4a21-9d60-3e7755ff3602,function_transfer_time,1779111137.187707,0.000084879
experiment_name,c6d8d533-6d04-4a21-9d60-3e7755ff3602,function_transfer_time,1779111137.289034,0.000078807
experiment_name,c6d8d533-6d04-4a21-9d60-3e7755ff3602,function_transfer_time,1779111137.3903787,0.000080239
experiment_name,c6d8d533-6d04-4a21-9d60-3e7755ff3602,function_transfer_time,1779111137.4906926,0.00007825
experiment_name,c6d8d533-6d04-4a21-9d60-3e7755ff3602,function_transfer_time,1779111137.592039,0.000078599
experiment_name,c6d8d533-6d04-4a21-9d60-3e7755ff3602,function_transfer_time,1779111137.6933448,0.000081636
experiment_name,c6d8d533-6d04-4a21-9d60-3e7755ff3602,function_transfer_time,1779111137.7945962,0.000016956
experiment_name,c6d8d533-6d04-4a21-9d60-3e7755ff3602,function_transfer_time,1779111137.895886,0.000079868
experiment_name,c6d8d533-6d04-4a21-9d60-3e7755ff3602,function_transfer_time,1779111137.9973452,0.000078266
experiment_name,c6d8d533-6d04-4a21-9d60-3e7755ff3602,function_execution_time,1779111138.098676,0.000084036
experiment_name,c6d8d533-6d04-4a21-9d60-3e7755ff3602,function_execution_time,1779111138.2000546,0.000068289
experiment_name,c6d8d533-6d04-4a21-9d60-3e7755ff3602,function_execution_time,1779111138.301467,0.000082762
experiment_name,c6d8d533-6d04-4a21-9d60-3e7755ff3602,function_execution_time,1779111138.402688,0.000067997
experiment_name,c6d8d533-6d04-4a21-9d60-3e7755ff3602,function_execution_time,1779111138.5040255,0.000074784
experiment_name,c6d8d533-6d04-4a21-9d60-3e7755ff3602,function_execution_time,1779111138.6052735,0.000088316
experiment_name,c6d8d533-6d04-4a21-9d60-3e7755ff3602,function_execution_time,1779111138.7067068,0.000088843
experiment_name,c6d8d533-6d04-4a21-9d60-3e7755ff3602,function_execution_time,1779111138.8079765,0.000084856
experiment_name,c6d8d533-6d04-4a21-9d60-3e7755ff3602,function_execution_time,1779111138.9093661,0.0001515
experiment_name,c6d8d533-6d04-4a21-9d60-3e7755ff3602,function_execution_time,1779111139.010749,0.000086224
experiment_name,c6d8d533-6d04-4a21-9d60-3e7755ff3602,function_execution_time,1779111139.1119778,0.000078729
experiment_name,c6d8d533-6d04-4a21-9d60-3e7755ff3602,function_execution_time,1779111139.2133248,0.000075328
experiment_name,c6d8d533-6d04-4a21-9d60-3e7755ff3602,function_execution_time,1779111139.3145957,0.00007809
experiment_name,c6d8d533-6d04-4a21-9d60-3e7755ff3602,function_execution_time,1779111139.4158862,0.000071592
experiment_name,c6d8d533-6d04-4a21-9d60-3e7755ff3602,function_execution_time,1779111139.5172722,0.000076661
experiment_name,c6d8d533-6d04-4a21-9d60-3e7755ff3602,function_execution_time,1779111139.618496,0.000080577
experiment_name,c6d8d533-6d04-4a21-9d60-3e7755ff3602,function_execution_time,1779111139.7188795,0.000081998
experiment_name,c6d8d533-6d04-4a21-9d60-3e7755ff3602,function_execution_time,1779111139.820119,0.000068646
experiment_name,c6d8d533-6d04-4a21-9d60-3e7755ff3602,function_execution_time,1779111139.9214623,0.000157427
experiment_name,c6d8d533-6d04-4a21-9d60-3e7755ff3602,function_execution_time,1779111140.021721,0.000077209
experiment_name,5adca94d-bc44-4d26-9e3b-546128cc6fee,function_execution_time,1779111138.0987346,0.000059526
experiment_name,5adca94d-bc44-4d26-9e3b-546128cc6fee,function_execution_time,1779111138.2001977,0.000055958
experiment_name,5adca94d-bc44-4d26-9e3b-546128cc6fee,function_execution_time,1779111138.3015242,0.000064741
experiment_name,5adca94d-bc44-4d26-9e3b-546128cc6fee,function_execution_time,1779111138.4028392,0.000056347
experiment_name,5adca94d-bc44-4d26-9e3b-546128cc6fee,function_execution_time,1779111138.504123,0.000063838
experiment_name,5adca94d-bc44-4d26-9e3b-546128cc6fee,function_execution_time,1779111138.605369,0.000066545
experiment_name,5adca94d-bc44-4d26-9e3b-546128cc6fee,function_execution_time,1779111138.7067142,0.000056587
experiment_name,5adca94d-bc44-4d26-9e3b-546128cc6fee,function_execution_time,1779111138.8080657,0.000063236
experiment_name,5adca94d-bc44-4d26-9e3b-546128cc6fee,function_execution_time,1779111138.909421,0.000059404
experiment_name,5adca94d-bc44-4d26-9e3b-546128cc6fee,function_execution_time,1779111139.0108109,0.000060932
experiment_name,5adca94d-bc44-4d26-9e3b-546128cc6fee,function_execution_time,1779111139.1120408,0.000066449
experiment_name,5adca94d-bc44-4d26-9e3b-546128cc6fee,function_execution_time,1779111139.2134137,0.000057448
experiment_name,5adca94d-bc44-4d26-9e3b-546128cc6fee,function_execution_time,1779111139.3146813,0.000059148
experiment_name,5adca94d-bc44-4d26-9e3b-546128cc6fee,function_execution_time,1779111139.416052,0.00005885
experiment_name,5adca94d-bc44-4d26-9e3b-546128cc6fee,function_execution_time,1779111139.5172908,0.000070841
experiment_name,5adca94d-bc44-4d26-9e3b-546128cc6fee,function_execution_time,1779111139.6186512,0.000056638
experiment_name,5adca94d-bc44-4d26-9e3b-546128cc6fee,function_execution_time,1779111139.7189622,0.000056969
experiment_name,5adca94d-bc44-4d26-9e3b-546128cc6fee,function_execution_time,1779111139.8202806,0.000058265
experiment_name,5adca94d-bc44-4d26-9e3b-546128cc6fee,function_execution_time,1779111139.9215202,0.000056471
experiment_name,5adca94d-bc44-4d26-9e3b-546128cc6fee,function_execution_time,1779111140.021815,0.000072098
experiment_name,c6d8d533-6d04-4a21-9d60-3e7755ff3602,function_transfer_time,1779111138.098589,0.000014275
experiment_name,c6d8d533-6d04-4a21-9d60-3e7755ff3602,function_transfer_time,1779111138.199977,0.000080484
experiment_name,c6d8d533-6d04-4a21-9d60-3e7755ff3602,function_transfer_time,1779111138.301314,0.00008031
experiment_name,c6d8d533-6d04-4a21-9d60-3e7755ff3602,function_transfer_time,1779111138.4026089,0.000079475
experiment_name,c6d8d533-6d04-4a21-9d60-3e7755ff3602,function_transfer_time,1779111138.503934,0.000085069
experiment_name,c6d8d533-6d04-4a21-9d60-3e7755ff3602,function_transfer_time,1779111138.605189,0.000028438
experiment_name,c6d8d533-6d04-4a21-9d60-3e7755ff3602,function_transfer_time,1779111138.7065601,0.000028577
experiment_name,c6d8d533-6d04-4a21-9d60-3e7755ff3602,function_transfer_time,1779111138.8078938,0.000090228
experiment_name,c6d8d533-6d04-4a21-9d60-3e7755ff3602,function_transfer_time,1779111138.9092069,0.000082408
experiment_name,c6d8d533-6d04-4a21-9d60-3e7755ff3602,function_transfer_time,1779111139.0105946,0.00007479
experiment_name,c6d8d533-6d04-4a21-9d60-3e7755ff3602,function_transfer_time,1779111139.1118915,0.000077756
experiment_name,c6d8d533-6d04-4a21-9d60-3e7755ff3602,function_transfer_time,1779111139.2131975,0.000081702
experiment_name,c6d8d533-6d04-4a21-9d60-3e7755ff3602,function_transfer_time,1779111139.3145123,0.000082491
experiment_name,c6d8d533-6d04-4a21-9d60-3e7755ff3602,function_transfer_time,1779111139.4158156,0.000074792
experiment_name,c6d8d533-6d04-4a21-9d60-3e7755ff3602,function_transfer_time,1779111139.5171418,0.00007997
experiment_name,c6d8d533-6d04-4a21-9d60-3e7755ff3602,function_transfer_time,1779111139.6184173,0.000077711
experiment_name,c6d8d533-6d04-4a21-9d60-3e7755ff3602,function_transfer_time,1779111139.7187402,0.000073973
experiment_name,c6d8d533-6d04-4a21-9d60-3e7755ff3602,function_transfer_time,1779111139.8200362,0.000074012
experiment_name,c6d8d533-6d04-4a21-9d60-3e7755ff3602,function_transfer_time,1779111139.9213054,0.000024664
experiment_name,c6d8d533-6d04-4a21-9d60-3e7755ff3602,function_transfer_time,1779111140.021641,0.000021517
experiment_name,5adca94d-bc44-4d26-9e3b-546128cc6fee,function_transfer_time,1779111138.0986722,0.000026991
experiment_name,5adca94d-bc44-4d26-9e3b-546128cc6fee,function_transfer_time,1779111138.2001424,0.000111531
experiment_name,5adca94d-bc44-4d26-9e3b-546128cc6fee,function_transfer_time,1779111138.3014708,0.000089922
experiment_name,5adca94d-bc44-4d26-9e3b-546128cc6fee,function_transfer_time,1779111138.4027827,0.000121763
experiment_name,5adca94d-bc44-4d26-9e3b-546128cc6fee,function_transfer_time,1779111138.5040486,0.000060978
experiment_name,5adca94d-bc44-4d26-9e3b-546128cc6fee,function_transfer_time,1779111138.6053014,0.000046286
experiment_name,5adca94d-bc44-4d26-9e3b-546128cc6fee,function_transfer_time,1779111138.7067115,0.00003824
experiment_name,5adca94d-bc44-4d26-9e3b-546128cc6fee,function_transfer_time,1779111138.8080013,0.000045825
experiment_name,5adca94d-bc44-4d26-9e3b-546128cc6fee,function_transfer_time,1779111138.909361,0.000030869
experiment_name,5adca94d-bc44-4d26-9e3b-546128cc6fee,function_transfer_time,1779111139.0107532,0.000092492
experiment_name,5adca94d-bc44-4d26-9e3b-546128cc6fee,function_transfer_time,1779111139.111974,0.000030599
experiment_name,5adca94d-bc44-4d26-9e3b-546128cc6fee,function_transfer_time,1779111139.2133474,0.000101474
experiment_name,5adca94d-bc44-4d26-9e3b-546128cc6fee,function_transfer_time,1779111139.3146772,0.000057727
experiment_name,5adca94d-bc44-4d26-9e3b-546128cc6fee,function_transfer_time,1779111139.4159927,0.000123614
experiment_name,5adca94d-bc44-4d26-9e3b-546128cc6fee,function_transfer_time,1779111139.517267,0.000026763
experiment_name,5adca94d-bc44-4d26-9e3b-546128cc6fee,function_transfer_time,1779111139.6185937,0.000113406
experiment_name,5adca94d-bc44-4d26-9e3b-546128cc6fee,function_transfer_time,1779111139.7189016,0.000105489
experiment_name,5adca94d-bc44-4d26-9e3b-546128cc6fee,function_transfer_time,1779111139.8202221,0.000132411
experiment_name,5adca94d-bc44-4d26-9e3b-546128cc6fee,function_transfer_time,1779111139.9214604,0.000036323
experiment_name,5adca94d-bc44-4d26-9e3b-546128cc6fee,function_transfer_time,1779111140.0218005,0.000049516
experiment_name,c6d8d533-6d04-4a21-9d60-3e7755ff3602,function_execution_time,1779111140.123354,0.000078327
experiment_name,c6d8d533-6d04-4a21-9d60-3e7755ff3602,function_execution_time,1779111140.2246842,0.000067535
experiment_name,c6d8d533-6d04-4a21-9d60-3e7755ff3602,function_execution_time,1779111140.3260472,0.00007681
experiment_name,c6d8d533-6d04-4a21-9d60-3e7755ff3602,function_execution_time,1779111140.427249,0.000076029
experiment_name,c6d8d533-6d04-4a21-9d60-3e7755ff3602,function_execution_time,1779111140.5285432,0.000066258
experiment_name,c6d8d533-6d04-4a21-9d60-3e7755ff3602,function_execution_time,1779111140.6297975,0.000066884
experiment_name,c6d8d533-6d04-4a21-9d60-3e7755ff3602,function_execution_time,1779111140.7310817,0.000077413
experiment_name,c6d8d533-6d04-4a21-9d60-3e7755ff3602,function_execution_time,1779111140.8323429,0.000067121
experiment_name,c6d8d533-6d04-4a21-9d60-3e7755ff3602,function_execution_time,1779111140.933681,0.000147343
experiment_name,c6d8d533-6d04-4a21-9d60-3e7755ff3602,function_execution_time,1779111141.034928,0.000072309
experiment_name,c6d8d533-6d04-4a21-9d60-3e7755ff3602,function_execution_time,1779111141.136192,0.000065873
experiment_name,c6d8d533-6d04-4a21-9d60-3e7755ff3602,function_execution_time,1779111141.237538,0.000069089
experiment_name,c6d8d533-6d04-4a21-9d60-3e7755ff3602,function_execution_time,1779111141.3388448,0.000068306
experiment_name,c6d8d533-6d04-4a21-9d60-3e7755ff3602,function_execution_time,1779111141.4401832,0.000081062
experiment_name,c6d8d533-6d04-4a21-9d60-3e7755ff3602,function_execution_time,1779111141.541499,0.000084536
experiment_name,c6d8d533-6d04-4a21-9d60-3e7755ff3602,function_execution_time,1779111141.6418371,0.000076948
experiment_name,c6d8d533-6d04-4a21-9d60-3e7755ff3602,function_execution_time,1779111141.7431223,0.000075922
experiment_name,c6d8d533-6d04-4a21-9d60-3e7755ff3602,function_execution_time,1779111141.8443751,0.000066009
experiment_name,c6d8d533-6d04-4a21-9d60-3e7755ff3602,function_execution_time,1779111141.94574,0.0001466
experiment_name,c6d8d533-6d04-4a21-9d60-3e7755ff3602,function_execution_time,1779111142.046957,0.000065555
experiment_name,5adca94d-bc44-4d26-9e3b-546128cc6fee,function_execution_time,1779111140.123507,0.000070692
experiment_name,5adca94d-bc44-4d26-9e3b-546128cc6fee,function_execution_time,1779111140.2248366,0.000056914
experiment_name,5adca94d-bc44-4d26-9e3b-546128cc6fee,function_execution_time,1779111140.3261387,0.000056628
experiment_name,5adca94d-bc44-4d26-9e3b-546128cc6fee,function_execution_time,1779111140.4274137,0.000064435
experiment_name,5adca94d-bc44-4d26-9e3b-546128cc6fee,function_execution_time,1779111140.528682,0.000056629
experiment_name,5adca94d-bc44-4d26-9e3b-546128cc6fee,function_execution_time,1779111140.6299572,0.000056334
experiment_name,5adca94d-bc44-4d26-9e3b-546128cc6fee,function_execution_time,1779111140.7312415,0.000057083
experiment_name,5adca94d-bc44-4d26-9e3b-546128cc6fee,function_execution_time,1779111140.8325138,0.000055977
experiment_name,5adca94d-bc44-4d26-9e3b-546128cc6fee,function_execution_time,1779111140.9337566,0.00006683
experiment_name,5adca94d-bc44-4d26-9e3b-546128cc6fee,function_execution_time,1779111141.0351007,0.000060784
experiment_name,5adca94d-bc44-4d26-9e3b-546128cc6fee,function_execution_time,1779111141.136355,0.000059195
experiment_name,5adca94d-bc44-4d26-9e3b-546128cc6fee,function_execution_time,1779111141.237686,0.000064783
experiment_name,5adca94d-bc44-4d26-9e3b-546128cc6fee,function_execution_time,1779111141.339012,0.000065197
experiment_name,5adca94d-bc44-4d26-9e3b-546128cc6fee,function_execution_time,1779111141.4403427,0.00005803
experiment_name,5adca94d-bc44-4d26-9e3b-546128cc6fee,function_execution_time,1779111141.5415826,0.000057741
experiment_name,5adca94d-bc44-4d26-9e3b-546128cc6fee,function_execution_time,1779111141.6418395,0.000060567
experiment_name,5adca94d-bc44-4d26-9e3b-546128cc6fee,function_execution_time,1779111141.74328,0.000063762
experiment_name,5adca94d-bc44-4d26-9e3b-546128cc6fee,function_execution_time,1779111141.8445287,0.000056524
experiment_name,5adca94d-bc44-4d26-9e3b-546128cc6fee,function_execution_time,1779111141.9457977,0.000054953
experiment_name,5adca94d-bc44-4d26-9e3b-546128cc6fee,function_execution_time,1779111142.0470974,0.000055255
experiment_name,5adca94d-bc44-4d26-9e3b-546128cc6fee,function_transfer_time,1779111140.1234372,0.000102079
experiment_name,5adca94d-bc44-4d26-9e3b-546128cc6fee,function_transfer_time,1779111140.2247791,0.000122166
experiment_name,5adca94d-bc44-4d26-9e3b-546128cc6fee,function_transfer_time,1779111140.3260767,0.000102769
experiment_name,5adca94d-bc44-4d26-9e3b-546128cc6fee,function_transfer_time,1779111140.4273486,0.000124985
experiment_name,5adca94d-bc44-4d26-9e3b-546128cc6fee,function_transfer_time,1779111140.5286243,0.000107903
experiment_name,5adca94d-bc44-4d26-9e3b-546128cc6fee,function_transfer_time,1779111140.6299002,0.000130375
experiment_name,5adca94d-bc44-4d26-9e3b-546128cc6fee,function_transfer_time,1779111140.7311842,0.000119284
experiment_name,5adca94d-bc44-4d26-9e3b-546128cc6fee,function_transfer_time,1779111140.8324494,0.000133275
experiment_name,5adca94d-bc44-4d26-9e3b-546128cc6fee,function_transfer_time,1779111140.9336863,0.000038066
experiment_name,5adca94d-bc44-4d26-9e3b-546128cc6fee,function_transfer_time,1779111141.03504,0.000143776
experiment_name,5adca94d-bc44-4d26-9e3b-546128cc6fee,function_transfer_time,1779111141.1362956,0.000135568
experiment_name,5adca94d-bc44-4d26-9e3b-546128cc6fee,function_transfer_time,1779111141.237642,0.000106481
experiment_name,5adca94d-bc44-4d26-9e3b-546128cc6fee,function_transfer_time,1779111141.3389468,0.000132043
experiment_name,5adca94d-bc44-4d26-9e3b-546128cc6fee,function_transfer_time,1779111141.4402843,0.000122589
experiment_name,5adca94d-bc44-4d26-9e3b-546128cc6fee,function_transfer_time,1779111141.5415206,0.000046346
experiment_name,5adca94d-bc44-4d26-9e3b-546128cc6fee,function_transfer_time,1779111141.6418326,0.000028772
experiment_name,5adca94d-bc44-4d26-9e3b-546128cc6fee,function_transfer_time,1779111141.743216,0.000123688
experiment_name,5adca94d-bc44-4d26-9e3b-546128cc6fee,function_transfer_time,1779111141.8444717,0.000121729
experiment_name,5adca94d-bc44-4d26-9e3b-546128cc6fee,function_transfer_time,1779111141.945744,0.000036158
experiment_name,5adca94d-bc44-4d26-9e3b-546128cc6fee,function_transfer_time,1779111142.0470412,0.000109768
experiment_name,c6d8d533-6d04-4a21-9d60-3e7755ff3602,function_transfer_time,1779111140.123271,0.000097329
experiment_name,c6d8d533-6d04-4a21-9d60-3e7755ff3602,function_transfer_time,1779111140.224605,0.000077634
experiment_name,c6d8d533-6d04-4a21-9d60-3e7755ff3602,function_transfer_time,1779111140.325921,0.000080324
experiment_name,c6d8d533-6d04-4a21-9d60-3e7755ff3602,function_transfer_time,1779111140.4271638,0.000021737
experiment_name,c6d8d533-6d04-4a21-9d60-3e7755ff3602,function_transfer_time,1779111140.5284653,0.000028118
experiment_name,c6d8d533-6d04-4a21-9d60-3e7755ff3602,function_transfer_time,1779111140.6297178,0.000024581
experiment_name,c6d8d533-6d04-4a21-9d60-3e7755ff3602,function_transfer_time,1779111140.731005,0.000022632
experiment_name,c6d8d533-6d04-4a21-9d60-3e7755ff3602,function_transfer_time,1779111140.8322546,0.000021891
experiment_name,c6d8d533-6d04-4a21-9d60-3e7755ff3602,function_transfer_time,1779111140.93353,0.000022733
experiment_name,c6d8d533-6d04-4a21-9d60-3e7755ff3602,function_transfer_time,1779111141.0348437,0.000023102
experiment_name,c6d8d533-6d04-4a21-9d60-3e7755ff3602,function_transfer_time,1779111141.136108,0.000022987
experiment_name,c6d8d533-6d04-4a21-9d60-3e7755ff3602,function_transfer_time,1779111141.237461,0.00009106
experiment_name,c6d8d533-6d04-4a21-9d60-3e7755ff3602,function_transfer_time,1779111141.3387613,0.000076607
experiment_name,c6d8d533-6d04-4a21-9d60-3e7755ff3602,function_transfer_time,1779111141.4400988,0.000080675
experiment_name,c6d8d533-6d04-4a21-9d60-3e7755ff3602,function_transfer_time,1779111141.541413,0.000078264
experiment_name,c6d8d533-6d04-4a21-9d60-3e7755ff3602,function_transfer_time,1779111141.641695,0.000022478
experiment_name,c6d8d533-6d04-4a21-9d60-3e7755ff3602,function_transfer_time,1779111141.743041,0.00002286
experiment_name,c6d8d533-6d04-4a21-9d60-3e7755ff3602,function_transfer_time,1779111141.8442981,0.000022066
experiment_name,c6d8d533-6d04-4a21-9d60-3e7755ff3602,function_transfer_time,1779111141.9455874,0.000021934
experiment_name,c6d8d533-6d04-4a21-9d60-3e7755ff3602,function_transfer_time,1779111142.04688,0.000019347
experiment_name,5adca94d-bc44-4d26-9e3b-546128cc6fee,function_execution_time,1779111142.1483634,0.000067551
experiment_name,5adca94d-bc44-4d26-9e3b-546128cc6fee,function_execution_time,1779111142.249619,0.000058667
experiment_name,5adca94d-bc44-4d26-9e3b-546128cc6fee,function_execution_time,1779111142.3499029,0.000059019
experiment_name,5adca94d-bc44-4d26-9e3b-546128cc6fee,function_execution_time,1779111142.451168,0.000059711
experiment_name,5adca94d-bc44-4d26-9e3b-546128cc6fee,function_execution_time,1779111142.5524542,0.000073968
experiment_name,5adca94d-bc44-4d26-9e3b-546128cc6fee,function_execution_time,1779111142.6537466,0.000060376
experiment_name,5adca94d-bc44-4d26-9e3b-546128cc6fee,function_execution_time,1779111142.7551215,0.0000569
experiment_name,5adca94d-bc44-4d26-9e3b-546128cc6fee,function_execution_time,1779111142.8564663,0.000072733
experiment_name,5adca94d-bc44-4d26-9e3b-546128cc6fee,function_execution_time,1779111142.9576807,0.000067094
experiment_name,5adca94d-bc44-4d26-9e3b-546128cc6fee,function_execution_time,1779111143.0589216,0.000058327
experiment_name,5adca94d-bc44-4d26-9e3b-546128cc6fee,function_execution_time,1779111143.1603336,0.000055785
experiment_name,c6d8d533-6d04-4a21-9d60-3e7755ff3602,function_execution_time,1779111142.148265,0.000083416
experiment_name,c6d8d533-6d04-4a21-9d60-3e7755ff3602,function_execution_time,1779111142.2494626,0.000083206
experiment_name,c6d8d533-6d04-4a21-9d60-3e7755ff3602,function_execution_time,1779111142.3497431,0.000066822
experiment_name,c6d8d533-6d04-4a21-9d60-3e7755ff3602,function_execution_time,1779111142.4510736,0.000077749
experiment_name,c6d8d533-6d04-4a21-9d60-3e7755ff3602,function_execution_time,1779111142.552304,0.000067356
experiment_name,c6d8d533-6d04-4a21-9d60-3e7755ff3602,function_execution_time,1779111142.6536605,0.000068501
experiment_name,c6d8d533-6d04-4a21-9d60-3e7755ff3602,function_execution_time,1779111142.754966,0.000069273
experiment_name,c6d8d533-6d04-4a21-9d60-3e7755ff3602,function_execution_time,1779111142.8563623,0.000083028
experiment_name,c6d8d533-6d04-4a21-9d60-3e7755ff3602,function_execution_time,1779111142.9576182,0.000152484
experiment_name,c6d8d533-6d04-4a21-9d60-3e7755ff3602,function_execution_time,1779111143.0588415,0.000068105
experiment_name,c6d8d533-6d04-4a21-9d60-3e7755ff3602,function_execution_time,1779111143.1601768,0.000076472
experiment_name,5adca94d-bc44-4d26-9e3b-546128cc6fee,function_stop_time,1779111143.2434394,0.000035663
experiment_name,c6d8d533-6d04-4a21-9d60-3e7755ff3602,function_stop_time,1779111143.2438922,0.00003436
experiment_name,c6d8d533-6d04-4a21-9d60-3e7755ff3602,function_transfer_time,1779111142.1481287,0.000021405
experiment_name,c6d8d533-6d04-4a21-9d60-3e7755ff3602,function_transfer_time,1779111142.2493794,0.00003379
experiment_name,c6d8d533-6d04-4a21-9d60-3e7755ff3602,function_transfer_time,1779111142.3496587,0.000021893
experiment_name,c6d8d533-6d04-4a21-9d60-3e7755ff3602,function_transfer_time,1779111142.4509447,0.000021818
experiment_name,c6d8d533-6d04-4a21-9d60-3e7755ff3602,function_transfer_time,1779111142.5522275,0.000074814
experiment_name,c6d8d533-6d04-4a21-9d60-3e7755ff3602,function_transfer_time,1779111142.6535845,0.00008062
experiment_name,c6d8d533-6d04-4a21-9d60-3e7755ff3602,function_transfer_time,1779111142.7548914,0.00007961
experiment_name,c6d8d533-6d04-4a21-9d60-3e7755ff3602,function_transfer_time,1779111142.8562167,0.00007973
experiment_name,c6d8d533-6d04-4a21-9d60-3e7755ff3602,function_transfer_time,1779111142.9574535,0.000027236
experiment_name,c6d8d533-6d04-4a21-9d60-3e7755ff3602,function_transfer_time,1779111143.0587578,0.00002333
experiment_name,c6d8d533-6d04-4a21-9d60-3e7755ff3602,function_transfer_time,1779111143.1601017,0.000075932
experiment_name,5adca94d-bc44-4d26-9e3b-546128cc6fee,function_transfer_time,1779111142.1482923,0.000107516
experiment_name,5adca94d-bc44-4d26-9e3b-546128cc6fee,function_transfer_time,1779111142.2495604,0.00012899
experiment_name,5adca94d-bc44-4d26-9e3b-546128cc6fee,function_transfer_time,1779111142.3498437,0.000130666
experiment_name,5adca94d-bc44-4d26-9e3b-546128cc6fee,function_transfer_time,1779111142.4511023,0.000108691
experiment_name,5adca94d-bc44-4d26-9e3b-546128cc6fee,function_transfer_time,1779111142.5523922,0.00010097
experiment_name,5adca94d-bc44-4d26-9e3b-546128cc6fee,function_transfer_time,1779111142.6537306,0.000049521
experiment_name,5adca94d-bc44-4d26-9e3b-546128cc6fee,function_transfer_time,1779111142.755065,0.000121724
experiment_name,5adca94d-bc44-4d26-9e3b-546128cc6fee,function_transfer_time,1779111142.8563888,0.000114286
experiment_name,5adca94d-bc44-4d26-9e3b-546128cc6fee,function_transfer_time,1779111142.9576132,0.000034573
experiment_name,5adca94d-bc44-4d26-9e3b-546128cc6fee,function_transfer_time,1779111143.058863,0.000053585
experiment_name,5adca94d-bc44-4d26-9e3b-546128cc6fee,function_transfer_time,1779111143.1602778,0.000123384
experiment_name,ff328796-c734-46d4-9f4c-534a7168f5a3,function_stop_time,1779111143.245443,0.000060593
experiment_name,ca1bedbd-0418-4912-a4d0-9b73bef3c413,function_stop_time,1779111143.2444694,0.000082871
