experiment_name,dc9be3ee-538a-4afe-970b-cbd6de4c0976,function_instantiate_time,1779128047.8611012,0.010100028
experiment_name,9ffc2740-2ad6-45f0-9f04-127377a74691,function_instantiate_time,1779128047.7572129,0.010915499
experiment_name,0325d328-7386-459a-9adc-21ce70032ed7,function_instantiate_time,1779128047.757439,0.012177192
experiment_name,dc9be3ee-538a-4afe-970b-cbd6de4c0976,function_init_time,1779128047.861137,0.000039918
experiment_name,9ffc2740-2ad6-45f0-9f04-127377a74691,function_init_time,1779128047.7572398,0.000030193
experiment_name,0325d328-7386-459a-9adc-21ce70032ed7,function_init_time,1779128047.7574787,0.000052315
experiment_name,dc9be3ee-538a-4afe-970b-cbd6de4c0976,function_execution_time,1779128048.398851,0.002499236
experiment_name,dc9be3ee-538a-4afe-970b-cbd6de4c0976,function_execution_time,1779128048.403102,0.001291114
experiment_name,dc9be3ee-538a-4afe-970b-cbd6de4c0976,function_execution_time,1779128048.4187484,0.000915071
experiment_name,dc9be3ee-538a-4afe-970b-cbd6de4c0976,function_execution_time,1779128048.4278789,0.001393537
experiment_name,dc9be3ee-538a-4afe-970b-cbd6de4c0976,function_execution_time,1779128048.430412,0.001050926
experiment_name,dc9be3ee-538a-4afe-970b-cbd6de4c0976,function_execution_time,1779128048.4432724,0.000990786
experiment_name,dc9be3ee-538a-4afe-970b-cbd6de4c0976,function_execution_time,1779128048.4452074,0.000965912
experiment_name,dc9be3ee-538a-4afe-970b-cbd6de4c0976,function_execution_time,1779128048.461989,0.000904945
experiment_name,dc9be3ee-538a-4afe-970b-cbd6de4c0976,function_execution_time,1779128048.4644032,0.000886549
experiment_name,dc9be3ee-538a-4afe-970b-cbd6de4c0976,function_execution_time,1779128048.4721038,0.00093261
experiment_name,dc9be3ee-538a-4afe-970b-cbd6de4c0976,function_execution_time,1779128048.4825363,0.000926013
experiment_name,dc9be3ee-538a-4afe-970b-cbd6de4c0976,function_execution_time,1779128048.484193,0.001024384
experiment_name,dc9be3ee-538a-4afe-970b-cbd6de4c0976,function_execution_time,1779128048.4925933,0.000943778
experiment_name,dc9be3ee-538a-4afe-970b-cbd6de4c0976,function_execution_time,1779128048.4991584,0.000936586
experiment_name,dc9be3ee-538a-4afe-970b-cbd6de4c0976,function_execution_time,1779128048.5029182,0.003628025
experiment_name,dc9be3ee-538a-4afe-970b-cbd6de4c0976,function_execution_time,1779128048.5039787,0.001050105
experiment_name,dc9be3ee-538a-4afe-970b-cbd6de4c0976,function_execution_time,1779128048.5080059,0.004026768
experiment_name,dc9be3ee-538a-4afe-970b-cbd6de4c0976,function_execution_time,1779128048.5103369,0.001363701
experiment_name,dc9be3ee-538a-4afe-970b-cbd6de4c0976,function_execution_time,1779128048.513126,0.001021381
experiment_name,dc9be3ee-538a-4afe-970b-cbd6de4c0976,function_execution_time,1779128048.5218568,0.002416953
experiment_name,dc9be3ee-538a-4afe-970b-cbd6de4c0976,function_execution_time,1779128048.523163,0.001297855
experiment_name,dc9be3ee-538a-4afe-970b-cbd6de4c0976,function_execution_time,1779128048.5237193,0.000553322
experiment_name,dc9be3ee-538a-4afe-970b-cbd6de4c0976,function_execution_time,1779128048.5300066,0.001093237
experiment_name,dc9be3ee-538a-4afe-970b-cbd6de4c0976,function_execution_time,1779128048.5317175,0.001439589
experiment_name,dc9be3ee-538a-4afe-970b-cbd6de4c0976,function_execution_time,1779128048.5325515,0.00083085
experiment_name,dc9be3ee-538a-4afe-970b-cbd6de4c0976,function_execution_time,1779128048.533491,0.00093443
experiment_name,dc9be3ee-538a-4afe-970b-cbd6de4c0976,function_execution_time,1779128048.5421798,0.000934204
experiment_name,dc9be3ee-538a-4afe-970b-cbd6de4c0976,function_execution_time,1779128048.5436335,0.000971311
experiment_name,dc9be3ee-538a-4afe-970b-cbd6de4c0976,function_execution_time,1779128048.5483224,0.00403883
experiment_name,dc9be3ee-538a-4afe-970b-cbd6de4c0976,function_execution_time,1779128048.5522833,0.003503253
experiment_name,dc9be3ee-538a-4afe-970b-cbd6de4c0976,function_execution_time,1779128048.5536573,0.001369508
experiment_name,dc9be3ee-538a-4afe-970b-cbd6de4c0976,function_execution_time,1779128048.5542784,0.000616871
experiment_name,dc9be3ee-538a-4afe-970b-cbd6de4c0976,function_execution_time,1779128048.5636616,0.001233937
experiment_name,dc9be3ee-538a-4afe-970b-cbd6de4c0976,function_execution_time,1779128048.5642614,0.000592784
experiment_name,dc9be3ee-538a-4afe-970b-cbd6de4c0976,function_execution_time,1779128048.5653298,0.00106435
experiment_name,dc9be3ee-538a-4afe-970b-cbd6de4c0976,function_execution_time,1779128048.568839,0.003507144
experiment_name,dc9be3ee-538a-4afe-970b-cbd6de4c0976,function_execution_time,1779128048.5740442,0.001417623
experiment_name,dc9be3ee-538a-4afe-970b-cbd6de4c0976,function_execution_time,1779128048.575464,0.00140991
experiment_name,dc9be3ee-538a-4afe-970b-cbd6de4c0976,function_execution_time,1779128048.5760758,0.00060789
experiment_name,dc9be3ee-538a-4afe-970b-cbd6de4c0976,function_execution_time,1779128048.584642,0.001087323
experiment_name,dc9be3ee-538a-4afe-970b-cbd6de4c0976,function_execution_time,1779128048.5854123,0.000609518
experiment_name,dc9be3ee-538a-4afe-970b-cbd6de4c0976,function_execution_time,1779128048.585862,0.000601352
experiment_name,dc9be3ee-538a-4afe-970b-cbd6de4c0976,function_execution_time,1779128048.5905957,0.004730111
experiment_name,dc9be3ee-538a-4afe-970b-cbd6de4c0976,function_execution_time,1779128048.5947714,0.001345742
experiment_name,dc9be3ee-538a-4afe-970b-cbd6de4c0976,function_execution_time,1779128048.5958204,0.001043789
experiment_name,dc9be3ee-538a-4afe-970b-cbd6de4c0976,function_execution_time,1779128048.5965183,0.000694064
experiment_name,dc9be3ee-538a-4afe-970b-cbd6de4c0976,function_execution_time,1779128048.6039689,0.004127451
experiment_name,dc9be3ee-538a-4afe-970b-cbd6de4c0976,function_execution_time,1779128048.605129,0.000765004
experiment_name,dc9be3ee-538a-4afe-970b-cbd6de4c0976,function_execution_time,1779128048.608888,0.00375402
experiment_name,dc9be3ee-538a-4afe-970b-cbd6de4c0976,function_execution_time,1779128048.6103802,0.001487091
experiment_name,dc9be3ee-538a-4afe-970b-cbd6de4c0976,function_execution_time,1779128048.615308,0.003429563
experiment_name,dc9be3ee-538a-4afe-970b-cbd6de4c0976,function_execution_time,1779128048.6160243,0.00071173
experiment_name,dc9be3ee-538a-4afe-970b-cbd6de4c0976,function_execution_time,1779128048.6195428,0.003515798
experiment_name,dc9be3ee-538a-4afe-970b-cbd6de4c0976,function_execution_time,1779128048.6209552,0.00140383
experiment_name,dc9be3ee-538a-4afe-970b-cbd6de4c0976,function_execution_time,1779128048.6286407,0.003855497
experiment_name,dc9be3ee-538a-4afe-970b-cbd6de4c0976,function_execution_time,1779128048.6292827,0.000637698
experiment_name,dc9be3ee-538a-4afe-970b-cbd6de4c0976,function_execution_time,1779128048.6331925,0.003898897
experiment_name,dc9be3ee-538a-4afe-970b-cbd6de4c0976,function_execution_time,1779128048.6346161,0.001422475
experiment_name,dc9be3ee-538a-4afe-970b-cbd6de4c0976,function_execution_time,1779128048.6372693,0.002647072
experiment_name,dc9be3ee-538a-4afe-970b-cbd6de4c0976,function_execution_time,1779128048.6409118,0.003637205
experiment_name,dc9be3ee-538a-4afe-970b-cbd6de4c0976,function_execution_time,1779128048.6416519,0.000603309
experiment_name,dc9be3ee-538a-4afe-970b-cbd6de4c0976,function_execution_time,1779128048.642104,0.000580079
experiment_name,dc9be3ee-538a-4afe-970b-cbd6de4c0976,function_execution_time,1779128048.6472118,0.003363971
experiment_name,dc9be3ee-538a-4afe-970b-cbd6de4c0976,function_execution_time,1779128048.6487534,0.001537703
experiment_name,dc9be3ee-538a-4afe-970b-cbd6de4c0976,function_execution_time,1779128048.6495998,0.00084412
experiment_name,dc9be3ee-538a-4afe-970b-cbd6de4c0976,function_execution_time,1779128048.6506782,0.001072798
experiment_name,dc9be3ee-538a-4afe-970b-cbd6de4c0976,function_execution_time,1779128048.658146,0.003532664
experiment_name,dc9be3ee-538a-4afe-970b-cbd6de4c0976,function_execution_time,1779128048.6593401,0.001083796
experiment_name,dc9be3ee-538a-4afe-970b-cbd6de4c0976,function_execution_time,1779128048.6603887,0.001043731
experiment_name,dc9be3ee-538a-4afe-970b-cbd6de4c0976,function_execution_time,1779128048.66876,0.003469775
experiment_name,dc9be3ee-538a-4afe-970b-cbd6de4c0976,function_execution_time,1779128048.6699464,0.000989947
experiment_name,dc9be3ee-538a-4afe-970b-cbd6de4c0976,function_execution_time,1779128048.6713583,0.001516391
experiment_name,dc9be3ee-538a-4afe-970b-cbd6de4c0976,function_execution_time,1779128048.6777966,0.000825936
experiment_name,dc9be3ee-538a-4afe-970b-cbd6de4c0976,function_execution_time,1779128048.6789684,0.001169149
experiment_name,dc9be3ee-538a-4afe-970b-cbd6de4c0976,function_execution_time,1779128048.6884563,0.001304212
experiment_name,dc9be3ee-538a-4afe-970b-cbd6de4c0976,function_execution_time,1779128048.6900227,0.001557402
experiment_name,dc9be3ee-538a-4afe-970b-cbd6de4c0976,function_execution_time,1779128048.6984048,0.001199155
experiment_name,dc9be3ee-538a-4afe-970b-cbd6de4c0976,function_execution_time,1779128048.699777,0.00125941
experiment_name,dc9be3ee-538a-4afe-970b-cbd6de4c0976,function_execution_time,1779128048.7070858,0.001286979
experiment_name,dc9be3ee-538a-4afe-970b-cbd6de4c0976,function_execution_time,1779128048.7134087,0.001142354
experiment_name,dc9be3ee-538a-4afe-970b-cbd6de4c0976,function_execution_time,1779128048.7177346,0.001138512
experiment_name,dc9be3ee-538a-4afe-970b-cbd6de4c0976,function_execution_time,1779128048.723377,0.001162407
experiment_name,dc9be3ee-538a-4afe-970b-cbd6de4c0976,function_execution_time,1779128048.732262,0.001153941
experiment_name,dc9be3ee-538a-4afe-970b-cbd6de4c0976,function_execution_time,1779128048.7374427,0.001152676
experiment_name,dc9be3ee-538a-4afe-970b-cbd6de4c0976,function_execution_time,1779128048.743399,0.000728151
experiment_name,dc9be3ee-538a-4afe-970b-cbd6de4c0976,function_execution_time,1779128048.7448177,0.001458329
experiment_name,dc9be3ee-538a-4afe-970b-cbd6de4c0976,function_execution_time,1779128048.7512844,0.001275367
experiment_name,dc9be3ee-538a-4afe-970b-cbd6de4c0976,function_execution_time,1779128048.7524939,0.001077667
experiment_name,dc9be3ee-538a-4afe-970b-cbd6de4c0976,function_execution_time,1779128048.7626364,0.001067101
experiment_name,dc9be3ee-538a-4afe-970b-cbd6de4c0976,function_execution_time,1779128048.774071,0.001039286
experiment_name,9ffc2740-2ad6-45f0-9f04-127377a74691,function_execution_time,1779128047.9600186,0.000075211
experiment_name,9ffc2740-2ad6-45f0-9f04-127377a74691,function_execution_time,1779128048.0613296,0.000061077
experiment_name,9ffc2740-2ad6-45f0-9f04-127377a74691,function_execution_time,1779128048.1627107,0.000061936
experiment_name,9ffc2740-2ad6-45f0-9f04-127377a74691,function_execution_time,1779128048.2640147,0.000065075
experiment_name,9ffc2740-2ad6-45f0-9f04-127377a74691,function_execution_time,1779128048.3653448,0.000056212
experiment_name,9ffc2740-2ad6-45f0-9f04-127377a74691,function_execution_time,1779128048.4668493,0.000067507
experiment_name,9ffc2740-2ad6-45f0-9f04-127377a74691,function_execution_time,1779128048.5677905,0.000121463
experiment_name,9ffc2740-2ad6-45f0-9f04-127377a74691,function_execution_time,1779128048.668523,0.000150097
experiment_name,9ffc2740-2ad6-45f0-9f04-127377a74691,function_execution_time,1779128048.7698612,0.000059742
experiment_name,9ffc2740-2ad6-45f0-9f04-127377a74691,function_execution_time,1779128048.8705864,0.000057569
experiment_name,9ffc2740-2ad6-45f0-9f04-127377a74691,function_execution_time,1779128048.9717615,0.000072432
experiment_name,9ffc2740-2ad6-45f0-9f04-127377a74691,function_execution_time,1779128049.0730858,0.000058099
experiment_name,9ffc2740-2ad6-45f0-9f04-127377a74691,function_execution_time,1779128049.174402,0.00006504
experiment_name,9ffc2740-2ad6-45f0-9f04-127377a74691,function_execution_time,1779128049.2756314,0.000056351
experiment_name,9ffc2740-2ad6-45f0-9f04-127377a74691,function_execution_time,1779128049.3769648,0.000056565
experiment_name,9ffc2740-2ad6-45f0-9f04-127377a74691,function_execution_time,1779128049.4782891,0.000058436
experiment_name,9ffc2740-2ad6-45f0-9f04-127377a74691,function_execution_time,1779128049.5795884,0.000077859
experiment_name,0325d328-7386-459a-9adc-21ce70032ed7,function_execution_time,1779128047.7575917,0.000080648
experiment_name,0325d328-7386-459a-9adc-21ce70032ed7,function_execution_time,1779128047.8591468,0.000109922
experiment_name,0325d328-7386-459a-9adc-21ce70032ed7,function_execution_time,1779128047.9598472,0.000085796
experiment_name,0325d328-7386-459a-9adc-21ce70032ed7,function_execution_time,1779128048.0611813,0.000073686
experiment_name,0325d328-7386-459a-9adc-21ce70032ed7,function_execution_time,1779128048.162614,0.000083567
experiment_name,0325d328-7386-459a-9adc-21ce70032ed7,function_execution_time,1779128048.2638423,0.000068155
experiment_name,0325d328-7386-459a-9adc-21ce70032ed7,function_execution_time,1779128048.365184,0.000069297
experiment_name,0325d328-7386-459a-9adc-21ce70032ed7,function_execution_time,1779128048.4667103,0.000103919
experiment_name,0325d328-7386-459a-9adc-21ce70032ed7,function_execution_time,1779128048.56769,0.000119397
experiment_name,0325d328-7386-459a-9adc-21ce70032ed7,function_execution_time,1779128048.668472,0.000171484
experiment_name,0325d328-7386-459a-9adc-21ce70032ed7,function_execution_time,1779128048.7697961,0.000073139
experiment_name,0325d328-7386-459a-9adc-21ce70032ed7,function_execution_time,1779128048.8704934,0.000087175
experiment_name,0325d328-7386-459a-9adc-21ce70032ed7,function_execution_time,1779128048.9716995,0.000100746
experiment_name,0325d328-7386-459a-9adc-21ce70032ed7,function_execution_time,1779128049.073001,0.000083438
experiment_name,0325d328-7386-459a-9adc-21ce70032ed7,function_execution_time,1779128049.174314,0.000068156
experiment_name,0325d328-7386-459a-9adc-21ce70032ed7,function_execution_time,1779128049.2755775,0.000083314
experiment_name,0325d328-7386-459a-9adc-21ce70032ed7,function_execution_time,1779128049.3768928,0.000069852
experiment_name,0325d328-7386-459a-9adc-21ce70032ed7,function_execution_time,1779128049.4782052,0.000075942
experiment_name,0325d328-7386-459a-9adc-21ce70032ed7,function_execution_time,1779128049.5795343,0.000120696
experiment_name,dc9be3ee-538a-4afe-970b-cbd6de4c0976,function_transfer_time,1779128048.3963482,0.013150566
experiment_name,dc9be3ee-538a-4afe-970b-cbd6de4c0976,function_transfer_time,1779128048.401805,0.01104072
experiment_name,dc9be3ee-538a-4afe-970b-cbd6de4c0976,function_transfer_time,1779128048.4178674,0.019548122
experiment_name,dc9be3ee-538a-4afe-970b-cbd6de4c0976,function_transfer_time,1779128048.4264855,0.035515155
experiment_name,dc9be3ee-538a-4afe-970b-cbd6de4c0976,function_transfer_time,1779128048.4293594,0.025601065
experiment_name,dc9be3ee-538a-4afe-970b-cbd6de4c0976,function_transfer_time,1779128048.442278,0.043743086
experiment_name,dc9be3ee-538a-4afe-970b-cbd6de4c0976,function_transfer_time,1779128048.4442453,0.039622577
experiment_name,dc9be3ee-538a-4afe-970b-cbd6de4c0976,function_transfer_time,1779128048.4610722,0.053127733
experiment_name,dc9be3ee-538a-4afe-970b-cbd6de4c0976,function_transfer_time,1779128048.463514,0.053201679
experiment_name,dc9be3ee-538a-4afe-970b-cbd6de4c0976,function_transfer_time,1779128048.471165,0.061827208
experiment_name,dc9be3ee-538a-4afe-970b-cbd6de4c0976,function_transfer_time,1779128048.4816048,0.067031977
experiment_name,dc9be3ee-538a-4afe-970b-cbd6de4c0976,function_transfer_time,1779128048.4831734,0.080317233
experiment_name,dc9be3ee-538a-4afe-970b-cbd6de4c0976,function_transfer_time,1779128048.4916408,0.076760628
experiment_name,dc9be3ee-538a-4afe-970b-cbd6de4c0976,function_transfer_time,1779128048.4982176,0.073543767
experiment_name,dc9be3ee-538a-4afe-970b-cbd6de4c0976,function_transfer_time,1779128048.4992836,0.0001086
experiment_name,dc9be3ee-538a-4afe-970b-cbd6de4c0976,function_transfer_time,1779128048.5029225,0.079234947
experiment_name,dc9be3ee-538a-4afe-970b-cbd6de4c0976,function_transfer_time,1779128048.5039802,0.000732984
experiment_name,dc9be3ee-538a-4afe-970b-cbd6de4c0976,function_transfer_time,1779128048.5089705,0.080026796
experiment_name,dc9be3ee-538a-4afe-970b-cbd6de4c0976,function_transfer_time,1779128048.5121028,0.080371224
experiment_name,dc9be3ee-538a-4afe-970b-cbd6de4c0976,function_transfer_time,1779128048.5194395,0.000115444
experiment_name,dc9be3ee-538a-4afe-970b-cbd6de4c0976,function_transfer_time,1779128048.5218582,0.087866819
experiment_name,dc9be3ee-538a-4afe-970b-cbd6de4c0976,function_transfer_time,1779128048.523164,0.091349768
experiment_name,dc9be3ee-538a-4afe-970b-cbd6de4c0976,function_transfer_time,1779128048.5289094,0.00013607
experiment_name,dc9be3ee-538a-4afe-970b-cbd6de4c0976,function_transfer_time,1779128048.530274,0.089970353
experiment_name,dc9be3ee-538a-4afe-970b-cbd6de4c0976,function_transfer_time,1779128048.5317192,0.000522505
experiment_name,dc9be3ee-538a-4afe-970b-cbd6de4c0976,function_transfer_time,1779128048.5325525,0.094323342
experiment_name,dc9be3ee-538a-4afe-970b-cbd6de4c0976,function_transfer_time,1779128048.5412412,0.090427029
experiment_name,dc9be3ee-538a-4afe-970b-cbd6de4c0976,function_transfer_time,1779128048.5426586,0.102313397
experiment_name,dc9be3ee-538a-4afe-970b-cbd6de4c0976,function_transfer_time,1779128048.5442755,0.000123076
experiment_name,dc9be3ee-538a-4afe-970b-cbd6de4c0976,function_transfer_time,1779128048.548783,0.002350373
experiment_name,dc9be3ee-538a-4afe-970b-cbd6de4c0976,function_transfer_time,1779128048.552285,0.095149351
experiment_name,dc9be3ee-538a-4afe-970b-cbd6de4c0976,function_transfer_time,1779128048.5536585,0.108349374
experiment_name,dc9be3ee-538a-4afe-970b-cbd6de4c0976,function_transfer_time,1779128048.5624256,0.000111676
experiment_name,dc9be3ee-538a-4afe-970b-cbd6de4c0976,function_transfer_time,1779128048.5636656,0.10525333
experiment_name,dc9be3ee-538a-4afe-970b-cbd6de4c0976,function_transfer_time,1779128048.5642643,0.116645798
experiment_name,dc9be3ee-538a-4afe-970b-cbd6de4c0976,function_transfer_time,1779128048.565331,0.000140821
experiment_name,dc9be3ee-538a-4afe-970b-cbd6de4c0976,function_transfer_time,1779128048.5726252,0.000457787
experiment_name,dc9be3ee-538a-4afe-970b-cbd6de4c0976,function_transfer_time,1779128048.5740452,0.107697192
experiment_name,dc9be3ee-538a-4afe-970b-cbd6de4c0976,function_transfer_time,1779128048.5754654,0.126956873
experiment_name,dc9be3ee-538a-4afe-970b-cbd6de4c0976,function_transfer_time,1779128048.5835557,0.000115015
experiment_name,dc9be3ee-538a-4afe-970b-cbd6de4c0976,function_transfer_time,1779128048.584644,0.116298463
experiment_name,dc9be3ee-538a-4afe-970b-cbd6de4c0976,function_transfer_time,1779128048.5854132,0.135210619
experiment_name,dc9be3ee-538a-4afe-970b-cbd6de4c0976,function_transfer_time,1779128048.5858638,0.000633714
experiment_name,dc9be3ee-538a-4afe-970b-cbd6de4c0976,function_transfer_time,1779128048.5934262,0.000136773
experiment_name,dc9be3ee-538a-4afe-970b-cbd6de4c0976,function_transfer_time,1779128048.5947723,0.138840568
experiment_name,dc9be3ee-538a-4afe-970b-cbd6de4c0976,function_transfer_time,1779128048.5958219,0.131309193
experiment_name,dc9be3ee-538a-4afe-970b-cbd6de4c0976,function_transfer_time,1779128048.5998397,0.000480832
experiment_name,dc9be3ee-538a-4afe-970b-cbd6de4c0976,function_transfer_time,1779128048.6043584,0.151177556
experiment_name,dc9be3ee-538a-4afe-970b-cbd6de4c0976,function_transfer_time,1779128048.6051302,0.000849177
experiment_name,dc9be3ee-538a-4afe-970b-cbd6de4c0976,function_transfer_time,1779128048.608889,0.139861046
experiment_name,dc9be3ee-538a-4afe-970b-cbd6de4c0976,function_transfer_time,1779128048.6118712,0.00055
experiment_name,dc9be3ee-538a-4afe-970b-cbd6de4c0976,function_transfer_time,1779128048.6153095,0.158381414
experiment_name,dc9be3ee-538a-4afe-970b-cbd6de4c0976,function_transfer_time,1779128048.616026,0.002768743
experiment_name,dc9be3ee-538a-4afe-970b-cbd6de4c0976,function_transfer_time,1779128048.6195438,0.141053469
experiment_name,dc9be3ee-538a-4afe-970b-cbd6de4c0976,function_transfer_time,1779128048.6247811,0.000453696
experiment_name,dc9be3ee-538a-4afe-970b-cbd6de4c0976,function_transfer_time,1779128048.628642,0.170416867
experiment_name,dc9be3ee-538a-4afe-970b-cbd6de4c0976,function_transfer_time,1779128048.6292841,0.004947031
experiment_name,dc9be3ee-538a-4afe-970b-cbd6de4c0976,function_transfer_time,1779128048.6331937,0.153151254
experiment_name,dc9be3ee-538a-4afe-970b-cbd6de4c0976,function_transfer_time,1779128048.6346176,0.002420341
experiment_name,dc9be3ee-538a-4afe-970b-cbd6de4c0976,function_transfer_time,1779128048.6372707,0.002788195
experiment_name,dc9be3ee-538a-4afe-970b-cbd6de4c0976,function_transfer_time,1779128048.6409135,0.180874811
experiment_name,dc9be3ee-538a-4afe-970b-cbd6de4c0976,function_transfer_time,1779128048.6416528,0.159709677
experiment_name,dc9be3ee-538a-4afe-970b-cbd6de4c0976,function_transfer_time,1779128048.6438384,0.000135489
experiment_name,dc9be3ee-538a-4afe-970b-cbd6de4c0976,function_transfer_time,1779128048.6472132,0.189790617
experiment_name,dc9be3ee-538a-4afe-970b-cbd6de4c0976,function_transfer_time,1779128048.6487546,0.004451636
experiment_name,dc9be3ee-538a-4afe-970b-cbd6de4c0976,function_transfer_time,1779128048.6496022,0.162468665
experiment_name,dc9be3ee-538a-4afe-970b-cbd6de4c0976,function_transfer_time,1779128048.654611,0.000108358
experiment_name,dc9be3ee-538a-4afe-970b-cbd6de4c0976,function_transfer_time,1779128048.6582527,0.002981266
experiment_name,dc9be3ee-538a-4afe-970b-cbd6de4c0976,function_transfer_time,1779128048.659341,0.171102648
experiment_name,dc9be3ee-538a-4afe-970b-cbd6de4c0976,function_transfer_time,1779128048.665287,0.000114665
experiment_name,dc9be3ee-538a-4afe-970b-cbd6de4c0976,function_transfer_time,1779128048.6688461,0.002161039
experiment_name,dc9be3ee-538a-4afe-970b-cbd6de4c0976,function_transfer_time,1779128048.6699471,0.181420922
experiment_name,dc9be3ee-538a-4afe-970b-cbd6de4c0976,function_transfer_time,1779128048.6769707,0.000116861
experiment_name,dc9be3ee-538a-4afe-970b-cbd6de4c0976,function_transfer_time,1779128048.6777978,0.00094171
experiment_name,dc9be3ee-538a-4afe-970b-cbd6de4c0976,function_transfer_time,1779128048.6871495,0.000111512
experiment_name,dc9be3ee-538a-4afe-970b-cbd6de4c0976,function_transfer_time,1779128048.6884577,0.001417616
experiment_name,dc9be3ee-538a-4afe-970b-cbd6de4c0976,function_transfer_time,1779128048.6972003,0.000101486
experiment_name,dc9be3ee-538a-4afe-970b-cbd6de4c0976,function_transfer_time,1779128048.6984074,0.001214513
experiment_name,dc9be3ee-538a-4afe-970b-cbd6de4c0976,function_transfer_time,1779128048.7058003,0.000097365
experiment_name,dc9be3ee-538a-4afe-970b-cbd6de4c0976,function_transfer_time,1779128048.712265,0.000106868
experiment_name,dc9be3ee-538a-4afe-970b-cbd6de4c0976,function_transfer_time,1779128048.7165504,0.000101665
experiment_name,dc9be3ee-538a-4afe-970b-cbd6de4c0976,function_transfer_time,1779128048.7222166,0.000485963
experiment_name,dc9be3ee-538a-4afe-970b-cbd6de4c0976,function_transfer_time,1779128048.7309804,0.000482145
experiment_name,dc9be3ee-538a-4afe-970b-cbd6de4c0976,function_transfer_time,1779128048.736287,0.000112711
experiment_name,dc9be3ee-538a-4afe-970b-cbd6de4c0976,function_transfer_time,1779128048.7426221,0.000110037
experiment_name,dc9be3ee-538a-4afe-970b-cbd6de4c0976,function_transfer_time,1779128048.7433999,0.000838957
experiment_name,dc9be3ee-538a-4afe-970b-cbd6de4c0976,function_transfer_time,1779128048.7500095,0.00011404
experiment_name,dc9be3ee-538a-4afe-970b-cbd6de4c0976,function_transfer_time,1779128048.7513638,0.000136439
experiment_name,dc9be3ee-538a-4afe-970b-cbd6de4c0976,function_transfer_time,1779128048.7615676,0.000095678
experiment_name,dc9be3ee-538a-4afe-970b-cbd6de4c0976,function_transfer_time,1779128048.7730298,0.000099405
experiment_name,0325d328-7386-459a-9adc-21ce70032ed7,function_transfer_time,1779128047.7575035,0.000027744
experiment_name,0325d328-7386-459a-9adc-21ce70032ed7,function_transfer_time,1779128047.8590248,0.000027344
experiment_name,0325d328-7386-459a-9adc-21ce70032ed7,function_transfer_time,1779128047.959762,0.000038119
experiment_name,0325d328-7386-459a-9adc-21ce70032ed7,function_transfer_time,1779128048.0610943,0.000085825
experiment_name,0325d328-7386-459a-9adc-21ce70032ed7,function_transfer_time,1779128048.1624565,0.00009483
experiment_name,0325d328-7386-459a-9adc-21ce70032ed7,function_transfer_time,1779128048.2637627,0.000080168
experiment_name,0325d328-7386-459a-9adc-21ce70032ed7,function_transfer_time,1779128048.3650982,0.000083196
experiment_name,0325d328-7386-459a-9adc-21ce70032ed7,function_transfer_time,1779128048.4666042,0.00003107
experiment_name,0325d328-7386-459a-9adc-21ce70032ed7,function_transfer_time,1779128048.5675635,0.000088019
experiment_name,0325d328-7386-459a-9adc-21ce70032ed7,function_transfer_time,1779128048.6682968,0.000017603
experiment_name,0325d328-7386-459a-9adc-21ce70032ed7,function_transfer_time,1779128048.7697184,0.000014331
experiment_name,0325d328-7386-459a-9adc-21ce70032ed7,function_transfer_time,1779128048.870343,0.000087904
experiment_name,0325d328-7386-459a-9adc-21ce70032ed7,function_transfer_time,1779128048.9715972,0.000025948
experiment_name,0325d328-7386-459a-9adc-21ce70032ed7,function_transfer_time,1779128049.072919,0.000082793
experiment_name,0325d328-7386-459a-9adc-21ce70032ed7,function_transfer_time,1779128049.1742346,0.00008237
experiment_name,0325d328-7386-459a-9adc-21ce70032ed7,function_transfer_time,1779128049.2754884,0.000020333
experiment_name,0325d328-7386-459a-9adc-21ce70032ed7,function_transfer_time,1779128049.3768055,0.000081627
experiment_name,0325d328-7386-459a-9adc-21ce70032ed7,function_transfer_time,1779128049.4781213,0.00008197
experiment_name,0325d328-7386-459a-9adc-21ce70032ed7,function_transfer_time,1779128049.5794132,0.000030758
experiment_name,9ffc2740-2ad6-45f0-9f04-127377a74691,function_transfer_time,1779128047.9599493,0.000121389
experiment_name,9ffc2740-2ad6-45f0-9f04-127377a74691,function_transfer_time,1779128048.0612667,0.000120102
experiment_name,9ffc2740-2ad6-45f0-9f04-127377a74691,function_transfer_time,1779128048.1626413,0.000124906
experiment_name,9ffc2740-2ad6-45f0-9f04-127377a74691,function_transfer_time,1779128048.2639492,0.000133575
experiment_name,9ffc2740-2ad6-45f0-9f04-127377a74691,function_transfer_time,1779128048.3652878,0.000136106
experiment_name,9ffc2740-2ad6-45f0-9f04-127377a74691,function_transfer_time,1779128048.46677,0.000101711
experiment_name,9ffc2740-2ad6-45f0-9f04-127377a74691,function_transfer_time,1779128048.56766,0.000030255
experiment_name,9ffc2740-2ad6-45f0-9f04-127377a74691,function_transfer_time,1779128048.6683633,0.00001742
experiment_name,9ffc2740-2ad6-45f0-9f04-127377a74691,function_transfer_time,1779128048.7697942,0.000027717
experiment_name,9ffc2740-2ad6-45f0-9f04-127377a74691,function_transfer_time,1779128048.8705204,0.000119427
experiment_name,9ffc2740-2ad6-45f0-9f04-127377a74691,function_transfer_time,1779128048.97169,0.000031303
experiment_name,9ffc2740-2ad6-45f0-9f04-127377a74691,function_transfer_time,1779128049.0730832,0.000050816
experiment_name,9ffc2740-2ad6-45f0-9f04-127377a74691,function_transfer_time,1779128049.1743894,0.000048927
experiment_name,9ffc2740-2ad6-45f0-9f04-127377a74691,function_transfer_time,1779128049.2755747,0.000029292
experiment_name,9ffc2740-2ad6-45f0-9f04-127377a74691,function_transfer_time,1779128049.3769624,0.000056224
experiment_name,9ffc2740-2ad6-45f0-9f04-127377a74691,function_transfer_time,1779128049.4782765,0.000049718
experiment_name,9ffc2740-2ad6-45f0-9f04-127377a74691,function_transfer_time,1779128049.5795138,0.000029623
experiment_name,8660eb77-2ee7-4139-8904-5f86d92d47ed,function_instantiate_time,1779128048.4419186,0.666169734
experiment_name,6970be16-158e-4728-bed7-6e904471709a,function_instantiate_time,1779128048.4018738,0.576620777
experiment_name,45e948e3-5d07-454f-9d29-3ca5ead6f553,function_instantiate_time,1779128048.4276385,0.629519441
experiment_name,45e50052-5daf-46c5-8448-853b8f050723,function_instantiate_time,1779128048.4420793,0.690546366
experiment_name,f839e2c9-59cb-4258-a158-ccb86e64c59f,function_instantiate_time,1779128048.4437704,0.66004282
experiment_name,410fd64b-d22a-45cc-b3f2-fcb44a965d79,function_instantiate_time,1779128048.3998394,0.548985973
experiment_name,c5cdda7d-7de3-4282-b42a-a97606c1bab1,function_instantiate_time,1779128048.427655,0.619095536
experiment_name,41d24e27-c680-421f-9e5c-cd483d485702,function_instantiate_time,1779128048.4366083,0.637973704
experiment_name,96dab309-b387-463d-b012-99d02e6ee0d3,function_instantiate_time,1779128048.3997984,0.550511373
experiment_name,ef82a1cf-4345-4477-8d0d-d2c178d1a85c,function_instantiate_time,1779128048.393474,0.546052638
experiment_name,dac283c0-b7d8-4388-b705-35e38ea312d1,function_instantiate_time,1779128048.4169936,0.604209913
experiment_name,31b07448-6f8c-416d-81e9-5022c8af836c,function_instantiate_time,1779128048.4419143,0.674437995
experiment_name,290789e5-bd4b-47c8-a29d-648284b942e9,function_instantiate_time,1779128048.4394686,0.653285329
experiment_name,5d6b5c78-c0b3-4b83-ad55-c0fdf2ebf850,function_instantiate_time,1779128048.4444244,0.683671171
experiment_name,eccedbdf-4ec0-4d19-9183-c754ad02056d,function_instantiate_time,1779128048.442083,0.679493104
experiment_name,c4836ee4-2217-45a6-8aa9-45ebda4d9667,function_instantiate_time,1779128048.443166,0.669931223
experiment_name,335187fa-9e6f-4164-af78-28459c1f9606,function_instantiate_time,1779128048.3998318,0.561222206
experiment_name,7dfa732b-7b02-4fe6-b9be-7a162fbc2993,function_instantiate_time,1779128048.4394653,0.647545067
experiment_name,398a0b12-64ae-40b5-9933-f56fa0cb2dfa,function_instantiate_time,1779128048.4335086,0.626876626
experiment_name,3fb53070-717f-40ef-bad7-bb8e9cf77bca,function_instantiate_time,1779128048.4169097,0.598182408
experiment_name,f2e0b6a2-df74-4de9-9cc0-f10207ea8935,function_instantiate_time,1779128048.410174,0.568569424
experiment_name,342d3197-74d6-4e61-b964-ddb33c3b574b,function_instantiate_time,1779128048.388687,0.534939523
experiment_name,761aa630-252a-44b1-9a3f-c8e0bf11c418,function_instantiate_time,1779128048.4110854,0.579632131
experiment_name,8660eb77-2ee7-4139-8904-5f86d92d47ed,function_init_time,1779128048.4443507,0.002489703
experiment_name,96dab309-b387-463d-b012-99d02e6ee0d3,function_init_time,1779128048.399818,0.000595504
experiment_name,761aa630-252a-44b1-9a3f-c8e0bf11c418,function_init_time,1779128048.4120507,0.000986451
experiment_name,335187fa-9e6f-4164-af78-28459c1f9606,function_init_time,1779128048.400085,0.000959747
experiment_name,ef82a1cf-4345-4477-8d0d-d2c178d1a85c,function_init_time,1779128048.3934827,0.000337187
experiment_name,f2e0b6a2-df74-4de9-9cc0-f10207ea8935,function_init_time,1779128048.4101796,0.001587363
experiment_name,45e948e3-5d07-454f-9d29-3ca5ead6f553,function_init_time,1779128048.4276516,0.000552726
experiment_name,f839e2c9-59cb-4258-a158-ccb86e64c59f,function_init_time,1779128048.4443483,0.000524652
experiment_name,398a0b12-64ae-40b5-9933-f56fa0cb2dfa,function_init_time,1779128048.4335167,0.00031391
experiment_name,c4836ee4-2217-45a6-8aa9-45ebda4d9667,function_init_time,1779128048.443817,0.001521918
experiment_name,c5cdda7d-7de3-4282-b42a-a97606c1bab1,function_init_time,1779128048.4307666,0.001958847
experiment_name,6970be16-158e-4728-bed7-6e904471709a,function_init_time,1779128048.4101987,0.003927435
experiment_name,41d24e27-c680-421f-9e5c-cd483d485702,function_init_time,1779128048.4461343,0.009251527
experiment_name,410fd64b-d22a-45cc-b3f2-fcb44a965d79,function_init_time,1779128048.4102094,0.006504953
experiment_name,342d3197-74d6-4e61-b964-ddb33c3b574b,function_init_time,1779128048.389243,0.000481078
experiment_name,45e50052-5daf-46c5-8448-853b8f050723,function_init_time,1779128048.4439344,0.001873642
experiment_name,dac283c0-b7d8-4388-b705-35e38ea312d1,function_init_time,1779128048.4182315,0.00056956
experiment_name,3fb53070-717f-40ef-bad7-bb8e9cf77bca,function_init_time,1779128048.4181888,0.000414299
experiment_name,290789e5-bd4b-47c8-a29d-648284b942e9,function_init_time,1779128048.443675,0.002817316
experiment_name,7dfa732b-7b02-4fe6-b9be-7a162fbc2993,function_init_time,1779128048.4431832,0.003412246
experiment_name,31b07448-6f8c-416d-81e9-5022c8af836c,function_init_time,1779128048.4524293,0.010574592
experiment_name,eccedbdf-4ec0-4d19-9183-c754ad02056d,function_init_time,1779128048.4524384,0.010360183
experiment_name,5d6b5c78-c0b3-4b83-ad55-c0fdf2ebf850,function_init_time,1779128048.4515464,0.002032181
experiment_name,dac283c0-b7d8-4388-b705-35e38ea312d1,function_execution_time,1779128048.5054305,0.087120773
experiment_name,dac283c0-b7d8-4388-b705-35e38ea312d1,function_execution_time,1779128048.6101344,0.000290465
experiment_name,3fb53070-717f-40ef-bad7-bb8e9cf77bca,function_execution_time,1779128048.52575,0.09790383
experiment_name,3fb53070-717f-40ef-bad7-bb8e9cf77bca,function_execution_time,1779128048.6300473,0.000296742
experiment_name,342d3197-74d6-4e61-b964-ddb33c3b574b,function_execution_time,1779128048.4105833,0.021218259
experiment_name,342d3197-74d6-4e61-b964-ddb33c3b574b,function_execution_time,1779128048.508473,0.000343854
experiment_name,410fd64b-d22a-45cc-b3f2-fcb44a965d79,function_execution_time,1779128048.4853003,0.073117047
experiment_name,410fd64b-d22a-45cc-b3f2-fcb44a965d79,function_execution_time,1779128048.588406,0.0004213
experiment_name,6970be16-158e-4728-bed7-6e904471709a,function_execution_time,1779128048.4749115,0.069012869
experiment_name,6970be16-158e-4728-bed7-6e904471709a,function_execution_time,1779128048.5779383,0.000453725
experiment_name,f839e2c9-59cb-4258-a158-ccb86e64c59f,function_execution_time,1779128048.556429,0.112031206
experiment_name,f839e2c9-59cb-4258-a158-ccb86e64c59f,function_execution_time,1779128048.6629674,0.000278094
experiment_name,c4836ee4-2217-45a6-8aa9-45ebda4d9667,function_execution_time,1779128048.5875084,0.143567426
experiment_name,c4836ee4-2217-45a6-8aa9-45ebda4d9667,function_execution_time,1779128048.6917732,0.000271947
experiment_name,31b07448-6f8c-416d-81e9-5022c8af836c,function_execution_time,1779128048.6188972,0.166454197
experiment_name,31b07448-6f8c-416d-81e9-5022c8af836c,function_execution_time,1779128048.7213042,0.000278854
experiment_name,eccedbdf-4ec0-4d19-9183-c754ad02056d,function_execution_time,1779128048.6390624,0.186391058
experiment_name,eccedbdf-4ec0-4d19-9183-c754ad02056d,function_execution_time,1779128048.7484841,0.000275965
experiment_name,ef82a1cf-4345-4477-8d0d-d2c178d1a85c,function_execution_time,1779128048.4261632,0.031844481
experiment_name,ef82a1cf-4345-4477-8d0d-d2c178d1a85c,function_execution_time,1779128048.5238645,0.000290113
experiment_name,41d24e27-c680-421f-9e5c-cd483d485702,function_execution_time,1779128048.649195,0.20324799
experiment_name,41d24e27-c680-421f-9e5c-cd483d485702,function_execution_time,1779128048.7549005,0.000282243
experiment_name,8660eb77-2ee7-4139-8904-5f86d92d47ed,function_execution_time,1779128048.597708,0.153335254
experiment_name,8660eb77-2ee7-4139-8904-5f86d92d47ed,function_execution_time,1779128048.7019892,0.000263965
experiment_name,761aa630-252a-44b1-9a3f-c8e0bf11c418,function_execution_time,1779128048.4953423,0.083225302
experiment_name,761aa630-252a-44b1-9a3f-c8e0bf11c418,function_execution_time,1779128048.598493,0.000394095
experiment_name,335187fa-9e6f-4164-af78-28459c1f9606,function_execution_time,1779128048.4343657,0.033680234
experiment_name,335187fa-9e6f-4164-af78-28459c1f9606,function_execution_time,1779128048.5364492,0.000463318
experiment_name,45e948e3-5d07-454f-9d29-3ca5ead6f553,function_execution_time,1779128048.5157812,0.088030336
experiment_name,45e948e3-5d07-454f-9d29-3ca5ead6f553,function_execution_time,1779128048.6205075,0.000301724
experiment_name,290789e5-bd4b-47c8-a29d-648284b942e9,function_execution_time,1779128048.5664825,0.122835171
experiment_name,290789e5-bd4b-47c8-a29d-648284b942e9,function_execution_time,1779128048.6732907,0.000271927
experiment_name,45e50052-5daf-46c5-8448-853b8f050723,function_execution_time,1779128048.6288533,0.184888455
experiment_name,45e50052-5daf-46c5-8448-853b8f050723,function_execution_time,1779128048.735743,0.000275483
experiment_name,c5cdda7d-7de3-4282-b42a-a97606c1bab1,function_execution_time,1779128048.5364463,0.102118211
experiment_name,c5cdda7d-7de3-4282-b42a-a97606c1bab1,function_execution_time,1779128048.6417565,0.000288558
experiment_name,7dfa732b-7b02-4fe6-b9be-7a162fbc2993,function_execution_time,1779128048.6079745,0.164718851
experiment_name,7dfa732b-7b02-4fe6-b9be-7a162fbc2993,function_execution_time,1779128048.7106812,0.000263131
experiment_name,5d6b5c78-c0b3-4b83-ad55-c0fdf2ebf850,function_execution_time,1779128048.5773888,0.130676651
experiment_name,5d6b5c78-c0b3-4b83-ad55-c0fdf2ebf850,function_execution_time,1779128048.6814086,0.000275576
experiment_name,f2e0b6a2-df74-4de9-9cc0-f10207ea8935,function_execution_time,1779128048.4648042,0.060261605
experiment_name,f2e0b6a2-df74-4de9-9cc0-f10207ea8935,function_execution_time,1779128048.5674102,0.000375614
experiment_name,398a0b12-64ae-40b5-9933-f56fa0cb2dfa,function_execution_time,1779128048.546367,0.111892353
experiment_name,398a0b12-64ae-40b5-9933-f56fa0cb2dfa,function_execution_time,1779128048.6532094,0.000260909
experiment_name,96dab309-b387-463d-b012-99d02e6ee0d3,function_execution_time,1779128048.4528956,0.050601815
experiment_name,96dab309-b387-463d-b012-99d02e6ee0d3,function_execution_time,1779128048.5535903,0.000281742
experiment_name,398a0b12-64ae-40b5-9933-f56fa0cb2dfa,function_transfer_time,1779128048.4344337,0.001029471
experiment_name,398a0b12-64ae-40b5-9933-f56fa0cb2dfa,function_transfer_time,1779128048.652944,0.003667676
experiment_name,6970be16-158e-4728-bed7-6e904471709a,function_transfer_time,1779128048.4102025,0.000276965
experiment_name,6970be16-158e-4728-bed7-6e904471709a,function_transfer_time,1779128048.5777874,0.004019113
experiment_name,96dab309-b387-463d-b012-99d02e6ee0d3,function_transfer_time,1779128048.402284,0.00567441
experiment_name,96dab309-b387-463d-b012-99d02e6ee0d3,function_transfer_time,1779128048.5532851,0.003665134
experiment_name,342d3197-74d6-4e61-b964-ddb33c3b574b,function_transfer_time,1779128048.3892481,0.000077056
experiment_name,342d3197-74d6-4e61-b964-ddb33c3b574b,function_transfer_time,1779128048.5081265,0.003724781
experiment_name,f839e2c9-59cb-4258-a158-ccb86e64c59f,function_transfer_time,1779128048.444383,0.000101519
experiment_name,f839e2c9-59cb-4258-a158-ccb86e64c59f,function_transfer_time,1779128048.662667,0.003642277
experiment_name,7dfa732b-7b02-4fe6-b9be-7a162fbc2993,function_transfer_time,1779128048.4434106,0.000648671
experiment_name,7dfa732b-7b02-4fe6-b9be-7a162fbc2993,function_transfer_time,1779128048.7104282,0.003643107
experiment_name,5d6b5c78-c0b3-4b83-ad55-c0fdf2ebf850,function_transfer_time,1779128048.4515595,0.000070389
experiment_name,5d6b5c78-c0b3-4b83-ad55-c0fdf2ebf850,function_transfer_time,1779128048.681149,0.003664901
experiment_name,31b07448-6f8c-416d-81e9-5022c8af836c,function_transfer_time,1779128048.4524336,0.000071538
experiment_name,31b07448-6f8c-416d-81e9-5022c8af836c,function_transfer_time,1779128048.721022,0.003658298
experiment_name,290789e5-bd4b-47c8-a29d-648284b942e9,function_transfer_time,1779128048.4436836,0.000501837
experiment_name,290789e5-bd4b-47c8-a29d-648284b942e9,function_transfer_time,1779128048.6730142,0.00366077
experiment_name,eccedbdf-4ec0-4d19-9183-c754ad02056d,function_transfer_time,1779128048.4524417,0.000037648
experiment_name,eccedbdf-4ec0-4d19-9183-c754ad02056d,function_transfer_time,1779128048.748206,0.003676548
experiment_name,8660eb77-2ee7-4139-8904-5f86d92d47ed,function_transfer_time,1779128048.4443533,0.001125582
experiment_name,8660eb77-2ee7-4139-8904-5f86d92d47ed,function_transfer_time,1779128048.7017114,0.003691454
experiment_name,c4836ee4-2217-45a6-8aa9-45ebda4d9667,function_transfer_time,1779128048.4439054,0.000170446
experiment_name,c4836ee4-2217-45a6-8aa9-45ebda4d9667,function_transfer_time,1779128048.6914966,0.003666126
experiment_name,761aa630-252a-44b1-9a3f-c8e0bf11c418,function_transfer_time,1779128048.4120781,0.000113501
experiment_name,761aa630-252a-44b1-9a3f-c8e0bf11c418,function_transfer_time,1779128048.5981002,0.003884296
experiment_name,f2e0b6a2-df74-4de9-9cc0-f10207ea8935,function_transfer_time,1779128048.4101825,0.000322317
experiment_name,f2e0b6a2-df74-4de9-9cc0-f10207ea8935,function_transfer_time,1779128048.5670235,0.004134913
experiment_name,c5cdda7d-7de3-4282-b42a-a97606c1bab1,function_transfer_time,1779128048.4343708,0.006399397
experiment_name,c5cdda7d-7de3-4282-b42a-a97606c1bab1,function_transfer_time,1779128048.6414444,0.00372104
experiment_name,dac283c0-b7d8-4388-b705-35e38ea312d1,function_transfer_time,1779128048.4182785,0.000664208
experiment_name,dac283c0-b7d8-4388-b705-35e38ea312d1,function_transfer_time,1779128048.6097584,0.003701562
experiment_name,410fd64b-d22a-45cc-b3f2-fcb44a965d79,function_transfer_time,1779128048.4121785,0.006137395
experiment_name,410fd64b-d22a-45cc-b3f2-fcb44a965d79,function_transfer_time,1779128048.5880067,0.003840012
experiment_name,ef82a1cf-4345-4477-8d0d-d2c178d1a85c,function_transfer_time,1779128048.3935301,0.000345354
experiment_name,ef82a1cf-4345-4477-8d0d-d2c178d1a85c,function_transfer_time,1779128048.5235727,0.003708622
experiment_name,41d24e27-c680-421f-9e5c-cd483d485702,function_transfer_time,1779128048.4461477,0.001688438
experiment_name,41d24e27-c680-421f-9e5c-cd483d485702,function_transfer_time,1779128048.7546294,0.00366814
experiment_name,3fb53070-717f-40ef-bad7-bb8e9cf77bca,function_transfer_time,1779128048.428287,0.010557832
experiment_name,3fb53070-717f-40ef-bad7-bb8e9cf77bca,function_transfer_time,1779128048.6297562,0.00411911
experiment_name,335187fa-9e6f-4164-af78-28459c1f9606,function_transfer_time,1779128048.4000893,0.000240428
experiment_name,335187fa-9e6f-4164-af78-28459c1f9606,function_transfer_time,1779128048.5358624,0.003705281
experiment_name,45e948e3-5d07-454f-9d29-3ca5ead6f553,function_transfer_time,1779128048.4282727,0.000676801
experiment_name,45e948e3-5d07-454f-9d29-3ca5ead6f553,function_transfer_time,1779128048.6202028,0.003709011
experiment_name,45e50052-5daf-46c5-8448-853b8f050723,function_transfer_time,1779128048.4439373,0.000064093
experiment_name,45e50052-5daf-46c5-8448-853b8f050723,function_transfer_time,1779128048.7354653,0.003650145
experiment_name,89661a95-d258-487c-b49c-6ae4837fd4fe,function_instantiate_time,1779128048.4295154,0.63947481
experiment_name,41e6fb72-d84a-4f87-94c4-35c658df98b6,function_instantiate_time,1779128048.4775586,0.725600343
experiment_name,3b6c2d5e-4150-436e-aa1d-223e5d898041,function_instantiate_time,1779128048.3884647,0.54358918
experiment_name,c6b27bea-63ee-4ea8-b28b-9a5de1e3bb34,function_instantiate_time,1779128048.4456122,0.6859156
experiment_name,0ac94b88-5102-4b99-8f8f-6e135f4b360a,function_instantiate_time,1779128048.4405286,0.674616663
experiment_name,1b1a72de-6c86-4838-9645-1ea4200cfc78,function_instantiate_time,1779128048.4457061,0.684205611
experiment_name,8aae0eeb-43d0-45b7-9eab-27da51193ebe,function_instantiate_time,1779128048.395265,0.552928442
experiment_name,3dfd5511-1f6e-4a1f-af7a-2b8216c0d6c6,function_instantiate_time,1779128048.449666,0.67905033
experiment_name,8895a284-ee60-4723-9095-61bb94b2770c,function_instantiate_time,1779128048.4191175,0.577921567
experiment_name,cecd8aa3-eccf-4de9-9a14-bd70ebf16834,function_instantiate_time,1779128048.4426699,0.61618297
experiment_name,d036b49b-1283-4d1f-84cf-1981e3321752,function_instantiate_time,1779128048.3991098,0.561620609
experiment_name,38db66c0-475b-4cf1-8843-28bacaca9536,function_instantiate_time,1779128048.4455929,0.636571298
experiment_name,5385e07c-6b1f-4da0-ad67-d29e06cbeb33,function_instantiate_time,1779128048.4574802,0.644522072
experiment_name,ef06b216-9c92-4aa0-a4ae-f9c1a7b316ca,function_instantiate_time,1779128048.4496505,0.66809908
experiment_name,70bad4c4-083c-49b6-837b-24d871824866,function_instantiate_time,1779128048.4593868,0.660272195
experiment_name,446c7d6d-8278-483d-a30e-34a91a2c4fc9,function_instantiate_time,1779128048.398084,0.55809052
experiment_name,02b4f8f5-5242-4a68-85fb-404111eaf59d,function_instantiate_time,1779128048.4257028,0.647387603
experiment_name,fbc8cd05-b73a-4f40-9a47-d6acb16d4850,function_instantiate_time,1779128048.4496055,0.631726851
experiment_name,5b519afa-e338-4279-8acc-e9dfcffa7625,function_instantiate_time,1779128048.4360347,0.646100839
experiment_name,a0745659-6347-4dd7-b1f8-7596a2a4fe23,function_instantiate_time,1779128048.3815653,0.532032501
experiment_name,b5928f8c-3085-4c9c-8a90-43e759ae1dbc,function_instantiate_time,1779128048.4600532,0.666531018
experiment_name,36c6b84a-9ad0-46a2-bd10-785557385c18,function_instantiate_time,1779128048.4456804,0.64377805
experiment_name,02b4f8f5-5242-4a68-85fb-404111eaf59d,function_init_time,1779128048.4262784,0.001273506
experiment_name,0ac94b88-5102-4b99-8f8f-6e135f4b360a,function_init_time,1779128048.4535632,0.013994189
experiment_name,3dfd5511-1f6e-4a1f-af7a-2b8216c0d6c6,function_init_time,1779128048.4615192,0.011994977
experiment_name,36c6b84a-9ad0-46a2-bd10-785557385c18,function_init_time,1779128048.449579,0.003477866
experiment_name,70bad4c4-083c-49b6-837b-24d871824866,function_init_time,1779128048.4785569,0.019121267
experiment_name,3b6c2d5e-4150-436e-aa1d-223e5d898041,function_init_time,1779128048.389023,0.000569447
experiment_name,8895a284-ee60-4723-9095-61bb94b2770c,function_init_time,1779128048.4191408,0.001122561
experiment_name,89661a95-d258-487c-b49c-6ae4837fd4fe,function_init_time,1779128048.4315293,0.001884489
experiment_name,446c7d6d-8278-483d-a30e-34a91a2c4fc9,function_init_time,1779128048.3980968,0.001385303
experiment_name,ef06b216-9c92-4aa0-a4ae-f9c1a7b316ca,function_init_time,1779128048.4574702,0.005895525
experiment_name,8aae0eeb-43d0-45b7-9eab-27da51193ebe,function_init_time,1779128048.3952782,0.000752578
experiment_name,c6b27bea-63ee-4ea8-b28b-9a5de1e3bb34,function_init_time,1779128048.4456725,0.001012115
experiment_name,1b1a72de-6c86-4838-9645-1ea4200cfc78,function_init_time,1779128048.4496565,0.003751312
experiment_name,b5928f8c-3085-4c9c-8a90-43e759ae1dbc,function_init_time,1779128048.46554,0.003189699
experiment_name,cecd8aa3-eccf-4de9-9a14-bd70ebf16834,function_init_time,1779128048.4456503,0.000906097
experiment_name,d036b49b-1283-4d1f-84cf-1981e3321752,function_init_time,1779128048.401196,0.002076601
experiment_name,38db66c0-475b-4cf1-8843-28bacaca9536,function_init_time,1779128048.4611716,0.018163337
experiment_name,5b519afa-e338-4279-8acc-e9dfcffa7625,function_init_time,1779128048.4370008,0.00120482
experiment_name,a0745659-6347-4dd7-b1f8-7596a2a4fe23,function_init_time,1779128048.3819547,0.000440168
experiment_name,fbc8cd05-b73a-4f40-9a47-d6acb16d4850,function_init_time,1779128048.4775474,0.026760595
experiment_name,5385e07c-6b1f-4da0-ad67-d29e06cbeb33,function_init_time,1779128048.4614222,0.005842821
experiment_name,41e6fb72-d84a-4f87-94c4-35c658df98b6,function_init_time,1779128048.477576,0.001890582
experiment_name,41e6fb72-d84a-4f87-94c4-35c658df98b6,function_execution_time,1779128048.6485069,0.166816412
experiment_name,41e6fb72-d84a-4f87-94c4-35c658df98b6,function_execution_time,1779128048.752522,0.000276742
experiment_name,fbc8cd05-b73a-4f40-9a47-d6acb16d4850,function_execution_time,1779128048.6593025,0.177820978
experiment_name,fbc8cd05-b73a-4f40-9a47-d6acb16d4850,function_execution_time,1779128048.7627678,0.000312742
experiment_name,d036b49b-1283-4d1f-84cf-1981e3321752,function_execution_time,1779128048.4736357,0.072326474
experiment_name,d036b49b-1283-4d1f-84cf-1981e3321752,function_execution_time,1779128048.566873,0.000430205
experiment_name,0ac94b88-5102-4b99-8f8f-6e135f4b360a,function_execution_time,1779128048.5629523,0.109029574
experiment_name,0ac94b88-5102-4b99-8f8f-6e135f4b360a,function_execution_time,1779128048.6663475,0.000316613
experiment_name,5385e07c-6b1f-4da0-ad67-d29e06cbeb33,function_execution_time,1779128048.6271214,0.165615129
experiment_name,5385e07c-6b1f-4da0-ad67-d29e06cbeb33,function_execution_time,1779128048.7375693,0.000320038
experiment_name,36c6b84a-9ad0-46a2-bd10-785557385c18,function_execution_time,1779128048.63775,0.189391916
experiment_name,36c6b84a-9ad0-46a2-bd10-785557385c18,function_execution_time,1779128048.7435384,0.000353094
experiment_name,3b6c2d5e-4150-436e-aa1d-223e5d898041,function_execution_time,1779128048.4274817,0.038297811
experiment_name,3b6c2d5e-4150-436e-aa1d-223e5d898041,function_execution_time,1779128048.5299935,0.000432575
experiment_name,ef06b216-9c92-4aa0-a4ae-f9c1a7b316ca,function_execution_time,1779128048.5950704,0.135437001
experiment_name,ef06b216-9c92-4aa0-a4ae-f9c1a7b316ca,function_execution_time,1779128048.6997323,0.000276409
experiment_name,89661a95-d258-487c-b49c-6ae4837fd4fe,function_execution_time,1779128048.5197845,0.08813593
experiment_name,89661a95-d258-487c-b49c-6ae4837fd4fe,function_execution_time,1779128048.6302757,0.000352798
experiment_name,8895a284-ee60-4723-9095-61bb94b2770c,function_execution_time,1779128048.4989185,0.076845752
experiment_name,8895a284-ee60-4723-9095-61bb94b2770c,function_execution_time,1779128048.6013856,0.000363057
experiment_name,cecd8aa3-eccf-4de9-9a14-bd70ebf16834,function_execution_time,1779128048.5414915,0.094796403
experiment_name,cecd8aa3-eccf-4de9-9a14-bd70ebf16834,function_execution_time,1779128048.6447673,0.000328409
experiment_name,70bad4c4-083c-49b6-837b-24d871824866,function_execution_time,1779128048.6699235,0.191358332
experiment_name,70bad4c4-083c-49b6-837b-24d871824866,function_execution_time,1779128048.7742245,0.000328279
experiment_name,446c7d6d-8278-483d-a30e-34a91a2c4fc9,function_execution_time,1779128048.485459,0.085750643
experiment_name,446c7d6d-8278-483d-a30e-34a91a2c4fc9,function_execution_time,1779128048.5873284,0.000384187
experiment_name,8aae0eeb-43d0-45b7-9eab-27da51193ebe,function_execution_time,1779128048.4478278,0.052402556
experiment_name,8aae0eeb-43d0-45b7-9eab-27da51193ebe,function_execution_time,1779128048.5453231,0.000433484
experiment_name,3dfd5511-1f6e-4a1f-af7a-2b8216c0d6c6,function_execution_time,1779128048.616832,0.154905492
experiment_name,3dfd5511-1f6e-4a1f-af7a-2b8216c0d6c6,function_execution_time,1779128048.7234764,0.000291334
experiment_name,b5928f8c-3085-4c9c-8a90-43e759ae1dbc,function_execution_time,1779128048.5838888,0.120370364
experiment_name,b5928f8c-3085-4c9c-8a90-43e759ae1dbc,function_execution_time,1779128048.6901133,0.000286797
experiment_name,02b4f8f5-5242-4a68-85fb-404111eaf59d,function_execution_time,1779128048.509522,0.083166279
experiment_name,02b4f8f5-5242-4a68-85fb-404111eaf59d,function_execution_time,1779128048.6128445,0.00030689
experiment_name,c6b27bea-63ee-4ea8-b28b-9a5de1e3bb34,function_execution_time,1779128048.5525622,0.105975432
experiment_name,c6b27bea-63ee-4ea8-b28b-9a5de1e3bb34,function_execution_time,1779128048.6556427,0.000370038
experiment_name,5b519afa-e338-4279-8acc-e9dfcffa7625,function_execution_time,1779128048.5304954,0.093295415
experiment_name,5b519afa-e338-4279-8acc-e9dfcffa7625,function_execution_time,1779128048.6356325,0.000317501
experiment_name,38db66c0-475b-4cf1-8843-28bacaca9536,function_execution_time,1779128048.6057515,0.144574355
experiment_name,38db66c0-475b-4cf1-8843-28bacaca9536,function_execution_time,1779128048.7135284,0.000331871
experiment_name,1b1a72de-6c86-4838-9645-1ea4200cfc78,function_execution_time,1779128048.573129,0.123807674
experiment_name,1b1a72de-6c86-4838-9645-1ea4200cfc78,function_execution_time,1779128048.6790774,0.000301594
experiment_name,a0745659-6347-4dd7-b1f8-7596a2a4fe23,function_execution_time,1779128048.3987355,0.016703348
experiment_name,a0745659-6347-4dd7-b1f8-7596a2a4fe23,function_execution_time,1779128048.500559,0.000453706
experiment_name,1b1a72de-6c86-4838-9645-1ea4200cfc78,function_transfer_time,1779128048.449662,0.002256806
experiment_name,1b1a72de-6c86-4838-9645-1ea4200cfc78,function_transfer_time,1779128048.6787703,0.000151488
experiment_name,cecd8aa3-eccf-4de9-9a14-bd70ebf16834,function_transfer_time,1779128048.4472437,0.003262828
experiment_name,cecd8aa3-eccf-4de9-9a14-bd70ebf16834,function_transfer_time,1779128048.644424,0.000153367
experiment_name,c6b27bea-63ee-4ea8-b28b-9a5de1e3bb34,function_transfer_time,1779128048.4460998,0.001897601
experiment_name,c6b27bea-63ee-4ea8-b28b-9a5de1e3bb34,function_transfer_time,1779128048.6552489,0.000173869
experiment_name,a0745659-6347-4dd7-b1f8-7596a2a4fe23,function_transfer_time,1779128048.3819685,0.000035593
experiment_name,a0745659-6347-4dd7-b1f8-7596a2a4fe23,function_transfer_time,1779128048.500081,0.000293527
experiment_name,3dfd5511-1f6e-4a1f-af7a-2b8216c0d6c6,function_transfer_time,1779128048.4653995,0.000074704
experiment_name,3dfd5511-1f6e-4a1f-af7a-2b8216c0d6c6,function_transfer_time,1779128048.7231781,0.000094205
experiment_name,8895a284-ee60-4723-9095-61bb94b2770c,function_transfer_time,1779128048.421672,0.009121798
experiment_name,8895a284-ee60-4723-9095-61bb94b2770c,function_transfer_time,1779128048.6010222,0.000128652
experiment_name,41e6fb72-d84a-4f87-94c4-35c658df98b6,function_transfer_time,1779128048.4816806,0.004328204
experiment_name,41e6fb72-d84a-4f87-94c4-35c658df98b6,function_transfer_time,1779128048.7522395,0.000102238
experiment_name,446c7d6d-8278-483d-a30e-34a91a2c4fc9,function_transfer_time,1779128048.3987947,0.00085517
experiment_name,446c7d6d-8278-483d-a30e-34a91a2c4fc9,function_transfer_time,1779128048.5869417,0.000170736
experiment_name,8aae0eeb-43d0-45b7-9eab-27da51193ebe,function_transfer_time,1779128048.3964443,0.000295279
experiment_name,8aae0eeb-43d0-45b7-9eab-27da51193ebe,function_transfer_time,1779128048.5449574,0.000184892
experiment_name,fbc8cd05-b73a-4f40-9a47-d6acb16d4850,function_transfer_time,1779128048.4815023,0.006295637
experiment_name,fbc8cd05-b73a-4f40-9a47-d6acb16d4850,function_transfer_time,1779128048.7624488,0.000091628
experiment_name,ef06b216-9c92-4aa0-a4ae-f9c1a7b316ca,function_transfer_time,1779128048.4596498,0.004923151
experiment_name,ef06b216-9c92-4aa0-a4ae-f9c1a7b316ca,function_transfer_time,1779128048.69945,0.000099007
experiment_name,0ac94b88-5102-4b99-8f8f-6e135f4b360a,function_transfer_time,1779128048.4536734,0.000435354
experiment_name,0ac94b88-5102-4b99-8f8f-6e135f4b360a,function_transfer_time,1779128048.6663394,0.000179408
experiment_name,38db66c0-475b-4cf1-8843-28bacaca9536,function_transfer_time,1779128048.4611793,0.000099815
experiment_name,38db66c0-475b-4cf1-8843-28bacaca9536,function_transfer_time,1779128048.713191,0.000134319
experiment_name,5b519afa-e338-4279-8acc-e9dfcffa7625,function_transfer_time,1779128048.438045,0.000468113
experiment_name,5b519afa-e338-4279-8acc-e9dfcffa7625,function_transfer_time,1779128048.635313,0.000125403
experiment_name,b5928f8c-3085-4c9c-8a90-43e759ae1dbc,function_transfer_time,1779128048.4655464,0.000320668
experiment_name,b5928f8c-3085-4c9c-8a90-43e759ae1dbc,function_transfer_time,1779128048.6898212,0.000144051
experiment_name,3b6c2d5e-4150-436e-aa1d-223e5d898041,function_transfer_time,1779128048.3890362,0.000046167
experiment_name,3b6c2d5e-4150-436e-aa1d-223e5d898041,function_transfer_time,1779128048.529545,0.000178345
experiment_name,02b4f8f5-5242-4a68-85fb-404111eaf59d,function_transfer_time,1779128048.4262886,0.00012376
experiment_name,02b4f8f5-5242-4a68-85fb-404111eaf59d,function_transfer_time,1779128048.6125476,0.000155494
experiment_name,d036b49b-1283-4d1f-84cf-1981e3321752,function_transfer_time,1779128048.4012008,0.0000955
experiment_name,d036b49b-1283-4d1f-84cf-1981e3321752,function_transfer_time,1779128048.5668647,0.000259515
experiment_name,36c6b84a-9ad0-46a2-bd10-785557385c18,function_transfer_time,1779128048.4495966,0.002602103
experiment_name,36c6b84a-9ad0-46a2-bd10-785557385c18,function_transfer_time,1779128048.7431571,0.000102945
experiment_name,5385e07c-6b1f-4da0-ad67-d29e06cbeb33,function_transfer_time,1779128048.4614658,0.001592174
experiment_name,5385e07c-6b1f-4da0-ad67-d29e06cbeb33,function_transfer_time,1779128048.7372441,0.00010258
experiment_name,70bad4c4-083c-49b6-837b-24d871824866,function_transfer_time,1779128048.478565,0.000164483
experiment_name,70bad4c4-083c-49b6-837b-24d871824866,function_transfer_time,1779128048.7738903,0.000098642
experiment_name,89661a95-d258-487c-b49c-6ae4837fd4fe,function_transfer_time,1779128048.4321215,0.000338557
experiment_name,89661a95-d258-487c-b49c-6ae4837fd4fe,function_transfer_time,1779128048.6299615,0.000145769
experiment_name,9ffc2740-2ad6-45f0-9f04-127377a74691,function_execution_time,1779128049.681048,0.000088762
experiment_name,9ffc2740-2ad6-45f0-9f04-127377a74691,function_execution_time,1779128049.7821617,0.000076276
experiment_name,9ffc2740-2ad6-45f0-9f04-127377a74691,function_execution_time,1779128049.88269,0.000090682
experiment_name,9ffc2740-2ad6-45f0-9f04-127377a74691,function_execution_time,1779128049.9840605,0.000074967
experiment_name,9ffc2740-2ad6-45f0-9f04-127377a74691,function_execution_time,1779128050.0854623,0.000103818
experiment_name,9ffc2740-2ad6-45f0-9f04-127377a74691,function_execution_time,1779128050.1866765,0.000058256
experiment_name,9ffc2740-2ad6-45f0-9f04-127377a74691,function_execution_time,1779128050.2879612,0.000061518
experiment_name,9ffc2740-2ad6-45f0-9f04-127377a74691,function_execution_time,1779128050.389302,0.000062281
experiment_name,9ffc2740-2ad6-45f0-9f04-127377a74691,function_execution_time,1779128050.4895782,0.000057017
experiment_name,9ffc2740-2ad6-45f0-9f04-127377a74691,function_execution_time,1779128050.5908685,0.00006675
experiment_name,9ffc2740-2ad6-45f0-9f04-127377a74691,function_execution_time,1779128050.6921046,0.000061208
experiment_name,9ffc2740-2ad6-45f0-9f04-127377a74691,function_execution_time,1779128050.79344,0.00005608
experiment_name,9ffc2740-2ad6-45f0-9f04-127377a74691,function_execution_time,1779128050.8948011,0.000055784
experiment_name,9ffc2740-2ad6-45f0-9f04-127377a74691,function_execution_time,1779128050.9960291,0.000063323
experiment_name,9ffc2740-2ad6-45f0-9f04-127377a74691,function_execution_time,1779128051.0973375,0.000054918
experiment_name,9ffc2740-2ad6-45f0-9f04-127377a74691,function_execution_time,1779128051.198644,0.000055186
experiment_name,9ffc2740-2ad6-45f0-9f04-127377a74691,function_execution_time,1779128051.2999923,0.000054699
experiment_name,9ffc2740-2ad6-45f0-9f04-127377a74691,function_execution_time,1779128051.401322,0.000057398
experiment_name,9ffc2740-2ad6-45f0-9f04-127377a74691,function_execution_time,1779128051.5026317,0.00006072
experiment_name,9ffc2740-2ad6-45f0-9f04-127377a74691,function_execution_time,1779128051.6039438,0.000056905
experiment_name,9ffc2740-2ad6-45f0-9f04-127377a74691,function_execution_time,1779128051.7050912,0.000060401
experiment_name,9ffc2740-2ad6-45f0-9f04-127377a74691,function_execution_time,1779128051.8064973,0.000068819
experiment_name,9ffc2740-2ad6-45f0-9f04-127377a74691,function_execution_time,1779128051.9078724,0.000060757
experiment_name,9ffc2740-2ad6-45f0-9f04-127377a74691,function_execution_time,1779128052.0091398,0.000056746
experiment_name,9ffc2740-2ad6-45f0-9f04-127377a74691,function_execution_time,1779128052.110483,0.000066078
experiment_name,9ffc2740-2ad6-45f0-9f04-127377a74691,function_execution_time,1779128052.211927,0.000053501
experiment_name,9ffc2740-2ad6-45f0-9f04-127377a74691,function_execution_time,1779128052.313394,0.000060699
experiment_name,9ffc2740-2ad6-45f0-9f04-127377a74691,function_execution_time,1779128052.414668,0.000053696
experiment_name,9ffc2740-2ad6-45f0-9f04-127377a74691,function_execution_time,1779128052.515996,0.000056611
experiment_name,9ffc2740-2ad6-45f0-9f04-127377a74691,function_execution_time,1779128052.6173005,0.000053874
experiment_name,9ffc2740-2ad6-45f0-9f04-127377a74691,function_execution_time,1779128052.7186918,0.000053782
experiment_name,9ffc2740-2ad6-45f0-9f04-127377a74691,function_execution_time,1779128052.8199651,0.000060162
experiment_name,9ffc2740-2ad6-45f0-9f04-127377a74691,function_execution_time,1779128052.921366,0.000058023
experiment_name,9ffc2740-2ad6-45f0-9f04-127377a74691,function_execution_time,1779128053.0226746,0.000057958
experiment_name,9ffc2740-2ad6-45f0-9f04-127377a74691,function_execution_time,1779128053.123961,0.000054174
experiment_name,9ffc2740-2ad6-45f0-9f04-127377a74691,function_execution_time,1779128053.2253273,0.000061343
experiment_name,9ffc2740-2ad6-45f0-9f04-127377a74691,function_execution_time,1779128053.3265548,0.000055222
experiment_name,9ffc2740-2ad6-45f0-9f04-127377a74691,function_execution_time,1779128053.4279792,0.00005492
experiment_name,9ffc2740-2ad6-45f0-9f04-127377a74691,function_execution_time,1779128053.529202,0.000054856
experiment_name,9ffc2740-2ad6-45f0-9f04-127377a74691,function_execution_time,1779128053.6295242,0.000058132
experiment_name,9ffc2740-2ad6-45f0-9f04-127377a74691,function_execution_time,1779128053.7308404,0.000060258
experiment_name,9ffc2740-2ad6-45f0-9f04-127377a74691,function_execution_time,1779128053.832196,0.000053511
experiment_name,9ffc2740-2ad6-45f0-9f04-127377a74691,function_execution_time,1779128053.9325526,0.000056678
experiment_name,9ffc2740-2ad6-45f0-9f04-127377a74691,function_execution_time,1779128054.0338387,0.000055232
experiment_name,9ffc2740-2ad6-45f0-9f04-127377a74691,function_execution_time,1779128054.1352036,0.000061042
experiment_name,9ffc2740-2ad6-45f0-9f04-127377a74691,function_execution_time,1779128054.235421,0.000056561
experiment_name,9ffc2740-2ad6-45f0-9f04-127377a74691,function_execution_time,1779128054.3368182,0.000056412
experiment_name,9ffc2740-2ad6-45f0-9f04-127377a74691,function_execution_time,1779128054.4380271,0.000059446
experiment_name,9ffc2740-2ad6-45f0-9f04-127377a74691,function_execution_time,1779128054.5393326,0.000054087
experiment_name,0325d328-7386-459a-9adc-21ce70032ed7,function_execution_time,1779128049.6810038,0.000124956
experiment_name,0325d328-7386-459a-9adc-21ce70032ed7,function_execution_time,1779128049.7820082,0.00011522
experiment_name,0325d328-7386-459a-9adc-21ce70032ed7,function_execution_time,1779128049.8826666,0.000182954
experiment_name,0325d328-7386-459a-9adc-21ce70032ed7,function_execution_time,1779128049.984059,0.000125624
experiment_name,0325d328-7386-459a-9adc-21ce70032ed7,function_execution_time,1779128050.085317,0.000110628
experiment_name,0325d328-7386-459a-9adc-21ce70032ed7,function_execution_time,1779128050.1865373,0.000073078
experiment_name,0325d328-7386-459a-9adc-21ce70032ed7,function_execution_time,1779128050.2878761,0.000069997
experiment_name,0325d328-7386-459a-9adc-21ce70032ed7,function_execution_time,1779128050.3891265,0.000070773
experiment_name,0325d328-7386-459a-9adc-21ce70032ed7,function_execution_time,1779128050.4895144,0.000090848
experiment_name,0325d328-7386-459a-9adc-21ce70032ed7,function_execution_time,1779128050.5907116,0.000070045
experiment_name,0325d328-7386-459a-9adc-21ce70032ed7,function_execution_time,1779128050.6920187,0.000070383
experiment_name,0325d328-7386-459a-9adc-21ce70032ed7,function_execution_time,1779128050.793376,0.000151982
experiment_name,0325d328-7386-459a-9adc-21ce70032ed7,function_execution_time,1779128050.8946428,0.000067761
experiment_name,0325d328-7386-459a-9adc-21ce70032ed7,function_execution_time,1779128050.995923,0.000088978
experiment_name,0325d328-7386-459a-9adc-21ce70032ed7,function_execution_time,1779128051.0972583,0.000076718
experiment_name,0325d328-7386-459a-9adc-21ce70032ed7,function_execution_time,1779128051.1985233,0.000095233
experiment_name,0325d328-7386-459a-9adc-21ce70032ed7,function_execution_time,1779128051.2998426,0.00007284
experiment_name,0325d328-7386-459a-9adc-21ce70032ed7,function_execution_time,1779128051.401219,0.000081402
experiment_name,0325d328-7386-459a-9adc-21ce70032ed7,function_execution_time,1779128051.5025144,0.000090216
experiment_name,0325d328-7386-459a-9adc-21ce70032ed7,function_execution_time,1779128051.6038513,0.00007547
experiment_name,0325d328-7386-459a-9adc-21ce70032ed7,function_execution_time,1779128051.7050898,0.00007787
experiment_name,0325d328-7386-459a-9adc-21ce70032ed7,function_execution_time,1779128051.8064203,0.000150441
experiment_name,0325d328-7386-459a-9adc-21ce70032ed7,function_execution_time,1779128051.9077227,0.000071128
experiment_name,0325d328-7386-459a-9adc-21ce70032ed7,function_execution_time,1779128052.0090847,0.000086615
experiment_name,0325d328-7386-459a-9adc-21ce70032ed7,function_execution_time,1779128052.1103594,0.000083292
experiment_name,0325d328-7386-459a-9adc-21ce70032ed7,function_execution_time,1779128052.2118094,0.000079084
experiment_name,0325d328-7386-459a-9adc-21ce70032ed7,function_execution_time,1779128052.3132975,0.000077934
experiment_name,0325d328-7386-459a-9adc-21ce70032ed7,function_execution_time,1779128052.4145374,0.000071176
experiment_name,0325d328-7386-459a-9adc-21ce70032ed7,function_execution_time,1779128052.515927,0.000081453
experiment_name,0325d328-7386-459a-9adc-21ce70032ed7,function_execution_time,1779128052.6171663,0.000070653
experiment_name,0325d328-7386-459a-9adc-21ce70032ed7,function_execution_time,1779128052.7186015,0.000076246
experiment_name,0325d328-7386-459a-9adc-21ce70032ed7,function_execution_time,1779128052.8199031,0.000144729
experiment_name,0325d328-7386-459a-9adc-21ce70032ed7,function_execution_time,1779128052.9211926,0.00007283
experiment_name,0325d328-7386-459a-9adc-21ce70032ed7,function_execution_time,1779128053.0225286,0.0000755
experiment_name,0325d328-7386-459a-9adc-21ce70032ed7,function_execution_time,1779128053.1238272,0.000077982
experiment_name,0325d328-7386-459a-9adc-21ce70032ed7,function_execution_time,1779128053.2251678,0.000072179
experiment_name,0325d328-7386-459a-9adc-21ce70032ed7,function_execution_time,1779128053.326491,0.000088215
experiment_name,0325d328-7386-459a-9adc-21ce70032ed7,function_execution_time,1779128053.4278102,0.000072223
experiment_name,0325d328-7386-459a-9adc-21ce70032ed7,function_execution_time,1779128053.5291378,0.000083648
experiment_name,0325d328-7386-459a-9adc-21ce70032ed7,function_execution_time,1779128053.6294358,0.000071864
experiment_name,0325d328-7386-459a-9adc-21ce70032ed7,function_execution_time,1779128053.7307556,0.000072763
experiment_name,0325d328-7386-459a-9adc-21ce70032ed7,function_execution_time,1779128053.8321395,0.000145493
experiment_name,0325d328-7386-459a-9adc-21ce70032ed7,function_execution_time,1779128053.9324515,0.000083212
experiment_name,0325d328-7386-459a-9adc-21ce70032ed7,function_execution_time,1779128054.0337062,0.0000705
experiment_name,0325d328-7386-459a-9adc-21ce70032ed7,function_execution_time,1779128054.1350334,0.000078194
experiment_name,0325d328-7386-459a-9adc-21ce70032ed7,function_execution_time,1779128054.2354171,0.000092928
experiment_name,0325d328-7386-459a-9adc-21ce70032ed7,function_execution_time,1779128054.3366628,0.00007413
experiment_name,0325d328-7386-459a-9adc-21ce70032ed7,function_execution_time,1779128054.4379432,0.000068896
experiment_name,0325d328-7386-459a-9adc-21ce70032ed7,function_execution_time,1779128054.5392468,0.000082345
experiment_name,0325d328-7386-459a-9adc-21ce70032ed7,function_transfer_time,1779128049.680824,0.000032083
experiment_name,0325d328-7386-459a-9adc-21ce70032ed7,function_transfer_time,1779128049.7818928,0.000101393
experiment_name,0325d328-7386-459a-9adc-21ce70032ed7,function_transfer_time,1779128049.882415,0.000040414
experiment_name,0325d328-7386-459a-9adc-21ce70032ed7,function_transfer_time,1779128049.98386,0.00010068
experiment_name,0325d328-7386-459a-9adc-21ce70032ed7,function_transfer_time,1779128050.0851517,0.000092585
experiment_name,0325d328-7386-459a-9adc-21ce70032ed7,function_transfer_time,1779128050.1864605,0.00008271
experiment_name,0325d328-7386-459a-9adc-21ce70032ed7,function_transfer_time,1779128050.2877932,0.000090695
experiment_name,0325d328-7386-459a-9adc-21ce70032ed7,function_transfer_time,1779128050.3890429,0.000022521
experiment_name,0325d328-7386-459a-9adc-21ce70032ed7,function_transfer_time,1779128050.4893556,0.000081569
experiment_name,0325d328-7386-459a-9adc-21ce70032ed7,function_transfer_time,1779128050.590629,0.000017714
experiment_name,0325d328-7386-459a-9adc-21ce70032ed7,function_transfer_time,1779128050.6919446,0.000087043
experiment_name,0325d328-7386-459a-9adc-21ce70032ed7,function_transfer_time,1779128050.7932167,0.000022409
experiment_name,0325d328-7386-459a-9adc-21ce70032ed7,function_transfer_time,1779128050.894559,0.000078278
experiment_name,0325d328-7386-459a-9adc-21ce70032ed7,function_transfer_time,1779128050.9958277,0.000030133
experiment_name,0325d328-7386-459a-9adc-21ce70032ed7,function_transfer_time,1779128051.0971267,0.00008203
experiment_name,0325d328-7386-459a-9adc-21ce70032ed7,function_transfer_time,1779128051.198424,0.000078099
experiment_name,0325d328-7386-459a-9adc-21ce70032ed7,function_transfer_time,1779128051.2998374,0.000077624
experiment_name,0325d328-7386-459a-9adc-21ce70032ed7,function_transfer_time,1779128051.401086,0.000081547
experiment_name,0325d328-7386-459a-9adc-21ce70032ed7,function_transfer_time,1779128051.5024028,0.000082527
experiment_name,0325d328-7386-459a-9adc-21ce70032ed7,function_transfer_time,1779128051.6037176,0.000082342
experiment_name,0325d328-7386-459a-9adc-21ce70032ed7,function_transfer_time,1779128051.7049515,0.000018985
experiment_name,0325d328-7386-459a-9adc-21ce70032ed7,function_transfer_time,1779128051.8062665,0.000083881
experiment_name,0325d328-7386-459a-9adc-21ce70032ed7,function_transfer_time,1779128051.907639,0.000076173
experiment_name,0325d328-7386-459a-9adc-21ce70032ed7,function_transfer_time,1779128052.0089927,0.000093424
experiment_name,0325d328-7386-459a-9adc-21ce70032ed7,function_transfer_time,1779128052.1102746,0.000076501
experiment_name,0325d328-7386-459a-9adc-21ce70032ed7,function_transfer_time,1779128052.211725,0.000074886
experiment_name,0325d328-7386-459a-9adc-21ce70032ed7,function_transfer_time,1779128052.3131638,0.000081258
experiment_name,0325d328-7386-459a-9adc-21ce70032ed7,function_transfer_time,1779128052.4144597,0.000078581
experiment_name,0325d328-7386-459a-9adc-21ce70032ed7,function_transfer_time,1779128052.5158446,0.000076042
experiment_name,0325d328-7386-459a-9adc-21ce70032ed7,function_transfer_time,1779128052.6170905,0.000083506
experiment_name,0325d328-7386-459a-9adc-21ce70032ed7,function_transfer_time,1779128052.7184706,0.000089682
experiment_name,0325d328-7386-459a-9adc-21ce70032ed7,function_transfer_time,1779128052.8197534,0.000077608
experiment_name,0325d328-7386-459a-9adc-21ce70032ed7,function_transfer_time,1779128052.9211102,0.000076365
experiment_name,0325d328-7386-459a-9adc-21ce70032ed7,function_transfer_time,1779128053.0224335,0.000075194
experiment_name,0325d328-7386-459a-9adc-21ce70032ed7,function_transfer_time,1779128053.1237414,0.0000805
experiment_name,0325d328-7386-459a-9adc-21ce70032ed7,function_transfer_time,1779128053.2250884,0.000086403
experiment_name,0325d328-7386-459a-9adc-21ce70032ed7,function_transfer_time,1779128053.3263948,0.000084573
experiment_name,0325d328-7386-459a-9adc-21ce70032ed7,function_transfer_time,1779128053.427731,0.000081192
experiment_name,0325d328-7386-459a-9adc-21ce70032ed7,function_transfer_time,1779128053.5290468,0.000075747
experiment_name,0325d328-7386-459a-9adc-21ce70032ed7,function_transfer_time,1779128053.6293585,0.000077938
experiment_name,0325d328-7386-459a-9adc-21ce70032ed7,function_transfer_time,1779128053.7306833,0.000076463
experiment_name,0325d328-7386-459a-9adc-21ce70032ed7,function_transfer_time,1779128053.83199,0.000082673
experiment_name,0325d328-7386-459a-9adc-21ce70032ed7,function_transfer_time,1779128053.9323654,0.000084068
experiment_name,0325d328-7386-459a-9adc-21ce70032ed7,function_transfer_time,1779128054.0336301,0.000024234
experiment_name,0325d328-7386-459a-9adc-21ce70032ed7,function_transfer_time,1779128054.1349554,0.00008055
experiment_name,0325d328-7386-459a-9adc-21ce70032ed7,function_transfer_time,1779128054.235267,0.000043873
experiment_name,0325d328-7386-459a-9adc-21ce70032ed7,function_transfer_time,1779128054.3365848,0.000084284
experiment_name,0325d328-7386-459a-9adc-21ce70032ed7,function_transfer_time,1779128054.437862,0.000019975
experiment_name,0325d328-7386-459a-9adc-21ce70032ed7,function_transfer_time,1779128054.539099,0.000017701
experiment_name,9ffc2740-2ad6-45f0-9f04-127377a74691,function_transfer_time,1779128049.681008,0.000046968
experiment_name,9ffc2740-2ad6-45f0-9f04-127377a74691,function_transfer_time,1779128049.7820835,0.000120285
experiment_name,9ffc2740-2ad6-45f0-9f04-127377a74691,function_transfer_time,1779128049.882661,0.000040228
experiment_name,9ffc2740-2ad6-45f0-9f04-127377a74691,function_transfer_time,1779128049.9840548,0.000041893
experiment_name,9ffc2740-2ad6-45f0-9f04-127377a74691,function_transfer_time,1779128050.0853531,0.000123722
experiment_name,9ffc2740-2ad6-45f0-9f04-127377a74691,function_transfer_time,1779128050.1866176,0.000101881
experiment_name,9ffc2740-2ad6-45f0-9f04-127377a74691,function_transfer_time,1779128050.287948,0.000052579
experiment_name,9ffc2740-2ad6-45f0-9f04-127377a74691,function_transfer_time,1779128050.3892398,0.00014091
experiment_name,9ffc2740-2ad6-45f0-9f04-127377a74691,function_transfer_time,1779128050.4895182,0.000104913
experiment_name,9ffc2740-2ad6-45f0-9f04-127377a74691,function_transfer_time,1779128050.5907948,0.000113731
experiment_name,9ffc2740-2ad6-45f0-9f04-127377a74691,function_transfer_time,1779128050.6920905,0.000045678
experiment_name,9ffc2740-2ad6-45f0-9f04-127377a74691,function_transfer_time,1779128050.7933733,0.000037907
experiment_name,9ffc2740-2ad6-45f0-9f04-127377a74691,function_transfer_time,1779128050.8947449,0.000131546
experiment_name,9ffc2740-2ad6-45f0-9f04-127377a74691,function_transfer_time,1779128050.995962,0.000082893
experiment_name,9ffc2740-2ad6-45f0-9f04-127377a74691,function_transfer_time,1779128051.0972748,0.000093641
experiment_name,9ffc2740-2ad6-45f0-9f04-127377a74691,function_transfer_time,1779128051.1985848,0.00009086
experiment_name,9ffc2740-2ad6-45f0-9f04-127377a74691,function_transfer_time,1779128051.2999368,0.000113018
experiment_name,9ffc2740-2ad6-45f0-9f04-127377a74691,function_transfer_time,1779128051.4012587,0.000122201
experiment_name,9ffc2740-2ad6-45f0-9f04-127377a74691,function_transfer_time,1779128051.5025647,0.000094555
experiment_name,9ffc2740-2ad6-45f0-9f04-127377a74691,function_transfer_time,1779128051.603879,0.000111587
experiment_name,9ffc2740-2ad6-45f0-9f04-127377a74691,function_transfer_time,1779128051.7050865,0.000026705
experiment_name,9ffc2740-2ad6-45f0-9f04-127377a74691,function_transfer_time,1779128051.806423,0.000038405
experiment_name,9ffc2740-2ad6-45f0-9f04-127377a74691,function_transfer_time,1779128051.907812,0.000119446
experiment_name,9ffc2740-2ad6-45f0-9f04-127377a74691,function_transfer_time,1779128052.009082,0.000031352
experiment_name,9ffc2740-2ad6-45f0-9f04-127377a74691,function_transfer_time,1779128052.1104102,0.000082119
experiment_name,9ffc2740-2ad6-45f0-9f04-127377a74691,function_transfer_time,1779128052.211865,0.00008958
experiment_name,9ffc2740-2ad6-45f0-9f04-127377a74691,function_transfer_time,1779128052.3133268,0.000111733
experiment_name,9ffc2740-2ad6-45f0-9f04-127377a74691,function_transfer_time,1779128052.414614,0.000100034
experiment_name,9ffc2740-2ad6-45f0-9f04-127377a74691,function_transfer_time,1779128052.5159295,0.000096113
experiment_name,9ffc2740-2ad6-45f0-9f04-127377a74691,function_transfer_time,1779128052.617246,0.000101972
experiment_name,9ffc2740-2ad6-45f0-9f04-127377a74691,function_transfer_time,1779128052.718632,0.000110948
experiment_name,9ffc2740-2ad6-45f0-9f04-127377a74691,function_transfer_time,1779128052.8199058,0.000033447
experiment_name,9ffc2740-2ad6-45f0-9f04-127377a74691,function_transfer_time,1779128052.9213083,0.000140525
experiment_name,9ffc2740-2ad6-45f0-9f04-127377a74691,function_transfer_time,1779128053.0226088,0.000112995
experiment_name,9ffc2740-2ad6-45f0-9f04-127377a74691,function_transfer_time,1779128053.123907,0.000111016
experiment_name,9ffc2740-2ad6-45f0-9f04-127377a74691,function_transfer_time,1779128053.2252655,0.000122189
experiment_name,9ffc2740-2ad6-45f0-9f04-127377a74691,function_transfer_time,1779128053.326494,0.00003807
experiment_name,9ffc2740-2ad6-45f0-9f04-127377a74691,function_transfer_time,1779128053.4279184,0.000132738
experiment_name,9ffc2740-2ad6-45f0-9f04-127377a74691,function_transfer_time,1779128053.5291402,0.000038896
experiment_name,9ffc2740-2ad6-45f0-9f04-127377a74691,function_transfer_time,1779128053.6295094,0.000053192
experiment_name,9ffc2740-2ad6-45f0-9f04-127377a74691,function_transfer_time,1779128053.73078,0.000042468
experiment_name,9ffc2740-2ad6-45f0-9f04-127377a74691,function_transfer_time,1779128053.8321366,0.000033978
experiment_name,9ffc2740-2ad6-45f0-9f04-127377a74691,function_transfer_time,1779128053.9325495,0.000054006
experiment_name,9ffc2740-2ad6-45f0-9f04-127377a74691,function_transfer_time,1779128054.0337815,0.000099753
experiment_name,9ffc2740-2ad6-45f0-9f04-127377a74691,function_transfer_time,1779128054.1351426,0.000128826
experiment_name,9ffc2740-2ad6-45f0-9f04-127377a74691,function_transfer_time,1779128054.23542,0.000035157
experiment_name,9ffc2740-2ad6-45f0-9f04-127377a74691,function_transfer_time,1779128054.3367615,0.000120848
experiment_name,9ffc2740-2ad6-45f0-9f04-127377a74691,function_transfer_time,1779128054.4380145,0.000050546
experiment_name,9ffc2740-2ad6-45f0-9f04-127377a74691,function_transfer_time,1779128054.539272,0.000122019
experiment_name,0325d328-7386-459a-9adc-21ce70032ed7,function_execution_time,1779128054.6411264,0.000090581
experiment_name,0325d328-7386-459a-9adc-21ce70032ed7,function_execution_time,1779128054.741512,0.000083279
experiment_name,0325d328-7386-459a-9adc-21ce70032ed7,function_execution_time,1779128054.842867,0.000157608
experiment_name,0325d328-7386-459a-9adc-21ce70032ed7,function_execution_time,1779128054.944176,0.000081128
experiment_name,0325d328-7386-459a-9adc-21ce70032ed7,function_execution_time,1779128055.0455544,0.00008559
experiment_name,0325d328-7386-459a-9adc-21ce70032ed7,function_execution_time,1779128055.146996,0.000071868
experiment_name,0325d328-7386-459a-9adc-21ce70032ed7,function_execution_time,1779128055.2483132,0.000091268
experiment_name,0325d328-7386-459a-9adc-21ce70032ed7,function_execution_time,1779128055.3497047,0.000071677
experiment_name,0325d328-7386-459a-9adc-21ce70032ed7,function_execution_time,1779128055.4510448,0.00007163
experiment_name,0325d328-7386-459a-9adc-21ce70032ed7,function_execution_time,1779128055.552366,0.000069902
experiment_name,0325d328-7386-459a-9adc-21ce70032ed7,function_execution_time,1779128055.6537726,0.000094911
experiment_name,0325d328-7386-459a-9adc-21ce70032ed7,function_execution_time,1779128055.7550488,0.000095301
experiment_name,0325d328-7386-459a-9adc-21ce70032ed7,function_execution_time,1779128055.8554788,0.000173796
experiment_name,0325d328-7386-459a-9adc-21ce70032ed7,function_execution_time,1779128055.9568734,0.000083697
experiment_name,0325d328-7386-459a-9adc-21ce70032ed7,function_execution_time,1779128056.058205,0.00007522
experiment_name,0325d328-7386-459a-9adc-21ce70032ed7,function_execution_time,1779128056.159557,0.000076469
experiment_name,0325d328-7386-459a-9adc-21ce70032ed7,function_execution_time,1779128056.2608879,0.000082044
experiment_name,0325d328-7386-459a-9adc-21ce70032ed7,function_execution_time,1779128056.3622248,0.000074938
experiment_name,0325d328-7386-459a-9adc-21ce70032ed7,function_execution_time,1779128056.4635317,0.000074397
experiment_name,0325d328-7386-459a-9adc-21ce70032ed7,function_execution_time,1779128056.5648665,0.000073951
experiment_name,0325d328-7386-459a-9adc-21ce70032ed7,function_execution_time,1779128056.6661503,0.000080573
experiment_name,0325d328-7386-459a-9adc-21ce70032ed7,function_execution_time,1779128056.7675562,0.000120597
experiment_name,0325d328-7386-459a-9adc-21ce70032ed7,function_execution_time,1779128056.8689141,0.000150434
experiment_name,0325d328-7386-459a-9adc-21ce70032ed7,function_execution_time,1779128056.9702609,0.000083392
experiment_name,0325d328-7386-459a-9adc-21ce70032ed7,function_execution_time,1779128057.0715396,0.000068866
experiment_name,0325d328-7386-459a-9adc-21ce70032ed7,function_execution_time,1779128057.1728513,0.000070856
experiment_name,0325d328-7386-459a-9adc-21ce70032ed7,function_execution_time,1779128057.2741718,0.000070542
experiment_name,0325d328-7386-459a-9adc-21ce70032ed7,function_execution_time,1779128057.3755717,0.000093225
experiment_name,0325d328-7386-459a-9adc-21ce70032ed7,function_execution_time,1779128057.4768133,0.000068673
experiment_name,0325d328-7386-459a-9adc-21ce70032ed7,function_execution_time,1779128057.57815,0.000069249
experiment_name,0325d328-7386-459a-9adc-21ce70032ed7,function_execution_time,1779128057.6795201,0.000111231
experiment_name,0325d328-7386-459a-9adc-21ce70032ed7,function_execution_time,1779128057.781087,0.000093469
experiment_name,0325d328-7386-459a-9adc-21ce70032ed7,function_execution_time,1779128057.8814456,0.000133869
experiment_name,0325d328-7386-459a-9adc-21ce70032ed7,function_execution_time,1779128057.982635,0.000050169
experiment_name,0325d328-7386-459a-9adc-21ce70032ed7,function_execution_time,1779128058.0838776,0.000050421
experiment_name,0325d328-7386-459a-9adc-21ce70032ed7,function_execution_time,1779128058.185196,0.000078548
experiment_name,0325d328-7386-459a-9adc-21ce70032ed7,function_execution_time,1779128058.286653,0.00008213
experiment_name,0325d328-7386-459a-9adc-21ce70032ed7,function_execution_time,1779128058.387939,0.000090805
experiment_name,0325d328-7386-459a-9adc-21ce70032ed7,function_execution_time,1779128058.4883778,0.000076609
experiment_name,0325d328-7386-459a-9adc-21ce70032ed7,function_execution_time,1779128058.5896504,0.000070403
experiment_name,0325d328-7386-459a-9adc-21ce70032ed7,function_execution_time,1779128058.690946,0.000074647
experiment_name,0325d328-7386-459a-9adc-21ce70032ed7,function_execution_time,1779128058.7922416,0.000077984
experiment_name,0325d328-7386-459a-9adc-21ce70032ed7,function_execution_time,1779128058.893625,0.000140541
experiment_name,0325d328-7386-459a-9adc-21ce70032ed7,function_execution_time,1779128058.9949558,0.000069055
experiment_name,0325d328-7386-459a-9adc-21ce70032ed7,function_execution_time,1779128059.096273,0.000070027
experiment_name,0325d328-7386-459a-9adc-21ce70032ed7,function_execution_time,1779128059.1975355,0.000068549
experiment_name,0325d328-7386-459a-9adc-21ce70032ed7,function_execution_time,1779128059.2988622,0.000080581
experiment_name,0325d328-7386-459a-9adc-21ce70032ed7,function_execution_time,1779128059.4001772,0.000070164
experiment_name,0325d328-7386-459a-9adc-21ce70032ed7,function_execution_time,1779128059.5015283,0.000068888
experiment_name,0325d328-7386-459a-9adc-21ce70032ed7,function_execution_time,1779128059.60283,0.000082825
experiment_name,9ffc2740-2ad6-45f0-9f04-127377a74691,function_execution_time,1779128054.641185,0.000055391
experiment_name,9ffc2740-2ad6-45f0-9f04-127377a74691,function_execution_time,1779128054.7416508,0.00005562
experiment_name,9ffc2740-2ad6-45f0-9f04-127377a74691,function_execution_time,1779128054.8429255,0.000061648
experiment_name,9ffc2740-2ad6-45f0-9f04-127377a74691,function_execution_time,1779128054.944342,0.000062967
experiment_name,9ffc2740-2ad6-45f0-9f04-127377a74691,function_execution_time,1779128055.045653,0.000057104
experiment_name,9ffc2740-2ad6-45f0-9f04-127377a74691,function_execution_time,1779128055.1471472,0.000053874
experiment_name,9ffc2740-2ad6-45f0-9f04-127377a74691,function_execution_time,1779128055.2483652,0.00005204
experiment_name,9ffc2740-2ad6-45f0-9f04-127377a74691,function_execution_time,1779128055.3498654,0.000056897
experiment_name,9ffc2740-2ad6-45f0-9f04-127377a74691,function_execution_time,1779128055.4512029,0.000062136
experiment_name,9ffc2740-2ad6-45f0-9f04-127377a74691,function_execution_time,1779128055.5525284,0.000054039
experiment_name,9ffc2740-2ad6-45f0-9f04-127377a74691,function_execution_time,1779128055.6538002,0.000075233
experiment_name,9ffc2740-2ad6-45f0-9f04-127377a74691,function_execution_time,1779128055.755136,0.000068631
experiment_name,9ffc2740-2ad6-45f0-9f04-127377a74691,function_execution_time,1779128055.8555443,0.00005897
experiment_name,9ffc2740-2ad6-45f0-9f04-127377a74691,function_execution_time,1779128055.9570353,0.000059468
experiment_name,9ffc2740-2ad6-45f0-9f04-127377a74691,function_execution_time,1779128056.058366,0.000066115
experiment_name,9ffc2740-2ad6-45f0-9f04-127377a74691,function_execution_time,1779128056.1597188,0.000058472
experiment_name,9ffc2740-2ad6-45f0-9f04-127377a74691,function_execution_time,1779128056.2610452,0.000058873
experiment_name,9ffc2740-2ad6-45f0-9f04-127377a74691,function_execution_time,1779128056.3623805,0.000058261
experiment_name,9ffc2740-2ad6-45f0-9f04-127377a74691,function_execution_time,1779128056.463691,0.000064738
experiment_name,9ffc2740-2ad6-45f0-9f04-127377a74691,function_execution_time,1779128056.5650098,0.000056837
experiment_name,9ffc2740-2ad6-45f0-9f04-127377a74691,function_execution_time,1779128056.6663268,0.000058372
experiment_name,9ffc2740-2ad6-45f0-9f04-127377a74691,function_execution_time,1779128056.7676454,0.000057021
experiment_name,9ffc2740-2ad6-45f0-9f04-127377a74691,function_execution_time,1779128056.8689673,0.000056127
experiment_name,9ffc2740-2ad6-45f0-9f04-127377a74691,function_execution_time,1779128056.97037,0.000067743
experiment_name,9ffc2740-2ad6-45f0-9f04-127377a74691,function_execution_time,1779128057.0717132,0.000057576
experiment_name,9ffc2740-2ad6-45f0-9f04-127377a74691,function_execution_time,1779128057.1730196,0.000058386
experiment_name,9ffc2740-2ad6-45f0-9f04-127377a74691,function_execution_time,1779128057.2743468,0.000058809
experiment_name,9ffc2740-2ad6-45f0-9f04-127377a74691,function_execution_time,1779128057.375666,0.000060945
experiment_name,9ffc2740-2ad6-45f0-9f04-127377a74691,function_execution_time,1779128057.4769087,0.00005706
experiment_name,9ffc2740-2ad6-45f0-9f04-127377a74691,function_execution_time,1779128057.5782955,0.000055447
experiment_name,9ffc2740-2ad6-45f0-9f04-127377a74691,function_execution_time,1779128057.6796565,0.000066655
experiment_name,9ffc2740-2ad6-45f0-9f04-127377a74691,function_execution_time,1779128057.781166,0.000070739
experiment_name,9ffc2740-2ad6-45f0-9f04-127377a74691,function_execution_time,1779128057.881493,0.000063944
experiment_name,9ffc2740-2ad6-45f0-9f04-127377a74691,function_execution_time,1779128057.9827173,0.000039863
experiment_name,9ffc2740-2ad6-45f0-9f04-127377a74691,function_execution_time,1779128058.0839605,0.000041883
experiment_name,9ffc2740-2ad6-45f0-9f04-127377a74691,function_execution_time,1779128058.1853275,0.000058862
experiment_name,9ffc2740-2ad6-45f0-9f04-127377a74691,function_execution_time,1779128058.2868402,0.000069344
experiment_name,9ffc2740-2ad6-45f0-9f04-127377a74691,function_execution_time,1779128058.388056,0.000060923
experiment_name,9ffc2740-2ad6-45f0-9f04-127377a74691,function_execution_time,1779128058.4885297,0.000059198
experiment_name,9ffc2740-2ad6-45f0-9f04-127377a74691,function_execution_time,1779128058.5898182,0.000061544
experiment_name,9ffc2740-2ad6-45f0-9f04-127377a74691,function_execution_time,1779128058.6911042,0.000056797
experiment_name,9ffc2740-2ad6-45f0-9f04-127377a74691,function_execution_time,1779128058.7923882,0.000062201
experiment_name,9ffc2740-2ad6-45f0-9f04-127377a74691,function_execution_time,1779128058.8936841,0.000058035
experiment_name,9ffc2740-2ad6-45f0-9f04-127377a74691,function_execution_time,1779128058.9950998,0.000057393
experiment_name,9ffc2740-2ad6-45f0-9f04-127377a74691,function_execution_time,1779128059.096439,0.000054424
experiment_name,9ffc2740-2ad6-45f0-9f04-127377a74691,function_execution_time,1779128059.1976993,0.000058409
experiment_name,9ffc2740-2ad6-45f0-9f04-127377a74691,function_execution_time,1779128059.2990198,0.000053978
experiment_name,9ffc2740-2ad6-45f0-9f04-127377a74691,function_execution_time,1779128059.400344,0.000061829
experiment_name,9ffc2740-2ad6-45f0-9f04-127377a74691,function_execution_time,1779128059.5016625,0.000055357
experiment_name,9ffc2740-2ad6-45f0-9f04-127377a74691,function_execution_time,1779128059.602921,0.000055646
experiment_name,9ffc2740-2ad6-45f0-9f04-127377a74691,function_transfer_time,1779128054.6411245,0.000026728
experiment_name,9ffc2740-2ad6-45f0-9f04-127377a74691,function_transfer_time,1779128054.741594,0.000102005
experiment_name,9ffc2740-2ad6-45f0-9f04-127377a74691,function_transfer_time,1779128054.8428638,0.000034113
experiment_name,9ffc2740-2ad6-45f0-9f04-127377a74691,function_transfer_time,1779128054.944278,0.000125305
experiment_name,9ffc2740-2ad6-45f0-9f04-127377a74691,function_transfer_time,1779128055.045588,0.000122565
experiment_name,9ffc2740-2ad6-45f0-9f04-127377a74691,function_transfer_time,1779128055.1470926,0.000121397
experiment_name,9ffc2740-2ad6-45f0-9f04-127377a74691,function_transfer_time,1779128055.2483108,0.00003436
experiment_name,9ffc2740-2ad6-45f0-9f04-127377a74691,function_transfer_time,1779128055.3498082,0.000130928
experiment_name,9ffc2740-2ad6-45f0-9f04-127377a74691,function_transfer_time,1779128055.4511406,0.00011977
experiment_name,9ffc2740-2ad6-45f0-9f04-127377a74691,function_transfer_time,1779128055.5524735,0.000131505
experiment_name,9ffc2740-2ad6-45f0-9f04-127377a74691,function_transfer_time,1779128055.6537752,0.000045967
experiment_name,9ffc2740-2ad6-45f0-9f04-127377a74691,function_transfer_time,1779128055.755133,0.000050613
experiment_name,9ffc2740-2ad6-45f0-9f04-127377a74691,function_transfer_time,1779128055.8554773,0.000047058
experiment_name,9ffc2740-2ad6-45f0-9f04-127377a74691,function_transfer_time,1779128055.9569764,0.000122172
experiment_name,9ffc2740-2ad6-45f0-9f04-127377a74691,function_transfer_time,1779128056.0582995,0.000118728
experiment_name,9ffc2740-2ad6-45f0-9f04-127377a74691,function_transfer_time,1779128056.1596608,0.000129465
experiment_name,9ffc2740-2ad6-45f0-9f04-127377a74691,function_transfer_time,1779128056.260986,0.000138555
experiment_name,9ffc2740-2ad6-45f0-9f04-127377a74691,function_transfer_time,1779128056.3623223,0.000120353
experiment_name,9ffc2740-2ad6-45f0-9f04-127377a74691,function_transfer_time,1779128056.4636254,0.000115661
experiment_name,9ffc2740-2ad6-45f0-9f04-127377a74691,function_transfer_time,1779128056.5649533,0.000118594
experiment_name,9ffc2740-2ad6-45f0-9f04-127377a74691,function_transfer_time,1779128056.6662679,0.000133723
experiment_name,9ffc2740-2ad6-45f0-9f04-127377a74691,function_transfer_time,1779128056.767582,0.000106294
experiment_name,9ffc2740-2ad6-45f0-9f04-127377a74691,function_transfer_time,1779128056.8689113,0.000035311
experiment_name,9ffc2740-2ad6-45f0-9f04-127377a74691,function_transfer_time,1779128056.9702964,0.000130894
experiment_name,9ffc2740-2ad6-45f0-9f04-127377a74691,function_transfer_time,1779128057.071655,0.000146492
experiment_name,9ffc2740-2ad6-45f0-9f04-127377a74691,function_transfer_time,1779128057.1729615,0.000134357
experiment_name,9ffc2740-2ad6-45f0-9f04-127377a74691,function_transfer_time,1779128057.274288,0.000142695
experiment_name,9ffc2740-2ad6-45f0-9f04-127377a74691,function_transfer_time,1779128057.3755999,0.000106205
experiment_name,9ffc2740-2ad6-45f0-9f04-127377a74691,function_transfer_time,1779128057.4769056,0.000052251
experiment_name,9ffc2740-2ad6-45f0-9f04-127377a74691,function_transfer_time,1779128057.5782394,0.000111584
experiment_name,9ffc2740-2ad6-45f0-9f04-127377a74691,function_transfer_time,1779128057.6795824,0.00010396
experiment_name,9ffc2740-2ad6-45f0-9f04-127377a74691,function_transfer_time,1779128057.7810898,0.000112771
experiment_name,9ffc2740-2ad6-45f0-9f04-127377a74691,function_transfer_time,1779128057.8814368,0.000027298
experiment_name,9ffc2740-2ad6-45f0-9f04-127377a74691,function_transfer_time,1779128057.9827137,0.000062876
experiment_name,9ffc2740-2ad6-45f0-9f04-127377a74691,function_transfer_time,1779128058.0839567,0.00005268
experiment_name,9ffc2740-2ad6-45f0-9f04-127377a74691,function_transfer_time,1779128058.185257,0.000087285
experiment_name,9ffc2740-2ad6-45f0-9f04-127377a74691,function_transfer_time,1779128058.2867706,0.000135615
experiment_name,9ffc2740-2ad6-45f0-9f04-127377a74691,function_transfer_time,1779128058.3879921,0.000084467
experiment_name,9ffc2740-2ad6-45f0-9f04-127377a74691,function_transfer_time,1779128058.4884698,0.000117305
experiment_name,9ffc2740-2ad6-45f0-9f04-127377a74691,function_transfer_time,1779128058.5897565,0.000131824
experiment_name,9ffc2740-2ad6-45f0-9f04-127377a74691,function_transfer_time,1779128058.6910477,0.000119887
experiment_name,9ffc2740-2ad6-45f0-9f04-127377a74691,function_transfer_time,1779128058.7923253,0.00010684
experiment_name,9ffc2740-2ad6-45f0-9f04-127377a74691,function_transfer_time,1779128058.8936276,0.000037074
experiment_name,9ffc2740-2ad6-45f0-9f04-127377a74691,function_transfer_time,1779128058.9950478,0.000111342
experiment_name,9ffc2740-2ad6-45f0-9f04-127377a74691,function_transfer_time,1779128059.0963764,0.000132332
experiment_name,9ffc2740-2ad6-45f0-9f04-127377a74691,function_transfer_time,1779128059.1976404,0.00013254
experiment_name,9ffc2740-2ad6-45f0-9f04-127377a74691,function_transfer_time,1779128059.2989655,0.000122538
experiment_name,9ffc2740-2ad6-45f0-9f04-127377a74691,function_transfer_time,1779128059.4002814,0.00013043
experiment_name,9ffc2740-2ad6-45f0-9f04-127377a74691,function_transfer_time,1779128059.5016115,0.00010168
experiment_name,9ffc2740-2ad6-45f0-9f04-127377a74691,function_transfer_time,1779128059.6028585,0.000109451
experiment_name,0325d328-7386-459a-9adc-21ce70032ed7,function_transfer_time,1779128054.6410391,0.000095014
experiment_name,0325d328-7386-459a-9adc-21ce70032ed7,function_transfer_time,1779128054.7414346,0.000085732
experiment_name,0325d328-7386-459a-9adc-21ce70032ed7,function_transfer_time,1779128054.842699,0.000023498
experiment_name,0325d328-7386-459a-9adc-21ce70032ed7,function_transfer_time,1779128054.9440897,0.000078557
experiment_name,0325d328-7386-459a-9adc-21ce70032ed7,function_transfer_time,1779128055.045405,0.000080221
experiment_name,0325d328-7386-459a-9adc-21ce70032ed7,function_transfer_time,1779128055.1469164,0.000082508
experiment_name,0325d328-7386-459a-9adc-21ce70032ed7,function_transfer_time,1779128055.2482216,0.000077471
experiment_name,0325d328-7386-459a-9adc-21ce70032ed7,function_transfer_time,1779128055.3496208,0.000081345
experiment_name,0325d328-7386-459a-9adc-21ce70032ed7,function_transfer_time,1779128055.4509668,0.000080882
experiment_name,0325d328-7386-459a-9adc-21ce70032ed7,function_transfer_time,1779128055.5522823,0.000082981
experiment_name,0325d328-7386-459a-9adc-21ce70032ed7,function_transfer_time,1779128055.653611,0.000084767
experiment_name,0325d328-7386-459a-9adc-21ce70032ed7,function_transfer_time,1779128055.7549546,0.000095945
experiment_name,0325d328-7386-459a-9adc-21ce70032ed7,function_transfer_time,1779128055.8553085,0.000081117
experiment_name,0325d328-7386-459a-9adc-21ce70032ed7,function_transfer_time,1779128055.9567888,0.00008518
experiment_name,0325d328-7386-459a-9adc-21ce70032ed7,function_transfer_time,1779128056.0581257,0.000092843
experiment_name,0325d328-7386-459a-9adc-21ce70032ed7,function_transfer_time,1779128056.1594734,0.000089646
experiment_name,0325d328-7386-459a-9adc-21ce70032ed7,function_transfer_time,1779128056.2607899,0.000077519
experiment_name,0325d328-7386-459a-9adc-21ce70032ed7,function_transfer_time,1779128056.3621457,0.000080513
experiment_name,0325d328-7386-459a-9adc-21ce70032ed7,function_transfer_time,1779128056.4634562,0.00008785
experiment_name,0325d328-7386-459a-9adc-21ce70032ed7,function_transfer_time,1779128056.564781,0.000081016
experiment_name,0325d328-7386-459a-9adc-21ce70032ed7,function_transfer_time,1779128056.6660714,0.000079475
experiment_name,0325d328-7386-459a-9adc-21ce70032ed7,function_transfer_time,1779128056.767388,0.000077061
experiment_name,0325d328-7386-459a-9adc-21ce70032ed7,function_transfer_time,1779128056.8687556,0.000084299
experiment_name,0325d328-7386-459a-9adc-21ce70032ed7,function_transfer_time,1779128056.9701123,0.000088274
experiment_name,0325d328-7386-459a-9adc-21ce70032ed7,function_transfer_time,1779128057.0714583,0.000089581
experiment_name,0325d328-7386-459a-9adc-21ce70032ed7,function_transfer_time,1779128057.1727724,0.000083844
experiment_name,0325d328-7386-459a-9adc-21ce70032ed7,function_transfer_time,1779128057.2740896,0.000080028
experiment_name,0325d328-7386-459a-9adc-21ce70032ed7,function_transfer_time,1779128057.3754253,0.000081578
experiment_name,0325d328-7386-459a-9adc-21ce70032ed7,function_transfer_time,1779128057.4767315,0.000082418
experiment_name,0325d328-7386-459a-9adc-21ce70032ed7,function_transfer_time,1779128057.5780675,0.000076508
experiment_name,0325d328-7386-459a-9adc-21ce70032ed7,function_transfer_time,1779128057.6794086,0.000101174
experiment_name,0325d328-7386-459a-9adc-21ce70032ed7,function_transfer_time,1779128057.7809167,0.000084085
experiment_name,0325d328-7386-459a-9adc-21ce70032ed7,function_transfer_time,1779128057.8812957,0.000014135
experiment_name,0325d328-7386-459a-9adc-21ce70032ed7,function_transfer_time,1779128057.982554,0.000010618
experiment_name,0325d328-7386-459a-9adc-21ce70032ed7,function_transfer_time,1779128058.0837996,0.000007909
experiment_name,0325d328-7386-459a-9adc-21ce70032ed7,function_transfer_time,1779128058.185115,0.000082556
experiment_name,0325d328-7386-459a-9adc-21ce70032ed7,function_transfer_time,1779128058.2865713,0.000082858
experiment_name,0325d328-7386-459a-9adc-21ce70032ed7,function_transfer_time,1779128058.3878467,0.000054598
experiment_name,0325d328-7386-459a-9adc-21ce70032ed7,function_transfer_time,1779128058.4882941,0.000085494
experiment_name,0325d328-7386-459a-9adc-21ce70032ed7,function_transfer_time,1779128058.5895681,0.000020656
experiment_name,0325d328-7386-459a-9adc-21ce70032ed7,function_transfer_time,1779128058.6908724,0.000078561
experiment_name,0325d328-7386-459a-9adc-21ce70032ed7,function_transfer_time,1779128058.7921576,0.000024421
experiment_name,0325d328-7386-459a-9adc-21ce70032ed7,function_transfer_time,1779128058.893476,0.000084837
experiment_name,0325d328-7386-459a-9adc-21ce70032ed7,function_transfer_time,1779128058.994873,0.000022055
experiment_name,0325d328-7386-459a-9adc-21ce70032ed7,function_transfer_time,1779128059.0961895,0.000085223
experiment_name,0325d328-7386-459a-9adc-21ce70032ed7,function_transfer_time,1779128059.1974528,0.000026301
experiment_name,0325d328-7386-459a-9adc-21ce70032ed7,function_transfer_time,1779128059.298779,0.000074087
experiment_name,0325d328-7386-459a-9adc-21ce70032ed7,function_transfer_time,1779128059.400096,0.000081515
experiment_name,0325d328-7386-459a-9adc-21ce70032ed7,function_transfer_time,1779128059.5014517,0.000101587
experiment_name,0325d328-7386-459a-9adc-21ce70032ed7,function_transfer_time,1779128059.6026976,0.000018885
experiment_name,0325d328-7386-459a-9adc-21ce70032ed7,function_execution_time,1779128059.7043304,0.000082673
experiment_name,0325d328-7386-459a-9adc-21ce70032ed7,function_execution_time,1779128059.8057663,0.000096614
experiment_name,0325d328-7386-459a-9adc-21ce70032ed7,function_execution_time,1779128059.907053,0.000175204
experiment_name,0325d328-7386-459a-9adc-21ce70032ed7,function_execution_time,1779128060.0084176,0.000090233
experiment_name,0325d328-7386-459a-9adc-21ce70032ed7,function_execution_time,1779128060.1098244,0.000073298
experiment_name,0325d328-7386-459a-9adc-21ce70032ed7,function_execution_time,1779128060.211152,0.000077247
experiment_name,0325d328-7386-459a-9adc-21ce70032ed7,function_execution_time,1779128060.3125525,0.0001099
experiment_name,0325d328-7386-459a-9adc-21ce70032ed7,function_execution_time,1779128060.413813,0.000071233
experiment_name,0325d328-7386-459a-9adc-21ce70032ed7,function_execution_time,1779128060.5151434,0.000071286
experiment_name,0325d328-7386-459a-9adc-21ce70032ed7,function_execution_time,1779128060.6164522,0.000080156
experiment_name,0325d328-7386-459a-9adc-21ce70032ed7,function_execution_time,1779128060.7178607,0.000085061
experiment_name,0325d328-7386-459a-9adc-21ce70032ed7,function_execution_time,1779128060.819085,0.00007319
experiment_name,0325d328-7386-459a-9adc-21ce70032ed7,function_execution_time,1779128060.9195442,0.000158761
experiment_name,0325d328-7386-459a-9adc-21ce70032ed7,function_execution_time,1779128061.0208664,0.000080249
experiment_name,0325d328-7386-459a-9adc-21ce70032ed7,function_execution_time,1779128061.1221735,0.000071981
experiment_name,0325d328-7386-459a-9adc-21ce70032ed7,function_execution_time,1779128061.2235768,0.000088897
experiment_name,0325d328-7386-459a-9adc-21ce70032ed7,function_execution_time,1779128061.324797,0.000072275
experiment_name,0325d328-7386-459a-9adc-21ce70032ed7,function_execution_time,1779128061.4261355,0.000084739
experiment_name,0325d328-7386-459a-9adc-21ce70032ed7,function_execution_time,1779128061.5275044,0.000100996
experiment_name,0325d328-7386-459a-9adc-21ce70032ed7,function_execution_time,1779128061.628871,0.000077925
experiment_name,0325d328-7386-459a-9adc-21ce70032ed7,function_execution_time,1779128061.7302089,0.000089777
experiment_name,0325d328-7386-459a-9adc-21ce70032ed7,function_execution_time,1779128061.8304784,0.000077398
experiment_name,0325d328-7386-459a-9adc-21ce70032ed7,function_execution_time,1779128061.9318023,0.000135187
experiment_name,0325d328-7386-459a-9adc-21ce70032ed7,function_execution_time,1779128062.0331454,0.000081351
experiment_name,0325d328-7386-459a-9adc-21ce70032ed7,function_execution_time,1779128062.1334023,0.000069449
experiment_name,0325d328-7386-459a-9adc-21ce70032ed7,function_execution_time,1779128062.2348404,0.000079572
experiment_name,0325d328-7386-459a-9adc-21ce70032ed7,function_execution_time,1779128062.3362105,0.000080086
experiment_name,0325d328-7386-459a-9adc-21ce70032ed7,function_execution_time,1779128062.4374409,0.000090594
experiment_name,0325d328-7386-459a-9adc-21ce70032ed7,function_execution_time,1779128062.5387027,0.000077102
experiment_name,0325d328-7386-459a-9adc-21ce70032ed7,function_execution_time,1779128062.6400537,0.000072233
experiment_name,0325d328-7386-459a-9adc-21ce70032ed7,function_execution_time,1779128062.7413633,0.000078024
experiment_name,0325d328-7386-459a-9adc-21ce70032ed7,function_execution_time,1779128062.8426955,0.000068889
experiment_name,0325d328-7386-459a-9adc-21ce70032ed7,function_execution_time,1779128062.9441094,0.000154119
experiment_name,0325d328-7386-459a-9adc-21ce70032ed7,function_execution_time,1779128063.0443962,0.000068289
experiment_name,0325d328-7386-459a-9adc-21ce70032ed7,function_execution_time,1779128063.1457338,0.000077852
experiment_name,0325d328-7386-459a-9adc-21ce70032ed7,function_execution_time,1779128063.247103,0.000078598
experiment_name,0325d328-7386-459a-9adc-21ce70032ed7,function_execution_time,1779128063.3483605,0.000072167
experiment_name,0325d328-7386-459a-9adc-21ce70032ed7,function_execution_time,1779128063.4496565,0.000079639
experiment_name,0325d328-7386-459a-9adc-21ce70032ed7,function_execution_time,1779128063.5509784,0.000071268
experiment_name,0325d328-7386-459a-9adc-21ce70032ed7,function_execution_time,1779128063.652309,0.000073902
experiment_name,0325d328-7386-459a-9adc-21ce70032ed7,function_execution_time,1779128063.7537954,0.000070168
experiment_name,0325d328-7386-459a-9adc-21ce70032ed7,function_execution_time,1779128063.8551304,0.000077599
experiment_name,0325d328-7386-459a-9adc-21ce70032ed7,function_execution_time,1779128063.9555254,0.000154358
experiment_name,0325d328-7386-459a-9adc-21ce70032ed7,function_execution_time,1779128064.0569031,0.00007112
experiment_name,0325d328-7386-459a-9adc-21ce70032ed7,function_execution_time,1779128064.158249,0.000078827
experiment_name,0325d328-7386-459a-9adc-21ce70032ed7,function_execution_time,1779128064.25957,0.000071938
experiment_name,0325d328-7386-459a-9adc-21ce70032ed7,function_execution_time,1779128064.36091,0.000070162
experiment_name,0325d328-7386-459a-9adc-21ce70032ed7,function_execution_time,1779128064.4622102,0.000070234
experiment_name,0325d328-7386-459a-9adc-21ce70032ed7,function_execution_time,1779128064.5636027,0.000084774
experiment_name,9ffc2740-2ad6-45f0-9f04-127377a74691,function_execution_time,1779128059.7044806,0.000066252
experiment_name,9ffc2740-2ad6-45f0-9f04-127377a74691,function_execution_time,1779128059.8058784,0.000076843
experiment_name,9ffc2740-2ad6-45f0-9f04-127377a74691,function_execution_time,1779128059.9071107,0.00006124
experiment_name,9ffc2740-2ad6-45f0-9f04-127377a74691,function_execution_time,1779128060.008517,0.000057496
experiment_name,9ffc2740-2ad6-45f0-9f04-127377a74691,function_execution_time,1779128060.1099806,0.000057564
experiment_name,9ffc2740-2ad6-45f0-9f04-127377a74691,function_execution_time,1779128060.2113109,0.000059155
experiment_name,9ffc2740-2ad6-45f0-9f04-127377a74691,function_execution_time,1779128060.312668,0.000067701
experiment_name,9ffc2740-2ad6-45f0-9f04-127377a74691,function_execution_time,1779128060.413948,0.000056938
experiment_name,9ffc2740-2ad6-45f0-9f04-127377a74691,function_execution_time,1779128060.5153053,0.000056932
experiment_name,9ffc2740-2ad6-45f0-9f04-127377a74691,function_execution_time,1779128060.6165977,0.000054556
experiment_name,9ffc2740-2ad6-45f0-9f04-127377a74691,function_execution_time,1779128060.7178726,0.000069813
experiment_name,9ffc2740-2ad6-45f0-9f04-127377a74691,function_execution_time,1779128060.8192575,0.000058846
experiment_name,9ffc2740-2ad6-45f0-9f04-127377a74691,function_execution_time,1779128060.9196076,0.000058243
experiment_name,9ffc2740-2ad6-45f0-9f04-127377a74691,function_execution_time,1779128061.0210385,0.000058506
experiment_name,9ffc2740-2ad6-45f0-9f04-127377a74691,function_execution_time,1779128061.1223307,0.000054122
experiment_name,9ffc2740-2ad6-45f0-9f04-127377a74691,function_execution_time,1779128061.2236543,0.000065726
experiment_name,9ffc2740-2ad6-45f0-9f04-127377a74691,function_execution_time,1779128061.3249576,0.000056322
experiment_name,9ffc2740-2ad6-45f0-9f04-127377a74691,function_execution_time,1779128061.426288,0.000057503
experiment_name,9ffc2740-2ad6-45f0-9f04-127377a74691,function_execution_time,1779128061.5275645,0.000060553
experiment_name,9ffc2740-2ad6-45f0-9f04-127377a74691,function_execution_time,1779128061.6289709,0.000062292
experiment_name,9ffc2740-2ad6-45f0-9f04-127377a74691,function_execution_time,1779128061.7302103,0.000063308
experiment_name,9ffc2740-2ad6-45f0-9f04-127377a74691,function_execution_time,1779128061.8305676,0.000054205
experiment_name,9ffc2740-2ad6-45f0-9f04-127377a74691,function_execution_time,1779128061.9318573,0.000057189
experiment_name,9ffc2740-2ad6-45f0-9f04-127377a74691,function_execution_time,1779128062.0332375,0.000061373
experiment_name,9ffc2740-2ad6-45f0-9f04-127377a74691,function_execution_time,1779128062.1334958,0.000066855
experiment_name,9ffc2740-2ad6-45f0-9f04-127377a74691,function_execution_time,1779128062.234999,0.000062423
experiment_name,9ffc2740-2ad6-45f0-9f04-127377a74691,function_execution_time,1779128062.3363106,0.000057689
experiment_name,9ffc2740-2ad6-45f0-9f04-127377a74691,function_execution_time,1779128062.437494,0.000062773
experiment_name,9ffc2740-2ad6-45f0-9f04-127377a74691,function_execution_time,1779128062.538861,0.000060387
experiment_name,9ffc2740-2ad6-45f0-9f04-127377a74691,function_execution_time,1779128062.6401432,0.000062091
experiment_name,9ffc2740-2ad6-45f0-9f04-127377a74691,function_execution_time,1779128062.7415164,0.000053594
experiment_name,9ffc2740-2ad6-45f0-9f04-127377a74691,function_execution_time,1779128062.8427734,0.000056138
experiment_name,9ffc2740-2ad6-45f0-9f04-127377a74691,function_execution_time,1779128062.9441752,0.000064107
experiment_name,9ffc2740-2ad6-45f0-9f04-127377a74691,function_execution_time,1779128063.0444908,0.000071788
experiment_name,9ffc2740-2ad6-45f0-9f04-127377a74691,function_execution_time,1779128063.1458955,0.000057977
experiment_name,9ffc2740-2ad6-45f0-9f04-127377a74691,function_execution_time,1779128063.2471857,0.000054068
experiment_name,9ffc2740-2ad6-45f0-9f04-127377a74691,function_execution_time,1779128063.348525,0.000057819
experiment_name,9ffc2740-2ad6-45f0-9f04-127377a74691,function_execution_time,1779128063.4497561,0.000071665
experiment_name,9ffc2740-2ad6-45f0-9f04-127377a74691,function_execution_time,1779128063.5511384,0.000056113
experiment_name,9ffc2740-2ad6-45f0-9f04-127377a74691,function_execution_time,1779128063.652475,0.000067175
experiment_name,9ffc2740-2ad6-45f0-9f04-127377a74691,function_execution_time,1779128063.7539496,0.000054238
experiment_name,9ffc2740-2ad6-45f0-9f04-127377a74691,function_execution_time,1779128063.8552716,0.000060329
experiment_name,9ffc2740-2ad6-45f0-9f04-127377a74691,function_execution_time,1779128063.955585,0.000054417
experiment_name,9ffc2740-2ad6-45f0-9f04-127377a74691,function_execution_time,1779128064.0570714,0.000056987
experiment_name,9ffc2740-2ad6-45f0-9f04-127377a74691,function_execution_time,1779128064.1584065,0.000054944
experiment_name,9ffc2740-2ad6-45f0-9f04-127377a74691,function_execution_time,1779128064.2597373,0.0000586
experiment_name,9ffc2740-2ad6-45f0-9f04-127377a74691,function_execution_time,1779128064.3610752,0.000061784
experiment_name,9ffc2740-2ad6-45f0-9f04-127377a74691,function_execution_time,1779128064.4623613,0.000054079
experiment_name,9ffc2740-2ad6-45f0-9f04-127377a74691,function_execution_time,1779128064.5636919,0.000054192
experiment_name,9ffc2740-2ad6-45f0-9f04-127377a74691,function_transfer_time,1779128059.704414,0.000104811
experiment_name,9ffc2740-2ad6-45f0-9f04-127377a74691,function_transfer_time,1779128059.805794,0.000113161
experiment_name,9ffc2740-2ad6-45f0-9f04-127377a74691,function_transfer_time,1779128059.9070494,0.000037483
experiment_name,9ffc2740-2ad6-45f0-9f04-127377a74691,function_transfer_time,1779128060.0084515,0.000121677
experiment_name,9ffc2740-2ad6-45f0-9f04-127377a74691,function_transfer_time,1779128060.1099231,0.000121826
experiment_name,9ffc2740-2ad6-45f0-9f04-127377a74691,function_transfer_time,1779128060.2112515,0.000120416
experiment_name,9ffc2740-2ad6-45f0-9f04-127377a74691,function_transfer_time,1779128060.3125942,0.000128113
experiment_name,9ffc2740-2ad6-45f0-9f04-127377a74691,function_transfer_time,1779128060.4138904,0.000107406
experiment_name,9ffc2740-2ad6-45f0-9f04-127377a74691,function_transfer_time,1779128060.5152478,0.000130853
experiment_name,9ffc2740-2ad6-45f0-9f04-127377a74691,function_transfer_time,1779128060.6165423,0.000122529
experiment_name,9ffc2740-2ad6-45f0-9f04-127377a74691,function_transfer_time,1779128060.7178576,0.000029273
experiment_name,9ffc2740-2ad6-45f0-9f04-127377a74691,function_transfer_time,1779128060.8191986,0.000131229
experiment_name,9ffc2740-2ad6-45f0-9f04-127377a74691,function_transfer_time,1779128060.919547,0.000035689
experiment_name,9ffc2740-2ad6-45f0-9f04-127377a74691,function_transfer_time,1779128061.0209794,0.000144179
experiment_name,9ffc2740-2ad6-45f0-9f04-127377a74691,function_transfer_time,1779128061.1222725,0.000120358
experiment_name,9ffc2740-2ad6-45f0-9f04-127377a74691,function_transfer_time,1779128061.2235794,0.000099052
experiment_name,9ffc2740-2ad6-45f0-9f04-127377a74691,function_transfer_time,1779128061.3248997,0.000120796
experiment_name,9ffc2740-2ad6-45f0-9f04-127377a74691,function_transfer_time,1779128061.4262261,0.000109797
experiment_name,9ffc2740-2ad6-45f0-9f04-127377a74691,function_transfer_time,1779128061.5275075,0.000035411
experiment_name,9ffc2740-2ad6-45f0-9f04-127377a74691,function_transfer_time,1779128061.6288996,0.00011043
experiment_name,9ffc2740-2ad6-45f0-9f04-127377a74691,function_transfer_time,1779128061.730206,0.000031128
experiment_name,9ffc2740-2ad6-45f0-9f04-127377a74691,function_transfer_time,1779128061.8305068,0.000111808
experiment_name,9ffc2740-2ad6-45f0-9f04-127377a74691,function_transfer_time,1779128061.9317997,0.000028205
experiment_name,9ffc2740-2ad6-45f0-9f04-127377a74691,function_transfer_time,1779128062.0331697,0.000103423
experiment_name,9ffc2740-2ad6-45f0-9f04-127377a74691,function_transfer_time,1779128062.1334214,0.000050543
experiment_name,9ffc2740-2ad6-45f0-9f04-127377a74691,function_transfer_time,1779128062.2349362,0.000112367
experiment_name,9ffc2740-2ad6-45f0-9f04-127377a74691,function_transfer_time,1779128062.3362489,0.000120577
experiment_name,9ffc2740-2ad6-45f0-9f04-127377a74691,function_transfer_time,1779128062.437438,0.000033797
experiment_name,9ffc2740-2ad6-45f0-9f04-127377a74691,function_transfer_time,1779128062.538801,0.000119599
experiment_name,9ffc2740-2ad6-45f0-9f04-127377a74691,function_transfer_time,1779128062.640127,0.000062557
experiment_name,9ffc2740-2ad6-45f0-9f04-127377a74691,function_transfer_time,1779128062.741463,0.000123326
experiment_name,9ffc2740-2ad6-45f0-9f04-127377a74691,function_transfer_time,1779128062.8427708,0.000052682
experiment_name,9ffc2740-2ad6-45f0-9f04-127377a74691,function_transfer_time,1779128062.9441173,0.000034197
experiment_name,9ffc2740-2ad6-45f0-9f04-127377a74691,function_transfer_time,1779128063.0444622,0.000053658
experiment_name,9ffc2740-2ad6-45f0-9f04-127377a74691,function_transfer_time,1779128063.145837,0.000127568
experiment_name,9ffc2740-2ad6-45f0-9f04-127377a74691,function_transfer_time,1779128063.2471275,0.00011241
experiment_name,9ffc2740-2ad6-45f0-9f04-127377a74691,function_transfer_time,1779128063.3484652,0.000129622
experiment_name,9ffc2740-2ad6-45f0-9f04-127377a74691,function_transfer_time,1779128063.4497406,0.000059388
experiment_name,9ffc2740-2ad6-45f0-9f04-127377a74691,function_transfer_time,1779128063.551082,0.00013094
experiment_name,9ffc2740-2ad6-45f0-9f04-127377a74691,function_transfer_time,1779128063.6524084,0.000121023
experiment_name,9ffc2740-2ad6-45f0-9f04-127377a74691,function_transfer_time,1779128063.7538948,0.000123902
experiment_name,9ffc2740-2ad6-45f0-9f04-127377a74691,function_transfer_time,1779128063.8552113,0.000104524
experiment_name,9ffc2740-2ad6-45f0-9f04-127377a74691,function_transfer_time,1779128063.9555275,0.00003588
experiment_name,9ffc2740-2ad6-45f0-9f04-127377a74691,function_transfer_time,1779128064.0570145,0.000133483
experiment_name,9ffc2740-2ad6-45f0-9f04-127377a74691,function_transfer_time,1779128064.1583512,0.000133397
experiment_name,9ffc2740-2ad6-45f0-9f04-127377a74691,function_transfer_time,1779128064.2596788,0.000131441
experiment_name,9ffc2740-2ad6-45f0-9f04-127377a74691,function_transfer_time,1779128064.361013,0.000130922
experiment_name,9ffc2740-2ad6-45f0-9f04-127377a74691,function_transfer_time,1779128064.4623072,0.000121812
experiment_name,9ffc2740-2ad6-45f0-9f04-127377a74691,function_transfer_time,1779128064.5636299,0.000111371
experiment_name,0325d328-7386-459a-9adc-21ce70032ed7,function_transfer_time,1779128059.7042503,0.000081873
experiment_name,0325d328-7386-459a-9adc-21ce70032ed7,function_transfer_time,1779128059.8056138,0.000090497
experiment_name,0325d328-7386-459a-9adc-21ce70032ed7,function_transfer_time,1779128059.906871,0.00002646
experiment_name,0325d328-7386-459a-9adc-21ce70032ed7,function_transfer_time,1779128060.0082667,0.000082536
experiment_name,0325d328-7386-459a-9adc-21ce70032ed7,function_transfer_time,1779128060.1097465,0.000080559
experiment_name,0325d328-7386-459a-9adc-21ce70032ed7,function_transfer_time,1779128060.2110732,0.000077242
experiment_name,0325d328-7386-459a-9adc-21ce70032ed7,function_transfer_time,1779128060.312389,0.000080453
experiment_name,0325d328-7386-459a-9adc-21ce70032ed7,function_transfer_time,1779128060.4137263,0.000082198
experiment_name,0325d328-7386-459a-9adc-21ce70032ed7,function_transfer_time,1779128060.5150616,0.000076449
experiment_name,0325d328-7386-459a-9adc-21ce70032ed7,function_transfer_time,1779128060.616366,0.000077545
experiment_name,0325d328-7386-459a-9adc-21ce70032ed7,function_transfer_time,1779128060.7177124,0.000084584
experiment_name,0325d328-7386-459a-9adc-21ce70032ed7,function_transfer_time,1779128060.819011,0.000081558
experiment_name,0325d328-7386-459a-9adc-21ce70032ed7,function_transfer_time,1779128060.9193828,0.00008481
experiment_name,0325d328-7386-459a-9adc-21ce70032ed7,function_transfer_time,1779128061.02078,0.00007768
experiment_name,0325d328-7386-459a-9adc-21ce70032ed7,function_transfer_time,1779128061.1220973,0.000079638
experiment_name,0325d328-7386-459a-9adc-21ce70032ed7,function_transfer_time,1779128061.2234225,0.000081545
experiment_name,0325d328-7386-459a-9adc-21ce70032ed7,function_transfer_time,1779128061.3247204,0.000079674
experiment_name,0325d328-7386-459a-9adc-21ce70032ed7,function_transfer_time,1779128061.4260502,0.000083089
experiment_name,0325d328-7386-459a-9adc-21ce70032ed7,function_transfer_time,1779128061.5273967,0.000098337
experiment_name,0325d328-7386-459a-9adc-21ce70032ed7,function_transfer_time,1779128061.6287374,0.000083204
experiment_name,0325d328-7386-459a-9adc-21ce70032ed7,function_transfer_time,1779128061.730053,0.000081883
experiment_name,0325d328-7386-459a-9adc-21ce70032ed7,function_transfer_time,1779128061.8303447,0.000078288
experiment_name,0325d328-7386-459a-9adc-21ce70032ed7,function_transfer_time,1779128061.9316607,0.000084515
experiment_name,0325d328-7386-459a-9adc-21ce70032ed7,function_transfer_time,1779128062.033016,0.000092
experiment_name,0325d328-7386-459a-9adc-21ce70032ed7,function_transfer_time,1779128062.1333206,0.000082417
experiment_name,0325d328-7386-459a-9adc-21ce70032ed7,function_transfer_time,1779128062.2347627,0.000022964
experiment_name,0325d328-7386-459a-9adc-21ce70032ed7,function_transfer_time,1779128062.3360746,0.000075283
experiment_name,0325d328-7386-459a-9adc-21ce70032ed7,function_transfer_time,1779128062.4373326,0.000021654
experiment_name,0325d328-7386-459a-9adc-21ce70032ed7,function_transfer_time,1779128062.5386245,0.000080316
experiment_name,0325d328-7386-459a-9adc-21ce70032ed7,function_transfer_time,1779128062.6399605,0.000083332
experiment_name,0325d328-7386-459a-9adc-21ce70032ed7,function_transfer_time,1779128062.741287,0.000078022
experiment_name,0325d328-7386-459a-9adc-21ce70032ed7,function_transfer_time,1779128062.8426127,0.000080841
experiment_name,0325d328-7386-459a-9adc-21ce70032ed7,function_transfer_time,1779128062.9439497,0.00008264
experiment_name,0325d328-7386-459a-9adc-21ce70032ed7,function_transfer_time,1779128063.0443125,0.000076349
experiment_name,0325d328-7386-459a-9adc-21ce70032ed7,function_transfer_time,1779128063.145648,0.000079923
experiment_name,0325d328-7386-459a-9adc-21ce70032ed7,function_transfer_time,1779128063.2469654,0.000085443
experiment_name,0325d328-7386-459a-9adc-21ce70032ed7,function_transfer_time,1779128063.3482814,0.000082749
experiment_name,0325d328-7386-459a-9adc-21ce70032ed7,function_transfer_time,1779128063.4495685,0.000083776
experiment_name,0325d328-7386-459a-9adc-21ce70032ed7,function_transfer_time,1779128063.550895,0.000081126
experiment_name,0325d328-7386-459a-9adc-21ce70032ed7,function_transfer_time,1779128063.6522973,0.000080235
experiment_name,0325d328-7386-459a-9adc-21ce70032ed7,function_transfer_time,1779128063.7537186,0.000086554
experiment_name,0325d328-7386-459a-9adc-21ce70032ed7,function_transfer_time,1779128063.8550456,0.000075936
experiment_name,0325d328-7386-459a-9adc-21ce70032ed7,function_transfer_time,1779128063.9553683,0.000087744
experiment_name,0325d328-7386-459a-9adc-21ce70032ed7,function_transfer_time,1779128064.0568264,0.000077703
experiment_name,0325d328-7386-459a-9adc-21ce70032ed7,function_transfer_time,1779128064.1581635,0.000082003
experiment_name,0325d328-7386-459a-9adc-21ce70032ed7,function_transfer_time,1779128064.2594912,0.000085952
experiment_name,0325d328-7386-459a-9adc-21ce70032ed7,function_transfer_time,1779128064.360827,0.000078236
experiment_name,0325d328-7386-459a-9adc-21ce70032ed7,function_transfer_time,1779128064.462132,0.000080785
experiment_name,0325d328-7386-459a-9adc-21ce70032ed7,function_transfer_time,1779128064.563459,0.000080459
experiment_name,0325d328-7386-459a-9adc-21ce70032ed7,function_execution_time,1779128064.6649597,0.000076106
experiment_name,0325d328-7386-459a-9adc-21ce70032ed7,function_execution_time,1779128064.7662814,0.000072546
experiment_name,0325d328-7386-459a-9adc-21ce70032ed7,function_execution_time,1779128064.8676171,0.000081763
experiment_name,0325d328-7386-459a-9adc-21ce70032ed7,function_execution_time,1779128064.9691737,0.000153531
experiment_name,0325d328-7386-459a-9adc-21ce70032ed7,function_execution_time,1779128065.0705202,0.000093876
experiment_name,0325d328-7386-459a-9adc-21ce70032ed7,function_execution_time,1779128065.171848,0.000091066
experiment_name,0325d328-7386-459a-9adc-21ce70032ed7,function_execution_time,1779128065.2730956,0.00007141
experiment_name,0325d328-7386-459a-9adc-21ce70032ed7,function_execution_time,1779128065.3734267,0.000071208
experiment_name,0325d328-7386-459a-9adc-21ce70032ed7,function_execution_time,1779128065.4746842,0.000071195
experiment_name,0325d328-7386-459a-9adc-21ce70032ed7,function_execution_time,1779128065.5760922,0.000082761
experiment_name,0325d328-7386-459a-9adc-21ce70032ed7,function_execution_time,1779128065.6773298,0.000068103
experiment_name,0325d328-7386-459a-9adc-21ce70032ed7,function_execution_time,1779128065.7786117,0.000096485
experiment_name,0325d328-7386-459a-9adc-21ce70032ed7,function_execution_time,1779128065.879922,0.000093773
experiment_name,0325d328-7386-459a-9adc-21ce70032ed7,function_execution_time,1779128065.9813411,0.000160086
experiment_name,0325d328-7386-459a-9adc-21ce70032ed7,function_execution_time,1779128066.0825841,0.000071596
experiment_name,0325d328-7386-459a-9adc-21ce70032ed7,function_execution_time,1779128066.183893,0.000076413
experiment_name,0325d328-7386-459a-9adc-21ce70032ed7,function_execution_time,1779128066.285237,0.000080408
experiment_name,0325d328-7386-459a-9adc-21ce70032ed7,function_execution_time,1779128066.3865397,0.000072459
experiment_name,0325d328-7386-459a-9adc-21ce70032ed7,function_execution_time,1779128066.4878633,0.000072171
experiment_name,0325d328-7386-459a-9adc-21ce70032ed7,function_execution_time,1779128066.5891385,0.000079167
experiment_name,0325d328-7386-459a-9adc-21ce70032ed7,function_execution_time,1779128066.6904585,0.000085137
experiment_name,0325d328-7386-459a-9adc-21ce70032ed7,function_execution_time,1779128066.7917435,0.000069153
experiment_name,0325d328-7386-459a-9adc-21ce70032ed7,function_execution_time,1779128066.893054,0.000071387
experiment_name,0325d328-7386-459a-9adc-21ce70032ed7,function_execution_time,1779128066.9934175,0.000153621
experiment_name,0325d328-7386-459a-9adc-21ce70032ed7,function_execution_time,1779128067.0948198,0.000074369
experiment_name,0325d328-7386-459a-9adc-21ce70032ed7,function_execution_time,1779128067.196087,0.000073599
experiment_name,0325d328-7386-459a-9adc-21ce70032ed7,function_execution_time,1779128067.2964132,0.000079235
experiment_name,0325d328-7386-459a-9adc-21ce70032ed7,function_execution_time,1779128067.3976645,0.000071341
experiment_name,0325d328-7386-459a-9adc-21ce70032ed7,function_execution_time,1779128067.4989939,0.000071105
experiment_name,0325d328-7386-459a-9adc-21ce70032ed7,function_execution_time,1779128067.6003542,0.000073737
experiment_name,0325d328-7386-459a-9adc-21ce70032ed7,function_execution_time,1779128067.701695,0.000082096
experiment_name,0325d328-7386-459a-9adc-21ce70032ed7,function_execution_time,1779128067.8030841,0.00006918
experiment_name,0325d328-7386-459a-9adc-21ce70032ed7,function_execution_time,1779128067.9034524,0.000076
experiment_name,0325d328-7386-459a-9adc-21ce70032ed7,function_execution_time,1779128068.004948,0.000144213
experiment_name,0325d328-7386-459a-9adc-21ce70032ed7,function_execution_time,1779128068.10623,0.000069736
experiment_name,0325d328-7386-459a-9adc-21ce70032ed7,function_execution_time,1779128068.2075095,0.000068203
experiment_name,0325d328-7386-459a-9adc-21ce70032ed7,function_execution_time,1779128068.3088179,0.000082895
experiment_name,0325d328-7386-459a-9adc-21ce70032ed7,function_execution_time,1779128068.4101653,0.000080458
experiment_name,0325d328-7386-459a-9adc-21ce70032ed7,function_execution_time,1779128068.5115743,0.000088788
experiment_name,0325d328-7386-459a-9adc-21ce70032ed7,function_execution_time,1779128068.612742,0.000070531
experiment_name,0325d328-7386-459a-9adc-21ce70032ed7,function_execution_time,1779128068.7141514,0.000087859
experiment_name,0325d328-7386-459a-9adc-21ce70032ed7,function_execution_time,1779128068.814395,0.000068578
experiment_name,0325d328-7386-459a-9adc-21ce70032ed7,function_execution_time,1779128068.915717,0.000070646
experiment_name,0325d328-7386-459a-9adc-21ce70032ed7,function_execution_time,1779128069.017118,0.000156626
experiment_name,0325d328-7386-459a-9adc-21ce70032ed7,function_execution_time,1779128069.1175394,0.000096837
experiment_name,0325d328-7386-459a-9adc-21ce70032ed7,function_execution_time,1779128069.2187672,0.000090152
experiment_name,0325d328-7386-459a-9adc-21ce70032ed7,function_execution_time,1779128069.3200362,0.000077445
experiment_name,0325d328-7386-459a-9adc-21ce70032ed7,function_execution_time,1779128069.4203858,0.000068543
experiment_name,0325d328-7386-459a-9adc-21ce70032ed7,function_execution_time,1779128069.5216992,0.000080938
experiment_name,0325d328-7386-459a-9adc-21ce70032ed7,function_execution_time,1779128069.6230245,0.000067923
experiment_name,9ffc2740-2ad6-45f0-9f04-127377a74691,function_execution_time,1779128064.6651342,0.00005869
experiment_name,9ffc2740-2ad6-45f0-9f04-127377a74691,function_execution_time,1779128064.7664652,0.000074634
experiment_name,9ffc2740-2ad6-45f0-9f04-127377a74691,function_execution_time,1779128064.8677707,0.000055487
experiment_name,9ffc2740-2ad6-45f0-9f04-127377a74691,function_execution_time,1779128064.9692285,0.000058149
experiment_name,9ffc2740-2ad6-45f0-9f04-127377a74691,function_execution_time,1779128065.070627,0.000060891
experiment_name,9ffc2740-2ad6-45f0-9f04-127377a74691,function_execution_time,1779128065.171951,0.000064
experiment_name,9ffc2740-2ad6-45f0-9f04-127377a74691,function_execution_time,1779128065.2732494,0.000055184
experiment_name,9ffc2740-2ad6-45f0-9f04-127377a74691,function_execution_time,1779128065.3735611,0.000054566
experiment_name,9ffc2740-2ad6-45f0-9f04-127377a74691,function_execution_time,1779128065.4748309,0.000057665
experiment_name,9ffc2740-2ad6-45f0-9f04-127377a74691,function_execution_time,1779128065.5761807,0.000053433
experiment_name,9ffc2740-2ad6-45f0-9f04-127377a74691,function_execution_time,1779128065.6775005,0.000066845
experiment_name,9ffc2740-2ad6-45f0-9f04-127377a74691,function_execution_time,1779128065.7787712,0.000083631
experiment_name,9ffc2740-2ad6-45f0-9f04-127377a74691,function_execution_time,1779128065.8801086,0.000066402
experiment_name,9ffc2740-2ad6-45f0-9f04-127377a74691,function_execution_time,1779128065.9814053,0.000061613
experiment_name,9ffc2740-2ad6-45f0-9f04-127377a74691,function_execution_time,1779128066.0827358,0.00006055
experiment_name,9ffc2740-2ad6-45f0-9f04-127377a74691,function_execution_time,1779128066.1840405,0.000058407
experiment_name,9ffc2740-2ad6-45f0-9f04-127377a74691,function_execution_time,1779128066.285401,0.000063999
experiment_name,9ffc2740-2ad6-45f0-9f04-127377a74691,function_execution_time,1779128066.386626,0.000060741
experiment_name,9ffc2740-2ad6-45f0-9f04-127377a74691,function_execution_time,1779128066.4880164,0.000056111
experiment_name,9ffc2740-2ad6-45f0-9f04-127377a74691,function_execution_time,1779128066.5892794,0.000056081
experiment_name,9ffc2740-2ad6-45f0-9f04-127377a74691,function_execution_time,1779128066.6906197,0.000067074
experiment_name,9ffc2740-2ad6-45f0-9f04-127377a74691,function_execution_time,1779128066.7919054,0.000057328
experiment_name,9ffc2740-2ad6-45f0-9f04-127377a74691,function_execution_time,1779128066.8931978,0.000055811
experiment_name,9ffc2740-2ad6-45f0-9f04-127377a74691,function_execution_time,1779128066.9934812,0.000067924
experiment_name,9ffc2740-2ad6-45f0-9f04-127377a74691,function_execution_time,1779128067.0949686,0.000059298
experiment_name,9ffc2740-2ad6-45f0-9f04-127377a74691,function_execution_time,1779128067.1962602,0.000068302
experiment_name,9ffc2740-2ad6-45f0-9f04-127377a74691,function_execution_time,1779128067.296584,0.000059165
experiment_name,9ffc2740-2ad6-45f0-9f04-127377a74691,function_execution_time,1779128067.3978238,0.000056871
experiment_name,9ffc2740-2ad6-45f0-9f04-127377a74691,function_execution_time,1779128067.4991467,0.000055804
experiment_name,9ffc2740-2ad6-45f0-9f04-127377a74691,function_execution_time,1779128067.6004791,0.000079004
experiment_name,9ffc2740-2ad6-45f0-9f04-127377a74691,function_execution_time,1779128067.7017891,0.000060304
experiment_name,9ffc2740-2ad6-45f0-9f04-127377a74691,function_execution_time,1779128067.8031685,0.000059045
experiment_name,9ffc2740-2ad6-45f0-9f04-127377a74691,function_execution_time,1779128067.903539,0.000055739
experiment_name,9ffc2740-2ad6-45f0-9f04-127377a74691,function_execution_time,1779128068.0050128,0.000061786
experiment_name,9ffc2740-2ad6-45f0-9f04-127377a74691,function_execution_time,1779128068.1063907,0.000056398
experiment_name,9ffc2740-2ad6-45f0-9f04-127377a74691,function_execution_time,1779128068.2076716,0.000062956
experiment_name,9ffc2740-2ad6-45f0-9f04-127377a74691,function_execution_time,1779128068.3089144,0.000067965
experiment_name,9ffc2740-2ad6-45f0-9f04-127377a74691,function_execution_time,1779128068.4103289,0.000064104
experiment_name,9ffc2740-2ad6-45f0-9f04-127377a74691,function_execution_time,1779128068.5116742,0.000065738
experiment_name,9ffc2740-2ad6-45f0-9f04-127377a74691,function_execution_time,1779128068.6128957,0.000057256
experiment_name,9ffc2740-2ad6-45f0-9f04-127377a74691,function_execution_time,1779128068.7142527,0.000056443
experiment_name,9ffc2740-2ad6-45f0-9f04-127377a74691,function_execution_time,1779128068.814555,0.000056493
experiment_name,9ffc2740-2ad6-45f0-9f04-127377a74691,function_execution_time,1779128068.915893,0.000067621
experiment_name,9ffc2740-2ad6-45f0-9f04-127377a74691,function_execution_time,1779128069.0171678,0.000056453
experiment_name,9ffc2740-2ad6-45f0-9f04-127377a74691,function_execution_time,1779128069.117629,0.000058652
experiment_name,9ffc2740-2ad6-45f0-9f04-127377a74691,function_execution_time,1779128069.2188272,0.000063783
experiment_name,9ffc2740-2ad6-45f0-9f04-127377a74691,function_execution_time,1779128069.320206,0.000059324
experiment_name,9ffc2740-2ad6-45f0-9f04-127377a74691,function_execution_time,1779128069.4205348,0.000055405
experiment_name,9ffc2740-2ad6-45f0-9f04-127377a74691,function_execution_time,1779128069.5218654,0.000057717
experiment_name,9ffc2740-2ad6-45f0-9f04-127377a74691,function_execution_time,1779128069.6231937,0.000062484
experiment_name,9ffc2740-2ad6-45f0-9f04-127377a74691,function_transfer_time,1779128064.6650755,0.000139778
experiment_name,9ffc2740-2ad6-45f0-9f04-127377a74691,function_transfer_time,1779128064.7663891,0.000133494
experiment_name,9ffc2740-2ad6-45f0-9f04-127377a74691,function_transfer_time,1779128064.867716,0.00011475
experiment_name,9ffc2740-2ad6-45f0-9f04-127377a74691,function_transfer_time,1779128064.9691703,0.000036302
experiment_name,9ffc2740-2ad6-45f0-9f04-127377a74691,function_transfer_time,1779128065.070563,0.000099267
experiment_name,9ffc2740-2ad6-45f0-9f04-127377a74691,function_transfer_time,1779128065.1718762,0.000107711
experiment_name,9ffc2740-2ad6-45f0-9f04-127377a74691,function_transfer_time,1779128065.2731946,0.00012256
experiment_name,9ffc2740-2ad6-45f0-9f04-127377a74691,function_transfer_time,1779128065.3735025,0.000102651
experiment_name,9ffc2740-2ad6-45f0-9f04-127377a74691,function_transfer_time,1779128065.4747732,0.000112295
experiment_name,9ffc2740-2ad6-45f0-9f04-127377a74691,function_transfer_time,1779128065.576123,0.000115168
experiment_name,9ffc2740-2ad6-45f0-9f04-127377a74691,function_transfer_time,1779128065.67744,0.000132671
experiment_name,9ffc2740-2ad6-45f0-9f04-127377a74691,function_transfer_time,1779128065.778679,0.000105624
experiment_name,9ffc2740-2ad6-45f0-9f04-127377a74691,function_transfer_time,1779128065.8800435,0.000150834
experiment_name,9ffc2740-2ad6-45f0-9f04-127377a74691,function_transfer_time,1779128065.9813437,0.000036008
experiment_name,9ffc2740-2ad6-45f0-9f04-127377a74691,function_transfer_time,1779128066.082675,0.000117064
experiment_name,9ffc2740-2ad6-45f0-9f04-127377a74691,function_transfer_time,1779128066.1839814,0.000110423
experiment_name,9ffc2740-2ad6-45f0-9f04-127377a74691,function_transfer_time,1779128066.285337,0.000121746
experiment_name,9ffc2740-2ad6-45f0-9f04-127377a74691,function_transfer_time,1779128066.3866103,0.000052079
experiment_name,9ffc2740-2ad6-45f0-9f04-127377a74691,function_transfer_time,1779128066.4879606,0.000119284
experiment_name,9ffc2740-2ad6-45f0-9f04-127377a74691,function_transfer_time,1779128066.589223,0.000108801
experiment_name,9ffc2740-2ad6-45f0-9f04-127377a74691,function_transfer_time,1779128066.6905527,0.000123652
experiment_name,9ffc2740-2ad6-45f0-9f04-127377a74691,function_transfer_time,1779128066.791848,0.000130091
experiment_name,9ffc2740-2ad6-45f0-9f04-127377a74691,function_transfer_time,1779128066.893142,0.000110103
experiment_name,9ffc2740-2ad6-45f0-9f04-127377a74691,function_transfer_time,1779128066.9934144,0.000034652
experiment_name,9ffc2740-2ad6-45f0-9f04-127377a74691,function_transfer_time,1779128067.0949092,0.000119008
experiment_name,9ffc2740-2ad6-45f0-9f04-127377a74691,function_transfer_time,1779128067.1961913,0.000126175
experiment_name,9ffc2740-2ad6-45f0-9f04-127377a74691,function_transfer_time,1779128067.2965248,0.000135971
experiment_name,9ffc2740-2ad6-45f0-9f04-127377a74691,function_transfer_time,1779128067.3977668,0.000125507
experiment_name,9ffc2740-2ad6-45f0-9f04-127377a74691,function_transfer_time,1779128067.4990911,0.000121261
experiment_name,9ffc2740-2ad6-45f0-9f04-127377a74691,function_transfer_time,1779128067.600393,0.000122898
experiment_name,9ffc2740-2ad6-45f0-9f04-127377a74691,function_transfer_time,1779128067.7017202,0.000125
experiment_name,9ffc2740-2ad6-45f0-9f04-127377a74691,function_transfer_time,1779128067.8031025,0.000060569
experiment_name,9ffc2740-2ad6-45f0-9f04-127377a74691,function_transfer_time,1779128067.9034717,0.000100837
experiment_name,9ffc2740-2ad6-45f0-9f04-127377a74691,function_transfer_time,1779128068.0049505,0.000034449
experiment_name,9ffc2740-2ad6-45f0-9f04-127377a74691,function_transfer_time,1779128068.1063342,0.000133149
experiment_name,9ffc2740-2ad6-45f0-9f04-127377a74691,function_transfer_time,1779128068.2076075,0.000124814
experiment_name,9ffc2740-2ad6-45f0-9f04-127377a74691,function_transfer_time,1779128068.3089006,0.000051862
experiment_name,9ffc2740-2ad6-45f0-9f04-127377a74691,function_transfer_time,1779128068.410264,0.000125462
experiment_name,9ffc2740-2ad6-45f0-9f04-127377a74691,function_transfer_time,1779128068.511602,0.000115986
experiment_name,9ffc2740-2ad6-45f0-9f04-127377a74691,function_transfer_time,1779128068.6128385,0.000122484
experiment_name,9ffc2740-2ad6-45f0-9f04-127377a74691,function_transfer_time,1779128068.7141929,0.000131533
experiment_name,9ffc2740-2ad6-45f0-9f04-127377a74691,function_transfer_time,1779128068.814498,0.000132512
experiment_name,9ffc2740-2ad6-45f0-9f04-127377a74691,function_transfer_time,1779128068.9158256,0.000133258
experiment_name,9ffc2740-2ad6-45f0-9f04-127377a74691,function_transfer_time,1779128069.017115,0.000034649
experiment_name,9ffc2740-2ad6-45f0-9f04-127377a74691,function_transfer_time,1779128069.1175635,0.000103166
experiment_name,9ffc2740-2ad6-45f0-9f04-127377a74691,function_transfer_time,1779128069.2187636,0.000033233
experiment_name,9ffc2740-2ad6-45f0-9f04-127377a74691,function_transfer_time,1779128069.320147,0.000128668
experiment_name,9ffc2740-2ad6-45f0-9f04-127377a74691,function_transfer_time,1779128069.4204793,0.000123054
experiment_name,9ffc2740-2ad6-45f0-9f04-127377a74691,function_transfer_time,1779128069.521808,0.000122584
experiment_name,9ffc2740-2ad6-45f0-9f04-127377a74691,function_transfer_time,1779128069.6231306,0.000133266
experiment_name,0325d328-7386-459a-9adc-21ce70032ed7,function_transfer_time,1779128064.6648777,0.000078468
experiment_name,0325d328-7386-459a-9adc-21ce70032ed7,function_transfer_time,1779128064.7662024,0.000074958
experiment_name,0325d328-7386-459a-9adc-21ce70032ed7,function_transfer_time,1779128064.8676054,0.000081587
experiment_name,0325d328-7386-459a-9adc-21ce70032ed7,function_transfer_time,1779128064.969008,0.000081588
experiment_name,0325d328-7386-459a-9adc-21ce70032ed7,function_transfer_time,1779128065.070397,0.000075859
experiment_name,0325d328-7386-459a-9adc-21ce70032ed7,function_transfer_time,1779128065.171714,0.000078329
experiment_name,0325d328-7386-459a-9adc-21ce70032ed7,function_transfer_time,1779128065.2730172,0.000080871
experiment_name,0325d328-7386-459a-9adc-21ce70032ed7,function_transfer_time,1779128065.3733492,0.000074082
experiment_name,0325d328-7386-459a-9adc-21ce70032ed7,function_transfer_time,1779128065.4746053,0.000081597
experiment_name,0325d328-7386-459a-9adc-21ce70032ed7,function_transfer_time,1779128065.5759513,0.000083831
experiment_name,0325d328-7386-459a-9adc-21ce70032ed7,function_transfer_time,1779128065.677246,0.000076048
experiment_name,0325d328-7386-459a-9adc-21ce70032ed7,function_transfer_time,1779128065.7785106,0.00003669
experiment_name,0325d328-7386-459a-9adc-21ce70032ed7,function_transfer_time,1779128065.8798225,0.000086506
experiment_name,0325d328-7386-459a-9adc-21ce70032ed7,function_transfer_time,1779128065.981175,0.000085814
experiment_name,0325d328-7386-459a-9adc-21ce70032ed7,function_transfer_time,1779128066.082504,0.000020638
experiment_name,0325d328-7386-459a-9adc-21ce70032ed7,function_transfer_time,1779128066.1838152,0.00008292
experiment_name,0325d328-7386-459a-9adc-21ce70032ed7,function_transfer_time,1779128066.2851522,0.000082398
experiment_name,0325d328-7386-459a-9adc-21ce70032ed7,function_transfer_time,1779128066.3864586,0.000075996
experiment_name,0325d328-7386-459a-9adc-21ce70032ed7,function_transfer_time,1779128066.4877858,0.000078275
experiment_name,0325d328-7386-459a-9adc-21ce70032ed7,function_transfer_time,1779128066.5890598,0.000021185
experiment_name,0325d328-7386-459a-9adc-21ce70032ed7,function_transfer_time,1779128066.6903741,0.000080495
experiment_name,0325d328-7386-459a-9adc-21ce70032ed7,function_transfer_time,1779128066.7916622,0.000023578
experiment_name,0325d328-7386-459a-9adc-21ce70032ed7,function_transfer_time,1779128066.8929775,0.000088043
experiment_name,0325d328-7386-459a-9adc-21ce70032ed7,function_transfer_time,1779128066.9932518,0.000022815
experiment_name,0325d328-7386-459a-9adc-21ce70032ed7,function_transfer_time,1779128067.0947318,0.000087947
experiment_name,0325d328-7386-459a-9adc-21ce70032ed7,function_transfer_time,1779128067.1960077,0.000025087
experiment_name,0325d328-7386-459a-9adc-21ce70032ed7,function_transfer_time,1779128067.296333,0.00007684
experiment_name,0325d328-7386-459a-9adc-21ce70032ed7,function_transfer_time,1779128067.397586,0.000023669
experiment_name,0325d328-7386-459a-9adc-21ce70032ed7,function_transfer_time,1779128067.498916,0.000075158
experiment_name,0325d328-7386-459a-9adc-21ce70032ed7,function_transfer_time,1779128067.6002197,0.000082222
experiment_name,0325d328-7386-459a-9adc-21ce70032ed7,function_transfer_time,1779128067.701538,0.00009791
experiment_name,0325d328-7386-459a-9adc-21ce70032ed7,function_transfer_time,1779128067.8029912,0.000018072
experiment_name,0325d328-7386-459a-9adc-21ce70032ed7,function_transfer_time,1779128067.9033191,0.00008138
experiment_name,0325d328-7386-459a-9adc-21ce70032ed7,function_transfer_time,1779128068.0047987,0.000083935
experiment_name,0325d328-7386-459a-9adc-21ce70032ed7,function_transfer_time,1779128068.1061456,0.000079265
experiment_name,0325d328-7386-459a-9adc-21ce70032ed7,function_transfer_time,1779128068.2074363,0.000027648
experiment_name,0325d328-7386-459a-9adc-21ce70032ed7,function_transfer_time,1779128068.3087385,0.000079544
experiment_name,0325d328-7386-459a-9adc-21ce70032ed7,function_transfer_time,1779128068.4100773,0.000085592
experiment_name,0325d328-7386-459a-9adc-21ce70032ed7,function_transfer_time,1779128068.5114205,0.000078893
experiment_name,0325d328-7386-459a-9adc-21ce70032ed7,function_transfer_time,1779128068.6126616,0.000017149
experiment_name,0325d328-7386-459a-9adc-21ce70032ed7,function_transfer_time,1779128068.7139988,0.000081836
experiment_name,0325d328-7386-459a-9adc-21ce70032ed7,function_transfer_time,1779128068.8143115,0.000083128
experiment_name,0325d328-7386-459a-9adc-21ce70032ed7,function_transfer_time,1779128068.9156408,0.000075164
experiment_name,0325d328-7386-459a-9adc-21ce70032ed7,function_transfer_time,1779128069.0169563,0.000083168
experiment_name,0325d328-7386-459a-9adc-21ce70032ed7,function_transfer_time,1779128069.117391,0.000083692
experiment_name,0325d328-7386-459a-9adc-21ce70032ed7,function_transfer_time,1779128069.2186675,0.000023449
experiment_name,0325d328-7386-459a-9adc-21ce70032ed7,function_transfer_time,1779128069.319959,0.000080816
experiment_name,0325d328-7386-459a-9adc-21ce70032ed7,function_transfer_time,1779128069.4203024,0.00008616
experiment_name,0325d328-7386-459a-9adc-21ce70032ed7,function_transfer_time,1779128069.521622,0.000087511
experiment_name,0325d328-7386-459a-9adc-21ce70032ed7,function_transfer_time,1779128069.6229436,0.00007532
experiment_name,9ffc2740-2ad6-45f0-9f04-127377a74691,function_execution_time,1779128069.723782,0.000068169
experiment_name,9ffc2740-2ad6-45f0-9f04-127377a74691,function_execution_time,1779128069.8250644,0.000058384
experiment_name,9ffc2740-2ad6-45f0-9f04-127377a74691,function_execution_time,1779128069.9262521,0.000060748
experiment_name,9ffc2740-2ad6-45f0-9f04-127377a74691,function_execution_time,1779128070.0277367,0.000064029
experiment_name,9ffc2740-2ad6-45f0-9f04-127377a74691,function_execution_time,1779128070.1290455,0.000060235
experiment_name,9ffc2740-2ad6-45f0-9f04-127377a74691,function_execution_time,1779128070.2304902,0.000088182
experiment_name,9ffc2740-2ad6-45f0-9f04-127377a74691,function_execution_time,1779128070.331783,0.00006033
experiment_name,9ffc2740-2ad6-45f0-9f04-127377a74691,function_execution_time,1779128070.433189,0.000059938
experiment_name,9ffc2740-2ad6-45f0-9f04-127377a74691,function_execution_time,1779128070.5344517,0.000076401
experiment_name,9ffc2740-2ad6-45f0-9f04-127377a74691,function_execution_time,1779128070.6358564,0.000066506
experiment_name,9ffc2740-2ad6-45f0-9f04-127377a74691,function_execution_time,1779128070.7371497,0.000056379
experiment_name,9ffc2740-2ad6-45f0-9f04-127377a74691,function_execution_time,1779128070.8384075,0.000064806
experiment_name,9ffc2740-2ad6-45f0-9f04-127377a74691,function_execution_time,1779128070.9398239,0.000056275
experiment_name,9ffc2740-2ad6-45f0-9f04-127377a74691,function_execution_time,1779128071.0411282,0.000063747
experiment_name,9ffc2740-2ad6-45f0-9f04-127377a74691,function_execution_time,1779128071.1416347,0.00005536
experiment_name,9ffc2740-2ad6-45f0-9f04-127377a74691,function_execution_time,1779128071.2428687,0.000060741
experiment_name,9ffc2740-2ad6-45f0-9f04-127377a74691,function_execution_time,1779128071.3442714,0.000056171
experiment_name,9ffc2740-2ad6-45f0-9f04-127377a74691,function_execution_time,1779128071.4444435,0.000060803
experiment_name,9ffc2740-2ad6-45f0-9f04-127377a74691,function_execution_time,1779128071.5458431,0.000064361
experiment_name,9ffc2740-2ad6-45f0-9f04-127377a74691,function_execution_time,1779128071.6470928,0.00006167
experiment_name,9ffc2740-2ad6-45f0-9f04-127377a74691,function_execution_time,1779128071.748374,0.000059377
experiment_name,9ffc2740-2ad6-45f0-9f04-127377a74691,function_execution_time,1779128071.8497431,0.00006061
experiment_name,9ffc2740-2ad6-45f0-9f04-127377a74691,function_execution_time,1779128071.9509904,0.000063356
experiment_name,9ffc2740-2ad6-45f0-9f04-127377a74691,function_execution_time,1779128072.0522978,0.000058198
experiment_name,9ffc2740-2ad6-45f0-9f04-127377a74691,function_execution_time,1779128072.153639,0.000055795
experiment_name,9ffc2740-2ad6-45f0-9f04-127377a74691,function_execution_time,1779128072.2549279,0.000058666
experiment_name,9ffc2740-2ad6-45f0-9f04-127377a74691,function_execution_time,1779128072.3561764,0.000059274
experiment_name,9ffc2740-2ad6-45f0-9f04-127377a74691,function_execution_time,1779128072.4565513,0.000062586
experiment_name,9ffc2740-2ad6-45f0-9f04-127377a74691,function_execution_time,1779128072.557866,0.000055206
experiment_name,9ffc2740-2ad6-45f0-9f04-127377a74691,function_execution_time,1779128072.6591625,0.000054845
experiment_name,9ffc2740-2ad6-45f0-9f04-127377a74691,function_execution_time,1779128072.7604792,0.000067392
experiment_name,9ffc2740-2ad6-45f0-9f04-127377a74691,function_execution_time,1779128072.8617656,0.000065898
experiment_name,9ffc2740-2ad6-45f0-9f04-127377a74691,function_execution_time,1779128072.9630563,0.000054759
experiment_name,9ffc2740-2ad6-45f0-9f04-127377a74691,function_execution_time,1779128073.0643666,0.000055602
experiment_name,9ffc2740-2ad6-45f0-9f04-127377a74691,function_execution_time,1779128073.1657407,0.000055439
experiment_name,9ffc2740-2ad6-45f0-9f04-127377a74691,function_execution_time,1779128073.2669747,0.000055174
experiment_name,9ffc2740-2ad6-45f0-9f04-127377a74691,function_execution_time,1779128073.3682902,0.000063942
experiment_name,9ffc2740-2ad6-45f0-9f04-127377a74691,function_execution_time,1779128073.4686196,0.000059948
experiment_name,9ffc2740-2ad6-45f0-9f04-127377a74691,function_execution_time,1779128073.5699337,0.000059182
experiment_name,9ffc2740-2ad6-45f0-9f04-127377a74691,function_execution_time,1779128073.6712255,0.000055558
experiment_name,9ffc2740-2ad6-45f0-9f04-127377a74691,function_execution_time,1779128073.7715542,0.00006228
experiment_name,9ffc2740-2ad6-45f0-9f04-127377a74691,function_execution_time,1779128073.8728762,0.000056048
experiment_name,9ffc2740-2ad6-45f0-9f04-127377a74691,function_execution_time,1779128073.974194,0.000058287
experiment_name,9ffc2740-2ad6-45f0-9f04-127377a74691,function_execution_time,1779128074.0744798,0.000072241
experiment_name,9ffc2740-2ad6-45f0-9f04-127377a74691,function_execution_time,1779128074.175853,0.000066728
experiment_name,9ffc2740-2ad6-45f0-9f04-127377a74691,function_execution_time,1779128074.277159,0.000061435
experiment_name,9ffc2740-2ad6-45f0-9f04-127377a74691,function_execution_time,1779128074.3784947,0.000072117
experiment_name,9ffc2740-2ad6-45f0-9f04-127377a74691,function_execution_time,1779128074.479802,0.000059085
experiment_name,9ffc2740-2ad6-45f0-9f04-127377a74691,function_execution_time,1779128074.5810921,0.000055733
experiment_name,0325d328-7386-459a-9adc-21ce70032ed7,function_execution_time,1779128069.7236707,0.000086559
experiment_name,0325d328-7386-459a-9adc-21ce70032ed7,function_execution_time,1779128069.8249054,0.000086787
experiment_name,0325d328-7386-459a-9adc-21ce70032ed7,function_execution_time,1779128069.9261935,0.000086578
experiment_name,0325d328-7386-459a-9adc-21ce70032ed7,function_execution_time,1779128070.02767,0.000163872
experiment_name,0325d328-7386-459a-9adc-21ce70032ed7,function_execution_time,1779128070.128981,0.000087574
experiment_name,0325d328-7386-459a-9adc-21ce70032ed7,function_execution_time,1779128070.2303987,0.000092823
experiment_name,0325d328-7386-459a-9adc-21ce70032ed7,function_execution_time,1779128070.3316994,0.000070927
experiment_name,0325d328-7386-459a-9adc-21ce70032ed7,function_execution_time,1779128070.433029,0.000077754
experiment_name,0325d328-7386-459a-9adc-21ce70032ed7,function_execution_time,1779128070.5343518,0.000082669
experiment_name,0325d328-7386-459a-9adc-21ce70032ed7,function_execution_time,1779128070.6356957,0.000071639
experiment_name,0325d328-7386-459a-9adc-21ce70032ed7,function_execution_time,1779128070.7369928,0.000070813
experiment_name,0325d328-7386-459a-9adc-21ce70032ed7,function_execution_time,1779128070.8383176,0.000068887
experiment_name,0325d328-7386-459a-9adc-21ce70032ed7,function_execution_time,1779128070.9396682,0.000078197
experiment_name,0325d328-7386-459a-9adc-21ce70032ed7,function_execution_time,1779128071.0410674,0.000149229
experiment_name,0325d328-7386-459a-9adc-21ce70032ed7,function_execution_time,1779128071.1415577,0.00008536
experiment_name,0325d328-7386-459a-9adc-21ce70032ed7,function_execution_time,1779128071.242783,0.000077502
experiment_name,0325d328-7386-459a-9adc-21ce70032ed7,function_execution_time,1779128071.3441024,0.000071035
experiment_name,0325d328-7386-459a-9adc-21ce70032ed7,function_execution_time,1779128071.4443505,0.000067759
experiment_name,0325d328-7386-459a-9adc-21ce70032ed7,function_execution_time,1779128071.5456762,0.000069556
experiment_name,0325d328-7386-459a-9adc-21ce70032ed7,function_execution_time,1779128071.647008,0.000081307
experiment_name,0325d328-7386-459a-9adc-21ce70032ed7,function_execution_time,1779128071.7483723,0.000079209
experiment_name,0325d328-7386-459a-9adc-21ce70032ed7,function_execution_time,1779128071.8495862,0.00008132
experiment_name,0325d328-7386-459a-9adc-21ce70032ed7,function_execution_time,1779128071.9509175,0.000080927
experiment_name,0325d328-7386-459a-9adc-21ce70032ed7,function_execution_time,1779128072.052234,0.000149829
experiment_name,0325d328-7386-459a-9adc-21ce70032ed7,function_execution_time,1779128072.1535487,0.000087793
experiment_name,0325d328-7386-459a-9adc-21ce70032ed7,function_execution_time,1779128072.2547863,0.000077568
experiment_name,0325d328-7386-459a-9adc-21ce70032ed7,function_execution_time,1779128072.3561645,0.000075745
experiment_name,0325d328-7386-459a-9adc-21ce70032ed7,function_execution_time,1779128072.4563975,0.000069658
experiment_name,0325d328-7386-459a-9adc-21ce70032ed7,function_execution_time,1779128072.5577238,0.000070456
experiment_name,0325d328-7386-459a-9adc-21ce70032ed7,function_execution_time,1779128072.659073,0.000080175
experiment_name,0325d328-7386-459a-9adc-21ce70032ed7,function_execution_time,1779128072.7603216,0.000070125
experiment_name,0325d328-7386-459a-9adc-21ce70032ed7,function_execution_time,1779128072.861624,0.000074281
experiment_name,0325d328-7386-459a-9adc-21ce70032ed7,function_execution_time,1779128072.9629045,0.000077709
experiment_name,0325d328-7386-459a-9adc-21ce70032ed7,function_execution_time,1779128073.0643134,0.000141633
experiment_name,0325d328-7386-459a-9adc-21ce70032ed7,function_execution_time,1779128073.165581,0.000066802
experiment_name,0325d328-7386-459a-9adc-21ce70032ed7,function_execution_time,1779128073.2668903,0.000068155
experiment_name,0325d328-7386-459a-9adc-21ce70032ed7,function_execution_time,1779128073.368128,0.000080456
experiment_name,0325d328-7386-459a-9adc-21ce70032ed7,function_execution_time,1779128073.4684553,0.000068842
experiment_name,0325d328-7386-459a-9adc-21ce70032ed7,function_execution_time,1779128073.5697856,0.000068555
experiment_name,0325d328-7386-459a-9adc-21ce70032ed7,function_execution_time,1779128073.6710851,0.000076355
experiment_name,0325d328-7386-459a-9adc-21ce70032ed7,function_execution_time,1779128073.7714124,0.000069968
experiment_name,0325d328-7386-459a-9adc-21ce70032ed7,function_execution_time,1779128073.8727143,0.000074034
experiment_name,0325d328-7386-459a-9adc-21ce70032ed7,function_execution_time,1779128073.974037,0.000073094
experiment_name,0325d328-7386-459a-9adc-21ce70032ed7,function_execution_time,1779128074.0744107,0.000155416
experiment_name,0325d328-7386-459a-9adc-21ce70032ed7,function_execution_time,1779128074.1756873,0.000075542
experiment_name,0325d328-7386-459a-9adc-21ce70032ed7,function_execution_time,1779128074.2770596,0.000078091
experiment_name,0325d328-7386-459a-9adc-21ce70032ed7,function_execution_time,1779128074.3783734,0.000084574
experiment_name,0325d328-7386-459a-9adc-21ce70032ed7,function_execution_time,1779128074.4796228,0.000070866
experiment_name,0325d328-7386-459a-9adc-21ce70032ed7,function_execution_time,1779128074.5809355,0.00006973
experiment_name,0325d328-7386-459a-9adc-21ce70032ed7,function_transfer_time,1779128069.7235286,0.000078641
experiment_name,0325d328-7386-459a-9adc-21ce70032ed7,function_transfer_time,1779128069.8248196,0.000074917
experiment_name,0325d328-7386-459a-9adc-21ce70032ed7,function_transfer_time,1779128069.926093,0.000020239
experiment_name,0325d328-7386-459a-9adc-21ce70032ed7,function_transfer_time,1779128070.027506,0.000089752
experiment_name,0325d328-7386-459a-9adc-21ce70032ed7,function_transfer_time,1779128070.1288955,0.000089121
experiment_name,0325d328-7386-459a-9adc-21ce70032ed7,function_transfer_time,1779128070.2303004,0.00009075
experiment_name,0325d328-7386-459a-9adc-21ce70032ed7,function_transfer_time,1779128070.3316138,0.000076846
experiment_name,0325d328-7386-459a-9adc-21ce70032ed7,function_transfer_time,1779128070.4329517,0.000077311
experiment_name,0325d328-7386-459a-9adc-21ce70032ed7,function_transfer_time,1779128070.5342689,0.000084091
experiment_name,0325d328-7386-459a-9adc-21ce70032ed7,function_transfer_time,1779128070.635612,0.000082548
experiment_name,0325d328-7386-459a-9adc-21ce70032ed7,function_transfer_time,1779128070.7369182,0.000075485
experiment_name,0325d328-7386-459a-9adc-21ce70032ed7,function_transfer_time,1779128070.8382335,0.000075283
experiment_name,0325d328-7386-459a-9adc-21ce70032ed7,function_transfer_time,1779128070.939591,0.00008124
experiment_name,0325d328-7386-459a-9adc-21ce70032ed7,function_transfer_time,1779128071.0409088,0.000085921
experiment_name,0325d328-7386-459a-9adc-21ce70032ed7,function_transfer_time,1779128071.141394,0.000080387
experiment_name,0325d328-7386-459a-9adc-21ce70032ed7,function_transfer_time,1779128071.2426987,0.000083203
experiment_name,0325d328-7386-459a-9adc-21ce70032ed7,function_transfer_time,1779128071.3440244,0.000080463
experiment_name,0325d328-7386-459a-9adc-21ce70032ed7,function_transfer_time,1779128071.4442644,0.000021575
experiment_name,0325d328-7386-459a-9adc-21ce70032ed7,function_transfer_time,1779128071.5455918,0.000075426
experiment_name,0325d328-7386-459a-9adc-21ce70032ed7,function_transfer_time,1779128071.646928,0.00007917
experiment_name,0325d328-7386-459a-9adc-21ce70032ed7,function_transfer_time,1779128071.7482338,0.000076879
experiment_name,0325d328-7386-459a-9adc-21ce70032ed7,function_transfer_time,1779128071.8494997,0.000026059
experiment_name,0325d328-7386-459a-9adc-21ce70032ed7,function_transfer_time,1779128071.950773,0.00007402
experiment_name,0325d328-7386-459a-9adc-21ce70032ed7,function_transfer_time,1779128072.0520787,0.000082616
experiment_name,0325d328-7386-459a-9adc-21ce70032ed7,function_transfer_time,1779128072.153405,0.000075244
experiment_name,0325d328-7386-459a-9adc-21ce70032ed7,function_transfer_time,1779128072.2547104,0.000076159
experiment_name,0325d328-7386-459a-9adc-21ce70032ed7,function_transfer_time,1779128072.3560367,0.000076128
experiment_name,0325d328-7386-459a-9adc-21ce70032ed7,function_transfer_time,1779128072.4563189,0.000083383
experiment_name,0325d328-7386-459a-9adc-21ce70032ed7,function_transfer_time,1779128072.557646,0.000084666
experiment_name,0325d328-7386-459a-9adc-21ce70032ed7,function_transfer_time,1779128072.6589408,0.000075147
experiment_name,0325d328-7386-459a-9adc-21ce70032ed7,function_transfer_time,1779128072.760245,0.000083838
experiment_name,0325d328-7386-459a-9adc-21ce70032ed7,function_transfer_time,1779128072.8615458,0.00002291
experiment_name,0325d328-7386-459a-9adc-21ce70032ed7,function_transfer_time,1779128072.9628255,0.000075866
experiment_name,0325d328-7386-459a-9adc-21ce70032ed7,function_transfer_time,1779128073.0641625,0.000079358
experiment_name,0325d328-7386-459a-9adc-21ce70032ed7,function_transfer_time,1779128073.1654992,0.000076655
experiment_name,0325d328-7386-459a-9adc-21ce70032ed7,function_transfer_time,1779128073.2667692,0.000023926
experiment_name,0325d328-7386-459a-9adc-21ce70032ed7,function_transfer_time,1779128073.3680487,0.000077334
experiment_name,0325d328-7386-459a-9adc-21ce70032ed7,function_transfer_time,1779128073.4683619,0.000077925
experiment_name,0325d328-7386-459a-9adc-21ce70032ed7,function_transfer_time,1779128073.5697067,0.000078281
experiment_name,0325d328-7386-459a-9adc-21ce70032ed7,function_transfer_time,1779128073.671003,0.000077793
experiment_name,0325d328-7386-459a-9adc-21ce70032ed7,function_transfer_time,1779128073.7713354,0.000079986
experiment_name,0325d328-7386-459a-9adc-21ce70032ed7,function_transfer_time,1779128073.8726335,0.000078865
experiment_name,0325d328-7386-459a-9adc-21ce70032ed7,function_transfer_time,1779128073.9739597,0.000084929
experiment_name,0325d328-7386-459a-9adc-21ce70032ed7,function_transfer_time,1779128074.0742426,0.000078284
experiment_name,0325d328-7386-459a-9adc-21ce70032ed7,function_transfer_time,1779128074.1756096,0.000076665
experiment_name,0325d328-7386-459a-9adc-21ce70032ed7,function_transfer_time,1779128074.2769194,0.000023375
experiment_name,0325d328-7386-459a-9adc-21ce70032ed7,function_transfer_time,1779128074.3782206,0.000086722
experiment_name,0325d328-7386-459a-9adc-21ce70032ed7,function_transfer_time,1779128074.4795454,0.00007766
experiment_name,0325d328-7386-459a-9adc-21ce70032ed7,function_transfer_time,1779128074.580861,0.000082716
experiment_name,9ffc2740-2ad6-45f0-9f04-127377a74691,function_transfer_time,1779128069.7237093,0.000122671
experiment_name,9ffc2740-2ad6-45f0-9f04-127377a74691,function_transfer_time,1779128069.8250065,0.000128055
experiment_name,9ffc2740-2ad6-45f0-9f04-127377a74691,function_transfer_time,1779128069.9261904,0.000031358
experiment_name,9ffc2740-2ad6-45f0-9f04-127377a74691,function_transfer_time,1779128070.0276725,0.000039234
experiment_name,9ffc2740-2ad6-45f0-9f04-127377a74691,function_transfer_time,1779128070.1289783,0.000025819
experiment_name,9ffc2740-2ad6-45f0-9f04-127377a74691,function_transfer_time,1779128070.2304013,0.000035862
experiment_name,9ffc2740-2ad6-45f0-9f04-127377a74691,function_transfer_time,1779128070.3317223,0.000052814
experiment_name,9ffc2740-2ad6-45f0-9f04-127377a74691,function_transfer_time,1779128070.4331286,0.00011901
experiment_name,9ffc2740-2ad6-45f0-9f04-127377a74691,function_transfer_time,1779128070.5344207,0.000050701
experiment_name,9ffc2740-2ad6-45f0-9f04-127377a74691,function_transfer_time,1779128070.6357892,0.000121658
experiment_name,9ffc2740-2ad6-45f0-9f04-127377a74691,function_transfer_time,1779128070.7370932,0.000121816
experiment_name,9ffc2740-2ad6-45f0-9f04-127377a74691,function_transfer_time,1779128070.8383877,0.000055799
experiment_name,9ffc2740-2ad6-45f0-9f04-127377a74691,function_transfer_time,1779128070.9397676,0.000116213
experiment_name,9ffc2740-2ad6-45f0-9f04-127377a74691,function_transfer_time,1779128071.0410645,0.00003498
experiment_name,9ffc2740-2ad6-45f0-9f04-127377a74691,function_transfer_time,1779128071.141575,0.000119914
experiment_name,9ffc2740-2ad6-45f0-9f04-127377a74691,function_transfer_time,1779128071.242853,0.000057302
experiment_name,9ffc2740-2ad6-45f0-9f04-127377a74691,function_transfer_time,1779128071.3442152,0.000136341
experiment_name,9ffc2740-2ad6-45f0-9f04-127377a74691,function_transfer_time,1779128071.4444408,0.000060111
experiment_name,9ffc2740-2ad6-45f0-9f04-127377a74691,function_transfer_time,1779128071.5457788,0.000131878
experiment_name,9ffc2740-2ad6-45f0-9f04-127377a74691,function_transfer_time,1779128071.6470792,0.000042699
experiment_name,9ffc2740-2ad6-45f0-9f04-127377a74691,function_transfer_time,1779128071.748369,0.00003279
experiment_name,9ffc2740-2ad6-45f0-9f04-127377a74691,function_transfer_time,1779128071.8496418,0.000091346
experiment_name,9ffc2740-2ad6-45f0-9f04-127377a74691,function_transfer_time,1779128071.9509203,0.00009537
experiment_name,9ffc2740-2ad6-45f0-9f04-127377a74691,function_transfer_time,1779128072.0522368,0.000037225
experiment_name,9ffc2740-2ad6-45f0-9f04-127377a74691,function_transfer_time,1779128072.1535773,0.000109886
experiment_name,9ffc2740-2ad6-45f0-9f04-127377a74691,function_transfer_time,1779128072.2548683,0.000104064
experiment_name,9ffc2740-2ad6-45f0-9f04-127377a74691,function_transfer_time,1779128072.3561614,0.000028804
experiment_name,9ffc2740-2ad6-45f0-9f04-127377a74691,function_transfer_time,1779128072.4564817,0.000112016
experiment_name,9ffc2740-2ad6-45f0-9f04-127377a74691,function_transfer_time,1779128072.5578108,0.000111429
experiment_name,9ffc2740-2ad6-45f0-9f04-127377a74691,function_transfer_time,1779128072.659101,0.000104095
experiment_name,9ffc2740-2ad6-45f0-9f04-127377a74691,function_transfer_time,1779128072.760411,0.000112459
experiment_name,9ffc2740-2ad6-45f0-9f04-127377a74691,function_transfer_time,1779128072.861693,0.000100155
experiment_name,9ffc2740-2ad6-45f0-9f04-127377a74691,function_transfer_time,1779128072.9630015,0.000123172
experiment_name,9ffc2740-2ad6-45f0-9f04-127377a74691,function_transfer_time,1779128073.0643108,0.000032194
experiment_name,9ffc2740-2ad6-45f0-9f04-127377a74691,function_transfer_time,1779128073.1656852,0.0001336
experiment_name,9ffc2740-2ad6-45f0-9f04-127377a74691,function_transfer_time,1779128073.2669153,0.000101586
experiment_name,9ffc2740-2ad6-45f0-9f04-127377a74691,function_transfer_time,1779128073.3682244,0.000114524
experiment_name,9ffc2740-2ad6-45f0-9f04-127377a74691,function_transfer_time,1779128073.4685583,0.000141989
experiment_name,9ffc2740-2ad6-45f0-9f04-127377a74691,function_transfer_time,1779128073.5698748,0.000113399
experiment_name,9ffc2740-2ad6-45f0-9f04-127377a74691,function_transfer_time,1779128073.671169,0.000113137
experiment_name,9ffc2740-2ad6-45f0-9f04-127377a74691,function_transfer_time,1779128073.7714968,0.000102799
experiment_name,9ffc2740-2ad6-45f0-9f04-127377a74691,function_transfer_time,1779128073.87282,0.00013008
experiment_name,9ffc2740-2ad6-45f0-9f04-127377a74691,function_transfer_time,1779128073.9741359,0.000120284
experiment_name,9ffc2740-2ad6-45f0-9f04-127377a74691,function_transfer_time,1779128074.0744076,0.000036106
experiment_name,9ffc2740-2ad6-45f0-9f04-127377a74691,function_transfer_time,1779128074.1757863,0.000119571
experiment_name,9ffc2740-2ad6-45f0-9f04-127377a74691,function_transfer_time,1779128074.2770882,0.000115417
experiment_name,9ffc2740-2ad6-45f0-9f04-127377a74691,function_transfer_time,1779128074.3784144,0.000141644
experiment_name,9ffc2740-2ad6-45f0-9f04-127377a74691,function_transfer_time,1779128074.4797425,0.000142419
experiment_name,9ffc2740-2ad6-45f0-9f04-127377a74691,function_transfer_time,1779128074.5810363,0.000121523
experiment_name,9ffc2740-2ad6-45f0-9f04-127377a74691,function_execution_time,1779128074.682058,0.000056783
experiment_name,9ffc2740-2ad6-45f0-9f04-127377a74691,function_execution_time,1779128074.7833889,0.000060274
experiment_name,9ffc2740-2ad6-45f0-9f04-127377a74691,function_execution_time,1779128074.884725,0.000057303
experiment_name,9ffc2740-2ad6-45f0-9f04-127377a74691,function_execution_time,1779128074.986057,0.000064341
experiment_name,9ffc2740-2ad6-45f0-9f04-127377a74691,function_execution_time,1779128075.087544,0.000061666
experiment_name,9ffc2740-2ad6-45f0-9f04-127377a74691,function_execution_time,1779128075.188851,0.000054951
experiment_name,9ffc2740-2ad6-45f0-9f04-127377a74691,function_execution_time,1779128075.290236,0.000058298
experiment_name,9ffc2740-2ad6-45f0-9f04-127377a74691,function_execution_time,1779128075.3904915,0.000064834
experiment_name,9ffc2740-2ad6-45f0-9f04-127377a74691,function_execution_time,1779128075.4918082,0.000064858
experiment_name,9ffc2740-2ad6-45f0-9f04-127377a74691,function_execution_time,1779128075.5932324,0.000059069
experiment_name,9ffc2740-2ad6-45f0-9f04-127377a74691,function_execution_time,1779128075.6935434,0.000058674
experiment_name,9ffc2740-2ad6-45f0-9f04-127377a74691,function_execution_time,1779128075.7947278,0.000059145
experiment_name,9ffc2740-2ad6-45f0-9f04-127377a74691,function_execution_time,1779128075.8961267,0.000074434
experiment_name,9ffc2740-2ad6-45f0-9f04-127377a74691,function_execution_time,1779128075.9974859,0.000072252
experiment_name,9ffc2740-2ad6-45f0-9f04-127377a74691,function_execution_time,1779128076.0987508,0.000060012
experiment_name,9ffc2740-2ad6-45f0-9f04-127377a74691,function_execution_time,1779128076.2002583,0.000059397
experiment_name,9ffc2740-2ad6-45f0-9f04-127377a74691,function_execution_time,1779128076.3005798,0.000059228
experiment_name,9ffc2740-2ad6-45f0-9f04-127377a74691,function_execution_time,1779128076.4019268,0.000068066
experiment_name,9ffc2740-2ad6-45f0-9f04-127377a74691,function_execution_time,1779128076.5032346,0.000061019
experiment_name,9ffc2740-2ad6-45f0-9f04-127377a74691,function_execution_time,1779128076.6035576,0.000060817
experiment_name,9ffc2740-2ad6-45f0-9f04-127377a74691,function_execution_time,1779128076.7049272,0.000062411
experiment_name,9ffc2740-2ad6-45f0-9f04-127377a74691,function_execution_time,1779128076.8062527,0.000070998
experiment_name,9ffc2740-2ad6-45f0-9f04-127377a74691,function_execution_time,1779128076.9065752,0.000062125
experiment_name,9ffc2740-2ad6-45f0-9f04-127377a74691,function_execution_time,1779128077.0079002,0.000063002
experiment_name,9ffc2740-2ad6-45f0-9f04-127377a74691,function_execution_time,1779128077.1094043,0.000059864
experiment_name,9ffc2740-2ad6-45f0-9f04-127377a74691,function_execution_time,1779128077.2108643,0.000062703
experiment_name,9ffc2740-2ad6-45f0-9f04-127377a74691,function_execution_time,1779128077.3121758,0.000069608
experiment_name,9ffc2740-2ad6-45f0-9f04-127377a74691,function_execution_time,1779128077.413502,0.000064536
experiment_name,9ffc2740-2ad6-45f0-9f04-127377a74691,function_execution_time,1779128077.514788,0.000055337
experiment_name,9ffc2740-2ad6-45f0-9f04-127377a74691,function_execution_time,1779128077.6161132,0.00005521
experiment_name,9ffc2740-2ad6-45f0-9f04-127377a74691,function_execution_time,1779128077.7174878,0.000077741
experiment_name,9ffc2740-2ad6-45f0-9f04-127377a74691,function_execution_time,1779128077.8187866,0.000054853
experiment_name,9ffc2740-2ad6-45f0-9f04-127377a74691,function_execution_time,1779128077.9201272,0.000056947
experiment_name,9ffc2740-2ad6-45f0-9f04-127377a74691,function_execution_time,1779128078.0214186,0.000054884
experiment_name,9ffc2740-2ad6-45f0-9f04-127377a74691,function_execution_time,1779128078.1227431,0.00006205
experiment_name,9ffc2740-2ad6-45f0-9f04-127377a74691,function_execution_time,1779128078.2239797,0.000061362
experiment_name,9ffc2740-2ad6-45f0-9f04-127377a74691,function_execution_time,1779128078.3252828,0.000055626
experiment_name,9ffc2740-2ad6-45f0-9f04-127377a74691,function_execution_time,1779128078.426557,0.00005461
experiment_name,9ffc2740-2ad6-45f0-9f04-127377a74691,function_execution_time,1779128078.5277987,0.000058751
experiment_name,9ffc2740-2ad6-45f0-9f04-127377a74691,function_execution_time,1779128078.6291802,0.000062117
experiment_name,9ffc2740-2ad6-45f0-9f04-127377a74691,function_execution_time,1779128078.7304118,0.000058699
experiment_name,9ffc2740-2ad6-45f0-9f04-127377a74691,function_execution_time,1779128078.831801,0.000054892
experiment_name,9ffc2740-2ad6-45f0-9f04-127377a74691,function_execution_time,1779128078.933038,0.000055819
experiment_name,9ffc2740-2ad6-45f0-9f04-127377a74691,function_execution_time,1779128079.0344229,0.000062783
experiment_name,9ffc2740-2ad6-45f0-9f04-127377a74691,function_execution_time,1779128079.1356692,0.000062512
experiment_name,9ffc2740-2ad6-45f0-9f04-127377a74691,function_execution_time,1779128079.2369664,0.000068576
experiment_name,9ffc2740-2ad6-45f0-9f04-127377a74691,function_execution_time,1779128079.3383317,0.000063365
experiment_name,9ffc2740-2ad6-45f0-9f04-127377a74691,function_execution_time,1779128079.4395058,0.000090754
experiment_name,9ffc2740-2ad6-45f0-9f04-127377a74691,function_execution_time,1779128079.5408618,0.000056407
experiment_name,0325d328-7386-459a-9adc-21ce70032ed7,function_execution_time,1779128074.6819072,0.000072364
experiment_name,0325d328-7386-459a-9adc-21ce70032ed7,function_execution_time,1779128074.7833464,0.000083496
experiment_name,0325d328-7386-459a-9adc-21ce70032ed7,function_execution_time,1779128074.884564,0.00006918
experiment_name,0325d328-7386-459a-9adc-21ce70032ed7,function_execution_time,1779128074.985893,0.000070651
experiment_name,0325d328-7386-459a-9adc-21ce70032ed7,function_execution_time,1779128075.0874903,0.000187464
experiment_name,0325d328-7386-459a-9adc-21ce70032ed7,function_execution_time,1779128075.1887715,0.000067383
experiment_name,0325d328-7386-459a-9adc-21ce70032ed7,function_execution_time,1779128075.2900622,0.000068019
experiment_name,0325d328-7386-459a-9adc-21ce70032ed7,function_execution_time,1779128075.3903172,0.000077947
experiment_name,0325d328-7386-459a-9adc-21ce70032ed7,function_execution_time,1779128075.4916413,0.000070361
experiment_name,0325d328-7386-459a-9adc-21ce70032ed7,function_execution_time,1779128075.5930617,0.000069093
experiment_name,0325d328-7386-459a-9adc-21ce70032ed7,function_execution_time,1779128075.6933954,0.000069839
experiment_name,0325d328-7386-459a-9adc-21ce70032ed7,function_execution_time,1779128075.7946508,0.000075693
experiment_name,0325d328-7386-459a-9adc-21ce70032ed7,function_execution_time,1779128075.8960514,0.000101034
experiment_name,0325d328-7386-459a-9adc-21ce70032ed7,function_execution_time,1779128075.9973028,0.000080997
experiment_name,0325d328-7386-459a-9adc-21ce70032ed7,function_execution_time,1779128076.0986896,0.000141545
experiment_name,0325d328-7386-459a-9adc-21ce70032ed7,function_execution_time,1779128076.200099,0.000074152
experiment_name,0325d328-7386-459a-9adc-21ce70032ed7,function_execution_time,1779128076.3004189,0.000083194
experiment_name,0325d328-7386-459a-9adc-21ce70032ed7,function_execution_time,1779128076.4017599,0.00007688
experiment_name,0325d328-7386-459a-9adc-21ce70032ed7,function_execution_time,1779128076.503083,0.000076516
experiment_name,0325d328-7386-459a-9adc-21ce70032ed7,function_execution_time,1779128076.6034062,0.000072781
experiment_name,0325d328-7386-459a-9adc-21ce70032ed7,function_execution_time,1779128076.70475,0.000083856
experiment_name,0325d328-7386-459a-9adc-21ce70032ed7,function_execution_time,1779128076.8060608,0.000076412
experiment_name,0325d328-7386-459a-9adc-21ce70032ed7,function_execution_time,1779128076.9064076,0.000071258
experiment_name,0325d328-7386-459a-9adc-21ce70032ed7,function_execution_time,1779128077.007804,0.000091172
experiment_name,0325d328-7386-459a-9adc-21ce70032ed7,function_execution_time,1779128077.109344,0.000170244
experiment_name,0325d328-7386-459a-9adc-21ce70032ed7,function_execution_time,1779128077.2106788,0.000073938
experiment_name,0325d328-7386-459a-9adc-21ce70032ed7,function_execution_time,1779128077.312072,0.000085015
experiment_name,0325d328-7386-459a-9adc-21ce70032ed7,function_execution_time,1779128077.4133518,0.000084667
experiment_name,0325d328-7386-459a-9adc-21ce70032ed7,function_execution_time,1779128077.5146463,0.00007119
experiment_name,0325d328-7386-459a-9adc-21ce70032ed7,function_execution_time,1779128077.615979,0.000068117
experiment_name,0325d328-7386-459a-9adc-21ce70032ed7,function_execution_time,1779128077.7173603,0.000081156
experiment_name,0325d328-7386-459a-9adc-21ce70032ed7,function_execution_time,1779128077.818622,0.000070384
experiment_name,0325d328-7386-459a-9adc-21ce70032ed7,function_execution_time,1779128077.9199595,0.000077854
experiment_name,0325d328-7386-459a-9adc-21ce70032ed7,function_execution_time,1779128078.021281,0.000068217
experiment_name,0325d328-7386-459a-9adc-21ce70032ed7,function_execution_time,1779128078.1226797,0.000142543
experiment_name,0325d328-7386-459a-9adc-21ce70032ed7,function_execution_time,1779128078.2239206,0.0000899
experiment_name,0325d328-7386-459a-9adc-21ce70032ed7,function_execution_time,1779128078.325203,0.000074288
experiment_name,0325d328-7386-459a-9adc-21ce70032ed7,function_execution_time,1779128078.4264228,0.000077671
experiment_name,0325d328-7386-459a-9adc-21ce70032ed7,function_execution_time,1779128078.5277967,0.000080292
experiment_name,0325d328-7386-459a-9adc-21ce70032ed7,function_execution_time,1779128078.6290505,0.000076058
experiment_name,0325d328-7386-459a-9adc-21ce70032ed7,function_execution_time,1779128078.730329,0.000080422
experiment_name,0325d328-7386-459a-9adc-21ce70032ed7,function_execution_time,1779128078.8316474,0.000070249
experiment_name,0325d328-7386-459a-9adc-21ce70032ed7,function_execution_time,1779128078.9329605,0.000069372
experiment_name,0325d328-7386-459a-9adc-21ce70032ed7,function_execution_time,1779128079.0343325,0.000077339
experiment_name,0325d328-7386-459a-9adc-21ce70032ed7,function_execution_time,1779128079.1356108,0.000110668
experiment_name,0325d328-7386-459a-9adc-21ce70032ed7,function_execution_time,1779128079.2368908,0.000086688
experiment_name,0325d328-7386-459a-9adc-21ce70032ed7,function_execution_time,1779128079.3381555,0.000081476
experiment_name,0325d328-7386-459a-9adc-21ce70032ed7,function_execution_time,1779128079.4394631,0.000103266
experiment_name,0325d328-7386-459a-9adc-21ce70032ed7,function_execution_time,1779128079.5407183,0.000071911
experiment_name,9ffc2740-2ad6-45f0-9f04-127377a74691,function_transfer_time,1779128074.6819923,0.000112415
experiment_name,9ffc2740-2ad6-45f0-9f04-127377a74691,function_transfer_time,1779128074.783349,0.000101912
experiment_name,9ffc2740-2ad6-45f0-9f04-127377a74691,function_transfer_time,1779128074.8846674,0.000130923
experiment_name,9ffc2740-2ad6-45f0-9f04-127377a74691,function_transfer_time,1779128074.9859936,0.000122911
experiment_name,9ffc2740-2ad6-45f0-9f04-127377a74691,function_transfer_time,1779128075.0874863,0.000052288
experiment_name,9ffc2740-2ad6-45f0-9f04-127377a74691,function_transfer_time,1779128075.1887956,0.000048762
experiment_name,9ffc2740-2ad6-45f0-9f04-127377a74691,function_transfer_time,1779128075.2901764,0.000143557
experiment_name,9ffc2740-2ad6-45f0-9f04-127377a74691,function_transfer_time,1779128075.3904166,0.000124976
experiment_name,9ffc2740-2ad6-45f0-9f04-127377a74691,function_transfer_time,1779128075.491744,0.000123141
experiment_name,9ffc2740-2ad6-45f0-9f04-127377a74691,function_transfer_time,1779128075.5931735,0.000137421
experiment_name,9ffc2740-2ad6-45f0-9f04-127377a74691,function_transfer_time,1779128075.6934843,0.000112922
experiment_name,9ffc2740-2ad6-45f0-9f04-127377a74691,function_transfer_time,1779128075.7947252,0.000047201
experiment_name,9ffc2740-2ad6-45f0-9f04-127377a74691,function_transfer_time,1779128075.8960483,0.000038132
experiment_name,9ffc2740-2ad6-45f0-9f04-127377a74691,function_transfer_time,1779128075.9974124,0.00012888
experiment_name,9ffc2740-2ad6-45f0-9f04-127377a74691,function_transfer_time,1779128076.0986924,0.000036853
experiment_name,9ffc2740-2ad6-45f0-9f04-127377a74691,function_transfer_time,1779128076.200198,0.000120366
experiment_name,9ffc2740-2ad6-45f0-9f04-127377a74691,function_transfer_time,1779128076.3005204,0.000130598
experiment_name,9ffc2740-2ad6-45f0-9f04-127377a74691,function_transfer_time,1779128076.4018588,0.000116993
experiment_name,9ffc2740-2ad6-45f0-9f04-127377a74691,function_transfer_time,1779128076.5031695,0.000115736
experiment_name,9ffc2740-2ad6-45f0-9f04-127377a74691,function_transfer_time,1779128076.6034982,0.000111259
experiment_name,9ffc2740-2ad6-45f0-9f04-127377a74691,function_transfer_time,1779128076.7048645,0.000130217
experiment_name,9ffc2740-2ad6-45f0-9f04-127377a74691,function_transfer_time,1779128076.8061821,0.000138678
experiment_name,9ffc2740-2ad6-45f0-9f04-127377a74691,function_transfer_time,1779128076.906513,0.000130709
experiment_name,9ffc2740-2ad6-45f0-9f04-127377a74691,function_transfer_time,1779128077.0078275,0.000128575
experiment_name,9ffc2740-2ad6-45f0-9f04-127377a74691,function_transfer_time,1779128077.109347,0.000037309
experiment_name,9ffc2740-2ad6-45f0-9f04-127377a74691,function_transfer_time,1779128077.2108016,0.000147955
experiment_name,9ffc2740-2ad6-45f0-9f04-127377a74691,function_transfer_time,1779128077.312099,0.000111137
experiment_name,9ffc2740-2ad6-45f0-9f04-127377a74691,function_transfer_time,1779128077.413424,0.00010287
experiment_name,9ffc2740-2ad6-45f0-9f04-127377a74691,function_transfer_time,1779128077.5147321,0.000110621
experiment_name,9ffc2740-2ad6-45f0-9f04-127377a74691,function_transfer_time,1779128077.6160555,0.000103973
experiment_name,9ffc2740-2ad6-45f0-9f04-127377a74691,function_transfer_time,1779128077.7174032,0.000133313
experiment_name,9ffc2740-2ad6-45f0-9f04-127377a74691,function_transfer_time,1779128077.8187315,0.000132406
experiment_name,9ffc2740-2ad6-45f0-9f04-127377a74691,function_transfer_time,1779128077.9200692,0.000128239
experiment_name,9ffc2740-2ad6-45f0-9f04-127377a74691,function_transfer_time,1779128078.0213635,0.000112757
experiment_name,9ffc2740-2ad6-45f0-9f04-127377a74691,function_transfer_time,1779128078.122682,0.000032144
experiment_name,9ffc2740-2ad6-45f0-9f04-127377a74691,function_transfer_time,1779128078.223918,0.000032464
experiment_name,9ffc2740-2ad6-45f0-9f04-127377a74691,function_transfer_time,1779128078.325221,0.00009839
experiment_name,9ffc2740-2ad6-45f0-9f04-127377a74691,function_transfer_time,1779128078.426503,0.000104415
experiment_name,9ffc2740-2ad6-45f0-9f04-127377a74691,function_transfer_time,1779128078.5277936,0.000027659
experiment_name,9ffc2740-2ad6-45f0-9f04-127377a74691,function_transfer_time,1779128078.6291118,0.00009171
experiment_name,9ffc2740-2ad6-45f0-9f04-127377a74691,function_transfer_time,1779128078.730353,0.000052939
experiment_name,9ffc2740-2ad6-45f0-9f04-127377a74691,function_transfer_time,1779128078.8317459,0.000121401
experiment_name,9ffc2740-2ad6-45f0-9f04-127377a74691,function_transfer_time,1779128078.932982,0.00005211
experiment_name,9ffc2740-2ad6-45f0-9f04-127377a74691,function_transfer_time,1779128079.034354,0.000101765
experiment_name,9ffc2740-2ad6-45f0-9f04-127377a74691,function_transfer_time,1779128079.1356072,0.000039817
experiment_name,9ffc2740-2ad6-45f0-9f04-127377a74691,function_transfer_time,1779128079.236894,0.000096956
experiment_name,9ffc2740-2ad6-45f0-9f04-127377a74691,function_transfer_time,1779128079.3382678,0.0001347
experiment_name,9ffc2740-2ad6-45f0-9f04-127377a74691,function_transfer_time,1779128079.4394596,0.000028716
experiment_name,9ffc2740-2ad6-45f0-9f04-127377a74691,function_transfer_time,1779128079.5408049,0.000111659
experiment_name,0325d328-7386-459a-9adc-21ce70032ed7,function_transfer_time,1779128074.6818287,0.000078316
experiment_name,0325d328-7386-459a-9adc-21ce70032ed7,function_transfer_time,1779128074.7831652,0.000080554
experiment_name,0325d328-7386-459a-9adc-21ce70032ed7,function_transfer_time,1779128074.884482,0.000085707
experiment_name,0325d328-7386-459a-9adc-21ce70032ed7,function_transfer_time,1779128074.9858165,0.000078341
experiment_name,0325d328-7386-459a-9adc-21ce70032ed7,function_transfer_time,1779128075.0872865,0.000082576
experiment_name,0325d328-7386-459a-9adc-21ce70032ed7,function_transfer_time,1779128075.1886945,0.000084539
experiment_name,0325d328-7386-459a-9adc-21ce70032ed7,function_transfer_time,1779128075.28998,0.000080979
experiment_name,0325d328-7386-459a-9adc-21ce70032ed7,function_transfer_time,1779128075.3902383,0.00002288
experiment_name,0325d328-7386-459a-9adc-21ce70032ed7,function_transfer_time,1779128075.4916375,0.00007558
experiment_name,0325d328-7386-459a-9adc-21ce70032ed7,function_transfer_time,1779128075.5929818,0.000021643
experiment_name,0325d328-7386-459a-9adc-21ce70032ed7,function_transfer_time,1779128075.693317,0.000080327
experiment_name,0325d328-7386-459a-9adc-21ce70032ed7,function_transfer_time,1779128075.7945638,0.000016884
experiment_name,0325d328-7386-459a-9adc-21ce70032ed7,function_transfer_time,1779128075.8959396,0.000103986
experiment_name,0325d328-7386-459a-9adc-21ce70032ed7,function_transfer_time,1779128075.9972188,0.000023215
experiment_name,0325d328-7386-459a-9adc-21ce70032ed7,function_transfer_time,1779128076.0985425,0.000080096
experiment_name,0325d328-7386-459a-9adc-21ce70032ed7,function_transfer_time,1779128076.2000213,0.000083646
experiment_name,0325d328-7386-459a-9adc-21ce70032ed7,function_transfer_time,1779128076.3003345,0.00008404
experiment_name,0325d328-7386-459a-9adc-21ce70032ed7,function_transfer_time,1779128076.4016829,0.000084192
experiment_name,0325d328-7386-459a-9adc-21ce70032ed7,function_transfer_time,1779128076.5030005,0.000080383
experiment_name,0325d328-7386-459a-9adc-21ce70032ed7,function_transfer_time,1779128076.6033297,0.000086395
experiment_name,0325d328-7386-459a-9adc-21ce70032ed7,function_transfer_time,1779128076.704668,0.0000832
experiment_name,0325d328-7386-459a-9adc-21ce70032ed7,function_transfer_time,1779128076.805984,0.000079734
experiment_name,0325d328-7386-459a-9adc-21ce70032ed7,function_transfer_time,1779128076.9063249,0.000079311
experiment_name,0325d328-7386-459a-9adc-21ce70032ed7,function_transfer_time,1779128077.0076427,0.000079181
experiment_name,0325d328-7386-459a-9adc-21ce70032ed7,function_transfer_time,1779128077.1091645,0.000084927
experiment_name,0325d328-7386-459a-9adc-21ce70032ed7,function_transfer_time,1779128077.2105932,0.000081884
experiment_name,0325d328-7386-459a-9adc-21ce70032ed7,function_transfer_time,1779128077.311931,0.000083637
experiment_name,0325d328-7386-459a-9adc-21ce70032ed7,function_transfer_time,1779128077.4132612,0.00007894
experiment_name,0325d328-7386-459a-9adc-21ce70032ed7,function_transfer_time,1779128077.5145674,0.000081623
experiment_name,0325d328-7386-459a-9adc-21ce70032ed7,function_transfer_time,1779128077.6159012,0.000082158
experiment_name,0325d328-7386-459a-9adc-21ce70032ed7,function_transfer_time,1779128077.717219,0.000082313
experiment_name,0325d328-7386-459a-9adc-21ce70032ed7,function_transfer_time,1779128077.8185444,0.000080803
experiment_name,0325d328-7386-459a-9adc-21ce70032ed7,function_transfer_time,1779128077.9198828,0.000081593
experiment_name,0325d328-7386-459a-9adc-21ce70032ed7,function_transfer_time,1779128078.0211978,0.000080696
experiment_name,0325d328-7386-459a-9adc-21ce70032ed7,function_transfer_time,1779128078.1225314,0.000075224
experiment_name,0325d328-7386-459a-9adc-21ce70032ed7,function_transfer_time,1779128078.2238252,0.000024469
experiment_name,0325d328-7386-459a-9adc-21ce70032ed7,function_transfer_time,1779128078.3250732,0.000022442
experiment_name,0325d328-7386-459a-9adc-21ce70032ed7,function_transfer_time,1779128078.426338,0.000077741
experiment_name,0325d328-7386-459a-9adc-21ce70032ed7,function_transfer_time,1779128078.5276563,0.000077778
experiment_name,0325d328-7386-459a-9adc-21ce70032ed7,function_transfer_time,1779128078.628969,0.000084569
experiment_name,0325d328-7386-459a-9adc-21ce70032ed7,function_transfer_time,1779128078.7302449,0.000081609
experiment_name,0325d328-7386-459a-9adc-21ce70032ed7,function_transfer_time,1779128078.8315709,0.000083195
experiment_name,0325d328-7386-459a-9adc-21ce70032ed7,function_transfer_time,1779128078.932877,0.000079112
experiment_name,0325d328-7386-459a-9adc-21ce70032ed7,function_transfer_time,1779128079.0342023,0.000081408
experiment_name,0325d328-7386-459a-9adc-21ce70032ed7,function_transfer_time,1779128079.1354861,0.000027173
experiment_name,0325d328-7386-459a-9adc-21ce70032ed7,function_transfer_time,1779128079.2367394,0.000025772
experiment_name,0325d328-7386-459a-9adc-21ce70032ed7,function_transfer_time,1779128079.3380728,0.000085522
experiment_name,0325d328-7386-459a-9adc-21ce70032ed7,function_transfer_time,1779128079.4393291,0.000022856
experiment_name,0325d328-7386-459a-9adc-21ce70032ed7,function_transfer_time,1779128079.540639,0.000081086
experiment_name,0325d328-7386-459a-9adc-21ce70032ed7,function_execution_time,1779128079.6415148,0.000090124
experiment_name,0325d328-7386-459a-9adc-21ce70032ed7,function_execution_time,1779128079.7428002,0.000071156
experiment_name,0325d328-7386-459a-9adc-21ce70032ed7,function_execution_time,1779128079.8442016,0.000088156
experiment_name,0325d328-7386-459a-9adc-21ce70032ed7,function_execution_time,1779128079.945542,0.00007311
experiment_name,0325d328-7386-459a-9adc-21ce70032ed7,function_execution_time,1779128080.0468848,0.000071911
experiment_name,0325d328-7386-459a-9adc-21ce70032ed7,function_execution_time,1779128080.148276,0.000149535
experiment_name,0325d328-7386-459a-9adc-21ce70032ed7,function_execution_time,1779128080.2495944,0.00008005
experiment_name,0325d328-7386-459a-9adc-21ce70032ed7,function_execution_time,1779128080.3509364,0.000073706
experiment_name,0325d328-7386-459a-9adc-21ce70032ed7,function_execution_time,1779128080.4522603,0.000085066
experiment_name,0325d328-7386-459a-9adc-21ce70032ed7,function_execution_time,1779128080.553615,0.000079554
experiment_name,0325d328-7386-459a-9adc-21ce70032ed7,function_execution_time,1779128080.6548934,0.000069998
experiment_name,0325d328-7386-459a-9adc-21ce70032ed7,function_execution_time,1779128080.756149,0.000078332
experiment_name,0325d328-7386-459a-9adc-21ce70032ed7,function_execution_time,1779128080.8574502,0.000068195
experiment_name,0325d328-7386-459a-9adc-21ce70032ed7,function_execution_time,1779128080.95877,0.00007036
experiment_name,0325d328-7386-459a-9adc-21ce70032ed7,function_execution_time,1779128081.060201,0.000094402
experiment_name,0325d328-7386-459a-9adc-21ce70032ed7,function_execution_time,1779128081.161541,0.000158276
experiment_name,0325d328-7386-459a-9adc-21ce70032ed7,function_execution_time,1779128081.2628436,0.000071398
experiment_name,0325d328-7386-459a-9adc-21ce70032ed7,function_execution_time,1779128081.364168,0.00006881
experiment_name,0325d328-7386-459a-9adc-21ce70032ed7,function_execution_time,1779128081.465557,0.000092485
experiment_name,0325d328-7386-459a-9adc-21ce70032ed7,function_execution_time,1779128081.5668252,0.000067014
experiment_name,0325d328-7386-459a-9adc-21ce70032ed7,function_execution_time,1779128081.6681252,0.000067075
experiment_name,0325d328-7386-459a-9adc-21ce70032ed7,function_execution_time,1779128081.768535,0.000104036
experiment_name,0325d328-7386-459a-9adc-21ce70032ed7,function_execution_time,1779128081.8697774,0.000075914
experiment_name,0325d328-7386-459a-9adc-21ce70032ed7,function_execution_time,1779128081.971112,0.000074939
experiment_name,0325d328-7386-459a-9adc-21ce70032ed7,function_execution_time,1779128082.0714214,0.000069485
experiment_name,0325d328-7386-459a-9adc-21ce70032ed7,function_execution_time,1779128082.172811,0.000152009
experiment_name,0325d328-7386-459a-9adc-21ce70032ed7,function_execution_time,1779128082.2741175,0.000074937
experiment_name,0325d328-7386-459a-9adc-21ce70032ed7,function_execution_time,1779128082.3744473,0.000075689
experiment_name,0325d328-7386-459a-9adc-21ce70032ed7,function_execution_time,1779128082.4758778,0.000083177
experiment_name,0325d328-7386-459a-9adc-21ce70032ed7,function_execution_time,1779128082.5771668,0.000077202
experiment_name,0325d328-7386-459a-9adc-21ce70032ed7,function_execution_time,1779128082.6784904,0.000094373
experiment_name,0325d328-7386-459a-9adc-21ce70032ed7,function_execution_time,1779128082.7798474,0.000081287
experiment_name,0325d328-7386-459a-9adc-21ce70032ed7,function_execution_time,1779128082.8810365,0.000071361
experiment_name,0325d328-7386-459a-9adc-21ce70032ed7,function_execution_time,1779128082.9815905,0.000074454
experiment_name,0325d328-7386-459a-9adc-21ce70032ed7,function_execution_time,1779128083.082828,0.000067509
experiment_name,0325d328-7386-459a-9adc-21ce70032ed7,function_execution_time,1779128083.1842387,0.000152371
experiment_name,0325d328-7386-459a-9adc-21ce70032ed7,function_execution_time,1779128083.2855496,0.000069094
experiment_name,0325d328-7386-459a-9adc-21ce70032ed7,function_execution_time,1779128083.3868644,0.000069516
experiment_name,0325d328-7386-459a-9adc-21ce70032ed7,function_execution_time,1779128083.4882135,0.000076942
experiment_name,0325d328-7386-459a-9adc-21ce70032ed7,function_execution_time,1779128083.589543,0.000076771
experiment_name,0325d328-7386-459a-9adc-21ce70032ed7,function_execution_time,1779128083.6908848,0.000067361
experiment_name,0325d328-7386-459a-9adc-21ce70032ed7,function_execution_time,1779128083.7921314,0.000067453
experiment_name,0325d328-7386-459a-9adc-21ce70032ed7,function_execution_time,1779128083.8925247,0.000091959
experiment_name,0325d328-7386-459a-9adc-21ce70032ed7,function_execution_time,1779128083.9936893,0.000066554
experiment_name,0325d328-7386-459a-9adc-21ce70032ed7,function_execution_time,1779128084.0950203,0.000066866
experiment_name,0325d328-7386-459a-9adc-21ce70032ed7,function_execution_time,1779128084.1953852,0.000152911
experiment_name,0325d328-7386-459a-9adc-21ce70032ed7,function_execution_time,1779128084.2966723,0.000067762
experiment_name,0325d328-7386-459a-9adc-21ce70032ed7,function_execution_time,1779128084.3979504,0.000067088
experiment_name,0325d328-7386-459a-9adc-21ce70032ed7,function_execution_time,1779128084.4992597,0.000066925
experiment_name,0325d328-7386-459a-9adc-21ce70032ed7,function_execution_time,1779128084.6006584,0.00008293
experiment_name,9ffc2740-2ad6-45f0-9f04-127377a74691,function_execution_time,1779128079.641637,0.000134016
experiment_name,9ffc2740-2ad6-45f0-9f04-127377a74691,function_execution_time,1779128079.7429612,0.000057954
experiment_name,9ffc2740-2ad6-45f0-9f04-127377a74691,function_execution_time,1779128079.8442314,0.000067209
experiment_name,9ffc2740-2ad6-45f0-9f04-127377a74691,function_execution_time,1779128079.945705,0.000065294
experiment_name,9ffc2740-2ad6-45f0-9f04-127377a74691,function_execution_time,1779128080.0469754,0.000064977
experiment_name,9ffc2740-2ad6-45f0-9f04-127377a74691,function_execution_time,1779128080.1483223,0.000051827
experiment_name,9ffc2740-2ad6-45f0-9f04-127377a74691,function_execution_time,1779128080.2497663,0.000061008
experiment_name,9ffc2740-2ad6-45f0-9f04-127377a74691,function_execution_time,1779128080.3511047,0.000066429
experiment_name,9ffc2740-2ad6-45f0-9f04-127377a74691,function_execution_time,1779128080.452346,0.000064398
experiment_name,9ffc2740-2ad6-45f0-9f04-127377a74691,function_execution_time,1779128080.5537355,0.000056161
experiment_name,9ffc2740-2ad6-45f0-9f04-127377a74691,function_execution_time,1779128080.6550586,0.00005485
experiment_name,9ffc2740-2ad6-45f0-9f04-127377a74691,function_execution_time,1779128080.756226,0.000052922
experiment_name,9ffc2740-2ad6-45f0-9f04-127377a74691,function_execution_time,1779128080.8576052,0.000062264
experiment_name,9ffc2740-2ad6-45f0-9f04-127377a74691,function_execution_time,1779128080.9589057,0.000055604
experiment_name,9ffc2740-2ad6-45f0-9f04-127377a74691,function_execution_time,1779128081.060253,0.000071405
experiment_name,9ffc2740-2ad6-45f0-9f04-127377a74691,function_execution_time,1779128081.161601,0.00005534
experiment_name,9ffc2740-2ad6-45f0-9f04-127377a74691,function_execution_time,1779128081.2630067,0.000066327
experiment_name,9ffc2740-2ad6-45f0-9f04-127377a74691,function_execution_time,1779128081.3643003,0.000055493
experiment_name,9ffc2740-2ad6-45f0-9f04-127377a74691,function_execution_time,1779128081.4656482,0.000056077
experiment_name,9ffc2740-2ad6-45f0-9f04-127377a74691,function_execution_time,1779128081.5669975,0.000059706
experiment_name,9ffc2740-2ad6-45f0-9f04-127377a74691,function_execution_time,1779128081.6682754,0.000062339
experiment_name,9ffc2740-2ad6-45f0-9f04-127377a74691,function_execution_time,1779128081.7686026,0.000059005
experiment_name,9ffc2740-2ad6-45f0-9f04-127377a74691,function_execution_time,1779128081.8699253,0.000055714
experiment_name,9ffc2740-2ad6-45f0-9f04-127377a74691,function_execution_time,1779128081.9712546,0.000055248
experiment_name,9ffc2740-2ad6-45f0-9f04-127377a74691,function_execution_time,1779128082.0715826,0.000055228
experiment_name,9ffc2740-2ad6-45f0-9f04-127377a74691,function_execution_time,1779128082.17287,0.000062204
experiment_name,9ffc2740-2ad6-45f0-9f04-127377a74691,function_execution_time,1779128082.2742457,0.00005781
experiment_name,9ffc2740-2ad6-45f0-9f04-127377a74691,function_execution_time,1779128082.3745341,0.000054415
experiment_name,9ffc2740-2ad6-45f0-9f04-127377a74691,function_execution_time,1779128082.475993,0.000055938
experiment_name,9ffc2740-2ad6-45f0-9f04-127377a74691,function_execution_time,1779128082.5772948,0.000063505
experiment_name,9ffc2740-2ad6-45f0-9f04-127377a74691,function_execution_time,1779128082.6786294,0.000058969
experiment_name,9ffc2740-2ad6-45f0-9f04-127377a74691,function_execution_time,1779128082.77994,0.000055223
experiment_name,9ffc2740-2ad6-45f0-9f04-127377a74691,function_execution_time,1779128082.8812015,0.000058503
experiment_name,9ffc2740-2ad6-45f0-9f04-127377a74691,function_execution_time,1779128082.9816928,0.000058258
experiment_name,9ffc2740-2ad6-45f0-9f04-127377a74691,function_execution_time,1779128083.0829935,0.000062588
experiment_name,9ffc2740-2ad6-45f0-9f04-127377a74691,function_execution_time,1779128083.1842923,0.000054347
experiment_name,9ffc2740-2ad6-45f0-9f04-127377a74691,function_execution_time,1779128083.2856913,0.000058214
experiment_name,9ffc2740-2ad6-45f0-9f04-127377a74691,function_execution_time,1779128083.3870182,0.000059419
experiment_name,9ffc2740-2ad6-45f0-9f04-127377a74691,function_execution_time,1779128083.4883924,0.000065751
experiment_name,9ffc2740-2ad6-45f0-9f04-127377a74691,function_execution_time,1779128083.5897005,0.000058032
experiment_name,9ffc2740-2ad6-45f0-9f04-127377a74691,function_execution_time,1779128083.6910584,0.000059101
experiment_name,9ffc2740-2ad6-45f0-9f04-127377a74691,function_execution_time,1779128083.7922676,0.000055547
experiment_name,9ffc2740-2ad6-45f0-9f04-127377a74691,function_execution_time,1779128083.892653,0.000071121
experiment_name,9ffc2740-2ad6-45f0-9f04-127377a74691,function_execution_time,1779128083.9938428,0.000054902
experiment_name,9ffc2740-2ad6-45f0-9f04-127377a74691,function_execution_time,1779128084.0951622,0.000058333
experiment_name,9ffc2740-2ad6-45f0-9f04-127377a74691,function_execution_time,1779128084.1954525,0.000069942
experiment_name,9ffc2740-2ad6-45f0-9f04-127377a74691,function_execution_time,1779128084.2968426,0.000059135
experiment_name,9ffc2740-2ad6-45f0-9f04-127377a74691,function_execution_time,1779128084.3981097,0.000061553
experiment_name,9ffc2740-2ad6-45f0-9f04-127377a74691,function_execution_time,1779128084.4994202,0.000054741
experiment_name,9ffc2740-2ad6-45f0-9f04-127377a74691,function_execution_time,1779128084.6007493,0.000055486
experiment_name,0325d328-7386-459a-9adc-21ce70032ed7,function_transfer_time,1779128079.641423,0.00001475
experiment_name,0325d328-7386-459a-9adc-21ce70032ed7,function_transfer_time,1779128079.7427177,0.000078601
experiment_name,0325d328-7386-459a-9adc-21ce70032ed7,function_transfer_time,1779128079.844125,0.000076002
experiment_name,0325d328-7386-459a-9adc-21ce70032ed7,function_transfer_time,1779128079.9454632,0.000080987
experiment_name,0325d328-7386-459a-9adc-21ce70032ed7,function_transfer_time,1779128080.0468016,0.00008741
experiment_name,0325d328-7386-459a-9adc-21ce70032ed7,function_transfer_time,1779128080.1481287,0.000085624
experiment_name,0325d328-7386-459a-9adc-21ce70032ed7,function_transfer_time,1779128080.2495084,0.000087938
experiment_name,0325d328-7386-459a-9adc-21ce70032ed7,function_transfer_time,1779128080.3508525,0.000081778
experiment_name,0325d328-7386-459a-9adc-21ce70032ed7,function_transfer_time,1779128080.4521785,0.000080402
experiment_name,0325d328-7386-459a-9adc-21ce70032ed7,function_transfer_time,1779128080.553531,0.000091635
experiment_name,0325d328-7386-459a-9adc-21ce70032ed7,function_transfer_time,1779128080.6548164,0.000078182
experiment_name,0325d328-7386-459a-9adc-21ce70032ed7,function_transfer_time,1779128080.756073,0.000018269
experiment_name,0325d328-7386-459a-9adc-21ce70032ed7,function_transfer_time,1779128080.8573554,0.000079767
experiment_name,0325d328-7386-459a-9adc-21ce70032ed7,function_transfer_time,1779128080.958693,0.000082663
experiment_name,0325d328-7386-459a-9adc-21ce70032ed7,function_transfer_time,1779128081.0600986,0.000021018
experiment_name,0325d328-7386-459a-9adc-21ce70032ed7,function_transfer_time,1779128081.1613762,0.000082425
experiment_name,0325d328-7386-459a-9adc-21ce70032ed7,function_transfer_time,1779128081.262764,0.000076392
experiment_name,0325d328-7386-459a-9adc-21ce70032ed7,function_transfer_time,1779128081.364081,0.000080662
experiment_name,0325d328-7386-459a-9adc-21ce70032ed7,function_transfer_time,1779128081.465408,0.000079897
experiment_name,0325d328-7386-459a-9adc-21ce70032ed7,function_transfer_time,1779128081.5667412,0.000080841
experiment_name,0325d328-7386-459a-9adc-21ce70032ed7,function_transfer_time,1779128081.668047,0.000073663
experiment_name,0325d328-7386-459a-9adc-21ce70032ed7,function_transfer_time,1779128081.7683682,0.000073294
experiment_name,0325d328-7386-459a-9adc-21ce70032ed7,function_transfer_time,1779128081.869697,0.000079888
experiment_name,0325d328-7386-459a-9adc-21ce70032ed7,function_transfer_time,1779128081.9710364,0.000082465
experiment_name,0325d328-7386-459a-9adc-21ce70032ed7,function_transfer_time,1779128082.0713453,0.000084318
experiment_name,0325d328-7386-459a-9adc-21ce70032ed7,function_transfer_time,1779128082.17265,0.000078042
experiment_name,0325d328-7386-459a-9adc-21ce70032ed7,function_transfer_time,1779128082.2740366,0.000083371
experiment_name,0325d328-7386-459a-9adc-21ce70032ed7,function_transfer_time,1779128082.3743184,0.000077812
experiment_name,0325d328-7386-459a-9adc-21ce70032ed7,function_transfer_time,1779128082.4757903,0.000080932
experiment_name,0325d328-7386-459a-9adc-21ce70032ed7,function_transfer_time,1779128082.5770853,0.000079248
experiment_name,0325d328-7386-459a-9adc-21ce70032ed7,function_transfer_time,1779128082.6783893,0.000083549
experiment_name,0325d328-7386-459a-9adc-21ce70032ed7,function_transfer_time,1779128082.7797263,0.000083291
experiment_name,0325d328-7386-459a-9adc-21ce70032ed7,function_transfer_time,1779128082.8809543,0.000022903
experiment_name,0325d328-7386-459a-9adc-21ce70032ed7,function_transfer_time,1779128082.981468,0.000080254
experiment_name,0325d328-7386-459a-9adc-21ce70032ed7,function_transfer_time,1779128083.082743,0.000078624
experiment_name,0325d328-7386-459a-9adc-21ce70032ed7,function_transfer_time,1779128083.1840782,0.000076536
experiment_name,0325d328-7386-459a-9adc-21ce70032ed7,function_transfer_time,1779128083.2854576,0.000092256
experiment_name,0325d328-7386-459a-9adc-21ce70032ed7,function_transfer_time,1779128083.3867836,0.000077587
experiment_name,0325d328-7386-459a-9adc-21ce70032ed7,function_transfer_time,1779128083.4881294,0.000079892
experiment_name,0325d328-7386-459a-9adc-21ce70032ed7,function_transfer_time,1779128083.5894623,0.000096997
experiment_name,0325d328-7386-459a-9adc-21ce70032ed7,function_transfer_time,1779128083.6908014,0.000079145
experiment_name,0325d328-7386-459a-9adc-21ce70032ed7,function_transfer_time,1779128083.7920547,0.000023766
experiment_name,0325d328-7386-459a-9adc-21ce70032ed7,function_transfer_time,1779128083.8923798,0.000078311
experiment_name,0325d328-7386-459a-9adc-21ce70032ed7,function_transfer_time,1779128083.9936109,0.000022183
experiment_name,0325d328-7386-459a-9adc-21ce70032ed7,function_transfer_time,1779128084.0949385,0.000088635
experiment_name,0325d328-7386-459a-9adc-21ce70032ed7,function_transfer_time,1779128084.1952264,0.000023173
experiment_name,0325d328-7386-459a-9adc-21ce70032ed7,function_transfer_time,1779128084.2965877,0.000091536
experiment_name,0325d328-7386-459a-9adc-21ce70032ed7,function_transfer_time,1779128084.3978658,0.000022064
experiment_name,0325d328-7386-459a-9adc-21ce70032ed7,function_transfer_time,1779128084.4991791,0.000081046
experiment_name,0325d328-7386-459a-9adc-21ce70032ed7,function_transfer_time,1779128084.6005065,0.000082097
experiment_name,9ffc2740-2ad6-45f0-9f04-127377a74691,function_transfer_time,1779128079.641501,0.000021355
experiment_name,9ffc2740-2ad6-45f0-9f04-127377a74691,function_transfer_time,1779128079.7429037,0.000130796
experiment_name,9ffc2740-2ad6-45f0-9f04-127377a74691,function_transfer_time,1779128079.844205,0.000040695
experiment_name,9ffc2740-2ad6-45f0-9f04-127377a74691,function_transfer_time,1779128079.9456398,0.000121517
experiment_name,9ffc2740-2ad6-45f0-9f04-127377a74691,function_transfer_time,1779128080.0469568,0.000052314
experiment_name,9ffc2740-2ad6-45f0-9f04-127377a74691,function_transfer_time,1779128080.1482725,0.000028723
experiment_name,9ffc2740-2ad6-45f0-9f04-127377a74691,function_transfer_time,1779128080.2497048,0.000134513
experiment_name,9ffc2740-2ad6-45f0-9f04-127377a74691,function_transfer_time,1779128080.3510387,0.00012729
experiment_name,9ffc2740-2ad6-45f0-9f04-127377a74691,function_transfer_time,1779128080.4523416,0.000045278
experiment_name,9ffc2740-2ad6-45f0-9f04-127377a74691,function_transfer_time,1779128080.5536728,0.000090937
experiment_name,9ffc2740-2ad6-45f0-9f04-127377a74691,function_transfer_time,1779128080.6550035,0.000133549
experiment_name,9ffc2740-2ad6-45f0-9f04-127377a74691,function_transfer_time,1779128080.756223,0.000043174
experiment_name,9ffc2740-2ad6-45f0-9f04-127377a74691,function_transfer_time,1779128080.8575425,0.000133851
experiment_name,9ffc2740-2ad6-45f0-9f04-127377a74691,function_transfer_time,1779128080.9588504,0.000101998
experiment_name,9ffc2740-2ad6-45f0-9f04-127377a74691,function_transfer_time,1779128081.0601792,0.000026914
experiment_name,9ffc2740-2ad6-45f0-9f04-127377a74691,function_transfer_time,1779128081.1615438,0.000035672
experiment_name,9ffc2740-2ad6-45f0-9f04-127377a74691,function_transfer_time,1779128081.26294,0.000119658
experiment_name,9ffc2740-2ad6-45f0-9f04-127377a74691,function_transfer_time,1779128081.3642447,0.000111247
experiment_name,9ffc2740-2ad6-45f0-9f04-127377a74691,function_transfer_time,1779128081.4655876,0.000111743
experiment_name,9ffc2740-2ad6-45f0-9f04-127377a74691,function_transfer_time,1779128081.566938,0.000143204
experiment_name,9ffc2740-2ad6-45f0-9f04-127377a74691,function_transfer_time,1779128081.6682122,0.000112074
experiment_name,9ffc2740-2ad6-45f0-9f04-127377a74691,function_transfer_time,1779128081.7685378,0.000124666
experiment_name,9ffc2740-2ad6-45f0-9f04-127377a74691,function_transfer_time,1779128081.8698633,0.000109613
experiment_name,9ffc2740-2ad6-45f0-9f04-127377a74691,function_transfer_time,1779128081.9711995,0.000109493
experiment_name,9ffc2740-2ad6-45f0-9f04-127377a74691,function_transfer_time,1779128082.071525,0.000122244
experiment_name,9ffc2740-2ad6-45f0-9f04-127377a74691,function_transfer_time,1779128082.1728084,0.00003499
experiment_name,9ffc2740-2ad6-45f0-9f04-127377a74691,function_transfer_time,1779128082.2741807,0.000093673
experiment_name,9ffc2740-2ad6-45f0-9f04-127377a74691,function_transfer_time,1779128082.3744714,0.000104229
experiment_name,9ffc2740-2ad6-45f0-9f04-127377a74691,function_transfer_time,1779128082.4759302,0.00008504
experiment_name,9ffc2740-2ad6-45f0-9f04-127377a74691,function_transfer_time,1779128082.5772274,0.000093097
experiment_name,9ffc2740-2ad6-45f0-9f04-127377a74691,function_transfer_time,1779128082.6785629,0.000108596
experiment_name,9ffc2740-2ad6-45f0-9f04-127377a74691,function_transfer_time,1779128082.7798786,0.000103482
experiment_name,9ffc2740-2ad6-45f0-9f04-127377a74691,function_transfer_time,1779128082.8811429,0.000130687
experiment_name,9ffc2740-2ad6-45f0-9f04-127377a74691,function_transfer_time,1779128082.9816303,0.000113717
experiment_name,9ffc2740-2ad6-45f0-9f04-127377a74691,function_transfer_time,1779128083.0829306,0.000134026
experiment_name,9ffc2740-2ad6-45f0-9f04-127377a74691,function_transfer_time,1779128083.1842413,0.000032083
experiment_name,9ffc2740-2ad6-45f0-9f04-127377a74691,function_transfer_time,1779128083.2856328,0.000124192
experiment_name,9ffc2740-2ad6-45f0-9f04-127377a74691,function_transfer_time,1779128083.3869593,0.00012207
experiment_name,9ffc2740-2ad6-45f0-9f04-127377a74691,function_transfer_time,1779128083.488326,0.000142586
experiment_name,9ffc2740-2ad6-45f0-9f04-127377a74691,function_transfer_time,1779128083.589642,0.000122024
experiment_name,9ffc2740-2ad6-45f0-9f04-127377a74691,function_transfer_time,1779128083.6909988,0.000144265
experiment_name,9ffc2740-2ad6-45f0-9f04-127377a74691,function_transfer_time,1779128083.7922118,0.000104822
experiment_name,9ffc2740-2ad6-45f0-9f04-127377a74691,function_transfer_time,1779128083.8925748,0.000137547
experiment_name,9ffc2740-2ad6-45f0-9f04-127377a74691,function_transfer_time,1779128083.993788,0.000125
experiment_name,9ffc2740-2ad6-45f0-9f04-127377a74691,function_transfer_time,1779128084.0951114,0.000113699
experiment_name,9ffc2740-2ad6-45f0-9f04-127377a74691,function_transfer_time,1779128084.1953824,0.0000338
experiment_name,9ffc2740-2ad6-45f0-9f04-127377a74691,function_transfer_time,1779128084.2967832,0.00014162
experiment_name,9ffc2740-2ad6-45f0-9f04-127377a74691,function_transfer_time,1779128084.3980484,0.000128886
experiment_name,9ffc2740-2ad6-45f0-9f04-127377a74691,function_transfer_time,1779128084.499365,0.000132743
experiment_name,9ffc2740-2ad6-45f0-9f04-127377a74691,function_transfer_time,1779128084.6006875,0.000124043
experiment_name,0325d328-7386-459a-9adc-21ce70032ed7,function_execution_time,1779128084.7023613,0.000075313
experiment_name,0325d328-7386-459a-9adc-21ce70032ed7,function_execution_time,1779128084.8036752,0.000070575
experiment_name,0325d328-7386-459a-9adc-21ce70032ed7,function_execution_time,1779128084.9050112,0.000078527
experiment_name,0325d328-7386-459a-9adc-21ce70032ed7,function_execution_time,1779128085.0063195,0.000072005
experiment_name,0325d328-7386-459a-9adc-21ce70032ed7,function_execution_time,1779128085.1076424,0.000071336
experiment_name,0325d328-7386-459a-9adc-21ce70032ed7,function_execution_time,1779128085.2090368,0.000149011
experiment_name,0325d328-7386-459a-9adc-21ce70032ed7,function_execution_time,1779128085.310413,0.000087633
experiment_name,0325d328-7386-459a-9adc-21ce70032ed7,function_execution_time,1779128085.4116712,0.000074364
experiment_name,0325d328-7386-459a-9adc-21ce70032ed7,function_execution_time,1779128085.5131233,0.000071233
experiment_name,0325d328-7386-459a-9adc-21ce70032ed7,function_execution_time,1779128085.6135318,0.000095616
experiment_name,0325d328-7386-459a-9adc-21ce70032ed7,function_execution_time,1779128085.714903,0.000069496
experiment_name,0325d328-7386-459a-9adc-21ce70032ed7,function_execution_time,1779128085.8162286,0.000067928
experiment_name,0325d328-7386-459a-9adc-21ce70032ed7,function_execution_time,1779128085.9175885,0.00012424
experiment_name,0325d328-7386-459a-9adc-21ce70032ed7,function_execution_time,1779128086.0188837,0.00008368
experiment_name,0325d328-7386-459a-9adc-21ce70032ed7,function_execution_time,1779128086.1202443,0.000070964
experiment_name,0325d328-7386-459a-9adc-21ce70032ed7,function_execution_time,1779128086.2215252,0.000105091
experiment_name,0325d328-7386-459a-9adc-21ce70032ed7,function_execution_time,1779128086.3228369,0.000079074
experiment_name,0325d328-7386-459a-9adc-21ce70032ed7,function_execution_time,1779128086.4241476,0.000067808
experiment_name,0325d328-7386-459a-9adc-21ce70032ed7,function_execution_time,1779128086.525537,0.000089636
experiment_name,0325d328-7386-459a-9adc-21ce70032ed7,function_execution_time,1779128086.6268091,0.000078258
experiment_name,0325d328-7386-459a-9adc-21ce70032ed7,function_execution_time,1779128086.7281203,0.000078424
experiment_name,0325d328-7386-459a-9adc-21ce70032ed7,function_execution_time,1779128086.8284376,0.00006735
experiment_name,0325d328-7386-459a-9adc-21ce70032ed7,function_execution_time,1779128086.92969,0.000069545
experiment_name,0325d328-7386-459a-9adc-21ce70032ed7,function_execution_time,1779128087.0310092,0.000071402
experiment_name,0325d328-7386-459a-9adc-21ce70032ed7,function_execution_time,1779128087.1323702,0.000073174
experiment_name,0325d328-7386-459a-9adc-21ce70032ed7,function_execution_time,1779128087.2337573,0.000149605
experiment_name,0325d328-7386-459a-9adc-21ce70032ed7,function_execution_time,1779128087.3350625,0.000067224
experiment_name,0325d328-7386-459a-9adc-21ce70032ed7,function_execution_time,1779128087.4363637,0.00007172
experiment_name,0325d328-7386-459a-9adc-21ce70032ed7,function_execution_time,1779128087.5376942,0.000083139
experiment_name,0325d328-7386-459a-9adc-21ce70032ed7,function_execution_time,1779128087.6390138,0.000068918
experiment_name,0325d328-7386-459a-9adc-21ce70032ed7,function_execution_time,1779128087.740322,0.000067214
experiment_name,0325d328-7386-459a-9adc-21ce70032ed7,function_execution_time,1779128087.8416574,0.000068183
experiment_name,0325d328-7386-459a-9adc-21ce70032ed7,function_execution_time,1779128087.9429653,0.000076718
experiment_name,0325d328-7386-459a-9adc-21ce70032ed7,function_execution_time,1779128088.0443094,0.000067179
experiment_name,0325d328-7386-459a-9adc-21ce70032ed7,function_execution_time,1779128088.1456077,0.000074418
experiment_name,0325d328-7386-459a-9adc-21ce70032ed7,function_execution_time,1779128088.2470198,0.000153059
experiment_name,0325d328-7386-459a-9adc-21ce70032ed7,function_execution_time,1779128088.347491,0.000081629
experiment_name,0325d328-7386-459a-9adc-21ce70032ed7,function_execution_time,1779128088.4487243,0.000070269
experiment_name,0325d328-7386-459a-9adc-21ce70032ed7,function_execution_time,1779128088.5500798,0.000070072
experiment_name,0325d328-7386-459a-9adc-21ce70032ed7,function_execution_time,1779128088.6503959,0.000076941
experiment_name,0325d328-7386-459a-9adc-21ce70032ed7,function_execution_time,1779128088.751738,0.000069821
experiment_name,0325d328-7386-459a-9adc-21ce70032ed7,function_execution_time,1779128088.8530455,0.00006732
experiment_name,0325d328-7386-459a-9adc-21ce70032ed7,function_execution_time,1779128088.9543633,0.000077305
experiment_name,0325d328-7386-459a-9adc-21ce70032ed7,function_execution_time,1779128089.0556946,0.000069036
experiment_name,0325d328-7386-459a-9adc-21ce70032ed7,function_execution_time,1779128089.157015,0.000068188
experiment_name,0325d328-7386-459a-9adc-21ce70032ed7,function_execution_time,1779128089.2584424,0.000144629
experiment_name,0325d328-7386-459a-9adc-21ce70032ed7,function_execution_time,1779128089.3597536,0.000088848
experiment_name,0325d328-7386-459a-9adc-21ce70032ed7,function_execution_time,1779128089.4611235,0.000097733
experiment_name,0325d328-7386-459a-9adc-21ce70032ed7,function_execution_time,1779128089.562326,0.000076541
experiment_name,9ffc2740-2ad6-45f0-9f04-127377a74691,function_execution_time,1779128084.7025254,0.000059741
experiment_name,9ffc2740-2ad6-45f0-9f04-127377a74691,function_execution_time,1779128084.8037543,0.000060788
experiment_name,9ffc2740-2ad6-45f0-9f04-127377a74691,function_execution_time,1779128084.905178,0.000063371
experiment_name,9ffc2740-2ad6-45f0-9f04-127377a74691,function_execution_time,1779128085.006495,0.000072326
experiment_name,9ffc2740-2ad6-45f0-9f04-127377a74691,function_execution_time,1779128085.1077955,0.000057968
experiment_name,9ffc2740-2ad6-45f0-9f04-127377a74691,function_execution_time,1779128085.2091024,0.000059764
experiment_name,9ffc2740-2ad6-45f0-9f04-127377a74691,function_execution_time,1779128085.3105001,0.00008006
experiment_name,9ffc2740-2ad6-45f0-9f04-127377a74691,function_execution_time,1779128085.4118142,0.000056439
experiment_name,9ffc2740-2ad6-45f0-9f04-127377a74691,function_execution_time,1779128085.5132012,0.000057157
experiment_name,9ffc2740-2ad6-45f0-9f04-127377a74691,function_execution_time,1779128085.6135798,0.000062537
experiment_name,9ffc2740-2ad6-45f0-9f04-127377a74691,function_execution_time,1779128085.7149858,0.000062066
experiment_name,9ffc2740-2ad6-45f0-9f04-127377a74691,function_execution_time,1779128085.8163877,0.000064225
experiment_name,9ffc2740-2ad6-45f0-9f04-127377a74691,function_execution_time,1779128085.917645,0.000067619
experiment_name,9ffc2740-2ad6-45f0-9f04-127377a74691,function_execution_time,1779128086.0190394,0.000065334
experiment_name,9ffc2740-2ad6-45f0-9f04-127377a74691,function_execution_time,1779128086.1203809,0.000056283
experiment_name,9ffc2740-2ad6-45f0-9f04-127377a74691,function_execution_time,1779128086.2215922,0.000069536
experiment_name,9ffc2740-2ad6-45f0-9f04-127377a74691,function_execution_time,1779128086.322989,0.000054867
experiment_name,9ffc2740-2ad6-45f0-9f04-127377a74691,function_execution_time,1779128086.424304,0.000054382
experiment_name,9ffc2740-2ad6-45f0-9f04-127377a74691,function_execution_time,1779128086.5256383,0.000059285
experiment_name,9ffc2740-2ad6-45f0-9f04-127377a74691,function_execution_time,1779128086.6269548,0.000062673
experiment_name,9ffc2740-2ad6-45f0-9f04-127377a74691,function_execution_time,1779128086.7282462,0.000057214
experiment_name,9ffc2740-2ad6-45f0-9f04-127377a74691,function_execution_time,1779128086.8286033,0.000060656
experiment_name,9ffc2740-2ad6-45f0-9f04-127377a74691,function_execution_time,1779128086.9298203,0.000059511
experiment_name,9ffc2740-2ad6-45f0-9f04-127377a74691,function_execution_time,1779128087.031148,0.00005751
experiment_name,9ffc2740-2ad6-45f0-9f04-127377a74691,function_execution_time,1779128087.1325293,0.000064236
experiment_name,9ffc2740-2ad6-45f0-9f04-127377a74691,function_execution_time,1779128087.2338154,0.000054019
experiment_name,9ffc2740-2ad6-45f0-9f04-127377a74691,function_execution_time,1779128087.3351946,0.000053872
experiment_name,9ffc2740-2ad6-45f0-9f04-127377a74691,function_execution_time,1779128087.4365213,0.000054335
experiment_name,9ffc2740-2ad6-45f0-9f04-127377a74691,function_execution_time,1779128087.537868,0.000065402
experiment_name,9ffc2740-2ad6-45f0-9f04-127377a74691,function_execution_time,1779128087.6391635,0.000056657
experiment_name,9ffc2740-2ad6-45f0-9f04-127377a74691,function_execution_time,1779128087.7405012,0.000065018
experiment_name,9ffc2740-2ad6-45f0-9f04-127377a74691,function_execution_time,1779128087.8417926,0.000053535
experiment_name,9ffc2740-2ad6-45f0-9f04-127377a74691,function_execution_time,1779128087.943142,0.000064732
experiment_name,9ffc2740-2ad6-45f0-9f04-127377a74691,function_execution_time,1779128088.044462,0.000068086
experiment_name,9ffc2740-2ad6-45f0-9f04-127377a74691,function_execution_time,1779128088.1457763,0.000057062
experiment_name,9ffc2740-2ad6-45f0-9f04-127377a74691,function_execution_time,1779128088.2470675,0.000067337
experiment_name,9ffc2740-2ad6-45f0-9f04-127377a74691,function_execution_time,1779128088.3475173,0.000064402
experiment_name,9ffc2740-2ad6-45f0-9f04-127377a74691,function_execution_time,1779128088.4488041,0.000063743
experiment_name,9ffc2740-2ad6-45f0-9f04-127377a74691,function_execution_time,1779128088.5501606,0.000058159
experiment_name,9ffc2740-2ad6-45f0-9f04-127377a74691,function_execution_time,1779128088.650493,0.000073916
experiment_name,9ffc2740-2ad6-45f0-9f04-127377a74691,function_execution_time,1779128088.751828,0.000062545
experiment_name,9ffc2740-2ad6-45f0-9f04-127377a74691,function_execution_time,1779128088.8531246,0.000063167
experiment_name,9ffc2740-2ad6-45f0-9f04-127377a74691,function_execution_time,1779128088.9545205,0.000053855
experiment_name,9ffc2740-2ad6-45f0-9f04-127377a74691,function_execution_time,1779128089.0558422,0.000052999
experiment_name,9ffc2740-2ad6-45f0-9f04-127377a74691,function_execution_time,1779128089.1571512,0.000054329
experiment_name,9ffc2740-2ad6-45f0-9f04-127377a74691,function_execution_time,1779128089.2584953,0.00006269
experiment_name,9ffc2740-2ad6-45f0-9f04-127377a74691,function_execution_time,1779128089.359839,0.00006331
experiment_name,9ffc2740-2ad6-45f0-9f04-127377a74691,function_execution_time,1779128089.4611251,0.000065262
experiment_name,9ffc2740-2ad6-45f0-9f04-127377a74691,function_execution_time,1779128089.5624917,0.00006708
experiment_name,9ffc2740-2ad6-45f0-9f04-127377a74691,function_transfer_time,1779128084.7024643,0.000125432
experiment_name,9ffc2740-2ad6-45f0-9f04-127377a74691,function_transfer_time,1779128084.8037517,0.000048403
experiment_name,9ffc2740-2ad6-45f0-9f04-127377a74691,function_transfer_time,1779128084.9051144,0.000127693
experiment_name,9ffc2740-2ad6-45f0-9f04-127377a74691,function_transfer_time,1779128085.0064216,0.000126416
experiment_name,9ffc2740-2ad6-45f0-9f04-127377a74691,function_transfer_time,1779128085.1077368,0.000116928
experiment_name,9ffc2740-2ad6-45f0-9f04-127377a74691,function_transfer_time,1779128085.2090394,0.000039072
experiment_name,9ffc2740-2ad6-45f0-9f04-127377a74691,function_transfer_time,1779128085.3104157,0.000105043
experiment_name,9ffc2740-2ad6-45f0-9f04-127377a74691,function_transfer_time,1779128085.4117591,0.000107385
experiment_name,9ffc2740-2ad6-45f0-9f04-127377a74691,function_transfer_time,1779128085.5131974,0.000046538
experiment_name,9ffc2740-2ad6-45f0-9f04-127377a74691,function_transfer_time,1779128085.6135347,0.000082267
experiment_name,9ffc2740-2ad6-45f0-9f04-127377a74691,function_transfer_time,1779128085.7149827,0.0000597
experiment_name,9ffc2740-2ad6-45f0-9f04-127377a74691,function_transfer_time,1779128085.8163226,0.000117297
experiment_name,9ffc2740-2ad6-45f0-9f04-127377a74691,function_transfer_time,1779128085.917576,0.00003974
experiment_name,9ffc2740-2ad6-45f0-9f04-127377a74691,function_transfer_time,1779128086.018971,0.000114455
experiment_name,9ffc2740-2ad6-45f0-9f04-127377a74691,function_transfer_time,1779128086.1203246,0.000105868
experiment_name,9ffc2740-2ad6-45f0-9f04-127377a74691,function_transfer_time,1779128086.2215226,0.00003006
experiment_name,9ffc2740-2ad6-45f0-9f04-127377a74691,function_transfer_time,1779128086.3229344,0.000119817
experiment_name,9ffc2740-2ad6-45f0-9f04-127377a74691,function_transfer_time,1779128086.4242494,0.000129627
experiment_name,9ffc2740-2ad6-45f0-9f04-127377a74691,function_transfer_time,1779128086.5255725,0.000136312
experiment_name,9ffc2740-2ad6-45f0-9f04-127377a74691,function_transfer_time,1779128086.6268914,0.00010908
experiment_name,9ffc2740-2ad6-45f0-9f04-127377a74691,function_transfer_time,1779128086.7281847,0.000099187
experiment_name,9ffc2740-2ad6-45f0-9f04-127377a74691,function_transfer_time,1779128086.8285418,0.000139485
experiment_name,9ffc2740-2ad6-45f0-9f04-127377a74691,function_transfer_time,1779128086.9297519,0.000093762
experiment_name,9ffc2740-2ad6-45f0-9f04-127377a74691,function_transfer_time,1779128087.0310974,0.000114366
experiment_name,9ffc2740-2ad6-45f0-9f04-127377a74691,function_transfer_time,1779128087.1324644,0.000132015
experiment_name,9ffc2740-2ad6-45f0-9f04-127377a74691,function_transfer_time,1779128087.2337596,0.00003644
experiment_name,9ffc2740-2ad6-45f0-9f04-127377a74691,function_transfer_time,1779128087.3351402,0.000108757
experiment_name,9ffc2740-2ad6-45f0-9f04-127377a74691,function_transfer_time,1779128087.4364667,0.000126466
experiment_name,9ffc2740-2ad6-45f0-9f04-127377a74691,function_transfer_time,1779128087.5378027,0.000133765
experiment_name,9ffc2740-2ad6-45f0-9f04-127377a74691,function_transfer_time,1779128087.639106,0.000117779
experiment_name,9ffc2740-2ad6-45f0-9f04-127377a74691,function_transfer_time,1779128087.7404406,0.000138515
experiment_name,9ffc2740-2ad6-45f0-9f04-127377a74691,function_transfer_time,1779128087.8417385,0.000106968
experiment_name,9ffc2740-2ad6-45f0-9f04-127377a74691,function_transfer_time,1779128087.9430768,0.00013213
experiment_name,9ffc2740-2ad6-45f0-9f04-127377a74691,function_transfer_time,1779128088.044392,0.000119167
experiment_name,9ffc2740-2ad6-45f0-9f04-127377a74691,function_transfer_time,1779128088.1457193,0.000137079
experiment_name,9ffc2740-2ad6-45f0-9f04-127377a74691,function_transfer_time,1779128088.2469923,0.000026472
experiment_name,9ffc2740-2ad6-45f0-9f04-127377a74691,function_transfer_time,1779128088.3474872,0.000031917
experiment_name,9ffc2740-2ad6-45f0-9f04-127377a74691,function_transfer_time,1779128088.4487998,0.000047874
experiment_name,9ffc2740-2ad6-45f0-9f04-127377a74691,function_transfer_time,1779128088.5501482,0.000047969
experiment_name,9ffc2740-2ad6-45f0-9f04-127377a74691,function_transfer_time,1779128088.6504698,0.000050223
experiment_name,9ffc2740-2ad6-45f0-9f04-127377a74691,function_transfer_time,1779128088.751808,0.000063596
experiment_name,9ffc2740-2ad6-45f0-9f04-127377a74691,function_transfer_time,1779128088.8531218,0.000050152
experiment_name,9ffc2740-2ad6-45f0-9f04-127377a74691,function_transfer_time,1779128088.954466,0.000119677
experiment_name,9ffc2740-2ad6-45f0-9f04-127377a74691,function_transfer_time,1779128089.055789,0.000119261
experiment_name,9ffc2740-2ad6-45f0-9f04-127377a74691,function_transfer_time,1779128089.1570952,0.000107236
experiment_name,9ffc2740-2ad6-45f0-9f04-127377a74691,function_transfer_time,1779128089.2584395,0.00003639
experiment_name,9ffc2740-2ad6-45f0-9f04-127377a74691,function_transfer_time,1779128089.35977,0.000051195
experiment_name,9ffc2740-2ad6-45f0-9f04-127377a74691,function_transfer_time,1779128089.4611192,0.000030426
experiment_name,9ffc2740-2ad6-45f0-9f04-127377a74691,function_transfer_time,1779128089.5624263,0.000115284
experiment_name,0325d328-7386-459a-9adc-21ce70032ed7,function_transfer_time,1779128084.702283,0.000075615
experiment_name,0325d328-7386-459a-9adc-21ce70032ed7,function_transfer_time,1779128084.8035977,0.00008536
experiment_name,0325d328-7386-459a-9adc-21ce70032ed7,function_transfer_time,1779128084.9049332,0.000079759
experiment_name,0325d328-7386-459a-9adc-21ce70032ed7,function_transfer_time,1779128085.006241,0.000079184
experiment_name,0325d328-7386-459a-9adc-21ce70032ed7,function_transfer_time,1779128085.107565,0.000078827
experiment_name,0325d328-7386-459a-9adc-21ce70032ed7,function_transfer_time,1779128085.208883,0.000082959
experiment_name,0325d328-7386-459a-9adc-21ce70032ed7,function_transfer_time,1779128085.3102508,0.000079301
experiment_name,0325d328-7386-459a-9adc-21ce70032ed7,function_transfer_time,1779128085.4116595,0.000083603
experiment_name,0325d328-7386-459a-9adc-21ce70032ed7,function_transfer_time,1779128085.513046,0.000079122
experiment_name,0325d328-7386-459a-9adc-21ce70032ed7,function_transfer_time,1779128085.6133764,0.000081476
experiment_name,0325d328-7386-459a-9adc-21ce70032ed7,function_transfer_time,1779128085.7148147,0.000076206
experiment_name,0325d328-7386-459a-9adc-21ce70032ed7,function_transfer_time,1779128085.8161538,0.000083792
experiment_name,0325d328-7386-459a-9adc-21ce70032ed7,function_transfer_time,1779128085.9174612,0.000040717
experiment_name,0325d328-7386-459a-9adc-21ce70032ed7,function_transfer_time,1779128086.0187905,0.000087141
experiment_name,0325d328-7386-459a-9adc-21ce70032ed7,function_transfer_time,1779128086.1201613,0.000093225
experiment_name,0325d328-7386-459a-9adc-21ce70032ed7,function_transfer_time,1779128086.2214172,0.000024068
experiment_name,0325d328-7386-459a-9adc-21ce70032ed7,function_transfer_time,1779128086.3227525,0.000080358
experiment_name,0325d328-7386-459a-9adc-21ce70032ed7,function_transfer_time,1779128086.4240673,0.000074954
experiment_name,0325d328-7386-459a-9adc-21ce70032ed7,function_transfer_time,1779128086.5253856,0.000081642
experiment_name,0325d328-7386-459a-9adc-21ce70032ed7,function_transfer_time,1779128086.6267292,0.000083305
experiment_name,0325d328-7386-459a-9adc-21ce70032ed7,function_transfer_time,1779128086.728036,0.000085185
experiment_name,0325d328-7386-459a-9adc-21ce70032ed7,function_transfer_time,1779128086.8283484,0.000077549
experiment_name,0325d328-7386-459a-9adc-21ce70032ed7,function_transfer_time,1779128086.9296165,0.000024044
experiment_name,0325d328-7386-459a-9adc-21ce70032ed7,function_transfer_time,1779128087.0309246,0.00008019
experiment_name,0325d328-7386-459a-9adc-21ce70032ed7,function_transfer_time,1779128087.1322756,0.000084579
experiment_name,0325d328-7386-459a-9adc-21ce70032ed7,function_transfer_time,1779128087.2336025,0.000080759
experiment_name,0325d328-7386-459a-9adc-21ce70032ed7,function_transfer_time,1779128087.3349783,0.000076286
experiment_name,0325d328-7386-459a-9adc-21ce70032ed7,function_transfer_time,1779128087.4362867,0.000079468
experiment_name,0325d328-7386-459a-9adc-21ce70032ed7,function_transfer_time,1779128087.5376124,0.000082817
experiment_name,0325d328-7386-459a-9adc-21ce70032ed7,function_transfer_time,1779128087.638936,0.000081219
experiment_name,0325d328-7386-459a-9adc-21ce70032ed7,function_transfer_time,1779128087.740243,0.000070051
experiment_name,0325d328-7386-459a-9adc-21ce70032ed7,function_transfer_time,1779128087.8415792,0.000079931
experiment_name,0325d328-7386-459a-9adc-21ce70032ed7,function_transfer_time,1779128087.9428842,0.00007841
experiment_name,0325d328-7386-459a-9adc-21ce70032ed7,function_transfer_time,1779128088.0442214,0.000077756
experiment_name,0325d328-7386-459a-9adc-21ce70032ed7,function_transfer_time,1779128088.1455264,0.000074405
experiment_name,0325d328-7386-459a-9adc-21ce70032ed7,function_transfer_time,1779128088.2468622,0.000083246
experiment_name,0325d328-7386-459a-9adc-21ce70032ed7,function_transfer_time,1779128088.347352,0.0000926
experiment_name,0325d328-7386-459a-9adc-21ce70032ed7,function_transfer_time,1779128088.4486463,0.000080206
experiment_name,0325d328-7386-459a-9adc-21ce70032ed7,function_transfer_time,1779128088.5500023,0.000081601
experiment_name,0325d328-7386-459a-9adc-21ce70032ed7,function_transfer_time,1779128088.65031,0.00008301
experiment_name,0325d328-7386-459a-9adc-21ce70032ed7,function_transfer_time,1779128088.7516496,0.000080935
experiment_name,0325d328-7386-459a-9adc-21ce70032ed7,function_transfer_time,1779128088.8529663,0.000084435
experiment_name,0325d328-7386-459a-9adc-21ce70032ed7,function_transfer_time,1779128088.9542856,0.000078237
experiment_name,0325d328-7386-459a-9adc-21ce70032ed7,function_transfer_time,1779128089.0556176,0.000077086
experiment_name,0325d328-7386-459a-9adc-21ce70032ed7,function_transfer_time,1779128089.156935,0.000084432
experiment_name,0325d328-7386-459a-9adc-21ce70032ed7,function_transfer_time,1779128089.2582827,0.000085225
experiment_name,0325d328-7386-459a-9adc-21ce70032ed7,function_transfer_time,1779128089.3596585,0.000097087
experiment_name,0325d328-7386-459a-9adc-21ce70032ed7,function_transfer_time,1779128089.4609537,0.000027149
experiment_name,0325d328-7386-459a-9adc-21ce70032ed7,function_transfer_time,1779128089.5622504,0.000083862
experiment_name,0325d328-7386-459a-9adc-21ce70032ed7,function_execution_time,1779128089.6641302,0.000094729
experiment_name,0325d328-7386-459a-9adc-21ce70032ed7,function_execution_time,1779128089.7646332,0.000088868
experiment_name,0325d328-7386-459a-9adc-21ce70032ed7,function_execution_time,1779128089.8658605,0.000074856
experiment_name,0325d328-7386-459a-9adc-21ce70032ed7,function_execution_time,1779128089.9671843,0.000074015
experiment_name,0325d328-7386-459a-9adc-21ce70032ed7,function_execution_time,1779128090.0685647,0.000095185
experiment_name,0325d328-7386-459a-9adc-21ce70032ed7,function_execution_time,1779128090.1698177,0.000073658
experiment_name,0325d328-7386-459a-9adc-21ce70032ed7,function_execution_time,1779128090.2711797,0.00015617
experiment_name,0325d328-7386-459a-9adc-21ce70032ed7,function_execution_time,1779128090.372525,0.000089568
experiment_name,0325d328-7386-459a-9adc-21ce70032ed7,function_execution_time,1779128090.4737577,0.000086751
experiment_name,0325d328-7386-459a-9adc-21ce70032ed7,function_execution_time,1779128090.5750396,0.00006679
experiment_name,0325d328-7386-459a-9adc-21ce70032ed7,function_execution_time,1779128090.6763628,0.000068554
experiment_name,0325d328-7386-459a-9adc-21ce70032ed7,function_execution_time,1779128090.7776413,0.000076322
experiment_name,0325d328-7386-459a-9adc-21ce70032ed7,function_execution_time,1779128090.8788922,0.000066774
experiment_name,0325d328-7386-459a-9adc-21ce70032ed7,function_execution_time,1779128090.9802125,0.000073844
experiment_name,0325d328-7386-459a-9adc-21ce70032ed7,function_execution_time,1779128091.081621,0.000077959
experiment_name,0325d328-7386-459a-9adc-21ce70032ed7,function_execution_time,1779128091.1829426,0.000068602
experiment_name,0325d328-7386-459a-9adc-21ce70032ed7,function_execution_time,1779128091.2843165,0.000140862
experiment_name,0325d328-7386-459a-9adc-21ce70032ed7,function_execution_time,1779128091.385616,0.000069342
experiment_name,0325d328-7386-459a-9adc-21ce70032ed7,function_execution_time,1779128091.4869666,0.000081177
experiment_name,0325d328-7386-459a-9adc-21ce70032ed7,function_execution_time,1779128091.588183,0.000067846
experiment_name,0325d328-7386-459a-9adc-21ce70032ed7,function_execution_time,1779128091.6895342,0.000067903
experiment_name,0325d328-7386-459a-9adc-21ce70032ed7,function_execution_time,1779128091.7907944,0.000074944
experiment_name,0325d328-7386-459a-9adc-21ce70032ed7,function_execution_time,1779128091.892126,0.000068636
experiment_name,0325d328-7386-459a-9adc-21ce70032ed7,function_execution_time,1779128091.9923744,0.000068305
experiment_name,0325d328-7386-459a-9adc-21ce70032ed7,function_execution_time,1779128092.093693,0.000077668
experiment_name,0325d328-7386-459a-9adc-21ce70032ed7,function_execution_time,1779128092.1950474,0.000084553
experiment_name,0325d328-7386-459a-9adc-21ce70032ed7,function_execution_time,1779128092.2963743,0.000171342
experiment_name,0325d328-7386-459a-9adc-21ce70032ed7,function_execution_time,1779128092.3976235,0.00007287
experiment_name,0325d328-7386-459a-9adc-21ce70032ed7,function_execution_time,1779128092.4989364,0.000076863
experiment_name,0325d328-7386-459a-9adc-21ce70032ed7,function_execution_time,1779128092.600249,0.00006748
experiment_name,0325d328-7386-459a-9adc-21ce70032ed7,function_execution_time,1779128092.7015877,0.000068222
experiment_name,0325d328-7386-459a-9adc-21ce70032ed7,function_execution_time,1779128092.8029027,0.000078071
experiment_name,0325d328-7386-459a-9adc-21ce70032ed7,function_execution_time,1779128092.9042401,0.000067434
experiment_name,0325d328-7386-459a-9adc-21ce70032ed7,function_execution_time,1779128093.005594,0.000079631
experiment_name,0325d328-7386-459a-9adc-21ce70032ed7,function_execution_time,1779128093.106848,0.000067455
experiment_name,0325d328-7386-459a-9adc-21ce70032ed7,function_execution_time,1779128093.2082117,0.000085093
experiment_name,0325d328-7386-459a-9adc-21ce70032ed7,function_execution_time,1779128093.3095272,0.000141641
experiment_name,0325d328-7386-459a-9adc-21ce70032ed7,function_execution_time,1779128093.4108357,0.00008192
experiment_name,0325d328-7386-459a-9adc-21ce70032ed7,function_execution_time,1779128093.5121078,0.000077642
experiment_name,0325d328-7386-459a-9adc-21ce70032ed7,function_execution_time,1779128093.6124907,0.000095854
experiment_name,0325d328-7386-459a-9adc-21ce70032ed7,function_execution_time,1779128093.7137318,0.000071176
experiment_name,0325d328-7386-459a-9adc-21ce70032ed7,function_execution_time,1779128093.8150394,0.000067993
experiment_name,0325d328-7386-459a-9adc-21ce70032ed7,function_execution_time,1779128093.9153826,0.000077034
experiment_name,0325d328-7386-459a-9adc-21ce70032ed7,function_execution_time,1779128094.0166955,0.000067487
experiment_name,0325d328-7386-459a-9adc-21ce70032ed7,function_execution_time,1779128094.1180356,0.000069571
experiment_name,0325d328-7386-459a-9adc-21ce70032ed7,function_execution_time,1779128094.2192905,0.000080574
experiment_name,0325d328-7386-459a-9adc-21ce70032ed7,function_execution_time,1779128094.320679,0.000144583
experiment_name,0325d328-7386-459a-9adc-21ce70032ed7,function_execution_time,1779128094.4219477,0.000068507
experiment_name,0325d328-7386-459a-9adc-21ce70032ed7,function_execution_time,1779128094.5232642,0.000068818
experiment_name,9ffc2740-2ad6-45f0-9f04-127377a74691,function_execution_time,1779128089.6642287,0.000066735
experiment_name,9ffc2740-2ad6-45f0-9f04-127377a74691,function_execution_time,1779128089.764704,0.000130211
experiment_name,9ffc2740-2ad6-45f0-9f04-127377a74691,function_execution_time,1779128089.8660054,0.000055998
experiment_name,9ffc2740-2ad6-45f0-9f04-127377a74691,function_execution_time,1779128089.9673421,0.000056114
experiment_name,9ffc2740-2ad6-45f0-9f04-127377a74691,function_execution_time,1779128090.0686498,0.000056834
experiment_name,9ffc2740-2ad6-45f0-9f04-127377a74691,function_execution_time,1779128090.1699948,0.000065105
experiment_name,9ffc2740-2ad6-45f0-9f04-127377a74691,function_execution_time,1779128090.2712336,0.000057716
experiment_name,9ffc2740-2ad6-45f0-9f04-127377a74691,function_execution_time,1779128090.3726175,0.000054201
experiment_name,9ffc2740-2ad6-45f0-9f04-127377a74691,function_execution_time,1779128090.4738865,0.000061232
experiment_name,9ffc2740-2ad6-45f0-9f04-127377a74691,function_execution_time,1779128090.5751936,0.000063895
experiment_name,9ffc2740-2ad6-45f0-9f04-127377a74691,function_execution_time,1779128090.6765199,0.000054082
experiment_name,9ffc2740-2ad6-45f0-9f04-127377a74691,function_execution_time,1779128090.7777743,0.000053478
experiment_name,9ffc2740-2ad6-45f0-9f04-127377a74691,function_execution_time,1779128090.879042,0.000057279
experiment_name,9ffc2740-2ad6-45f0-9f04-127377a74691,function_execution_time,1779128090.9803734,0.000052876
experiment_name,9ffc2740-2ad6-45f0-9f04-127377a74691,function_execution_time,1779128091.0817103,0.000064565
experiment_name,9ffc2740-2ad6-45f0-9f04-127377a74691,function_execution_time,1779128091.1831138,0.000057847
experiment_name,9ffc2740-2ad6-45f0-9f04-127377a74691,function_execution_time,1779128091.2843704,0.000052841
experiment_name,9ffc2740-2ad6-45f0-9f04-127377a74691,function_execution_time,1779128091.3857715,0.00005383
experiment_name,9ffc2740-2ad6-45f0-9f04-127377a74691,function_execution_time,1779128091.4870534,0.000059979
experiment_name,9ffc2740-2ad6-45f0-9f04-127377a74691,function_execution_time,1779128091.588345,0.000056477
experiment_name,9ffc2740-2ad6-45f0-9f04-127377a74691,function_execution_time,1779128091.6896667,0.0000536
experiment_name,9ffc2740-2ad6-45f0-9f04-127377a74691,function_execution_time,1779128091.7909324,0.000053669
experiment_name,9ffc2740-2ad6-45f0-9f04-127377a74691,function_execution_time,1779128091.8922937,0.000057591
experiment_name,9ffc2740-2ad6-45f0-9f04-127377a74691,function_execution_time,1779128091.9925418,0.00006447
experiment_name,9ffc2740-2ad6-45f0-9f04-127377a74691,function_execution_time,1779128092.093863,0.000059421
experiment_name,9ffc2740-2ad6-45f0-9f04-127377a74691,function_execution_time,1779128092.1951442,0.000058926
experiment_name,9ffc2740-2ad6-45f0-9f04-127377a74691,function_execution_time,1779128092.2964256,0.000054925
experiment_name,9ffc2740-2ad6-45f0-9f04-127377a74691,function_execution_time,1779128092.3977947,0.000062293
experiment_name,9ffc2740-2ad6-45f0-9f04-127377a74691,function_execution_time,1779128092.4990888,0.000053624
experiment_name,9ffc2740-2ad6-45f0-9f04-127377a74691,function_execution_time,1779128092.6004052,0.000053355
experiment_name,9ffc2740-2ad6-45f0-9f04-127377a74691,function_execution_time,1779128092.7017362,0.000056334
experiment_name,9ffc2740-2ad6-45f0-9f04-127377a74691,function_execution_time,1779128092.8029919,0.000065134
experiment_name,9ffc2740-2ad6-45f0-9f04-127377a74691,function_execution_time,1779128092.9043238,0.000054169
experiment_name,9ffc2740-2ad6-45f0-9f04-127377a74691,function_execution_time,1779128093.0056083,0.000058766
experiment_name,9ffc2740-2ad6-45f0-9f04-127377a74691,function_execution_time,1779128093.1070025,0.000053139
experiment_name,9ffc2740-2ad6-45f0-9f04-127377a74691,function_execution_time,1779128093.2082932,0.000054014
experiment_name,9ffc2740-2ad6-45f0-9f04-127377a74691,function_execution_time,1779128093.3095856,0.000060903
experiment_name,9ffc2740-2ad6-45f0-9f04-127377a74691,function_execution_time,1779128093.410887,0.000052591
experiment_name,9ffc2740-2ad6-45f0-9f04-127377a74691,function_execution_time,1779128093.5122676,0.000053353
experiment_name,9ffc2740-2ad6-45f0-9f04-127377a74691,function_execution_time,1779128093.6125765,0.000053868
experiment_name,9ffc2740-2ad6-45f0-9f04-127377a74691,function_execution_time,1779128093.7138813,0.000064175
experiment_name,9ffc2740-2ad6-45f0-9f04-127377a74691,function_execution_time,1779128093.8151145,0.000056932
experiment_name,9ffc2740-2ad6-45f0-9f04-127377a74691,function_execution_time,1779128093.9155352,0.000053662
experiment_name,9ffc2740-2ad6-45f0-9f04-127377a74691,function_execution_time,1779128094.0168517,0.000053655
experiment_name,9ffc2740-2ad6-45f0-9f04-127377a74691,function_execution_time,1779128094.1181688,0.000054861
experiment_name,9ffc2740-2ad6-45f0-9f04-127377a74691,function_execution_time,1779128094.2194903,0.000078428
experiment_name,9ffc2740-2ad6-45f0-9f04-127377a74691,function_execution_time,1779128094.3207295,0.000052936
experiment_name,9ffc2740-2ad6-45f0-9f04-127377a74691,function_execution_time,1779128094.4221046,0.000053685
experiment_name,9ffc2740-2ad6-45f0-9f04-127377a74691,function_execution_time,1779128094.5234208,0.000053965
experiment_name,9ffc2740-2ad6-45f0-9f04-127377a74691,function_transfer_time,1779128089.664153,0.00010174
experiment_name,9ffc2740-2ad6-45f0-9f04-127377a74691,function_transfer_time,1779128089.7646298,0.000024591
experiment_name,9ffc2740-2ad6-45f0-9f04-127377a74691,function_transfer_time,1779128089.8659449,0.000114895
experiment_name,9ffc2740-2ad6-45f0-9f04-127377a74691,function_transfer_time,1779128089.9672856,0.000125984
experiment_name,9ffc2740-2ad6-45f0-9f04-127377a74691,function_transfer_time,1779128090.0685863,0.000105384
experiment_name,9ffc2740-2ad6-45f0-9f04-127377a74691,function_transfer_time,1779128090.1699293,0.000136674
experiment_name,9ffc2740-2ad6-45f0-9f04-127377a74691,function_transfer_time,1779128090.2711768,0.000030765
experiment_name,9ffc2740-2ad6-45f0-9f04-127377a74691,function_transfer_time,1779128090.372555,0.000129551
experiment_name,9ffc2740-2ad6-45f0-9f04-127377a74691,function_transfer_time,1779128090.4738204,0.000100469
experiment_name,9ffc2740-2ad6-45f0-9f04-127377a74691,function_transfer_time,1779128090.5751245,0.000119637
experiment_name,9ffc2740-2ad6-45f0-9f04-127377a74691,function_transfer_time,1779128090.676466,0.000128285
experiment_name,9ffc2740-2ad6-45f0-9f04-127377a74691,function_transfer_time,1779128090.7777195,0.000102771
experiment_name,9ffc2740-2ad6-45f0-9f04-127377a74691,function_transfer_time,1779128090.878984,0.000120474
experiment_name,9ffc2740-2ad6-45f0-9f04-127377a74691,function_transfer_time,1779128090.9803216,0.000126794
experiment_name,9ffc2740-2ad6-45f0-9f04-127377a74691,function_transfer_time,1779128091.0816946,0.0000517
experiment_name,9ffc2740-2ad6-45f0-9f04-127377a74691,function_transfer_time,1779128091.1830556,0.000137453
experiment_name,9ffc2740-2ad6-45f0-9f04-127377a74691,function_transfer_time,1779128091.28432,0.000033121
experiment_name,9ffc2740-2ad6-45f0-9f04-127377a74691,function_transfer_time,1779128091.3857174,0.000128093
experiment_name,9ffc2740-2ad6-45f0-9f04-127377a74691,function_transfer_time,1779128091.486987,0.00011385
experiment_name,9ffc2740-2ad6-45f0-9f04-127377a74691,function_transfer_time,1779128091.5882883,0.000129198
experiment_name,9ffc2740-2ad6-45f0-9f04-127377a74691,function_transfer_time,1779128091.6896129,0.000110073
experiment_name,9ffc2740-2ad6-45f0-9f04-127377a74691,function_transfer_time,1779128091.7908783,0.000114871
experiment_name,9ffc2740-2ad6-45f0-9f04-127377a74691,function_transfer_time,1779128091.8922362,0.000137662
experiment_name,9ffc2740-2ad6-45f0-9f04-127377a74691,function_transfer_time,1779128091.9924772,0.000128199
experiment_name,9ffc2740-2ad6-45f0-9f04-127377a74691,function_transfer_time,1779128092.0938032,0.000135116
experiment_name,9ffc2740-2ad6-45f0-9f04-127377a74691,function_transfer_time,1779128092.1950777,0.000126211
experiment_name,9ffc2740-2ad6-45f0-9f04-127377a74691,function_transfer_time,1779128092.2963712,0.000035398
experiment_name,9ffc2740-2ad6-45f0-9f04-127377a74691,function_transfer_time,1779128092.3977325,0.000136179
experiment_name,9ffc2740-2ad6-45f0-9f04-127377a74691,function_transfer_time,1779128092.499035,0.000121552
experiment_name,9ffc2740-2ad6-45f0-9f04-127377a74691,function_transfer_time,1779128092.6003513,0.000129762
experiment_name,9ffc2740-2ad6-45f0-9f04-127377a74691,function_transfer_time,1779128092.7016814,0.000120339
experiment_name,9ffc2740-2ad6-45f0-9f04-127377a74691,function_transfer_time,1779128092.802926,0.000060819
experiment_name,9ffc2740-2ad6-45f0-9f04-127377a74691,function_transfer_time,1779128092.904314,0.000053404
experiment_name,9ffc2740-2ad6-45f0-9f04-127377a74691,function_transfer_time,1779128093.00559,0.000032621
experiment_name,9ffc2740-2ad6-45f0-9f04-127377a74691,function_transfer_time,1779128093.1069498,0.00012961
experiment_name,9ffc2740-2ad6-45f0-9f04-127377a74691,function_transfer_time,1779128093.2082329,0.000098964
experiment_name,9ffc2740-2ad6-45f0-9f04-127377a74691,function_transfer_time,1779128093.3095243,0.000029711
experiment_name,9ffc2740-2ad6-45f0-9f04-127377a74691,function_transfer_time,1779128093.4108336,0.000029948
experiment_name,9ffc2740-2ad6-45f0-9f04-127377a74691,function_transfer_time,1779128093.5122147,0.00012891
experiment_name,9ffc2740-2ad6-45f0-9f04-127377a74691,function_transfer_time,1779128093.6125126,0.000098416
experiment_name,9ffc2740-2ad6-45f0-9f04-127377a74691,function_transfer_time,1779128093.7138095,0.000116825
experiment_name,9ffc2740-2ad6-45f0-9f04-127377a74691,function_transfer_time,1779128093.8151119,0.000052075
experiment_name,9ffc2740-2ad6-45f0-9f04-127377a74691,function_transfer_time,1779128093.9154809,0.0001212
experiment_name,9ffc2740-2ad6-45f0-9f04-127377a74691,function_transfer_time,1779128094.0167983,0.00012971
experiment_name,9ffc2740-2ad6-45f0-9f04-127377a74691,function_transfer_time,1779128094.1181092,0.000107651
experiment_name,9ffc2740-2ad6-45f0-9f04-127377a74691,function_transfer_time,1779128094.2194116,0.000149885
experiment_name,9ffc2740-2ad6-45f0-9f04-127377a74691,function_transfer_time,1779128094.320676,0.000030017
experiment_name,9ffc2740-2ad6-45f0-9f04-127377a74691,function_transfer_time,1779128094.4220514,0.000129816
experiment_name,9ffc2740-2ad6-45f0-9f04-127377a74691,function_transfer_time,1779128094.5233665,0.000127199
experiment_name,0325d328-7386-459a-9adc-21ce70032ed7,function_transfer_time,1779128089.6639872,0.000078043
experiment_name,0325d328-7386-459a-9adc-21ce70032ed7,function_transfer_time,1779128089.7644928,0.000083645
experiment_name,0325d328-7386-459a-9adc-21ce70032ed7,function_transfer_time,1779128089.8657784,0.000078359
experiment_name,0325d328-7386-459a-9adc-21ce70032ed7,function_transfer_time,1779128089.9671037,0.000080751
experiment_name,0325d328-7386-459a-9adc-21ce70032ed7,function_transfer_time,1779128090.0684104,0.000077737
experiment_name,0325d328-7386-459a-9adc-21ce70032ed7,function_transfer_time,1779128090.1697366,0.000085799
experiment_name,0325d328-7386-459a-9adc-21ce70032ed7,function_transfer_time,1779128090.271017,0.000022271
experiment_name,0325d328-7386-459a-9adc-21ce70032ed7,function_transfer_time,1779128090.3723764,0.000077126
experiment_name,0325d328-7386-459a-9adc-21ce70032ed7,function_transfer_time,1779128090.4736652,0.000026038
experiment_name,0325d328-7386-459a-9adc-21ce70032ed7,function_transfer_time,1779128090.5749578,0.000081194
experiment_name,0325d328-7386-459a-9adc-21ce70032ed7,function_transfer_time,1779128090.676284,0.000079074
experiment_name,0325d328-7386-459a-9adc-21ce70032ed7,function_transfer_time,1779128090.7775574,0.00007342
experiment_name,0325d328-7386-459a-9adc-21ce70032ed7,function_transfer_time,1779128090.8788106,0.000021992
experiment_name,0325d328-7386-459a-9adc-21ce70032ed7,function_transfer_time,1779128090.98021,0.000080168
experiment_name,0325d328-7386-459a-9adc-21ce70032ed7,function_transfer_time,1779128091.0815406,0.000020113
experiment_name,0325d328-7386-459a-9adc-21ce70032ed7,function_transfer_time,1779128091.182864,0.000077246
experiment_name,0325d328-7386-459a-9adc-21ce70032ed7,function_transfer_time,1779128091.2841694,0.000081181
experiment_name,0325d328-7386-459a-9adc-21ce70032ed7,function_transfer_time,1779128091.3855364,0.000077157
experiment_name,0325d328-7386-459a-9adc-21ce70032ed7,function_transfer_time,1779128091.4868176,0.000024094
experiment_name,0325d328-7386-459a-9adc-21ce70032ed7,function_transfer_time,1779128091.5881054,0.000073561
experiment_name,0325d328-7386-459a-9adc-21ce70032ed7,function_transfer_time,1779128091.689451,0.000084774
experiment_name,0325d328-7386-459a-9adc-21ce70032ed7,function_transfer_time,1779128091.7907097,0.000023904
experiment_name,0325d328-7386-459a-9adc-21ce70032ed7,function_transfer_time,1779128091.892045,0.000079769
experiment_name,0325d328-7386-459a-9adc-21ce70032ed7,function_transfer_time,1779128091.9922948,0.000021257
experiment_name,0325d328-7386-459a-9adc-21ce70032ed7,function_transfer_time,1779128092.0936115,0.000083353
experiment_name,0325d328-7386-459a-9adc-21ce70032ed7,function_transfer_time,1779128092.1948903,0.000024157
experiment_name,0325d328-7386-459a-9adc-21ce70032ed7,function_transfer_time,1779128092.2961934,0.000077908
experiment_name,0325d328-7386-459a-9adc-21ce70032ed7,function_transfer_time,1779128092.39754,0.000024725
experiment_name,0325d328-7386-459a-9adc-21ce70032ed7,function_transfer_time,1779128092.498855,0.000082909
experiment_name,0325d328-7386-459a-9adc-21ce70032ed7,function_transfer_time,1779128092.600169,0.000075822
experiment_name,0325d328-7386-459a-9adc-21ce70032ed7,function_transfer_time,1779128092.7015069,0.0000745
experiment_name,0325d328-7386-459a-9adc-21ce70032ed7,function_transfer_time,1779128092.8028111,0.000077021
experiment_name,0325d328-7386-459a-9adc-21ce70032ed7,function_transfer_time,1779128092.9041579,0.000077828
experiment_name,0325d328-7386-459a-9adc-21ce70032ed7,function_transfer_time,1779128093.005464,0.000082817
experiment_name,0325d328-7386-459a-9adc-21ce70032ed7,function_transfer_time,1779128093.1067681,0.00008053
experiment_name,0325d328-7386-459a-9adc-21ce70032ed7,function_transfer_time,1779128093.2080748,0.000075423
experiment_name,0325d328-7386-459a-9adc-21ce70032ed7,function_transfer_time,1779128093.309375,0.000078325
experiment_name,0325d328-7386-459a-9adc-21ce70032ed7,function_transfer_time,1779128093.4107537,0.000075198
experiment_name,0325d328-7386-459a-9adc-21ce70032ed7,function_transfer_time,1779128093.5120332,0.000076771
experiment_name,0325d328-7386-459a-9adc-21ce70032ed7,function_transfer_time,1779128093.6123564,0.000083866
experiment_name,0325d328-7386-459a-9adc-21ce70032ed7,function_transfer_time,1779128093.7136424,0.000085735
experiment_name,0325d328-7386-459a-9adc-21ce70032ed7,function_transfer_time,1779128093.8149552,0.000073533
experiment_name,0325d328-7386-459a-9adc-21ce70032ed7,function_transfer_time,1779128093.9152997,0.000084082
experiment_name,0325d328-7386-459a-9adc-21ce70032ed7,function_transfer_time,1779128094.0166159,0.000083859
experiment_name,0325d328-7386-459a-9adc-21ce70032ed7,function_transfer_time,1779128094.1179526,0.000075302
experiment_name,0325d328-7386-459a-9adc-21ce70032ed7,function_transfer_time,1779128094.2192056,0.000023837
experiment_name,0325d328-7386-459a-9adc-21ce70032ed7,function_transfer_time,1779128094.3205328,0.000077796
experiment_name,0325d328-7386-459a-9adc-21ce70032ed7,function_transfer_time,1779128094.4218686,0.000078224
experiment_name,0325d328-7386-459a-9adc-21ce70032ed7,function_transfer_time,1779128094.5231864,0.000077992
experiment_name,9ffc2740-2ad6-45f0-9f04-127377a74691,function_execution_time,1779128094.624762,0.000065417
experiment_name,9ffc2740-2ad6-45f0-9f04-127377a74691,function_execution_time,1779128094.7261894,0.000056452
experiment_name,9ffc2740-2ad6-45f0-9f04-127377a74691,function_execution_time,1779128094.826482,0.000067034
experiment_name,9ffc2740-2ad6-45f0-9f04-127377a74691,function_execution_time,1779128094.9278114,0.00005888
experiment_name,9ffc2740-2ad6-45f0-9f04-127377a74691,function_execution_time,1779128095.0292635,0.000074514
experiment_name,9ffc2740-2ad6-45f0-9f04-127377a74691,function_execution_time,1779128095.130641,0.000058593
experiment_name,9ffc2740-2ad6-45f0-9f04-127377a74691,function_execution_time,1779128095.231969,0.000057781
experiment_name,9ffc2740-2ad6-45f0-9f04-127377a74691,function_execution_time,1779128095.3332992,0.000060503
experiment_name,9ffc2740-2ad6-45f0-9f04-127377a74691,function_execution_time,1779128095.434688,0.000067258
experiment_name,9ffc2740-2ad6-45f0-9f04-127377a74691,function_execution_time,1779128095.535982,0.000055475
experiment_name,9ffc2740-2ad6-45f0-9f04-127377a74691,function_execution_time,1779128095.637292,0.000054127
experiment_name,9ffc2740-2ad6-45f0-9f04-127377a74691,function_execution_time,1779128095.7375932,0.000053869
experiment_name,9ffc2740-2ad6-45f0-9f04-127377a74691,function_execution_time,1779128095.838966,0.00005804
experiment_name,9ffc2740-2ad6-45f0-9f04-127377a74691,function_execution_time,1779128095.9402516,0.000060565
experiment_name,9ffc2740-2ad6-45f0-9f04-127377a74691,function_execution_time,1779128096.0405269,0.00005908
experiment_name,9ffc2740-2ad6-45f0-9f04-127377a74691,function_execution_time,1779128096.1418178,0.000057343
experiment_name,9ffc2740-2ad6-45f0-9f04-127377a74691,function_execution_time,1779128096.2430558,0.000054815
experiment_name,9ffc2740-2ad6-45f0-9f04-127377a74691,function_execution_time,1779128096.3443751,0.000063231
experiment_name,9ffc2740-2ad6-45f0-9f04-127377a74691,function_execution_time,1779128096.445613,0.000053211
experiment_name,9ffc2740-2ad6-45f0-9f04-127377a74691,function_execution_time,1779128096.547024,0.000053943
experiment_name,9ffc2740-2ad6-45f0-9f04-127377a74691,function_execution_time,1779128096.6482198,0.000053814
experiment_name,9ffc2740-2ad6-45f0-9f04-127377a74691,function_execution_time,1779128096.749599,0.000054786
experiment_name,9ffc2740-2ad6-45f0-9f04-127377a74691,function_execution_time,1779128096.8510845,0.000061844
experiment_name,9ffc2740-2ad6-45f0-9f04-127377a74691,function_execution_time,1779128096.9523802,0.000053702
experiment_name,9ffc2740-2ad6-45f0-9f04-127377a74691,function_execution_time,1779128097.0537374,0.000053348
experiment_name,9ffc2740-2ad6-45f0-9f04-127377a74691,function_execution_time,1779128097.1550345,0.000054227
experiment_name,9ffc2740-2ad6-45f0-9f04-127377a74691,function_execution_time,1779128097.256321,0.00006508
experiment_name,9ffc2740-2ad6-45f0-9f04-127377a74691,function_execution_time,1779128097.357663,0.000056702
experiment_name,9ffc2740-2ad6-45f0-9f04-127377a74691,function_execution_time,1779128097.458968,0.000057232
experiment_name,9ffc2740-2ad6-45f0-9f04-127377a74691,function_execution_time,1779128097.56028,0.000034982
experiment_name,9ffc2740-2ad6-45f0-9f04-127377a74691,function_execution_time,1779128097.66161,0.000061553
experiment_name,9ffc2740-2ad6-45f0-9f04-127377a74691,function_execution_time,1779128097.7629583,0.000053455
experiment_name,9ffc2740-2ad6-45f0-9f04-127377a74691,function_execution_time,1779128097.8642662,0.000054998
experiment_name,9ffc2740-2ad6-45f0-9f04-127377a74691,function_execution_time,1779128097.9645975,0.000052767
experiment_name,9ffc2740-2ad6-45f0-9f04-127377a74691,function_execution_time,1779128098.0658896,0.000053701
experiment_name,9ffc2740-2ad6-45f0-9f04-127377a74691,function_execution_time,1779128098.1673386,0.000060127
experiment_name,9ffc2740-2ad6-45f0-9f04-127377a74691,function_execution_time,1779128098.2685506,0.000053087
experiment_name,9ffc2740-2ad6-45f0-9f04-127377a74691,function_execution_time,1779128098.369905,0.000053716
experiment_name,9ffc2740-2ad6-45f0-9f04-127377a74691,function_execution_time,1779128098.4712236,0.000055099
experiment_name,9ffc2740-2ad6-45f0-9f04-127377a74691,function_execution_time,1779128098.5725563,0.000064789
experiment_name,9ffc2740-2ad6-45f0-9f04-127377a74691,function_execution_time,1779128098.673804,0.000058009
experiment_name,9ffc2740-2ad6-45f0-9f04-127377a74691,function_execution_time,1779128098.7750401,0.000058781
experiment_name,9ffc2740-2ad6-45f0-9f04-127377a74691,function_execution_time,1779128098.876355,0.000058071
experiment_name,9ffc2740-2ad6-45f0-9f04-127377a74691,function_execution_time,1779128098.9777296,0.000054473
experiment_name,9ffc2740-2ad6-45f0-9f04-127377a74691,function_execution_time,1779128099.0791972,0.000063672
experiment_name,9ffc2740-2ad6-45f0-9f04-127377a74691,function_execution_time,1779128099.1805143,0.000052934
experiment_name,9ffc2740-2ad6-45f0-9f04-127377a74691,function_execution_time,1779128099.2818375,0.000053562
experiment_name,9ffc2740-2ad6-45f0-9f04-127377a74691,function_execution_time,1779128099.3831358,0.000054185
experiment_name,9ffc2740-2ad6-45f0-9f04-127377a74691,function_execution_time,1779128099.4834678,0.000078246
experiment_name,9ffc2740-2ad6-45f0-9f04-127377a74691,function_execution_time,1779128099.5848284,0.000063119
experiment_name,0325d328-7386-459a-9adc-21ce70032ed7,function_execution_time,1779128094.6246147,0.000080677
experiment_name,0325d328-7386-459a-9adc-21ce70032ed7,function_execution_time,1779128094.7260404,0.000071599
experiment_name,0325d328-7386-459a-9adc-21ce70032ed7,function_execution_time,1779128094.826385,0.000071313
experiment_name,0325d328-7386-459a-9adc-21ce70032ed7,function_execution_time,1779128094.9277024,0.00009006
experiment_name,0325d328-7386-459a-9adc-21ce70032ed7,function_execution_time,1779128095.0291533,0.000083427
experiment_name,0325d328-7386-459a-9adc-21ce70032ed7,function_execution_time,1779128095.130526,0.000099144
experiment_name,0325d328-7386-459a-9adc-21ce70032ed7,function_execution_time,1779128095.2318778,0.000080686
experiment_name,0325d328-7386-459a-9adc-21ce70032ed7,function_execution_time,1779128095.3332415,0.000170437
experiment_name,0325d328-7386-459a-9adc-21ce70032ed7,function_execution_time,1779128095.4345925,0.000081627
experiment_name,0325d328-7386-459a-9adc-21ce70032ed7,function_execution_time,1779128095.5358632,0.000083786
experiment_name,0325d328-7386-459a-9adc-21ce70032ed7,function_execution_time,1779128095.6371336,0.00007876
experiment_name,0325d328-7386-459a-9adc-21ce70032ed7,function_execution_time,1779128095.737454,0.000079256
experiment_name,0325d328-7386-459a-9adc-21ce70032ed7,function_execution_time,1779128095.8387945,0.000067764
experiment_name,0325d328-7386-459a-9adc-21ce70032ed7,function_execution_time,1779128095.9400966,0.000077614
experiment_name,0325d328-7386-459a-9adc-21ce70032ed7,function_execution_time,1779128096.0404713,0.000132876
experiment_name,0325d328-7386-459a-9adc-21ce70032ed7,function_execution_time,1779128096.141734,0.000080097
experiment_name,0325d328-7386-459a-9adc-21ce70032ed7,function_execution_time,1779128096.243006,0.000083369
experiment_name,0325d328-7386-459a-9adc-21ce70032ed7,function_execution_time,1779128096.344307,0.000148547
experiment_name,0325d328-7386-459a-9adc-21ce70032ed7,function_execution_time,1779128096.4455638,0.000080788
experiment_name,0325d328-7386-459a-9adc-21ce70032ed7,function_execution_time,1779128096.546869,0.000068247
experiment_name,0325d328-7386-459a-9adc-21ce70032ed7,function_execution_time,1779128096.648169,0.000084477
experiment_name,0325d328-7386-459a-9adc-21ce70032ed7,function_execution_time,1779128096.7494638,0.000084851
experiment_name,0325d328-7386-459a-9adc-21ce70032ed7,function_execution_time,1779128096.8509169,0.000070424
experiment_name,0325d328-7386-459a-9adc-21ce70032ed7,function_execution_time,1779128096.9522445,0.000071319
experiment_name,0325d328-7386-459a-9adc-21ce70032ed7,function_execution_time,1779128097.0536573,0.000082626
experiment_name,0325d328-7386-459a-9adc-21ce70032ed7,function_execution_time,1779128097.1548975,0.000069349
experiment_name,0325d328-7386-459a-9adc-21ce70032ed7,function_execution_time,1779128097.2562315,0.000067762
experiment_name,0325d328-7386-459a-9adc-21ce70032ed7,function_execution_time,1779128097.3576088,0.000153312
experiment_name,0325d328-7386-459a-9adc-21ce70032ed7,function_execution_time,1779128097.4589562,0.000079458
experiment_name,0325d328-7386-459a-9adc-21ce70032ed7,function_execution_time,1779128097.5602021,0.000069449
experiment_name,0325d328-7386-459a-9adc-21ce70032ed7,function_execution_time,1779128097.6614482,0.000078782
experiment_name,0325d328-7386-459a-9adc-21ce70032ed7,function_execution_time,1779128097.7628098,0.000078116
experiment_name,0325d328-7386-459a-9adc-21ce70032ed7,function_execution_time,1779128097.8641303,0.000069792
experiment_name,0325d328-7386-459a-9adc-21ce70032ed7,function_execution_time,1779128097.964476,0.000087676
experiment_name,0325d328-7386-459a-9adc-21ce70032ed7,function_execution_time,1779128098.0657732,0.000083523
experiment_name,0325d328-7386-459a-9adc-21ce70032ed7,function_execution_time,1779128098.1672525,0.000074951
experiment_name,0325d328-7386-459a-9adc-21ce70032ed7,function_execution_time,1779128098.2684731,0.000083111
experiment_name,0325d328-7386-459a-9adc-21ce70032ed7,function_execution_time,1779128098.3698485,0.000135896
experiment_name,0325d328-7386-459a-9adc-21ce70032ed7,function_execution_time,1779128098.4711406,0.000078709
experiment_name,0325d328-7386-459a-9adc-21ce70032ed7,function_execution_time,1779128098.5723963,0.000070365
experiment_name,0325d328-7386-459a-9adc-21ce70032ed7,function_execution_time,1779128098.6737232,0.000069971
experiment_name,0325d328-7386-459a-9adc-21ce70032ed7,function_execution_time,1779128098.775025,0.000079208
experiment_name,0325d328-7386-459a-9adc-21ce70032ed7,function_execution_time,1779128098.8762734,0.000070989
experiment_name,0325d328-7386-459a-9adc-21ce70032ed7,function_execution_time,1779128098.9776168,0.000080184
experiment_name,0325d328-7386-459a-9adc-21ce70032ed7,function_execution_time,1779128099.0790935,0.000080865
experiment_name,0325d328-7386-459a-9adc-21ce70032ed7,function_execution_time,1779128099.1803627,0.000067888
experiment_name,0325d328-7386-459a-9adc-21ce70032ed7,function_execution_time,1779128099.2816875,0.000068559
experiment_name,0325d328-7386-459a-9adc-21ce70032ed7,function_execution_time,1779128099.3830853,0.000136323
experiment_name,0325d328-7386-459a-9adc-21ce70032ed7,function_execution_time,1779128099.4833884,0.000102543
experiment_name,0325d328-7386-459a-9adc-21ce70032ed7,function_execution_time,1779128099.58469,0.000087804
experiment_name,0325d328-7386-459a-9adc-21ce70032ed7,function_transfer_time,1779128094.6245346,0.000091377
experiment_name,0325d328-7386-459a-9adc-21ce70032ed7,function_transfer_time,1779128094.7259598,0.000083405
experiment_name,0325d328-7386-459a-9adc-21ce70032ed7,function_transfer_time,1779128094.826295,0.000079235
experiment_name,0325d328-7386-459a-9adc-21ce70032ed7,function_transfer_time,1779128094.9276118,0.000079498
experiment_name,0325d328-7386-459a-9adc-21ce70032ed7,function_transfer_time,1779128095.029061,0.000081648
experiment_name,0325d328-7386-459a-9adc-21ce70032ed7,function_transfer_time,1779128095.13042,0.000083406
experiment_name,0325d328-7386-459a-9adc-21ce70032ed7,function_transfer_time,1779128095.231744,0.000083427
experiment_name,0325d328-7386-459a-9adc-21ce70032ed7,function_transfer_time,1779128095.3330622,0.000078692
experiment_name,0325d328-7386-459a-9adc-21ce70032ed7,function_transfer_time,1779128095.434452,0.000085305
experiment_name,0325d328-7386-459a-9adc-21ce70032ed7,function_transfer_time,1779128095.5357735,0.000082381
experiment_name,0325d328-7386-459a-9adc-21ce70032ed7,function_transfer_time,1779128095.6370552,0.000074005
experiment_name,0325d328-7386-459a-9adc-21ce70032ed7,function_transfer_time,1779128095.7373674,0.000080636
experiment_name,0325d328-7386-459a-9adc-21ce70032ed7,function_transfer_time,1779128095.838717,0.000079156
experiment_name,0325d328-7386-459a-9adc-21ce70032ed7,function_transfer_time,1779128095.94002,0.000078987
experiment_name,0325d328-7386-459a-9adc-21ce70032ed7,function_transfer_time,1779128096.0403335,0.000042571
experiment_name,0325d328-7386-459a-9adc-21ce70032ed7,function_transfer_time,1779128096.1415997,0.00007778
experiment_name,0325d328-7386-459a-9adc-21ce70032ed7,function_transfer_time,1779128096.2429135,0.00008019
experiment_name,0325d328-7386-459a-9adc-21ce70032ed7,function_transfer_time,1779128096.3441544,0.000026522
experiment_name,0325d328-7386-459a-9adc-21ce70032ed7,function_transfer_time,1779128096.4454756,0.000024212
experiment_name,0325d328-7386-459a-9adc-21ce70032ed7,function_transfer_time,1779128096.5467877,0.000083289
experiment_name,0325d328-7386-459a-9adc-21ce70032ed7,function_transfer_time,1779128096.6480837,0.00007341
experiment_name,0325d328-7386-459a-9adc-21ce70032ed7,function_transfer_time,1779128096.74938,0.000076571
experiment_name,0325d328-7386-459a-9adc-21ce70032ed7,function_transfer_time,1779128096.8508406,0.000084891
experiment_name,0325d328-7386-459a-9adc-21ce70032ed7,function_transfer_time,1779128096.9521658,0.00008298
experiment_name,0325d328-7386-459a-9adc-21ce70032ed7,function_transfer_time,1779128097.0535223,0.000084651
experiment_name,0325d328-7386-459a-9adc-21ce70032ed7,function_transfer_time,1779128097.1548178,0.000082113
experiment_name,0325d328-7386-459a-9adc-21ce70032ed7,function_transfer_time,1779128097.2561524,0.000086408
experiment_name,0325d328-7386-459a-9adc-21ce70032ed7,function_transfer_time,1779128097.3574545,0.0000861
experiment_name,0325d328-7386-459a-9adc-21ce70032ed7,function_transfer_time,1779128097.4588275,0.000083507
experiment_name,0325d328-7386-459a-9adc-21ce70032ed7,function_transfer_time,1779128097.560122,0.000084342
experiment_name,0325d328-7386-459a-9adc-21ce70032ed7,function_transfer_time,1779128097.6613715,0.000022766
experiment_name,0325d328-7386-459a-9adc-21ce70032ed7,function_transfer_time,1779128097.7627327,0.000081799
experiment_name,0325d328-7386-459a-9adc-21ce70032ed7,function_transfer_time,1779128097.86405,0.000082042
experiment_name,0325d328-7386-459a-9adc-21ce70032ed7,function_transfer_time,1779128097.964383,0.000076434
experiment_name,0325d328-7386-459a-9adc-21ce70032ed7,function_transfer_time,1779128098.0656884,0.000077887
experiment_name,0325d328-7386-459a-9adc-21ce70032ed7,function_transfer_time,1779128098.1671257,0.000074348
experiment_name,0325d328-7386-459a-9adc-21ce70032ed7,function_transfer_time,1779128098.2683885,0.000021717
experiment_name,0325d328-7386-459a-9adc-21ce70032ed7,function_transfer_time,1779128098.3697078,0.000082075
experiment_name,0325d328-7386-459a-9adc-21ce70032ed7,function_transfer_time,1779128098.4710636,0.000073897
experiment_name,0325d328-7386-459a-9adc-21ce70032ed7,function_transfer_time,1779128098.5723193,0.000024241
experiment_name,0325d328-7386-459a-9adc-21ce70032ed7,function_transfer_time,1779128098.6736448,0.000081667
experiment_name,0325d328-7386-459a-9adc-21ce70032ed7,function_transfer_time,1779128098.774882,0.000018234
experiment_name,0325d328-7386-459a-9adc-21ce70032ed7,function_transfer_time,1779128098.8761961,0.00008192
experiment_name,0325d328-7386-459a-9adc-21ce70032ed7,function_transfer_time,1779128098.9775352,0.000079985
experiment_name,0325d328-7386-459a-9adc-21ce70032ed7,function_transfer_time,1779128099.0789695,0.00008388
experiment_name,0325d328-7386-459a-9adc-21ce70032ed7,function_transfer_time,1779128099.1802852,0.000082251
experiment_name,0325d328-7386-459a-9adc-21ce70032ed7,function_transfer_time,1779128099.2816103,0.000078663
experiment_name,0325d328-7386-459a-9adc-21ce70032ed7,function_transfer_time,1779128099.382939,0.00008238
experiment_name,0325d328-7386-459a-9adc-21ce70032ed7,function_transfer_time,1779128099.4832745,0.000028376
experiment_name,0325d328-7386-459a-9adc-21ce70032ed7,function_transfer_time,1779128099.5845983,0.000086613
experiment_name,9ffc2740-2ad6-45f0-9f04-127377a74691,function_transfer_time,1779128094.6246908,0.000100893
experiment_name,9ffc2740-2ad6-45f0-9f04-127377a74691,function_transfer_time,1779128094.7261236,0.00010839
experiment_name,9ffc2740-2ad6-45f0-9f04-127377a74691,function_transfer_time,1779128094.826412,0.000060159
experiment_name,9ffc2740-2ad6-45f0-9f04-127377a74691,function_transfer_time,1779128094.9277492,0.0000833
experiment_name,9ffc2740-2ad6-45f0-9f04-127377a74691,function_transfer_time,1779128095.0291784,0.000056558
experiment_name,9ffc2740-2ad6-45f0-9f04-127377a74691,function_transfer_time,1779128095.1305764,0.000091848
experiment_name,9ffc2740-2ad6-45f0-9f04-127377a74691,function_transfer_time,1779128095.2319024,0.000103756
experiment_name,9ffc2740-2ad6-45f0-9f04-127377a74691,function_transfer_time,1779128095.3332388,0.000037735
experiment_name,9ffc2740-2ad6-45f0-9f04-127377a74691,function_transfer_time,1779128095.434616,0.000109867
experiment_name,9ffc2740-2ad6-45f0-9f04-127377a74691,function_transfer_time,1779128095.5359192,0.000092275
experiment_name,9ffc2740-2ad6-45f0-9f04-127377a74691,function_transfer_time,1779128095.637238,0.000121645
experiment_name,9ffc2740-2ad6-45f0-9f04-127377a74691,function_transfer_time,1779128095.7375386,0.000117754
experiment_name,9ffc2740-2ad6-45f0-9f04-127377a74691,function_transfer_time,1779128095.8389084,0.000140484
experiment_name,9ffc2740-2ad6-45f0-9f04-127377a74691,function_transfer_time,1779128095.9401908,0.000117545
experiment_name,9ffc2740-2ad6-45f0-9f04-127377a74691,function_transfer_time,1779128096.0404677,0.000051374
experiment_name,9ffc2740-2ad6-45f0-9f04-127377a74691,function_transfer_time,1779128096.1417553,0.000104295
experiment_name,9ffc2740-2ad6-45f0-9f04-127377a74691,function_transfer_time,1779128096.2430015,0.000031317
experiment_name,9ffc2740-2ad6-45f0-9f04-127377a74691,function_transfer_time,1779128096.3443093,0.000034356
experiment_name,9ffc2740-2ad6-45f0-9f04-127377a74691,function_transfer_time,1779128096.4455605,0.000029375
experiment_name,9ffc2740-2ad6-45f0-9f04-127377a74691,function_transfer_time,1779128096.54697,0.000128698
experiment_name,9ffc2740-2ad6-45f0-9f04-127377a74691,function_transfer_time,1779128096.6481667,0.000027821
experiment_name,9ffc2740-2ad6-45f0-9f04-127377a74691,function_transfer_time,1779128096.7495418,0.000109975
experiment_name,9ffc2740-2ad6-45f0-9f04-127377a74691,function_transfer_time,1779128096.851022,0.000127451
experiment_name,9ffc2740-2ad6-45f0-9f04-127377a74691,function_transfer_time,1779128096.9523258,0.000106831
experiment_name,9ffc2740-2ad6-45f0-9f04-127377a74691,function_transfer_time,1779128097.0536804,0.000100889
experiment_name,9ffc2740-2ad6-45f0-9f04-127377a74691,function_transfer_time,1779128097.154985,0.000106452
experiment_name,9ffc2740-2ad6-45f0-9f04-127377a74691,function_transfer_time,1779128097.256301,0.000050834
experiment_name,9ffc2740-2ad6-45f0-9f04-127377a74691,function_transfer_time,1779128097.3576062,0.000033822
experiment_name,9ffc2740-2ad6-45f0-9f04-127377a74691,function_transfer_time,1779128097.4589531,0.000030558
experiment_name,9ffc2740-2ad6-45f0-9f04-127377a74691,function_transfer_time,1779128097.5602767,0.000046465
experiment_name,9ffc2740-2ad6-45f0-9f04-127377a74691,function_transfer_time,1779128097.6615481,0.00012402
experiment_name,9ffc2740-2ad6-45f0-9f04-127377a74691,function_transfer_time,1779128097.7629046,0.000111899
experiment_name,9ffc2740-2ad6-45f0-9f04-127377a74691,function_transfer_time,1779128097.8642106,0.00010739
experiment_name,9ffc2740-2ad6-45f0-9f04-127377a74691,function_transfer_time,1779128097.9645386,0.000108002
experiment_name,9ffc2740-2ad6-45f0-9f04-127377a74691,function_transfer_time,1779128098.0658283,0.000087753
experiment_name,9ffc2740-2ad6-45f0-9f04-127377a74691,function_transfer_time,1779128098.167273,0.000099038
experiment_name,9ffc2740-2ad6-45f0-9f04-127377a74691,function_transfer_time,1779128098.2684965,0.000044334
experiment_name,9ffc2740-2ad6-45f0-9f04-127377a74691,function_transfer_time,1779128098.369851,0.000032308
experiment_name,9ffc2740-2ad6-45f0-9f04-127377a74691,function_transfer_time,1779128098.471221,0.000041
experiment_name,9ffc2740-2ad6-45f0-9f04-127377a74691,function_transfer_time,1779128098.5724895,0.000117323
experiment_name,9ffc2740-2ad6-45f0-9f04-127377a74691,function_transfer_time,1779128098.6737893,0.000048473
experiment_name,9ffc2740-2ad6-45f0-9f04-127377a74691,function_transfer_time,1779128098.7750285,0.000038424
experiment_name,9ffc2740-2ad6-45f0-9f04-127377a74691,function_transfer_time,1779128098.8763394,0.000046239
experiment_name,9ffc2740-2ad6-45f0-9f04-127377a74691,function_transfer_time,1779128098.9776719,0.00008299
experiment_name,9ffc2740-2ad6-45f0-9f04-127377a74691,function_transfer_time,1779128099.079127,0.000108529
experiment_name,9ffc2740-2ad6-45f0-9f04-127377a74691,function_transfer_time,1779128099.180462,0.000123778
experiment_name,9ffc2740-2ad6-45f0-9f04-127377a74691,function_transfer_time,1779128099.2817836,0.000120112
experiment_name,9ffc2740-2ad6-45f0-9f04-127377a74691,function_transfer_time,1779128099.3830824,0.000033292
experiment_name,9ffc2740-2ad6-45f0-9f04-127377a74691,function_transfer_time,1779128099.4833844,0.0000329
experiment_name,9ffc2740-2ad6-45f0-9f04-127377a74691,function_transfer_time,1779128099.5847592,0.000100112
experiment_name,9ffc2740-2ad6-45f0-9f04-127377a74691,function_execution_time,1779128099.6856177,0.000065472
experiment_name,9ffc2740-2ad6-45f0-9f04-127377a74691,function_execution_time,1779128099.7869682,0.00005837
experiment_name,9ffc2740-2ad6-45f0-9f04-127377a74691,function_execution_time,1779128099.8882368,0.000068927
experiment_name,9ffc2740-2ad6-45f0-9f04-127377a74691,function_execution_time,1779128099.9895415,0.000058522
experiment_name,9ffc2740-2ad6-45f0-9f04-127377a74691,function_execution_time,1779128100.0908701,0.000060676
experiment_name,9ffc2740-2ad6-45f0-9f04-127377a74691,function_execution_time,1779128100.19222,0.000057597
experiment_name,9ffc2740-2ad6-45f0-9f04-127377a74691,function_execution_time,1779128100.2925465,0.000058434
experiment_name,9ffc2740-2ad6-45f0-9f04-127377a74691,function_execution_time,1779128100.393842,0.000069138
experiment_name,9ffc2740-2ad6-45f0-9f04-127377a74691,function_execution_time,1779128100.4952118,0.000060239
experiment_name,9ffc2740-2ad6-45f0-9f04-127377a74691,function_execution_time,1779128100.595409,0.000061736
experiment_name,9ffc2740-2ad6-45f0-9f04-127377a74691,function_execution_time,1779128100.6967723,0.000054978
experiment_name,9ffc2740-2ad6-45f0-9f04-127377a74691,function_execution_time,1779128100.7980492,0.000060154
experiment_name,9ffc2740-2ad6-45f0-9f04-127377a74691,function_execution_time,1779128100.8993282,0.00005335
experiment_name,9ffc2740-2ad6-45f0-9f04-127377a74691,function_execution_time,1779128101.0005715,0.000052691
experiment_name,9ffc2740-2ad6-45f0-9f04-127377a74691,function_execution_time,1779128101.1018293,0.000055717
experiment_name,9ffc2740-2ad6-45f0-9f04-127377a74691,function_execution_time,1779128101.2031333,0.000051382
experiment_name,9ffc2740-2ad6-45f0-9f04-127377a74691,function_execution_time,1779128101.303491,0.000082145
experiment_name,9ffc2740-2ad6-45f0-9f04-127377a74691,function_execution_time,1779128101.404853,0.000051895
experiment_name,9ffc2740-2ad6-45f0-9f04-127377a74691,function_execution_time,1779128101.5061684,0.000059947
experiment_name,9ffc2740-2ad6-45f0-9f04-127377a74691,function_execution_time,1779128101.60642,0.00004517
experiment_name,9ffc2740-2ad6-45f0-9f04-127377a74691,function_execution_time,1779128101.7077014,0.00003967
experiment_name,9ffc2740-2ad6-45f0-9f04-127377a74691,function_execution_time,1779128101.8091083,0.000057637
experiment_name,9ffc2740-2ad6-45f0-9f04-127377a74691,function_execution_time,1779128101.91041,0.000054825
experiment_name,9ffc2740-2ad6-45f0-9f04-127377a74691,function_execution_time,1779128102.0117218,0.000057863
experiment_name,9ffc2740-2ad6-45f0-9f04-127377a74691,function_execution_time,1779128102.1130664,0.000058096
experiment_name,9ffc2740-2ad6-45f0-9f04-127377a74691,function_execution_time,1779128102.2143672,0.000063117
experiment_name,9ffc2740-2ad6-45f0-9f04-127377a74691,function_execution_time,1779128102.315635,0.000058787
experiment_name,9ffc2740-2ad6-45f0-9f04-127377a74691,function_execution_time,1779128102.4170082,0.000053019
experiment_name,9ffc2740-2ad6-45f0-9f04-127377a74691,function_execution_time,1779128102.5185013,0.000064333
experiment_name,9ffc2740-2ad6-45f0-9f04-127377a74691,function_execution_time,1779128102.6198423,0.000060839
experiment_name,9ffc2740-2ad6-45f0-9f04-127377a74691,function_execution_time,1779128102.7210717,0.000055345
experiment_name,9ffc2740-2ad6-45f0-9f04-127377a74691,function_execution_time,1779128102.8224957,0.0000626
experiment_name,9ffc2740-2ad6-45f0-9f04-127377a74691,function_execution_time,1779128102.9237194,0.000056735
experiment_name,9ffc2740-2ad6-45f0-9f04-127377a74691,function_execution_time,1779128103.0250137,0.000064709
experiment_name,9ffc2740-2ad6-45f0-9f04-127377a74691,function_execution_time,1779128103.1263168,0.000057215
experiment_name,9ffc2740-2ad6-45f0-9f04-127377a74691,function_execution_time,1779128103.2276914,0.000055562
experiment_name,9ffc2740-2ad6-45f0-9f04-127377a74691,function_execution_time,1779128103.328979,0.000055299
experiment_name,9ffc2740-2ad6-45f0-9f04-127377a74691,function_execution_time,1779128103.4303558,0.000055787
experiment_name,9ffc2740-2ad6-45f0-9f04-127377a74691,function_execution_time,1779128103.531751,0.000061905
experiment_name,9ffc2740-2ad6-45f0-9f04-127377a74691,function_execution_time,1779128103.6330452,0.000058926
experiment_name,9ffc2740-2ad6-45f0-9f04-127377a74691,function_execution_time,1779128103.7342424,0.000057447
experiment_name,9ffc2740-2ad6-45f0-9f04-127377a74691,function_execution_time,1779128103.8355923,0.00006395
experiment_name,9ffc2740-2ad6-45f0-9f04-127377a74691,function_execution_time,1779128103.9369578,0.000060278
experiment_name,9ffc2740-2ad6-45f0-9f04-127377a74691,function_execution_time,1779128104.0382318,0.000060829
experiment_name,9ffc2740-2ad6-45f0-9f04-127377a74691,function_execution_time,1779128104.1396534,0.000060937
experiment_name,9ffc2740-2ad6-45f0-9f04-127377a74691,function_execution_time,1779128104.241069,0.000056443
experiment_name,9ffc2740-2ad6-45f0-9f04-127377a74691,function_execution_time,1779128104.342388,0.000058447
experiment_name,9ffc2740-2ad6-45f0-9f04-127377a74691,function_execution_time,1779128104.4436257,0.000061569
experiment_name,9ffc2740-2ad6-45f0-9f04-127377a74691,function_execution_time,1779128104.544984,0.000057196
experiment_name,0325d328-7386-459a-9adc-21ce70032ed7,function_execution_time,1779128099.685616,0.000093077
experiment_name,0325d328-7386-459a-9adc-21ce70032ed7,function_execution_time,1779128099.7868814,0.000090179
experiment_name,0325d328-7386-459a-9adc-21ce70032ed7,function_execution_time,1779128099.8881445,0.000073502
experiment_name,0325d328-7386-459a-9adc-21ce70032ed7,function_execution_time,1779128099.9894674,0.000090612
experiment_name,0325d328-7386-459a-9adc-21ce70032ed7,function_execution_time,1779128100.0907843,0.000077021
experiment_name,0325d328-7386-459a-9adc-21ce70032ed7,function_execution_time,1779128100.19206,0.000077336
experiment_name,0325d328-7386-459a-9adc-21ce70032ed7,function_execution_time,1779128100.2924552,0.000087725
experiment_name,0325d328-7386-459a-9adc-21ce70032ed7,function_execution_time,1779128100.3937762,0.000163712
experiment_name,0325d328-7386-459a-9adc-21ce70032ed7,function_execution_time,1779128100.4951189,0.000079126
experiment_name,0325d328-7386-459a-9adc-21ce70032ed7,function_execution_time,1779128100.595321,0.000082716
experiment_name,0325d328-7386-459a-9adc-21ce70032ed7,function_execution_time,1779128100.696634,0.000069675
experiment_name,0325d328-7386-459a-9adc-21ce70032ed7,function_execution_time,1779128100.797895,0.000068586
experiment_name,0325d328-7386-459a-9adc-21ce70032ed7,function_execution_time,1779128100.8991725,0.000067718
experiment_name,0325d328-7386-459a-9adc-21ce70032ed7,function_execution_time,1779128101.000415,0.00007919
experiment_name,0325d328-7386-459a-9adc-21ce70032ed7,function_execution_time,1779128101.1017518,0.000068208
experiment_name,0325d328-7386-459a-9adc-21ce70032ed7,function_execution_time,1779128101.203058,0.000067865
experiment_name,0325d328-7386-459a-9adc-21ce70032ed7,function_execution_time,1779128101.3033838,0.000080029
experiment_name,0325d328-7386-459a-9adc-21ce70032ed7,function_execution_time,1779128101.404804,0.000160304
experiment_name,0325d328-7386-459a-9adc-21ce70032ed7,function_execution_time,1779128101.5061538,0.000082131
experiment_name,0325d328-7386-459a-9adc-21ce70032ed7,function_execution_time,1779128101.6064184,0.000078641
experiment_name,0325d328-7386-459a-9adc-21ce70032ed7,function_execution_time,1779128101.707696,0.000085519
experiment_name,0325d328-7386-459a-9adc-21ce70032ed7,function_execution_time,1779128101.8089547,0.000077672
experiment_name,0325d328-7386-459a-9adc-21ce70032ed7,function_execution_time,1779128101.9102738,0.000069124
experiment_name,0325d328-7386-459a-9adc-21ce70032ed7,function_execution_time,1779128102.011596,0.000080546
experiment_name,0325d328-7386-459a-9adc-21ce70032ed7,function_execution_time,1779128102.1129067,0.000078035
experiment_name,0325d328-7386-459a-9adc-21ce70032ed7,function_execution_time,1779128102.21421,0.000072381
experiment_name,0325d328-7386-459a-9adc-21ce70032ed7,function_execution_time,1779128102.3155591,0.000068436
experiment_name,0325d328-7386-459a-9adc-21ce70032ed7,function_execution_time,1779128102.4169488,0.000145126
experiment_name,0325d328-7386-459a-9adc-21ce70032ed7,function_execution_time,1779128102.5183327,0.000070929
experiment_name,0325d328-7386-459a-9adc-21ce70032ed7,function_execution_time,1779128102.619677,0.000070968
experiment_name,0325d328-7386-459a-9adc-21ce70032ed7,function_execution_time,1779128102.7209942,0.000067482
experiment_name,0325d328-7386-459a-9adc-21ce70032ed7,function_execution_time,1779128102.8223321,0.000079747
experiment_name,0325d328-7386-459a-9adc-21ce70032ed7,function_execution_time,1779128102.9236448,0.00007077
experiment_name,0325d328-7386-459a-9adc-21ce70032ed7,function_execution_time,1779128103.024923,0.000081208
experiment_name,0325d328-7386-459a-9adc-21ce70032ed7,function_execution_time,1779128103.1262383,0.000069244
experiment_name,0325d328-7386-459a-9adc-21ce70032ed7,function_execution_time,1779128103.2275548,0.000072381
experiment_name,0325d328-7386-459a-9adc-21ce70032ed7,function_execution_time,1779128103.3288996,0.000069888
experiment_name,0325d328-7386-459a-9adc-21ce70032ed7,function_execution_time,1779128103.4302983,0.000144225
experiment_name,0325d328-7386-459a-9adc-21ce70032ed7,function_execution_time,1779128103.531625,0.000082763
experiment_name,0325d328-7386-459a-9adc-21ce70032ed7,function_execution_time,1779128103.6329181,0.000079805
experiment_name,0325d328-7386-459a-9adc-21ce70032ed7,function_execution_time,1779128103.7341876,0.0000962
experiment_name,0325d328-7386-459a-9adc-21ce70032ed7,function_execution_time,1779128103.8355882,0.000095489
experiment_name,0325d328-7386-459a-9adc-21ce70032ed7,function_execution_time,1779128103.936813,0.000071412
experiment_name,0325d328-7386-459a-9adc-21ce70032ed7,function_execution_time,1779128104.0381527,0.000072849
experiment_name,0325d328-7386-459a-9adc-21ce70032ed7,function_execution_time,1779128104.1395676,0.000100994
experiment_name,0325d328-7386-459a-9adc-21ce70032ed7,function_execution_time,1779128104.2409067,0.000073073
experiment_name,0325d328-7386-459a-9adc-21ce70032ed7,function_execution_time,1779128104.3422222,0.000076029
experiment_name,0325d328-7386-459a-9adc-21ce70032ed7,function_execution_time,1779128104.4435666,0.000150425
experiment_name,0325d328-7386-459a-9adc-21ce70032ed7,function_execution_time,1779128104.5448108,0.00006744
experiment_name,0325d328-7386-459a-9adc-21ce70032ed7,function_transfer_time,1779128099.6854568,0.00003584
experiment_name,0325d328-7386-459a-9adc-21ce70032ed7,function_transfer_time,1779128099.7867362,0.000074884
experiment_name,0325d328-7386-459a-9adc-21ce70032ed7,function_transfer_time,1779128099.8880641,0.000076412
experiment_name,0325d328-7386-459a-9adc-21ce70032ed7,function_transfer_time,1779128099.9893703,0.000077516
experiment_name,0325d328-7386-459a-9adc-21ce70032ed7,function_transfer_time,1779128100.0907068,0.000076154
experiment_name,0325d328-7386-459a-9adc-21ce70032ed7,function_transfer_time,1779128100.191982,0.000022339
experiment_name,0325d328-7386-459a-9adc-21ce70032ed7,function_transfer_time,1779128100.292305,0.000083363
experiment_name,0325d328-7386-459a-9adc-21ce70032ed7,function_transfer_time,1779128100.393602,0.000026632
experiment_name,0325d328-7386-459a-9adc-21ce70032ed7,function_transfer_time,1779128100.4949703,0.000081366
experiment_name,0325d328-7386-459a-9adc-21ce70032ed7,function_transfer_time,1779128100.5952365,0.000023142
experiment_name,0325d328-7386-459a-9adc-21ce70032ed7,function_transfer_time,1779128100.6965542,0.000078364
experiment_name,0325d328-7386-459a-9adc-21ce70032ed7,function_transfer_time,1779128100.7978103,0.000022503
experiment_name,0325d328-7386-459a-9adc-21ce70032ed7,function_transfer_time,1779128100.899089,0.00002256
experiment_name,0325d328-7386-459a-9adc-21ce70032ed7,function_transfer_time,1779128101.000339,0.00002197
experiment_name,0325d328-7386-459a-9adc-21ce70032ed7,function_transfer_time,1779128101.1016731,0.000076757
experiment_name,0325d328-7386-459a-9adc-21ce70032ed7,function_transfer_time,1779128101.2029793,0.000077348
experiment_name,0325d328-7386-459a-9adc-21ce70032ed7,function_transfer_time,1779128101.3033023,0.000077083
experiment_name,0325d328-7386-459a-9adc-21ce70032ed7,function_transfer_time,1779128101.4046376,0.000076328
experiment_name,0325d328-7386-459a-9adc-21ce70032ed7,function_transfer_time,1779128101.5060177,0.00008899
experiment_name,0325d328-7386-459a-9adc-21ce70032ed7,function_transfer_time,1779128101.6062775,0.000021072
experiment_name,0325d328-7386-459a-9adc-21ce70032ed7,function_transfer_time,1779128101.707551,0.000076853
experiment_name,0325d328-7386-459a-9adc-21ce70032ed7,function_transfer_time,1779128101.808879,0.000076774
experiment_name,0325d328-7386-459a-9adc-21ce70032ed7,function_transfer_time,1779128101.9101937,0.000079384
experiment_name,0325d328-7386-459a-9adc-21ce70032ed7,function_transfer_time,1779128102.0115113,0.000080295
experiment_name,0325d328-7386-459a-9adc-21ce70032ed7,function_transfer_time,1779128102.1128242,0.000082228
experiment_name,0325d328-7386-459a-9adc-21ce70032ed7,function_transfer_time,1779128102.2141318,0.000078751
experiment_name,0325d328-7386-459a-9adc-21ce70032ed7,function_transfer_time,1779128102.315473,0.000083644
experiment_name,0325d328-7386-459a-9adc-21ce70032ed7,function_transfer_time,1779128102.4168031,0.000095181
experiment_name,0325d328-7386-459a-9adc-21ce70032ed7,function_transfer_time,1779128102.5182533,0.000077548
experiment_name,0325d328-7386-459a-9adc-21ce70032ed7,function_transfer_time,1779128102.6196003,0.000079117
experiment_name,0325d328-7386-459a-9adc-21ce70032ed7,function_transfer_time,1779128102.720915,0.00008014
experiment_name,0325d328-7386-459a-9adc-21ce70032ed7,function_transfer_time,1779128102.822251,0.000079127
experiment_name,0325d328-7386-459a-9adc-21ce70032ed7,function_transfer_time,1779128102.923568,0.000093217
experiment_name,0325d328-7386-459a-9adc-21ce70032ed7,function_transfer_time,1779128103.0248363,0.000019853
experiment_name,0325d328-7386-459a-9adc-21ce70032ed7,function_transfer_time,1779128103.1261485,0.000075797
experiment_name,0325d328-7386-459a-9adc-21ce70032ed7,function_transfer_time,1779128103.2274747,0.000076774
experiment_name,0325d328-7386-459a-9adc-21ce70032ed7,function_transfer_time,1779128103.3288128,0.000083109
experiment_name,0325d328-7386-459a-9adc-21ce70032ed7,function_transfer_time,1779128103.430146,0.000097652
experiment_name,0325d328-7386-459a-9adc-21ce70032ed7,function_transfer_time,1779128103.531537,0.000083541
experiment_name,0325d328-7386-459a-9adc-21ce70032ed7,function_transfer_time,1779128103.6328328,0.000086157
experiment_name,0325d328-7386-459a-9adc-21ce70032ed7,function_transfer_time,1779128103.734087,0.000022823
experiment_name,0325d328-7386-459a-9adc-21ce70032ed7,function_transfer_time,1779128103.8354223,0.000084649
experiment_name,0325d328-7386-459a-9adc-21ce70032ed7,function_transfer_time,1779128103.9367363,0.000079642
experiment_name,0325d328-7386-459a-9adc-21ce70032ed7,function_transfer_time,1779128104.0380733,0.00007696
experiment_name,0325d328-7386-459a-9adc-21ce70032ed7,function_transfer_time,1779128104.139392,0.000087882
experiment_name,0325d328-7386-459a-9adc-21ce70032ed7,function_transfer_time,1779128104.2408211,0.000085967
experiment_name,0325d328-7386-459a-9adc-21ce70032ed7,function_transfer_time,1779128104.3421464,0.000076426
experiment_name,0325d328-7386-459a-9adc-21ce70032ed7,function_transfer_time,1779128104.44341,0.000023904
experiment_name,0325d328-7386-459a-9adc-21ce70032ed7,function_transfer_time,1779128104.544735,0.000023237
experiment_name,9ffc2740-2ad6-45f0-9f04-127377a74691,function_transfer_time,1779128099.6856105,0.000031633
experiment_name,9ffc2740-2ad6-45f0-9f04-127377a74691,function_transfer_time,1779128099.7869036,0.00011507
experiment_name,9ffc2740-2ad6-45f0-9f04-127377a74691,function_transfer_time,1779128099.8882174,0.00004945
experiment_name,9ffc2740-2ad6-45f0-9f04-127377a74691,function_transfer_time,1779128099.9895384,0.000062086
experiment_name,9ffc2740-2ad6-45f0-9f04-127377a74691,function_transfer_time,1779128100.090853,0.000044866
experiment_name,9ffc2740-2ad6-45f0-9f04-127377a74691,function_transfer_time,1779128100.1921623,0.000122059
experiment_name,9ffc2740-2ad6-45f0-9f04-127377a74691,function_transfer_time,1779128100.292483,0.000116755
experiment_name,9ffc2740-2ad6-45f0-9f04-127377a74691,function_transfer_time,1779128100.3937733,0.000037684
experiment_name,9ffc2740-2ad6-45f0-9f04-127377a74691,function_transfer_time,1779128100.495147,0.000122654
experiment_name,9ffc2740-2ad6-45f0-9f04-127377a74691,function_transfer_time,1779128100.5953941,0.00005373
experiment_name,9ffc2740-2ad6-45f0-9f04-127377a74691,function_transfer_time,1779128100.6967175,0.000107868
experiment_name,9ffc2740-2ad6-45f0-9f04-127377a74691,function_transfer_time,1779128100.797989,0.00012469
experiment_name,9ffc2740-2ad6-45f0-9f04-127377a74691,function_transfer_time,1779128100.8992746,0.000130859
experiment_name,9ffc2740-2ad6-45f0-9f04-127377a74691,function_transfer_time,1779128101.0005188,0.000119444
experiment_name,9ffc2740-2ad6-45f0-9f04-127377a74691,function_transfer_time,1779128101.101827,0.000049304
experiment_name,9ffc2740-2ad6-45f0-9f04-127377a74691,function_transfer_time,1779128101.203131,0.000049034
experiment_name,9ffc2740-2ad6-45f0-9f04-127377a74691,function_transfer_time,1779128101.3034565,0.000052542
experiment_name,9ffc2740-2ad6-45f0-9f04-127377a74691,function_transfer_time,1779128101.4048016,0.000030019
experiment_name,9ffc2740-2ad6-45f0-9f04-127377a74691,function_transfer_time,1779128101.5061495,0.000030935
experiment_name,9ffc2740-2ad6-45f0-9f04-127377a74691,function_transfer_time,1779128101.6064148,0.000028541
experiment_name,9ffc2740-2ad6-45f0-9f04-127377a74691,function_transfer_time,1779128101.707699,0.000041603
experiment_name,9ffc2740-2ad6-45f0-9f04-127377a74691,function_transfer_time,1779128101.80905,0.000115359
experiment_name,9ffc2740-2ad6-45f0-9f04-127377a74691,function_transfer_time,1779128101.9103556,0.000107876
experiment_name,9ffc2740-2ad6-45f0-9f04-127377a74691,function_transfer_time,1779128102.0116572,0.000097539
experiment_name,9ffc2740-2ad6-45f0-9f04-127377a74691,function_transfer_time,1779128102.1130085,0.0001222
experiment_name,9ffc2740-2ad6-45f0-9f04-127377a74691,function_transfer_time,1779128102.2143033,0.000118147
experiment_name,9ffc2740-2ad6-45f0-9f04-127377a74691,function_transfer_time,1779128102.3156323,0.000061067
experiment_name,9ffc2740-2ad6-45f0-9f04-127377a74691,function_transfer_time,1779128102.4169474,0.00003213
experiment_name,9ffc2740-2ad6-45f0-9f04-127377a74691,function_transfer_time,1779128102.5184405,0.000127377
experiment_name,9ffc2740-2ad6-45f0-9f04-127377a74691,function_transfer_time,1779128102.6197808,0.00012755
experiment_name,9ffc2740-2ad6-45f0-9f04-127377a74691,function_transfer_time,1779128102.721069,0.000050173
experiment_name,9ffc2740-2ad6-45f0-9f04-127377a74691,function_transfer_time,1779128102.8224392,0.00012067
experiment_name,9ffc2740-2ad6-45f0-9f04-127377a74691,function_transfer_time,1779128102.9237146,0.000047053
experiment_name,9ffc2740-2ad6-45f0-9f04-127377a74691,function_transfer_time,1779128103.0249436,0.00006169
experiment_name,9ffc2740-2ad6-45f0-9f04-127377a74691,function_transfer_time,1779128103.126314,0.000059257
experiment_name,9ffc2740-2ad6-45f0-9f04-127377a74691,function_transfer_time,1779128103.2276342,0.000105649
experiment_name,9ffc2740-2ad6-45f0-9f04-127377a74691,function_transfer_time,1779128103.3289235,0.000055892
experiment_name,9ffc2740-2ad6-45f0-9f04-127377a74691,function_transfer_time,1779128103.430301,0.000034773
experiment_name,9ffc2740-2ad6-45f0-9f04-127377a74691,function_transfer_time,1779128103.531682,0.000092786
experiment_name,9ffc2740-2ad6-45f0-9f04-127377a74691,function_transfer_time,1779128103.632979,0.000093817
experiment_name,9ffc2740-2ad6-45f0-9f04-127377a74691,function_transfer_time,1779128103.7341847,0.000037023
experiment_name,9ffc2740-2ad6-45f0-9f04-127377a74691,function_transfer_time,1779128103.835591,0.000035935
experiment_name,9ffc2740-2ad6-45f0-9f04-127377a74691,function_transfer_time,1779128103.9368963,0.000105431
experiment_name,9ffc2740-2ad6-45f0-9f04-127377a74691,function_transfer_time,1779128104.038229,0.000048923
experiment_name,9ffc2740-2ad6-45f0-9f04-127377a74691,function_transfer_time,1779128104.1396372,0.00011867
experiment_name,9ffc2740-2ad6-45f0-9f04-127377a74691,function_transfer_time,1779128104.2410128,0.000134435
experiment_name,9ffc2740-2ad6-45f0-9f04-127377a74691,function_transfer_time,1779128104.3423278,0.000125201
experiment_name,9ffc2740-2ad6-45f0-9f04-127377a74691,function_transfer_time,1779128104.443564,0.00003318
experiment_name,9ffc2740-2ad6-45f0-9f04-127377a74691,function_transfer_time,1779128104.544927,0.000137621
experiment_name,9ffc2740-2ad6-45f0-9f04-127377a74691,function_execution_time,1779128104.6457126,0.000056824
experiment_name,9ffc2740-2ad6-45f0-9f04-127377a74691,function_execution_time,1779128104.7470546,0.000066107
experiment_name,9ffc2740-2ad6-45f0-9f04-127377a74691,function_execution_time,1779128104.8483613,0.000057861
experiment_name,9ffc2740-2ad6-45f0-9f04-127377a74691,function_execution_time,1779128104.9496944,0.000059323
experiment_name,9ffc2740-2ad6-45f0-9f04-127377a74691,function_execution_time,1779128105.051014,0.000062979
experiment_name,9ffc2740-2ad6-45f0-9f04-127377a74691,function_execution_time,1779128105.1525059,0.000079293
experiment_name,9ffc2740-2ad6-45f0-9f04-127377a74691,function_execution_time,1779128105.2538185,0.00006912
experiment_name,9ffc2740-2ad6-45f0-9f04-127377a74691,function_execution_time,1779128105.3551135,0.0000569
experiment_name,9ffc2740-2ad6-45f0-9f04-127377a74691,function_execution_time,1779128105.4564357,0.000059265
experiment_name,9ffc2740-2ad6-45f0-9f04-127377a74691,function_execution_time,1779128105.5578141,0.000056855
experiment_name,9ffc2740-2ad6-45f0-9f04-127377a74691,function_execution_time,1779128105.6591275,0.000063625
experiment_name,9ffc2740-2ad6-45f0-9f04-127377a74691,function_execution_time,1779128105.7604685,0.000071536
experiment_name,9ffc2740-2ad6-45f0-9f04-127377a74691,function_execution_time,1779128105.8617733,0.000055626
experiment_name,9ffc2740-2ad6-45f0-9f04-127377a74691,function_execution_time,1779128105.9631603,0.000056632
experiment_name,9ffc2740-2ad6-45f0-9f04-127377a74691,function_execution_time,1779128106.0643911,0.000060898
experiment_name,9ffc2740-2ad6-45f0-9f04-127377a74691,function_execution_time,1779128106.1658227,0.000065854
experiment_name,9ffc2740-2ad6-45f0-9f04-127377a74691,function_execution_time,1779128106.2671254,0.00005418
experiment_name,9ffc2740-2ad6-45f0-9f04-127377a74691,function_execution_time,1779128106.3684623,0.000065172
experiment_name,9ffc2740-2ad6-45f0-9f04-127377a74691,function_execution_time,1779128106.469765,0.00005458
experiment_name,9ffc2740-2ad6-45f0-9f04-127377a74691,function_execution_time,1779128106.5711584,0.000063178
experiment_name,9ffc2740-2ad6-45f0-9f04-127377a74691,function_execution_time,1779128106.6716483,0.000061764
experiment_name,9ffc2740-2ad6-45f0-9f04-127377a74691,function_execution_time,1779128106.7729795,0.000054833
experiment_name,9ffc2740-2ad6-45f0-9f04-127377a74691,function_execution_time,1779128106.8742943,0.000055732
experiment_name,9ffc2740-2ad6-45f0-9f04-127377a74691,function_execution_time,1779128106.9756331,0.000057863
experiment_name,9ffc2740-2ad6-45f0-9f04-127377a74691,function_execution_time,1779128107.0769958,0.000064131
experiment_name,9ffc2740-2ad6-45f0-9f04-127377a74691,function_execution_time,1779128107.178338,0.000057628
experiment_name,9ffc2740-2ad6-45f0-9f04-127377a74691,function_execution_time,1779128107.279606,0.000053999
experiment_name,9ffc2740-2ad6-45f0-9f04-127377a74691,function_execution_time,1779128107.3809545,0.000054079
experiment_name,9ffc2740-2ad6-45f0-9f04-127377a74691,function_execution_time,1779128107.4822364,0.000061847
experiment_name,9ffc2740-2ad6-45f0-9f04-127377a74691,function_execution_time,1779128107.5837111,0.000054568
experiment_name,9ffc2740-2ad6-45f0-9f04-127377a74691,function_execution_time,1779128107.685074,0.000053374
experiment_name,9ffc2740-2ad6-45f0-9f04-127377a74691,function_execution_time,1779128107.7862918,0.000054518
experiment_name,9ffc2740-2ad6-45f0-9f04-127377a74691,function_execution_time,1779128107.8875666,0.000063672
experiment_name,0325d328-7386-459a-9adc-21ce70032ed7,function_execution_time,1779128104.6456552,0.00007884
experiment_name,0325d328-7386-459a-9adc-21ce70032ed7,function_execution_time,1779128104.746965,0.000073024
experiment_name,0325d328-7386-459a-9adc-21ce70032ed7,function_execution_time,1779128104.8482788,0.000082427
experiment_name,0325d328-7386-459a-9adc-21ce70032ed7,function_execution_time,1779128104.949617,0.000070105
experiment_name,0325d328-7386-459a-9adc-21ce70032ed7,function_execution_time,1779128105.050914,0.000076048
experiment_name,0325d328-7386-459a-9adc-21ce70032ed7,function_execution_time,1779128105.1523964,0.000118249
experiment_name,0325d328-7386-459a-9adc-21ce70032ed7,function_execution_time,1779128105.2536519,0.000075624
experiment_name,0325d328-7386-459a-9adc-21ce70032ed7,function_execution_time,1779128105.3550222,0.000083774
experiment_name,0325d328-7386-459a-9adc-21ce70032ed7,function_execution_time,1779128105.4563725,0.000161514
experiment_name,0325d328-7386-459a-9adc-21ce70032ed7,function_execution_time,1779128105.557661,0.000084746
experiment_name,0325d328-7386-459a-9adc-21ce70032ed7,function_execution_time,1779128105.659029,0.000076657
experiment_name,0325d328-7386-459a-9adc-21ce70032ed7,function_execution_time,1779128105.7603025,0.000069193
experiment_name,0325d328-7386-459a-9adc-21ce70032ed7,function_execution_time,1779128105.8616838,0.00008417
experiment_name,0325d328-7386-459a-9adc-21ce70032ed7,function_execution_time,1779128105.9630065,0.000072898
experiment_name,0325d328-7386-459a-9adc-21ce70032ed7,function_execution_time,1779128106.064315,0.000073063
experiment_name,0325d328-7386-459a-9adc-21ce70032ed7,function_execution_time,1779128106.1656396,0.000079676
experiment_name,0325d328-7386-459a-9adc-21ce70032ed7,function_execution_time,1779128106.266994,0.000068469
experiment_name,0325d328-7386-459a-9adc-21ce70032ed7,function_execution_time,1779128106.3683004,0.000070114
experiment_name,0325d328-7386-459a-9adc-21ce70032ed7,function_execution_time,1779128106.4697077,0.000139626
experiment_name,0325d328-7386-459a-9adc-21ce70032ed7,function_execution_time,1779128106.5710638,0.000086066
experiment_name,0325d328-7386-459a-9adc-21ce70032ed7,function_execution_time,1779128106.6715019,0.000085109
experiment_name,0325d328-7386-459a-9adc-21ce70032ed7,function_execution_time,1779128106.7728207,0.000069943
experiment_name,0325d328-7386-459a-9adc-21ce70032ed7,function_execution_time,1779128106.8741467,0.000079671
experiment_name,0325d328-7386-459a-9adc-21ce70032ed7,function_execution_time,1779128106.975499,0.000087327
experiment_name,0325d328-7386-459a-9adc-21ce70032ed7,function_execution_time,1779128107.076819,0.000071623
experiment_name,0325d328-7386-459a-9adc-21ce70032ed7,function_execution_time,1779128107.1781716,0.000068574
experiment_name,0325d328-7386-459a-9adc-21ce70032ed7,function_execution_time,1779128107.2795427,0.000097651
experiment_name,0325d328-7386-459a-9adc-21ce70032ed7,function_execution_time,1779128107.380803,0.000068636
experiment_name,0325d328-7386-459a-9adc-21ce70032ed7,function_execution_time,1779128107.482167,0.000144697
experiment_name,0325d328-7386-459a-9adc-21ce70032ed7,function_execution_time,1779128107.58357,0.000079052
experiment_name,0325d328-7386-459a-9adc-21ce70032ed7,function_execution_time,1779128107.6849167,0.00007013
experiment_name,0325d328-7386-459a-9adc-21ce70032ed7,function_execution_time,1779128107.7862077,0.000074139
experiment_name,0325d328-7386-459a-9adc-21ce70032ed7,function_execution_time,1779128107.8874073,0.000061367
experiment_name,9ffc2740-2ad6-45f0-9f04-127377a74691,function_stop_time,1779128107.935471,0.000033762
experiment_name,0325d328-7386-459a-9adc-21ce70032ed7,function_stop_time,1779128107.939934,0.000030298
experiment_name,dc9be3ee-538a-4afe-970b-cbd6de4c0976,function_stop_time,1779128107.9170234,0.000052334
experiment_name,9ffc2740-2ad6-45f0-9f04-127377a74691,function_transfer_time,1779128104.6456525,0.000022125
experiment_name,9ffc2740-2ad6-45f0-9f04-127377a74691,function_transfer_time,1779128104.7470384,0.000048444
experiment_name,9ffc2740-2ad6-45f0-9f04-127377a74691,function_transfer_time,1779128104.8483028,0.000049953
experiment_name,9ffc2740-2ad6-45f0-9f04-127377a74691,function_transfer_time,1779128104.9496915,0.000050109
experiment_name,9ffc2740-2ad6-45f0-9f04-127377a74691,function_transfer_time,1779128105.0509505,0.000067671
experiment_name,9ffc2740-2ad6-45f0-9f04-127377a74691,function_transfer_time,1779128105.1524146,0.00013543
experiment_name,9ffc2740-2ad6-45f0-9f04-127377a74691,function_transfer_time,1779128105.2537487,0.000126006
experiment_name,9ffc2740-2ad6-45f0-9f04-127377a74691,function_transfer_time,1779128105.3550498,0.000123405
experiment_name,9ffc2740-2ad6-45f0-9f04-127377a74691,function_transfer_time,1779128105.456368,0.000035829
experiment_name,9ffc2740-2ad6-45f0-9f04-127377a74691,function_transfer_time,1779128105.5577574,0.000116335
experiment_name,9ffc2740-2ad6-45f0-9f04-127377a74691,function_transfer_time,1779128105.6590571,0.000106285
experiment_name,9ffc2740-2ad6-45f0-9f04-127377a74691,function_transfer_time,1779128105.7603908,0.000119134
experiment_name,9ffc2740-2ad6-45f0-9f04-127377a74691,function_transfer_time,1779128105.8617108,0.000119168
experiment_name,9ffc2740-2ad6-45f0-9f04-127377a74691,function_transfer_time,1779128105.9631038,0.000124183
experiment_name,9ffc2740-2ad6-45f0-9f04-127377a74691,function_transfer_time,1779128106.0643883,0.000057116
experiment_name,9ffc2740-2ad6-45f0-9f04-127377a74691,function_transfer_time,1779128106.1657565,0.000138359
experiment_name,9ffc2740-2ad6-45f0-9f04-127377a74691,function_transfer_time,1779128106.2670712,0.000108399
experiment_name,9ffc2740-2ad6-45f0-9f04-127377a74691,function_transfer_time,1779128106.368396,0.000118511
experiment_name,9ffc2740-2ad6-45f0-9f04-127377a74691,function_transfer_time,1779128106.46971,0.000033977
experiment_name,9ffc2740-2ad6-45f0-9f04-127377a74691,function_transfer_time,1779128106.5710866,0.000106783
experiment_name,9ffc2740-2ad6-45f0-9f04-127377a74691,function_transfer_time,1779128106.6716027,0.000106919
experiment_name,9ffc2740-2ad6-45f0-9f04-127377a74691,function_transfer_time,1779128106.772924,0.000128019
experiment_name,9ffc2740-2ad6-45f0-9f04-127377a74691,function_transfer_time,1779128106.8742385,0.0001171
experiment_name,9ffc2740-2ad6-45f0-9f04-127377a74691,function_transfer_time,1779128106.97559,0.000095229
experiment_name,9ffc2740-2ad6-45f0-9f04-127377a74691,function_transfer_time,1779128107.076932,0.000138437
experiment_name,9ffc2740-2ad6-45f0-9f04-127377a74691,function_transfer_time,1779128107.17828,0.000137752
experiment_name,9ffc2740-2ad6-45f0-9f04-127377a74691,function_transfer_time,1779128107.2795455,0.000087038
experiment_name,9ffc2740-2ad6-45f0-9f04-127377a74691,function_transfer_time,1779128107.3809001,0.000126143
experiment_name,9ffc2740-2ad6-45f0-9f04-127377a74691,function_transfer_time,1779128107.4821696,0.000040584
experiment_name,9ffc2740-2ad6-45f0-9f04-127377a74691,function_transfer_time,1779128107.583656,0.000115403
experiment_name,9ffc2740-2ad6-45f0-9f04-127377a74691,function_transfer_time,1779128107.6850212,0.000128295
experiment_name,9ffc2740-2ad6-45f0-9f04-127377a74691,function_transfer_time,1779128107.7862308,0.000099437
experiment_name,9ffc2740-2ad6-45f0-9f04-127377a74691,function_transfer_time,1779128107.8875055,0.000128134
experiment_name,0325d328-7386-459a-9adc-21ce70032ed7,function_transfer_time,1779128104.6455746,0.000014029
experiment_name,0325d328-7386-459a-9adc-21ce70032ed7,function_transfer_time,1779128104.7468855,0.00007787
experiment_name,0325d328-7386-459a-9adc-21ce70032ed7,function_transfer_time,1779128104.8481908,0.000077772
experiment_name,0325d328-7386-459a-9adc-21ce70032ed7,function_transfer_time,1779128104.9495373,0.000076933
experiment_name,0325d328-7386-459a-9adc-21ce70032ed7,function_transfer_time,1779128105.0508249,0.000023498
experiment_name,0325d328-7386-459a-9adc-21ce70032ed7,function_transfer_time,1779128105.1522117,0.000094126
experiment_name,0325d328-7386-459a-9adc-21ce70032ed7,function_transfer_time,1779128105.2535675,0.000083907
experiment_name,0325d328-7386-459a-9adc-21ce70032ed7,function_transfer_time,1779128105.3548727,0.000075339
experiment_name,0325d328-7386-459a-9adc-21ce70032ed7,function_transfer_time,1779128105.456199,0.000076538
experiment_name,0325d328-7386-459a-9adc-21ce70032ed7,function_transfer_time,1779128105.5575764,0.000079791
experiment_name,0325d328-7386-459a-9adc-21ce70032ed7,function_transfer_time,1779128105.658902,0.00008364
experiment_name,0325d328-7386-459a-9adc-21ce70032ed7,function_transfer_time,1779128105.760217,0.000074792
experiment_name,0325d328-7386-459a-9adc-21ce70032ed7,function_transfer_time,1779128105.8615334,0.000077801
experiment_name,0325d328-7386-459a-9adc-21ce70032ed7,function_transfer_time,1779128105.9629226,0.000083963
experiment_name,0325d328-7386-459a-9adc-21ce70032ed7,function_transfer_time,1779128106.0642257,0.000073988
experiment_name,0325d328-7386-459a-9adc-21ce70032ed7,function_transfer_time,1779128106.1655629,0.000081272
experiment_name,0325d328-7386-459a-9adc-21ce70032ed7,function_transfer_time,1779128106.2669096,0.000079511
experiment_name,0325d328-7386-459a-9adc-21ce70032ed7,function_transfer_time,1779128106.3682244,0.000078404
experiment_name,0325d328-7386-459a-9adc-21ce70032ed7,function_transfer_time,1779128106.4695628,0.000081009
experiment_name,0325d328-7386-459a-9adc-21ce70032ed7,function_transfer_time,1779128106.5709202,0.000086272
experiment_name,0325d328-7386-459a-9adc-21ce70032ed7,function_transfer_time,1779128106.6714146,0.000082022
experiment_name,0325d328-7386-459a-9adc-21ce70032ed7,function_transfer_time,1779128106.7727408,0.000085983
experiment_name,0325d328-7386-459a-9adc-21ce70032ed7,function_transfer_time,1779128106.8740683,0.00008177
experiment_name,0325d328-7386-459a-9adc-21ce70032ed7,function_transfer_time,1779128106.9754148,0.000083958
experiment_name,0325d328-7386-459a-9adc-21ce70032ed7,function_transfer_time,1779128107.0767398,0.000084713
experiment_name,0325d328-7386-459a-9adc-21ce70032ed7,function_transfer_time,1779128107.178088,0.000085557
experiment_name,0325d328-7386-459a-9adc-21ce70032ed7,function_transfer_time,1779128107.279393,0.000078215
experiment_name,0325d328-7386-459a-9adc-21ce70032ed7,function_transfer_time,1779128107.3807204,0.000076423
experiment_name,0325d328-7386-459a-9adc-21ce70032ed7,function_transfer_time,1779128107.482017,0.000086639
experiment_name,0325d328-7386-459a-9adc-21ce70032ed7,function_transfer_time,1779128107.5834854,0.000082531
experiment_name,0325d328-7386-459a-9adc-21ce70032ed7,function_transfer_time,1779128107.6848404,0.000084997
experiment_name,0325d328-7386-459a-9adc-21ce70032ed7,function_transfer_time,1779128107.7860813,0.000022173
experiment_name,0325d328-7386-459a-9adc-21ce70032ed7,function_transfer_time,1779128107.8873262,0.00002103
experiment_name,398a0b12-64ae-40b5-9933-f56fa0cb2dfa,function_stop_time,1779128107.936563,0.000026704
experiment_name,41d24e27-c680-421f-9e5c-cd483d485702,function_stop_time,1779128107.941635,0.000031741
experiment_name,6970be16-158e-4728-bed7-6e904471709a,function_stop_time,1779128107.9438515,0.000025592
experiment_name,761aa630-252a-44b1-9a3f-c8e0bf11c418,function_stop_time,1779128107.9174974,0.000027796
experiment_name,f2e0b6a2-df74-4de9-9cc0-f10207ea8935,function_stop_time,1779128107.9201467,0.000023408
experiment_name,290789e5-bd4b-47c8-a29d-648284b942e9,function_stop_time,1779128107.936019,0.000025612
experiment_name,5d6b5c78-c0b3-4b83-ad55-c0fdf2ebf850,function_stop_time,1779128107.93722,0.000027963
experiment_name,ef82a1cf-4345-4477-8d0d-d2c178d1a85c,function_stop_time,1779128107.9120173,0.000039796
experiment_name,c5cdda7d-7de3-4282-b42a-a97606c1bab1,function_stop_time,1779128107.915225,0.000036555
experiment_name,7dfa732b-7b02-4fe6-b9be-7a162fbc2993,function_stop_time,1779128107.933922,0.000026833
experiment_name,335187fa-9e6f-4164-af78-28459c1f9606,function_stop_time,1779128107.938582,0.000039537
experiment_name,3fb53070-717f-40ef-bad7-bb8e9cf77bca,function_stop_time,1779128107.937809,0.000026518
experiment_name,8660eb77-2ee7-4139-8904-5f86d92d47ed,function_stop_time,1779128107.9323764,0.000035908
experiment_name,45e50052-5daf-46c5-8448-853b8f050723,function_stop_time,1779128107.9102864,0.000066519
experiment_name,eccedbdf-4ec0-4d19-9183-c754ad02056d,function_stop_time,1779128107.9187849,0.000027704
experiment_name,45e948e3-5d07-454f-9d29-3ca5ead6f553,function_stop_time,1779128107.9354024,0.000025389
experiment_name,f839e2c9-59cb-4258-a158-ccb86e64c59f,function_stop_time,1779128107.919496,0.000070611
experiment_name,96dab309-b387-463d-b012-99d02e6ee0d3,function_stop_time,1779128107.9167624,0.000023741
experiment_name,dac283c0-b7d8-4388-b705-35e38ea312d1,function_stop_time,1779128107.9462059,0.000036593
experiment_name,31b07448-6f8c-416d-81e9-5022c8af836c,function_stop_time,1779128107.9457195,0.000025889
experiment_name,342d3197-74d6-4e61-b964-ddb33c3b574b,function_stop_time,1779128107.9423347,0.000030537
experiment_name,410fd64b-d22a-45cc-b3f2-fcb44a965d79,function_stop_time,1779128107.933194,0.000042075
experiment_name,c4836ee4-2217-45a6-8aa9-45ebda4d9667,function_stop_time,1779128107.934694,0.000029185
experiment_name,38db66c0-475b-4cf1-8843-28bacaca9536,function_stop_time,1779128107.9430156,0.000042537
experiment_name,b5928f8c-3085-4c9c-8a90-43e759ae1dbc,function_stop_time,1779128107.9099815,0.000036018
experiment_name,5b519afa-e338-4279-8acc-e9dfcffa7625,function_stop_time,1779128107.9411857,0.000038333
experiment_name,cecd8aa3-eccf-4de9-9a14-bd70ebf16834,function_stop_time,1779128107.907852,0.000040667
experiment_name,3b6c2d5e-4150-436e-aa1d-223e5d898041,function_stop_time,1779128107.9281716,0.00004576
experiment_name,8895a284-ee60-4723-9095-61bb94b2770c,function_stop_time,1779128107.9039047,0.000039556
experiment_name,5385e07c-6b1f-4da0-ad67-d29e06cbeb33,function_stop_time,1779128107.9370832,0.00003576
experiment_name,02b4f8f5-5242-4a68-85fb-404111eaf59d,function_stop_time,1779128107.9057481,0.000043203
experiment_name,70bad4c4-083c-49b6-837b-24d871824866,function_stop_time,1779128107.9416664,0.000040463
experiment_name,36c6b84a-9ad0-46a2-bd10-785557385c18,function_stop_time,1779128107.9029903,0.000058685
experiment_name,0ac94b88-5102-4b99-8f8f-6e135f4b360a,function_stop_time,1779128107.904919,0.000052686
experiment_name,c6b27bea-63ee-4ea8-b28b-9a5de1e3bb34,function_stop_time,1779128107.9091654,0.000045334
experiment_name,a0745659-6347-4dd7-b1f8-7596a2a4fe23,function_stop_time,1779128107.911218,0.000042556
experiment_name,8aae0eeb-43d0-45b7-9eab-27da51193ebe,function_stop_time,1779128107.9408095,0.000035556
experiment_name,d036b49b-1283-4d1f-84cf-1981e3321752,function_stop_time,1779128107.9124444,0.000041186
experiment_name,fbc8cd05-b73a-4f40-9a47-d6acb16d4850,function_stop_time,1779128107.9390855,0.000039722
experiment_name,89661a95-d258-487c-b49c-6ae4837fd4fe,function_stop_time,1779128107.9375145,0.00003587
experiment_name,3dfd5511-1f6e-4a1f-af7a-2b8216c0d6c6,function_stop_time,1779128107.9395988,0.000034407
experiment_name,1b1a72de-6c86-4838-9645-1ea4200cfc78,function_stop_time,1779128107.914601,0.000044167
experiment_name,446c7d6d-8278-483d-a30e-34a91a2c4fc9,function_stop_time,1779128107.9363463,0.000039278
experiment_name,41e6fb72-d84a-4f87-94c4-35c658df98b6,function_stop_time,1779128107.9366333,0.000033574
experiment_name,ef06b216-9c92-4aa0-a4ae-f9c1a7b316ca,function_stop_time,1779128107.9020555,0.000069353
