experiment_name,080b500d-08d0-4066-98c5-07c6de3f5bae,function_instantiate_time,1779123777.3325744,0.011782291
experiment_name,81daf96a-3b50-47a1-abc9-d25bdbca5c32,function_instantiate_time,1779123777.332386,0.010856857
experiment_name,0bd7154f-25d3-4677-9902-1b2f04adc29c,function_instantiate_time,1779123777.3710337,0.007944944
experiment_name,080b500d-08d0-4066-98c5-07c6de3f5bae,function_init_time,1779123777.3326228,0.000058274
experiment_name,81daf96a-3b50-47a1-abc9-d25bdbca5c32,function_init_time,1779123777.3324327,0.000053225
experiment_name,0bd7154f-25d3-4677-9902-1b2f04adc29c,function_init_time,1779123777.3710656,0.00003853
experiment_name,81daf96a-3b50-47a1-abc9-d25bdbca5c32,function_execution_time,1779123777.4335554,0.000075896
experiment_name,81daf96a-3b50-47a1-abc9-d25bdbca5c32,function_execution_time,1779123777.5348008,0.000061432
experiment_name,81daf96a-3b50-47a1-abc9-d25bdbca5c32,function_execution_time,1779123777.6357799,0.000099334
experiment_name,81daf96a-3b50-47a1-abc9-d25bdbca5c32,function_execution_time,1779123777.737207,0.000101249
experiment_name,81daf96a-3b50-47a1-abc9-d25bdbca5c32,function_execution_time,1779123777.838017,0.000068494
experiment_name,81daf96a-3b50-47a1-abc9-d25bdbca5c32,function_execution_time,1779123777.9393013,0.000060148
experiment_name,81daf96a-3b50-47a1-abc9-d25bdbca5c32,function_execution_time,1779123778.0406501,0.000058592
experiment_name,81daf96a-3b50-47a1-abc9-d25bdbca5c32,function_execution_time,1779123778.1419952,0.000060661
experiment_name,81daf96a-3b50-47a1-abc9-d25bdbca5c32,function_execution_time,1779123778.2431846,0.000077286
experiment_name,81daf96a-3b50-47a1-abc9-d25bdbca5c32,function_execution_time,1779123778.343556,0.000056974
experiment_name,81daf96a-3b50-47a1-abc9-d25bdbca5c32,function_execution_time,1779123778.444942,0.000060129
experiment_name,81daf96a-3b50-47a1-abc9-d25bdbca5c32,function_execution_time,1779123778.5462525,0.000058946
experiment_name,81daf96a-3b50-47a1-abc9-d25bdbca5c32,function_execution_time,1779123778.6466098,0.000070303
experiment_name,81daf96a-3b50-47a1-abc9-d25bdbca5c32,function_execution_time,1779123778.7478542,0.000062517
experiment_name,81daf96a-3b50-47a1-abc9-d25bdbca5c32,function_execution_time,1779123778.8491845,0.000055991
experiment_name,81daf96a-3b50-47a1-abc9-d25bdbca5c32,function_execution_time,1779123778.9504254,0.000056369
experiment_name,81daf96a-3b50-47a1-abc9-d25bdbca5c32,function_execution_time,1779123779.0517797,0.000058569
experiment_name,81daf96a-3b50-47a1-abc9-d25bdbca5c32,function_execution_time,1779123779.1530552,0.000066477
experiment_name,81daf96a-3b50-47a1-abc9-d25bdbca5c32,function_execution_time,1779123779.2543123,0.000063933
experiment_name,81daf96a-3b50-47a1-abc9-d25bdbca5c32,function_execution_time,1779123779.3556864,0.000059751
experiment_name,81daf96a-3b50-47a1-abc9-d25bdbca5c32,function_execution_time,1779123779.457076,0.000060262
experiment_name,81daf96a-3b50-47a1-abc9-d25bdbca5c32,function_execution_time,1779123779.5584195,0.000067376
experiment_name,080b500d-08d0-4066-98c5-07c6de3f5bae,function_execution_time,1779123777.3327374,0.000070701
experiment_name,080b500d-08d0-4066-98c5-07c6de3f5bae,function_execution_time,1779123777.4334161,0.000097077
experiment_name,080b500d-08d0-4066-98c5-07c6de3f5bae,function_execution_time,1779123777.5347118,0.000089808
experiment_name,080b500d-08d0-4066-98c5-07c6de3f5bae,function_execution_time,1779123777.6356773,0.000119322
experiment_name,080b500d-08d0-4066-98c5-07c6de3f5bae,function_execution_time,1779123777.7371573,0.000151638
experiment_name,080b500d-08d0-4066-98c5-07c6de3f5bae,function_execution_time,1779123777.8379114,0.000096446
experiment_name,080b500d-08d0-4066-98c5-07c6de3f5bae,function_execution_time,1779123777.9391508,0.000071532
experiment_name,080b500d-08d0-4066-98c5-07c6de3f5bae,function_execution_time,1779123778.0405526,0.00009618
experiment_name,080b500d-08d0-4066-98c5-07c6de3f5bae,function_execution_time,1779123778.141905,0.000086344
experiment_name,080b500d-08d0-4066-98c5-07c6de3f5bae,function_execution_time,1779123778.2431107,0.000092282
experiment_name,080b500d-08d0-4066-98c5-07c6de3f5bae,function_execution_time,1779123778.3434951,0.000157246
experiment_name,080b500d-08d0-4066-98c5-07c6de3f5bae,function_execution_time,1779123778.4447753,0.000076159
experiment_name,080b500d-08d0-4066-98c5-07c6de3f5bae,function_execution_time,1779123778.5461082,0.000084287
experiment_name,080b500d-08d0-4066-98c5-07c6de3f5bae,function_execution_time,1779123778.6464267,0.000072915
experiment_name,080b500d-08d0-4066-98c5-07c6de3f5bae,function_execution_time,1779123778.7476885,0.000072977
experiment_name,080b500d-08d0-4066-98c5-07c6de3f5bae,function_execution_time,1779123778.8490274,0.000072867
experiment_name,080b500d-08d0-4066-98c5-07c6de3f5bae,function_execution_time,1779123778.9502807,0.000073005
experiment_name,080b500d-08d0-4066-98c5-07c6de3f5bae,function_execution_time,1779123779.0516937,0.000090208
experiment_name,080b500d-08d0-4066-98c5-07c6de3f5bae,function_execution_time,1779123779.1528833,0.000075065
experiment_name,080b500d-08d0-4066-98c5-07c6de3f5bae,function_execution_time,1779123779.2543077,0.000092591
experiment_name,080b500d-08d0-4066-98c5-07c6de3f5bae,function_execution_time,1779123779.3556294,0.000171436
experiment_name,080b500d-08d0-4066-98c5-07c6de3f5bae,function_execution_time,1779123779.4569101,0.000076233
experiment_name,080b500d-08d0-4066-98c5-07c6de3f5bae,function_execution_time,1779123779.5582628,0.00007372
experiment_name,0bd7154f-25d3-4677-9902-1b2f04adc29c,function_execution_time,1779123777.563441,0.001964102
experiment_name,0bd7154f-25d3-4677-9902-1b2f04adc29c,function_execution_time,1779123777.5725427,0.001178499
experiment_name,0bd7154f-25d3-4677-9902-1b2f04adc29c,function_execution_time,1779123777.5796912,0.001553523
experiment_name,0bd7154f-25d3-4677-9902-1b2f04adc29c,function_execution_time,1779123777.5836723,0.001146271
experiment_name,0bd7154f-25d3-4677-9902-1b2f04adc29c,function_execution_time,1779123777.5924869,0.001051212
experiment_name,0bd7154f-25d3-4677-9902-1b2f04adc29c,function_execution_time,1779123777.594941,0.001137396
experiment_name,0bd7154f-25d3-4677-9902-1b2f04adc29c,function_execution_time,1779123777.6029992,0.001017828
experiment_name,0bd7154f-25d3-4677-9902-1b2f04adc29c,function_execution_time,1779123777.6053345,0.001129322
experiment_name,0bd7154f-25d3-4677-9902-1b2f04adc29c,function_execution_time,1779123777.61388,0.001074767
experiment_name,0bd7154f-25d3-4677-9902-1b2f04adc29c,function_execution_time,1779123777.6153193,0.001057717
experiment_name,0bd7154f-25d3-4677-9902-1b2f04adc29c,function_execution_time,1779123777.6244206,0.001123665
experiment_name,0bd7154f-25d3-4677-9902-1b2f04adc29c,function_execution_time,1779123777.6258183,0.001130935
experiment_name,0bd7154f-25d3-4677-9902-1b2f04adc29c,function_execution_time,1779123777.6349618,0.001147444
experiment_name,0bd7154f-25d3-4677-9902-1b2f04adc29c,function_execution_time,1779123777.6362507,0.001279426
experiment_name,0bd7154f-25d3-4677-9902-1b2f04adc29c,function_execution_time,1779123777.6462107,0.001141411
experiment_name,0bd7154f-25d3-4677-9902-1b2f04adc29c,function_execution_time,1779123777.666445,0.0011219
experiment_name,0bd7154f-25d3-4677-9902-1b2f04adc29c,function_execution_time,1779123777.6750088,0.001325159
experiment_name,0bd7154f-25d3-4677-9902-1b2f04adc29c,function_execution_time,1779123777.6826885,0.001409802
experiment_name,0bd7154f-25d3-4677-9902-1b2f04adc29c,function_execution_time,1779123777.6865242,0.001216428
experiment_name,0bd7154f-25d3-4677-9902-1b2f04adc29c,function_execution_time,1779123777.6954129,0.001281596
experiment_name,0bd7154f-25d3-4677-9902-1b2f04adc29c,function_execution_time,1779123777.6971836,0.001214148
experiment_name,0bd7154f-25d3-4677-9902-1b2f04adc29c,function_execution_time,1779123777.705326,0.001001874
experiment_name,0bd7154f-25d3-4677-9902-1b2f04adc29c,function_execution_time,1779123777.7081091,0.001524017
experiment_name,0bd7154f-25d3-4677-9902-1b2f04adc29c,function_execution_time,1779123777.7174602,0.001774369
experiment_name,0bd7154f-25d3-4677-9902-1b2f04adc29c,function_execution_time,1779123777.7186177,0.00115497
experiment_name,0bd7154f-25d3-4677-9902-1b2f04adc29c,function_execution_time,1779123777.7271814,0.0013066
experiment_name,0bd7154f-25d3-4677-9902-1b2f04adc29c,function_execution_time,1779123777.728529,0.001336709
experiment_name,0bd7154f-25d3-4677-9902-1b2f04adc29c,function_execution_time,1779123777.7374659,0.00144041
experiment_name,0bd7154f-25d3-4677-9902-1b2f04adc29c,function_execution_time,1779123777.7391632,0.001173597
experiment_name,0bd7154f-25d3-4677-9902-1b2f04adc29c,function_execution_time,1779123777.7505083,0.001258889
experiment_name,080b500d-08d0-4066-98c5-07c6de3f5bae,function_transfer_time,1779123777.3326256,0.000025399
experiment_name,080b500d-08d0-4066-98c5-07c6de3f5bae,function_transfer_time,1779123777.4333081,0.000087825
experiment_name,080b500d-08d0-4066-98c5-07c6de3f5bae,function_transfer_time,1779123777.5345647,0.000020928
experiment_name,080b500d-08d0-4066-98c5-07c6de3f5bae,function_transfer_time,1779123777.6356332,0.000027297
experiment_name,080b500d-08d0-4066-98c5-07c6de3f5bae,function_transfer_time,1779123777.7370203,0.000079369
experiment_name,080b500d-08d0-4066-98c5-07c6de3f5bae,function_transfer_time,1779123777.8377573,0.000080322
experiment_name,080b500d-08d0-4066-98c5-07c6de3f5bae,function_transfer_time,1779123777.939073,0.000079505
experiment_name,080b500d-08d0-4066-98c5-07c6de3f5bae,function_transfer_time,1779123778.0404003,0.000084734
experiment_name,080b500d-08d0-4066-98c5-07c6de3f5bae,function_transfer_time,1779123778.1417553,0.000084188
experiment_name,080b500d-08d0-4066-98c5-07c6de3f5bae,function_transfer_time,1779123778.2430096,0.000024
experiment_name,080b500d-08d0-4066-98c5-07c6de3f5bae,function_transfer_time,1779123778.3433318,0.000079181
experiment_name,080b500d-08d0-4066-98c5-07c6de3f5bae,function_transfer_time,1779123778.4447012,0.000080798
experiment_name,080b500d-08d0-4066-98c5-07c6de3f5bae,function_transfer_time,1779123778.5460298,0.000079567
experiment_name,080b500d-08d0-4066-98c5-07c6de3f5bae,function_transfer_time,1779123778.646347,0.000078721
experiment_name,080b500d-08d0-4066-98c5-07c6de3f5bae,function_transfer_time,1779123778.7476087,0.000022638
experiment_name,080b500d-08d0-4066-98c5-07c6de3f5bae,function_transfer_time,1779123778.8489492,0.000082225
experiment_name,080b500d-08d0-4066-98c5-07c6de3f5bae,function_transfer_time,1779123778.9502025,0.000022355
experiment_name,080b500d-08d0-4066-98c5-07c6de3f5bae,function_transfer_time,1779123779.0515437,0.000079136
experiment_name,080b500d-08d0-4066-98c5-07c6de3f5bae,function_transfer_time,1779123779.1528013,0.000024376
experiment_name,080b500d-08d0-4066-98c5-07c6de3f5bae,function_transfer_time,1779123779.2541392,0.000091209
experiment_name,080b500d-08d0-4066-98c5-07c6de3f5bae,function_transfer_time,1779123779.3554585,0.000044765
experiment_name,080b500d-08d0-4066-98c5-07c6de3f5bae,function_transfer_time,1779123779.4568353,0.000086141
experiment_name,080b500d-08d0-4066-98c5-07c6de3f5bae,function_transfer_time,1779123779.558181,0.000081444
experiment_name,0bd7154f-25d3-4677-9902-1b2f04adc29c,function_transfer_time,1779123777.5614672,0.013109809
experiment_name,0bd7154f-25d3-4677-9902-1b2f04adc29c,function_transfer_time,1779123777.571356,0.007363266
experiment_name,0bd7154f-25d3-4677-9902-1b2f04adc29c,function_transfer_time,1779123777.5781403,0.022084053
experiment_name,0bd7154f-25d3-4677-9902-1b2f04adc29c,function_transfer_time,1779123777.5825198,0.013232747
experiment_name,0bd7154f-25d3-4677-9902-1b2f04adc29c,function_transfer_time,1779123777.5914323,0.027622409
experiment_name,0bd7154f-25d3-4677-9902-1b2f04adc29c,function_transfer_time,1779123777.5938005,0.022591335
experiment_name,0bd7154f-25d3-4677-9902-1b2f04adc29c,function_transfer_time,1779123777.6019702,0.032073638
experiment_name,0bd7154f-25d3-4677-9902-1b2f04adc29c,function_transfer_time,1779123777.6041908,0.024534587
experiment_name,0bd7154f-25d3-4677-9902-1b2f04adc29c,function_transfer_time,1779123777.6127963,0.037331362
experiment_name,0bd7154f-25d3-4677-9902-1b2f04adc29c,function_transfer_time,1779123777.6142511,0.032094357
experiment_name,0bd7154f-25d3-4677-9902-1b2f04adc29c,function_transfer_time,1779123777.6232922,0.04504678
experiment_name,0bd7154f-25d3-4677-9902-1b2f04adc29c,function_transfer_time,1779123777.624683,0.040258538
experiment_name,0bd7154f-25d3-4677-9902-1b2f04adc29c,function_transfer_time,1779123777.6338124,0.055029656
experiment_name,0bd7154f-25d3-4677-9902-1b2f04adc29c,function_transfer_time,1779123777.6349638,0.04916207
experiment_name,0bd7154f-25d3-4677-9902-1b2f04adc29c,function_transfer_time,1779123777.6450546,0.056192964
experiment_name,0bd7154f-25d3-4677-9902-1b2f04adc29c,function_transfer_time,1779123777.6653154,0.000187038
experiment_name,0bd7154f-25d3-4677-9902-1b2f04adc29c,function_transfer_time,1779123777.6736805,0.000159352
experiment_name,0bd7154f-25d3-4677-9902-1b2f04adc29c,function_transfer_time,1779123777.6812804,0.000175351
experiment_name,0bd7154f-25d3-4677-9902-1b2f04adc29c,function_transfer_time,1779123777.6853077,0.000538005
experiment_name,0bd7154f-25d3-4677-9902-1b2f04adc29c,function_transfer_time,1779123777.6941228,0.000462987
experiment_name,0bd7154f-25d3-4677-9902-1b2f04adc29c,function_transfer_time,1779123777.695898,0.00055568
experiment_name,0bd7154f-25d3-4677-9902-1b2f04adc29c,function_transfer_time,1779123777.7043185,0.00016352
experiment_name,0bd7154f-25d3-4677-9902-1b2f04adc29c,function_transfer_time,1779123777.7065797,0.000171725
experiment_name,0bd7154f-25d3-4677-9902-1b2f04adc29c,function_transfer_time,1779123777.7156794,0.000493788
experiment_name,0bd7154f-25d3-4677-9902-1b2f04adc29c,function_transfer_time,1779123777.717462,0.000913829
experiment_name,0bd7154f-25d3-4677-9902-1b2f04adc29c,function_transfer_time,1779123777.7258754,0.000177359
experiment_name,0bd7154f-25d3-4677-9902-1b2f04adc29c,function_transfer_time,1779123777.727183,0.000761757
experiment_name,0bd7154f-25d3-4677-9902-1b2f04adc29c,function_transfer_time,1779123777.7360225,0.000453286
experiment_name,0bd7154f-25d3-4677-9902-1b2f04adc29c,function_transfer_time,1779123777.7378986,0.000526078
experiment_name,0bd7154f-25d3-4677-9902-1b2f04adc29c,function_transfer_time,1779123777.7492447,0.001123526
experiment_name,81daf96a-3b50-47a1-abc9-d25bdbca5c32,function_transfer_time,1779123777.4334724,0.0001073
experiment_name,81daf96a-3b50-47a1-abc9-d25bdbca5c32,function_transfer_time,1779123777.5347319,0.000110403
experiment_name,81daf96a-3b50-47a1-abc9-d25bdbca5c32,function_transfer_time,1779123777.6356733,0.000026197
experiment_name,81daf96a-3b50-47a1-abc9-d25bdbca5c32,function_transfer_time,1779123777.737097,0.00002011
experiment_name,81daf96a-3b50-47a1-abc9-d25bdbca5c32,function_transfer_time,1779123777.8379447,0.000118563
experiment_name,81daf96a-3b50-47a1-abc9-d25bdbca5c32,function_transfer_time,1779123777.93924,0.00011327
experiment_name,81daf96a-3b50-47a1-abc9-d25bdbca5c32,function_transfer_time,1779123778.0405848,0.000116564
experiment_name,81daf96a-3b50-47a1-abc9-d25bdbca5c32,function_transfer_time,1779123778.1419294,0.00011996
experiment_name,81daf96a-3b50-47a1-abc9-d25bdbca5c32,function_transfer_time,1779123778.2431068,0.000034251
experiment_name,81daf96a-3b50-47a1-abc9-d25bdbca5c32,function_transfer_time,1779123778.3434975,0.000033827
experiment_name,81daf96a-3b50-47a1-abc9-d25bdbca5c32,function_transfer_time,1779123778.4448814,0.000122126
experiment_name,81daf96a-3b50-47a1-abc9-d25bdbca5c32,function_transfer_time,1779123778.5461926,0.000102964
experiment_name,81daf96a-3b50-47a1-abc9-d25bdbca5c32,function_transfer_time,1779123778.6465383,0.000135886
experiment_name,81daf96a-3b50-47a1-abc9-d25bdbca5c32,function_transfer_time,1779123778.7477908,0.000127028
experiment_name,81daf96a-3b50-47a1-abc9-d25bdbca5c32,function_transfer_time,1779123778.8491278,0.000123107
experiment_name,81daf96a-3b50-47a1-abc9-d25bdbca5c32,function_transfer_time,1779123778.9503663,0.000103781
experiment_name,81daf96a-3b50-47a1-abc9-d25bdbca5c32,function_transfer_time,1779123779.051717,0.000110173
experiment_name,81daf96a-3b50-47a1-abc9-d25bdbca5c32,function_transfer_time,1779123779.1529875,0.000127584
experiment_name,81daf96a-3b50-47a1-abc9-d25bdbca5c32,function_transfer_time,1779123779.2543108,0.000044339
experiment_name,81daf96a-3b50-47a1-abc9-d25bdbca5c32,function_transfer_time,1779123779.355626,0.00003547
experiment_name,81daf96a-3b50-47a1-abc9-d25bdbca5c32,function_transfer_time,1779123779.457015,0.000122585
experiment_name,81daf96a-3b50-47a1-abc9-d25bdbca5c32,function_transfer_time,1779123779.5583508,0.000112781
experiment_name,669b226f-36d9-4cb1-98bf-fdffae3bfa98,function_instantiate_time,1779123777.5629306,0.197121539
experiment_name,0951e25f-3086-4845-ba39-153fa898ae18,function_instantiate_time,1779123777.5819511,0.255341241
experiment_name,c6abd14a-ab39-48a8-b476-36b4d4ad6032,function_instantiate_time,1779123777.567596,0.207594575
experiment_name,47532231-dc36-4588-ba11-6f148b83f532,function_instantiate_time,1779123777.5822597,0.238680272
experiment_name,909f43de-aaf3-4c01-b8c8-7e1813650819,function_instantiate_time,1779123777.5688362,0.216271598
experiment_name,b8608997-4cf8-40d6-896b-b295830610dc,function_instantiate_time,1779123777.5795522,0.239719076
experiment_name,96783852-c854-4883-9563-64592fc7ebca,function_instantiate_time,1779123777.5746372,0.236747463
experiment_name,7e54e499-2454-4e7e-9849-0a1ec0081cd2,function_instantiate_time,1779123777.586866,0.255821392
experiment_name,909f43de-aaf3-4c01-b8c8-7e1813650819,function_init_time,1779123777.569712,0.000805024
experiment_name,0951e25f-3086-4845-ba39-153fa898ae18,function_init_time,1779123777.583111,0.001203675
experiment_name,b8608997-4cf8-40d6-896b-b295830610dc,function_init_time,1779123777.5804412,0.000939599
experiment_name,c6abd14a-ab39-48a8-b476-36b4d4ad6032,function_init_time,1779123777.5678666,0.000305225
experiment_name,669b226f-36d9-4cb1-98bf-fdffae3bfa98,function_init_time,1779123777.563166,0.000263891
experiment_name,47532231-dc36-4588-ba11-6f148b83f532,function_init_time,1779123777.5836136,0.001311102
experiment_name,96783852-c854-4883-9563-64592fc7ebca,function_init_time,1779123777.5752566,0.000567708
experiment_name,7e54e499-2454-4e7e-9849-0a1ec0081cd2,function_init_time,1779123777.588461,0.000605282
experiment_name,b8608997-4cf8-40d6-896b-b295830610dc,function_execution_time,1779123777.6178875,0.037411723
experiment_name,b8608997-4cf8-40d6-896b-b295830610dc,function_execution_time,1779123777.722168,0.000277279
experiment_name,c6abd14a-ab39-48a8-b476-36b4d4ad6032,function_execution_time,1779123777.5868533,0.018921984
experiment_name,c6abd14a-ab39-48a8-b476-36b4d4ad6032,function_execution_time,1779123777.6900206,0.000265206
experiment_name,909f43de-aaf3-4c01-b8c8-7e1813650819,function_execution_time,1779123777.5974877,0.027772101
experiment_name,909f43de-aaf3-4c01-b8c8-7e1813650819,function_execution_time,1779123777.7006404,0.000265447
experiment_name,669b226f-36d9-4cb1-98bf-fdffae3bfa98,function_execution_time,1779123777.578261,0.015067827
experiment_name,669b226f-36d9-4cb1-98bf-fdffae3bfa98,function_execution_time,1779123777.6785264,0.000277261
experiment_name,47532231-dc36-4588-ba11-6f148b83f532,function_execution_time,1779123777.638318,0.054609454
experiment_name,47532231-dc36-4588-ba11-6f148b83f532,function_execution_time,1779123777.742573,0.000275354
experiment_name,7e54e499-2454-4e7e-9849-0a1ec0081cd2,function_execution_time,1779123777.6486,0.061133759
experiment_name,7e54e499-2454-4e7e-9849-0a1ec0081cd2,function_execution_time,1779123777.754012,0.000292316
experiment_name,96783852-c854-4883-9563-64592fc7ebca,function_execution_time,1779123777.6078434,0.032624654
experiment_name,96783852-c854-4883-9563-64592fc7ebca,function_execution_time,1779123777.7116048,0.000268762
experiment_name,0951e25f-3086-4845-ba39-153fa898ae18,function_execution_time,1779123777.6282825,0.045138814
experiment_name,0951e25f-3086-4845-ba39-153fa898ae18,function_execution_time,1779123777.7319365,0.000268298
experiment_name,0951e25f-3086-4845-ba39-153fa898ae18,function_transfer_time,1779123777.5831163,0.000093111
experiment_name,0951e25f-3086-4845-ba39-153fa898ae18,function_transfer_time,1779123777.7316563,0.003539019
experiment_name,669b226f-36d9-4cb1-98bf-fdffae3bfa98,function_transfer_time,1779123777.5631695,0.000027722
experiment_name,669b226f-36d9-4cb1-98bf-fdffae3bfa98,function_transfer_time,1779123777.6782491,0.003665657
experiment_name,96783852-c854-4883-9563-64592fc7ebca,function_transfer_time,1779123777.5752602,0.000064649
experiment_name,96783852-c854-4883-9563-64592fc7ebca,function_transfer_time,1779123777.7113519,0.00354523
experiment_name,b8608997-4cf8-40d6-896b-b295830610dc,function_transfer_time,1779123777.5804453,0.000110853
experiment_name,b8608997-4cf8-40d6-896b-b295830610dc,function_transfer_time,1779123777.7218895,0.003608999
experiment_name,c6abd14a-ab39-48a8-b476-36b4d4ad6032,function_transfer_time,1779123777.5678697,0.000044834
experiment_name,c6abd14a-ab39-48a8-b476-36b4d4ad6032,function_transfer_time,1779123777.6897595,0.003580448
experiment_name,909f43de-aaf3-4c01-b8c8-7e1813650819,function_transfer_time,1779123777.5697556,0.000087445
experiment_name,909f43de-aaf3-4c01-b8c8-7e1813650819,function_transfer_time,1779123777.7003732,0.003592046
experiment_name,47532231-dc36-4588-ba11-6f148b83f532,function_transfer_time,1779123777.5836616,0.000159446
experiment_name,47532231-dc36-4588-ba11-6f148b83f532,function_transfer_time,1779123777.7423096,0.003537974
experiment_name,7e54e499-2454-4e7e-9849-0a1ec0081cd2,function_transfer_time,1779123777.5884693,0.000043963
experiment_name,7e54e499-2454-4e7e-9849-0a1ec0081cd2,function_transfer_time,1779123777.7537155,0.003572279
experiment_name,bfc4b706-18cb-430e-a1cf-9a490393e4cf,function_instantiate_time,1779123777.5466983,0.183520636
experiment_name,32797963-d1ce-4073-80d0-9695b651cf50,function_instantiate_time,1779123777.5719223,0.246696969
experiment_name,d6abe427-ec23-4007-954d-114599e80cac,function_instantiate_time,1779123777.5774832,0.235015989
experiment_name,f9f9149f-5acb-46f8-b6d5-1488664f9c7c,function_instantiate_time,1779123777.5537782,0.196248473
experiment_name,f4207591-4727-4bb5-a8a6-08545385b920,function_instantiate_time,1779123777.5703127,0.239327767
experiment_name,79363d04-a8fa-4eb0-ab9f-3128f535d4c6,function_instantiate_time,1779123777.560738,0.209493442
experiment_name,6cb96598-87a2-477e-97da-c363479a9237,function_instantiate_time,1779123777.5652173,0.230622801
experiment_name,32797963-d1ce-4073-80d0-9695b651cf50,function_init_time,1779123777.5728543,0.000896819
experiment_name,bfc4b706-18cb-430e-a1cf-9a490393e4cf,function_init_time,1779123777.5471504,0.000489373
experiment_name,6cb96598-87a2-477e-97da-c363479a9237,function_init_time,1779123777.5663424,0.001144283
experiment_name,79363d04-a8fa-4eb0-ab9f-3128f535d4c6,function_init_time,1779123777.560746,0.000829596
experiment_name,d6abe427-ec23-4007-954d-114599e80cac,function_init_time,1779123777.577534,0.002089843
experiment_name,f9f9149f-5acb-46f8-b6d5-1488664f9c7c,function_init_time,1779123777.5544279,0.000656152
experiment_name,f4207591-4727-4bb5-a8a6-08545385b920,function_init_time,1779123777.5728433,0.001874471
experiment_name,bfc4b706-18cb-430e-a1cf-9a490393e4cf,function_execution_time,1779123777.5663257,0.018968477
experiment_name,bfc4b706-18cb-430e-a1cf-9a490393e4cf,function_execution_time,1779123777.6668077,0.000327928
experiment_name,32797963-d1ce-4073-80d0-9695b651cf50,function_execution_time,1779123777.6133575,0.040415911
experiment_name,32797963-d1ce-4073-80d0-9695b651cf50,function_execution_time,1779123777.717827,0.00029602
experiment_name,f9f9149f-5acb-46f8-b6d5-1488664f9c7c,function_execution_time,1779123777.5802333,0.025732805
experiment_name,f9f9149f-5acb-46f8-b6d5-1488664f9c7c,function_execution_time,1779123777.6830394,0.000268872
experiment_name,79363d04-a8fa-4eb0-ab9f-3128f535d4c6,function_execution_time,1779123777.59205,0.031200054
experiment_name,79363d04-a8fa-4eb0-ab9f-3128f535d4c6,function_execution_time,1779123777.6957412,0.000268428
experiment_name,d6abe427-ec23-4007-954d-114599e80cac,function_execution_time,1779123777.634281,0.05908148
experiment_name,d6abe427-ec23-4007-954d-114599e80cac,function_execution_time,1779123777.7378714,0.000348743
experiment_name,6cb96598-87a2-477e-97da-c363479a9237,function_execution_time,1779123777.6025412,0.036135113
experiment_name,6cb96598-87a2-477e-97da-c363479a9237,function_execution_time,1779123777.7057474,0.000275001
experiment_name,f4207591-4727-4bb5-a8a6-08545385b920,function_execution_time,1779123777.624214,0.050877219
experiment_name,f4207591-4727-4bb5-a8a6-08545385b920,function_execution_time,1779123777.7276201,0.000292964
experiment_name,f4207591-4727-4bb5-a8a6-08545385b920,function_transfer_time,1779123777.5774243,0.00087293
experiment_name,f4207591-4727-4bb5-a8a6-08545385b920,function_transfer_time,1779123777.7273214,0.000480139
experiment_name,32797963-d1ce-4073-80d0-9695b651cf50,function_transfer_time,1779123777.5773888,0.000128612
experiment_name,32797963-d1ce-4073-80d0-9695b651cf50,function_transfer_time,1779123777.7175243,0.000907437
experiment_name,f9f9149f-5acb-46f8-b6d5-1488664f9c7c,function_transfer_time,1779123777.5544388,0.000060852
experiment_name,f9f9149f-5acb-46f8-b6d5-1488664f9c7c,function_transfer_time,1779123777.6827457,0.00052075
experiment_name,6cb96598-87a2-477e-97da-c363479a9237,function_transfer_time,1779123777.5663476,0.000068352
experiment_name,6cb96598-87a2-477e-97da-c363479a9237,function_transfer_time,1779123777.7054675,0.000469938
experiment_name,79363d04-a8fa-4eb0-ab9f-3128f535d4c6,function_transfer_time,1779123777.5642974,0.000389094
experiment_name,79363d04-a8fa-4eb0-ab9f-3128f535d4c6,function_transfer_time,1779123777.6954665,0.000456367
experiment_name,bfc4b706-18cb-430e-a1cf-9a490393e4cf,function_transfer_time,1779123777.5471535,0.000039555
experiment_name,bfc4b706-18cb-430e-a1cf-9a490393e4cf,function_transfer_time,1779123777.6664758,0.00059606
experiment_name,d6abe427-ec23-4007-954d-114599e80cac,function_transfer_time,1779123777.5775416,0.000299631
experiment_name,d6abe427-ec23-4007-954d-114599e80cac,function_transfer_time,1779123777.7375023,0.000511931
experiment_name,81daf96a-3b50-47a1-abc9-d25bdbca5c32,function_execution_time,1779123779.659526,0.000066475
experiment_name,81daf96a-3b50-47a1-abc9-d25bdbca5c32,function_execution_time,1779123779.7609086,0.000087235
experiment_name,81daf96a-3b50-47a1-abc9-d25bdbca5c32,function_execution_time,1779123779.8619092,0.000090701
experiment_name,81daf96a-3b50-47a1-abc9-d25bdbca5c32,function_execution_time,1779123779.963189,0.00005708
experiment_name,81daf96a-3b50-47a1-abc9-d25bdbca5c32,function_execution_time,1779123780.0635228,0.000059145
experiment_name,81daf96a-3b50-47a1-abc9-d25bdbca5c32,function_execution_time,1779123780.1648402,0.000058806
experiment_name,81daf96a-3b50-47a1-abc9-d25bdbca5c32,function_execution_time,1779123780.2662065,0.000065992
experiment_name,81daf96a-3b50-47a1-abc9-d25bdbca5c32,function_execution_time,1779123780.3674958,0.000067617
experiment_name,81daf96a-3b50-47a1-abc9-d25bdbca5c32,function_execution_time,1779123780.4688957,0.000055734
experiment_name,81daf96a-3b50-47a1-abc9-d25bdbca5c32,function_execution_time,1779123780.5702283,0.000059536
experiment_name,81daf96a-3b50-47a1-abc9-d25bdbca5c32,function_execution_time,1779123780.6705458,0.000066183
experiment_name,81daf96a-3b50-47a1-abc9-d25bdbca5c32,function_execution_time,1779123780.771891,0.000054413
experiment_name,81daf96a-3b50-47a1-abc9-d25bdbca5c32,function_execution_time,1779123780.8733609,0.000054964
experiment_name,81daf96a-3b50-47a1-abc9-d25bdbca5c32,function_execution_time,1779123780.974689,0.000056199
experiment_name,81daf96a-3b50-47a1-abc9-d25bdbca5c32,function_execution_time,1779123781.0759537,0.000063269
experiment_name,81daf96a-3b50-47a1-abc9-d25bdbca5c32,function_execution_time,1779123781.1773512,0.000066281
experiment_name,81daf96a-3b50-47a1-abc9-d25bdbca5c32,function_execution_time,1779123781.2786283,0.000058654
experiment_name,81daf96a-3b50-47a1-abc9-d25bdbca5c32,function_execution_time,1779123781.3799815,0.00005393
experiment_name,81daf96a-3b50-47a1-abc9-d25bdbca5c32,function_execution_time,1779123781.481333,0.000058766
experiment_name,81daf96a-3b50-47a1-abc9-d25bdbca5c32,function_execution_time,1779123781.5827353,0.000063625
experiment_name,81daf96a-3b50-47a1-abc9-d25bdbca5c32,function_execution_time,1779123781.683993,0.000062992
experiment_name,81daf96a-3b50-47a1-abc9-d25bdbca5c32,function_execution_time,1779123781.785392,0.000054824
experiment_name,81daf96a-3b50-47a1-abc9-d25bdbca5c32,function_execution_time,1779123781.8866284,0.000057769
experiment_name,81daf96a-3b50-47a1-abc9-d25bdbca5c32,function_execution_time,1779123781.9880352,0.000062631
experiment_name,81daf96a-3b50-47a1-abc9-d25bdbca5c32,function_execution_time,1779123782.089443,0.000056602
experiment_name,81daf96a-3b50-47a1-abc9-d25bdbca5c32,function_execution_time,1779123782.1908534,0.000054091
experiment_name,81daf96a-3b50-47a1-abc9-d25bdbca5c32,function_execution_time,1779123782.29208,0.000057262
experiment_name,81daf96a-3b50-47a1-abc9-d25bdbca5c32,function_execution_time,1779123782.3934863,0.000070264
experiment_name,81daf96a-3b50-47a1-abc9-d25bdbca5c32,function_execution_time,1779123782.49482,0.000070659
experiment_name,81daf96a-3b50-47a1-abc9-d25bdbca5c32,function_execution_time,1779123782.5962012,0.000054481
experiment_name,81daf96a-3b50-47a1-abc9-d25bdbca5c32,function_execution_time,1779123782.696473,0.000065692
experiment_name,81daf96a-3b50-47a1-abc9-d25bdbca5c32,function_execution_time,1779123782.797768,0.000054513
experiment_name,81daf96a-3b50-47a1-abc9-d25bdbca5c32,function_execution_time,1779123782.8990908,0.000062475
experiment_name,81daf96a-3b50-47a1-abc9-d25bdbca5c32,function_execution_time,1779123783.0003397,0.000059632
experiment_name,81daf96a-3b50-47a1-abc9-d25bdbca5c32,function_execution_time,1779123783.1017127,0.000064341
experiment_name,81daf96a-3b50-47a1-abc9-d25bdbca5c32,function_execution_time,1779123783.203081,0.000056089
experiment_name,81daf96a-3b50-47a1-abc9-d25bdbca5c32,function_execution_time,1779123783.3043785,0.000056015
experiment_name,81daf96a-3b50-47a1-abc9-d25bdbca5c32,function_execution_time,1779123783.4057095,0.000066266
experiment_name,81daf96a-3b50-47a1-abc9-d25bdbca5c32,function_execution_time,1779123783.507082,0.00005612
experiment_name,81daf96a-3b50-47a1-abc9-d25bdbca5c32,function_execution_time,1779123783.6084063,0.000054676
experiment_name,81daf96a-3b50-47a1-abc9-d25bdbca5c32,function_execution_time,1779123783.7096884,0.000058625
experiment_name,81daf96a-3b50-47a1-abc9-d25bdbca5c32,function_execution_time,1779123783.8110137,0.000062611
experiment_name,81daf96a-3b50-47a1-abc9-d25bdbca5c32,function_execution_time,1779123783.9123642,0.000055149
experiment_name,81daf96a-3b50-47a1-abc9-d25bdbca5c32,function_execution_time,1779123784.0136724,0.000055103
experiment_name,81daf96a-3b50-47a1-abc9-d25bdbca5c32,function_execution_time,1779123784.114998,0.000057998
experiment_name,81daf96a-3b50-47a1-abc9-d25bdbca5c32,function_execution_time,1779123784.2164874,0.00006621
experiment_name,81daf96a-3b50-47a1-abc9-d25bdbca5c32,function_execution_time,1779123784.3177981,0.000062395
experiment_name,81daf96a-3b50-47a1-abc9-d25bdbca5c32,function_execution_time,1779123784.419115,0.00005398
experiment_name,81daf96a-3b50-47a1-abc9-d25bdbca5c32,function_execution_time,1779123784.5205097,0.000055933
experiment_name,81daf96a-3b50-47a1-abc9-d25bdbca5c32,function_execution_time,1779123784.621738,0.000059716
experiment_name,080b500d-08d0-4066-98c5-07c6de3f5bae,function_execution_time,1779123779.6594024,0.000093962
experiment_name,080b500d-08d0-4066-98c5-07c6de3f5bae,function_execution_time,1779123779.7608652,0.000137692
experiment_name,080b500d-08d0-4066-98c5-07c6de3f5bae,function_execution_time,1779123779.861778,0.00010235
experiment_name,080b500d-08d0-4066-98c5-07c6de3f5bae,function_execution_time,1779123779.9630253,0.000072132
experiment_name,080b500d-08d0-4066-98c5-07c6de3f5bae,function_execution_time,1779123780.063447,0.000087572
experiment_name,080b500d-08d0-4066-98c5-07c6de3f5bae,function_execution_time,1779123780.164678,0.000077255
experiment_name,080b500d-08d0-4066-98c5-07c6de3f5bae,function_execution_time,1779123780.2660348,0.000076152
experiment_name,080b500d-08d0-4066-98c5-07c6de3f5bae,function_execution_time,1779123780.367438,0.000155984
experiment_name,080b500d-08d0-4066-98c5-07c6de3f5bae,function_execution_time,1779123780.4687362,0.000079234
experiment_name,080b500d-08d0-4066-98c5-07c6de3f5bae,function_execution_time,1779123780.5700495,0.000071776
experiment_name,080b500d-08d0-4066-98c5-07c6de3f5bae,function_execution_time,1779123780.6703894,0.000073973
experiment_name,080b500d-08d0-4066-98c5-07c6de3f5bae,function_execution_time,1779123780.7717264,0.000080943
experiment_name,080b500d-08d0-4066-98c5-07c6de3f5bae,function_execution_time,1779123780.873204,0.000075507
experiment_name,080b500d-08d0-4066-98c5-07c6de3f5bae,function_execution_time,1779123780.974543,0.00007734
experiment_name,080b500d-08d0-4066-98c5-07c6de3f5bae,function_execution_time,1779123781.0758657,0.000074324
experiment_name,080b500d-08d0-4066-98c5-07c6de3f5bae,function_execution_time,1779123781.1772692,0.000088939
experiment_name,080b500d-08d0-4066-98c5-07c6de3f5bae,function_execution_time,1779123781.2785482,0.000076257
experiment_name,080b500d-08d0-4066-98c5-07c6de3f5bae,function_execution_time,1779123781.37993,0.000142506
experiment_name,080b500d-08d0-4066-98c5-07c6de3f5bae,function_execution_time,1779123781.4813285,0.000089886
experiment_name,080b500d-08d0-4066-98c5-07c6de3f5bae,function_execution_time,1779123781.5825677,0.000073596
experiment_name,080b500d-08d0-4066-98c5-07c6de3f5bae,function_execution_time,1779123781.6839015,0.000081795
experiment_name,080b500d-08d0-4066-98c5-07c6de3f5bae,function_execution_time,1779123781.785298,0.000081271
experiment_name,080b500d-08d0-4066-98c5-07c6de3f5bae,function_execution_time,1779123781.8865552,0.000077605
experiment_name,080b500d-08d0-4066-98c5-07c6de3f5bae,function_execution_time,1779123781.987878,0.000074453
experiment_name,080b500d-08d0-4066-98c5-07c6de3f5bae,function_execution_time,1779123782.0893567,0.000074009
experiment_name,080b500d-08d0-4066-98c5-07c6de3f5bae,function_execution_time,1779123782.1906955,0.000079767
experiment_name,080b500d-08d0-4066-98c5-07c6de3f5bae,function_execution_time,1779123782.2920039,0.000077341
experiment_name,080b500d-08d0-4066-98c5-07c6de3f5bae,function_execution_time,1779123782.393417,0.000154527
experiment_name,080b500d-08d0-4066-98c5-07c6de3f5bae,function_execution_time,1779123782.4947245,0.000083504
experiment_name,080b500d-08d0-4066-98c5-07c6de3f5bae,function_execution_time,1779123782.5960438,0.000072528
experiment_name,080b500d-08d0-4066-98c5-07c6de3f5bae,function_execution_time,1779123782.6963792,0.000072129
experiment_name,080b500d-08d0-4066-98c5-07c6de3f5bae,function_execution_time,1779123782.797678,0.000077579
experiment_name,080b500d-08d0-4066-98c5-07c6de3f5bae,function_execution_time,1779123782.89894,0.000083614
experiment_name,080b500d-08d0-4066-98c5-07c6de3f5bae,function_execution_time,1779123783.0002527,0.00007238
experiment_name,080b500d-08d0-4066-98c5-07c6de3f5bae,function_execution_time,1779123783.1015735,0.000083805
experiment_name,080b500d-08d0-4066-98c5-07c6de3f5bae,function_execution_time,1779123783.202984,0.000084444
experiment_name,080b500d-08d0-4066-98c5-07c6de3f5bae,function_execution_time,1779123783.3042953,0.000094269
experiment_name,080b500d-08d0-4066-98c5-07c6de3f5bae,function_execution_time,1779123783.4056456,0.000157649
experiment_name,080b500d-08d0-4066-98c5-07c6de3f5bae,function_execution_time,1779123783.5069232,0.000076413
experiment_name,080b500d-08d0-4066-98c5-07c6de3f5bae,function_execution_time,1779123783.6082442,0.000073848
experiment_name,080b500d-08d0-4066-98c5-07c6de3f5bae,function_execution_time,1779123783.709539,0.000080193
experiment_name,080b500d-08d0-4066-98c5-07c6de3f5bae,function_execution_time,1779123783.8108685,0.000068377
experiment_name,080b500d-08d0-4066-98c5-07c6de3f5bae,function_execution_time,1779123783.9122093,0.000069482
experiment_name,080b500d-08d0-4066-98c5-07c6de3f5bae,function_execution_time,1779123784.0135813,0.000086535
experiment_name,080b500d-08d0-4066-98c5-07c6de3f5bae,function_execution_time,1779123784.1149287,0.000076054
experiment_name,080b500d-08d0-4066-98c5-07c6de3f5bae,function_execution_time,1779123784.2163217,0.00006907
experiment_name,080b500d-08d0-4066-98c5-07c6de3f5bae,function_execution_time,1779123784.3176336,0.000070979
experiment_name,080b500d-08d0-4066-98c5-07c6de3f5bae,function_execution_time,1779123784.4190514,0.000154066
experiment_name,080b500d-08d0-4066-98c5-07c6de3f5bae,function_execution_time,1779123784.5203373,0.000074678
experiment_name,080b500d-08d0-4066-98c5-07c6de3f5bae,function_execution_time,1779123784.6217365,0.000080208
experiment_name,81daf96a-3b50-47a1-abc9-d25bdbca5c32,function_transfer_time,1779123779.6594532,0.000087684
experiment_name,81daf96a-3b50-47a1-abc9-d25bdbca5c32,function_transfer_time,1779123779.7608597,0.000037986
experiment_name,81daf96a-3b50-47a1-abc9-d25bdbca5c32,function_transfer_time,1779123779.8618088,0.000109771
experiment_name,81daf96a-3b50-47a1-abc9-d25bdbca5c32,function_transfer_time,1779123779.9631298,0.000132322
experiment_name,81daf96a-3b50-47a1-abc9-d25bdbca5c32,function_transfer_time,1779123780.063452,0.000118445
experiment_name,81daf96a-3b50-47a1-abc9-d25bdbca5c32,function_transfer_time,1779123780.1647806,0.000119368
experiment_name,81daf96a-3b50-47a1-abc9-d25bdbca5c32,function_transfer_time,1779123780.2661397,0.00013018
experiment_name,81daf96a-3b50-47a1-abc9-d25bdbca5c32,function_transfer_time,1779123780.3674257,0.000036065
experiment_name,81daf96a-3b50-47a1-abc9-d25bdbca5c32,function_transfer_time,1779123780.4688396,0.000132885
experiment_name,81daf96a-3b50-47a1-abc9-d25bdbca5c32,function_transfer_time,1779123780.5701678,0.000143322
experiment_name,81daf96a-3b50-47a1-abc9-d25bdbca5c32,function_transfer_time,1779123780.670479,0.000121507
experiment_name,81daf96a-3b50-47a1-abc9-d25bdbca5c32,function_transfer_time,1779123780.7718358,0.000133167
experiment_name,81daf96a-3b50-47a1-abc9-d25bdbca5c32,function_transfer_time,1779123780.8733058,0.000123708
experiment_name,81daf96a-3b50-47a1-abc9-d25bdbca5c32,function_transfer_time,1779123780.974635,0.000110509
experiment_name,81daf96a-3b50-47a1-abc9-d25bdbca5c32,function_transfer_time,1779123781.075933,0.000050968
experiment_name,81daf96a-3b50-47a1-abc9-d25bdbca5c32,function_transfer_time,1779123781.1772723,0.000101601
experiment_name,81daf96a-3b50-47a1-abc9-d25bdbca5c32,function_transfer_time,1779123781.2785673,0.000050623
experiment_name,81daf96a-3b50-47a1-abc9-d25bdbca5c32,function_transfer_time,1779123781.3799274,0.000035486
experiment_name,81daf96a-3b50-47a1-abc9-d25bdbca5c32,function_transfer_time,1779123781.4813316,0.000036816
experiment_name,81daf96a-3b50-47a1-abc9-d25bdbca5c32,function_transfer_time,1779123781.5826705,0.00013035
experiment_name,81daf96a-3b50-47a1-abc9-d25bdbca5c32,function_transfer_time,1779123781.6839714,0.000049626
experiment_name,81daf96a-3b50-47a1-abc9-d25bdbca5c32,function_transfer_time,1779123781.7853274,0.000123696
experiment_name,81daf96a-3b50-47a1-abc9-d25bdbca5c32,function_transfer_time,1779123781.8866255,0.0000493
experiment_name,81daf96a-3b50-47a1-abc9-d25bdbca5c32,function_transfer_time,1779123781.9879732,0.000111797
experiment_name,81daf96a-3b50-47a1-abc9-d25bdbca5c32,function_transfer_time,1779123782.0894403,0.000045579
experiment_name,81daf96a-3b50-47a1-abc9-d25bdbca5c32,function_transfer_time,1779123782.190798,0.000124886
experiment_name,81daf96a-3b50-47a1-abc9-d25bdbca5c32,function_transfer_time,1779123782.292077,0.000044236
experiment_name,81daf96a-3b50-47a1-abc9-d25bdbca5c32,function_transfer_time,1779123782.393414,0.000035265
experiment_name,81daf96a-3b50-47a1-abc9-d25bdbca5c32,function_transfer_time,1779123782.4947946,0.000052539
experiment_name,81daf96a-3b50-47a1-abc9-d25bdbca5c32,function_transfer_time,1779123782.5961456,0.000124182
experiment_name,81daf96a-3b50-47a1-abc9-d25bdbca5c32,function_transfer_time,1779123782.696403,0.000050817
experiment_name,81daf96a-3b50-47a1-abc9-d25bdbca5c32,function_transfer_time,1779123782.7977068,0.000107381
experiment_name,81daf96a-3b50-47a1-abc9-d25bdbca5c32,function_transfer_time,1779123782.8990233,0.000105309
experiment_name,81daf96a-3b50-47a1-abc9-d25bdbca5c32,function_transfer_time,1779123783.0003269,0.000048536
experiment_name,81daf96a-3b50-47a1-abc9-d25bdbca5c32,function_transfer_time,1779123783.1016645,0.000098965
experiment_name,81daf96a-3b50-47a1-abc9-d25bdbca5c32,function_transfer_time,1779123783.203013,0.000118731
experiment_name,81daf96a-3b50-47a1-abc9-d25bdbca5c32,function_transfer_time,1779123783.304318,0.000124267
experiment_name,81daf96a-3b50-47a1-abc9-d25bdbca5c32,function_transfer_time,1779123783.4056425,0.000035579
experiment_name,81daf96a-3b50-47a1-abc9-d25bdbca5c32,function_transfer_time,1779123783.507026,0.000121597
experiment_name,81daf96a-3b50-47a1-abc9-d25bdbca5c32,function_transfer_time,1779123783.608351,0.000125909
experiment_name,81daf96a-3b50-47a1-abc9-d25bdbca5c32,function_transfer_time,1779123783.7096343,0.000109474
experiment_name,81daf96a-3b50-47a1-abc9-d25bdbca5c32,function_transfer_time,1779123783.8109496,0.000124727
experiment_name,81daf96a-3b50-47a1-abc9-d25bdbca5c32,function_transfer_time,1779123783.9123085,0.000125672
experiment_name,81daf96a-3b50-47a1-abc9-d25bdbca5c32,function_transfer_time,1779123784.0136118,0.000116378
experiment_name,81daf96a-3b50-47a1-abc9-d25bdbca5c32,function_transfer_time,1779123784.1149316,0.000111091
experiment_name,81daf96a-3b50-47a1-abc9-d25bdbca5c32,function_transfer_time,1779123784.2164192,0.000127354
experiment_name,81daf96a-3b50-47a1-abc9-d25bdbca5c32,function_transfer_time,1779123784.317735,0.000127358
experiment_name,81daf96a-3b50-47a1-abc9-d25bdbca5c32,function_transfer_time,1779123784.4190538,0.000035263
experiment_name,81daf96a-3b50-47a1-abc9-d25bdbca5c32,function_transfer_time,1779123784.520452,0.000124341
experiment_name,81daf96a-3b50-47a1-abc9-d25bdbca5c32,function_transfer_time,1779123784.621733,0.000027682
experiment_name,080b500d-08d0-4066-98c5-07c6de3f5bae,function_transfer_time,1779123779.659304,0.000093177
experiment_name,080b500d-08d0-4066-98c5-07c6de3f5bae,function_transfer_time,1779123779.7606792,0.000101299
experiment_name,080b500d-08d0-4066-98c5-07c6de3f5bae,function_transfer_time,1779123779.8616278,0.000088915
experiment_name,080b500d-08d0-4066-98c5-07c6de3f5bae,function_transfer_time,1779123779.9629424,0.000077128
experiment_name,080b500d-08d0-4066-98c5-07c6de3f5bae,function_transfer_time,1779123780.0632877,0.000084148
experiment_name,080b500d-08d0-4066-98c5-07c6de3f5bae,function_transfer_time,1779123780.1646028,0.00007917
experiment_name,080b500d-08d0-4066-98c5-07c6de3f5bae,function_transfer_time,1779123780.2659519,0.000086834
experiment_name,080b500d-08d0-4066-98c5-07c6de3f5bae,function_transfer_time,1779123780.3672626,0.000079781
experiment_name,080b500d-08d0-4066-98c5-07c6de3f5bae,function_transfer_time,1779123780.4686441,0.000082015
experiment_name,080b500d-08d0-4066-98c5-07c6de3f5bae,function_transfer_time,1779123780.5699682,0.000077737
experiment_name,080b500d-08d0-4066-98c5-07c6de3f5bae,function_transfer_time,1779123780.6702998,0.000083932
experiment_name,080b500d-08d0-4066-98c5-07c6de3f5bae,function_transfer_time,1779123780.7717235,0.000080617
experiment_name,080b500d-08d0-4066-98c5-07c6de3f5bae,function_transfer_time,1779123780.8731327,0.000079604
experiment_name,080b500d-08d0-4066-98c5-07c6de3f5bae,function_transfer_time,1779123780.9744654,0.000082709
experiment_name,080b500d-08d0-4066-98c5-07c6de3f5bae,function_transfer_time,1779123781.0757816,0.000087785
experiment_name,080b500d-08d0-4066-98c5-07c6de3f5bae,function_transfer_time,1779123781.1771166,0.000079745
experiment_name,080b500d-08d0-4066-98c5-07c6de3f5bae,function_transfer_time,1779123781.2784603,0.000085524
experiment_name,080b500d-08d0-4066-98c5-07c6de3f5bae,function_transfer_time,1779123781.3797772,0.000083874
experiment_name,080b500d-08d0-4066-98c5-07c6de3f5bae,function_transfer_time,1779123781.4811769,0.000096539
experiment_name,080b500d-08d0-4066-98c5-07c6de3f5bae,function_transfer_time,1779123781.582482,0.000086808
experiment_name,080b500d-08d0-4066-98c5-07c6de3f5bae,function_transfer_time,1779123781.6838207,0.000080168
experiment_name,080b500d-08d0-4066-98c5-07c6de3f5bae,function_transfer_time,1779123781.7851532,0.000084407
experiment_name,080b500d-08d0-4066-98c5-07c6de3f5bae,function_transfer_time,1779123781.8864713,0.00008373
experiment_name,080b500d-08d0-4066-98c5-07c6de3f5bae,function_transfer_time,1779123781.9878757,0.000076751
experiment_name,080b500d-08d0-4066-98c5-07c6de3f5bae,function_transfer_time,1779123782.0892763,0.000089562
experiment_name,080b500d-08d0-4066-98c5-07c6de3f5bae,function_transfer_time,1779123782.1906111,0.000081921
experiment_name,080b500d-08d0-4066-98c5-07c6de3f5bae,function_transfer_time,1779123782.2919273,0.000082986
experiment_name,080b500d-08d0-4066-98c5-07c6de3f5bae,function_transfer_time,1779123782.3932533,0.000084416
experiment_name,080b500d-08d0-4066-98c5-07c6de3f5bae,function_transfer_time,1779123782.4946408,0.000082414
experiment_name,080b500d-08d0-4066-98c5-07c6de3f5bae,function_transfer_time,1779123782.5959668,0.000079389
experiment_name,080b500d-08d0-4066-98c5-07c6de3f5bae,function_transfer_time,1779123782.6962998,0.000078484
experiment_name,080b500d-08d0-4066-98c5-07c6de3f5bae,function_transfer_time,1779123782.7975492,0.00002294
experiment_name,080b500d-08d0-4066-98c5-07c6de3f5bae,function_transfer_time,1779123782.8988602,0.000077685
experiment_name,080b500d-08d0-4066-98c5-07c6de3f5bae,function_transfer_time,1779123783.0001762,0.000083706
experiment_name,080b500d-08d0-4066-98c5-07c6de3f5bae,function_transfer_time,1779123783.1014903,0.000079475
experiment_name,080b500d-08d0-4066-98c5-07c6de3f5bae,function_transfer_time,1779123783.2028372,0.000083121
experiment_name,080b500d-08d0-4066-98c5-07c6de3f5bae,function_transfer_time,1779123783.3041415,0.000075804
experiment_name,080b500d-08d0-4066-98c5-07c6de3f5bae,function_transfer_time,1779123783.405478,0.000084791
experiment_name,080b500d-08d0-4066-98c5-07c6de3f5bae,function_transfer_time,1779123783.5068471,0.000084783
experiment_name,080b500d-08d0-4066-98c5-07c6de3f5bae,function_transfer_time,1779123783.608172,0.000080525
experiment_name,080b500d-08d0-4066-98c5-07c6de3f5bae,function_transfer_time,1779123783.7094548,0.000030693
experiment_name,080b500d-08d0-4066-98c5-07c6de3f5bae,function_transfer_time,1779123783.8107734,0.00007579
experiment_name,080b500d-08d0-4066-98c5-07c6de3f5bae,function_transfer_time,1779123783.9121294,0.000079536
experiment_name,080b500d-08d0-4066-98c5-07c6de3f5bae,function_transfer_time,1779123784.0134354,0.000079403
experiment_name,080b500d-08d0-4066-98c5-07c6de3f5bae,function_transfer_time,1779123784.1147764,0.000092206
experiment_name,080b500d-08d0-4066-98c5-07c6de3f5bae,function_transfer_time,1779123784.216239,0.000077711
experiment_name,080b500d-08d0-4066-98c5-07c6de3f5bae,function_transfer_time,1779123784.3175554,0.000077872
experiment_name,080b500d-08d0-4066-98c5-07c6de3f5bae,function_transfer_time,1779123784.4188924,0.000081481
experiment_name,080b500d-08d0-4066-98c5-07c6de3f5bae,function_transfer_time,1779123784.5202622,0.000082729
experiment_name,080b500d-08d0-4066-98c5-07c6de3f5bae,function_transfer_time,1779123784.6215992,0.000078318
experiment_name,81daf96a-3b50-47a1-abc9-d25bdbca5c32,function_execution_time,1779123784.7233553,0.000066381
experiment_name,81daf96a-3b50-47a1-abc9-d25bdbca5c32,function_execution_time,1779123784.824675,0.000055534
experiment_name,81daf96a-3b50-47a1-abc9-d25bdbca5c32,function_execution_time,1779123784.9259894,0.000056115
experiment_name,81daf96a-3b50-47a1-abc9-d25bdbca5c32,function_execution_time,1779123785.0272918,0.000054594
experiment_name,81daf96a-3b50-47a1-abc9-d25bdbca5c32,function_execution_time,1779123785.1276226,0.000062512
experiment_name,81daf96a-3b50-47a1-abc9-d25bdbca5c32,function_execution_time,1779123785.2289119,0.000054978
experiment_name,81daf96a-3b50-47a1-abc9-d25bdbca5c32,function_execution_time,1779123785.3301463,0.000057202
experiment_name,81daf96a-3b50-47a1-abc9-d25bdbca5c32,function_execution_time,1779123785.4314911,0.000072162
experiment_name,81daf96a-3b50-47a1-abc9-d25bdbca5c32,function_execution_time,1779123785.532913,0.000053304
experiment_name,81daf96a-3b50-47a1-abc9-d25bdbca5c32,function_execution_time,1779123785.6342595,0.000060592
experiment_name,81daf96a-3b50-47a1-abc9-d25bdbca5c32,function_execution_time,1779123785.734544,0.000054251
experiment_name,81daf96a-3b50-47a1-abc9-d25bdbca5c32,function_execution_time,1779123785.8360333,0.000054844
experiment_name,81daf96a-3b50-47a1-abc9-d25bdbca5c32,function_execution_time,1779123785.9373517,0.00005593
experiment_name,81daf96a-3b50-47a1-abc9-d25bdbca5c32,function_execution_time,1779123786.0385916,0.00007056
experiment_name,81daf96a-3b50-47a1-abc9-d25bdbca5c32,function_execution_time,1779123786.139935,0.0000885
experiment_name,81daf96a-3b50-47a1-abc9-d25bdbca5c32,function_execution_time,1779123786.2411788,0.000063696
experiment_name,81daf96a-3b50-47a1-abc9-d25bdbca5c32,function_execution_time,1779123786.3415806,0.000055907
experiment_name,81daf96a-3b50-47a1-abc9-d25bdbca5c32,function_execution_time,1779123786.4428544,0.000056356
experiment_name,81daf96a-3b50-47a1-abc9-d25bdbca5c32,function_execution_time,1779123786.5442398,0.000062682
experiment_name,81daf96a-3b50-47a1-abc9-d25bdbca5c32,function_execution_time,1779123786.644494,0.000062915
experiment_name,81daf96a-3b50-47a1-abc9-d25bdbca5c32,function_execution_time,1779123786.7457473,0.000055735
experiment_name,81daf96a-3b50-47a1-abc9-d25bdbca5c32,function_execution_time,1779123786.8470879,0.000055965
experiment_name,81daf96a-3b50-47a1-abc9-d25bdbca5c32,function_execution_time,1779123786.9484246,0.000065642
experiment_name,81daf96a-3b50-47a1-abc9-d25bdbca5c32,function_execution_time,1779123787.0497394,0.000055627
experiment_name,81daf96a-3b50-47a1-abc9-d25bdbca5c32,function_execution_time,1779123787.1510346,0.000054436
experiment_name,81daf96a-3b50-47a1-abc9-d25bdbca5c32,function_execution_time,1779123787.2523637,0.000056955
experiment_name,81daf96a-3b50-47a1-abc9-d25bdbca5c32,function_execution_time,1779123787.3536315,0.000057634
experiment_name,81daf96a-3b50-47a1-abc9-d25bdbca5c32,function_execution_time,1779123787.4549365,0.00006591
experiment_name,81daf96a-3b50-47a1-abc9-d25bdbca5c32,function_execution_time,1779123787.5563033,0.000053779
experiment_name,81daf96a-3b50-47a1-abc9-d25bdbca5c32,function_execution_time,1779123787.6577644,0.000054966
experiment_name,81daf96a-3b50-47a1-abc9-d25bdbca5c32,function_execution_time,1779123787.759081,0.000062442
experiment_name,81daf96a-3b50-47a1-abc9-d25bdbca5c32,function_execution_time,1779123787.860383,0.000061316
experiment_name,81daf96a-3b50-47a1-abc9-d25bdbca5c32,function_execution_time,1779123787.9617114,0.000054011
experiment_name,81daf96a-3b50-47a1-abc9-d25bdbca5c32,function_execution_time,1779123788.063018,0.0000542
experiment_name,81daf96a-3b50-47a1-abc9-d25bdbca5c32,function_execution_time,1779123788.16436,0.000059154
experiment_name,81daf96a-3b50-47a1-abc9-d25bdbca5c32,function_execution_time,1779123788.2656796,0.000063378
experiment_name,81daf96a-3b50-47a1-abc9-d25bdbca5c32,function_execution_time,1779123788.367019,0.000057116
experiment_name,81daf96a-3b50-47a1-abc9-d25bdbca5c32,function_execution_time,1779123788.4682734,0.000060317
experiment_name,81daf96a-3b50-47a1-abc9-d25bdbca5c32,function_execution_time,1779123788.5696182,0.000054749
experiment_name,81daf96a-3b50-47a1-abc9-d25bdbca5c32,function_execution_time,1779123788.670952,0.000053991
experiment_name,81daf96a-3b50-47a1-abc9-d25bdbca5c32,function_execution_time,1779123788.772276,0.000061888
experiment_name,81daf96a-3b50-47a1-abc9-d25bdbca5c32,function_execution_time,1779123788.8727307,0.000059898
experiment_name,81daf96a-3b50-47a1-abc9-d25bdbca5c32,function_execution_time,1779123788.9740307,0.000062761
experiment_name,81daf96a-3b50-47a1-abc9-d25bdbca5c32,function_execution_time,1779123789.0752757,0.000054073
experiment_name,81daf96a-3b50-47a1-abc9-d25bdbca5c32,function_execution_time,1779123789.1755462,0.000054029
experiment_name,81daf96a-3b50-47a1-abc9-d25bdbca5c32,function_execution_time,1779123789.2767627,0.000058617
experiment_name,81daf96a-3b50-47a1-abc9-d25bdbca5c32,function_execution_time,1779123789.3780987,0.000073067
experiment_name,81daf96a-3b50-47a1-abc9-d25bdbca5c32,function_execution_time,1779123789.479368,0.00005612
experiment_name,81daf96a-3b50-47a1-abc9-d25bdbca5c32,function_execution_time,1779123789.5807965,0.000066106
experiment_name,080b500d-08d0-4066-98c5-07c6de3f5bae,function_execution_time,1779123784.7231977,0.000075523
experiment_name,080b500d-08d0-4066-98c5-07c6de3f5bae,function_execution_time,1779123784.8245308,0.000072364
experiment_name,080b500d-08d0-4066-98c5-07c6de3f5bae,function_execution_time,1779123784.925874,0.000079262
experiment_name,080b500d-08d0-4066-98c5-07c6de3f5bae,function_execution_time,1779123785.0272062,0.000074689
experiment_name,080b500d-08d0-4066-98c5-07c6de3f5bae,function_execution_time,1779123785.1274953,0.000104059
experiment_name,080b500d-08d0-4066-98c5-07c6de3f5bae,function_execution_time,1779123785.228825,0.000074583
experiment_name,080b500d-08d0-4066-98c5-07c6de3f5bae,function_execution_time,1779123785.3300261,0.000076361
experiment_name,080b500d-08d0-4066-98c5-07c6de3f5bae,function_execution_time,1779123785.431413,0.000183738
experiment_name,080b500d-08d0-4066-98c5-07c6de3f5bae,function_execution_time,1779123785.5328057,0.000076641
experiment_name,080b500d-08d0-4066-98c5-07c6de3f5bae,function_execution_time,1779123785.634163,0.000073816
experiment_name,080b500d-08d0-4066-98c5-07c6de3f5bae,function_execution_time,1779123785.7343915,0.000071641
experiment_name,080b500d-08d0-4066-98c5-07c6de3f5bae,function_execution_time,1779123785.8358815,0.000076952
experiment_name,080b500d-08d0-4066-98c5-07c6de3f5bae,function_execution_time,1779123785.9371917,0.000075356
experiment_name,080b500d-08d0-4066-98c5-07c6de3f5bae,function_execution_time,1779123786.0385141,0.000099945
experiment_name,080b500d-08d0-4066-98c5-07c6de3f5bae,function_execution_time,1779123786.1399066,0.000112426
experiment_name,080b500d-08d0-4066-98c5-07c6de3f5bae,function_execution_time,1779123786.2411184,0.000101068
experiment_name,080b500d-08d0-4066-98c5-07c6de3f5bae,function_execution_time,1779123786.341421,0.00007058
experiment_name,080b500d-08d0-4066-98c5-07c6de3f5bae,function_execution_time,1779123786.4428005,0.000149056
experiment_name,080b500d-08d0-4066-98c5-07c6de3f5bae,function_execution_time,1779123786.5441487,0.00008155
experiment_name,080b500d-08d0-4066-98c5-07c6de3f5bae,function_execution_time,1779123786.644328,0.000072141
experiment_name,080b500d-08d0-4066-98c5-07c6de3f5bae,function_execution_time,1779123786.7455897,0.000071907
experiment_name,080b500d-08d0-4066-98c5-07c6de3f5bae,function_execution_time,1779123786.84693,0.000070191
experiment_name,080b500d-08d0-4066-98c5-07c6de3f5bae,function_execution_time,1779123786.9483106,0.000092182
experiment_name,080b500d-08d0-4066-98c5-07c6de3f5bae,function_execution_time,1779123787.0495827,0.000070205
experiment_name,080b500d-08d0-4066-98c5-07c6de3f5bae,function_execution_time,1779123787.1508944,0.000072044
experiment_name,080b500d-08d0-4066-98c5-07c6de3f5bae,function_execution_time,1779123787.2522595,0.000083679
experiment_name,080b500d-08d0-4066-98c5-07c6de3f5bae,function_execution_time,1779123787.3535714,0.000088447
experiment_name,080b500d-08d0-4066-98c5-07c6de3f5bae,function_execution_time,1779123787.4548655,0.000147283
experiment_name,080b500d-08d0-4066-98c5-07c6de3f5bae,function_execution_time,1779123787.5561523,0.000070196
experiment_name,080b500d-08d0-4066-98c5-07c6de3f5bae,function_execution_time,1779123787.6576111,0.00007855
experiment_name,080b500d-08d0-4066-98c5-07c6de3f5bae,function_execution_time,1779123787.7589936,0.000072495
experiment_name,080b500d-08d0-4066-98c5-07c6de3f5bae,function_execution_time,1779123787.8602228,0.000080036
experiment_name,080b500d-08d0-4066-98c5-07c6de3f5bae,function_execution_time,1779123787.9615502,0.000077816
experiment_name,080b500d-08d0-4066-98c5-07c6de3f5bae,function_execution_time,1779123788.0628843,0.000068054
experiment_name,080b500d-08d0-4066-98c5-07c6de3f5bae,function_execution_time,1779123788.1641912,0.000069868
experiment_name,080b500d-08d0-4066-98c5-07c6de3f5bae,function_execution_time,1779123788.2655368,0.000069351
experiment_name,080b500d-08d0-4066-98c5-07c6de3f5bae,function_execution_time,1779123788.366844,0.000078832
experiment_name,080b500d-08d0-4066-98c5-07c6de3f5bae,function_execution_time,1779123788.468216,0.000181906
experiment_name,080b500d-08d0-4066-98c5-07c6de3f5bae,function_execution_time,1779123788.5694773,0.000087359
experiment_name,080b500d-08d0-4066-98c5-07c6de3f5bae,function_execution_time,1779123788.6707945,0.00007889
experiment_name,080b500d-08d0-4066-98c5-07c6de3f5bae,function_execution_time,1779123788.7721171,0.00006776
experiment_name,080b500d-08d0-4066-98c5-07c6de3f5bae,function_execution_time,1779123788.8725922,0.000070111
experiment_name,080b500d-08d0-4066-98c5-07c6de3f5bae,function_execution_time,1779123788.9738681,0.000068802
experiment_name,080b500d-08d0-4066-98c5-07c6de3f5bae,function_execution_time,1779123789.0751188,0.000068747
experiment_name,080b500d-08d0-4066-98c5-07c6de3f5bae,function_execution_time,1779123789.1753852,0.000072568
experiment_name,080b500d-08d0-4066-98c5-07c6de3f5bae,function_execution_time,1779123789.2767587,0.000084913
experiment_name,080b500d-08d0-4066-98c5-07c6de3f5bae,function_execution_time,1779123789.3779871,0.000091247
experiment_name,080b500d-08d0-4066-98c5-07c6de3f5bae,function_execution_time,1779123789.4793162,0.000128659
experiment_name,080b500d-08d0-4066-98c5-07c6de3f5bae,function_execution_time,1779123789.5806117,0.000091727
experiment_name,81daf96a-3b50-47a1-abc9-d25bdbca5c32,function_transfer_time,1779123784.7232885,0.000112131
experiment_name,81daf96a-3b50-47a1-abc9-d25bdbca5c32,function_transfer_time,1779123784.824612,0.000105971
experiment_name,81daf96a-3b50-47a1-abc9-d25bdbca5c32,function_transfer_time,1779123784.9259255,0.000085642
experiment_name,81daf96a-3b50-47a1-abc9-d25bdbca5c32,function_transfer_time,1779123785.0272298,0.000106273
experiment_name,81daf96a-3b50-47a1-abc9-d25bdbca5c32,function_transfer_time,1779123785.1275532,0.000089326
experiment_name,81daf96a-3b50-47a1-abc9-d25bdbca5c32,function_transfer_time,1779123785.2288494,0.000108004
experiment_name,81daf96a-3b50-47a1-abc9-d25bdbca5c32,function_transfer_time,1779123785.3300817,0.000087906
experiment_name,81daf96a-3b50-47a1-abc9-d25bdbca5c32,function_transfer_time,1779123785.4314113,0.000033307
experiment_name,81daf96a-3b50-47a1-abc9-d25bdbca5c32,function_transfer_time,1779123785.532856,0.000084358
experiment_name,81daf96a-3b50-47a1-abc9-d25bdbca5c32,function_transfer_time,1779123785.6341915,0.000105221
experiment_name,81daf96a-3b50-47a1-abc9-d25bdbca5c32,function_transfer_time,1779123785.7344897,0.000116587
experiment_name,81daf96a-3b50-47a1-abc9-d25bdbca5c32,function_transfer_time,1779123785.8359778,0.000119208
experiment_name,81daf96a-3b50-47a1-abc9-d25bdbca5c32,function_transfer_time,1779123785.9372957,0.000123063
experiment_name,81daf96a-3b50-47a1-abc9-d25bdbca5c32,function_transfer_time,1779123786.038517,0.000043535
experiment_name,81daf96a-3b50-47a1-abc9-d25bdbca5c32,function_transfer_time,1779123786.1399026,0.000026448
experiment_name,81daf96a-3b50-47a1-abc9-d25bdbca5c32,function_transfer_time,1779123786.2411149,0.000036285
experiment_name,81daf96a-3b50-47a1-abc9-d25bdbca5c32,function_transfer_time,1779123786.3415241,0.000127048
experiment_name,81daf96a-3b50-47a1-abc9-d25bdbca5c32,function_transfer_time,1779123786.4427972,0.000033857
experiment_name,81daf96a-3b50-47a1-abc9-d25bdbca5c32,function_transfer_time,1779123786.544172,0.000115726
experiment_name,81daf96a-3b50-47a1-abc9-d25bdbca5c32,function_transfer_time,1779123786.6444247,0.000116377
experiment_name,81daf96a-3b50-47a1-abc9-d25bdbca5c32,function_transfer_time,1779123786.745691,0.000123778
experiment_name,81daf96a-3b50-47a1-abc9-d25bdbca5c32,function_transfer_time,1779123786.8470309,0.000126777
experiment_name,81daf96a-3b50-47a1-abc9-d25bdbca5c32,function_transfer_time,1779123786.9483519,0.000120375
experiment_name,81daf96a-3b50-47a1-abc9-d25bdbca5c32,function_transfer_time,1779123787.049683,0.000127249
experiment_name,81daf96a-3b50-47a1-abc9-d25bdbca5c32,function_transfer_time,1779123787.1509728,0.000105236
experiment_name,81daf96a-3b50-47a1-abc9-d25bdbca5c32,function_transfer_time,1779123787.2522993,0.000117162
experiment_name,81daf96a-3b50-47a1-abc9-d25bdbca5c32,function_transfer_time,1779123787.3535748,0.000109462
experiment_name,81daf96a-3b50-47a1-abc9-d25bdbca5c32,function_transfer_time,1779123787.454868,0.000039449
experiment_name,81daf96a-3b50-47a1-abc9-d25bdbca5c32,function_transfer_time,1779123787.5562496,0.000116395
experiment_name,81daf96a-3b50-47a1-abc9-d25bdbca5c32,function_transfer_time,1779123787.657709,0.000118569
experiment_name,81daf96a-3b50-47a1-abc9-d25bdbca5c32,function_transfer_time,1779123787.7590783,0.000107372
experiment_name,81daf96a-3b50-47a1-abc9-d25bdbca5c32,function_transfer_time,1779123787.8603208,0.0001201
experiment_name,81daf96a-3b50-47a1-abc9-d25bdbca5c32,function_transfer_time,1779123787.961657,0.000137092
experiment_name,81daf96a-3b50-47a1-abc9-d25bdbca5c32,function_transfer_time,1779123788.0629628,0.000107357
experiment_name,81daf96a-3b50-47a1-abc9-d25bdbca5c32,function_transfer_time,1779123788.1643007,0.00013751
experiment_name,81daf96a-3b50-47a1-abc9-d25bdbca5c32,function_transfer_time,1779123788.2656155,0.000108323
experiment_name,81daf96a-3b50-47a1-abc9-d25bdbca5c32,function_transfer_time,1779123788.3669612,0.000139561
experiment_name,81daf96a-3b50-47a1-abc9-d25bdbca5c32,function_transfer_time,1779123788.468213,0.00003526
experiment_name,81daf96a-3b50-47a1-abc9-d25bdbca5c32,function_transfer_time,1779123788.5695632,0.000105041
experiment_name,81daf96a-3b50-47a1-abc9-d25bdbca5c32,function_transfer_time,1779123788.6708977,0.000126881
experiment_name,81daf96a-3b50-47a1-abc9-d25bdbca5c32,function_transfer_time,1779123788.7722137,0.000129612
experiment_name,81daf96a-3b50-47a1-abc9-d25bdbca5c32,function_transfer_time,1779123788.8726783,0.000103091
experiment_name,81daf96a-3b50-47a1-abc9-d25bdbca5c32,function_transfer_time,1779123788.9739673,0.000125146
experiment_name,81daf96a-3b50-47a1-abc9-d25bdbca5c32,function_transfer_time,1779123789.0752203,0.000126903
experiment_name,81daf96a-3b50-47a1-abc9-d25bdbca5c32,function_transfer_time,1779123789.175492,0.000131607
experiment_name,81daf96a-3b50-47a1-abc9-d25bdbca5c32,function_transfer_time,1779123789.2767615,0.000039389
experiment_name,81daf96a-3b50-47a1-abc9-d25bdbca5c32,function_transfer_time,1779123789.3780208,0.000064169
experiment_name,81daf96a-3b50-47a1-abc9-d25bdbca5c32,function_transfer_time,1779123789.479313,0.000028496
experiment_name,81daf96a-3b50-47a1-abc9-d25bdbca5c32,function_transfer_time,1779123789.5807295,0.000148711
experiment_name,080b500d-08d0-4066-98c5-07c6de3f5bae,function_transfer_time,1779123784.723124,0.000020729
experiment_name,080b500d-08d0-4066-98c5-07c6de3f5bae,function_transfer_time,1779123784.8244536,0.000090958
experiment_name,080b500d-08d0-4066-98c5-07c6de3f5bae,function_transfer_time,1779123784.9257894,0.000081795
experiment_name,080b500d-08d0-4066-98c5-07c6de3f5bae,function_transfer_time,1779123785.0270736,0.000073197
experiment_name,080b500d-08d0-4066-98c5-07c6de3f5bae,function_transfer_time,1779123785.1273859,0.000078609
experiment_name,080b500d-08d0-4066-98c5-07c6de3f5bae,function_transfer_time,1779123785.2286928,0.000082705
experiment_name,080b500d-08d0-4066-98c5-07c6de3f5bae,function_transfer_time,1779123785.3299448,0.000024674
experiment_name,080b500d-08d0-4066-98c5-07c6de3f5bae,function_transfer_time,1779123785.431231,0.000073192
experiment_name,080b500d-08d0-4066-98c5-07c6de3f5bae,function_transfer_time,1779123785.5327234,0.00007653
experiment_name,080b500d-08d0-4066-98c5-07c6de3f5bae,function_transfer_time,1779123785.6340377,0.00008394
experiment_name,080b500d-08d0-4066-98c5-07c6de3f5bae,function_transfer_time,1779123785.734389,0.000079516
experiment_name,080b500d-08d0-4066-98c5-07c6de3f5bae,function_transfer_time,1779123785.8357987,0.000073925
experiment_name,080b500d-08d0-4066-98c5-07c6de3f5bae,function_transfer_time,1779123785.9371166,0.000081625
experiment_name,080b500d-08d0-4066-98c5-07c6de3f5bae,function_transfer_time,1779123786.0384064,0.000032345
experiment_name,080b500d-08d0-4066-98c5-07c6de3f5bae,function_transfer_time,1779123786.1397524,0.000089793
experiment_name,080b500d-08d0-4066-98c5-07c6de3f5bae,function_transfer_time,1779123786.2410064,0.000023335
experiment_name,080b500d-08d0-4066-98c5-07c6de3f5bae,function_transfer_time,1779123786.3413436,0.000080977
experiment_name,080b500d-08d0-4066-98c5-07c6de3f5bae,function_transfer_time,1779123786.4426403,0.000075585
experiment_name,080b500d-08d0-4066-98c5-07c6de3f5bae,function_transfer_time,1779123786.544006,0.0000756
experiment_name,080b500d-08d0-4066-98c5-07c6de3f5bae,function_transfer_time,1779123786.644255,0.000018351
experiment_name,080b500d-08d0-4066-98c5-07c6de3f5bae,function_transfer_time,1779123786.745514,0.000022213
experiment_name,080b500d-08d0-4066-98c5-07c6de3f5bae,function_transfer_time,1779123786.8468487,0.000078982
experiment_name,080b500d-08d0-4066-98c5-07c6de3f5bae,function_transfer_time,1779123786.9481661,0.000081952
experiment_name,080b500d-08d0-4066-98c5-07c6de3f5bae,function_transfer_time,1779123787.0495014,0.00008254
experiment_name,080b500d-08d0-4066-98c5-07c6de3f5bae,function_transfer_time,1779123787.1508186,0.000084091
experiment_name,080b500d-08d0-4066-98c5-07c6de3f5bae,function_transfer_time,1779123787.2521317,0.000077213
experiment_name,080b500d-08d0-4066-98c5-07c6de3f5bae,function_transfer_time,1779123787.353397,0.000080309
experiment_name,080b500d-08d0-4066-98c5-07c6de3f5bae,function_transfer_time,1779123787.4547129,0.000077604
experiment_name,080b500d-08d0-4066-98c5-07c6de3f5bae,function_transfer_time,1779123787.55615,0.000073505
experiment_name,080b500d-08d0-4066-98c5-07c6de3f5bae,function_transfer_time,1779123787.6575296,0.00007507
experiment_name,080b500d-08d0-4066-98c5-07c6de3f5bae,function_transfer_time,1779123787.7588649,0.00008117
experiment_name,080b500d-08d0-4066-98c5-07c6de3f5bae,function_transfer_time,1779123787.8601422,0.00007558
experiment_name,080b500d-08d0-4066-98c5-07c6de3f5bae,function_transfer_time,1779123787.961468,0.000082844
experiment_name,080b500d-08d0-4066-98c5-07c6de3f5bae,function_transfer_time,1779123788.062802,0.000078668
experiment_name,080b500d-08d0-4066-98c5-07c6de3f5bae,function_transfer_time,1779123788.1641095,0.000076833
experiment_name,080b500d-08d0-4066-98c5-07c6de3f5bae,function_transfer_time,1779123788.2654536,0.000086144
experiment_name,080b500d-08d0-4066-98c5-07c6de3f5bae,function_transfer_time,1779123788.3667607,0.00008043
experiment_name,080b500d-08d0-4066-98c5-07c6de3f5bae,function_transfer_time,1779123788.4680305,0.000020368
experiment_name,080b500d-08d0-4066-98c5-07c6de3f5bae,function_transfer_time,1779123788.5693932,0.000078828
experiment_name,080b500d-08d0-4066-98c5-07c6de3f5bae,function_transfer_time,1779123788.6707184,0.000080884
experiment_name,080b500d-08d0-4066-98c5-07c6de3f5bae,function_transfer_time,1779123788.772114,0.000020555
experiment_name,080b500d-08d0-4066-98c5-07c6de3f5bae,function_transfer_time,1779123788.872513,0.000082084
experiment_name,080b500d-08d0-4066-98c5-07c6de3f5bae,function_transfer_time,1779123788.9737883,0.000021915
experiment_name,080b500d-08d0-4066-98c5-07c6de3f5bae,function_transfer_time,1779123789.07504,0.000021027
experiment_name,080b500d-08d0-4066-98c5-07c6de3f5bae,function_transfer_time,1779123789.175306,0.000020911
experiment_name,080b500d-08d0-4066-98c5-07c6de3f5bae,function_transfer_time,1779123789.2766035,0.000023794
experiment_name,080b500d-08d0-4066-98c5-07c6de3f5bae,function_transfer_time,1779123789.3778906,0.000025768
experiment_name,080b500d-08d0-4066-98c5-07c6de3f5bae,function_transfer_time,1779123789.4791765,0.000014447
experiment_name,080b500d-08d0-4066-98c5-07c6de3f5bae,function_transfer_time,1779123789.580521,0.000089006
experiment_name,81daf96a-3b50-47a1-abc9-d25bdbca5c32,function_execution_time,1779123789.6817305,0.000062569
experiment_name,81daf96a-3b50-47a1-abc9-d25bdbca5c32,function_execution_time,1779123789.7831361,0.000065588
experiment_name,81daf96a-3b50-47a1-abc9-d25bdbca5c32,function_execution_time,1779123789.8843832,0.000054237
experiment_name,81daf96a-3b50-47a1-abc9-d25bdbca5c32,function_execution_time,1779123789.9857767,0.000054614
experiment_name,81daf96a-3b50-47a1-abc9-d25bdbca5c32,function_execution_time,1779123790.0870895,0.00006197
experiment_name,81daf96a-3b50-47a1-abc9-d25bdbca5c32,function_execution_time,1779123790.188448,0.00005677
experiment_name,81daf96a-3b50-47a1-abc9-d25bdbca5c32,function_execution_time,1779123790.2896228,0.000061312
experiment_name,81daf96a-3b50-47a1-abc9-d25bdbca5c32,function_execution_time,1779123790.390996,0.000059622
experiment_name,81daf96a-3b50-47a1-abc9-d25bdbca5c32,function_execution_time,1779123790.4923677,0.000059782
experiment_name,81daf96a-3b50-47a1-abc9-d25bdbca5c32,function_execution_time,1779123790.5937603,0.000057179
experiment_name,81daf96a-3b50-47a1-abc9-d25bdbca5c32,function_execution_time,1779123790.6950731,0.000068519
experiment_name,81daf96a-3b50-47a1-abc9-d25bdbca5c32,function_execution_time,1779123790.7964761,0.000060783
experiment_name,81daf96a-3b50-47a1-abc9-d25bdbca5c32,function_execution_time,1779123790.8977733,0.000053655
experiment_name,81daf96a-3b50-47a1-abc9-d25bdbca5c32,function_execution_time,1779123790.9990778,0.000054166
experiment_name,81daf96a-3b50-47a1-abc9-d25bdbca5c32,function_execution_time,1779123791.1003964,0.000054443
experiment_name,81daf96a-3b50-47a1-abc9-d25bdbca5c32,function_execution_time,1779123791.2017493,0.000062046
experiment_name,81daf96a-3b50-47a1-abc9-d25bdbca5c32,function_execution_time,1779123791.3030462,0.000053963
experiment_name,81daf96a-3b50-47a1-abc9-d25bdbca5c32,function_execution_time,1779123791.4043639,0.00005523
experiment_name,81daf96a-3b50-47a1-abc9-d25bdbca5c32,function_execution_time,1779123791.505664,0.000053392
experiment_name,81daf96a-3b50-47a1-abc9-d25bdbca5c32,function_execution_time,1779123791.607146,0.000062721
experiment_name,81daf96a-3b50-47a1-abc9-d25bdbca5c32,function_execution_time,1779123791.7084954,0.000063721
experiment_name,81daf96a-3b50-47a1-abc9-d25bdbca5c32,function_execution_time,1779123791.8097918,0.000054625
experiment_name,81daf96a-3b50-47a1-abc9-d25bdbca5c32,function_execution_time,1779123791.911151,0.000055558
experiment_name,81daf96a-3b50-47a1-abc9-d25bdbca5c32,function_execution_time,1779123792.0123394,0.00007049
experiment_name,81daf96a-3b50-47a1-abc9-d25bdbca5c32,function_execution_time,1779123792.113656,0.000061919
experiment_name,81daf96a-3b50-47a1-abc9-d25bdbca5c32,function_execution_time,1779123792.2149801,0.000058711
experiment_name,81daf96a-3b50-47a1-abc9-d25bdbca5c32,function_execution_time,1779123792.3162894,0.000054526
experiment_name,81daf96a-3b50-47a1-abc9-d25bdbca5c32,function_execution_time,1779123792.4176252,0.000056301
experiment_name,81daf96a-3b50-47a1-abc9-d25bdbca5c32,function_execution_time,1779123792.5189457,0.000061526
experiment_name,81daf96a-3b50-47a1-abc9-d25bdbca5c32,function_execution_time,1779123792.6203387,0.000054003
experiment_name,81daf96a-3b50-47a1-abc9-d25bdbca5c32,function_execution_time,1779123792.7216554,0.000053451
experiment_name,81daf96a-3b50-47a1-abc9-d25bdbca5c32,function_execution_time,1779123792.822994,0.000057362
experiment_name,81daf96a-3b50-47a1-abc9-d25bdbca5c32,function_execution_time,1779123792.9243038,0.000063399
experiment_name,81daf96a-3b50-47a1-abc9-d25bdbca5c32,function_execution_time,1779123793.0256324,0.000055218
experiment_name,81daf96a-3b50-47a1-abc9-d25bdbca5c32,function_execution_time,1779123793.1269805,0.000055475
experiment_name,81daf96a-3b50-47a1-abc9-d25bdbca5c32,function_execution_time,1779123793.2283022,0.0000581
experiment_name,81daf96a-3b50-47a1-abc9-d25bdbca5c32,function_execution_time,1779123793.3296373,0.000056298
experiment_name,81daf96a-3b50-47a1-abc9-d25bdbca5c32,function_execution_time,1779123793.4309788,0.000063452
experiment_name,81daf96a-3b50-47a1-abc9-d25bdbca5c32,function_execution_time,1779123793.5322888,0.000058179
experiment_name,81daf96a-3b50-47a1-abc9-d25bdbca5c32,function_execution_time,1779123793.6337283,0.000059136
experiment_name,81daf96a-3b50-47a1-abc9-d25bdbca5c32,function_execution_time,1779123793.7350183,0.00005473
experiment_name,81daf96a-3b50-47a1-abc9-d25bdbca5c32,function_execution_time,1779123793.8363607,0.00006156
experiment_name,81daf96a-3b50-47a1-abc9-d25bdbca5c32,function_execution_time,1779123793.9376493,0.000054462
experiment_name,81daf96a-3b50-47a1-abc9-d25bdbca5c32,function_execution_time,1779123794.0389848,0.000054291
experiment_name,81daf96a-3b50-47a1-abc9-d25bdbca5c32,function_execution_time,1779123794.1403387,0.000060091
experiment_name,81daf96a-3b50-47a1-abc9-d25bdbca5c32,function_execution_time,1779123794.2415526,0.000060437
experiment_name,81daf96a-3b50-47a1-abc9-d25bdbca5c32,function_execution_time,1779123794.3428898,0.000062423
experiment_name,81daf96a-3b50-47a1-abc9-d25bdbca5c32,function_execution_time,1779123794.4441392,0.000055232
experiment_name,81daf96a-3b50-47a1-abc9-d25bdbca5c32,function_execution_time,1779123794.5453763,0.000055863
experiment_name,080b500d-08d0-4066-98c5-07c6de3f5bae,function_execution_time,1779123789.6817212,0.000093063
experiment_name,080b500d-08d0-4066-98c5-07c6de3f5bae,function_execution_time,1779123789.78297,0.000085664
experiment_name,080b500d-08d0-4066-98c5-07c6de3f5bae,function_execution_time,1779123789.8843033,0.000071665
experiment_name,080b500d-08d0-4066-98c5-07c6de3f5bae,function_execution_time,1779123789.9856954,0.000081942
experiment_name,080b500d-08d0-4066-98c5-07c6de3f5bae,function_execution_time,1779123790.086943,0.00008062
experiment_name,080b500d-08d0-4066-98c5-07c6de3f5bae,function_execution_time,1779123790.188348,0.000085444
experiment_name,080b500d-08d0-4066-98c5-07c6de3f5bae,function_execution_time,1779123790.2895362,0.000069468
experiment_name,080b500d-08d0-4066-98c5-07c6de3f5bae,function_execution_time,1779123790.3909085,0.000079996
experiment_name,080b500d-08d0-4066-98c5-07c6de3f5bae,function_execution_time,1779123790.4923124,0.000191977
experiment_name,080b500d-08d0-4066-98c5-07c6de3f5bae,function_execution_time,1779123790.5936215,0.000079136
experiment_name,080b500d-08d0-4066-98c5-07c6de3f5bae,function_execution_time,1779123790.6949759,0.000080611
experiment_name,080b500d-08d0-4066-98c5-07c6de3f5bae,function_execution_time,1779123790.7963676,0.000087979
experiment_name,080b500d-08d0-4066-98c5-07c6de3f5bae,function_execution_time,1779123790.8976164,0.000071451
experiment_name,080b500d-08d0-4066-98c5-07c6de3f5bae,function_execution_time,1779123790.9989269,0.00007297
experiment_name,080b500d-08d0-4066-98c5-07c6de3f5bae,function_execution_time,1779123791.100258,0.000071425
experiment_name,080b500d-08d0-4066-98c5-07c6de3f5bae,function_execution_time,1779123791.2015917,0.000082432
experiment_name,080b500d-08d0-4066-98c5-07c6de3f5bae,function_execution_time,1779123791.302891,0.000072702
experiment_name,080b500d-08d0-4066-98c5-07c6de3f5bae,function_execution_time,1779123791.4042244,0.000073723
experiment_name,080b500d-08d0-4066-98c5-07c6de3f5bae,function_execution_time,1779123791.5056143,0.000150275
experiment_name,080b500d-08d0-4066-98c5-07c6de3f5bae,function_execution_time,1779123791.6070015,0.000072526
experiment_name,080b500d-08d0-4066-98c5-07c6de3f5bae,function_execution_time,1779123791.7083297,0.000073328
experiment_name,080b500d-08d0-4066-98c5-07c6de3f5bae,function_execution_time,1779123791.8096552,0.000072029
experiment_name,080b500d-08d0-4066-98c5-07c6de3f5bae,function_execution_time,1779123791.9109924,0.000085703
experiment_name,080b500d-08d0-4066-98c5-07c6de3f5bae,function_execution_time,1779123792.012244,0.000076886
experiment_name,080b500d-08d0-4066-98c5-07c6de3f5bae,function_execution_time,1779123792.1136544,0.000086245
experiment_name,080b500d-08d0-4066-98c5-07c6de3f5bae,function_execution_time,1779123792.2148242,0.000083632
experiment_name,080b500d-08d0-4066-98c5-07c6de3f5bae,function_execution_time,1779123792.316141,0.000083378
experiment_name,080b500d-08d0-4066-98c5-07c6de3f5bae,function_execution_time,1779123792.4174914,0.000087387
experiment_name,080b500d-08d0-4066-98c5-07c6de3f5bae,function_execution_time,1779123792.5188808,0.000142684
experiment_name,080b500d-08d0-4066-98c5-07c6de3f5bae,function_execution_time,1779123792.6201928,0.00008075
experiment_name,080b500d-08d0-4066-98c5-07c6de3f5bae,function_execution_time,1779123792.7215717,0.000088356
experiment_name,080b500d-08d0-4066-98c5-07c6de3f5bae,function_execution_time,1779123792.8228233,0.000070596
experiment_name,080b500d-08d0-4066-98c5-07c6de3f5bae,function_execution_time,1779123792.9242358,0.000085985
experiment_name,080b500d-08d0-4066-98c5-07c6de3f5bae,function_execution_time,1779123793.0255625,0.000094862
experiment_name,080b500d-08d0-4066-98c5-07c6de3f5bae,function_execution_time,1779123793.1268234,0.000075836
experiment_name,080b500d-08d0-4066-98c5-07c6de3f5bae,function_execution_time,1779123793.228142,0.000078019
experiment_name,080b500d-08d0-4066-98c5-07c6de3f5bae,function_execution_time,1779123793.3295517,0.000104762
experiment_name,080b500d-08d0-4066-98c5-07c6de3f5bae,function_execution_time,1779123793.4308112,0.000073122
experiment_name,080b500d-08d0-4066-98c5-07c6de3f5bae,function_execution_time,1779123793.532227,0.000167891
experiment_name,080b500d-08d0-4066-98c5-07c6de3f5bae,function_execution_time,1779123793.6335568,0.00008083
experiment_name,080b500d-08d0-4066-98c5-07c6de3f5bae,function_execution_time,1779123793.7348669,0.000074214
experiment_name,080b500d-08d0-4066-98c5-07c6de3f5bae,function_execution_time,1779123793.8361952,0.000075386
experiment_name,080b500d-08d0-4066-98c5-07c6de3f5bae,function_execution_time,1779123793.93758,0.000089383
experiment_name,080b500d-08d0-4066-98c5-07c6de3f5bae,function_execution_time,1779123794.0388482,0.000070621
experiment_name,080b500d-08d0-4066-98c5-07c6de3f5bae,function_execution_time,1779123794.1401978,0.000072919
experiment_name,080b500d-08d0-4066-98c5-07c6de3f5bae,function_execution_time,1779123794.241495,0.000104567
experiment_name,080b500d-08d0-4066-98c5-07c6de3f5bae,function_execution_time,1779123794.3427296,0.000078618
experiment_name,080b500d-08d0-4066-98c5-07c6de3f5bae,function_execution_time,1779123794.4439807,0.00006962
experiment_name,080b500d-08d0-4066-98c5-07c6de3f5bae,function_execution_time,1779123794.5453188,0.000144163
experiment_name,080b500d-08d0-4066-98c5-07c6de3f5bae,function_transfer_time,1779123789.6815693,0.000078757
experiment_name,080b500d-08d0-4066-98c5-07c6de3f5bae,function_transfer_time,1779123789.7828834,0.000080334
experiment_name,080b500d-08d0-4066-98c5-07c6de3f5bae,function_transfer_time,1779123789.8842192,0.000085557
experiment_name,080b500d-08d0-4066-98c5-07c6de3f5bae,function_transfer_time,1779123789.9855657,0.00008273
experiment_name,080b500d-08d0-4066-98c5-07c6de3f5bae,function_transfer_time,1779123790.0868657,0.000086201
experiment_name,080b500d-08d0-4066-98c5-07c6de3f5bae,function_transfer_time,1779123790.1881986,0.000079805
experiment_name,080b500d-08d0-4066-98c5-07c6de3f5bae,function_transfer_time,1779123790.2894526,0.000027271
experiment_name,080b500d-08d0-4066-98c5-07c6de3f5bae,function_transfer_time,1779123790.3907788,0.00007945
experiment_name,080b500d-08d0-4066-98c5-07c6de3f5bae,function_transfer_time,1779123790.4921083,0.000086281
experiment_name,080b500d-08d0-4066-98c5-07c6de3f5bae,function_transfer_time,1779123790.5935404,0.000099367
experiment_name,080b500d-08d0-4066-98c5-07c6de3f5bae,function_transfer_time,1779123790.6948938,0.000084168
experiment_name,080b500d-08d0-4066-98c5-07c6de3f5bae,function_transfer_time,1779123790.7962072,0.000081038
experiment_name,080b500d-08d0-4066-98c5-07c6de3f5bae,function_transfer_time,1779123790.8975356,0.000076885
experiment_name,080b500d-08d0-4066-98c5-07c6de3f5bae,function_transfer_time,1779123790.998848,0.000078546
experiment_name,080b500d-08d0-4066-98c5-07c6de3f5bae,function_transfer_time,1779123791.100175,0.000086578
experiment_name,080b500d-08d0-4066-98c5-07c6de3f5bae,function_transfer_time,1779123791.2015104,0.000082414
experiment_name,080b500d-08d0-4066-98c5-07c6de3f5bae,function_transfer_time,1779123791.3028138,0.000076993
experiment_name,080b500d-08d0-4066-98c5-07c6de3f5bae,function_transfer_time,1779123791.4041512,0.000088449
experiment_name,080b500d-08d0-4066-98c5-07c6de3f5bae,function_transfer_time,1779123791.5054574,0.000086785
experiment_name,080b500d-08d0-4066-98c5-07c6de3f5bae,function_transfer_time,1779123791.606917,0.000080838
experiment_name,080b500d-08d0-4066-98c5-07c6de3f5bae,function_transfer_time,1779123791.708253,0.000074981
experiment_name,080b500d-08d0-4066-98c5-07c6de3f5bae,function_transfer_time,1779123791.809571,0.000082385
experiment_name,080b500d-08d0-4066-98c5-07c6de3f5bae,function_transfer_time,1779123791.9109068,0.000079984
experiment_name,080b500d-08d0-4066-98c5-07c6de3f5bae,function_transfer_time,1779123792.0121589,0.000023374
experiment_name,080b500d-08d0-4066-98c5-07c6de3f5bae,function_transfer_time,1779123792.1134999,0.000085879
experiment_name,080b500d-08d0-4066-98c5-07c6de3f5bae,function_transfer_time,1779123792.2147388,0.000023974
experiment_name,080b500d-08d0-4066-98c5-07c6de3f5bae,function_transfer_time,1779123792.316058,0.000078711
experiment_name,080b500d-08d0-4066-98c5-07c6de3f5bae,function_transfer_time,1779123792.4174025,0.000077591
experiment_name,080b500d-08d0-4066-98c5-07c6de3f5bae,function_transfer_time,1779123792.5187297,0.00008561
experiment_name,080b500d-08d0-4066-98c5-07c6de3f5bae,function_transfer_time,1779123792.6201072,0.000084418
experiment_name,080b500d-08d0-4066-98c5-07c6de3f5bae,function_transfer_time,1779123792.7214236,0.000076075
experiment_name,080b500d-08d0-4066-98c5-07c6de3f5bae,function_transfer_time,1779123792.8227386,0.000078535
experiment_name,080b500d-08d0-4066-98c5-07c6de3f5bae,function_transfer_time,1779123792.9240844,0.000083462
experiment_name,080b500d-08d0-4066-98c5-07c6de3f5bae,function_transfer_time,1779123793.0254033,0.000085211
experiment_name,080b500d-08d0-4066-98c5-07c6de3f5bae,function_transfer_time,1779123793.1267486,0.00008539
experiment_name,080b500d-08d0-4066-98c5-07c6de3f5bae,function_transfer_time,1779123793.2280574,0.000081381
experiment_name,080b500d-08d0-4066-98c5-07c6de3f5bae,function_transfer_time,1779123793.3293946,0.000080139
experiment_name,080b500d-08d0-4066-98c5-07c6de3f5bae,function_transfer_time,1779123793.4307268,0.00008509
experiment_name,080b500d-08d0-4066-98c5-07c6de3f5bae,function_transfer_time,1779123793.5320532,0.000079384
experiment_name,080b500d-08d0-4066-98c5-07c6de3f5bae,function_transfer_time,1779123793.6334686,0.000084667
experiment_name,080b500d-08d0-4066-98c5-07c6de3f5bae,function_transfer_time,1779123793.7347867,0.000081627
experiment_name,080b500d-08d0-4066-98c5-07c6de3f5bae,function_transfer_time,1779123793.8361218,0.000081938
experiment_name,080b500d-08d0-4066-98c5-07c6de3f5bae,function_transfer_time,1779123793.937438,0.000079313
experiment_name,080b500d-08d0-4066-98c5-07c6de3f5bae,function_transfer_time,1779123794.0387642,0.000084516
experiment_name,080b500d-08d0-4066-98c5-07c6de3f5bae,function_transfer_time,1779123794.1401153,0.000079389
experiment_name,080b500d-08d0-4066-98c5-07c6de3f5bae,function_transfer_time,1779123794.2413812,0.000024504
experiment_name,080b500d-08d0-4066-98c5-07c6de3f5bae,function_transfer_time,1779123794.3426526,0.00001779
experiment_name,080b500d-08d0-4066-98c5-07c6de3f5bae,function_transfer_time,1779123794.443897,0.000019074
experiment_name,080b500d-08d0-4066-98c5-07c6de3f5bae,function_transfer_time,1779123794.5451677,0.000019367
experiment_name,81daf96a-3b50-47a1-abc9-d25bdbca5c32,function_transfer_time,1779123789.6817255,0.000036925
experiment_name,81daf96a-3b50-47a1-abc9-d25bdbca5c32,function_transfer_time,1779123789.7830703,0.000130002
experiment_name,81daf96a-3b50-47a1-abc9-d25bdbca5c32,function_transfer_time,1779123789.8843274,0.000053107
experiment_name,81daf96a-3b50-47a1-abc9-d25bdbca5c32,function_transfer_time,1779123789.9857178,0.000099464
experiment_name,81daf96a-3b50-47a1-abc9-d25bdbca5c32,function_transfer_time,1779123790.087042,0.000105938
experiment_name,81daf96a-3b50-47a1-abc9-d25bdbca5c32,function_transfer_time,1779123790.1883712,0.000112263
experiment_name,81daf96a-3b50-47a1-abc9-d25bdbca5c32,function_transfer_time,1779123790.2895606,0.000054428
experiment_name,81daf96a-3b50-47a1-abc9-d25bdbca5c32,function_transfer_time,1779123790.3909316,0.000100064
experiment_name,81daf96a-3b50-47a1-abc9-d25bdbca5c32,function_transfer_time,1779123790.4923077,0.000034233
experiment_name,81daf96a-3b50-47a1-abc9-d25bdbca5c32,function_transfer_time,1779123790.593702,0.000104344
experiment_name,81daf96a-3b50-47a1-abc9-d25bdbca5c32,function_transfer_time,1779123790.6950417,0.000051374
experiment_name,81daf96a-3b50-47a1-abc9-d25bdbca5c32,function_transfer_time,1779123790.7963707,0.00010961
experiment_name,81daf96a-3b50-47a1-abc9-d25bdbca5c32,function_transfer_time,1779123790.8977191,0.000130542
experiment_name,81daf96a-3b50-47a1-abc9-d25bdbca5c32,function_transfer_time,1779123790.9990232,0.000119818
experiment_name,81daf96a-3b50-47a1-abc9-d25bdbca5c32,function_transfer_time,1779123791.1003406,0.000109507
experiment_name,81daf96a-3b50-47a1-abc9-d25bdbca5c32,function_transfer_time,1779123791.2016866,0.000112496
experiment_name,81daf96a-3b50-47a1-abc9-d25bdbca5c32,function_transfer_time,1779123791.3029914,0.000122297
experiment_name,81daf96a-3b50-47a1-abc9-d25bdbca5c32,function_transfer_time,1779123791.404308,0.000100831
experiment_name,81daf96a-3b50-47a1-abc9-d25bdbca5c32,function_transfer_time,1779123791.5056114,0.000033647
experiment_name,81daf96a-3b50-47a1-abc9-d25bdbca5c32,function_transfer_time,1779123791.6070824,0.000109728
experiment_name,81daf96a-3b50-47a1-abc9-d25bdbca5c32,function_transfer_time,1779123791.7084367,0.000120529
experiment_name,81daf96a-3b50-47a1-abc9-d25bdbca5c32,function_transfer_time,1779123791.8097363,0.000109943
experiment_name,81daf96a-3b50-47a1-abc9-d25bdbca5c32,function_transfer_time,1779123791.9110944,0.000121644
experiment_name,81daf96a-3b50-47a1-abc9-d25bdbca5c32,function_transfer_time,1779123792.0123158,0.000051462
experiment_name,81daf96a-3b50-47a1-abc9-d25bdbca5c32,function_transfer_time,1779123792.1136503,0.000032151
experiment_name,81daf96a-3b50-47a1-abc9-d25bdbca5c32,function_transfer_time,1779123792.2149205,0.000123172
experiment_name,81daf96a-3b50-47a1-abc9-d25bdbca5c32,function_transfer_time,1779123792.3162344,0.000114787
experiment_name,81daf96a-3b50-47a1-abc9-d25bdbca5c32,function_transfer_time,1779123792.4175742,0.000099855
experiment_name,81daf96a-3b50-47a1-abc9-d25bdbca5c32,function_transfer_time,1779123792.5188782,0.000034561
experiment_name,81daf96a-3b50-47a1-abc9-d25bdbca5c32,function_transfer_time,1779123792.6202838,0.000113754
experiment_name,81daf96a-3b50-47a1-abc9-d25bdbca5c32,function_transfer_time,1779123792.721595,0.000108324
experiment_name,81daf96a-3b50-47a1-abc9-d25bdbca5c32,function_transfer_time,1779123792.8229365,0.000141347
experiment_name,81daf96a-3b50-47a1-abc9-d25bdbca5c32,function_transfer_time,1779123792.9242394,0.000099141
experiment_name,81daf96a-3b50-47a1-abc9-d25bdbca5c32,function_transfer_time,1779123793.0255678,0.000102817
experiment_name,81daf96a-3b50-47a1-abc9-d25bdbca5c32,function_transfer_time,1779123793.1269243,0.000117828
experiment_name,81daf96a-3b50-47a1-abc9-d25bdbca5c32,function_transfer_time,1779123793.2282436,0.000126415
experiment_name,81daf96a-3b50-47a1-abc9-d25bdbca5c32,function_transfer_time,1779123793.329574,0.000102615
experiment_name,81daf96a-3b50-47a1-abc9-d25bdbca5c32,function_transfer_time,1779123793.4309149,0.000130429
experiment_name,81daf96a-3b50-47a1-abc9-d25bdbca5c32,function_transfer_time,1779123793.53223,0.000039583
experiment_name,81daf96a-3b50-47a1-abc9-d25bdbca5c32,function_transfer_time,1779123793.633669,0.000139882
experiment_name,81daf96a-3b50-47a1-abc9-d25bdbca5c32,function_transfer_time,1779123793.7349625,0.000119096
experiment_name,81daf96a-3b50-47a1-abc9-d25bdbca5c32,function_transfer_time,1779123793.836299,0.000120723
experiment_name,81daf96a-3b50-47a1-abc9-d25bdbca5c32,function_transfer_time,1779123793.9375849,0.000102924
experiment_name,81daf96a-3b50-47a1-abc9-d25bdbca5c32,function_transfer_time,1779123794.038935,0.000111457
experiment_name,81daf96a-3b50-47a1-abc9-d25bdbca5c32,function_transfer_time,1779123794.140293,0.00010912
experiment_name,81daf96a-3b50-47a1-abc9-d25bdbca5c32,function_transfer_time,1779123794.2414916,0.00003542
experiment_name,81daf96a-3b50-47a1-abc9-d25bdbca5c32,function_transfer_time,1779123794.3428266,0.000112549
experiment_name,81daf96a-3b50-47a1-abc9-d25bdbca5c32,function_transfer_time,1779123794.4440832,0.000131444
experiment_name,81daf96a-3b50-47a1-abc9-d25bdbca5c32,function_transfer_time,1779123794.5453224,0.000035325
experiment_name,81daf96a-3b50-47a1-abc9-d25bdbca5c32,function_execution_time,1779123794.6470666,0.000167878
experiment_name,81daf96a-3b50-47a1-abc9-d25bdbca5c32,function_execution_time,1779123794.7482889,0.000053789
experiment_name,81daf96a-3b50-47a1-abc9-d25bdbca5c32,function_execution_time,1779123794.8485055,0.000057594
experiment_name,81daf96a-3b50-47a1-abc9-d25bdbca5c32,function_execution_time,1779123794.9498258,0.000053915
experiment_name,81daf96a-3b50-47a1-abc9-d25bdbca5c32,function_execution_time,1779123795.0511043,0.000057226
experiment_name,81daf96a-3b50-47a1-abc9-d25bdbca5c32,function_execution_time,1779123795.1523452,0.000064353
experiment_name,81daf96a-3b50-47a1-abc9-d25bdbca5c32,function_execution_time,1779123795.2536662,0.000067952
experiment_name,81daf96a-3b50-47a1-abc9-d25bdbca5c32,function_execution_time,1779123795.354927,0.000057968
experiment_name,81daf96a-3b50-47a1-abc9-d25bdbca5c32,function_execution_time,1779123795.4562578,0.000074003
experiment_name,81daf96a-3b50-47a1-abc9-d25bdbca5c32,function_execution_time,1779123795.5565422,0.000057126
experiment_name,81daf96a-3b50-47a1-abc9-d25bdbca5c32,function_execution_time,1779123795.6578994,0.000054336
experiment_name,81daf96a-3b50-47a1-abc9-d25bdbca5c32,function_execution_time,1779123795.7592509,0.000056392
experiment_name,81daf96a-3b50-47a1-abc9-d25bdbca5c32,function_execution_time,1779123795.8595781,0.000074456
experiment_name,81daf96a-3b50-47a1-abc9-d25bdbca5c32,function_execution_time,1779123795.9608822,0.000060698
experiment_name,81daf96a-3b50-47a1-abc9-d25bdbca5c32,function_execution_time,1779123796.0622034,0.000058653
experiment_name,81daf96a-3b50-47a1-abc9-d25bdbca5c32,function_execution_time,1779123796.1625183,0.000053131
experiment_name,81daf96a-3b50-47a1-abc9-d25bdbca5c32,function_execution_time,1779123796.2638364,0.000054606
experiment_name,81daf96a-3b50-47a1-abc9-d25bdbca5c32,function_execution_time,1779123796.3651857,0.000065613
experiment_name,81daf96a-3b50-47a1-abc9-d25bdbca5c32,function_execution_time,1779123796.466522,0.00005459
experiment_name,81daf96a-3b50-47a1-abc9-d25bdbca5c32,function_execution_time,1779123796.5678062,0.000055221
experiment_name,81daf96a-3b50-47a1-abc9-d25bdbca5c32,function_execution_time,1779123796.6692188,0.000056395
experiment_name,81daf96a-3b50-47a1-abc9-d25bdbca5c32,function_execution_time,1779123796.7695656,0.000066287
experiment_name,81daf96a-3b50-47a1-abc9-d25bdbca5c32,function_execution_time,1779123796.8708944,0.000059363
experiment_name,81daf96a-3b50-47a1-abc9-d25bdbca5c32,function_execution_time,1779123796.9722745,0.000057353
experiment_name,81daf96a-3b50-47a1-abc9-d25bdbca5c32,function_execution_time,1779123797.072603,0.000053249
experiment_name,81daf96a-3b50-47a1-abc9-d25bdbca5c32,function_execution_time,1779123797.1739228,0.000052312
experiment_name,81daf96a-3b50-47a1-abc9-d25bdbca5c32,function_execution_time,1779123797.2752547,0.000064174
experiment_name,81daf96a-3b50-47a1-abc9-d25bdbca5c32,function_execution_time,1779123797.37559,0.000055761
experiment_name,81daf96a-3b50-47a1-abc9-d25bdbca5c32,function_execution_time,1779123797.476935,0.000052597
experiment_name,81daf96a-3b50-47a1-abc9-d25bdbca5c32,function_execution_time,1779123797.5781825,0.000052782
experiment_name,81daf96a-3b50-47a1-abc9-d25bdbca5c32,function_execution_time,1779123797.6786637,0.000060136
experiment_name,81daf96a-3b50-47a1-abc9-d25bdbca5c32,function_execution_time,1779123797.779982,0.000054957
experiment_name,81daf96a-3b50-47a1-abc9-d25bdbca5c32,function_execution_time,1779123797.8812904,0.000055493
experiment_name,81daf96a-3b50-47a1-abc9-d25bdbca5c32,function_execution_time,1779123797.9816291,0.000053756
experiment_name,81daf96a-3b50-47a1-abc9-d25bdbca5c32,function_execution_time,1779123798.082945,0.000062596
experiment_name,81daf96a-3b50-47a1-abc9-d25bdbca5c32,function_execution_time,1779123798.1842954,0.000056792
experiment_name,81daf96a-3b50-47a1-abc9-d25bdbca5c32,function_execution_time,1779123798.285606,0.000053082
experiment_name,81daf96a-3b50-47a1-abc9-d25bdbca5c32,function_execution_time,1779123798.3869474,0.000056898
experiment_name,81daf96a-3b50-47a1-abc9-d25bdbca5c32,function_execution_time,1779123798.4882586,0.000053644
experiment_name,81daf96a-3b50-47a1-abc9-d25bdbca5c32,function_execution_time,1779123798.588566,0.000061504
experiment_name,81daf96a-3b50-47a1-abc9-d25bdbca5c32,function_execution_time,1779123798.6899426,0.000053267
experiment_name,81daf96a-3b50-47a1-abc9-d25bdbca5c32,function_execution_time,1779123798.791389,0.000053735
experiment_name,81daf96a-3b50-47a1-abc9-d25bdbca5c32,function_execution_time,1779123798.8927255,0.00005403
experiment_name,81daf96a-3b50-47a1-abc9-d25bdbca5c32,function_execution_time,1779123798.9940712,0.000061893
experiment_name,81daf96a-3b50-47a1-abc9-d25bdbca5c32,function_execution_time,1779123799.0953076,0.000053605
experiment_name,81daf96a-3b50-47a1-abc9-d25bdbca5c32,function_execution_time,1779123799.1967328,0.00005344
experiment_name,81daf96a-3b50-47a1-abc9-d25bdbca5c32,function_execution_time,1779123799.2979124,0.000055808
experiment_name,81daf96a-3b50-47a1-abc9-d25bdbca5c32,function_execution_time,1779123799.3993344,0.000053704
experiment_name,81daf96a-3b50-47a1-abc9-d25bdbca5c32,function_execution_time,1779123799.500642,0.00005341
experiment_name,81daf96a-3b50-47a1-abc9-d25bdbca5c32,function_execution_time,1779123799.6019723,0.000059418
experiment_name,080b500d-08d0-4066-98c5-07c6de3f5bae,function_execution_time,1779123794.6470113,0.000188114
experiment_name,080b500d-08d0-4066-98c5-07c6de3f5bae,function_execution_time,1779123794.7481344,0.000069401
experiment_name,080b500d-08d0-4066-98c5-07c6de3f5bae,function_execution_time,1779123794.8484244,0.000068522
experiment_name,080b500d-08d0-4066-98c5-07c6de3f5bae,function_execution_time,1779123794.949669,0.000069069
experiment_name,080b500d-08d0-4066-98c5-07c6de3f5bae,function_execution_time,1779123795.050948,0.000079179
experiment_name,080b500d-08d0-4066-98c5-07c6de3f5bae,function_execution_time,1779123795.1523395,0.000106385
experiment_name,080b500d-08d0-4066-98c5-07c6de3f5bae,function_execution_time,1779123795.2535684,0.000095862
experiment_name,080b500d-08d0-4066-98c5-07c6de3f5bae,function_execution_time,1779123795.3547854,0.000081066
experiment_name,080b500d-08d0-4066-98c5-07c6de3f5bae,function_execution_time,1779123795.4561026,0.000074841
experiment_name,080b500d-08d0-4066-98c5-07c6de3f5bae,function_execution_time,1779123795.55648,0.000182588
experiment_name,080b500d-08d0-4066-98c5-07c6de3f5bae,function_execution_time,1779123795.6577594,0.000075677
experiment_name,080b500d-08d0-4066-98c5-07c6de3f5bae,function_execution_time,1779123795.7591019,0.000084004
experiment_name,080b500d-08d0-4066-98c5-07c6de3f5bae,function_execution_time,1779123795.85942,0.000075836
experiment_name,080b500d-08d0-4066-98c5-07c6de3f5bae,function_execution_time,1779123795.96078,0.000086798
experiment_name,080b500d-08d0-4066-98c5-07c6de3f5bae,function_execution_time,1779123796.0620716,0.000092212
experiment_name,080b500d-08d0-4066-98c5-07c6de3f5bae,function_execution_time,1779123796.1623647,0.000073038
experiment_name,080b500d-08d0-4066-98c5-07c6de3f5bae,function_execution_time,1779123796.2637014,0.000070401
experiment_name,080b500d-08d0-4066-98c5-07c6de3f5bae,function_execution_time,1779123796.3650086,0.000079588
experiment_name,080b500d-08d0-4066-98c5-07c6de3f5bae,function_execution_time,1779123796.4663568,0.000075242
experiment_name,080b500d-08d0-4066-98c5-07c6de3f5bae,function_execution_time,1779123796.567749,0.000146052
experiment_name,080b500d-08d0-4066-98c5-07c6de3f5bae,function_execution_time,1779123796.669051,0.000076851
experiment_name,080b500d-08d0-4066-98c5-07c6de3f5bae,function_execution_time,1779123796.7694795,0.000092599
experiment_name,080b500d-08d0-4066-98c5-07c6de3f5bae,function_execution_time,1779123796.8707266,0.000086516
experiment_name,080b500d-08d0-4066-98c5-07c6de3f5bae,function_execution_time,1779123796.9721146,0.000071251
experiment_name,080b500d-08d0-4066-98c5-07c6de3f5bae,function_execution_time,1779123797.0724473,0.000093355
experiment_name,080b500d-08d0-4066-98c5-07c6de3f5bae,function_execution_time,1779123797.173765,0.00007168
experiment_name,080b500d-08d0-4066-98c5-07c6de3f5bae,function_execution_time,1779123797.2751076,0.000073043
experiment_name,080b500d-08d0-4066-98c5-07c6de3f5bae,function_execution_time,1779123797.3754404,0.00007392
experiment_name,080b500d-08d0-4066-98c5-07c6de3f5bae,function_execution_time,1779123797.4768462,0.000085383
experiment_name,080b500d-08d0-4066-98c5-07c6de3f5bae,function_execution_time,1779123797.5781305,0.000137895
experiment_name,080b500d-08d0-4066-98c5-07c6de3f5bae,function_execution_time,1779123797.6785762,0.000079131
experiment_name,080b500d-08d0-4066-98c5-07c6de3f5bae,function_execution_time,1779123797.7798283,0.000082383
experiment_name,080b500d-08d0-4066-98c5-07c6de3f5bae,function_execution_time,1779123797.8812094,0.000083217
experiment_name,080b500d-08d0-4066-98c5-07c6de3f5bae,function_execution_time,1779123797.9815474,0.000089838
experiment_name,080b500d-08d0-4066-98c5-07c6de3f5bae,function_execution_time,1779123798.0828023,0.000071659
experiment_name,080b500d-08d0-4066-98c5-07c6de3f5bae,function_execution_time,1779123798.184145,0.000083752
experiment_name,080b500d-08d0-4066-98c5-07c6de3f5bae,function_execution_time,1779123798.285454,0.000084532
experiment_name,080b500d-08d0-4066-98c5-07c6de3f5bae,function_execution_time,1779123798.3867779,0.000070435
experiment_name,080b500d-08d0-4066-98c5-07c6de3f5bae,function_execution_time,1779123798.4881053,0.000082809
experiment_name,080b500d-08d0-4066-98c5-07c6de3f5bae,function_execution_time,1779123798.5885031,0.000151732
experiment_name,080b500d-08d0-4066-98c5-07c6de3f5bae,function_execution_time,1779123798.689861,0.000078136
experiment_name,080b500d-08d0-4066-98c5-07c6de3f5bae,function_execution_time,1779123798.791252,0.000073766
experiment_name,080b500d-08d0-4066-98c5-07c6de3f5bae,function_execution_time,1779123798.8925939,0.000082697
experiment_name,080b500d-08d0-4066-98c5-07c6de3f5bae,function_execution_time,1779123798.9939046,0.000073306
experiment_name,080b500d-08d0-4066-98c5-07c6de3f5bae,function_execution_time,1779123799.0952334,0.000070361
experiment_name,080b500d-08d0-4066-98c5-07c6de3f5bae,function_execution_time,1779123799.1965768,0.000070082
experiment_name,080b500d-08d0-4066-98c5-07c6de3f5bae,function_execution_time,1779123799.297834,0.000071121
experiment_name,080b500d-08d0-4066-98c5-07c6de3f5bae,function_execution_time,1779123799.3991764,0.000070461
experiment_name,080b500d-08d0-4066-98c5-07c6de3f5bae,function_execution_time,1779123799.500561,0.000100758
experiment_name,080b500d-08d0-4066-98c5-07c6de3f5bae,function_execution_time,1779123799.6019044,0.000154942
experiment_name,080b500d-08d0-4066-98c5-07c6de3f5bae,function_transfer_time,1779123794.6468222,0.000016973
experiment_name,080b500d-08d0-4066-98c5-07c6de3f5bae,function_transfer_time,1779123794.7480576,0.000018756
experiment_name,080b500d-08d0-4066-98c5-07c6de3f5bae,function_transfer_time,1779123794.8483412,0.000020417
experiment_name,080b500d-08d0-4066-98c5-07c6de3f5bae,function_transfer_time,1779123794.9495914,0.000019597
experiment_name,080b500d-08d0-4066-98c5-07c6de3f5bae,function_transfer_time,1779123795.0508692,0.00002011
experiment_name,080b500d-08d0-4066-98c5-07c6de3f5bae,function_transfer_time,1779123795.15214,0.000031661
experiment_name,080b500d-08d0-4066-98c5-07c6de3f5bae,function_transfer_time,1779123795.2534125,0.000020103
experiment_name,080b500d-08d0-4066-98c5-07c6de3f5bae,function_transfer_time,1779123795.3547032,0.000020018
experiment_name,080b500d-08d0-4066-98c5-07c6de3f5bae,function_transfer_time,1779123795.4560204,0.000079173
experiment_name,080b500d-08d0-4066-98c5-07c6de3f5bae,function_transfer_time,1779123795.5563762,0.00001795
experiment_name,080b500d-08d0-4066-98c5-07c6de3f5bae,function_transfer_time,1779123795.6576774,0.000078425
experiment_name,080b500d-08d0-4066-98c5-07c6de3f5bae,function_transfer_time,1779123795.7590144,0.000081011
experiment_name,080b500d-08d0-4066-98c5-07c6de3f5bae,function_transfer_time,1779123795.8593354,0.00008226
experiment_name,080b500d-08d0-4066-98c5-07c6de3f5bae,function_transfer_time,1779123795.960644,0.000060925
experiment_name,080b500d-08d0-4066-98c5-07c6de3f5bae,function_transfer_time,1779123796.0619705,0.000079114
experiment_name,080b500d-08d0-4066-98c5-07c6de3f5bae,function_transfer_time,1779123796.1622918,0.000080495
experiment_name,080b500d-08d0-4066-98c5-07c6de3f5bae,function_transfer_time,1779123796.2636192,0.000075777
experiment_name,080b500d-08d0-4066-98c5-07c6de3f5bae,function_transfer_time,1779123796.3649247,0.000078037
experiment_name,080b500d-08d0-4066-98c5-07c6de3f5bae,function_transfer_time,1779123796.4662728,0.000087186
experiment_name,080b500d-08d0-4066-98c5-07c6de3f5bae,function_transfer_time,1779123796.5675967,0.000080347
experiment_name,080b500d-08d0-4066-98c5-07c6de3f5bae,function_transfer_time,1779123796.6689668,0.000082733
experiment_name,080b500d-08d0-4066-98c5-07c6de3f5bae,function_transfer_time,1779123796.7693121,0.00008172
experiment_name,080b500d-08d0-4066-98c5-07c6de3f5bae,function_transfer_time,1779123796.8706417,0.000082913
experiment_name,080b500d-08d0-4066-98c5-07c6de3f5bae,function_transfer_time,1779123796.972031,0.00008269
experiment_name,080b500d-08d0-4066-98c5-07c6de3f5bae,function_transfer_time,1779123797.0723543,0.0000901
experiment_name,080b500d-08d0-4066-98c5-07c6de3f5bae,function_transfer_time,1779123797.1736891,0.000082164
experiment_name,080b500d-08d0-4066-98c5-07c6de3f5bae,function_transfer_time,1779123797.2750318,0.000082831
experiment_name,080b500d-08d0-4066-98c5-07c6de3f5bae,function_transfer_time,1779123797.375349,0.000081535
experiment_name,080b500d-08d0-4066-98c5-07c6de3f5bae,function_transfer_time,1779123797.4767056,0.000082361
experiment_name,080b500d-08d0-4066-98c5-07c6de3f5bae,function_transfer_time,1779123797.577991,0.000077572
experiment_name,080b500d-08d0-4066-98c5-07c6de3f5bae,function_transfer_time,1779123797.6784432,0.000079345
experiment_name,080b500d-08d0-4066-98c5-07c6de3f5bae,function_transfer_time,1779123797.7797425,0.00008145
experiment_name,080b500d-08d0-4066-98c5-07c6de3f5bae,function_transfer_time,1779123797.881073,0.000080153
experiment_name,080b500d-08d0-4066-98c5-07c6de3f5bae,function_transfer_time,1779123797.9813917,0.000080168
experiment_name,080b500d-08d0-4066-98c5-07c6de3f5bae,function_transfer_time,1779123798.0827196,0.000087735
experiment_name,080b500d-08d0-4066-98c5-07c6de3f5bae,function_transfer_time,1779123798.1840644,0.000082321
experiment_name,080b500d-08d0-4066-98c5-07c6de3f5bae,function_transfer_time,1779123798.2853694,0.000079273
experiment_name,080b500d-08d0-4066-98c5-07c6de3f5bae,function_transfer_time,1779123798.3866956,0.000077262
experiment_name,080b500d-08d0-4066-98c5-07c6de3f5bae,function_transfer_time,1779123798.4880235,0.000084806
experiment_name,080b500d-08d0-4066-98c5-07c6de3f5bae,function_transfer_time,1779123798.588344,0.000074629
experiment_name,080b500d-08d0-4066-98c5-07c6de3f5bae,function_transfer_time,1779123798.689732,0.000080191
experiment_name,080b500d-08d0-4066-98c5-07c6de3f5bae,function_transfer_time,1779123798.7911713,0.000077979
experiment_name,080b500d-08d0-4066-98c5-07c6de3f5bae,function_transfer_time,1779123798.8925076,0.000082926
experiment_name,080b500d-08d0-4066-98c5-07c6de3f5bae,function_transfer_time,1779123798.9938245,0.000080751
experiment_name,080b500d-08d0-4066-98c5-07c6de3f5bae,function_transfer_time,1779123799.0951498,0.000079102
experiment_name,080b500d-08d0-4066-98c5-07c6de3f5bae,function_transfer_time,1779123799.1964958,0.00007557
experiment_name,080b500d-08d0-4066-98c5-07c6de3f5bae,function_transfer_time,1779123799.2977457,0.000017537
experiment_name,080b500d-08d0-4066-98c5-07c6de3f5bae,function_transfer_time,1779123799.399095,0.000081986
experiment_name,080b500d-08d0-4066-98c5-07c6de3f5bae,function_transfer_time,1779123799.5004036,0.000082091
experiment_name,080b500d-08d0-4066-98c5-07c6de3f5bae,function_transfer_time,1779123799.601745,0.000089082
experiment_name,81daf96a-3b50-47a1-abc9-d25bdbca5c32,function_transfer_time,1779123794.6468918,0.000020307
experiment_name,81daf96a-3b50-47a1-abc9-d25bdbca5c32,function_transfer_time,1779123794.7482343,0.00012426
experiment_name,81daf96a-3b50-47a1-abc9-d25bdbca5c32,function_transfer_time,1779123794.8485029,0.000058473
experiment_name,81daf96a-3b50-47a1-abc9-d25bdbca5c32,function_transfer_time,1779123794.9497707,0.000126501
experiment_name,81daf96a-3b50-47a1-abc9-d25bdbca5c32,function_transfer_time,1779123795.0510466,0.000115296
experiment_name,81daf96a-3b50-47a1-abc9-d25bdbca5c32,function_transfer_time,1779123795.1523428,0.000046802
experiment_name,81daf96a-3b50-47a1-abc9-d25bdbca5c32,function_transfer_time,1779123795.2535934,0.000111994
experiment_name,81daf96a-3b50-47a1-abc9-d25bdbca5c32,function_transfer_time,1779123795.3548675,0.000110784
experiment_name,81daf96a-3b50-47a1-abc9-d25bdbca5c32,function_transfer_time,1779123795.4561837,0.000107072
experiment_name,81daf96a-3b50-47a1-abc9-d25bdbca5c32,function_transfer_time,1779123795.556477,0.000040327
experiment_name,81daf96a-3b50-47a1-abc9-d25bdbca5c32,function_transfer_time,1779123795.6578465,0.00010923
experiment_name,81daf96a-3b50-47a1-abc9-d25bdbca5c32,function_transfer_time,1779123795.7591887,0.000111128
experiment_name,81daf96a-3b50-47a1-abc9-d25bdbca5c32,function_transfer_time,1779123795.8595037,0.000110414
experiment_name,81daf96a-3b50-47a1-abc9-d25bdbca5c32,function_transfer_time,1779123795.9608142,0.000111553
experiment_name,81daf96a-3b50-47a1-abc9-d25bdbca5c32,function_transfer_time,1779123796.06214,0.000109652
experiment_name,81daf96a-3b50-47a1-abc9-d25bdbca5c32,function_transfer_time,1779123796.1624641,0.000117928
experiment_name,81daf96a-3b50-47a1-abc9-d25bdbca5c32,function_transfer_time,1779123796.263778,0.000108708
experiment_name,81daf96a-3b50-47a1-abc9-d25bdbca5c32,function_transfer_time,1779123796.3651195,0.000140176
experiment_name,81daf96a-3b50-47a1-abc9-d25bdbca5c32,function_transfer_time,1779123796.4664674,0.000137365
experiment_name,81daf96a-3b50-47a1-abc9-d25bdbca5c32,function_transfer_time,1779123796.5677514,0.00003684
experiment_name,81daf96a-3b50-47a1-abc9-d25bdbca5c32,function_transfer_time,1779123796.6691628,0.00013695
experiment_name,81daf96a-3b50-47a1-abc9-d25bdbca5c32,function_transfer_time,1779123796.7694857,0.000115314
experiment_name,81daf96a-3b50-47a1-abc9-d25bdbca5c32,function_transfer_time,1779123796.8708353,0.000129333
experiment_name,81daf96a-3b50-47a1-abc9-d25bdbca5c32,function_transfer_time,1779123796.972216,0.000129328
experiment_name,81daf96a-3b50-47a1-abc9-d25bdbca5c32,function_transfer_time,1779123797.0725498,0.000140021
experiment_name,81daf96a-3b50-47a1-abc9-d25bdbca5c32,function_transfer_time,1779123797.1738694,0.000126917
experiment_name,81daf96a-3b50-47a1-abc9-d25bdbca5c32,function_transfer_time,1779123797.275207,0.000106304
experiment_name,81daf96a-3b50-47a1-abc9-d25bdbca5c32,function_transfer_time,1779123797.3755336,0.000126259
experiment_name,81daf96a-3b50-47a1-abc9-d25bdbca5c32,function_transfer_time,1779123797.4768765,0.000111908
experiment_name,81daf96a-3b50-47a1-abc9-d25bdbca5c32,function_transfer_time,1779123797.5781276,0.000025923
experiment_name,81daf96a-3b50-47a1-abc9-d25bdbca5c32,function_transfer_time,1779123797.678597,0.000100863
experiment_name,81daf96a-3b50-47a1-abc9-d25bdbca5c32,function_transfer_time,1779123797.7799258,0.00012771
experiment_name,81daf96a-3b50-47a1-abc9-d25bdbca5c32,function_transfer_time,1779123797.88123,0.000104768
experiment_name,81daf96a-3b50-47a1-abc9-d25bdbca5c32,function_transfer_time,1779123797.9815707,0.000115408
experiment_name,81daf96a-3b50-47a1-abc9-d25bdbca5c32,function_transfer_time,1779123798.0828807,0.000105622
experiment_name,81daf96a-3b50-47a1-abc9-d25bdbca5c32,function_transfer_time,1779123798.184238,0.000109643
experiment_name,81daf96a-3b50-47a1-abc9-d25bdbca5c32,function_transfer_time,1779123798.285553,0.000128488
experiment_name,81daf96a-3b50-47a1-abc9-d25bdbca5c32,function_transfer_time,1779123798.38689,0.000139193
experiment_name,81daf96a-3b50-47a1-abc9-d25bdbca5c32,function_transfer_time,1779123798.488205,0.000126407
experiment_name,81daf96a-3b50-47a1-abc9-d25bdbca5c32,function_transfer_time,1779123798.5885055,0.000034123
experiment_name,81daf96a-3b50-47a1-abc9-d25bdbca5c32,function_transfer_time,1779123798.689881,0.000098655
experiment_name,81daf96a-3b50-47a1-abc9-d25bdbca5c32,function_transfer_time,1779123798.7913342,0.000108151
experiment_name,81daf96a-3b50-47a1-abc9-d25bdbca5c32,function_transfer_time,1779123798.892671,0.000099658
experiment_name,81daf96a-3b50-47a1-abc9-d25bdbca5c32,function_transfer_time,1779123798.994009,0.000128626
experiment_name,81daf96a-3b50-47a1-abc9-d25bdbca5c32,function_transfer_time,1779123799.0952537,0.000048373
experiment_name,81daf96a-3b50-47a1-abc9-d25bdbca5c32,function_transfer_time,1779123799.1966789,0.000128955
experiment_name,81daf96a-3b50-47a1-abc9-d25bdbca5c32,function_transfer_time,1779123799.2978559,0.000052885
experiment_name,81daf96a-3b50-47a1-abc9-d25bdbca5c32,function_transfer_time,1779123799.3992798,0.000130148
experiment_name,81daf96a-3b50-47a1-abc9-d25bdbca5c32,function_transfer_time,1779123799.5005822,0.000105389
experiment_name,81daf96a-3b50-47a1-abc9-d25bdbca5c32,function_transfer_time,1779123799.601907,0.000044263
experiment_name,080b500d-08d0-4066-98c5-07c6de3f5bae,function_execution_time,1779123799.7032309,0.000092431
experiment_name,080b500d-08d0-4066-98c5-07c6de3f5bae,function_execution_time,1779123799.8045259,0.000106385
experiment_name,080b500d-08d0-4066-98c5-07c6de3f5bae,function_execution_time,1779123799.9058049,0.000077874
experiment_name,080b500d-08d0-4066-98c5-07c6de3f5bae,function_execution_time,1779123800.007116,0.000080098
experiment_name,080b500d-08d0-4066-98c5-07c6de3f5bae,function_execution_time,1779123800.1075492,0.000102207
experiment_name,080b500d-08d0-4066-98c5-07c6de3f5bae,function_execution_time,1779123800.2087872,0.000083257
experiment_name,080b500d-08d0-4066-98c5-07c6de3f5bae,function_execution_time,1779123800.3101864,0.000082644
experiment_name,080b500d-08d0-4066-98c5-07c6de3f5bae,function_execution_time,1779123800.4104714,0.000088067
experiment_name,080b500d-08d0-4066-98c5-07c6de3f5bae,function_execution_time,1779123800.5117311,0.000073163
experiment_name,080b500d-08d0-4066-98c5-07c6de3f5bae,function_execution_time,1779123800.6131558,0.000154187
experiment_name,080b500d-08d0-4066-98c5-07c6de3f5bae,function_execution_time,1779123800.713443,0.00007431
experiment_name,080b500d-08d0-4066-98c5-07c6de3f5bae,function_execution_time,1779123800.8147898,0.000085128
experiment_name,080b500d-08d0-4066-98c5-07c6de3f5bae,function_execution_time,1779123800.9160974,0.000072934
experiment_name,080b500d-08d0-4066-98c5-07c6de3f5bae,function_execution_time,1779123801.0164247,0.000069836
experiment_name,080b500d-08d0-4066-98c5-07c6de3f5bae,function_execution_time,1779123801.1177833,0.000082305
experiment_name,080b500d-08d0-4066-98c5-07c6de3f5bae,function_execution_time,1779123801.219098,0.000071234
experiment_name,080b500d-08d0-4066-98c5-07c6de3f5bae,function_execution_time,1779123801.31945,0.000074111
experiment_name,080b500d-08d0-4066-98c5-07c6de3f5bae,function_execution_time,1779123801.4207575,0.00007104
experiment_name,080b500d-08d0-4066-98c5-07c6de3f5bae,function_execution_time,1779123801.5220938,0.000081855
experiment_name,080b500d-08d0-4066-98c5-07c6de3f5bae,function_execution_time,1779123801.6225061,0.000161446
experiment_name,080b500d-08d0-4066-98c5-07c6de3f5bae,function_execution_time,1779123801.723803,0.000074116
experiment_name,080b500d-08d0-4066-98c5-07c6de3f5bae,function_execution_time,1779123801.8251538,0.000083843
experiment_name,080b500d-08d0-4066-98c5-07c6de3f5bae,function_execution_time,1779123801.9265337,0.000096453
experiment_name,080b500d-08d0-4066-98c5-07c6de3f5bae,function_execution_time,1779123802.0278132,0.000071761
experiment_name,080b500d-08d0-4066-98c5-07c6de3f5bae,function_execution_time,1779123802.129133,0.000084171
experiment_name,080b500d-08d0-4066-98c5-07c6de3f5bae,function_execution_time,1779123802.2295103,0.000108646
experiment_name,080b500d-08d0-4066-98c5-07c6de3f5bae,function_execution_time,1779123802.3308291,0.000071797
experiment_name,080b500d-08d0-4066-98c5-07c6de3f5bae,function_execution_time,1779123802.4321566,0.000076371
experiment_name,080b500d-08d0-4066-98c5-07c6de3f5bae,function_execution_time,1779123802.533526,0.000100737
experiment_name,080b500d-08d0-4066-98c5-07c6de3f5bae,function_execution_time,1779123802.634821,0.000144973
experiment_name,080b500d-08d0-4066-98c5-07c6de3f5bae,function_execution_time,1779123802.7361305,0.000076704
experiment_name,080b500d-08d0-4066-98c5-07c6de3f5bae,function_execution_time,1779123802.836397,0.000088396
experiment_name,080b500d-08d0-4066-98c5-07c6de3f5bae,function_execution_time,1779123802.937729,0.000077859
experiment_name,080b500d-08d0-4066-98c5-07c6de3f5bae,function_execution_time,1779123803.039063,0.000073993
experiment_name,080b500d-08d0-4066-98c5-07c6de3f5bae,function_execution_time,1779123803.1393826,0.000070243
experiment_name,080b500d-08d0-4066-98c5-07c6de3f5bae,function_execution_time,1779123803.2406695,0.00007722
experiment_name,080b500d-08d0-4066-98c5-07c6de3f5bae,function_execution_time,1779123803.3420413,0.000080754
experiment_name,080b500d-08d0-4066-98c5-07c6de3f5bae,function_execution_time,1779123803.4433033,0.000074484
experiment_name,080b500d-08d0-4066-98c5-07c6de3f5bae,function_execution_time,1779123803.5447025,0.000081777
experiment_name,080b500d-08d0-4066-98c5-07c6de3f5bae,function_execution_time,1779123803.6460168,0.000144416
experiment_name,080b500d-08d0-4066-98c5-07c6de3f5bae,function_execution_time,1779123803.7473247,0.000070441
experiment_name,080b500d-08d0-4066-98c5-07c6de3f5bae,function_execution_time,1779123803.8486242,0.000074921
experiment_name,080b500d-08d0-4066-98c5-07c6de3f5bae,function_execution_time,1779123803.9498973,0.000080889
experiment_name,080b500d-08d0-4066-98c5-07c6de3f5bae,function_execution_time,1779123804.0512133,0.000072264
experiment_name,080b500d-08d0-4066-98c5-07c6de3f5bae,function_execution_time,1779123804.152477,0.000084023
experiment_name,080b500d-08d0-4066-98c5-07c6de3f5bae,function_execution_time,1779123804.2539835,0.000089583
experiment_name,080b500d-08d0-4066-98c5-07c6de3f5bae,function_execution_time,1779123804.355171,0.000070125
experiment_name,080b500d-08d0-4066-98c5-07c6de3f5bae,function_execution_time,1779123804.456584,0.000089494
experiment_name,080b500d-08d0-4066-98c5-07c6de3f5bae,function_execution_time,1779123804.5577629,0.000069433
experiment_name,81daf96a-3b50-47a1-abc9-d25bdbca5c32,function_execution_time,1779123799.7033489,0.000081964
experiment_name,81daf96a-3b50-47a1-abc9-d25bdbca5c32,function_execution_time,1779123799.804631,0.000063319
experiment_name,81daf96a-3b50-47a1-abc9-d25bdbca5c32,function_execution_time,1779123799.905979,0.000064063
experiment_name,81daf96a-3b50-47a1-abc9-d25bdbca5c32,function_execution_time,1779123800.0072846,0.00006376
experiment_name,81daf96a-3b50-47a1-abc9-d25bdbca5c32,function_execution_time,1779123800.1076477,0.000061623
experiment_name,81daf96a-3b50-47a1-abc9-d25bdbca5c32,function_execution_time,1779123800.2089741,0.000074704
experiment_name,81daf96a-3b50-47a1-abc9-d25bdbca5c32,function_execution_time,1779123800.310272,0.000056106
experiment_name,81daf96a-3b50-47a1-abc9-d25bdbca5c32,function_execution_time,1779123800.4105678,0.000058493
experiment_name,81daf96a-3b50-47a1-abc9-d25bdbca5c32,function_execution_time,1779123800.5118961,0.000062439
experiment_name,81daf96a-3b50-47a1-abc9-d25bdbca5c32,function_execution_time,1779123800.6132183,0.000064782
experiment_name,81daf96a-3b50-47a1-abc9-d25bdbca5c32,function_execution_time,1779123800.7136192,0.000056393
experiment_name,81daf96a-3b50-47a1-abc9-d25bdbca5c32,function_execution_time,1779123800.8149424,0.000053671
experiment_name,81daf96a-3b50-47a1-abc9-d25bdbca5c32,function_execution_time,1779123800.9162624,0.000057904
experiment_name,81daf96a-3b50-47a1-abc9-d25bdbca5c32,function_execution_time,1779123801.016514,0.000056104
experiment_name,81daf96a-3b50-47a1-abc9-d25bdbca5c32,function_execution_time,1779123801.1179442,0.000061335
experiment_name,81daf96a-3b50-47a1-abc9-d25bdbca5c32,function_execution_time,1779123801.2192419,0.000053574
experiment_name,81daf96a-3b50-47a1-abc9-d25bdbca5c32,function_execution_time,1779123801.3196075,0.000053512
experiment_name,81daf96a-3b50-47a1-abc9-d25bdbca5c32,function_execution_time,1779123801.4209127,0.000053214
experiment_name,81daf96a-3b50-47a1-abc9-d25bdbca5c32,function_execution_time,1779123801.5222669,0.000061388
experiment_name,81daf96a-3b50-47a1-abc9-d25bdbca5c32,function_execution_time,1779123801.6225626,0.000054096
experiment_name,81daf96a-3b50-47a1-abc9-d25bdbca5c32,function_execution_time,1779123801.7239578,0.00005404
experiment_name,81daf96a-3b50-47a1-abc9-d25bdbca5c32,function_execution_time,1779123801.8253086,0.00005595
experiment_name,81daf96a-3b50-47a1-abc9-d25bdbca5c32,function_execution_time,1779123801.9266298,0.000060681
experiment_name,81daf96a-3b50-47a1-abc9-d25bdbca5c32,function_execution_time,1779123802.0279691,0.000053554
experiment_name,81daf96a-3b50-47a1-abc9-d25bdbca5c32,function_execution_time,1779123802.129267,0.000055461
experiment_name,81daf96a-3b50-47a1-abc9-d25bdbca5c32,function_execution_time,1779123802.229569,0.000060901
experiment_name,81daf96a-3b50-47a1-abc9-d25bdbca5c32,function_execution_time,1779123802.3309777,0.000057255
experiment_name,81daf96a-3b50-47a1-abc9-d25bdbca5c32,function_execution_time,1779123802.4323182,0.000061075
experiment_name,81daf96a-3b50-47a1-abc9-d25bdbca5c32,function_execution_time,1779123802.5336392,0.000055151
experiment_name,81daf96a-3b50-47a1-abc9-d25bdbca5c32,function_execution_time,1779123802.6348972,0.000077708
experiment_name,81daf96a-3b50-47a1-abc9-d25bdbca5c32,function_execution_time,1779123802.7362878,0.000058684
experiment_name,81daf96a-3b50-47a1-abc9-d25bdbca5c32,function_execution_time,1779123802.8365054,0.000080924
experiment_name,81daf96a-3b50-47a1-abc9-d25bdbca5c32,function_execution_time,1779123802.937889,0.000061592
experiment_name,81daf96a-3b50-47a1-abc9-d25bdbca5c32,function_execution_time,1779123803.0391603,0.00007094
experiment_name,81daf96a-3b50-47a1-abc9-d25bdbca5c32,function_execution_time,1779123803.1395383,0.00005454
experiment_name,81daf96a-3b50-47a1-abc9-d25bdbca5c32,function_execution_time,1779123803.240823,0.000054064
experiment_name,81daf96a-3b50-47a1-abc9-d25bdbca5c32,function_execution_time,1779123803.3421345,0.000057395
experiment_name,81daf96a-3b50-47a1-abc9-d25bdbca5c32,function_execution_time,1779123803.44349,0.000074739
experiment_name,81daf96a-3b50-47a1-abc9-d25bdbca5c32,function_execution_time,1779123803.544767,0.00006291
experiment_name,81daf96a-3b50-47a1-abc9-d25bdbca5c32,function_execution_time,1779123803.646132,0.00005492
experiment_name,81daf96a-3b50-47a1-abc9-d25bdbca5c32,function_execution_time,1779123803.7475111,0.000089363
experiment_name,81daf96a-3b50-47a1-abc9-d25bdbca5c32,function_execution_time,1779123803.8487804,0.000054794
experiment_name,81daf96a-3b50-47a1-abc9-d25bdbca5c32,function_execution_time,1779123803.9500513,0.000061806
experiment_name,81daf96a-3b50-47a1-abc9-d25bdbca5c32,function_execution_time,1779123804.0513618,0.00005555
experiment_name,81daf96a-3b50-47a1-abc9-d25bdbca5c32,function_execution_time,1779123804.1526237,0.000053907
experiment_name,81daf96a-3b50-47a1-abc9-d25bdbca5c32,function_execution_time,1779123804.2540693,0.000055183
experiment_name,81daf96a-3b50-47a1-abc9-d25bdbca5c32,function_execution_time,1779123804.3553185,0.000055063
experiment_name,81daf96a-3b50-47a1-abc9-d25bdbca5c32,function_execution_time,1779123804.4566746,0.000061768
experiment_name,81daf96a-3b50-47a1-abc9-d25bdbca5c32,function_execution_time,1779123804.5579188,0.000053611
experiment_name,080b500d-08d0-4066-98c5-07c6de3f5bae,function_transfer_time,1779123799.7030532,0.000100567
experiment_name,080b500d-08d0-4066-98c5-07c6de3f5bae,function_transfer_time,1779123799.80438,0.000081062
experiment_name,080b500d-08d0-4066-98c5-07c6de3f5bae,function_transfer_time,1779123799.9057193,0.000081194
experiment_name,080b500d-08d0-4066-98c5-07c6de3f5bae,function_transfer_time,1779123800.0070364,0.000082331
experiment_name,080b500d-08d0-4066-98c5-07c6de3f5bae,function_transfer_time,1779123800.1073923,0.000089738
experiment_name,080b500d-08d0-4066-98c5-07c6de3f5bae,function_transfer_time,1779123800.2087047,0.000081724
experiment_name,080b500d-08d0-4066-98c5-07c6de3f5bae,function_transfer_time,1779123800.3100379,0.000077843
experiment_name,080b500d-08d0-4066-98c5-07c6de3f5bae,function_transfer_time,1779123800.410322,0.000081754
experiment_name,080b500d-08d0-4066-98c5-07c6de3f5bae,function_transfer_time,1779123800.5116472,0.000077276
experiment_name,080b500d-08d0-4066-98c5-07c6de3f5bae,function_transfer_time,1779123800.6129937,0.000083506
experiment_name,080b500d-08d0-4066-98c5-07c6de3f5bae,function_transfer_time,1779123800.7133577,0.000086664
experiment_name,080b500d-08d0-4066-98c5-07c6de3f5bae,function_transfer_time,1779123800.8147075,0.000087881
experiment_name,080b500d-08d0-4066-98c5-07c6de3f5bae,function_transfer_time,1779123800.9160204,0.00007788
experiment_name,080b500d-08d0-4066-98c5-07c6de3f5bae,function_transfer_time,1779123801.0163412,0.00008147
experiment_name,080b500d-08d0-4066-98c5-07c6de3f5bae,function_transfer_time,1779123801.1176994,0.000095138
experiment_name,080b500d-08d0-4066-98c5-07c6de3f5bae,function_transfer_time,1779123801.219017,0.000077779
experiment_name,080b500d-08d0-4066-98c5-07c6de3f5bae,function_transfer_time,1779123801.3193593,0.00007825
experiment_name,080b500d-08d0-4066-98c5-07c6de3f5bae,function_transfer_time,1779123801.420675,0.000080653
experiment_name,080b500d-08d0-4066-98c5-07c6de3f5bae,function_transfer_time,1779123801.5220125,0.00007997
experiment_name,080b500d-08d0-4066-98c5-07c6de3f5bae,function_transfer_time,1779123801.6223335,0.000079002
experiment_name,080b500d-08d0-4066-98c5-07c6de3f5bae,function_transfer_time,1779123801.7237236,0.000085861
experiment_name,080b500d-08d0-4066-98c5-07c6de3f5bae,function_transfer_time,1779123801.8250687,0.000082009
experiment_name,080b500d-08d0-4066-98c5-07c6de3f5bae,function_transfer_time,1779123801.926385,0.000081568
experiment_name,080b500d-08d0-4066-98c5-07c6de3f5bae,function_transfer_time,1779123802.0277307,0.000086273
experiment_name,080b500d-08d0-4066-98c5-07c6de3f5bae,function_transfer_time,1779123802.1290495,0.000084473
experiment_name,080b500d-08d0-4066-98c5-07c6de3f5bae,function_transfer_time,1779123802.2293925,0.000094192
experiment_name,080b500d-08d0-4066-98c5-07c6de3f5bae,function_transfer_time,1779123802.3307455,0.000080228
experiment_name,080b500d-08d0-4066-98c5-07c6de3f5bae,function_transfer_time,1779123802.4320729,0.000085624
experiment_name,080b500d-08d0-4066-98c5-07c6de3f5bae,function_transfer_time,1779123802.5334182,0.00008107
experiment_name,080b500d-08d0-4066-98c5-07c6de3f5bae,function_transfer_time,1779123802.634668,0.000023719
experiment_name,080b500d-08d0-4066-98c5-07c6de3f5bae,function_transfer_time,1779123802.736053,0.000084232
experiment_name,080b500d-08d0-4066-98c5-07c6de3f5bae,function_transfer_time,1779123802.8363082,0.000024733
experiment_name,080b500d-08d0-4066-98c5-07c6de3f5bae,function_transfer_time,1779123802.93765,0.000078539
experiment_name,080b500d-08d0-4066-98c5-07c6de3f5bae,function_transfer_time,1779123803.038985,0.000081607
experiment_name,080b500d-08d0-4066-98c5-07c6de3f5bae,function_transfer_time,1779123803.1392968,0.000082595
experiment_name,080b500d-08d0-4066-98c5-07c6de3f5bae,function_transfer_time,1779123803.2405791,0.000021435
experiment_name,080b500d-08d0-4066-98c5-07c6de3f5bae,function_transfer_time,1779123803.341897,0.000081571
experiment_name,080b500d-08d0-4066-98c5-07c6de3f5bae,function_transfer_time,1779123803.443225,0.000081677
experiment_name,080b500d-08d0-4066-98c5-07c6de3f5bae,function_transfer_time,1779123803.5445495,0.000086459
experiment_name,080b500d-08d0-4066-98c5-07c6de3f5bae,function_transfer_time,1779123803.6458669,0.000082584
experiment_name,080b500d-08d0-4066-98c5-07c6de3f5bae,function_transfer_time,1779123803.7472417,0.000074858
experiment_name,080b500d-08d0-4066-98c5-07c6de3f5bae,function_transfer_time,1779123803.8485477,0.000081272
experiment_name,080b500d-08d0-4066-98c5-07c6de3f5bae,function_transfer_time,1779123803.9498148,0.000022404
experiment_name,080b500d-08d0-4066-98c5-07c6de3f5bae,function_transfer_time,1779123804.0511293,0.000084805
experiment_name,080b500d-08d0-4066-98c5-07c6de3f5bae,function_transfer_time,1779123804.1524746,0.000020506
experiment_name,080b500d-08d0-4066-98c5-07c6de3f5bae,function_transfer_time,1779123804.2538283,0.000023242
experiment_name,080b500d-08d0-4066-98c5-07c6de3f5bae,function_transfer_time,1779123804.355082,0.000023043
experiment_name,080b500d-08d0-4066-98c5-07c6de3f5bae,function_transfer_time,1779123804.4564235,0.000076327
experiment_name,080b500d-08d0-4066-98c5-07c6de3f5bae,function_transfer_time,1779123804.5576816,0.000024354
experiment_name,81daf96a-3b50-47a1-abc9-d25bdbca5c32,function_transfer_time,1779123799.7032619,0.000146644
experiment_name,81daf96a-3b50-47a1-abc9-d25bdbca5c32,function_transfer_time,1779123799.8045614,0.000127092
experiment_name,81daf96a-3b50-47a1-abc9-d25bdbca5c32,function_transfer_time,1779123799.9059143,0.000135674
experiment_name,81daf96a-3b50-47a1-abc9-d25bdbca5c32,function_transfer_time,1779123800.0072203,0.000123772
experiment_name,81daf96a-3b50-47a1-abc9-d25bdbca5c32,function_transfer_time,1779123800.107582,0.000115238
experiment_name,81daf96a-3b50-47a1-abc9-d25bdbca5c32,function_transfer_time,1779123800.208899,0.000132889
experiment_name,81daf96a-3b50-47a1-abc9-d25bdbca5c32,function_transfer_time,1779123800.3102088,0.000115702
experiment_name,81daf96a-3b50-47a1-abc9-d25bdbca5c32,function_transfer_time,1779123800.4105017,0.000124584
experiment_name,81daf96a-3b50-47a1-abc9-d25bdbca5c32,function_transfer_time,1779123800.5118327,0.000128312
experiment_name,81daf96a-3b50-47a1-abc9-d25bdbca5c32,function_transfer_time,1779123800.613153,0.000033723
experiment_name,81daf96a-3b50-47a1-abc9-d25bdbca5c32,function_transfer_time,1779123800.7135632,0.000149588
experiment_name,81daf96a-3b50-47a1-abc9-d25bdbca5c32,function_transfer_time,1779123800.8148878,0.00011563
experiment_name,81daf96a-3b50-47a1-abc9-d25bdbca5c32,function_transfer_time,1779123800.9162042,0.000127755
experiment_name,81daf96a-3b50-47a1-abc9-d25bdbca5c32,function_transfer_time,1779123801.0164437,0.00005808
experiment_name,81daf96a-3b50-47a1-abc9-d25bdbca5c32,function_transfer_time,1779123801.1178832,0.000127232
experiment_name,81daf96a-3b50-47a1-abc9-d25bdbca5c32,function_transfer_time,1779123801.2191877,0.00011585
experiment_name,81daf96a-3b50-47a1-abc9-d25bdbca5c32,function_transfer_time,1779123801.3195539,0.000138413
experiment_name,81daf96a-3b50-47a1-abc9-d25bdbca5c32,function_transfer_time,1779123801.4208589,0.000128398
experiment_name,81daf96a-3b50-47a1-abc9-d25bdbca5c32,function_transfer_time,1779123801.5222056,0.000128807
experiment_name,81daf96a-3b50-47a1-abc9-d25bdbca5c32,function_transfer_time,1779123801.6225028,0.000033517
experiment_name,81daf96a-3b50-47a1-abc9-d25bdbca5c32,function_transfer_time,1779123801.7239037,0.000122905
experiment_name,81daf96a-3b50-47a1-abc9-d25bdbca5c32,function_transfer_time,1779123801.8252516,0.000118166
experiment_name,81daf96a-3b50-47a1-abc9-d25bdbca5c32,function_transfer_time,1779123801.9265652,0.00012821
experiment_name,81daf96a-3b50-47a1-abc9-d25bdbca5c32,function_transfer_time,1779123802.0279155,0.00012783
experiment_name,81daf96a-3b50-47a1-abc9-d25bdbca5c32,function_transfer_time,1779123802.1292117,0.000103377
experiment_name,81daf96a-3b50-47a1-abc9-d25bdbca5c32,function_transfer_time,1779123802.2295074,0.000035432
experiment_name,81daf96a-3b50-47a1-abc9-d25bdbca5c32,function_transfer_time,1779123802.3309202,0.000117957
experiment_name,81daf96a-3b50-47a1-abc9-d25bdbca5c32,function_transfer_time,1779123802.4322555,0.000124782
experiment_name,81daf96a-3b50-47a1-abc9-d25bdbca5c32,function_transfer_time,1779123802.5335774,0.000086931
experiment_name,81daf96a-3b50-47a1-abc9-d25bdbca5c32,function_transfer_time,1779123802.6348174,0.000030293
experiment_name,81daf96a-3b50-47a1-abc9-d25bdbca5c32,function_transfer_time,1779123802.7362287,0.000118179
experiment_name,81daf96a-3b50-47a1-abc9-d25bdbca5c32,function_transfer_time,1779123802.8364682,0.00005686
experiment_name,81daf96a-3b50-47a1-abc9-d25bdbca5c32,function_transfer_time,1779123802.9378273,0.000118896
experiment_name,81daf96a-3b50-47a1-abc9-d25bdbca5c32,function_transfer_time,1779123803.0391347,0.000046963
experiment_name,81daf96a-3b50-47a1-abc9-d25bdbca5c32,function_transfer_time,1779123803.1394832,0.000131325
experiment_name,81daf96a-3b50-47a1-abc9-d25bdbca5c32,function_transfer_time,1779123803.2407684,0.000126417
experiment_name,81daf96a-3b50-47a1-abc9-d25bdbca5c32,function_transfer_time,1779123803.3420718,0.000118874
experiment_name,81daf96a-3b50-47a1-abc9-d25bdbca5c32,function_transfer_time,1779123803.4434135,0.000130854
experiment_name,81daf96a-3b50-47a1-abc9-d25bdbca5c32,function_transfer_time,1779123803.5447056,0.000100447
experiment_name,81daf96a-3b50-47a1-abc9-d25bdbca5c32,function_transfer_time,1779123803.646068,0.000088614
experiment_name,81daf96a-3b50-47a1-abc9-d25bdbca5c32,function_transfer_time,1779123803.7474196,0.000121967
experiment_name,81daf96a-3b50-47a1-abc9-d25bdbca5c32,function_transfer_time,1779123803.848725,0.000121004
experiment_name,81daf96a-3b50-47a1-abc9-d25bdbca5c32,function_transfer_time,1779123803.949989,0.000111977
experiment_name,81daf96a-3b50-47a1-abc9-d25bdbca5c32,function_transfer_time,1779123804.0513053,0.000119021
experiment_name,81daf96a-3b50-47a1-abc9-d25bdbca5c32,function_transfer_time,1779123804.1525707,0.000113902
experiment_name,81daf96a-3b50-47a1-abc9-d25bdbca5c32,function_transfer_time,1779123804.254006,0.000123804
experiment_name,81daf96a-3b50-47a1-abc9-d25bdbca5c32,function_transfer_time,1779123804.3552635,0.000125517
experiment_name,81daf96a-3b50-47a1-abc9-d25bdbca5c32,function_transfer_time,1779123804.4566073,0.000119458
experiment_name,81daf96a-3b50-47a1-abc9-d25bdbca5c32,function_transfer_time,1779123804.5578644,0.000128076
experiment_name,080b500d-08d0-4066-98c5-07c6de3f5bae,function_execution_time,1779123804.6591108,0.000170564
experiment_name,080b500d-08d0-4066-98c5-07c6de3f5bae,function_execution_time,1779123804.7593927,0.000075605
experiment_name,080b500d-08d0-4066-98c5-07c6de3f5bae,function_execution_time,1779123804.860717,0.000072538
experiment_name,080b500d-08d0-4066-98c5-07c6de3f5bae,function_execution_time,1779123804.9621284,0.000084472
experiment_name,080b500d-08d0-4066-98c5-07c6de3f5bae,function_execution_time,1779123805.063359,0.00007423
experiment_name,080b500d-08d0-4066-98c5-07c6de3f5bae,function_execution_time,1779123805.1647348,0.00007065
experiment_name,080b500d-08d0-4066-98c5-07c6de3f5bae,function_execution_time,1779123805.2660484,0.000106651
experiment_name,080b500d-08d0-4066-98c5-07c6de3f5bae,function_execution_time,1779123805.3673568,0.000072471
experiment_name,080b500d-08d0-4066-98c5-07c6de3f5bae,function_execution_time,1779123805.4686775,0.00006709
experiment_name,080b500d-08d0-4066-98c5-07c6de3f5bae,function_execution_time,1779123805.569918,0.000080876
experiment_name,080b500d-08d0-4066-98c5-07c6de3f5bae,function_execution_time,1779123805.6713393,0.000152355
experiment_name,080b500d-08d0-4066-98c5-07c6de3f5bae,function_execution_time,1779123805.7726212,0.000071942
experiment_name,080b500d-08d0-4066-98c5-07c6de3f5bae,function_execution_time,1779123805.873961,0.000085059
experiment_name,080b500d-08d0-4066-98c5-07c6de3f5bae,function_execution_time,1779123805.9752238,0.000072365
experiment_name,080b500d-08d0-4066-98c5-07c6de3f5bae,function_execution_time,1779123806.0765636,0.000089532
experiment_name,080b500d-08d0-4066-98c5-07c6de3f5bae,function_execution_time,1779123806.17776,0.000068439
experiment_name,080b500d-08d0-4066-98c5-07c6de3f5bae,function_execution_time,1779123806.2790053,0.000080046
experiment_name,080b500d-08d0-4066-98c5-07c6de3f5bae,function_execution_time,1779123806.3793788,0.000067751
experiment_name,080b500d-08d0-4066-98c5-07c6de3f5bae,function_execution_time,1779123806.4806347,0.000069366
experiment_name,080b500d-08d0-4066-98c5-07c6de3f5bae,function_execution_time,1779123806.5819557,0.000086031
experiment_name,080b500d-08d0-4066-98c5-07c6de3f5bae,function_execution_time,1779123806.6832361,0.000140298
experiment_name,080b500d-08d0-4066-98c5-07c6de3f5bae,function_execution_time,1779123806.7845364,0.000098451
experiment_name,080b500d-08d0-4066-98c5-07c6de3f5bae,function_execution_time,1779123806.885754,0.000082282
experiment_name,080b500d-08d0-4066-98c5-07c6de3f5bae,function_execution_time,1779123806.9870126,0.000070745
experiment_name,080b500d-08d0-4066-98c5-07c6de3f5bae,function_execution_time,1779123807.088274,0.000047346
experiment_name,080b500d-08d0-4066-98c5-07c6de3f5bae,function_execution_time,1779123807.1895812,0.000072877
experiment_name,080b500d-08d0-4066-98c5-07c6de3f5bae,function_execution_time,1779123807.2908661,0.000092667
experiment_name,080b500d-08d0-4066-98c5-07c6de3f5bae,function_execution_time,1779123807.392183,0.000074064
experiment_name,080b500d-08d0-4066-98c5-07c6de3f5bae,function_execution_time,1779123807.4935565,0.000093575
experiment_name,080b500d-08d0-4066-98c5-07c6de3f5bae,function_execution_time,1779123807.594898,0.000086796
experiment_name,080b500d-08d0-4066-98c5-07c6de3f5bae,function_execution_time,1779123807.6962106,0.000149452
experiment_name,080b500d-08d0-4066-98c5-07c6de3f5bae,function_execution_time,1779123807.7974532,0.000075769
experiment_name,080b500d-08d0-4066-98c5-07c6de3f5bae,function_execution_time,1779123807.8987951,0.000078195
experiment_name,080b500d-08d0-4066-98c5-07c6de3f5bae,function_execution_time,1779123808.0001817,0.000085162
experiment_name,080b500d-08d0-4066-98c5-07c6de3f5bae,function_execution_time,1779123808.1004958,0.000092517
experiment_name,080b500d-08d0-4066-98c5-07c6de3f5bae,function_execution_time,1779123808.2018976,0.000075061
experiment_name,080b500d-08d0-4066-98c5-07c6de3f5bae,function_execution_time,1779123808.3033032,0.000085887
experiment_name,080b500d-08d0-4066-98c5-07c6de3f5bae,function_execution_time,1779123808.404551,0.000070791
experiment_name,080b500d-08d0-4066-98c5-07c6de3f5bae,function_execution_time,1779123808.50588,0.000073578
experiment_name,080b500d-08d0-4066-98c5-07c6de3f5bae,function_execution_time,1779123808.6072237,0.000073141
experiment_name,080b500d-08d0-4066-98c5-07c6de3f5bae,function_execution_time,1779123808.708644,0.000172016
experiment_name,080b500d-08d0-4066-98c5-07c6de3f5bae,function_execution_time,1779123808.8098962,0.000073035
experiment_name,080b500d-08d0-4066-98c5-07c6de3f5bae,function_execution_time,1779123808.911195,0.000072022
experiment_name,080b500d-08d0-4066-98c5-07c6de3f5bae,function_execution_time,1779123809.0125954,0.000082407
experiment_name,080b500d-08d0-4066-98c5-07c6de3f5bae,function_execution_time,1779123809.1139832,0.000070147
experiment_name,080b500d-08d0-4066-98c5-07c6de3f5bae,function_execution_time,1779123809.2153006,0.000071147
experiment_name,080b500d-08d0-4066-98c5-07c6de3f5bae,function_execution_time,1779123809.3165674,0.000071385
experiment_name,080b500d-08d0-4066-98c5-07c6de3f5bae,function_execution_time,1779123809.4178758,0.000076454
experiment_name,080b500d-08d0-4066-98c5-07c6de3f5bae,function_execution_time,1779123809.519221,0.000076051
experiment_name,080b500d-08d0-4066-98c5-07c6de3f5bae,function_execution_time,1779123809.6205454,0.000077747
experiment_name,81daf96a-3b50-47a1-abc9-d25bdbca5c32,function_execution_time,1779123804.6591697,0.000061894
experiment_name,81daf96a-3b50-47a1-abc9-d25bdbca5c32,function_execution_time,1779123804.7595472,0.0000543
experiment_name,81daf96a-3b50-47a1-abc9-d25bdbca5c32,function_execution_time,1779123804.8608847,0.000064953
experiment_name,81daf96a-3b50-47a1-abc9-d25bdbca5c32,function_execution_time,1779123804.962191,0.0000558
experiment_name,81daf96a-3b50-47a1-abc9-d25bdbca5c32,function_execution_time,1779123805.0635173,0.000054324
experiment_name,81daf96a-3b50-47a1-abc9-d25bdbca5c32,function_execution_time,1779123805.1648135,0.000060421
experiment_name,81daf96a-3b50-47a1-abc9-d25bdbca5c32,function_execution_time,1779123805.2661433,0.000068124
experiment_name,81daf96a-3b50-47a1-abc9-d25bdbca5c32,function_execution_time,1779123805.3675241,0.000063059
experiment_name,81daf96a-3b50-47a1-abc9-d25bdbca5c32,function_execution_time,1779123805.4687579,0.000054536
experiment_name,81daf96a-3b50-47a1-abc9-d25bdbca5c32,function_execution_time,1779123805.5700562,0.000057544
experiment_name,81daf96a-3b50-47a1-abc9-d25bdbca5c32,function_execution_time,1779123805.6713927,0.00005509
experiment_name,81daf96a-3b50-47a1-abc9-d25bdbca5c32,function_execution_time,1779123805.7727773,0.000059358
experiment_name,81daf96a-3b50-47a1-abc9-d25bdbca5c32,function_execution_time,1779123805.8741055,0.000064978
experiment_name,81daf96a-3b50-47a1-abc9-d25bdbca5c32,function_execution_time,1779123805.9753635,0.00005568
experiment_name,81daf96a-3b50-47a1-abc9-d25bdbca5c32,function_execution_time,1779123806.0766523,0.00005744
experiment_name,81daf96a-3b50-47a1-abc9-d25bdbca5c32,function_execution_time,1779123806.177917,0.000058606
experiment_name,81daf96a-3b50-47a1-abc9-d25bdbca5c32,function_execution_time,1779123806.279098,0.000066569
experiment_name,81daf96a-3b50-47a1-abc9-d25bdbca5c32,function_execution_time,1779123806.3795297,0.000056869
experiment_name,81daf96a-3b50-47a1-abc9-d25bdbca5c32,function_execution_time,1779123806.4807196,0.000060612
experiment_name,81daf96a-3b50-47a1-abc9-d25bdbca5c32,function_execution_time,1779123806.582042,0.000056464
experiment_name,81daf96a-3b50-47a1-abc9-d25bdbca5c32,function_execution_time,1779123806.6832957,0.000063039
experiment_name,81daf96a-3b50-47a1-abc9-d25bdbca5c32,function_execution_time,1779123806.7846115,0.000055638
experiment_name,81daf96a-3b50-47a1-abc9-d25bdbca5c32,function_execution_time,1779123806.8858378,0.000061136
experiment_name,81daf96a-3b50-47a1-abc9-d25bdbca5c32,function_execution_time,1779123806.9871712,0.000056097
experiment_name,81daf96a-3b50-47a1-abc9-d25bdbca5c32,function_execution_time,1779123807.0884118,0.00005538
experiment_name,81daf96a-3b50-47a1-abc9-d25bdbca5c32,function_execution_time,1779123807.1897237,0.000061272
experiment_name,81daf96a-3b50-47a1-abc9-d25bdbca5c32,function_execution_time,1779123807.290926,0.000055452
experiment_name,81daf96a-3b50-47a1-abc9-d25bdbca5c32,function_execution_time,1779123807.3923416,0.00005791
experiment_name,81daf96a-3b50-47a1-abc9-d25bdbca5c32,function_execution_time,1779123807.4935737,0.000059449
experiment_name,81daf96a-3b50-47a1-abc9-d25bdbca5c32,function_execution_time,1779123807.595005,0.000066629
experiment_name,81daf96a-3b50-47a1-abc9-d25bdbca5c32,function_execution_time,1779123807.6962633,0.000054918
experiment_name,81daf96a-3b50-47a1-abc9-d25bdbca5c32,function_execution_time,1779123807.7975345,0.000061049
experiment_name,81daf96a-3b50-47a1-abc9-d25bdbca5c32,function_execution_time,1779123807.898884,0.000062189
experiment_name,81daf96a-3b50-47a1-abc9-d25bdbca5c32,function_execution_time,1779123808.0002687,0.000058801
experiment_name,81daf96a-3b50-47a1-abc9-d25bdbca5c32,function_execution_time,1779123808.1006036,0.000063036
experiment_name,81daf96a-3b50-47a1-abc9-d25bdbca5c32,function_execution_time,1779123808.2020545,0.000053836
experiment_name,81daf96a-3b50-47a1-abc9-d25bdbca5c32,function_execution_time,1779123808.303308,0.000057324
experiment_name,81daf96a-3b50-47a1-abc9-d25bdbca5c32,function_execution_time,1779123808.404706,0.000053632
experiment_name,81daf96a-3b50-47a1-abc9-d25bdbca5c32,function_execution_time,1779123808.505975,0.00006905
experiment_name,81daf96a-3b50-47a1-abc9-d25bdbca5c32,function_execution_time,1779123808.6073828,0.000055625
experiment_name,81daf96a-3b50-47a1-abc9-d25bdbca5c32,function_execution_time,1779123808.7086985,0.000056829
experiment_name,81daf96a-3b50-47a1-abc9-d25bdbca5c32,function_execution_time,1779123808.8099768,0.000057421
experiment_name,81daf96a-3b50-47a1-abc9-d25bdbca5c32,function_execution_time,1779123808.9113495,0.000054695
experiment_name,81daf96a-3b50-47a1-abc9-d25bdbca5c32,function_execution_time,1779123809.0126963,0.000061694
experiment_name,81daf96a-3b50-47a1-abc9-d25bdbca5c32,function_execution_time,1779123809.1141448,0.000053559
experiment_name,81daf96a-3b50-47a1-abc9-d25bdbca5c32,function_execution_time,1779123809.215466,0.000068554
experiment_name,81daf96a-3b50-47a1-abc9-d25bdbca5c32,function_execution_time,1779123809.316723,0.000054514
experiment_name,81daf96a-3b50-47a1-abc9-d25bdbca5c32,function_execution_time,1779123809.4180226,0.000062898
experiment_name,81daf96a-3b50-47a1-abc9-d25bdbca5c32,function_execution_time,1779123809.5193706,0.000055435
experiment_name,81daf96a-3b50-47a1-abc9-d25bdbca5c32,function_execution_time,1779123809.6207094,0.000057396
experiment_name,81daf96a-3b50-47a1-abc9-d25bdbca5c32,function_transfer_time,1779123804.6591067,0.000035185
experiment_name,81daf96a-3b50-47a1-abc9-d25bdbca5c32,function_transfer_time,1779123804.7594929,0.000120604
experiment_name,81daf96a-3b50-47a1-abc9-d25bdbca5c32,function_transfer_time,1779123804.860819,0.000129673
experiment_name,81daf96a-3b50-47a1-abc9-d25bdbca5c32,function_transfer_time,1779123804.9621315,0.000104415
experiment_name,81daf96a-3b50-47a1-abc9-d25bdbca5c32,function_transfer_time,1779123805.0634615,0.000129782
experiment_name,81daf96a-3b50-47a1-abc9-d25bdbca5c32,function_transfer_time,1779123805.1648107,0.000053321
experiment_name,81daf96a-3b50-47a1-abc9-d25bdbca5c32,function_transfer_time,1779123805.2660646,0.000066598
experiment_name,81daf96a-3b50-47a1-abc9-d25bdbca5c32,function_transfer_time,1779123805.3674624,0.000130494
experiment_name,81daf96a-3b50-47a1-abc9-d25bdbca5c32,function_transfer_time,1779123805.4686987,0.000104382
experiment_name,81daf96a-3b50-47a1-abc9-d25bdbca5c32,function_transfer_time,1779123805.5700085,0.000103733
experiment_name,81daf96a-3b50-47a1-abc9-d25bdbca5c32,function_transfer_time,1779123805.6713367,0.000033384
experiment_name,81daf96a-3b50-47a1-abc9-d25bdbca5c32,function_transfer_time,1779123805.7727103,0.000122632
experiment_name,81daf96a-3b50-47a1-abc9-d25bdbca5c32,function_transfer_time,1779123805.8740525,0.000108836
experiment_name,81daf96a-3b50-47a1-abc9-d25bdbca5c32,function_transfer_time,1779123805.9753084,0.000106813
experiment_name,81daf96a-3b50-47a1-abc9-d25bdbca5c32,function_transfer_time,1779123806.0765862,0.000116757
experiment_name,81daf96a-3b50-47a1-abc9-d25bdbca5c32,function_transfer_time,1779123806.1778507,0.00012349
experiment_name,81daf96a-3b50-47a1-abc9-d25bdbca5c32,function_transfer_time,1779123806.279082,0.000039781
experiment_name,81daf96a-3b50-47a1-abc9-d25bdbca5c32,function_transfer_time,1779123806.3794734,0.000120005
experiment_name,81daf96a-3b50-47a1-abc9-d25bdbca5c32,function_transfer_time,1779123806.4807036,0.000054227
experiment_name,81daf96a-3b50-47a1-abc9-d25bdbca5c32,function_transfer_time,1779123806.5819786,0.000102913
experiment_name,81daf96a-3b50-47a1-abc9-d25bdbca5c32,function_transfer_time,1779123806.6832328,0.000030434
experiment_name,81daf96a-3b50-47a1-abc9-d25bdbca5c32,function_transfer_time,1779123806.7845492,0.000096969
experiment_name,81daf96a-3b50-47a1-abc9-d25bdbca5c32,function_transfer_time,1779123806.8858345,0.000052564
experiment_name,81daf96a-3b50-47a1-abc9-d25bdbca5c32,function_transfer_time,1779123806.9871147,0.000128849
experiment_name,81daf96a-3b50-47a1-abc9-d25bdbca5c32,function_transfer_time,1779123807.0883548,0.000126551
experiment_name,81daf96a-3b50-47a1-abc9-d25bdbca5c32,function_transfer_time,1779123807.1896617,0.000103687
experiment_name,81daf96a-3b50-47a1-abc9-d25bdbca5c32,function_transfer_time,1779123807.2908683,0.000038392
experiment_name,81daf96a-3b50-47a1-abc9-d25bdbca5c32,function_transfer_time,1779123807.3922842,0.000123309
experiment_name,81daf96a-3b50-47a1-abc9-d25bdbca5c32,function_transfer_time,1779123807.493559,0.000032299
experiment_name,81daf96a-3b50-47a1-abc9-d25bdbca5c32,function_transfer_time,1779123807.5949316,0.000129549
experiment_name,81daf96a-3b50-47a1-abc9-d25bdbca5c32,function_transfer_time,1779123807.696208,0.000031784
experiment_name,81daf96a-3b50-47a1-abc9-d25bdbca5c32,function_transfer_time,1779123807.7975316,0.000059869
experiment_name,81daf96a-3b50-47a1-abc9-d25bdbca5c32,function_transfer_time,1779123807.8988678,0.00004779
experiment_name,81daf96a-3b50-47a1-abc9-d25bdbca5c32,function_transfer_time,1779123808.000205,0.000114341
experiment_name,81daf96a-3b50-47a1-abc9-d25bdbca5c32,function_transfer_time,1779123808.1005347,0.00011244
experiment_name,81daf96a-3b50-47a1-abc9-d25bdbca5c32,function_transfer_time,1779123808.2020006,0.00012169
experiment_name,81daf96a-3b50-47a1-abc9-d25bdbca5c32,function_transfer_time,1779123808.303306,0.000041092
experiment_name,81daf96a-3b50-47a1-abc9-d25bdbca5c32,function_transfer_time,1779123808.4046519,0.000131013
experiment_name,81daf96a-3b50-47a1-abc9-d25bdbca5c32,function_transfer_time,1779123808.5059543,0.000047631
experiment_name,81daf96a-3b50-47a1-abc9-d25bdbca5c32,function_transfer_time,1779123808.6073267,0.000129681
experiment_name,81daf96a-3b50-47a1-abc9-d25bdbca5c32,function_transfer_time,1779123808.7086408,0.000036401
experiment_name,81daf96a-3b50-47a1-abc9-d25bdbca5c32,function_transfer_time,1779123808.8099186,0.000052002
experiment_name,81daf96a-3b50-47a1-abc9-d25bdbca5c32,function_transfer_time,1779123808.9112937,0.000122324
experiment_name,81daf96a-3b50-47a1-abc9-d25bdbca5c32,function_transfer_time,1779123809.012626,0.000123536
experiment_name,81daf96a-3b50-47a1-abc9-d25bdbca5c32,function_transfer_time,1779123809.1140895,0.00013081
experiment_name,81daf96a-3b50-47a1-abc9-d25bdbca5c32,function_transfer_time,1779123809.215396,0.000122497
experiment_name,81daf96a-3b50-47a1-abc9-d25bdbca5c32,function_transfer_time,1779123809.316668,0.000123254
experiment_name,81daf96a-3b50-47a1-abc9-d25bdbca5c32,function_transfer_time,1779123809.417953,0.000109058
experiment_name,81daf96a-3b50-47a1-abc9-d25bdbca5c32,function_transfer_time,1779123809.5193143,0.000110945
experiment_name,81daf96a-3b50-47a1-abc9-d25bdbca5c32,function_transfer_time,1779123809.6206515,0.000129203
experiment_name,080b500d-08d0-4066-98c5-07c6de3f5bae,function_transfer_time,1779123804.6589308,0.000080846
experiment_name,080b500d-08d0-4066-98c5-07c6de3f5bae,function_transfer_time,1779123804.759317,0.000082533
experiment_name,080b500d-08d0-4066-98c5-07c6de3f5bae,function_transfer_time,1779123804.860633,0.000080336
experiment_name,080b500d-08d0-4066-98c5-07c6de3f5bae,function_transfer_time,1779123804.961968,0.000078146
experiment_name,080b500d-08d0-4066-98c5-07c6de3f5bae,function_transfer_time,1779123805.0632763,0.00007888
experiment_name,080b500d-08d0-4066-98c5-07c6de3f5bae,function_transfer_time,1779123805.164651,0.000075949
experiment_name,080b500d-08d0-4066-98c5-07c6de3f5bae,function_transfer_time,1779123805.2659378,0.000039333
experiment_name,080b500d-08d0-4066-98c5-07c6de3f5bae,function_transfer_time,1779123805.3672736,0.000079171
experiment_name,080b500d-08d0-4066-98c5-07c6de3f5bae,function_transfer_time,1779123805.4685528,0.00002567
experiment_name,080b500d-08d0-4066-98c5-07c6de3f5bae,function_transfer_time,1779123805.5698333,0.000077619
experiment_name,080b500d-08d0-4066-98c5-07c6de3f5bae,function_transfer_time,1779123805.671178,0.00007993
experiment_name,080b500d-08d0-4066-98c5-07c6de3f5bae,function_transfer_time,1779123805.7725353,0.000075174
experiment_name,080b500d-08d0-4066-98c5-07c6de3f5bae,function_transfer_time,1779123805.8738778,0.000083166
experiment_name,080b500d-08d0-4066-98c5-07c6de3f5bae,function_transfer_time,1779123805.9751437,0.000028735
experiment_name,080b500d-08d0-4066-98c5-07c6de3f5bae,function_transfer_time,1779123806.0764089,0.000018651
experiment_name,080b500d-08d0-4066-98c5-07c6de3f5bae,function_transfer_time,1779123806.1776762,0.000017673
experiment_name,080b500d-08d0-4066-98c5-07c6de3f5bae,function_transfer_time,1779123806.2789285,0.000017949
experiment_name,080b500d-08d0-4066-98c5-07c6de3f5bae,function_transfer_time,1779123806.379299,0.000019255
experiment_name,080b500d-08d0-4066-98c5-07c6de3f5bae,function_transfer_time,1779123806.4805493,0.00001831
experiment_name,080b500d-08d0-4066-98c5-07c6de3f5bae,function_transfer_time,1779123806.581817,0.000018364
experiment_name,080b500d-08d0-4066-98c5-07c6de3f5bae,function_transfer_time,1779123806.6830852,0.00001993
experiment_name,080b500d-08d0-4066-98c5-07c6de3f5bae,function_transfer_time,1779123806.7843876,0.000019901
experiment_name,080b500d-08d0-4066-98c5-07c6de3f5bae,function_transfer_time,1779123806.8856728,0.000020228
experiment_name,080b500d-08d0-4066-98c5-07c6de3f5bae,function_transfer_time,1779123806.9869294,0.000019895
experiment_name,080b500d-08d0-4066-98c5-07c6de3f5bae,function_transfer_time,1779123807.0881925,0.000016331
experiment_name,080b500d-08d0-4066-98c5-07c6de3f5bae,function_transfer_time,1779123807.1895034,0.000080547
experiment_name,080b500d-08d0-4066-98c5-07c6de3f5bae,function_transfer_time,1779123807.2907658,0.000020397
experiment_name,080b500d-08d0-4066-98c5-07c6de3f5bae,function_transfer_time,1779123807.3921037,0.000081828
experiment_name,080b500d-08d0-4066-98c5-07c6de3f5bae,function_transfer_time,1779123807.4934106,0.00007885
experiment_name,080b500d-08d0-4066-98c5-07c6de3f5bae,function_transfer_time,1779123807.594749,0.000083855
experiment_name,080b500d-08d0-4066-98c5-07c6de3f5bae,function_transfer_time,1779123807.6960547,0.000083075
experiment_name,080b500d-08d0-4066-98c5-07c6de3f5bae,function_transfer_time,1779123807.7973604,0.000019313
experiment_name,080b500d-08d0-4066-98c5-07c6de3f5bae,function_transfer_time,1779123807.8987157,0.000077293
experiment_name,080b500d-08d0-4066-98c5-07c6de3f5bae,function_transfer_time,1779123808.0000303,0.000081447
experiment_name,080b500d-08d0-4066-98c5-07c6de3f5bae,function_transfer_time,1779123808.1004257,0.000082096
experiment_name,080b500d-08d0-4066-98c5-07c6de3f5bae,function_transfer_time,1779123808.2018232,0.000076392
experiment_name,080b500d-08d0-4066-98c5-07c6de3f5bae,function_transfer_time,1779123808.3031483,0.000077138
experiment_name,080b500d-08d0-4066-98c5-07c6de3f5bae,function_transfer_time,1779123808.4044662,0.000085917
experiment_name,080b500d-08d0-4066-98c5-07c6de3f5bae,function_transfer_time,1779123808.5058022,0.000084281
experiment_name,080b500d-08d0-4066-98c5-07c6de3f5bae,function_transfer_time,1779123808.6071405,0.000076423
experiment_name,080b500d-08d0-4066-98c5-07c6de3f5bae,function_transfer_time,1779123808.7084615,0.000088376
experiment_name,080b500d-08d0-4066-98c5-07c6de3f5bae,function_transfer_time,1779123808.8098104,0.000023706
experiment_name,080b500d-08d0-4066-98c5-07c6de3f5bae,function_transfer_time,1779123808.9111176,0.000079584
experiment_name,080b500d-08d0-4066-98c5-07c6de3f5bae,function_transfer_time,1779123809.012453,0.000090263
experiment_name,080b500d-08d0-4066-98c5-07c6de3f5bae,function_transfer_time,1779123809.1139033,0.000079302
experiment_name,080b500d-08d0-4066-98c5-07c6de3f5bae,function_transfer_time,1779123809.2152183,0.000083335
experiment_name,080b500d-08d0-4066-98c5-07c6de3f5bae,function_transfer_time,1779123809.3164892,0.000015853
experiment_name,080b500d-08d0-4066-98c5-07c6de3f5bae,function_transfer_time,1779123809.4177916,0.000078962
experiment_name,080b500d-08d0-4066-98c5-07c6de3f5bae,function_transfer_time,1779123809.519147,0.000086071
experiment_name,080b500d-08d0-4066-98c5-07c6de3f5bae,function_transfer_time,1779123809.6204634,0.000082319
experiment_name,81daf96a-3b50-47a1-abc9-d25bdbca5c32,function_execution_time,1779123809.721894,0.000064903
experiment_name,81daf96a-3b50-47a1-abc9-d25bdbca5c32,function_execution_time,1779123809.8233395,0.000074472
experiment_name,81daf96a-3b50-47a1-abc9-d25bdbca5c32,function_execution_time,1779123809.924679,0.000073648
experiment_name,81daf96a-3b50-47a1-abc9-d25bdbca5c32,function_execution_time,1779123810.0260146,0.00005803
experiment_name,81daf96a-3b50-47a1-abc9-d25bdbca5c32,function_execution_time,1779123810.127312,0.000060962
experiment_name,81daf96a-3b50-47a1-abc9-d25bdbca5c32,function_execution_time,1779123810.2285967,0.00008818
experiment_name,81daf96a-3b50-47a1-abc9-d25bdbca5c32,function_execution_time,1779123810.329874,0.000049436
experiment_name,81daf96a-3b50-47a1-abc9-d25bdbca5c32,function_execution_time,1779123810.4311397,0.000041214
experiment_name,81daf96a-3b50-47a1-abc9-d25bdbca5c32,function_execution_time,1779123810.5313785,0.000041784
experiment_name,81daf96a-3b50-47a1-abc9-d25bdbca5c32,function_execution_time,1779123810.632604,0.000037456
experiment_name,81daf96a-3b50-47a1-abc9-d25bdbca5c32,function_execution_time,1779123810.733893,0.000067351
experiment_name,81daf96a-3b50-47a1-abc9-d25bdbca5c32,function_execution_time,1779123810.835297,0.000067912
experiment_name,81daf96a-3b50-47a1-abc9-d25bdbca5c32,function_execution_time,1779123810.9356005,0.000056077
experiment_name,81daf96a-3b50-47a1-abc9-d25bdbca5c32,function_execution_time,1779123811.0369506,0.000057612
experiment_name,81daf96a-3b50-47a1-abc9-d25bdbca5c32,function_execution_time,1779123811.1382468,0.00006037
experiment_name,81daf96a-3b50-47a1-abc9-d25bdbca5c32,function_execution_time,1779123811.2385645,0.000065524
experiment_name,81daf96a-3b50-47a1-abc9-d25bdbca5c32,function_execution_time,1779123811.3398535,0.000056697
experiment_name,81daf96a-3b50-47a1-abc9-d25bdbca5c32,function_execution_time,1779123811.4412057,0.000057453
experiment_name,81daf96a-3b50-47a1-abc9-d25bdbca5c32,function_execution_time,1779123811.5416908,0.000060883
experiment_name,81daf96a-3b50-47a1-abc9-d25bdbca5c32,function_execution_time,1779123811.6430478,0.000058529
experiment_name,81daf96a-3b50-47a1-abc9-d25bdbca5c32,function_execution_time,1779123811.7443845,0.000064435
experiment_name,81daf96a-3b50-47a1-abc9-d25bdbca5c32,function_execution_time,1779123811.845778,0.000056555
experiment_name,81daf96a-3b50-47a1-abc9-d25bdbca5c32,function_execution_time,1779123811.947124,0.000056497
experiment_name,81daf96a-3b50-47a1-abc9-d25bdbca5c32,function_execution_time,1779123812.0484643,0.000071423
experiment_name,81daf96a-3b50-47a1-abc9-d25bdbca5c32,function_execution_time,1779123812.1498098,0.000065658
experiment_name,81daf96a-3b50-47a1-abc9-d25bdbca5c32,function_execution_time,1779123812.2510545,0.000060824
experiment_name,81daf96a-3b50-47a1-abc9-d25bdbca5c32,function_execution_time,1779123812.352377,0.000054793
experiment_name,81daf96a-3b50-47a1-abc9-d25bdbca5c32,function_execution_time,1779123812.45373,0.000054766
experiment_name,81daf96a-3b50-47a1-abc9-d25bdbca5c32,function_execution_time,1779123812.5549943,0.00006339
experiment_name,81daf96a-3b50-47a1-abc9-d25bdbca5c32,function_execution_time,1779123812.6561835,0.000063417
experiment_name,81daf96a-3b50-47a1-abc9-d25bdbca5c32,function_execution_time,1779123812.7565053,0.000054749
experiment_name,81daf96a-3b50-47a1-abc9-d25bdbca5c32,function_execution_time,1779123812.857857,0.000054799
experiment_name,81daf96a-3b50-47a1-abc9-d25bdbca5c32,function_execution_time,1779123812.9591413,0.000054333
experiment_name,81daf96a-3b50-47a1-abc9-d25bdbca5c32,function_execution_time,1779123813.0605025,0.000076175
experiment_name,81daf96a-3b50-47a1-abc9-d25bdbca5c32,function_execution_time,1779123813.1618152,0.000054226
experiment_name,81daf96a-3b50-47a1-abc9-d25bdbca5c32,function_execution_time,1779123813.2631128,0.000055769
experiment_name,81daf96a-3b50-47a1-abc9-d25bdbca5c32,function_execution_time,1779123813.3644571,0.000065264
experiment_name,81daf96a-3b50-47a1-abc9-d25bdbca5c32,function_execution_time,1779123813.4658322,0.000062758
experiment_name,81daf96a-3b50-47a1-abc9-d25bdbca5c32,function_execution_time,1779123813.5671306,0.000055183
experiment_name,81daf96a-3b50-47a1-abc9-d25bdbca5c32,function_execution_time,1779123813.6684718,0.000065701
experiment_name,81daf96a-3b50-47a1-abc9-d25bdbca5c32,function_execution_time,1779123813.7698944,0.000052931
experiment_name,81daf96a-3b50-47a1-abc9-d25bdbca5c32,function_execution_time,1779123813.8713095,0.000053682
experiment_name,81daf96a-3b50-47a1-abc9-d25bdbca5c32,function_execution_time,1779123813.97264,0.000062214
experiment_name,81daf96a-3b50-47a1-abc9-d25bdbca5c32,function_execution_time,1779123814.0738869,0.000057611
experiment_name,81daf96a-3b50-47a1-abc9-d25bdbca5c32,function_execution_time,1779123814.1752295,0.000054194
experiment_name,81daf96a-3b50-47a1-abc9-d25bdbca5c32,function_execution_time,1779123814.275529,0.000053222
experiment_name,81daf96a-3b50-47a1-abc9-d25bdbca5c32,function_execution_time,1779123814.3768744,0.000060455
experiment_name,81daf96a-3b50-47a1-abc9-d25bdbca5c32,function_execution_time,1779123814.4781158,0.000058431
experiment_name,81daf96a-3b50-47a1-abc9-d25bdbca5c32,function_execution_time,1779123814.5795095,0.000055802
experiment_name,080b500d-08d0-4066-98c5-07c6de3f5bae,function_execution_time,1779123809.7218294,0.0001711
experiment_name,080b500d-08d0-4066-98c5-07c6de3f5bae,function_execution_time,1779123809.8231606,0.000084622
experiment_name,080b500d-08d0-4066-98c5-07c6de3f5bae,function_execution_time,1779123809.9245915,0.000122214
experiment_name,080b500d-08d0-4066-98c5-07c6de3f5bae,function_execution_time,1779123810.025927,0.000089477
experiment_name,080b500d-08d0-4066-98c5-07c6de3f5bae,function_execution_time,1779123810.1271956,0.000087102
experiment_name,080b500d-08d0-4066-98c5-07c6de3f5bae,function_execution_time,1779123810.2285051,0.000124882
experiment_name,080b500d-08d0-4066-98c5-07c6de3f5bae,function_execution_time,1779123810.329828,0.000068953
experiment_name,080b500d-08d0-4066-98c5-07c6de3f5bae,function_execution_time,1779123810.4310558,0.000055939
experiment_name,080b500d-08d0-4066-98c5-07c6de3f5bae,function_execution_time,1779123810.5313756,0.000059715
experiment_name,080b500d-08d0-4066-98c5-07c6de3f5bae,function_execution_time,1779123810.6325274,0.000050949
experiment_name,080b500d-08d0-4066-98c5-07c6de3f5bae,function_execution_time,1779123810.7338445,0.000137294
experiment_name,080b500d-08d0-4066-98c5-07c6de3f5bae,function_execution_time,1779123810.8351874,0.000083824
experiment_name,080b500d-08d0-4066-98c5-07c6de3f5bae,function_execution_time,1779123810.9354413,0.000075666
experiment_name,080b500d-08d0-4066-98c5-07c6de3f5bae,function_execution_time,1779123811.036788,0.000072619
experiment_name,080b500d-08d0-4066-98c5-07c6de3f5bae,function_execution_time,1779123811.1381063,0.000081102
experiment_name,080b500d-08d0-4066-98c5-07c6de3f5bae,function_execution_time,1779123811.2383952,0.000071482
experiment_name,080b500d-08d0-4066-98c5-07c6de3f5bae,function_execution_time,1779123811.3396952,0.000076598
experiment_name,080b500d-08d0-4066-98c5-07c6de3f5bae,function_execution_time,1779123811.441108,0.000091924
experiment_name,080b500d-08d0-4066-98c5-07c6de3f5bae,function_execution_time,1779123811.5415475,0.00007315
experiment_name,080b500d-08d0-4066-98c5-07c6de3f5bae,function_execution_time,1779123811.6428866,0.000079833
experiment_name,080b500d-08d0-4066-98c5-07c6de3f5bae,function_execution_time,1779123811.7443235,0.000144874
experiment_name,080b500d-08d0-4066-98c5-07c6de3f5bae,function_execution_time,1779123811.84562,0.000087635
experiment_name,080b500d-08d0-4066-98c5-07c6de3f5bae,function_execution_time,1779123811.9469645,0.000077549
experiment_name,080b500d-08d0-4066-98c5-07c6de3f5bae,function_execution_time,1779123812.0482876,0.000077396
experiment_name,080b500d-08d0-4066-98c5-07c6de3f5bae,function_execution_time,1779123812.149704,0.000090282
experiment_name,080b500d-08d0-4066-98c5-07c6de3f5bae,function_execution_time,1779123812.2509775,0.000080205
experiment_name,080b500d-08d0-4066-98c5-07c6de3f5bae,function_execution_time,1779123812.352289,0.000076669
experiment_name,080b500d-08d0-4066-98c5-07c6de3f5bae,function_execution_time,1779123812.4535708,0.000082569
experiment_name,080b500d-08d0-4066-98c5-07c6de3f5bae,function_execution_time,1779123812.5548294,0.000074393
experiment_name,080b500d-08d0-4066-98c5-07c6de3f5bae,function_execution_time,1779123812.656102,0.000075099
experiment_name,080b500d-08d0-4066-98c5-07c6de3f5bae,function_execution_time,1779123812.75644,0.000144979
experiment_name,080b500d-08d0-4066-98c5-07c6de3f5bae,function_execution_time,1779123812.8577943,0.000085942
experiment_name,080b500d-08d0-4066-98c5-07c6de3f5bae,function_execution_time,1779123812.9590034,0.000073395
experiment_name,080b500d-08d0-4066-98c5-07c6de3f5bae,function_execution_time,1779123813.0603216,0.000075726
experiment_name,080b500d-08d0-4066-98c5-07c6de3f5bae,function_execution_time,1779123813.1616576,0.000082137
experiment_name,080b500d-08d0-4066-98c5-07c6de3f5bae,function_execution_time,1779123813.26297,0.000075396
experiment_name,080b500d-08d0-4066-98c5-07c6de3f5bae,function_execution_time,1779123813.3643694,0.000072022
experiment_name,080b500d-08d0-4066-98c5-07c6de3f5bae,function_execution_time,1779123813.4656663,0.000072782
experiment_name,080b500d-08d0-4066-98c5-07c6de3f5bae,function_execution_time,1779123813.5670474,0.000084411
experiment_name,080b500d-08d0-4066-98c5-07c6de3f5bae,function_execution_time,1779123813.6683056,0.000074387
experiment_name,080b500d-08d0-4066-98c5-07c6de3f5bae,function_execution_time,1779123813.7698438,0.000133526
experiment_name,080b500d-08d0-4066-98c5-07c6de3f5bae,function_execution_time,1779123813.871155,0.000078996
experiment_name,080b500d-08d0-4066-98c5-07c6de3f5bae,function_execution_time,1779123813.9725466,0.000091645
experiment_name,080b500d-08d0-4066-98c5-07c6de3f5bae,function_execution_time,1779123814.0737364,0.000073996
experiment_name,080b500d-08d0-4066-98c5-07c6de3f5bae,function_execution_time,1779123814.175081,0.000071703
experiment_name,080b500d-08d0-4066-98c5-07c6de3f5bae,function_execution_time,1779123814.275395,0.000079544
experiment_name,080b500d-08d0-4066-98c5-07c6de3f5bae,function_execution_time,1779123814.376728,0.000070312
experiment_name,080b500d-08d0-4066-98c5-07c6de3f5bae,function_execution_time,1779123814.4780366,0.000072838
experiment_name,080b500d-08d0-4066-98c5-07c6de3f5bae,function_execution_time,1779123814.5793598,0.000083817
experiment_name,080b500d-08d0-4066-98c5-07c6de3f5bae,function_transfer_time,1779123809.7216518,0.000024694
experiment_name,080b500d-08d0-4066-98c5-07c6de3f5bae,function_transfer_time,1779123809.8230774,0.000082887
experiment_name,080b500d-08d0-4066-98c5-07c6de3f5bae,function_transfer_time,1779123809.9244194,0.000091274
experiment_name,080b500d-08d0-4066-98c5-07c6de3f5bae,function_transfer_time,1779123810.025778,0.000079058
experiment_name,080b500d-08d0-4066-98c5-07c6de3f5bae,function_transfer_time,1779123810.127103,0.000093225
experiment_name,080b500d-08d0-4066-98c5-07c6de3f5bae,function_transfer_time,1779123810.2283776,0.000031526
experiment_name,080b500d-08d0-4066-98c5-07c6de3f5bae,function_transfer_time,1779123810.3297498,0.000019866
experiment_name,080b500d-08d0-4066-98c5-07c6de3f5bae,function_transfer_time,1779123810.430974,0.000018851
experiment_name,080b500d-08d0-4066-98c5-07c6de3f5bae,function_transfer_time,1779123810.5312428,0.000015386
experiment_name,080b500d-08d0-4066-98c5-07c6de3f5bae,function_transfer_time,1779123810.632441,0.000020226
experiment_name,080b500d-08d0-4066-98c5-07c6de3f5bae,function_transfer_time,1779123810.733703,0.000013075
experiment_name,080b500d-08d0-4066-98c5-07c6de3f5bae,function_transfer_time,1779123810.8350463,0.000084847
experiment_name,080b500d-08d0-4066-98c5-07c6de3f5bae,function_transfer_time,1779123810.9353564,0.000082247
experiment_name,080b500d-08d0-4066-98c5-07c6de3f5bae,function_transfer_time,1779123811.0367053,0.000084264
experiment_name,080b500d-08d0-4066-98c5-07c6de3f5bae,function_transfer_time,1779123811.1380236,0.000079306
experiment_name,080b500d-08d0-4066-98c5-07c6de3f5bae,function_transfer_time,1779123811.238314,0.000020962
experiment_name,080b500d-08d0-4066-98c5-07c6de3f5bae,function_transfer_time,1779123811.339618,0.000076161
experiment_name,080b500d-08d0-4066-98c5-07c6de3f5bae,function_transfer_time,1779123811.4409535,0.000081234
experiment_name,080b500d-08d0-4066-98c5-07c6de3f5bae,function_transfer_time,1779123811.5414605,0.000092597
experiment_name,080b500d-08d0-4066-98c5-07c6de3f5bae,function_transfer_time,1779123811.6428018,0.000082948
experiment_name,080b500d-08d0-4066-98c5-07c6de3f5bae,function_transfer_time,1779123811.744167,0.000083127
experiment_name,080b500d-08d0-4066-98c5-07c6de3f5bae,function_transfer_time,1779123811.8455346,0.000092011
experiment_name,080b500d-08d0-4066-98c5-07c6de3f5bae,function_transfer_time,1779123811.946879,0.000078526
experiment_name,080b500d-08d0-4066-98c5-07c6de3f5bae,function_transfer_time,1779123812.0482066,0.000087349
experiment_name,080b500d-08d0-4066-98c5-07c6de3f5bae,function_transfer_time,1779123812.149544,0.000079615
experiment_name,080b500d-08d0-4066-98c5-07c6de3f5bae,function_transfer_time,1779123812.2508986,0.000083738
experiment_name,080b500d-08d0-4066-98c5-07c6de3f5bae,function_transfer_time,1779123812.3521554,0.00002284
experiment_name,080b500d-08d0-4066-98c5-07c6de3f5bae,function_transfer_time,1779123812.453491,0.000089871
experiment_name,080b500d-08d0-4066-98c5-07c6de3f5bae,function_transfer_time,1779123812.554749,0.000024874
experiment_name,080b500d-08d0-4066-98c5-07c6de3f5bae,function_transfer_time,1779123812.6560225,0.000022901
experiment_name,080b500d-08d0-4066-98c5-07c6de3f5bae,function_transfer_time,1779123812.7562828,0.000023489
experiment_name,080b500d-08d0-4066-98c5-07c6de3f5bae,function_transfer_time,1779123812.8576467,0.000077245
experiment_name,080b500d-08d0-4066-98c5-07c6de3f5bae,function_transfer_time,1779123812.9589217,0.000021852
experiment_name,080b500d-08d0-4066-98c5-07c6de3f5bae,function_transfer_time,1779123813.0602376,0.000084717
experiment_name,080b500d-08d0-4066-98c5-07c6de3f5bae,function_transfer_time,1779123813.1615722,0.000077548
experiment_name,080b500d-08d0-4066-98c5-07c6de3f5bae,function_transfer_time,1779123813.2628906,0.000082051
experiment_name,080b500d-08d0-4066-98c5-07c6de3f5bae,function_transfer_time,1779123813.3642867,0.000085728
experiment_name,080b500d-08d0-4066-98c5-07c6de3f5bae,function_transfer_time,1779123813.4655826,0.000080498
experiment_name,080b500d-08d0-4066-98c5-07c6de3f5bae,function_transfer_time,1779123813.5668983,0.000080366
experiment_name,080b500d-08d0-4066-98c5-07c6de3f5bae,function_transfer_time,1779123813.6683033,0.000082899
experiment_name,080b500d-08d0-4066-98c5-07c6de3f5bae,function_transfer_time,1779123813.7697034,0.000085284
experiment_name,080b500d-08d0-4066-98c5-07c6de3f5bae,function_transfer_time,1779123813.8710694,0.000082663
experiment_name,080b500d-08d0-4066-98c5-07c6de3f5bae,function_transfer_time,1779123813.972389,0.000077563
experiment_name,080b500d-08d0-4066-98c5-07c6de3f5bae,function_transfer_time,1779123814.0736556,0.000022832
experiment_name,080b500d-08d0-4066-98c5-07c6de3f5bae,function_transfer_time,1779123814.1749973,0.000085636
experiment_name,080b500d-08d0-4066-98c5-07c6de3f5bae,function_transfer_time,1779123814.2753105,0.000079083
experiment_name,080b500d-08d0-4066-98c5-07c6de3f5bae,function_transfer_time,1779123814.3766458,0.000076133
experiment_name,080b500d-08d0-4066-98c5-07c6de3f5bae,function_transfer_time,1779123814.477953,0.000081907
experiment_name,080b500d-08d0-4066-98c5-07c6de3f5bae,function_transfer_time,1779123814.5792785,0.000078644
experiment_name,81daf96a-3b50-47a1-abc9-d25bdbca5c32,function_transfer_time,1779123809.7218251,0.00003502
experiment_name,81daf96a-3b50-47a1-abc9-d25bdbca5c32,function_transfer_time,1779123809.8232641,0.00012549
experiment_name,81daf96a-3b50-47a1-abc9-d25bdbca5c32,function_transfer_time,1779123809.9245946,0.00009594
experiment_name,81daf96a-3b50-47a1-abc9-d25bdbca5c32,function_transfer_time,1779123810.0259488,0.00011612
experiment_name,81daf96a-3b50-47a1-abc9-d25bdbca5c32,function_transfer_time,1779123810.1272464,0.000088511
experiment_name,81daf96a-3b50-47a1-abc9-d25bdbca5c32,function_transfer_time,1779123810.2285073,0.000042672
experiment_name,81daf96a-3b50-47a1-abc9-d25bdbca5c32,function_transfer_time,1779123810.329825,0.000027083
experiment_name,81daf96a-3b50-47a1-abc9-d25bdbca5c32,function_transfer_time,1779123810.4310586,0.000051455
experiment_name,81daf96a-3b50-47a1-abc9-d25bdbca5c32,function_transfer_time,1779123810.5313697,0.000025914
experiment_name,81daf96a-3b50-47a1-abc9-d25bdbca5c32,function_transfer_time,1779123810.6325312,0.000064079
experiment_name,81daf96a-3b50-47a1-abc9-d25bdbca5c32,function_transfer_time,1779123810.733829,0.000023388
experiment_name,81daf96a-3b50-47a1-abc9-d25bdbca5c32,function_transfer_time,1779123810.8352187,0.000118823
experiment_name,81daf96a-3b50-47a1-abc9-d25bdbca5c32,function_transfer_time,1779123810.9355443,0.000132017
experiment_name,81daf96a-3b50-47a1-abc9-d25bdbca5c32,function_transfer_time,1779123811.0368924,0.000130824
experiment_name,81daf96a-3b50-47a1-abc9-d25bdbca5c32,function_transfer_time,1779123811.1382,0.000103583
experiment_name,81daf96a-3b50-47a1-abc9-d25bdbca5c32,function_transfer_time,1779123811.2384984,0.000128575
experiment_name,81daf96a-3b50-47a1-abc9-d25bdbca5c32,function_transfer_time,1779123811.3397958,0.000121885
experiment_name,81daf96a-3b50-47a1-abc9-d25bdbca5c32,function_transfer_time,1779123811.4411387,0.000131032
experiment_name,81daf96a-3b50-47a1-abc9-d25bdbca5c32,function_transfer_time,1779123811.541641,0.000112592
experiment_name,81daf96a-3b50-47a1-abc9-d25bdbca5c32,function_transfer_time,1779123811.6429892,0.000127629
experiment_name,81daf96a-3b50-47a1-abc9-d25bdbca5c32,function_transfer_time,1779123811.7443194,0.000036839
experiment_name,81daf96a-3b50-47a1-abc9-d25bdbca5c32,function_transfer_time,1779123811.8457212,0.000120286
experiment_name,81daf96a-3b50-47a1-abc9-d25bdbca5c32,function_transfer_time,1779123811.9470665,0.000129042
experiment_name,81daf96a-3b50-47a1-abc9-d25bdbca5c32,function_transfer_time,1779123812.0483918,0.00012736
experiment_name,81daf96a-3b50-47a1-abc9-d25bdbca5c32,function_transfer_time,1779123812.1497364,0.000129842
experiment_name,81daf96a-3b50-47a1-abc9-d25bdbca5c32,function_transfer_time,1779123812.2510512,0.000041996
experiment_name,81daf96a-3b50-47a1-abc9-d25bdbca5c32,function_transfer_time,1779123812.3523147,0.000106763
experiment_name,81daf96a-3b50-47a1-abc9-d25bdbca5c32,function_transfer_time,1779123812.4536755,0.000127898
experiment_name,81daf96a-3b50-47a1-abc9-d25bdbca5c32,function_transfer_time,1779123812.5549302,0.000125636
experiment_name,81daf96a-3b50-47a1-abc9-d25bdbca5c32,function_transfer_time,1779123812.6561806,0.000047723
experiment_name,81daf96a-3b50-47a1-abc9-d25bdbca5c32,function_transfer_time,1779123812.7564368,0.000036188
experiment_name,81daf96a-3b50-47a1-abc9-d25bdbca5c32,function_transfer_time,1779123812.8577976,0.000092441
experiment_name,81daf96a-3b50-47a1-abc9-d25bdbca5c32,function_transfer_time,1779123812.959086,0.000108859
experiment_name,81daf96a-3b50-47a1-abc9-d25bdbca5c32,function_transfer_time,1779123813.0604234,0.000128528
experiment_name,81daf96a-3b50-47a1-abc9-d25bdbca5c32,function_transfer_time,1779123813.1617599,0.000132577
experiment_name,81daf96a-3b50-47a1-abc9-d25bdbca5c32,function_transfer_time,1779123813.2630582,0.000108464
experiment_name,81daf96a-3b50-47a1-abc9-d25bdbca5c32,function_transfer_time,1779123813.3644447,0.000053171
experiment_name,81daf96a-3b50-47a1-abc9-d25bdbca5c32,function_transfer_time,1779123813.465769,0.000129716
experiment_name,81daf96a-3b50-47a1-abc9-d25bdbca5c32,function_transfer_time,1779123813.5670702,0.000112849
experiment_name,81daf96a-3b50-47a1-abc9-d25bdbca5c32,function_transfer_time,1779123813.6683958,0.000112164
experiment_name,81daf96a-3b50-47a1-abc9-d25bdbca5c32,function_transfer_time,1779123813.769841,0.000031042
experiment_name,81daf96a-3b50-47a1-abc9-d25bdbca5c32,function_transfer_time,1779123813.8712559,0.000131289
experiment_name,81daf96a-3b50-47a1-abc9-d25bdbca5c32,function_transfer_time,1779123813.9725704,0.000117513
experiment_name,81daf96a-3b50-47a1-abc9-d25bdbca5c32,function_transfer_time,1779123814.07383,0.000116805
experiment_name,81daf96a-3b50-47a1-abc9-d25bdbca5c32,function_transfer_time,1779123814.1751747,0.000121955
experiment_name,81daf96a-3b50-47a1-abc9-d25bdbca5c32,function_transfer_time,1779123814.2754765,0.000103436
experiment_name,81daf96a-3b50-47a1-abc9-d25bdbca5c32,function_transfer_time,1779123814.376813,0.000113408
experiment_name,81daf96a-3b50-47a1-abc9-d25bdbca5c32,function_transfer_time,1779123814.4781127,0.000051199
experiment_name,81daf96a-3b50-47a1-abc9-d25bdbca5c32,function_transfer_time,1779123814.5794528,0.000117436
experiment_name,81daf96a-3b50-47a1-abc9-d25bdbca5c32,function_execution_time,1779123814.6805973,0.000058097
experiment_name,81daf96a-3b50-47a1-abc9-d25bdbca5c32,function_execution_time,1779123814.7819886,0.000058763
experiment_name,81daf96a-3b50-47a1-abc9-d25bdbca5c32,function_execution_time,1779123814.8833275,0.000070809
experiment_name,81daf96a-3b50-47a1-abc9-d25bdbca5c32,function_execution_time,1779123814.9846845,0.000054958
experiment_name,81daf96a-3b50-47a1-abc9-d25bdbca5c32,function_execution_time,1779123815.0859766,0.000059546
experiment_name,81daf96a-3b50-47a1-abc9-d25bdbca5c32,function_execution_time,1779123815.1872826,0.000062234
experiment_name,81daf96a-3b50-47a1-abc9-d25bdbca5c32,function_execution_time,1779123815.2875352,0.000070234
experiment_name,81daf96a-3b50-47a1-abc9-d25bdbca5c32,function_execution_time,1779123815.388887,0.000060787
experiment_name,81daf96a-3b50-47a1-abc9-d25bdbca5c32,function_execution_time,1779123815.4902709,0.000057715
experiment_name,81daf96a-3b50-47a1-abc9-d25bdbca5c32,function_execution_time,1779123815.5906277,0.000056873
experiment_name,81daf96a-3b50-47a1-abc9-d25bdbca5c32,function_execution_time,1779123815.6918561,0.000065791
experiment_name,81daf96a-3b50-47a1-abc9-d25bdbca5c32,function_execution_time,1779123815.7933009,0.000057167
experiment_name,81daf96a-3b50-47a1-abc9-d25bdbca5c32,function_execution_time,1779123815.8945646,0.000060011
experiment_name,81daf96a-3b50-47a1-abc9-d25bdbca5c32,function_execution_time,1779123815.995965,0.000055888
experiment_name,81daf96a-3b50-47a1-abc9-d25bdbca5c32,function_execution_time,1779123816.0973856,0.000059623
experiment_name,81daf96a-3b50-47a1-abc9-d25bdbca5c32,function_execution_time,1779123816.1987944,0.000065448
experiment_name,81daf96a-3b50-47a1-abc9-d25bdbca5c32,function_execution_time,1779123816.300024,0.000056789
experiment_name,81daf96a-3b50-47a1-abc9-d25bdbca5c32,function_execution_time,1779123816.4014084,0.000057099
experiment_name,81daf96a-3b50-47a1-abc9-d25bdbca5c32,function_execution_time,1779123816.5027335,0.000055927
experiment_name,81daf96a-3b50-47a1-abc9-d25bdbca5c32,function_execution_time,1779123816.6040745,0.00006222
experiment_name,81daf96a-3b50-47a1-abc9-d25bdbca5c32,function_execution_time,1779123816.7053747,0.000053511
experiment_name,81daf96a-3b50-47a1-abc9-d25bdbca5c32,function_execution_time,1779123816.8068562,0.000058302
experiment_name,81daf96a-3b50-47a1-abc9-d25bdbca5c32,function_execution_time,1779123816.9082205,0.000054728
experiment_name,81daf96a-3b50-47a1-abc9-d25bdbca5c32,function_execution_time,1779123817.008545,0.000055283
experiment_name,81daf96a-3b50-47a1-abc9-d25bdbca5c32,function_execution_time,1779123817.10988,0.00006643
experiment_name,81daf96a-3b50-47a1-abc9-d25bdbca5c32,function_execution_time,1779123817.2111793,0.000057685
experiment_name,81daf96a-3b50-47a1-abc9-d25bdbca5c32,function_execution_time,1779123817.312509,0.000054313
experiment_name,81daf96a-3b50-47a1-abc9-d25bdbca5c32,function_execution_time,1779123817.413808,0.00005397
experiment_name,81daf96a-3b50-47a1-abc9-d25bdbca5c32,function_execution_time,1779123817.5151386,0.000062359
experiment_name,81daf96a-3b50-47a1-abc9-d25bdbca5c32,function_execution_time,1779123817.616386,0.000054783
experiment_name,81daf96a-3b50-47a1-abc9-d25bdbca5c32,function_execution_time,1779123817.7176998,0.00005379
experiment_name,81daf96a-3b50-47a1-abc9-d25bdbca5c32,function_execution_time,1779123817.8191805,0.000053129
experiment_name,81daf96a-3b50-47a1-abc9-d25bdbca5c32,function_execution_time,1779123817.9195735,0.000053727
experiment_name,81daf96a-3b50-47a1-abc9-d25bdbca5c32,function_execution_time,1779123818.020912,0.000062459
experiment_name,81daf96a-3b50-47a1-abc9-d25bdbca5c32,function_execution_time,1779123818.122373,0.000055562
experiment_name,81daf96a-3b50-47a1-abc9-d25bdbca5c32,function_execution_time,1779123818.223579,0.000060198
experiment_name,81daf96a-3b50-47a1-abc9-d25bdbca5c32,function_execution_time,1779123818.3249087,0.000054584
experiment_name,81daf96a-3b50-47a1-abc9-d25bdbca5c32,function_execution_time,1779123818.4262598,0.000063068
experiment_name,81daf96a-3b50-47a1-abc9-d25bdbca5c32,function_execution_time,1779123818.5266094,0.000059433
experiment_name,81daf96a-3b50-47a1-abc9-d25bdbca5c32,function_execution_time,1779123818.6279607,0.000061623
experiment_name,81daf96a-3b50-47a1-abc9-d25bdbca5c32,function_execution_time,1779123818.7292795,0.000055747
experiment_name,81daf96a-3b50-47a1-abc9-d25bdbca5c32,function_execution_time,1779123818.8295994,0.00006418
experiment_name,81daf96a-3b50-47a1-abc9-d25bdbca5c32,function_execution_time,1779123818.9310083,0.00005728
experiment_name,81daf96a-3b50-47a1-abc9-d25bdbca5c32,function_execution_time,1779123819.0323122,0.00005485
experiment_name,81daf96a-3b50-47a1-abc9-d25bdbca5c32,function_execution_time,1779123819.1336267,0.000053841
experiment_name,81daf96a-3b50-47a1-abc9-d25bdbca5c32,function_execution_time,1779123819.2349627,0.000053866
experiment_name,81daf96a-3b50-47a1-abc9-d25bdbca5c32,function_execution_time,1779123819.3362641,0.000061658
experiment_name,81daf96a-3b50-47a1-abc9-d25bdbca5c32,function_execution_time,1779123819.436583,0.000053196
experiment_name,81daf96a-3b50-47a1-abc9-d25bdbca5c32,function_execution_time,1779123819.5378945,0.00005365
experiment_name,080b500d-08d0-4066-98c5-07c6de3f5bae,function_execution_time,1779123814.680518,0.000085405
experiment_name,080b500d-08d0-4066-98c5-07c6de3f5bae,function_execution_time,1779123814.7819314,0.000163928
experiment_name,080b500d-08d0-4066-98c5-07c6de3f5bae,function_execution_time,1779123814.8832319,0.000077885
experiment_name,080b500d-08d0-4066-98c5-07c6de3f5bae,function_execution_time,1779123814.9845457,0.000083782
experiment_name,080b500d-08d0-4066-98c5-07c6de3f5bae,function_execution_time,1779123815.085889,0.000074244
experiment_name,080b500d-08d0-4066-98c5-07c6de3f5bae,function_execution_time,1779123815.187211,0.000081859
experiment_name,080b500d-08d0-4066-98c5-07c6de3f5bae,function_execution_time,1779123815.2874627,0.000118595
experiment_name,080b500d-08d0-4066-98c5-07c6de3f5bae,function_execution_time,1779123815.3887947,0.00008652
experiment_name,080b500d-08d0-4066-98c5-07c6de3f5bae,function_execution_time,1779123815.4901123,0.000078457
experiment_name,080b500d-08d0-4066-98c5-07c6de3f5bae,function_execution_time,1779123815.5905385,0.000098455
experiment_name,080b500d-08d0-4066-98c5-07c6de3f5bae,function_execution_time,1779123815.6917675,0.000070613
experiment_name,080b500d-08d0-4066-98c5-07c6de3f5bae,function_execution_time,1779123815.7931871,0.000158602
experiment_name,080b500d-08d0-4066-98c5-07c6de3f5bae,function_execution_time,1779123815.894563,0.000099546
experiment_name,080b500d-08d0-4066-98c5-07c6de3f5bae,function_execution_time,1779123815.9958754,0.000089135
experiment_name,080b500d-08d0-4066-98c5-07c6de3f5bae,function_execution_time,1779123816.0973837,0.00008721
experiment_name,080b500d-08d0-4066-98c5-07c6de3f5bae,function_execution_time,1779123816.1986141,0.000069933
experiment_name,080b500d-08d0-4066-98c5-07c6de3f5bae,function_execution_time,1779123816.3000174,0.000083324
experiment_name,080b500d-08d0-4066-98c5-07c6de3f5bae,function_execution_time,1779123816.4012394,0.000072399
experiment_name,080b500d-08d0-4066-98c5-07c6de3f5bae,function_execution_time,1779123816.502573,0.000072289
experiment_name,080b500d-08d0-4066-98c5-07c6de3f5bae,function_execution_time,1779123816.6039135,0.000073453
experiment_name,080b500d-08d0-4066-98c5-07c6de3f5bae,function_execution_time,1779123816.7052836,0.000082657
experiment_name,080b500d-08d0-4066-98c5-07c6de3f5bae,function_execution_time,1779123816.8067956,0.00016105
experiment_name,080b500d-08d0-4066-98c5-07c6de3f5bae,function_execution_time,1779123816.908065,0.000074381
experiment_name,080b500d-08d0-4066-98c5-07c6de3f5bae,function_execution_time,1779123817.00846,0.000087033
experiment_name,080b500d-08d0-4066-98c5-07c6de3f5bae,function_execution_time,1779123817.1097038,0.000073258
experiment_name,080b500d-08d0-4066-98c5-07c6de3f5bae,function_execution_time,1779123817.2110174,0.000074061
experiment_name,080b500d-08d0-4066-98c5-07c6de3f5bae,function_execution_time,1779123817.312344,0.000073831
experiment_name,080b500d-08d0-4066-98c5-07c6de3f5bae,function_execution_time,1779123817.4137158,0.000088432
experiment_name,080b500d-08d0-4066-98c5-07c6de3f5bae,function_execution_time,1779123817.5149734,0.000075269
experiment_name,080b500d-08d0-4066-98c5-07c6de3f5bae,function_execution_time,1779123817.6162288,0.000071386
experiment_name,080b500d-08d0-4066-98c5-07c6de3f5bae,function_execution_time,1779123817.717549,0.000082179
experiment_name,080b500d-08d0-4066-98c5-07c6de3f5bae,function_execution_time,1779123817.81913,0.000151634
experiment_name,080b500d-08d0-4066-98c5-07c6de3f5bae,function_execution_time,1779123817.9194176,0.000070732
experiment_name,080b500d-08d0-4066-98c5-07c6de3f5bae,function_execution_time,1779123818.020742,0.000073928
experiment_name,080b500d-08d0-4066-98c5-07c6de3f5bae,function_execution_time,1779123818.1222906,0.000085272
experiment_name,080b500d-08d0-4066-98c5-07c6de3f5bae,function_execution_time,1779123818.2235203,0.000104139
experiment_name,080b500d-08d0-4066-98c5-07c6de3f5bae,function_execution_time,1779123818.32485,0.000078354
experiment_name,080b500d-08d0-4066-98c5-07c6de3f5bae,function_execution_time,1779123818.4261594,0.000084283
experiment_name,080b500d-08d0-4066-98c5-07c6de3f5bae,function_execution_time,1779123818.5265422,0.000093356
experiment_name,080b500d-08d0-4066-98c5-07c6de3f5bae,function_execution_time,1779123818.627785,0.000079638
experiment_name,080b500d-08d0-4066-98c5-07c6de3f5bae,function_execution_time,1779123818.729193,0.000088519
experiment_name,080b500d-08d0-4066-98c5-07c6de3f5bae,function_execution_time,1779123818.8295267,0.000173448
experiment_name,080b500d-08d0-4066-98c5-07c6de3f5bae,function_execution_time,1779123818.930838,0.00007187
experiment_name,080b500d-08d0-4066-98c5-07c6de3f5bae,function_execution_time,1779123819.0321538,0.000071825
experiment_name,080b500d-08d0-4066-98c5-07c6de3f5bae,function_execution_time,1779123819.1335437,0.000093543
experiment_name,080b500d-08d0-4066-98c5-07c6de3f5bae,function_execution_time,1779123819.2348058,0.000074678
experiment_name,080b500d-08d0-4066-98c5-07c6de3f5bae,function_execution_time,1779123819.3360994,0.000071932
experiment_name,080b500d-08d0-4066-98c5-07c6de3f5bae,function_execution_time,1779123819.4364908,0.000081495
experiment_name,080b500d-08d0-4066-98c5-07c6de3f5bae,function_execution_time,1779123819.537736,0.000069768
experiment_name,81daf96a-3b50-47a1-abc9-d25bdbca5c32,function_transfer_time,1779123814.680594,0.000045712
experiment_name,81daf96a-3b50-47a1-abc9-d25bdbca5c32,function_transfer_time,1779123814.7819283,0.000038116
experiment_name,81daf96a-3b50-47a1-abc9-d25bdbca5c32,function_transfer_time,1779123814.883306,0.000043503
experiment_name,81daf96a-3b50-47a1-abc9-d25bdbca5c32,function_transfer_time,1779123814.984628,0.000103579
experiment_name,81daf96a-3b50-47a1-abc9-d25bdbca5c32,function_transfer_time,1779123815.085957,0.000049321
experiment_name,81daf96a-3b50-47a1-abc9-d25bdbca5c32,function_transfer_time,1779123815.1872144,0.000100585
experiment_name,81daf96a-3b50-47a1-abc9-d25bdbca5c32,function_transfer_time,1779123815.2874591,0.000048606
experiment_name,81daf96a-3b50-47a1-abc9-d25bdbca5c32,function_transfer_time,1779123815.3888733,0.00005847
experiment_name,81daf96a-3b50-47a1-abc9-d25bdbca5c32,function_transfer_time,1779123815.490213,0.00011907
experiment_name,81daf96a-3b50-47a1-abc9-d25bdbca5c32,function_transfer_time,1779123815.5905628,0.000130876
experiment_name,81daf96a-3b50-47a1-abc9-d25bdbca5c32,function_transfer_time,1779123815.6918342,0.00005285
experiment_name,81daf96a-3b50-47a1-abc9-d25bdbca5c32,function_transfer_time,1779123815.7932358,0.000088316
experiment_name,81daf96a-3b50-47a1-abc9-d25bdbca5c32,function_transfer_time,1779123815.8945599,0.000032597
experiment_name,81daf96a-3b50-47a1-abc9-d25bdbca5c32,function_transfer_time,1779123815.9958997,0.00011323
experiment_name,81daf96a-3b50-47a1-abc9-d25bdbca5c32,function_transfer_time,1779123816.0973804,0.000031534
experiment_name,81daf96a-3b50-47a1-abc9-d25bdbca5c32,function_transfer_time,1779123816.1987278,0.000144765
experiment_name,81daf96a-3b50-47a1-abc9-d25bdbca5c32,function_transfer_time,1779123816.3000214,0.000044722
experiment_name,81daf96a-3b50-47a1-abc9-d25bdbca5c32,function_transfer_time,1779123816.4013498,0.00013523
experiment_name,81daf96a-3b50-47a1-abc9-d25bdbca5c32,function_transfer_time,1779123816.502677,0.000131749
experiment_name,81daf96a-3b50-47a1-abc9-d25bdbca5c32,function_transfer_time,1779123816.6040113,0.00012258
experiment_name,81daf96a-3b50-47a1-abc9-d25bdbca5c32,function_transfer_time,1779123816.7053127,0.00011569
experiment_name,81daf96a-3b50-47a1-abc9-d25bdbca5c32,function_transfer_time,1779123816.806798,0.000036241
experiment_name,81daf96a-3b50-47a1-abc9-d25bdbca5c32,function_transfer_time,1779123816.9081652,0.000122247
experiment_name,81daf96a-3b50-47a1-abc9-d25bdbca5c32,function_transfer_time,1779123817.0084841,0.000122425
experiment_name,81daf96a-3b50-47a1-abc9-d25bdbca5c32,function_transfer_time,1779123817.109813,0.000131662
experiment_name,81daf96a-3b50-47a1-abc9-d25bdbca5c32,function_transfer_time,1779123817.21112,0.000125497
experiment_name,81daf96a-3b50-47a1-abc9-d25bdbca5c32,function_transfer_time,1779123817.312455,0.000131714
experiment_name,81daf96a-3b50-47a1-abc9-d25bdbca5c32,function_transfer_time,1779123817.413747,0.000113546
experiment_name,81daf96a-3b50-47a1-abc9-d25bdbca5c32,function_transfer_time,1779123817.5150762,0.000122285
experiment_name,81daf96a-3b50-47a1-abc9-d25bdbca5c32,function_transfer_time,1779123817.6163306,0.000130761
experiment_name,81daf96a-3b50-47a1-abc9-d25bdbca5c32,function_transfer_time,1779123817.7176466,0.00012385
experiment_name,81daf96a-3b50-47a1-abc9-d25bdbca5c32,function_transfer_time,1779123817.8191268,0.000034012
experiment_name,81daf96a-3b50-47a1-abc9-d25bdbca5c32,function_transfer_time,1779123817.9195192,0.000132653
experiment_name,81daf96a-3b50-47a1-abc9-d25bdbca5c32,function_transfer_time,1779123818.0208497,0.000124527
experiment_name,81daf96a-3b50-47a1-abc9-d25bdbca5c32,function_transfer_time,1779123818.1223125,0.000113024
experiment_name,81daf96a-3b50-47a1-abc9-d25bdbca5c32,function_transfer_time,1779123818.2235177,0.000033219
experiment_name,81daf96a-3b50-47a1-abc9-d25bdbca5c32,function_transfer_time,1779123818.3248532,0.000082491
experiment_name,81daf96a-3b50-47a1-abc9-d25bdbca5c32,function_transfer_time,1779123818.4261892,0.000116641
experiment_name,81daf96a-3b50-47a1-abc9-d25bdbca5c32,function_transfer_time,1779123818.5265446,0.000121647
experiment_name,81daf96a-3b50-47a1-abc9-d25bdbca5c32,function_transfer_time,1779123818.6278973,0.00013823
experiment_name,81daf96a-3b50-47a1-abc9-d25bdbca5c32,function_transfer_time,1779123818.7292163,0.000120232
experiment_name,81daf96a-3b50-47a1-abc9-d25bdbca5c32,function_transfer_time,1779123818.8295293,0.000040675
experiment_name,81daf96a-3b50-47a1-abc9-d25bdbca5c32,function_transfer_time,1779123818.9309506,0.000143074
experiment_name,81daf96a-3b50-47a1-abc9-d25bdbca5c32,function_transfer_time,1779123819.0322561,0.000131499
experiment_name,81daf96a-3b50-47a1-abc9-d25bdbca5c32,function_transfer_time,1779123819.1335664,0.000103608
experiment_name,81daf96a-3b50-47a1-abc9-d25bdbca5c32,function_transfer_time,1779123819.2349074,0.000123779
experiment_name,81daf96a-3b50-47a1-abc9-d25bdbca5c32,function_transfer_time,1779123819.3362017,0.000123629
experiment_name,81daf96a-3b50-47a1-abc9-d25bdbca5c32,function_transfer_time,1779123819.4365208,0.000125046
experiment_name,81daf96a-3b50-47a1-abc9-d25bdbca5c32,function_transfer_time,1779123819.5378401,0.000133455
experiment_name,080b500d-08d0-4066-98c5-07c6de3f5bae,function_transfer_time,1779123814.6804383,0.000084289
experiment_name,080b500d-08d0-4066-98c5-07c6de3f5bae,function_transfer_time,1779123814.7817569,0.000082356
experiment_name,080b500d-08d0-4066-98c5-07c6de3f5bae,function_transfer_time,1779123814.8831556,0.000082216
experiment_name,080b500d-08d0-4066-98c5-07c6de3f5bae,function_transfer_time,1779123814.9844604,0.000081159
experiment_name,080b500d-08d0-4066-98c5-07c6de3f5bae,function_transfer_time,1779123815.0858068,0.000086543
experiment_name,080b500d-08d0-4066-98c5-07c6de3f5bae,function_transfer_time,1779123815.1870608,0.000023702
experiment_name,080b500d-08d0-4066-98c5-07c6de3f5bae,function_transfer_time,1779123815.2873368,0.000033094
experiment_name,080b500d-08d0-4066-98c5-07c6de3f5bae,function_transfer_time,1779123815.3887029,0.000084026
experiment_name,080b500d-08d0-4066-98c5-07c6de3f5bae,function_transfer_time,1779123815.4900367,0.000084764
experiment_name,080b500d-08d0-4066-98c5-07c6de3f5bae,function_transfer_time,1779123815.5903785,0.000078717
experiment_name,080b500d-08d0-4066-98c5-07c6de3f5bae,function_transfer_time,1779123815.6916838,0.000081224
experiment_name,080b500d-08d0-4066-98c5-07c6de3f5bae,function_transfer_time,1779123815.793024,0.000085719
experiment_name,080b500d-08d0-4066-98c5-07c6de3f5bae,function_transfer_time,1779123815.8943977,0.000081149
experiment_name,080b500d-08d0-4066-98c5-07c6de3f5bae,function_transfer_time,1779123815.995726,0.00008544
experiment_name,080b500d-08d0-4066-98c5-07c6de3f5bae,function_transfer_time,1779123816.097225,0.000081252
experiment_name,080b500d-08d0-4066-98c5-07c6de3f5bae,function_transfer_time,1779123816.1985292,0.000079613
experiment_name,080b500d-08d0-4066-98c5-07c6de3f5bae,function_transfer_time,1779123816.2998655,0.000083358
experiment_name,080b500d-08d0-4066-98c5-07c6de3f5bae,function_transfer_time,1779123816.4011602,0.000076263
experiment_name,080b500d-08d0-4066-98c5-07c6de3f5bae,function_transfer_time,1779123816.5024893,0.000082104
experiment_name,080b500d-08d0-4066-98c5-07c6de3f5bae,function_transfer_time,1779123816.6038337,0.000082438
experiment_name,080b500d-08d0-4066-98c5-07c6de3f5bae,function_transfer_time,1779123816.7051392,0.000075623
experiment_name,080b500d-08d0-4066-98c5-07c6de3f5bae,function_transfer_time,1779123816.806629,0.000077172
experiment_name,080b500d-08d0-4066-98c5-07c6de3f5bae,function_transfer_time,1779123816.9079874,0.000076213
experiment_name,080b500d-08d0-4066-98c5-07c6de3f5bae,function_transfer_time,1779123817.0083098,0.000077309
experiment_name,080b500d-08d0-4066-98c5-07c6de3f5bae,function_transfer_time,1779123817.1096256,0.00007852
experiment_name,080b500d-08d0-4066-98c5-07c6de3f5bae,function_transfer_time,1779123817.21094,0.000075184
experiment_name,080b500d-08d0-4066-98c5-07c6de3f5bae,function_transfer_time,1779123817.3122675,0.000074431
experiment_name,080b500d-08d0-4066-98c5-07c6de3f5bae,function_transfer_time,1779123817.4135723,0.000079585
experiment_name,080b500d-08d0-4066-98c5-07c6de3f5bae,function_transfer_time,1779123817.5148988,0.000076516
experiment_name,080b500d-08d0-4066-98c5-07c6de3f5bae,function_transfer_time,1779123817.616145,0.00001888
experiment_name,080b500d-08d0-4066-98c5-07c6de3f5bae,function_transfer_time,1779123817.7175384,0.000077863
experiment_name,080b500d-08d0-4066-98c5-07c6de3f5bae,function_transfer_time,1779123817.8189678,0.000082628
experiment_name,080b500d-08d0-4066-98c5-07c6de3f5bae,function_transfer_time,1779123817.9193327,0.000080334
experiment_name,080b500d-08d0-4066-98c5-07c6de3f5bae,function_transfer_time,1779123818.0207393,0.000077279
experiment_name,080b500d-08d0-4066-98c5-07c6de3f5bae,function_transfer_time,1779123818.1221406,0.000076826
experiment_name,080b500d-08d0-4066-98c5-07c6de3f5bae,function_transfer_time,1779123818.2234097,0.000023086
experiment_name,080b500d-08d0-4066-98c5-07c6de3f5bae,function_transfer_time,1779123818.3247173,0.000078394
experiment_name,080b500d-08d0-4066-98c5-07c6de3f5bae,function_transfer_time,1779123818.4260144,0.00007694
experiment_name,080b500d-08d0-4066-98c5-07c6de3f5bae,function_transfer_time,1779123818.526371,0.000096027
experiment_name,080b500d-08d0-4066-98c5-07c6de3f5bae,function_transfer_time,1779123818.6276999,0.000084387
experiment_name,080b500d-08d0-4066-98c5-07c6de3f5bae,function_transfer_time,1779123818.7290425,0.000082475
experiment_name,080b500d-08d0-4066-98c5-07c6de3f5bae,function_transfer_time,1779123818.8293471,0.000083051
experiment_name,080b500d-08d0-4066-98c5-07c6de3f5bae,function_transfer_time,1779123818.930751,0.000079228
experiment_name,080b500d-08d0-4066-98c5-07c6de3f5bae,function_transfer_time,1779123819.0320697,0.000078751
experiment_name,080b500d-08d0-4066-98c5-07c6de3f5bae,function_transfer_time,1779123819.1333933,0.000076104
experiment_name,080b500d-08d0-4066-98c5-07c6de3f5bae,function_transfer_time,1779123819.2347286,0.000078551
experiment_name,080b500d-08d0-4066-98c5-07c6de3f5bae,function_transfer_time,1779123819.3360238,0.000075057
experiment_name,080b500d-08d0-4066-98c5-07c6de3f5bae,function_transfer_time,1779123819.4363463,0.000073995
experiment_name,080b500d-08d0-4066-98c5-07c6de3f5bae,function_transfer_time,1779123819.5376532,0.000083328
experiment_name,81daf96a-3b50-47a1-abc9-d25bdbca5c32,function_execution_time,1779123819.6386814,0.000061879
experiment_name,81daf96a-3b50-47a1-abc9-d25bdbca5c32,function_execution_time,1779123819.740047,0.000054799
experiment_name,81daf96a-3b50-47a1-abc9-d25bdbca5c32,function_execution_time,1779123819.8413591,0.000057788
experiment_name,81daf96a-3b50-47a1-abc9-d25bdbca5c32,function_execution_time,1779123819.942824,0.000066217
experiment_name,81daf96a-3b50-47a1-abc9-d25bdbca5c32,function_execution_time,1779123820.0439918,0.000070547
experiment_name,81daf96a-3b50-47a1-abc9-d25bdbca5c32,function_execution_time,1779123820.145367,0.00005849
experiment_name,81daf96a-3b50-47a1-abc9-d25bdbca5c32,function_execution_time,1779123820.2466638,0.000058362
experiment_name,81daf96a-3b50-47a1-abc9-d25bdbca5c32,function_execution_time,1779123820.347985,0.000056121
experiment_name,81daf96a-3b50-47a1-abc9-d25bdbca5c32,function_execution_time,1779123820.4493372,0.000068711
experiment_name,81daf96a-3b50-47a1-abc9-d25bdbca5c32,function_execution_time,1779123820.5505943,0.00005539
experiment_name,81daf96a-3b50-47a1-abc9-d25bdbca5c32,function_execution_time,1779123820.6519632,0.000055861
experiment_name,81daf96a-3b50-47a1-abc9-d25bdbca5c32,function_execution_time,1779123820.7531962,0.000057667
experiment_name,81daf96a-3b50-47a1-abc9-d25bdbca5c32,function_execution_time,1779123820.853492,0.000064596
experiment_name,81daf96a-3b50-47a1-abc9-d25bdbca5c32,function_execution_time,1779123820.954851,0.000062005
experiment_name,81daf96a-3b50-47a1-abc9-d25bdbca5c32,function_execution_time,1779123821.056064,0.000056547
experiment_name,81daf96a-3b50-47a1-abc9-d25bdbca5c32,function_execution_time,1779123821.157445,0.000055526
experiment_name,81daf96a-3b50-47a1-abc9-d25bdbca5c32,function_execution_time,1779123821.2586675,0.000058649
experiment_name,81daf96a-3b50-47a1-abc9-d25bdbca5c32,function_execution_time,1779123821.3600202,0.000060718
experiment_name,81daf96a-3b50-47a1-abc9-d25bdbca5c32,function_execution_time,1779123821.4612439,0.000058895
experiment_name,81daf96a-3b50-47a1-abc9-d25bdbca5c32,function_execution_time,1779123821.5627835,0.00005468
experiment_name,81daf96a-3b50-47a1-abc9-d25bdbca5c32,function_execution_time,1779123821.6639838,0.000056342
experiment_name,81daf96a-3b50-47a1-abc9-d25bdbca5c32,function_execution_time,1779123821.7653787,0.000053812
experiment_name,81daf96a-3b50-47a1-abc9-d25bdbca5c32,function_execution_time,1779123821.8667023,0.000078109
experiment_name,81daf96a-3b50-47a1-abc9-d25bdbca5c32,function_execution_time,1779123821.9680698,0.000054573
experiment_name,81daf96a-3b50-47a1-abc9-d25bdbca5c32,function_execution_time,1779123822.0693123,0.000057799
experiment_name,81daf96a-3b50-47a1-abc9-d25bdbca5c32,function_execution_time,1779123822.1707232,0.000058747
experiment_name,81daf96a-3b50-47a1-abc9-d25bdbca5c32,function_execution_time,1779123822.2719705,0.000064843
experiment_name,81daf96a-3b50-47a1-abc9-d25bdbca5c32,function_execution_time,1779123822.3732982,0.00005452
experiment_name,81daf96a-3b50-47a1-abc9-d25bdbca5c32,function_execution_time,1779123822.4746335,0.000054822
experiment_name,81daf96a-3b50-47a1-abc9-d25bdbca5c32,function_execution_time,1779123822.5759609,0.000055059
experiment_name,81daf96a-3b50-47a1-abc9-d25bdbca5c32,function_execution_time,1779123822.6772637,0.000062475
experiment_name,81daf96a-3b50-47a1-abc9-d25bdbca5c32,function_execution_time,1779123822.7775927,0.000056919
experiment_name,81daf96a-3b50-47a1-abc9-d25bdbca5c32,function_execution_time,1779123822.87889,0.000054899
experiment_name,81daf96a-3b50-47a1-abc9-d25bdbca5c32,function_execution_time,1779123822.9803035,0.000054497
experiment_name,81daf96a-3b50-47a1-abc9-d25bdbca5c32,function_execution_time,1779123823.0815556,0.000057462
experiment_name,81daf96a-3b50-47a1-abc9-d25bdbca5c32,function_execution_time,1779123823.1829572,0.000064298
experiment_name,81daf96a-3b50-47a1-abc9-d25bdbca5c32,function_execution_time,1779123823.2841957,0.000057947
experiment_name,81daf96a-3b50-47a1-abc9-d25bdbca5c32,function_execution_time,1779123823.384584,0.000055254
experiment_name,81daf96a-3b50-47a1-abc9-d25bdbca5c32,function_execution_time,1779123823.4858446,0.000057857
experiment_name,81daf96a-3b50-47a1-abc9-d25bdbca5c32,function_execution_time,1779123823.5872653,0.000063223
experiment_name,81daf96a-3b50-47a1-abc9-d25bdbca5c32,function_execution_time,1779123823.6876552,0.000059091
experiment_name,81daf96a-3b50-47a1-abc9-d25bdbca5c32,function_execution_time,1779123823.789068,0.000055112
experiment_name,81daf96a-3b50-47a1-abc9-d25bdbca5c32,function_execution_time,1779123823.8903513,0.000054896
experiment_name,81daf96a-3b50-47a1-abc9-d25bdbca5c32,function_execution_time,1779123823.9917479,0.000054743
experiment_name,81daf96a-3b50-47a1-abc9-d25bdbca5c32,function_execution_time,1779123824.0930355,0.0000719
experiment_name,81daf96a-3b50-47a1-abc9-d25bdbca5c32,function_execution_time,1779123824.1943617,0.000060044
experiment_name,81daf96a-3b50-47a1-abc9-d25bdbca5c32,function_execution_time,1779123824.295666,0.000069694
experiment_name,81daf96a-3b50-47a1-abc9-d25bdbca5c32,function_execution_time,1779123824.3970628,0.000057753
experiment_name,81daf96a-3b50-47a1-abc9-d25bdbca5c32,function_execution_time,1779123824.4983556,0.000071934
experiment_name,81daf96a-3b50-47a1-abc9-d25bdbca5c32,function_execution_time,1779123824.5997565,0.000057568
experiment_name,080b500d-08d0-4066-98c5-07c6de3f5bae,function_execution_time,1779123819.6385522,0.000083655
experiment_name,080b500d-08d0-4066-98c5-07c6de3f5bae,function_execution_time,1779123819.7398825,0.00007319
experiment_name,080b500d-08d0-4066-98c5-07c6de3f5bae,function_execution_time,1779123819.8412993,0.000172649
experiment_name,080b500d-08d0-4066-98c5-07c6de3f5bae,function_execution_time,1779123819.9427133,0.000103704
experiment_name,080b500d-08d0-4066-98c5-07c6de3f5bae,function_execution_time,1779123820.0439236,0.000099821
experiment_name,080b500d-08d0-4066-98c5-07c6de3f5bae,function_execution_time,1779123820.1452227,0.00008291
experiment_name,080b500d-08d0-4066-98c5-07c6de3f5bae,function_execution_time,1779123820.2465672,0.000099935
experiment_name,080b500d-08d0-4066-98c5-07c6de3f5bae,function_execution_time,1779123820.3478234,0.000071676
experiment_name,080b500d-08d0-4066-98c5-07c6de3f5bae,function_execution_time,1779123820.4491558,0.000076939
experiment_name,080b500d-08d0-4066-98c5-07c6de3f5bae,function_execution_time,1779123820.5505314,0.000092595
experiment_name,080b500d-08d0-4066-98c5-07c6de3f5bae,function_execution_time,1779123820.6518722,0.000086612
experiment_name,080b500d-08d0-4066-98c5-07c6de3f5bae,function_execution_time,1779123820.753058,0.000069809
experiment_name,080b500d-08d0-4066-98c5-07c6de3f5bae,function_execution_time,1779123820.8534262,0.000159754
experiment_name,080b500d-08d0-4066-98c5-07c6de3f5bae,function_execution_time,1779123820.9546828,0.000071807
experiment_name,080b500d-08d0-4066-98c5-07c6de3f5bae,function_execution_time,1779123821.0560625,0.000082586
experiment_name,080b500d-08d0-4066-98c5-07c6de3f5bae,function_execution_time,1779123821.1572685,0.000080987
experiment_name,080b500d-08d0-4066-98c5-07c6de3f5bae,function_execution_time,1779123821.258583,0.000069751
experiment_name,080b500d-08d0-4066-98c5-07c6de3f5bae,function_execution_time,1779123821.3598568,0.000071752
experiment_name,080b500d-08d0-4066-98c5-07c6de3f5bae,function_execution_time,1779123821.461164,0.000075846
experiment_name,080b500d-08d0-4066-98c5-07c6de3f5bae,function_execution_time,1779123821.562693,0.000083937
experiment_name,080b500d-08d0-4066-98c5-07c6de3f5bae,function_execution_time,1779123821.6639032,0.000071727
experiment_name,080b500d-08d0-4066-98c5-07c6de3f5bae,function_execution_time,1779123821.7652216,0.000070394
experiment_name,080b500d-08d0-4066-98c5-07c6de3f5bae,function_execution_time,1779123821.8666413,0.00016458
experiment_name,080b500d-08d0-4066-98c5-07c6de3f5bae,function_execution_time,1779123821.9679046,0.000071536
experiment_name,080b500d-08d0-4066-98c5-07c6de3f5bae,function_execution_time,1779123822.0692372,0.000075843
experiment_name,080b500d-08d0-4066-98c5-07c6de3f5bae,function_execution_time,1779123822.1705747,0.000073944
experiment_name,080b500d-08d0-4066-98c5-07c6de3f5bae,function_execution_time,1779123822.2719595,0.000089348
experiment_name,080b500d-08d0-4066-98c5-07c6de3f5bae,function_execution_time,1779123822.3731775,0.000080067
experiment_name,080b500d-08d0-4066-98c5-07c6de3f5bae,function_execution_time,1779123822.4744778,0.000094358
experiment_name,080b500d-08d0-4066-98c5-07c6de3f5bae,function_execution_time,1779123822.5758076,0.000081932
experiment_name,080b500d-08d0-4066-98c5-07c6de3f5bae,function_execution_time,1779123822.6771162,0.000071676
experiment_name,080b500d-08d0-4066-98c5-07c6de3f5bae,function_execution_time,1779123822.7774465,0.000075653
experiment_name,080b500d-08d0-4066-98c5-07c6de3f5bae,function_execution_time,1779123822.8788345,0.000138537
experiment_name,080b500d-08d0-4066-98c5-07c6de3f5bae,function_execution_time,1779123822.9801369,0.00007909
experiment_name,080b500d-08d0-4066-98c5-07c6de3f5bae,function_execution_time,1779123823.0815518,0.000094237
experiment_name,080b500d-08d0-4066-98c5-07c6de3f5bae,function_execution_time,1779123823.1827881,0.000073012
experiment_name,080b500d-08d0-4066-98c5-07c6de3f5bae,function_execution_time,1779123823.2841914,0.000084744
experiment_name,080b500d-08d0-4066-98c5-07c6de3f5bae,function_execution_time,1779123823.3844357,0.000072668
experiment_name,080b500d-08d0-4066-98c5-07c6de3f5bae,function_execution_time,1779123823.485758,0.000071625
experiment_name,080b500d-08d0-4066-98c5-07c6de3f5bae,function_execution_time,1779123823.587097,0.00007475
experiment_name,080b500d-08d0-4066-98c5-07c6de3f5bae,function_execution_time,1779123823.687651,0.000085042
experiment_name,080b500d-08d0-4066-98c5-07c6de3f5bae,function_execution_time,1779123823.788912,0.000072955
experiment_name,080b500d-08d0-4066-98c5-07c6de3f5bae,function_execution_time,1779123823.8902934,0.000143276
experiment_name,080b500d-08d0-4066-98c5-07c6de3f5bae,function_execution_time,1779123823.9916584,0.00008824
experiment_name,080b500d-08d0-4066-98c5-07c6de3f5bae,function_execution_time,1779123824.0929365,0.000076844
experiment_name,080b500d-08d0-4066-98c5-07c6de3f5bae,function_execution_time,1779123824.1942072,0.000076476
experiment_name,080b500d-08d0-4066-98c5-07c6de3f5bae,function_execution_time,1779123824.2955673,0.000087647
experiment_name,080b500d-08d0-4066-98c5-07c6de3f5bae,function_execution_time,1779123824.3968916,0.000077585
experiment_name,080b500d-08d0-4066-98c5-07c6de3f5bae,function_execution_time,1779123824.4982533,0.000078794
experiment_name,080b500d-08d0-4066-98c5-07c6de3f5bae,function_execution_time,1779123824.5995805,0.000077605
experiment_name,81daf96a-3b50-47a1-abc9-d25bdbca5c32,function_transfer_time,1779123819.6386123,0.000093831
experiment_name,81daf96a-3b50-47a1-abc9-d25bdbca5c32,function_transfer_time,1779123819.7399914,0.000131459
experiment_name,81daf96a-3b50-47a1-abc9-d25bdbca5c32,function_transfer_time,1779123819.8413017,0.00003535
experiment_name,81daf96a-3b50-47a1-abc9-d25bdbca5c32,function_transfer_time,1779123819.942748,0.000128372
experiment_name,81daf96a-3b50-47a1-abc9-d25bdbca5c32,function_transfer_time,1779123820.0439188,0.000037096
experiment_name,81daf96a-3b50-47a1-abc9-d25bdbca5c32,function_transfer_time,1779123820.1453068,0.000106265
experiment_name,81daf96a-3b50-47a1-abc9-d25bdbca5c32,function_transfer_time,1779123820.2466002,0.000124635
experiment_name,81daf96a-3b50-47a1-abc9-d25bdbca5c32,function_transfer_time,1779123820.3479285,0.000132654
experiment_name,81daf96a-3b50-47a1-abc9-d25bdbca5c32,function_transfer_time,1779123820.4492674,0.000132489
experiment_name,81daf96a-3b50-47a1-abc9-d25bdbca5c32,function_transfer_time,1779123820.550534,0.00010184
experiment_name,81daf96a-3b50-47a1-abc9-d25bdbca5c32,function_transfer_time,1779123820.6519024,0.000122248
experiment_name,81daf96a-3b50-47a1-abc9-d25bdbca5c32,function_transfer_time,1779123820.7531447,0.000107992
experiment_name,81daf96a-3b50-47a1-abc9-d25bdbca5c32,function_transfer_time,1779123820.8534229,0.000034431
experiment_name,81daf96a-3b50-47a1-abc9-d25bdbca5c32,function_transfer_time,1779123820.954789,0.000136835
experiment_name,81daf96a-3b50-47a1-abc9-d25bdbca5c32,function_transfer_time,1779123821.0560591,0.000029327
experiment_name,81daf96a-3b50-47a1-abc9-d25bdbca5c32,function_transfer_time,1779123821.1573715,0.000133978
experiment_name,81daf96a-3b50-47a1-abc9-d25bdbca5c32,function_transfer_time,1779123821.2586508,0.000057611
experiment_name,81daf96a-3b50-47a1-abc9-d25bdbca5c32,function_transfer_time,1779123821.3599586,0.000126938
experiment_name,81daf96a-3b50-47a1-abc9-d25bdbca5c32,function_transfer_time,1779123821.461241,0.00004527
experiment_name,81daf96a-3b50-47a1-abc9-d25bdbca5c32,function_transfer_time,1779123821.5627217,0.000116936
experiment_name,81daf96a-3b50-47a1-abc9-d25bdbca5c32,function_transfer_time,1779123821.6639266,0.000049136
experiment_name,81daf96a-3b50-47a1-abc9-d25bdbca5c32,function_transfer_time,1779123821.7653244,0.000132083
experiment_name,81daf96a-3b50-47a1-abc9-d25bdbca5c32,function_transfer_time,1779123821.866619,0.000028359
experiment_name,81daf96a-3b50-47a1-abc9-d25bdbca5c32,function_transfer_time,1779123821.96801,0.000132599
experiment_name,81daf96a-3b50-47a1-abc9-d25bdbca5c32,function_transfer_time,1779123822.0693095,0.000044298
experiment_name,81daf96a-3b50-47a1-abc9-d25bdbca5c32,function_transfer_time,1779123822.1706643,0.000112154
experiment_name,81daf96a-3b50-47a1-abc9-d25bdbca5c32,function_transfer_time,1779123822.2719555,0.00002842
experiment_name,81daf96a-3b50-47a1-abc9-d25bdbca5c32,function_transfer_time,1779123822.373237,0.000091551
experiment_name,81daf96a-3b50-47a1-abc9-d25bdbca5c32,function_transfer_time,1779123822.4745777,0.000138588
experiment_name,81daf96a-3b50-47a1-abc9-d25bdbca5c32,function_transfer_time,1779123822.5759058,0.000124048
experiment_name,81daf96a-3b50-47a1-abc9-d25bdbca5c32,function_transfer_time,1779123822.6772,0.0001128
experiment_name,81daf96a-3b50-47a1-abc9-d25bdbca5c32,function_transfer_time,1779123822.7775357,0.000122777
experiment_name,81daf96a-3b50-47a1-abc9-d25bdbca5c32,function_transfer_time,1779123822.87883,0.000028504
experiment_name,81daf96a-3b50-47a1-abc9-d25bdbca5c32,function_transfer_time,1779123822.9802485,0.000136949
experiment_name,81daf96a-3b50-47a1-abc9-d25bdbca5c32,function_transfer_time,1779123823.0815544,0.000033929
experiment_name,81daf96a-3b50-47a1-abc9-d25bdbca5c32,function_transfer_time,1779123823.182892,0.000132432
experiment_name,81daf96a-3b50-47a1-abc9-d25bdbca5c32,function_transfer_time,1779123823.2841945,0.00004863
experiment_name,81daf96a-3b50-47a1-abc9-d25bdbca5c32,function_transfer_time,1779123823.3845286,0.000123309
experiment_name,81daf96a-3b50-47a1-abc9-d25bdbca5c32,function_transfer_time,1779123823.4858317,0.000053504
experiment_name,81daf96a-3b50-47a1-abc9-d25bdbca5c32,function_transfer_time,1779123823.5872023,0.000123334
experiment_name,81daf96a-3b50-47a1-abc9-d25bdbca5c32,function_transfer_time,1779123823.687654,0.000038878
experiment_name,81daf96a-3b50-47a1-abc9-d25bdbca5c32,function_transfer_time,1779123823.7890124,0.000121859
experiment_name,81daf96a-3b50-47a1-abc9-d25bdbca5c32,function_transfer_time,1779123823.8902957,0.000034578
experiment_name,81daf96a-3b50-47a1-abc9-d25bdbca5c32,function_transfer_time,1779123823.9916828,0.000113366
experiment_name,81daf96a-3b50-47a1-abc9-d25bdbca5c32,function_transfer_time,1779123824.093008,0.000047437
experiment_name,81daf96a-3b50-47a1-abc9-d25bdbca5c32,function_transfer_time,1779123824.1943011,0.000121352
experiment_name,81daf96a-3b50-47a1-abc9-d25bdbca5c32,function_transfer_time,1779123824.2956429,0.000053094
experiment_name,81daf96a-3b50-47a1-abc9-d25bdbca5c32,function_transfer_time,1779123824.3970044,0.000139181
experiment_name,81daf96a-3b50-47a1-abc9-d25bdbca5c32,function_transfer_time,1779123824.4983258,0.000064056
experiment_name,81daf96a-3b50-47a1-abc9-d25bdbca5c32,function_transfer_time,1779123824.5996985,0.000139208
experiment_name,080b500d-08d0-4066-98c5-07c6de3f5bae,function_transfer_time,1779123819.6384642,0.000019014
experiment_name,080b500d-08d0-4066-98c5-07c6de3f5bae,function_transfer_time,1779123819.7398047,0.000086724
experiment_name,080b500d-08d0-4066-98c5-07c6de3f5bae,function_transfer_time,1779123819.8411212,0.000084382
experiment_name,080b500d-08d0-4066-98c5-07c6de3f5bae,function_transfer_time,1779123819.9425457,0.000089132
experiment_name,080b500d-08d0-4066-98c5-07c6de3f5bae,function_transfer_time,1779123820.0438132,0.000034829
experiment_name,080b500d-08d0-4066-98c5-07c6de3f5bae,function_transfer_time,1779123820.145141,0.000081961
experiment_name,080b500d-08d0-4066-98c5-07c6de3f5bae,function_transfer_time,1779123820.2464097,0.000024528
experiment_name,080b500d-08d0-4066-98c5-07c6de3f5bae,function_transfer_time,1779123820.3477407,0.000082137
experiment_name,080b500d-08d0-4066-98c5-07c6de3f5bae,function_transfer_time,1779123820.4490771,0.00007983
experiment_name,080b500d-08d0-4066-98c5-07c6de3f5bae,function_transfer_time,1779123820.5503821,0.00007901
experiment_name,080b500d-08d0-4066-98c5-07c6de3f5bae,function_transfer_time,1779123820.6517198,0.000081599
experiment_name,080b500d-08d0-4066-98c5-07c6de3f5bae,function_transfer_time,1779123820.7529776,0.000024235
experiment_name,080b500d-08d0-4066-98c5-07c6de3f5bae,function_transfer_time,1779123820.853254,0.000024736
experiment_name,080b500d-08d0-4066-98c5-07c6de3f5bae,function_transfer_time,1779123820.954596,0.000022387
experiment_name,080b500d-08d0-4066-98c5-07c6de3f5bae,function_transfer_time,1779123821.0559213,0.000081615
experiment_name,080b500d-08d0-4066-98c5-07c6de3f5bae,function_transfer_time,1779123821.1571825,0.000023309
experiment_name,080b500d-08d0-4066-98c5-07c6de3f5bae,function_transfer_time,1779123821.258497,0.000082102
experiment_name,080b500d-08d0-4066-98c5-07c6de3f5bae,function_transfer_time,1779123821.359778,0.000023128
experiment_name,080b500d-08d0-4066-98c5-07c6de3f5bae,function_transfer_time,1779123821.4610903,0.000080147
experiment_name,080b500d-08d0-4066-98c5-07c6de3f5bae,function_transfer_time,1779123821.5625463,0.000090074
experiment_name,080b500d-08d0-4066-98c5-07c6de3f5bae,function_transfer_time,1779123821.6638203,0.000020271
experiment_name,080b500d-08d0-4066-98c5-07c6de3f5bae,function_transfer_time,1779123821.7651386,0.000083918
experiment_name,080b500d-08d0-4066-98c5-07c6de3f5bae,function_transfer_time,1779123821.866475,0.000080777
experiment_name,080b500d-08d0-4066-98c5-07c6de3f5bae,function_transfer_time,1779123821.9678228,0.000081823
experiment_name,080b500d-08d0-4066-98c5-07c6de3f5bae,function_transfer_time,1779123822.0691588,0.000080334
experiment_name,080b500d-08d0-4066-98c5-07c6de3f5bae,function_transfer_time,1779123822.170496,0.000079087
experiment_name,080b500d-08d0-4066-98c5-07c6de3f5bae,function_transfer_time,1779123822.271811,0.000078065
experiment_name,080b500d-08d0-4066-98c5-07c6de3f5bae,function_transfer_time,1779123822.373093,0.000028816
experiment_name,080b500d-08d0-4066-98c5-07c6de3f5bae,function_transfer_time,1779123822.4743817,0.000084742
experiment_name,080b500d-08d0-4066-98c5-07c6de3f5bae,function_transfer_time,1779123822.5757263,0.000080588
experiment_name,080b500d-08d0-4066-98c5-07c6de3f5bae,function_transfer_time,1779123822.6770322,0.000074544
experiment_name,080b500d-08d0-4066-98c5-07c6de3f5bae,function_transfer_time,1779123822.7773564,0.000077088
experiment_name,080b500d-08d0-4066-98c5-07c6de3f5bae,function_transfer_time,1779123822.8786922,0.00007712
experiment_name,080b500d-08d0-4066-98c5-07c6de3f5bae,function_transfer_time,1779123822.9800484,0.00007767
experiment_name,080b500d-08d0-4066-98c5-07c6de3f5bae,function_transfer_time,1779123823.0813966,0.0000784
experiment_name,080b500d-08d0-4066-98c5-07c6de3f5bae,function_transfer_time,1779123823.1827037,0.000078131
experiment_name,080b500d-08d0-4066-98c5-07c6de3f5bae,function_transfer_time,1779123823.2840388,0.000085087
experiment_name,080b500d-08d0-4066-98c5-07c6de3f5bae,function_transfer_time,1779123823.3843496,0.000080887
experiment_name,080b500d-08d0-4066-98c5-07c6de3f5bae,function_transfer_time,1779123823.4856768,0.00008179
experiment_name,080b500d-08d0-4066-98c5-07c6de3f5bae,function_transfer_time,1779123823.5870242,0.000083856
experiment_name,080b500d-08d0-4066-98c5-07c6de3f5bae,function_transfer_time,1779123823.6874998,0.000084157
experiment_name,080b500d-08d0-4066-98c5-07c6de3f5bae,function_transfer_time,1779123823.788836,0.000081628
experiment_name,080b500d-08d0-4066-98c5-07c6de3f5bae,function_transfer_time,1779123823.8901436,0.000083548
experiment_name,080b500d-08d0-4066-98c5-07c6de3f5bae,function_transfer_time,1779123823.9915102,0.000078205
experiment_name,080b500d-08d0-4066-98c5-07c6de3f5bae,function_transfer_time,1779123824.0928583,0.000086418
experiment_name,080b500d-08d0-4066-98c5-07c6de3f5bae,function_transfer_time,1779123824.1941214,0.00002698
experiment_name,080b500d-08d0-4066-98c5-07c6de3f5bae,function_transfer_time,1779123824.2954826,0.000087675
experiment_name,080b500d-08d0-4066-98c5-07c6de3f5bae,function_transfer_time,1779123824.3968065,0.000084275
experiment_name,080b500d-08d0-4066-98c5-07c6de3f5bae,function_transfer_time,1779123824.4981575,0.000090162
experiment_name,080b500d-08d0-4066-98c5-07c6de3f5bae,function_transfer_time,1779123824.5994995,0.000086739
experiment_name,81daf96a-3b50-47a1-abc9-d25bdbca5c32,function_execution_time,1779123824.7013104,0.000060882
experiment_name,81daf96a-3b50-47a1-abc9-d25bdbca5c32,function_execution_time,1779123824.8026412,0.00003984
experiment_name,81daf96a-3b50-47a1-abc9-d25bdbca5c32,function_execution_time,1779123824.9040306,0.000067781
experiment_name,81daf96a-3b50-47a1-abc9-d25bdbca5c32,function_execution_time,1779123825.0054367,0.000055355
experiment_name,81daf96a-3b50-47a1-abc9-d25bdbca5c32,function_execution_time,1779123825.1067536,0.000057048
experiment_name,81daf96a-3b50-47a1-abc9-d25bdbca5c32,function_execution_time,1779123825.2082536,0.000058404
experiment_name,81daf96a-3b50-47a1-abc9-d25bdbca5c32,function_execution_time,1779123825.3086216,0.000070444
experiment_name,81daf96a-3b50-47a1-abc9-d25bdbca5c32,function_execution_time,1779123825.4099379,0.000058798
experiment_name,81daf96a-3b50-47a1-abc9-d25bdbca5c32,function_execution_time,1779123825.5113375,0.000056802
experiment_name,81daf96a-3b50-47a1-abc9-d25bdbca5c32,function_execution_time,1779123825.6126103,0.000064416
experiment_name,81daf96a-3b50-47a1-abc9-d25bdbca5c32,function_execution_time,1779123825.7139401,0.000054654
experiment_name,81daf96a-3b50-47a1-abc9-d25bdbca5c32,function_execution_time,1779123825.8154047,0.000054994
experiment_name,81daf96a-3b50-47a1-abc9-d25bdbca5c32,function_execution_time,1779123825.9167137,0.000059895
experiment_name,81daf96a-3b50-47a1-abc9-d25bdbca5c32,function_execution_time,1779123826.0181265,0.000070563
experiment_name,81daf96a-3b50-47a1-abc9-d25bdbca5c32,function_execution_time,1779123826.1194386,0.000058945
experiment_name,81daf96a-3b50-47a1-abc9-d25bdbca5c32,function_execution_time,1779123826.2207227,0.000061596
experiment_name,81daf96a-3b50-47a1-abc9-d25bdbca5c32,function_execution_time,1779123826.3220155,0.000054176
experiment_name,81daf96a-3b50-47a1-abc9-d25bdbca5c32,function_execution_time,1779123826.4233477,0.00005518
experiment_name,81daf96a-3b50-47a1-abc9-d25bdbca5c32,function_execution_time,1779123826.5246897,0.000064075
experiment_name,81daf96a-3b50-47a1-abc9-d25bdbca5c32,function_execution_time,1779123826.6259973,0.000055029
experiment_name,81daf96a-3b50-47a1-abc9-d25bdbca5c32,function_execution_time,1779123826.727308,0.000053813
experiment_name,81daf96a-3b50-47a1-abc9-d25bdbca5c32,function_execution_time,1779123826.8286192,0.000053976
experiment_name,81daf96a-3b50-47a1-abc9-d25bdbca5c32,function_execution_time,1779123826.9299192,0.000060925
experiment_name,81daf96a-3b50-47a1-abc9-d25bdbca5c32,function_execution_time,1779123827.0312784,0.000054045
experiment_name,81daf96a-3b50-47a1-abc9-d25bdbca5c32,function_execution_time,1779123827.1326032,0.00005339
experiment_name,81daf96a-3b50-47a1-abc9-d25bdbca5c32,function_execution_time,1779123827.2339191,0.000053458
experiment_name,81daf96a-3b50-47a1-abc9-d25bdbca5c32,function_execution_time,1779123827.3352363,0.000064446
experiment_name,81daf96a-3b50-47a1-abc9-d25bdbca5c32,function_execution_time,1779123827.435583,0.000058073
experiment_name,81daf96a-3b50-47a1-abc9-d25bdbca5c32,function_execution_time,1779123827.5368721,0.000053351
experiment_name,81daf96a-3b50-47a1-abc9-d25bdbca5c32,function_execution_time,1779123827.6381795,0.000053459
experiment_name,81daf96a-3b50-47a1-abc9-d25bdbca5c32,function_execution_time,1779123827.7385051,0.000053788
experiment_name,81daf96a-3b50-47a1-abc9-d25bdbca5c32,function_execution_time,1779123827.839822,0.000065087
experiment_name,81daf96a-3b50-47a1-abc9-d25bdbca5c32,function_execution_time,1779123827.9411204,0.000055678
experiment_name,81daf96a-3b50-47a1-abc9-d25bdbca5c32,function_execution_time,1779123828.0425155,0.000054832
experiment_name,81daf96a-3b50-47a1-abc9-d25bdbca5c32,function_execution_time,1779123828.143837,0.000058624
experiment_name,81daf96a-3b50-47a1-abc9-d25bdbca5c32,function_execution_time,1779123828.2450922,0.000063057
experiment_name,81daf96a-3b50-47a1-abc9-d25bdbca5c32,function_execution_time,1779123828.3464198,0.000054826
experiment_name,81daf96a-3b50-47a1-abc9-d25bdbca5c32,function_execution_time,1779123828.4477348,0.000055665
experiment_name,81daf96a-3b50-47a1-abc9-d25bdbca5c32,function_execution_time,1779123828.549071,0.000054001
experiment_name,81daf96a-3b50-47a1-abc9-d25bdbca5c32,function_execution_time,1779123828.6503975,0.000054661
experiment_name,81daf96a-3b50-47a1-abc9-d25bdbca5c32,function_execution_time,1779123828.7517216,0.00006242
experiment_name,81daf96a-3b50-47a1-abc9-d25bdbca5c32,function_execution_time,1779123828.8530376,0.000061026
experiment_name,81daf96a-3b50-47a1-abc9-d25bdbca5c32,function_execution_time,1779123828.954255,0.000053855
experiment_name,81daf96a-3b50-47a1-abc9-d25bdbca5c32,function_execution_time,1779123829.055646,0.000057765
experiment_name,81daf96a-3b50-47a1-abc9-d25bdbca5c32,function_execution_time,1779123829.1569889,0.000077304
experiment_name,81daf96a-3b50-47a1-abc9-d25bdbca5c32,function_execution_time,1779123829.2583263,0.000072695
experiment_name,81daf96a-3b50-47a1-abc9-d25bdbca5c32,function_execution_time,1779123829.3595643,0.000057866
experiment_name,81daf96a-3b50-47a1-abc9-d25bdbca5c32,function_execution_time,1779123829.4608514,0.000059497
experiment_name,81daf96a-3b50-47a1-abc9-d25bdbca5c32,function_execution_time,1779123829.562126,0.000064694
experiment_name,080b500d-08d0-4066-98c5-07c6de3f5bae,function_execution_time,1779123824.701306,0.000084794
experiment_name,080b500d-08d0-4066-98c5-07c6de3f5bae,function_execution_time,1779123824.8025649,0.000073783
experiment_name,080b500d-08d0-4066-98c5-07c6de3f5bae,function_execution_time,1779123824.9039586,0.000158448
experiment_name,080b500d-08d0-4066-98c5-07c6de3f5bae,function_execution_time,1779123825.0053399,0.000087481
experiment_name,080b500d-08d0-4066-98c5-07c6de3f5bae,function_execution_time,1779123825.1065912,0.000076291
experiment_name,080b500d-08d0-4066-98c5-07c6de3f5bae,function_execution_time,1779123825.2081068,0.000078867
experiment_name,080b500d-08d0-4066-98c5-07c6de3f5bae,function_execution_time,1779123825.3084621,0.000091723
experiment_name,080b500d-08d0-4066-98c5-07c6de3f5bae,function_execution_time,1779123825.409879,0.000127071
experiment_name,080b500d-08d0-4066-98c5-07c6de3f5bae,function_execution_time,1779123825.5112655,0.00009452
experiment_name,080b500d-08d0-4066-98c5-07c6de3f5bae,function_execution_time,1779123825.6124406,0.000074981
experiment_name,080b500d-08d0-4066-98c5-07c6de3f5bae,function_execution_time,1779123825.7138457,0.000084654
experiment_name,080b500d-08d0-4066-98c5-07c6de3f5bae,function_execution_time,1779123825.8152506,0.000069993
experiment_name,080b500d-08d0-4066-98c5-07c6de3f5bae,function_execution_time,1779123825.9166527,0.000152434
experiment_name,080b500d-08d0-4066-98c5-07c6de3f5bae,function_execution_time,1779123826.0179663,0.000074067
experiment_name,080b500d-08d0-4066-98c5-07c6de3f5bae,function_execution_time,1779123826.1192915,0.000081595
experiment_name,080b500d-08d0-4066-98c5-07c6de3f5bae,function_execution_time,1779123826.220559,0.000076577
experiment_name,080b500d-08d0-4066-98c5-07c6de3f5bae,function_execution_time,1779123826.3218596,0.00007123
experiment_name,080b500d-08d0-4066-98c5-07c6de3f5bae,function_execution_time,1779123826.423252,0.000084431
experiment_name,080b500d-08d0-4066-98c5-07c6de3f5bae,function_execution_time,1779123826.524525,0.00007362
experiment_name,080b500d-08d0-4066-98c5-07c6de3f5bae,function_execution_time,1779123826.6258316,0.000072849
experiment_name,080b500d-08d0-4066-98c5-07c6de3f5bae,function_execution_time,1779123826.7271519,0.000071283
experiment_name,080b500d-08d0-4066-98c5-07c6de3f5bae,function_execution_time,1779123826.8285255,0.000098958
experiment_name,080b500d-08d0-4066-98c5-07c6de3f5bae,function_execution_time,1779123826.9298606,0.000140102
experiment_name,080b500d-08d0-4066-98c5-07c6de3f5bae,function_execution_time,1779123827.0311346,0.000071798
experiment_name,080b500d-08d0-4066-98c5-07c6de3f5bae,function_execution_time,1779123827.1325166,0.000091876
experiment_name,080b500d-08d0-4066-98c5-07c6de3f5bae,function_execution_time,1779123827.2337794,0.000068993
experiment_name,080b500d-08d0-4066-98c5-07c6de3f5bae,function_execution_time,1779123827.335082,0.00007074
experiment_name,080b500d-08d0-4066-98c5-07c6de3f5bae,function_execution_time,1779123827.4354188,0.000078074
experiment_name,080b500d-08d0-4066-98c5-07c6de3f5bae,function_execution_time,1779123827.5367203,0.000070917
experiment_name,080b500d-08d0-4066-98c5-07c6de3f5bae,function_execution_time,1779123827.6380386,0.000071684
experiment_name,080b500d-08d0-4066-98c5-07c6de3f5bae,function_execution_time,1779123827.738329,0.000072137
experiment_name,080b500d-08d0-4066-98c5-07c6de3f5bae,function_execution_time,1779123827.8396547,0.000084761
experiment_name,080b500d-08d0-4066-98c5-07c6de3f5bae,function_execution_time,1779123827.9410732,0.000143729
experiment_name,080b500d-08d0-4066-98c5-07c6de3f5bae,function_execution_time,1779123828.0423481,0.000075336
experiment_name,080b500d-08d0-4066-98c5-07c6de3f5bae,function_execution_time,1779123828.1436977,0.0000837
experiment_name,080b500d-08d0-4066-98c5-07c6de3f5bae,function_execution_time,1779123828.2449486,0.000073217
experiment_name,080b500d-08d0-4066-98c5-07c6de3f5bae,function_execution_time,1779123828.3462632,0.00007144
experiment_name,080b500d-08d0-4066-98c5-07c6de3f5bae,function_execution_time,1779123828.4476006,0.000072113
experiment_name,080b500d-08d0-4066-98c5-07c6de3f5bae,function_execution_time,1779123828.5489078,0.000080878
experiment_name,080b500d-08d0-4066-98c5-07c6de3f5bae,function_execution_time,1779123828.6502428,0.000074212
experiment_name,080b500d-08d0-4066-98c5-07c6de3f5bae,function_execution_time,1779123828.75155,0.000072704
experiment_name,080b500d-08d0-4066-98c5-07c6de3f5bae,function_execution_time,1779123828.852964,0.000089021
experiment_name,080b500d-08d0-4066-98c5-07c6de3f5bae,function_execution_time,1779123828.9541974,0.000159334
experiment_name,080b500d-08d0-4066-98c5-07c6de3f5bae,function_execution_time,1779123829.0555167,0.000101562
experiment_name,080b500d-08d0-4066-98c5-07c6de3f5bae,function_execution_time,1779123829.1568234,0.000094977
experiment_name,080b500d-08d0-4066-98c5-07c6de3f5bae,function_execution_time,1779123829.2581844,0.000118519
experiment_name,080b500d-08d0-4066-98c5-07c6de3f5bae,function_execution_time,1779123829.3594136,0.000075106
experiment_name,080b500d-08d0-4066-98c5-07c6de3f5bae,function_execution_time,1779123829.4606972,0.000075236
experiment_name,080b500d-08d0-4066-98c5-07c6de3f5bae,function_execution_time,1779123829.5619588,0.000081829
experiment_name,81daf96a-3b50-47a1-abc9-d25bdbca5c32,function_transfer_time,1779123824.701309,0.000041407
experiment_name,81daf96a-3b50-47a1-abc9-d25bdbca5c32,function_transfer_time,1779123824.8026373,0.000044306
experiment_name,81daf96a-3b50-47a1-abc9-d25bdbca5c32,function_transfer_time,1779123824.9039612,0.00003864
experiment_name,81daf96a-3b50-47a1-abc9-d25bdbca5c32,function_transfer_time,1779123825.0053651,0.000121393
experiment_name,81daf96a-3b50-47a1-abc9-d25bdbca5c32,function_transfer_time,1779123825.1066966,0.000128922
experiment_name,81daf96a-3b50-47a1-abc9-d25bdbca5c32,function_transfer_time,1779123825.208195,0.000115144
experiment_name,81daf96a-3b50-47a1-abc9-d25bdbca5c32,function_transfer_time,1779123825.3085496,0.000120002
experiment_name,81daf96a-3b50-47a1-abc9-d25bdbca5c32,function_transfer_time,1779123825.409883,0.0000474
experiment_name,81daf96a-3b50-47a1-abc9-d25bdbca5c32,function_transfer_time,1779123825.5112698,0.000100472
experiment_name,81daf96a-3b50-47a1-abc9-d25bdbca5c32,function_transfer_time,1779123825.6125457,0.000136095
experiment_name,81daf96a-3b50-47a1-abc9-d25bdbca5c32,function_transfer_time,1779123825.7138774,0.000133124
experiment_name,81daf96a-3b50-47a1-abc9-d25bdbca5c32,function_transfer_time,1779123825.815349,0.000123195
experiment_name,81daf96a-3b50-47a1-abc9-d25bdbca5c32,function_transfer_time,1779123825.916655,0.00003736
experiment_name,81daf96a-3b50-47a1-abc9-d25bdbca5c32,function_transfer_time,1779123826.0180717,0.000114188
experiment_name,81daf96a-3b50-47a1-abc9-d25bdbca5c32,function_transfer_time,1779123826.1193774,0.000103481
experiment_name,81daf96a-3b50-47a1-abc9-d25bdbca5c32,function_transfer_time,1779123826.2206602,0.000126431
experiment_name,81daf96a-3b50-47a1-abc9-d25bdbca5c32,function_transfer_time,1779123826.3219602,0.000123777
experiment_name,81daf96a-3b50-47a1-abc9-d25bdbca5c32,function_transfer_time,1779123826.4232857,0.000132798
experiment_name,81daf96a-3b50-47a1-abc9-d25bdbca5c32,function_transfer_time,1779123826.524625,0.000122768
experiment_name,81daf96a-3b50-47a1-abc9-d25bdbca5c32,function_transfer_time,1779123826.6259415,0.00013295
experiment_name,81daf96a-3b50-47a1-abc9-d25bdbca5c32,function_transfer_time,1779123826.7272532,0.000124052
experiment_name,81daf96a-3b50-47a1-abc9-d25bdbca5c32,function_transfer_time,1779123826.828559,0.000127155
experiment_name,81daf96a-3b50-47a1-abc9-d25bdbca5c32,function_transfer_time,1779123826.9298575,0.000034385
experiment_name,81daf96a-3b50-47a1-abc9-d25bdbca5c32,function_transfer_time,1779123827.0312235,0.00011205
experiment_name,81daf96a-3b50-47a1-abc9-d25bdbca5c32,function_transfer_time,1779123827.132545,0.000127982
experiment_name,81daf96a-3b50-47a1-abc9-d25bdbca5c32,function_transfer_time,1779123827.2338648,0.000115263
experiment_name,81daf96a-3b50-47a1-abc9-d25bdbca5c32,function_transfer_time,1779123827.3351707,0.00011375
experiment_name,81daf96a-3b50-47a1-abc9-d25bdbca5c32,function_transfer_time,1779123827.4355242,0.000134577
experiment_name,81daf96a-3b50-47a1-abc9-d25bdbca5c32,function_transfer_time,1779123827.536818,0.000122966
experiment_name,81daf96a-3b50-47a1-abc9-d25bdbca5c32,function_transfer_time,1779123827.6381254,0.00010481
experiment_name,81daf96a-3b50-47a1-abc9-d25bdbca5c32,function_transfer_time,1779123827.7384472,0.000133211
experiment_name,81daf96a-3b50-47a1-abc9-d25bdbca5c32,function_transfer_time,1779123827.839757,0.00012231
experiment_name,81daf96a-3b50-47a1-abc9-d25bdbca5c32,function_transfer_time,1779123827.941064,0.000035507
experiment_name,81daf96a-3b50-47a1-abc9-d25bdbca5c32,function_transfer_time,1779123828.0424604,0.000133381
experiment_name,81daf96a-3b50-47a1-abc9-d25bdbca5c32,function_transfer_time,1779123828.143771,0.000111139
experiment_name,81daf96a-3b50-47a1-abc9-d25bdbca5c32,function_transfer_time,1779123828.2450247,0.00010296
experiment_name,81daf96a-3b50-47a1-abc9-d25bdbca5c32,function_transfer_time,1779123828.3463643,0.000125482
experiment_name,81daf96a-3b50-47a1-abc9-d25bdbca5c32,function_transfer_time,1779123828.4476767,0.000101408
experiment_name,81daf96a-3b50-47a1-abc9-d25bdbca5c32,function_transfer_time,1779123828.549016,0.000126078
experiment_name,81daf96a-3b50-47a1-abc9-d25bdbca5c32,function_transfer_time,1779123828.6503425,0.000121649
experiment_name,81daf96a-3b50-47a1-abc9-d25bdbca5c32,function_transfer_time,1779123828.7516582,0.00013259
experiment_name,81daf96a-3b50-47a1-abc9-d25bdbca5c32,function_transfer_time,1779123828.8529673,0.000121048
experiment_name,81daf96a-3b50-47a1-abc9-d25bdbca5c32,function_transfer_time,1779123828.9541998,0.000036964
experiment_name,81daf96a-3b50-47a1-abc9-d25bdbca5c32,function_transfer_time,1779123829.0555842,0.000107563
experiment_name,81daf96a-3b50-47a1-abc9-d25bdbca5c32,function_transfer_time,1779123829.1569026,0.000123431
experiment_name,81daf96a-3b50-47a1-abc9-d25bdbca5c32,function_transfer_time,1779123829.2582428,0.000101043
experiment_name,81daf96a-3b50-47a1-abc9-d25bdbca5c32,function_transfer_time,1779123829.3595042,0.000109964
experiment_name,81daf96a-3b50-47a1-abc9-d25bdbca5c32,function_transfer_time,1779123829.4607928,0.000112056
experiment_name,81daf96a-3b50-47a1-abc9-d25bdbca5c32,function_transfer_time,1779123829.562061,0.000127145
experiment_name,080b500d-08d0-4066-98c5-07c6de3f5bae,function_transfer_time,1779123824.701151,0.000082073
experiment_name,080b500d-08d0-4066-98c5-07c6de3f5bae,function_transfer_time,1779123824.8024862,0.000079495
experiment_name,080b500d-08d0-4066-98c5-07c6de3f5bae,function_transfer_time,1779123824.9037926,0.000078182
experiment_name,080b500d-08d0-4066-98c5-07c6de3f5bae,function_transfer_time,1779123825.0051913,0.000079822
experiment_name,080b500d-08d0-4066-98c5-07c6de3f5bae,function_transfer_time,1779123825.1065087,0.000085956
experiment_name,080b500d-08d0-4066-98c5-07c6de3f5bae,function_transfer_time,1779123825.208022,0.00008704
experiment_name,080b500d-08d0-4066-98c5-07c6de3f5bae,function_transfer_time,1779123825.3083708,0.000080325
experiment_name,080b500d-08d0-4066-98c5-07c6de3f5bae,function_transfer_time,1779123825.4097464,0.000102988
experiment_name,080b500d-08d0-4066-98c5-07c6de3f5bae,function_transfer_time,1779123825.5111158,0.000089826
experiment_name,080b500d-08d0-4066-98c5-07c6de3f5bae,function_transfer_time,1779123825.6123536,0.000019848
experiment_name,080b500d-08d0-4066-98c5-07c6de3f5bae,function_transfer_time,1779123825.7136927,0.000077914
experiment_name,080b500d-08d0-4066-98c5-07c6de3f5bae,function_transfer_time,1779123825.8151722,0.000080261
experiment_name,080b500d-08d0-4066-98c5-07c6de3f5bae,function_transfer_time,1779123825.9164948,0.000083185
experiment_name,080b500d-08d0-4066-98c5-07c6de3f5bae,function_transfer_time,1779123826.0178869,0.000085381
experiment_name,080b500d-08d0-4066-98c5-07c6de3f5bae,function_transfer_time,1779123826.1192071,0.000081579
experiment_name,080b500d-08d0-4066-98c5-07c6de3f5bae,function_transfer_time,1779123826.220479,0.000021634
experiment_name,080b500d-08d0-4066-98c5-07c6de3f5bae,function_transfer_time,1779123826.3217828,0.00007571
experiment_name,080b500d-08d0-4066-98c5-07c6de3f5bae,function_transfer_time,1779123826.4231012,0.00007881
experiment_name,080b500d-08d0-4066-98c5-07c6de3f5bae,function_transfer_time,1779123826.524445,0.000076048
experiment_name,080b500d-08d0-4066-98c5-07c6de3f5bae,function_transfer_time,1779123826.6257539,0.000079045
experiment_name,080b500d-08d0-4066-98c5-07c6de3f5bae,function_transfer_time,1779123826.727076,0.000079171
experiment_name,080b500d-08d0-4066-98c5-07c6de3f5bae,function_transfer_time,1779123826.8283734,0.00008104
experiment_name,080b500d-08d0-4066-98c5-07c6de3f5bae,function_transfer_time,1779123826.9297097,0.000082198
experiment_name,080b500d-08d0-4066-98c5-07c6de3f5bae,function_transfer_time,1779123827.0310593,0.000081639
experiment_name,080b500d-08d0-4066-98c5-07c6de3f5bae,function_transfer_time,1779123827.1323607,0.000073887
experiment_name,080b500d-08d0-4066-98c5-07c6de3f5bae,function_transfer_time,1779123827.2336972,0.000075748
experiment_name,080b500d-08d0-4066-98c5-07c6de3f5bae,function_transfer_time,1779123827.3350039,0.000079008
experiment_name,080b500d-08d0-4066-98c5-07c6de3f5bae,function_transfer_time,1779123827.435336,0.000080057
experiment_name,080b500d-08d0-4066-98c5-07c6de3f5bae,function_transfer_time,1779123827.5366426,0.000077982
experiment_name,080b500d-08d0-4066-98c5-07c6de3f5bae,function_transfer_time,1779123827.6379676,0.000083551
experiment_name,080b500d-08d0-4066-98c5-07c6de3f5bae,function_transfer_time,1779123827.7382507,0.000079804
experiment_name,080b500d-08d0-4066-98c5-07c6de3f5bae,function_transfer_time,1779123827.8395698,0.000084624
experiment_name,080b500d-08d0-4066-98c5-07c6de3f5bae,function_transfer_time,1779123827.9409146,0.000078629
experiment_name,080b500d-08d0-4066-98c5-07c6de3f5bae,function_transfer_time,1779123828.0422716,0.000082996
experiment_name,080b500d-08d0-4066-98c5-07c6de3f5bae,function_transfer_time,1779123828.1436079,0.000085185
experiment_name,080b500d-08d0-4066-98c5-07c6de3f5bae,function_transfer_time,1779123828.244872,0.000023744
experiment_name,080b500d-08d0-4066-98c5-07c6de3f5bae,function_transfer_time,1779123828.346186,0.00007616
experiment_name,080b500d-08d0-4066-98c5-07c6de3f5bae,function_transfer_time,1779123828.4475238,0.000076593
experiment_name,080b500d-08d0-4066-98c5-07c6de3f5bae,function_transfer_time,1779123828.548828,0.000080513
experiment_name,080b500d-08d0-4066-98c5-07c6de3f5bae,function_transfer_time,1779123828.6501658,0.000084288
experiment_name,080b500d-08d0-4066-98c5-07c6de3f5bae,function_transfer_time,1779123828.7514715,0.000082946
experiment_name,080b500d-08d0-4066-98c5-07c6de3f5bae,function_transfer_time,1779123828.8527994,0.000081855
experiment_name,080b500d-08d0-4066-98c5-07c6de3f5bae,function_transfer_time,1779123828.954033,0.000025099
experiment_name,080b500d-08d0-4066-98c5-07c6de3f5bae,function_transfer_time,1779123829.0554085,0.000082275
experiment_name,080b500d-08d0-4066-98c5-07c6de3f5bae,function_transfer_time,1779123829.1567187,0.00003459
experiment_name,080b500d-08d0-4066-98c5-07c6de3f5bae,function_transfer_time,1779123829.2580612,0.000094259
experiment_name,080b500d-08d0-4066-98c5-07c6de3f5bae,function_transfer_time,1779123829.3593388,0.000024036
experiment_name,080b500d-08d0-4066-98c5-07c6de3f5bae,function_transfer_time,1779123829.4606192,0.000073619
experiment_name,080b500d-08d0-4066-98c5-07c6de3f5bae,function_transfer_time,1779123829.5618782,0.000022244
experiment_name,080b500d-08d0-4066-98c5-07c6de3f5bae,function_execution_time,1779123829.6630983,0.000055035
experiment_name,080b500d-08d0-4066-98c5-07c6de3f5bae,function_execution_time,1779123829.7634146,0.000070062
experiment_name,080b500d-08d0-4066-98c5-07c6de3f5bae,function_execution_time,1779123829.8648474,0.000086341
experiment_name,080b500d-08d0-4066-98c5-07c6de3f5bae,function_execution_time,1779123829.9661553,0.000159372
experiment_name,080b500d-08d0-4066-98c5-07c6de3f5bae,function_execution_time,1779123830.0665374,0.000104162
experiment_name,080b500d-08d0-4066-98c5-07c6de3f5bae,function_execution_time,1779123830.1678455,0.000083248
experiment_name,080b500d-08d0-4066-98c5-07c6de3f5bae,function_execution_time,1779123830.2690966,0.000071838
experiment_name,080b500d-08d0-4066-98c5-07c6de3f5bae,function_execution_time,1779123830.3694365,0.000071928
experiment_name,080b500d-08d0-4066-98c5-07c6de3f5bae,function_execution_time,1779123830.4707475,0.000082111
experiment_name,080b500d-08d0-4066-98c5-07c6de3f5bae,function_execution_time,1779123830.5720923,0.000074491
experiment_name,080b500d-08d0-4066-98c5-07c6de3f5bae,function_execution_time,1779123830.6723416,0.000069574
experiment_name,080b500d-08d0-4066-98c5-07c6de3f5bae,function_execution_time,1779123830.7736804,0.000073582
experiment_name,080b500d-08d0-4066-98c5-07c6de3f5bae,function_execution_time,1779123830.8750896,0.000082693
experiment_name,080b500d-08d0-4066-98c5-07c6de3f5bae,function_execution_time,1779123830.9764206,0.000162859
experiment_name,080b500d-08d0-4066-98c5-07c6de3f5bae,function_execution_time,1779123831.0777392,0.000075227
experiment_name,080b500d-08d0-4066-98c5-07c6de3f5bae,function_execution_time,1779123831.1791103,0.000091028
experiment_name,080b500d-08d0-4066-98c5-07c6de3f5bae,function_execution_time,1779123831.2793846,0.000074166
experiment_name,080b500d-08d0-4066-98c5-07c6de3f5bae,function_execution_time,1779123831.3806996,0.000070778
experiment_name,080b500d-08d0-4066-98c5-07c6de3f5bae,function_execution_time,1779123831.4820292,0.000073598
experiment_name,080b500d-08d0-4066-98c5-07c6de3f5bae,function_execution_time,1779123831.5823712,0.000083257
experiment_name,080b500d-08d0-4066-98c5-07c6de3f5bae,function_execution_time,1779123831.683677,0.000072739
experiment_name,080b500d-08d0-4066-98c5-07c6de3f5bae,function_execution_time,1779123831.7850218,0.000080167
experiment_name,080b500d-08d0-4066-98c5-07c6de3f5bae,function_execution_time,1779123831.8862977,0.000082583
experiment_name,080b500d-08d0-4066-98c5-07c6de3f5bae,function_execution_time,1779123831.987693,0.000145484
experiment_name,080b500d-08d0-4066-98c5-07c6de3f5bae,function_execution_time,1779123832.0889893,0.000071903
experiment_name,080b500d-08d0-4066-98c5-07c6de3f5bae,function_execution_time,1779123832.1902997,0.000073383
experiment_name,080b500d-08d0-4066-98c5-07c6de3f5bae,function_execution_time,1779123832.291627,0.000080233
experiment_name,080b500d-08d0-4066-98c5-07c6de3f5bae,function_execution_time,1779123832.3930786,0.000075765
experiment_name,080b500d-08d0-4066-98c5-07c6de3f5bae,function_execution_time,1779123832.4934182,0.000071663
experiment_name,080b500d-08d0-4066-98c5-07c6de3f5bae,function_execution_time,1779123832.5947897,0.000084284
experiment_name,080b500d-08d0-4066-98c5-07c6de3f5bae,function_execution_time,1779123832.6960506,0.000073523
experiment_name,080b500d-08d0-4066-98c5-07c6de3f5bae,function_execution_time,1779123832.7963982,0.000070802
experiment_name,080b500d-08d0-4066-98c5-07c6de3f5bae,function_execution_time,1779123832.8977072,0.000078629
experiment_name,080b500d-08d0-4066-98c5-07c6de3f5bae,function_execution_time,1779123832.9991193,0.000146946
experiment_name,080b500d-08d0-4066-98c5-07c6de3f5bae,function_execution_time,1779123833.0994034,0.000071193
experiment_name,080b500d-08d0-4066-98c5-07c6de3f5bae,function_execution_time,1779123833.200776,0.000079015
experiment_name,080b500d-08d0-4066-98c5-07c6de3f5bae,function_execution_time,1779123833.3020265,0.000081039
experiment_name,080b500d-08d0-4066-98c5-07c6de3f5bae,function_execution_time,1779123833.4033513,0.00007304
experiment_name,080b500d-08d0-4066-98c5-07c6de3f5bae,function_execution_time,1779123833.504733,0.000078446
experiment_name,080b500d-08d0-4066-98c5-07c6de3f5bae,function_execution_time,1779123833.60602,0.000088364
experiment_name,080b500d-08d0-4066-98c5-07c6de3f5bae,function_execution_time,1779123833.707286,0.000070275
experiment_name,080b500d-08d0-4066-98c5-07c6de3f5bae,function_execution_time,1779123833.80861,0.000071531
experiment_name,080b500d-08d0-4066-98c5-07c6de3f5bae,function_execution_time,1779123833.909934,0.000073061
experiment_name,080b500d-08d0-4066-98c5-07c6de3f5bae,function_execution_time,1779123834.0113628,0.000150418
experiment_name,080b500d-08d0-4066-98c5-07c6de3f5bae,function_execution_time,1779123834.1126475,0.000072953
experiment_name,080b500d-08d0-4066-98c5-07c6de3f5bae,function_execution_time,1779123834.213933,0.000069765
experiment_name,080b500d-08d0-4066-98c5-07c6de3f5bae,function_execution_time,1779123834.3153152,0.000082973
experiment_name,080b500d-08d0-4066-98c5-07c6de3f5bae,function_execution_time,1779123834.416571,0.00006894
experiment_name,080b500d-08d0-4066-98c5-07c6de3f5bae,function_execution_time,1779123834.5179482,0.000080068
experiment_name,080b500d-08d0-4066-98c5-07c6de3f5bae,function_execution_time,1779123834.6191752,0.000073258
experiment_name,81daf96a-3b50-47a1-abc9-d25bdbca5c32,function_execution_time,1779123829.663261,0.000055332
experiment_name,81daf96a-3b50-47a1-abc9-d25bdbca5c32,function_execution_time,1779123829.7635763,0.000055055
experiment_name,81daf96a-3b50-47a1-abc9-d25bdbca5c32,function_execution_time,1779123829.8649156,0.000061214
experiment_name,81daf96a-3b50-47a1-abc9-d25bdbca5c32,function_execution_time,1779123829.966233,0.00005854
experiment_name,81daf96a-3b50-47a1-abc9-d25bdbca5c32,function_execution_time,1779123830.0666296,0.000054967
experiment_name,81daf96a-3b50-47a1-abc9-d25bdbca5c32,function_execution_time,1779123830.167935,0.000056296
experiment_name,81daf96a-3b50-47a1-abc9-d25bdbca5c32,function_execution_time,1779123830.2692754,0.000066913
experiment_name,81daf96a-3b50-47a1-abc9-d25bdbca5c32,function_execution_time,1779123830.369581,0.000053401
experiment_name,81daf96a-3b50-47a1-abc9-d25bdbca5c32,function_execution_time,1779123830.4708893,0.000054302
experiment_name,81daf96a-3b50-47a1-abc9-d25bdbca5c32,function_execution_time,1779123830.5721707,0.000058894
experiment_name,81daf96a-3b50-47a1-abc9-d25bdbca5c32,function_execution_time,1779123830.67242,0.000064824
experiment_name,81daf96a-3b50-47a1-abc9-d25bdbca5c32,function_execution_time,1779123830.773846,0.0000552
experiment_name,81daf96a-3b50-47a1-abc9-d25bdbca5c32,function_execution_time,1779123830.8751812,0.000054232
experiment_name,81daf96a-3b50-47a1-abc9-d25bdbca5c32,function_execution_time,1779123830.976496,0.000068376
experiment_name,81daf96a-3b50-47a1-abc9-d25bdbca5c32,function_execution_time,1779123831.0778956,0.000055895
experiment_name,81daf96a-3b50-47a1-abc9-d25bdbca5c32,function_execution_time,1779123831.1792123,0.000065634
experiment_name,81daf96a-3b50-47a1-abc9-d25bdbca5c32,function_execution_time,1779123831.2794755,0.000070604
experiment_name,81daf96a-3b50-47a1-abc9-d25bdbca5c32,function_execution_time,1779123831.3808699,0.000054618
experiment_name,81daf96a-3b50-47a1-abc9-d25bdbca5c32,function_execution_time,1779123831.4821177,0.000062236
experiment_name,81daf96a-3b50-47a1-abc9-d25bdbca5c32,function_execution_time,1779123831.5825365,0.00006308
experiment_name,81daf96a-3b50-47a1-abc9-d25bdbca5c32,function_execution_time,1779123831.6837533,0.000056756
experiment_name,81daf96a-3b50-47a1-abc9-d25bdbca5c32,function_execution_time,1779123831.785074,0.000053299
experiment_name,81daf96a-3b50-47a1-abc9-d25bdbca5c32,function_execution_time,1779123831.8863816,0.000059914
experiment_name,81daf96a-3b50-47a1-abc9-d25bdbca5c32,function_execution_time,1779123831.9877465,0.000054765
experiment_name,81daf96a-3b50-47a1-abc9-d25bdbca5c32,function_execution_time,1779123832.0891373,0.000063933
experiment_name,81daf96a-3b50-47a1-abc9-d25bdbca5c32,function_execution_time,1779123832.1904485,0.000055355
experiment_name,81daf96a-3b50-47a1-abc9-d25bdbca5c32,function_execution_time,1779123832.2917666,0.000053126
experiment_name,81daf96a-3b50-47a1-abc9-d25bdbca5c32,function_execution_time,1779123832.3932538,0.000057043
experiment_name,81daf96a-3b50-47a1-abc9-d25bdbca5c32,function_execution_time,1779123832.4935129,0.000058555
experiment_name,81daf96a-3b50-47a1-abc9-d25bdbca5c32,function_execution_time,1779123832.5948586,0.000056098
experiment_name,81daf96a-3b50-47a1-abc9-d25bdbca5c32,function_execution_time,1779123832.6961365,0.000061019
experiment_name,81daf96a-3b50-47a1-abc9-d25bdbca5c32,function_execution_time,1779123832.7965422,0.000061554
experiment_name,81daf96a-3b50-47a1-abc9-d25bdbca5c32,function_execution_time,1779123832.8978033,0.000067666
experiment_name,81daf96a-3b50-47a1-abc9-d25bdbca5c32,function_execution_time,1779123832.9991777,0.000054589
experiment_name,81daf96a-3b50-47a1-abc9-d25bdbca5c32,function_execution_time,1779123833.0995648,0.000054901
experiment_name,81daf96a-3b50-47a1-abc9-d25bdbca5c32,function_execution_time,1779123833.200861,0.000054356
experiment_name,81daf96a-3b50-47a1-abc9-d25bdbca5c32,function_execution_time,1779123833.3021035,0.000053516
experiment_name,81daf96a-3b50-47a1-abc9-d25bdbca5c32,function_execution_time,1779123833.4035275,0.000069415
experiment_name,81daf96a-3b50-47a1-abc9-d25bdbca5c32,function_execution_time,1779123833.5048187,0.000054157
experiment_name,81daf96a-3b50-47a1-abc9-d25bdbca5c32,function_execution_time,1779123833.6061206,0.000058217
experiment_name,81daf96a-3b50-47a1-abc9-d25bdbca5c32,function_execution_time,1779123833.7074347,0.000054444
experiment_name,81daf96a-3b50-47a1-abc9-d25bdbca5c32,function_execution_time,1779123833.8087819,0.000061351
experiment_name,81daf96a-3b50-47a1-abc9-d25bdbca5c32,function_execution_time,1779123833.9101067,0.000058948
experiment_name,81daf96a-3b50-47a1-abc9-d25bdbca5c32,function_execution_time,1779123834.011415,0.000053738
experiment_name,81daf96a-3b50-47a1-abc9-d25bdbca5c32,function_execution_time,1779123834.1127317,0.000059593
experiment_name,81daf96a-3b50-47a1-abc9-d25bdbca5c32,function_execution_time,1779123834.2140095,0.000034345
experiment_name,81daf96a-3b50-47a1-abc9-d25bdbca5c32,function_execution_time,1779123834.3153207,0.000068833
experiment_name,81daf96a-3b50-47a1-abc9-d25bdbca5c32,function_execution_time,1779123834.4167092,0.000053482
experiment_name,81daf96a-3b50-47a1-abc9-d25bdbca5c32,function_execution_time,1779123834.5179496,0.00005904
experiment_name,81daf96a-3b50-47a1-abc9-d25bdbca5c32,function_execution_time,1779123834.6193118,0.000054698
experiment_name,81daf96a-3b50-47a1-abc9-d25bdbca5c32,function_transfer_time,1779123829.6632056,0.000158875
experiment_name,81daf96a-3b50-47a1-abc9-d25bdbca5c32,function_transfer_time,1779123829.7635202,0.000137276
experiment_name,81daf96a-3b50-47a1-abc9-d25bdbca5c32,function_transfer_time,1779123829.8648505,0.000104859
experiment_name,81daf96a-3b50-47a1-abc9-d25bdbca5c32,function_transfer_time,1779123829.9661665,0.00004484
experiment_name,81daf96a-3b50-47a1-abc9-d25bdbca5c32,function_transfer_time,1779123830.066571,0.000140441
experiment_name,81daf96a-3b50-47a1-abc9-d25bdbca5c32,function_transfer_time,1779123830.1678715,0.000111626
experiment_name,81daf96a-3b50-47a1-abc9-d25bdbca5c32,function_transfer_time,1779123830.2692091,0.000136196
experiment_name,81daf96a-3b50-47a1-abc9-d25bdbca5c32,function_transfer_time,1779123830.3695266,0.00012286
experiment_name,81daf96a-3b50-47a1-abc9-d25bdbca5c32,function_transfer_time,1779123830.4708343,0.000112614
experiment_name,81daf96a-3b50-47a1-abc9-d25bdbca5c32,function_transfer_time,1779123830.5721676,0.000046466
experiment_name,81daf96a-3b50-47a1-abc9-d25bdbca5c32,function_transfer_time,1779123830.6724174,0.00004547
experiment_name,81daf96a-3b50-47a1-abc9-d25bdbca5c32,function_transfer_time,1779123830.7737894,0.000132132
experiment_name,81daf96a-3b50-47a1-abc9-d25bdbca5c32,function_transfer_time,1779123830.8751202,0.000115122
experiment_name,81daf96a-3b50-47a1-abc9-d25bdbca5c32,function_transfer_time,1779123830.9764175,0.000035346
experiment_name,81daf96a-3b50-47a1-abc9-d25bdbca5c32,function_transfer_time,1779123831.0778391,0.000120877
experiment_name,81daf96a-3b50-47a1-abc9-d25bdbca5c32,function_transfer_time,1779123831.179142,0.00011429
experiment_name,81daf96a-3b50-47a1-abc9-d25bdbca5c32,function_transfer_time,1779123831.2794533,0.000047587
experiment_name,81daf96a-3b50-47a1-abc9-d25bdbca5c32,function_transfer_time,1779123831.380814,0.00014493
experiment_name,81daf96a-3b50-47a1-abc9-d25bdbca5c32,function_transfer_time,1779123831.4821038,0.000054707
experiment_name,81daf96a-3b50-47a1-abc9-d25bdbca5c32,function_transfer_time,1779123831.582472,0.000122626
experiment_name,81daf96a-3b50-47a1-abc9-d25bdbca5c32,function_transfer_time,1779123831.6837504,0.00004326
experiment_name,81daf96a-3b50-47a1-abc9-d25bdbca5c32,function_transfer_time,1779123831.7850192,0.000028308
experiment_name,81daf96a-3b50-47a1-abc9-d25bdbca5c32,function_transfer_time,1779123831.8863661,0.000051401
experiment_name,81daf96a-3b50-47a1-abc9-d25bdbca5c32,function_transfer_time,1779123831.9876902,0.00003534
experiment_name,81daf96a-3b50-47a1-abc9-d25bdbca5c32,function_transfer_time,1779123832.089072,0.000111328
experiment_name,81daf96a-3b50-47a1-abc9-d25bdbca5c32,function_transfer_time,1779123832.1903775,0.000100474
experiment_name,81daf96a-3b50-47a1-abc9-d25bdbca5c32,function_transfer_time,1779123832.2917135,0.000105339
experiment_name,81daf96a-3b50-47a1-abc9-d25bdbca5c32,function_transfer_time,1779123832.393195,0.000142953
experiment_name,81daf96a-3b50-47a1-abc9-d25bdbca5c32,function_transfer_time,1779123832.4934533,0.000059301
experiment_name,81daf96a-3b50-47a1-abc9-d25bdbca5c32,function_transfer_time,1779123832.5947926,0.000095365
experiment_name,81daf96a-3b50-47a1-abc9-d25bdbca5c32,function_transfer_time,1779123832.6961217,0.000047747
experiment_name,81daf96a-3b50-47a1-abc9-d25bdbca5c32,function_transfer_time,1779123832.7964883,0.000112098
experiment_name,81daf96a-3b50-47a1-abc9-d25bdbca5c32,function_transfer_time,1779123832.8977804,0.000051862
experiment_name,81daf96a-3b50-47a1-abc9-d25bdbca5c32,function_transfer_time,1779123832.999122,0.000033836
experiment_name,81daf96a-3b50-47a1-abc9-d25bdbca5c32,function_transfer_time,1779123833.099509,0.000133305
experiment_name,81daf96a-3b50-47a1-abc9-d25bdbca5c32,function_transfer_time,1779123833.2007992,0.000103304
experiment_name,81daf96a-3b50-47a1-abc9-d25bdbca5c32,function_transfer_time,1779123833.302045,0.000044314
experiment_name,81daf96a-3b50-47a1-abc9-d25bdbca5c32,function_transfer_time,1779123833.4034567,0.000134267
experiment_name,81daf96a-3b50-47a1-abc9-d25bdbca5c32,function_transfer_time,1779123833.5047584,0.00010036
experiment_name,81daf96a-3b50-47a1-abc9-d25bdbca5c32,function_transfer_time,1779123833.6060526,0.00011169
experiment_name,81daf96a-3b50-47a1-abc9-d25bdbca5c32,function_transfer_time,1779123833.7073717,0.000111503
experiment_name,81daf96a-3b50-47a1-abc9-d25bdbca5c32,function_transfer_time,1779123833.8087194,0.000134397
experiment_name,81daf96a-3b50-47a1-abc9-d25bdbca5c32,function_transfer_time,1779123833.9100463,0.000134109
experiment_name,81daf96a-3b50-47a1-abc9-d25bdbca5c32,function_transfer_time,1779123834.0113602,0.000034517
experiment_name,81daf96a-3b50-47a1-abc9-d25bdbca5c32,function_transfer_time,1779123834.1127162,0.000046306
experiment_name,81daf96a-3b50-47a1-abc9-d25bdbca5c32,function_transfer_time,1779123834.2140055,0.00004564
experiment_name,81daf96a-3b50-47a1-abc9-d25bdbca5c32,function_transfer_time,1779123834.3153193,0.000045822
experiment_name,81daf96a-3b50-47a1-abc9-d25bdbca5c32,function_transfer_time,1779123834.4166543,0.000114263
experiment_name,81daf96a-3b50-47a1-abc9-d25bdbca5c32,function_transfer_time,1779123834.5179443,0.00002901
experiment_name,81daf96a-3b50-47a1-abc9-d25bdbca5c32,function_transfer_time,1779123834.6192563,0.000102603
experiment_name,080b500d-08d0-4066-98c5-07c6de3f5bae,function_transfer_time,1779123829.663005,0.000016551
experiment_name,080b500d-08d0-4066-98c5-07c6de3f5bae,function_transfer_time,1779123829.763329,0.000083449
experiment_name,080b500d-08d0-4066-98c5-07c6de3f5bae,function_transfer_time,1779123829.864688,0.000085662
experiment_name,080b500d-08d0-4066-98c5-07c6de3f5bae,function_transfer_time,1779123829.9659905,0.000083652
experiment_name,080b500d-08d0-4066-98c5-07c6de3f5bae,function_transfer_time,1779123830.0663764,0.000078531
experiment_name,080b500d-08d0-4066-98c5-07c6de3f5bae,function_transfer_time,1779123830.1677008,0.000079341
experiment_name,080b500d-08d0-4066-98c5-07c6de3f5bae,function_transfer_time,1779123830.2690182,0.000083976
experiment_name,080b500d-08d0-4066-98c5-07c6de3f5bae,function_transfer_time,1779123830.3693495,0.00007512
experiment_name,080b500d-08d0-4066-98c5-07c6de3f5bae,function_transfer_time,1779123830.4706666,0.000085026
experiment_name,080b500d-08d0-4066-98c5-07c6de3f5bae,function_transfer_time,1779123830.572015,0.000083581
experiment_name,080b500d-08d0-4066-98c5-07c6de3f5bae,function_transfer_time,1779123830.6722617,0.00001978
experiment_name,080b500d-08d0-4066-98c5-07c6de3f5bae,function_transfer_time,1779123830.7736015,0.00007956
experiment_name,080b500d-08d0-4066-98c5-07c6de3f5bae,function_transfer_time,1779123830.8749466,0.000078938
experiment_name,080b500d-08d0-4066-98c5-07c6de3f5bae,function_transfer_time,1779123830.9762537,0.000079326
experiment_name,080b500d-08d0-4066-98c5-07c6de3f5bae,function_transfer_time,1779123831.0776632,0.000081455
experiment_name,080b500d-08d0-4066-98c5-07c6de3f5bae,function_transfer_time,1779123831.1789708,0.000089685
experiment_name,080b500d-08d0-4066-98c5-07c6de3f5bae,function_transfer_time,1779123831.2793014,0.000083433
experiment_name,080b500d-08d0-4066-98c5-07c6de3f5bae,function_transfer_time,1779123831.3806143,0.000082153
experiment_name,080b500d-08d0-4066-98c5-07c6de3f5bae,function_transfer_time,1779123831.4819446,0.000080885
experiment_name,080b500d-08d0-4066-98c5-07c6de3f5bae,function_transfer_time,1779123831.5822861,0.000079339
experiment_name,080b500d-08d0-4066-98c5-07c6de3f5bae,function_transfer_time,1779123831.6835985,0.000077065
experiment_name,080b500d-08d0-4066-98c5-07c6de3f5bae,function_transfer_time,1779123831.784937,0.000085185
experiment_name,080b500d-08d0-4066-98c5-07c6de3f5bae,function_transfer_time,1779123831.8862145,0.000077554
experiment_name,080b500d-08d0-4066-98c5-07c6de3f5bae,function_transfer_time,1779123831.9875388,0.000076651
experiment_name,080b500d-08d0-4066-98c5-07c6de3f5bae,function_transfer_time,1779123832.088906,0.000080993
experiment_name,080b500d-08d0-4066-98c5-07c6de3f5bae,function_transfer_time,1779123832.190221,0.000075546
experiment_name,080b500d-08d0-4066-98c5-07c6de3f5bae,function_transfer_time,1779123832.2916164,0.000077731
experiment_name,080b500d-08d0-4066-98c5-07c6de3f5bae,function_transfer_time,1779123832.3929954,0.000078925
experiment_name,080b500d-08d0-4066-98c5-07c6de3f5bae,function_transfer_time,1779123832.49334,0.000081807
experiment_name,080b500d-08d0-4066-98c5-07c6de3f5bae,function_transfer_time,1779123832.5946445,0.000079929
experiment_name,080b500d-08d0-4066-98c5-07c6de3f5bae,function_transfer_time,1779123832.6959732,0.000079125
experiment_name,080b500d-08d0-4066-98c5-07c6de3f5bae,function_transfer_time,1779123832.7963145,0.000083992
experiment_name,080b500d-08d0-4066-98c5-07c6de3f5bae,function_transfer_time,1779123832.8976302,0.000078759
experiment_name,080b500d-08d0-4066-98c5-07c6de3f5bae,function_transfer_time,1779123832.9989662,0.000079474
experiment_name,080b500d-08d0-4066-98c5-07c6de3f5bae,function_transfer_time,1779123833.0993211,0.000083923
experiment_name,080b500d-08d0-4066-98c5-07c6de3f5bae,function_transfer_time,1779123833.200645,0.0000751
experiment_name,080b500d-08d0-4066-98c5-07c6de3f5bae,function_transfer_time,1779123833.3019416,0.000085537
experiment_name,080b500d-08d0-4066-98c5-07c6de3f5bae,function_transfer_time,1779123833.4032662,0.000081089
experiment_name,080b500d-08d0-4066-98c5-07c6de3f5bae,function_transfer_time,1779123833.5046058,0.000082089
experiment_name,080b500d-08d0-4066-98c5-07c6de3f5bae,function_transfer_time,1779123833.6058884,0.000074963
experiment_name,080b500d-08d0-4066-98c5-07c6de3f5bae,function_transfer_time,1779123833.7072058,0.00008082
experiment_name,080b500d-08d0-4066-98c5-07c6de3f5bae,function_transfer_time,1779123833.808532,0.000080925
experiment_name,080b500d-08d0-4066-98c5-07c6de3f5bae,function_transfer_time,1779123833.9098568,0.000080537
experiment_name,080b500d-08d0-4066-98c5-07c6de3f5bae,function_transfer_time,1779123834.0112028,0.000085483
experiment_name,080b500d-08d0-4066-98c5-07c6de3f5bae,function_transfer_time,1779123834.112571,0.000080655
experiment_name,080b500d-08d0-4066-98c5-07c6de3f5bae,function_transfer_time,1779123834.213853,0.000025427
experiment_name,080b500d-08d0-4066-98c5-07c6de3f5bae,function_transfer_time,1779123834.3151612,0.000079291
experiment_name,080b500d-08d0-4066-98c5-07c6de3f5bae,function_transfer_time,1779123834.4164882,0.000079137
experiment_name,080b500d-08d0-4066-98c5-07c6de3f5bae,function_transfer_time,1779123834.5178041,0.000083474
experiment_name,080b500d-08d0-4066-98c5-07c6de3f5bae,function_transfer_time,1779123834.6190984,0.000076124
experiment_name,81daf96a-3b50-47a1-abc9-d25bdbca5c32,function_execution_time,1779123834.7211287,0.000067672
experiment_name,81daf96a-3b50-47a1-abc9-d25bdbca5c32,function_execution_time,1779123834.822517,0.000057989
experiment_name,81daf96a-3b50-47a1-abc9-d25bdbca5c32,function_execution_time,1779123834.9237823,0.000061035
experiment_name,81daf96a-3b50-47a1-abc9-d25bdbca5c32,function_execution_time,1779123835.0251558,0.000059154
experiment_name,81daf96a-3b50-47a1-abc9-d25bdbca5c32,function_execution_time,1779123835.125571,0.000062224
experiment_name,81daf96a-3b50-47a1-abc9-d25bdbca5c32,function_execution_time,1779123835.226945,0.000069417
experiment_name,81daf96a-3b50-47a1-abc9-d25bdbca5c32,function_execution_time,1779123835.3282259,0.000057664
experiment_name,81daf96a-3b50-47a1-abc9-d25bdbca5c32,function_execution_time,1779123835.4296691,0.000060629
experiment_name,81daf96a-3b50-47a1-abc9-d25bdbca5c32,function_execution_time,1779123835.531103,0.000078023
experiment_name,81daf96a-3b50-47a1-abc9-d25bdbca5c32,function_execution_time,1779123835.632464,0.000078128
experiment_name,81daf96a-3b50-47a1-abc9-d25bdbca5c32,function_execution_time,1779123835.733737,0.000058297
experiment_name,81daf96a-3b50-47a1-abc9-d25bdbca5c32,function_execution_time,1779123835.8350992,0.000071116
experiment_name,81daf96a-3b50-47a1-abc9-d25bdbca5c32,function_execution_time,1779123835.936319,0.000058981
experiment_name,81daf96a-3b50-47a1-abc9-d25bdbca5c32,function_execution_time,1779123836.037754,0.000055385
experiment_name,81daf96a-3b50-47a1-abc9-d25bdbca5c32,function_execution_time,1779123836.1391752,0.000057406
experiment_name,81daf96a-3b50-47a1-abc9-d25bdbca5c32,function_execution_time,1779123836.2405016,0.00007708
experiment_name,81daf96a-3b50-47a1-abc9-d25bdbca5c32,function_execution_time,1779123836.341808,0.000058238
experiment_name,81daf96a-3b50-47a1-abc9-d25bdbca5c32,function_execution_time,1779123836.443088,0.00006467
experiment_name,81daf96a-3b50-47a1-abc9-d25bdbca5c32,function_execution_time,1779123836.5444162,0.000056117
experiment_name,81daf96a-3b50-47a1-abc9-d25bdbca5c32,function_execution_time,1779123836.6457868,0.00005828
experiment_name,81daf96a-3b50-47a1-abc9-d25bdbca5c32,function_execution_time,1779123836.7470438,0.000062512
experiment_name,81daf96a-3b50-47a1-abc9-d25bdbca5c32,function_execution_time,1779123836.8483956,0.000057316
experiment_name,81daf96a-3b50-47a1-abc9-d25bdbca5c32,function_execution_time,1779123836.9498734,0.000055493
experiment_name,81daf96a-3b50-47a1-abc9-d25bdbca5c32,function_execution_time,1779123837.0511968,0.000058898
experiment_name,81daf96a-3b50-47a1-abc9-d25bdbca5c32,function_execution_time,1779123837.1516955,0.000064532
experiment_name,81daf96a-3b50-47a1-abc9-d25bdbca5c32,function_execution_time,1779123837.2530172,0.000058934
experiment_name,81daf96a-3b50-47a1-abc9-d25bdbca5c32,function_execution_time,1779123837.3543115,0.000058469
experiment_name,080b500d-08d0-4066-98c5-07c6de3f5bae,function_execution_time,1779123834.7210345,0.00008611
experiment_name,080b500d-08d0-4066-98c5-07c6de3f5bae,function_execution_time,1779123834.8223548,0.000076111
experiment_name,080b500d-08d0-4066-98c5-07c6de3f5bae,function_execution_time,1779123834.9236968,0.00007686
experiment_name,080b500d-08d0-4066-98c5-07c6de3f5bae,function_execution_time,1779123835.0250905,0.00016588
experiment_name,080b500d-08d0-4066-98c5-07c6de3f5bae,function_execution_time,1779123835.1255639,0.00009386
experiment_name,080b500d-08d0-4066-98c5-07c6de3f5bae,function_execution_time,1779123835.2268498,0.000074655
experiment_name,080b500d-08d0-4066-98c5-07c6de3f5bae,function_execution_time,1779123835.3282244,0.00008113
experiment_name,080b500d-08d0-4066-98c5-07c6de3f5bae,function_execution_time,1779123835.4295065,0.000090539
experiment_name,080b500d-08d0-4066-98c5-07c6de3f5bae,function_execution_time,1779123835.5310335,0.000091064
experiment_name,080b500d-08d0-4066-98c5-07c6de3f5bae,function_execution_time,1779123835.6322744,0.00007896
experiment_name,080b500d-08d0-4066-98c5-07c6de3f5bae,function_execution_time,1779123835.7336078,0.000086577
experiment_name,080b500d-08d0-4066-98c5-07c6de3f5bae,function_execution_time,1779123835.8349178,0.000072517
experiment_name,080b500d-08d0-4066-98c5-07c6de3f5bae,function_execution_time,1779123835.9362695,0.000073441
experiment_name,080b500d-08d0-4066-98c5-07c6de3f5bae,function_execution_time,1779123836.0377004,0.000136797
experiment_name,080b500d-08d0-4066-98c5-07c6de3f5bae,function_execution_time,1779123836.1390107,0.000072653
experiment_name,080b500d-08d0-4066-98c5-07c6de3f5bae,function_execution_time,1779123836.2403243,0.000073936
experiment_name,080b500d-08d0-4066-98c5-07c6de3f5bae,function_execution_time,1779123836.3416529,0.000082361
experiment_name,080b500d-08d0-4066-98c5-07c6de3f5bae,function_execution_time,1779123836.4429445,0.000072717
experiment_name,080b500d-08d0-4066-98c5-07c6de3f5bae,function_execution_time,1779123836.5442615,0.000071704
experiment_name,080b500d-08d0-4066-98c5-07c6de3f5bae,function_execution_time,1779123836.6456103,0.000079375
experiment_name,080b500d-08d0-4066-98c5-07c6de3f5bae,function_execution_time,1779123836.7469015,0.000069063
experiment_name,080b500d-08d0-4066-98c5-07c6de3f5bae,function_execution_time,1779123836.8482294,0.000073341
experiment_name,080b500d-08d0-4066-98c5-07c6de3f5bae,function_execution_time,1779123836.9497302,0.000073579
experiment_name,080b500d-08d0-4066-98c5-07c6de3f5bae,function_execution_time,1779123837.0511348,0.000151391
experiment_name,080b500d-08d0-4066-98c5-07c6de3f5bae,function_execution_time,1779123837.1515324,0.000073514
experiment_name,080b500d-08d0-4066-98c5-07c6de3f5bae,function_execution_time,1779123837.2528398,0.000072684
experiment_name,080b500d-08d0-4066-98c5-07c6de3f5bae,function_execution_time,1779123837.3541627,0.00007998
experiment_name,81daf96a-3b50-47a1-abc9-d25bdbca5c32,function_stop_time,1779123837.3911664,0.000027792
experiment_name,0bd7154f-25d3-4677-9902-1b2f04adc29c,function_stop_time,1779123837.3917918,0.000054883
experiment_name,080b500d-08d0-4066-98c5-07c6de3f5bae,function_stop_time,1779123837.4042017,0.000032504
experiment_name,080b500d-08d0-4066-98c5-07c6de3f5bae,function_transfer_time,1779123834.7209501,0.000078601
experiment_name,080b500d-08d0-4066-98c5-07c6de3f5bae,function_transfer_time,1779123834.8222756,0.000084194
experiment_name,080b500d-08d0-4066-98c5-07c6de3f5bae,function_transfer_time,1779123834.9236124,0.000079557
experiment_name,080b500d-08d0-4066-98c5-07c6de3f5bae,function_transfer_time,1779123835.0249276,0.000079274
experiment_name,080b500d-08d0-4066-98c5-07c6de3f5bae,function_transfer_time,1779123835.1254132,0.000085719
experiment_name,080b500d-08d0-4066-98c5-07c6de3f5bae,function_transfer_time,1779123835.226771,0.000084698
experiment_name,080b500d-08d0-4066-98c5-07c6de3f5bae,function_transfer_time,1779123835.3280866,0.000078688
experiment_name,080b500d-08d0-4066-98c5-07c6de3f5bae,function_transfer_time,1779123835.4294147,0.000028402
experiment_name,080b500d-08d0-4066-98c5-07c6de3f5bae,function_transfer_time,1779123835.53087,0.000034871
experiment_name,080b500d-08d0-4066-98c5-07c6de3f5bae,function_transfer_time,1779123835.6321967,0.000084021
experiment_name,080b500d-08d0-4066-98c5-07c6de3f5bae,function_transfer_time,1779123835.7335136,0.000081678
experiment_name,080b500d-08d0-4066-98c5-07c6de3f5bae,function_transfer_time,1779123835.834838,0.000082531
experiment_name,080b500d-08d0-4066-98c5-07c6de3f5bae,function_transfer_time,1779123835.9361262,0.000026415
experiment_name,080b500d-08d0-4066-98c5-07c6de3f5bae,function_transfer_time,1779123836.037556,0.000081418
experiment_name,080b500d-08d0-4066-98c5-07c6de3f5bae,function_transfer_time,1779123836.1389291,0.000079733
experiment_name,080b500d-08d0-4066-98c5-07c6de3f5bae,function_transfer_time,1779123836.240246,0.000081919
experiment_name,080b500d-08d0-4066-98c5-07c6de3f5bae,function_transfer_time,1779123836.3415704,0.000081609
experiment_name,080b500d-08d0-4066-98c5-07c6de3f5bae,function_transfer_time,1779123836.442869,0.00002559
experiment_name,080b500d-08d0-4066-98c5-07c6de3f5bae,function_transfer_time,1779123836.5441847,0.000081796
experiment_name,080b500d-08d0-4066-98c5-07c6de3f5bae,function_transfer_time,1779123836.6455274,0.000090818
experiment_name,080b500d-08d0-4066-98c5-07c6de3f5bae,function_transfer_time,1779123836.746824,0.000075689
experiment_name,080b500d-08d0-4066-98c5-07c6de3f5bae,function_transfer_time,1779123836.8481507,0.000082602
experiment_name,080b500d-08d0-4066-98c5-07c6de3f5bae,function_transfer_time,1779123836.9496517,0.000098125
experiment_name,080b500d-08d0-4066-98c5-07c6de3f5bae,function_transfer_time,1779123837.0509772,0.000083883
experiment_name,080b500d-08d0-4066-98c5-07c6de3f5bae,function_transfer_time,1779123837.151458,0.000084176
experiment_name,080b500d-08d0-4066-98c5-07c6de3f5bae,function_transfer_time,1779123837.25276,0.000080667
experiment_name,080b500d-08d0-4066-98c5-07c6de3f5bae,function_transfer_time,1779123837.3540833,0.000075063
experiment_name,81daf96a-3b50-47a1-abc9-d25bdbca5c32,function_transfer_time,1779123834.7211022,0.000044824
experiment_name,81daf96a-3b50-47a1-abc9-d25bdbca5c32,function_transfer_time,1779123834.8224583,0.00012646
experiment_name,81daf96a-3b50-47a1-abc9-d25bdbca5c32,function_transfer_time,1779123834.9237666,0.000050914
experiment_name,81daf96a-3b50-47a1-abc9-d25bdbca5c32,function_transfer_time,1779123835.0250885,0.00003332
experiment_name,81daf96a-3b50-47a1-abc9-d25bdbca5c32,function_transfer_time,1779123835.1255686,0.00003337
experiment_name,81daf96a-3b50-47a1-abc9-d25bdbca5c32,function_transfer_time,1779123835.226922,0.000047987
experiment_name,81daf96a-3b50-47a1-abc9-d25bdbca5c32,function_transfer_time,1779123835.328221,0.000031163
experiment_name,81daf96a-3b50-47a1-abc9-d25bdbca5c32,function_transfer_time,1779123835.429598,0.000121622
experiment_name,81daf96a-3b50-47a1-abc9-d25bdbca5c32,function_transfer_time,1779123835.531038,0.000090942
experiment_name,81daf96a-3b50-47a1-abc9-d25bdbca5c32,function_transfer_time,1779123835.6323843,0.000129296
experiment_name,81daf96a-3b50-47a1-abc9-d25bdbca5c32,function_transfer_time,1779123835.733675,0.00010129
experiment_name,81daf96a-3b50-47a1-abc9-d25bdbca5c32,function_transfer_time,1779123835.8350267,0.000134124
experiment_name,81daf96a-3b50-47a1-abc9-d25bdbca5c32,function_transfer_time,1779123835.9362721,0.00008895
experiment_name,81daf96a-3b50-47a1-abc9-d25bdbca5c32,function_transfer_time,1779123836.037698,0.000032519
experiment_name,81daf96a-3b50-47a1-abc9-d25bdbca5c32,function_transfer_time,1779123836.139117,0.000132957
experiment_name,81daf96a-3b50-47a1-abc9-d25bdbca5c32,function_transfer_time,1779123836.240423,0.000121876
experiment_name,81daf96a-3b50-47a1-abc9-d25bdbca5c32,function_transfer_time,1779123836.3417487,0.000115768
experiment_name,81daf96a-3b50-47a1-abc9-d25bdbca5c32,function_transfer_time,1779123836.4430318,0.000102971
experiment_name,81daf96a-3b50-47a1-abc9-d25bdbca5c32,function_transfer_time,1779123836.5443597,0.000122216
experiment_name,81daf96a-3b50-47a1-abc9-d25bdbca5c32,function_transfer_time,1779123836.6457274,0.000145353
experiment_name,81daf96a-3b50-47a1-abc9-d25bdbca5c32,function_transfer_time,1779123836.746981,0.000102968
experiment_name,81daf96a-3b50-47a1-abc9-d25bdbca5c32,function_transfer_time,1779123836.8483384,0.000131506
experiment_name,81daf96a-3b50-47a1-abc9-d25bdbca5c32,function_transfer_time,1779123836.9498172,0.000111045
experiment_name,81daf96a-3b50-47a1-abc9-d25bdbca5c32,function_transfer_time,1779123837.0511372,0.000035774
experiment_name,81daf96a-3b50-47a1-abc9-d25bdbca5c32,function_transfer_time,1779123837.1516304,0.000118408
experiment_name,81daf96a-3b50-47a1-abc9-d25bdbca5c32,function_transfer_time,1779123837.252957,0.000141566
experiment_name,81daf96a-3b50-47a1-abc9-d25bdbca5c32,function_transfer_time,1779123837.3542516,0.000106257
experiment_name,0951e25f-3086-4845-ba39-153fa898ae18,function_stop_time,1779123837.4023316,0.000059927
experiment_name,b8608997-4cf8-40d6-896b-b295830610dc,function_stop_time,1779123837.4037383,0.000026444
experiment_name,669b226f-36d9-4cb1-98bf-fdffae3bfa98,function_stop_time,1779123837.4026535,0.0000385
experiment_name,c6abd14a-ab39-48a8-b476-36b4d4ad6032,function_stop_time,1779123837.405397,0.000029519
experiment_name,909f43de-aaf3-4c01-b8c8-7e1813650819,function_stop_time,1779123837.4029706,0.000027334
experiment_name,96783852-c854-4883-9563-64592fc7ebca,function_stop_time,1779123837.406851,0.000029148
experiment_name,7e54e499-2454-4e7e-9849-0a1ec0081cd2,function_stop_time,1779123837.4083748,0.000068223
experiment_name,47532231-dc36-4588-ba11-6f148b83f532,function_stop_time,1779123837.4050498,0.000049445
experiment_name,f9f9149f-5acb-46f8-b6d5-1488664f9c7c,function_stop_time,1779123837.4003186,0.000065575
experiment_name,79363d04-a8fa-4eb0-ab9f-3128f535d4c6,function_stop_time,1779123837.4015126,0.00004726
experiment_name,bfc4b706-18cb-430e-a1cf-9a490393e4cf,function_stop_time,1779123837.4042096,0.000038871
experiment_name,d6abe427-ec23-4007-954d-114599e80cac,function_stop_time,1779123837.4048104,0.000041148
experiment_name,6cb96598-87a2-477e-97da-c363479a9237,function_stop_time,1779123837.4011183,0.00005287
experiment_name,32797963-d1ce-4073-80d0-9695b651cf50,function_stop_time,1779123837.4029706,0.000047704
experiment_name,f4207591-4727-4bb5-a8a6-08545385b920,function_stop_time,1779123837.4033957,0.000044315
